date,series,signal,actionable_signal,score,n_long,n_short,position_prev,position,action,close,daily_return,benchmark_return,excess_return,equity,benchmark_equity,drawdown,cost_paid
2011-06-27,COMPOSITE,-1,0,-1.0,0.0,5.0,0,0,空仓,105.5945,0.0,0.0,0.0,1.0,0.9998000399920016,0.0,0.0
2011-06-28,COMPOSITE,-1,-1,-1.0,0.0,5.0,0,-1,建空,105.5968,-0.00019996000799837876,2.1781437480328236e-05,-0.000221741445478707,0.9998000399920016,0.9998218170740656,-0.00019996000799837876,0.00019996000799840034
2011-06-29,COMPOSITE,-1,-1,-1.0,0.0,5.0,-1,-1,持空,105.5909,5.587290523956234e-05,-5.587290523978439e-05,0.00011174581047934673,0.9998559017248946,0.9997659541244236,-0.00014409827510541984,0.0
2011-06-30,COMPOSITE,-1,-1,-1.0,0.0,5.0,-1,-1,持空,105.5448,0.00043654186872110756,-0.0004365906531718089,0.0008731325218929165,1.0002923806886854,0.9993294656534935,0.0,0.0
2011-07-01,COMPOSITE,-1,-1,-1.0,0.0,5.0,-1,-1,持空,105.7132,-0.0015939603668000402,0.0015955309972637277,-0.003189491364063768,0.9986979542786556,1.0009239267924226,-0.0015939603668000402,0.0
2011-07-04,COMPOSITE,-1,-1,-1.0,0.0,5.0,-1,-1,持空,105.6795,0.00031949063522684895,-0.00031878705781285266,0.0006382776930397016,0.9990170289224678,1.000604845198706,-0.001274978986983366,0.0
2011-07-05,COMPOSITE,-1,-1,-1.0,0.0,5.0,-1,-1,持空,105.7163,-0.0003487685532074236,0.00034822269219647595,-0.0006969912454038996,0.9986686031986609,1.0009532785117259,-0.0016233028676141403,0.0
2011-07-06,COMPOSITE,-1,-1,-1.0,0.0,5.0,-1,-1,持空,105.7004,0.00015074333529563333,-0.00015040253962739225,0.0003011458749230256,0.9988191458347622,1.0008027325965894,-0.001472804234406877,0.0
2011-07-07,COMPOSITE,-1,-1,-1.0,0.0,5.0,-1,-1,持空,105.6512,0.0004663807714622159,-0.0004654665450649631,0.000931847316527179,0.9992849758785478,1.000336892406356,-0.001007110350519702,0.0
2011-07-08,COMPOSITE,-1,-1,-1.0,0.0,5.0,-1,-1,持空,105.6866,-0.00033541022375849217,0.00033506481705836144,-0.0006704750408168536,0.9989498054811898,1.000672070104207,-0.001342182779170309,0.0
2011-07-11,COMPOSITE,-1,-1,-1.0,0.0,5.0,-1,-1,持空,105.5866,0.0009478044110817763,-0.0009461937464162462,0.0018939981574980225,0.9998966145132742,0.9997252404492609,-0.0003956504948471329,0.0
2011-07-12,COMPOSITE,-1,-1,-1.0,0.0,5.0,-1,-1,持空,105.6693,-0.000783092029884358,0.0007832433282253248,-0.0015663353581096828,0.9991136034437405,1.0005082685739013,-0.001178432693982323,0.0
2011-07-13,COMPOSITE,-1,-1,-1.0,0.0,5.0,-1,-1,持空,105.5572,0.0010623145569315096,-0.0010608568429998355,0.002123171399931345,1.0001749763687071,0.9994468725307067,-0.00011737000325595659,0.0
2011-07-14,COMPOSITE,-1,-1,-1.0,0.0,5.0,-1,-1,持空,105.4183,0.0013148876712949509,-0.001315874236906489,0.00263076190820144,1.0014900941142721,0.9981317261399868,0.0,0.0
2011-07-15,COMPOSITE,-1,-1,-1.0,0.0,5.0,-1,-1,持空,105.3309,0.0008262798592866272,-0.0008290780632964623,0.0016553579225830894,1.0023176052083138,0.9973041970215639,0.0,0.0
2011-07-18,COMPOSITE,-1,-1,-1.0,0.0,5.0,-1,-1,持空,105.1426,0.0017787190389060292,-0.0017876995259700212,0.0035664185648760505,1.0041004466157286,0.9955213167813005,0.0,0.0
2011-07-19,COMPOSITE,-1,-1,-1.0,0.0,5.0,-1,-1,持空,104.631,0.004824094067948259,-0.004865772769553023,0.009689866837501282,1.0089443216238718,0.9906773362665965,0.0,0.0
2011-07-20,COMPOSITE,-1,-1,-1.0,0.0,5.0,-1,-1,持空,104.1853,0.004182518069191232,-0.0042597318194416145,0.008442249888632847,1.0131642494798716,0.986457316494502,0.0,0.0
2011-07-21,COMPOSITE,-1,-1,-1.0,0.0,5.0,-1,-1,持空,103.9986,0.0017447244746435775,-0.0017919994471389256,0.003536723921782503,1.014931941942773,0.9846895855287177,0.0,0.0
2011-07-22,COMPOSITE,-1,-1,-1.0,0.0,5.0,-1,-1,持空,104.103,-0.0009739260226687696,0.0010038596673416222,-0.001977785690010392,1.013943473313277,0.9856780756884813,-0.0009739260226687696,0.0
2011-07-25,COMPOSITE,-1,-1,-1.0,0.0,5.0,-1,-1,持空,104.2223,-0.0011140100064805925,0.0011459804232347715,-0.002259990429715364,1.0128139301380004,0.9868076434668321,-0.002086851065814632,0.0
2011-07-26,COMPOSITE,-1,-1,-1.0,0.0,5.0,-1,-1,持空,104.1476,0.0006983181470170408,-0.000716737204993767,0.0014150553520108078,1.0135211964849673,0.9861003617145873,-0.0013899902047670443,0.0
2011-07-27,COMPOSITE,-1,-1,-1.0,0.0,5.0,-1,-1,持空,104.1531,-5.1379780654836615e-05,5.280966628129491e-05,-0.00010418944693613152,1.0134691219882028,0.9861524373456093,-0.0014412985680301027,0.0
2011-07-28,COMPOSITE,-1,-1,-1.0,0.0,5.0,-1,-1,持空,104.1672,-0.00013172584208775984,0.00013537763158266714,-0.00026710347367042697,1.013335621914679,0.9862859403269567,-0.0015728345538502664,0.0
2011-07-29,COMPOSITE,-1,-1,-1.0,0.0,5.0,-1,-1,持空,104.2384,-0.000665256422714533,0.0006835165003955535,-0.0013487729231100865,1.0126614938838348,0.9869600830412782,-0.002237044638276009,0.0
2011-08-01,COMPOSITE,-1,-1,-1.0,0.0,5.0,-1,-1,持空,104.3294,-0.0008508235223719796,0.0008729988180942172,-0.0017238223404661968,1.011799897664638,0.9878216980272794,-0.003085964830449095,0.0
2011-08-02,COMPOSITE,-1,-1,-1.0,0.0,5.0,-1,-1,持空,104.3015,0.0002610790143005026,-0.0002674222223075784,0.000528501236608081,1.0120640573845896,0.9875575325535493,-0.002825691496804894,0.0
2011-08-03,COMPOSITE,-1,-1,-1.0,0.0,5.0,-1,-1,持空,103.9399,0.003382850556776562,-0.0034668724802615625,0.006849723037038125,1.0154877188446065,0.9841337965212643,0.0,0.0
2011-08-04,COMPOSITE,-1,-1,-1.0,0.0,5.0,-1,-1,持空,104.0661,-0.0011766493836578018,0.0012141631846867007,-0.0023908125683445025,1.014292845846116,0.9853286955458064,-0.0011766493836578018,0.0
2011-08-05,COMPOSITE,-1,-1,-1.0,0.0,5.0,-1,-1,持空,104.4316,-0.0034118223612050746,0.0035121908094950527,-0.006924013170700127,1.0108322588338479,0.9887893579346341,-0.004584457226184391,0.0
2011-08-08,COMPOSITE,-1,-1,-1.0,0.0,5.0,-1,-1,持空,104.6147,-0.0017150296922122665,0.0017533007250680743,-0.003468330417280341,1.0090986514961018,0.9905230030328404,-0.006291624438131138,0.0
2011-08-09,COMPOSITE,-1,-1,-1.0,0.0,5.0,-1,-1,持空,104.8589,-0.0022912602775974067,0.0023342799816852278,-0.0046255402592826345,1.0067865438397516,0.9928351610502186,-0.00856846896657193,0.0
2011-08-10,COMPOSITE,-1,-1,-1.0,0.0,5.0,-1,-1,持空,104.8822,-0.0002191194407843433,0.0002222033608971774,-0.0004413228016815207,1.0065659373352762,0.9930557723598209,-0.008785710889227971,0.0
2011-08-11,COMPOSITE,-1,-1,-1.0,0.0,5.0,-1,-1,持空,105.1638,-0.002648822233551673,0.002684916983053398,-0.005333739216605071,1.0038997231009268,0.995722044668149,-0.01141126133643866,0.0
2011-08-12,COMPOSITE,-1,-1,-1.0,0.0,5.0,-1,-1,持空,105.1353,0.00026879235837462545,-0.00027100580237671146,0.0005397981607513369,1.0041695636750707,0.9954521982164894,-0.011145536237910703,0.0
2011-08-15,COMPOSITE,-1,-1,-1.0,0.0,5.0,-1,-1,持空,105.1675,-0.0003036066012750416,0.00030627201330091225,-0.0006098786145759538,1.0038646911667395,0.995757077365382,-0.011445758980809129,0.0
2011-08-16,COMPOSITE,-1,-1,-1.0,0.0,5.0,-1,-1,持空,104.9792,0.0017759778016923633,-0.0017904770960609495,0.003566454897753313,1.0056475325741543,0.9939741971251187,-0.009690108592990354,0.0
2011-08-17,COMPOSITE,-1,-1,-1.0,0.0,5.0,-1,-1,持空,105.0516,-0.0006816401542539818,0.0006896604279702512,-0.001371300582224233,1.0049620428349253,0.9946597017952995,-0.010365143580128189,0.0
2011-08-18,COMPOSITE,-1,-1,-1.0,0.0,5.0,-1,-1,持空,104.9531,0.0009280021103803548,-0.0009376344577330942,0.001865636568113449,1.0058946497315282,0.9937270745851777,-0.00944676034486469,0.0
2011-08-19,COMPOSITE,-1,-1,-1.0,0.0,5.0,-1,-1,持空,105.2071,-0.0023908020011200737,0.002420128609826655,-0.004810930610946729,1.003489754790034,0.9961320219087406,-0.011814977012448158,0.0
2011-08-22,COMPOSITE,-1,-1,-1.0,0.0,5.0,-1,-1,持空,105.1521,0.0005189340151814381,-0.0005227784056397455,0.0010417124208211836,1.0040104997576806,0.9956112655985204,-0.011302174190727099,0.0
2011-08-23,COMPOSITE,-1,-1,-0.6,1.0,4.0,-1,-1,持空,105.0618,0.0008515534012625281,-0.0008587560305500785,0.0017103094318126066,1.0048654683136526,0.9947562784201041,-0.010460245194338302,0.0
2011-08-24,COMPOSITE,-1,-1,-0.6,1.0,4.0,-1,-1,持空,105.0057,0.0005285880386463049,-0.0005339714339559487,0.0010625594726022536,1.005396628180652,0.9942251069836794,-0.009937186316183122,0.0
2011-08-25,COMPOSITE,1,-1,1.0,5.0,0.0,-1,-1,持空,104.7961,0.001973859545202572,-0.001996082117447062,0.003969941662649634,1.0073811399119008,0.9922405520269124,-0.007982941381043163,0.0
2011-08-26,COMPOSITE,1,1,1.0,5.0,0.0,-1,1,空翻多,104.733,0.00019614865062411724,-0.0006021216438397703,0.0007982702944638875,1.0075787363631588,0.9916431025146415,-0.007788358573598941,0.00039984004798713406
2011-08-29,COMPOSITE,1,1,1.0,5.0,0.0,1,1,持有,104.0997,-0.0060468047320331175,-0.0060468047320330065,-1.1102230246251565e-16,1.001486104492222,0.9856468303098681,-0.013788068622154426,0.0
2011-08-30,COMPOSITE,1,1,1.0,5.0,0.0,1,1,持有,103.7501,-0.0033583189961160498,-0.003358318996116161,1.1102230246251565e-16,0.9981227946831596,0.9823367138361768,-0.017100082885496914,0.0
2011-08-31,COMPOSITE,1,1,1.0,5.0,0.0,1,1,持有,103.8397,0.0008636136254325244,0.0008636136254325244,0.0,0.9989847871285028,0.9831850732070084,-0.016251237124640272,0.0
2011-09-01,COMPOSITE,1,1,1.0,5.0,0.0,1,1,持有,104.0249,0.0017835182497638602,0.0017835182497638602,0.0,1.000766494727583,0.9849386017279685,-0.014496703252869447,0.0
2011-09-02,COMPOSITE,1,1,1.0,5.0,0.0,1,1,持有,104.0564,0.00030281211517624307,0.00030281211517624307,0.0,1.0010695389466489,0.9852368530692764,-0.014198280915068362,0.0
2011-09-05,COMPOSITE,1,1,1.0,5.0,0.0,1,1,持有,104.1764,0.001153220753360662,0.001153220753360884,-2.220446049250313e-16,1.0022239931145194,0.9863730486552118,-0.013061433913920895,0.0
2011-09-06,COMPOSITE,1,1,1.0,5.0,0.0,1,1,持有,104.4036,0.0021809162151888994,0.0021809162151888994,0.0,1.0044097596723542,0.9885242456312492,-0.010909003591748512,0.0
2011-09-07,COMPOSITE,1,1,1.0,5.0,0.0,1,1,持有,104.1942,-0.002005677965127628,-0.002005677965127628,0.0,1.0023952371494202,0.9865415843337921,-0.012892801608750615,0.0
2011-09-08,COMPOSITE,1,1,1.0,5.0,0.0,1,1,持有,104.1147,-0.0007629983242830596,-0.0007629983242828375,-2.220446049250313e-16,1.001630411263206,0.9857888547581101,-0.013645962747010909,0.0
2011-09-09,COMPOSITE,1,1,0.2,3.0,2.0,1,1,持有,104.3209,0.001980508035849038,0.001980508035849038,0.0,1.0036141483416634,0.9877412175066088,-0.01169248065003936,0.0
2011-09-13,COMPOSITE,1,1,0.2,3.0,2.0,1,1,持有,104.4408,0.001149338243822573,0.001149338243822573,0.0,1.004767640464394,0.988876466262889,-0.010556581021393008,0.0
2011-09-14,COMPOSITE,1,1,0.2,3.0,2.0,1,1,持有,104.4003,-0.00038777948847568133,-0.00038777948847568133,0.0,1.0043780121827377,0.988493000252636,-0.010940266884280181,0.0
2011-09-15,COMPOSITE,1,1,0.2,3.0,2.0,1,1,持有,104.2507,-0.0014329460739097577,-0.0014329460739097577,0.0,1.0029387926534592,0.9870765430888366,-0.012357536145710557,0.0
2011-09-16,COMPOSITE,1,1,0.2,3.0,2.0,1,1,持有,104.1003,-0.0014426761642846175,-0.0014426761642847286,1.1102230246251565e-16,1.0014918767630616,0.9856525112877979,-0.013782384387148516,0.0
2011-09-19,COMPOSITE,1,1,1.0,5.0,0.0,1,1,持有,104.052,-0.00046397560813948857,-0.00046397560813937755,-1.1102230246251565e-16,1.0010272089604937,0.985195192564459,-0.014239965305110402,0.0
2011-09-20,COMPOSITE,1,1,1.0,5.0,0.0,1,1,持有,104.0194,-0.00031330488601843953,-0.00031330488601855055,1.1102230246251565e-16,1.000713582244889,0.9848865260969465,-0.01454880874042197,0.0
2011-09-21,COMPOSITE,1,1,1.0,5.0,0.0,1,1,持有,104.081,0.0005921972247484586,0.0005921972247484586,0.0,1.0013062020510624,0.9854697731643933,-0.01396522727983307,0.0
2011-09-22,COMPOSITE,1,1,1.0,5.0,0.0,1,1,持有,104.1703,0.0008579856073636094,0.0008579856073633874,2.220446049250313e-16,1.002165308360986,0.98631529204626,-0.013119223636479216,0.0
2011-09-23,COMPOSITE,1,1,1.0,5.0,0.0,1,1,持有,104.843,0.006457694755606758,0.006457694755607202,-4.440892098500626e-16,1.0086369860170399,0.9926846151350822,-0.006746248822547263,0.0
2011-09-26,COMPOSITE,1,1,1.0,5.0,0.0,1,1,持有,105.4275,0.005575002622969727,0.005575002622969505,2.220446049250313e-16,1.014260139859709,0.9982188344682417,-0.0012088565544585705,0.0
2011-09-27,COMPOSITE,1,1,1.0,5.0,0.0,1,1,持有,105.2872,-0.0013307723316972053,-0.0013307723316969833,-2.220446049250313e-16,1.0129103905284405,0.9968904324623525,-0.0025380201733000707,0.0
2011-09-28,COMPOSITE,1,1,1.0,5.0,0.0,1,1,持有,105.1979,-0.000848156281105239,-0.000848156281105461,2.220446049250313e-16,1.012051284218517,0.9960449135804856,-0.003384023816653814,0.0
2011-09-29,COMPOSITE,1,1,1.0,5.0,0.0,1,1,持有,105.4381,0.002283315541469877,0.002283315541470099,-2.220446049250313e-16,1.0143621166445376,0.9983191984116662,-0.0011084350693572054,0.0
2011-09-30,COMPOSITE,1,1,1.0,5.0,0.0,1,1,持有,105.6242,0.001765016630610683,0.001765016630610683,0.0,1.0161524826498767,1.0000812483995207,0.0,0.0
2011-10-08,COMPOSITE,1,1,1.0,5.0,0.0,1,1,持有,105.7346,0.001045215017013268,0.0010452150170128238,4.440892098500626e-16,1.0172145804843176,1.001126548338581,0.0,0.0
2011-10-09,COMPOSITE,1,1,1.0,5.0,0.0,1,1,持有,106.134,0.003777382238169924,0.003777382238169924,0.0,1.0210569887730465,1.0049081859804354,0.0,0.0
2011-10-10,COMPOSITE,1,1,1.0,5.0,0.0,1,1,持有,106.2861,0.001433094013228775,0.001433094013228775,0.0,1.0225202594308225,1.0063483138856086,0.0,0.0
2011-10-11,COMPOSITE,1,1,1.0,5.0,0.0,1,1,持有,106.4014,0.0010848078911540604,0.0010848078911540604,0.0,1.0236294974771178,1.0074400084777613,0.0,0.0
2011-10-12,COMPOSITE,1,1,1.0,5.0,0.0,1,1,持有,106.3351,-0.0006231121019083519,-0.0006231121019085739,2.220446049250313e-16,1.0229916615493695,1.006812260416532,-0.0006231121019083519,0.0
2011-10-13,COMPOSITE,1,1,1.0,5.0,0.0,1,1,持有,106.1792,-0.0014661198418961519,-0.0014661198418958188,-3.3306690738754696e-16,1.0214918331762777,1.0053361529844713,-0.002088318386788135,0.0
2011-10-14,COMPOSITE,1,1,1.0,5.0,0.0,1,1,持有,106.3535,0.0016415644495344495,0.0016415644495342274,2.220446049250313e-16,1.0231686778551097,1.0069864770730421,-0.00045018204647673254,0.0
2011-10-17,COMPOSITE,1,1,1.0,5.0,0.0,1,1,持有,106.2681,-0.0008029825064526097,-0.0008029825064524987,-1.1102230246251565e-16,1.0223470913056418,1.0061778845477183,-0.0012528030646211663,0.0
2011-10-18,COMPOSITE,1,1,1.0,5.0,0.0,1,1,持有,106.6453,0.003549512977083502,0.003549512977083502,0.0,1.0259759255733147,1.0097493260061747,0.0,0.0
2011-10-19,COMPOSITE,1,1,1.0,5.0,0.0,1,1,持有,106.7317,0.0008101622856326873,0.0008101622856329094,-2.220446049250313e-16,1.0268071325741814,1.0105673868280483,0.0,0.0
2011-10-20,COMPOSITE,1,1,1.0,5.0,0.0,1,1,持有,106.809,0.0007242459363057119,0.0007242459363057119,0.0,1.027550793467318,1.0112992861513215,0.0,0.0
2011-10-21,COMPOSITE,1,1,1.0,5.0,0.0,1,1,持有,106.7296,-0.0007433830482449499,-0.000743383048245061,1.1102230246251565e-16,1.0267869296262437,1.0105475034052942,-0.0007433830482449499,0.0
2011-10-24,COMPOSITE,1,1,1.0,5.0,0.0,1,1,持有,106.6562,-0.0006877192456452574,-0.0006877192456449244,-3.3306690738754696e-16,1.0260807884935628,1.009852530438564,-0.0014305910550610479,0.0
2011-10-25,COMPOSITE,1,1,1.0,5.0,0.0,1,1,持有,106.4277,-0.002142397722776468,-0.00214239772277669,2.220446049250313e-16,1.0238825153489095,1.007689024677012,-0.0035699238828189594,0.0
2011-10-26,COMPOSITE,1,1,1.0,5.0,0.0,1,1,持有,106.3704,-0.0005383936700688041,-0.0005383936700688041,0.0,1.0233312634837515,1.007146491284728,-0.0041063955284667,0.0
2011-10-27,COMPOSITE,1,1,1.0,5.0,0.0,1,1,持有,106.3002,-0.0006599580334378796,-0.0006599580334377686,-1.1102230246251565e-16,1.0226559077955473,1.006481816866956,-0.0047636435131870325,0.0
2011-10-28,COMPOSITE,1,1,1.0,5.0,0.0,1,1,持有,106.3278,0.00025964203265838037,0.00025964203265838037,0.0,1.0229214322541573,1.006743141851721,-0.004505238322613292,0.0
2011-10-31,COMPOSITE,1,1,1.0,5.0,0.0,1,1,持有,106.4068,0.0007429853716525159,0.0007429853716527379,-2.220446049250313e-16,1.023681447914672,1.0074911372791284,-0.0037656002771302433,0.0
2011-11-01,COMPOSITE,1,1,1.0,5.0,0.0,1,1,持有,106.7054,0.002806211633091138,0.002806211633091138,0.0,1.0265541147023898,1.0103183706287973,-0.0009699557153424188,0.0
2011-11-02,COMPOSITE,1,1,1.0,5.0,0.0,1,1,持有,106.8541,0.001393556464808876,0.001393556464808654,2.220446049250313e-16,1.0279846758254094,1.011726306325702,0.0,0.0
2011-11-03,COMPOSITE,1,1,1.0,5.0,0.0,1,1,持有,106.8609,6.363817579302378e-05,6.363817579280173e-05,2.220446049250313e-16,1.028050094894922,1.0117906907422383,0.0,0.0
2011-11-04,COMPOSITE,1,1,1.0,5.0,0.0,1,1,持有,106.8951,0.00032004222311421415,0.0003200422231144362,-2.220446049250313e-16,1.028379114332765,1.0121145064842298,0.0,0.0
2011-11-07,COMPOSITE,1,1,1.0,5.0,0.0,1,1,持有,106.8795,-0.00014593746579594224,-0.00014593746579594224,0.0,1.0282290352909418,1.0119668010580583,-0.00014593746579594224,0.0
2011-11-08,COMPOSITE,1,1,1.0,5.0,0.0,1,1,持有,107.0378,0.0014811072282336912,0.0014811072282339133,-2.220446049250313e-16,1.029751952747391,1.013465632401838,0.0,0.0
2011-11-09,COMPOSITE,1,1,1.0,5.0,0.0,1,1,持有,107.3572,0.0029839925708488035,0.0029839925708488035,0.0,1.0328247249242064,1.0164898063197358,0.0,0.0
2011-11-10,COMPOSITE,1,1,1.0,5.0,0.0,1,1,持有,108.1068,0.006982298346082105,0.006982298346081883,2.220446049250313e-16,1.0400362152928373,1.0235872414132112,0.0,0.0
2011-11-11,COMPOSITE,1,1,1.0,5.0,0.0,1,1,持有,107.9959,-0.0010258374126328462,-0.0010258374126327352,-1.1102230246251565e-16,1.0389693072326969,1.022537207325876,-0.0010258374126328462,0.0
2011-11-14,COMPOSITE,1,1,1.0,5.0,0.0,1,1,持有,107.9684,-0.000254639296491721,-0.000254639296491721,0.0,1.0387047448192266,1.022276829170766,-0.001280215490607528,0.0
2011-11-15,COMPOSITE,1,1,1.0,5.0,0.0,1,1,持有,107.631,-0.0031249884225383884,-0.0031249884225386104,2.220446049250313e-16,1.0354588045172308,1.0190822259149779,-0.004401203254559394,0.0
2011-11-16,COMPOSITE,1,1,1.0,5.0,0.0,1,1,持有,107.6847,0.0004989268890931431,0.0004989268890931431,0.0,1.0359754227573528,1.0195906734396838,-0.0039044722441142765,0.0
2011-11-17,COMPOSITE,1,1,1.0,5.0,0.0,1,1,持有,107.542,-0.0013251650420160743,-0.0013251650420161853,1.1102230246251565e-16,1.034602584342727,1.0182395475220758,-0.005224463216004893,0.0
2011-11-18,COMPOSITE,1,1,1.0,5.0,0.0,1,1,持有,107.5407,-1.2088300385015849e-05,-1.2088300384793804e-05,-2.220446049250313e-16,1.0345900777559083,1.0182272387365616,-0.005236488361509251,0.0
2011-11-21,COMPOSITE,1,1,1.0,5.0,0.0,1,1,持有,107.39,-0.001401329915092564,-0.001401329915092675,1.1102230246251565e-16,1.033140275730091,1.016800366446558,-0.006630480228810742,0.0
2011-11-22,COMPOSITE,1,1,1.0,5.0,0.0,1,1,持有,107.4432,0.0004953906322748836,0.0004953906322748836,0.0,1.0336520837445136,1.017304079822989,-0.006138374274328728,0.0
2011-11-23,COMPOSITE,1,1,1.0,5.0,0.0,1,1,持有,107.7631,0.0029773871217535497,0.0029773871217537717,-2.220446049250313e-16,1.0367296661470282,1.0203329878891616,-0.003179263469088034,0.0
2011-11-24,COMPOSITE,1,1,1.0,5.0,0.0,1,1,持有,107.7613,-1.6703305677046032e-05,-1.6703305676823987e-05,-2.220446049250313e-16,1.03671234933451,1.0203159449553727,-0.0031959136705554947,0.0
2011-11-25,COMPOSITE,1,1,1.0,5.0,0.0,1,1,持有,107.6921,-0.0006421600333329502,-0.0006421600333330613,1.1102230246251565e-16,1.0360466140977047,1.0196607388341499,-0.0038360214158592587,0.0
2011-11-28,COMPOSITE,1,1,1.0,5.0,0.0,1,1,持有,107.7006,7.892872364823056e-05,7.892872364823056e-05,0.0,1.0361283879345955,1.0197412193548203,-0.0037573954644852803,0.0
2011-11-29,COMPOSITE,1,1,1.0,5.0,0.0,1,1,持有,107.6317,-0.0006397364545787099,-0.0006397364545788209,1.1102230246251565e-16,1.03546553883321,1.0190888537225624,-0.004394728176211116,0.0
2011-11-30,COMPOSITE,1,1,1.0,5.0,0.0,1,1,持有,107.7142,0.0007665028054004708,0.0007665028054002487,2.220446049250313e-16,1.036259226073621,1.019869988187893,-0.003631593942286737,0.0
2011-12-01,COMPOSITE,1,1,1.0,5.0,0.0,1,1,持有,108.5935,0.00816326909543963,0.008163269095439851,-2.220446049250313e-16,1.044718488988692,1.0281954613438338,0.0,0.0
2011-12-02,COMPOSITE,1,1,1.0,5.0,0.0,1,1,持有,108.8,0.0019015871115672933,0.0019015871115670713,2.220446049250313e-16,1.046705112202569,1.030150664581297,0.0,0.0
2011-12-05,COMPOSITE,1,1,1.0,5.0,0.0,1,1,持有,108.9805,0.001659007352941222,0.001659007352941222,0.0,1.0484416036800743,1.0318596921084746,0.0,0.0
2011-12-06,COMPOSITE,1,1,1.0,5.0,0.0,1,1,持有,108.9321,-0.0004441161492194645,-0.00044411614921913145,-3.3306690738754696e-16,1.0479759738323664,1.031401426555481,-0.0004441161492194645,0.0
2011-12-07,COMPOSITE,1,1,1.0,5.0,0.0,1,1,持有,108.8026,-0.0011888139492398642,-0.0011888139492399752,1.1102230246251565e-16,1.0467301253762062,1.0301752821523258,-0.001632402126986121,0.0
2011-12-08,COMPOSITE,1,1,1.0,5.0,0.0,1,1,持有,108.7746,-0.0002573467913451477,-0.00025734679134492566,-2.220446049250313e-16,1.0464607527370364,1.029910169848941,-0.0018893288248816864,0.0
2011-12-09,COMPOSITE,1,1,1.0,5.0,0.0,1,1,持有,108.8216,0.0004320861671751608,0.00043208616717493875,2.220446049250313e-16,1.0469129139527857,1.0303551797867656,-0.0014580590105570668,0.0
2011-12-12,COMPOSITE,1,1,1.0,5.0,0.0,1,1,持有,108.7709,-0.00046590015217573555,-0.00046590015217573555,0.0,1.0464251570668603,1.0298751371517079,-0.0019232798528179273,0.0
2011-12-13,COMPOSITE,1,1,1.0,5.0,0.0,1,1,持有,108.7228,-0.00044221386418596964,-0.00044221386418596964,0.0,1.0459624133545724,1.029419712087679,-0.0023646432159882824,0.0
2011-12-14,COMPOSITE,1,1,1.0,5.0,0.0,1,1,持有,108.7606,0.0003476731651501641,0.0003476731651501641,0.0,1.0463260664174514,1.0297776136972483,-0.002017792173829469,0.0
2011-12-15,COMPOSITE,1,1,1.0,5.0,0.0,1,1,持有,108.7453,-0.00014067594331024225,-0.00014067594331024225,0.0,1.046178873511048,1.0296327487600416,-0.0021581842623223935,0.0
2011-12-16,COMPOSITE,1,1,1.0,5.0,0.0,1,1,持有,108.8133,0.0006253143814032303,0.0006253143814032303,0.0,1.0468330642061747,1.030276592925405,-0.0015342194245759888,0.0
2011-12-19,COMPOSITE,1,1,1.0,5.0,0.0,1,1,持有,108.8782,0.0005964344432161095,0.0005964344432161095,0.0,1.0474574315019647,1.030891085371465,-0.0009387000426682723,0.0
2011-12-20,COMPOSITE,1,1,1.0,5.0,0.0,1,1,持有,108.8663,-0.00010929644318158349,-0.00010929644318180554,2.220446049250313e-16,1.0473429481303174,1.0307784126425261,-0.0010478938892739542,0.0
2011-12-21,COMPOSITE,1,1,1.0,5.0,0.0,1,1,持有,108.8373,-0.00026638179124294226,-0.0002663817912427202,-2.220446049250313e-16,1.0470639550397487,1.030503832042592,-0.0013139965406656628,0.0
2011-12-22,COMPOSITE,1,1,1.0,5.0,0.0,1,1,持有,108.7537,-0.00076811901802043,-0.0007681190180205411,1.1102230246251565e-16,1.046259685302799,1.0297122824510572,-0.0020811062529536573,0.0
2011-12-23,COMPOSITE,1,1,1.0,5.0,0.0,1,1,持有,108.7591,4.965348305407957e-05,4.965348305407957e-05,0.0,1.0463116357403532,1.0297634112524243,-0.002031556104073684,0.0
2011-12-26,COMPOSITE,1,1,1.0,5.0,0.0,1,1,持有,108.8357,0.0007043088808200704,0.0007043088808198483,2.220446049250313e-16,1.0470485623175105,1.0304886827681128,-0.001328678066259692,0.0
2011-12-27,COMPOSITE,1,1,1.0,5.0,0.0,1,1,持有,108.9747,0.0012771544631036136,0.0012771544631036136,0.0,1.0483858050619606,1.0318047759884879,-5.322053027834173e-05,0.0
2011-12-28,COMPOSITE,1,1,1.0,5.0,0.0,1,1,持有,108.9268,-0.000439551565638685,-0.000439551565638574,-1.1102230246251565e-16,1.0479249854399522,1.0313512445837687,-0.0004927487027497346,0.0
2011-12-29,COMPOSITE,1,1,1.0,5.0,0.0,1,1,持有,109.0345,0.000988737390614558,0.00098873739061478,-2.220446049250313e-16,1.0489611080556158,1.0323709801221457,0.0,0.0
2011-12-30,COMPOSITE,1,1,1.0,5.0,0.0,1,1,持有,109.1362,0.0009327323003269772,0.0009327323003269772,0.0,1.0499395079628862,1.0333339058812259,0.0,0.0
2011-12-31,COMPOSITE,1,1,1.0,5.0,0.0,1,1,持有,109.3084,0.0015778449313794685,0.0015778449313792464,2.220446049250313e-16,1.0515961496937805,1.0349643465470428,0.0,0.0
2012-01-04,COMPOSITE,1,1,1.0,5.0,0.0,1,1,持有,109.1348,-0.0015881670576097795,-0.0015881670576094464,-3.3306690738754696e-16,1.0499260393309275,1.0333206502660566,-0.0015881670576097795,0.0
2012-01-05,COMPOSITE,1,1,1.0,5.0,0.0,1,1,持有,109.1256,-8.429941686771691e-05,-8.429941686793896e-05,2.220446049250313e-16,1.0498375311780577,1.0332335419378016,-0.0016723325929206556,0.0
2012-01-06,COMPOSITE,1,1,0.2,3.0,2.0,1,1,持有,109.2806,0.0014203816519680057,0.0014203816519680057,0.0,1.0513287011448904,1.0347011279029679,-0.00025432629148358643,0.0
2012-01-09,COMPOSITE,-1,1,-0.2,2.0,3.0,1,1,持有,109.4326,0.001390914764376916,0.001390914764377138,-2.220446049250313e-16,1.0527910097575262,1.0361403089784857,0.0,0.0
2012-01-10,COMPOSITE,-1,-1,-0.2,2.0,3.0,1,-1,多翻空,109.4652,-0.00010213889220500594,0.00029790026006892845,-0.0004000391522739344,1.052683478850066,1.0364489754459982,-0.00010213889220500594,0.0004211576230646394
2012-01-11,COMPOSITE,-1,-1,-0.2,2.0,3.0,-1,-1,持空,109.3033,0.0014790088539553548,-0.0014790088539555768,0.0029580177079109315,1.0542404070356979,1.0349160582346404,0.0,0.0
2012-01-12,COMPOSITE,-1,-1,-0.2,2.0,3.0,-1,-1,持空,109.3528,-0.0004515306890358062,0.0004528683031532754,-0.0009043989921890816,1.0537643851382996,1.035384738913839,-0.0004515306890358062,0.0
2012-01-13,COMPOSITE,-1,-1,-1.0,0.0,5.0,-1,-1,持空,109.339,0.00012593814794259472,-0.00012619704296568113,0.00025213519090827585,1.053897094273332,1.0352540764214564,-0.0003256494060318582,0.0
2012-01-16,COMPOSITE,-1,-1,-1.0,0.0,5.0,-1,-1,持空,109.2921,0.00042795328830558255,-0.00042894118292646777,0.0008568944712320503,1.0543481130003618,1.0348100133132867,0.0,0.0
2012-01-17,COMPOSITE,-1,-1,-1.0,0.0,5.0,-1,-1,持空,109.3551,-0.0005746167169684568,0.0005764369062355446,-0.0011510536232040014,1.0537422669491276,1.0354065159959025,-0.0005746167169684568,0.0
2012-01-18,COMPOSITE,-1,-1,-1.0,0.0,5.0,-1,-1,持空,109.3661,-0.0001003875873487603,0.0001005897301544767,-0.000200977317503237,1.0536364843052612,1.0355106672579468,-0.0006749466199312826,0.0
2012-01-19,COMPOSITE,-1,-1,-1.0,0.0,5.0,-1,-1,持空,109.5716,-0.0018756109426153467,0.0018790100405883248,-0.0037546209832036714,1.0516602721857595,1.0374564021988608,-0.002549291625280614,0.0
2012-01-20,COMPOSITE,-1,-1,-1.0,0.0,5.0,-1,-1,持空,109.5542,0.0001591092806432215,-0.00015880027306358624,0.00031790955370680773,1.0518276010951482,1.0372916538389,-0.002390587960593993,0.0
2012-01-21,COMPOSITE,-1,-1,-1.0,0.0,5.0,-1,-1,持空,109.5998,-0.00041690971161922885,0.0004162323306637905,-0.0008331420422830194,1.0513890839533024,1.0377234081615556,-0.0028065010128759393,0.0
2012-01-29,COMPOSITE,-1,-1,-1.0,0.0,5.0,-1,-1,持空,109.6053,-5.030613570233822e-05,5.0182573325896485e-05,-0.0001004887090282347,1.0513361926313691,1.0377754837925777,-0.0028566659643575187,0.0
2012-01-30,COMPOSITE,-1,-1,-1.0,0.0,5.0,-1,-1,持空,109.5028,0.000937570603640081,-0.0009351737552838468,0.0018727443589239279,1.0523218945401231,1.0368049833962578,-0.0019217736867500612,0.0
2012-01-31,COMPOSITE,-1,-1,-1.0,0.0,5.0,-1,-1,持空,109.4774,0.00023211694307478936,-0.00023195753898497262,0.000464074482059762,1.0525661562814144,1.0365644886639018,-0.0016901028199087786,0.0
2012-02-01,COMPOSITE,-1,-1,-1.0,0.0,5.0,-1,-1,持空,109.2704,0.0018912227165999163,-0.001890801206459125,0.0037820239230590413,1.054556793306898,1.0346045512781634,0.0,0.0
2012-02-02,COMPOSITE,-1,-1,-1.0,0.0,5.0,-1,-1,持空,109.1136,0.001429874156483546,-0.00143497232553369,0.002864846482017236,1.0560646768121917,1.033119922379208,0.0,0.0
2012-02-03,COMPOSITE,-1,-1,-1.0,0.0,5.0,-1,-1,持空,109.0992,0.0001311274777631155,-0.00013197254970975791,0.0002631000274728734,1.0562031559096168,1.0329835789088957,0.0,0.0
2012-02-06,COMPOSITE,-1,-1,-1.0,0.0,5.0,-1,-1,持空,108.9264,0.001573323427222828,-0.0015838796251484988,0.003157203052371327,1.0578649050787161,1.0313474572651489,0.0,0.0
2012-02-07,COMPOSITE,-1,-1,-1.0,0.0,5.0,-1,-1,持空,108.8483,0.0007099741827569783,-0.0007169978994990833,0.0014269720822560616,1.0586159618501667,1.030607983304636,0.0,0.0
2012-02-08,COMPOSITE,-1,-1,-1.0,0.0,5.0,-1,-1,持空,108.6895,0.0014425596895408788,-0.0014589111635183727,0.0029014708530592515,1.0601430785634363,1.0291044178125817,0.0,0.0
2012-02-09,COMPOSITE,-1,-1,-1.0,0.0,5.0,-1,-1,持空,108.4487,0.002184307276155817,-0.0022154853964733157,0.0043997926726291325,1.0624587568037087,1.0268244520034717,0.0,0.0
2012-02-10,COMPOSITE,-1,-1,-1.0,0.0,5.0,-1,-1,持空,108.4835,-0.00031498429151599616,0.00032088904707960886,-0.000635873338595605,1.0621240989849319,1.0271539487233932,-0.00031498429151599616,0.0
2012-02-13,COMPOSITE,-1,-1,-1.0,0.0,5.0,-1,-1,持空,108.5155,-0.0002897319888561789,0.00029497573363657104,-0.0005847077224927499,1.061816367657321,1.0274569342129756,-0.0006046250193469938,0.0
2012-02-14,COMPOSITE,-1,-1,-1.0,0.0,5.0,-1,-1,持空,108.6485,-0.0012045475746479406,0.001225631361418511,-0.0024301789360664516,1.0605373593269378,1.0287162176540539,-0.0018084442943943069,0.0
2012-02-15,COMPOSITE,-1,-1,-1.0,0.0,5.0,-1,-1,持空,108.4109,0.0021544786587825993,-0.0021868686636262735,0.004341347322408873,1.0628222644344494,1.026466550393902,0.0,0.0
2012-02-16,COMPOSITE,-1,-1,-1.0,0.0,5.0,-1,-1,持空,108.3963,0.00013210338447033898,-0.00013467280504086965,0.00026677618951120863,1.0629626668526717,1.02632831326428,0.0,0.0
2012-02-17,COMPOSITE,-1,-1,-1.0,0.0,5.0,-1,-1,持空,108.3521,0.00039987659916729257,-0.00040776299560052465,0.0008076395947678172,1.0633877207489346,1.0259098145567938,0.0,0.0
2012-02-20,COMPOSITE,-1,-1,-0.2,2.0,3.0,-1,-1,持空,108.534,-0.0016449882119731196,0.0016787861056684061,-0.0033237743176415258,1.0616384604835456,1.0276320976991407,-0.0016449882119731196,0.0
2012-02-21,COMPOSITE,-1,-1,-0.2,2.0,3.0,-1,-1,持空,108.5861,-0.0004719356790617857,0.0004800339064257031,-0.0009519695854874888,1.0611374354157792,1.0281253959493677,-0.002116147562406079,0.0
2012-02-22,COMPOSITE,-1,-1,-0.2,2.0,3.0,-1,-1,持空,108.5545,0.0002863763692368959,-0.00029101330649139445,0.0005773896757282904,1.061441320101795,1.0278261977784047,-0.0018303772078248626,0.0
2012-02-23,COMPOSITE,-1,-1,-0.2,2.0,3.0,-1,-1,持空,108.5232,0.00028357639665910206,-0.0002883344310922187,0.0005719108277513207,1.0617423198066145,1.0275298400964066,-0.0015473198629388785,0.0
2012-02-24,COMPOSITE,-1,-1,-0.2,2.0,3.0,-1,-1,持空,108.5144,7.970494677889128e-05,-8.108865201184035e-05,0.00016079359879073163,1.0618269459217076,1.0274465190867712,-0.0014677382452072951,0.0
2012-02-27,COMPOSITE,-1,-1,-0.2,2.0,3.0,-1,-1,持空,108.3862,0.001161063613968949,-0.0011814100248446202,0.002342473638813569,1.063059794552949,1.0262326834691304,-0.00030837876870981606,0.0
2012-02-28,COMPOSITE,-1,-1,-0.2,2.0,3.0,-1,-1,持空,108.3564,0.00026957542774752596,-0.00027494275101436205,0.000544518178761888,1.0633463693517868,1.0259505282319565,-3.888647230065878e-05,0.0
2012-02-29,COMPOSITE,-1,-1,-0.2,2.0,3.0,-1,-1,持空,108.4337,-0.0006990793495759151,0.000713386565075913,-0.0014124659146518281,1.0626030058635265,1.0266824275552298,-0.0007379386371467733,0.0
2012-03-01,COMPOSITE,-1,-1,-0.2,2.0,3.0,-1,-1,持空,108.3808,0.00047874732910568873,-0.0004878557127535599,0.0009666030418592486,1.0631117242144834,1.0261815546677633,-0.00025954459419264,0.0
2012-03-02,COMPOSITE,-1,-1,-0.2,2.0,3.0,-1,-1,持空,108.2615,0.0010791536106868893,-0.0011007484720542138,0.002179902082741103,1.064258985070233,1.0250519868894126,0.0,0.0
2012-03-05,COMPOSITE,-1,-1,-0.2,2.0,3.0,-1,-1,持空,108.1956,0.000595469910697588,-0.000608711314733168,0.001204181225430756,1.064892719273032,1.0244280261468033,0.0,0.0
2012-03-06,COMPOSITE,-1,-1,-0.2,2.0,3.0,-1,-1,持空,108.3282,-0.001197455542431114,0.0012255581557845119,-0.002423013698215626,1.063617557584244,1.0256835222692617,-0.001197455542431114,0.0
2012-03-07,COMPOSITE,1,-1,0.6,4.0,1.0,-1,-1,持空,108.4119,-0.0007567661402757553,0.0007726519964330603,-0.0015294181367088155,1.0628126478304614,1.0264760186904516,-0.0019533154888978776,0.0
2012-03-08,COMPOSITE,1,1,1.0,5.0,0.0,-1,1,空翻多,108.4512,-0.0007517051401810804,0.00036250633002476995,-0.0011142114702058503,1.0620137261000377,1.0268481227448454,-0.00270355231178554,0.00042098919370144234
2012-03-09,COMPOSITE,1,1,1.0,5.0,0.0,1,1,持有,108.4477,-3.227257974092179e-05,-3.227257974092179e-05,0.0,1.0619794521773762,1.0268149837069223,-0.002735737640918945,0.0
2012-03-12,COMPOSITE,1,1,1.0,5.0,0.0,1,1,持有,108.494,0.0004269339045457343,0.0004269339045455123,2.220446049250313e-16,1.0624328472114417,1.027253365837162,-0.002309971715525938,0.0
2012-03-13,COMPOSITE,1,1,1.0,5.0,0.0,1,1,持有,108.4524,-0.00038343134182527994,-0.00038343134182527994,0.0,1.0620254771592361,1.0268594847007046,-0.002692517341796874,0.0
2012-03-14,COMPOSITE,1,1,1.0,5.0,0.0,1,1,持有,108.4092,-0.00039833143388268155,-0.00039833143388257053,-1.1102230246251565e-16,1.0616024390280994,1.0264504542897679,-0.003089776261385957,0.0
2012-03-15,COMPOSITE,1,1,1.0,5.0,0.0,1,1,持有,108.3427,-0.0006134165735012242,-0.0006134165735011132,-1.1102230246251565e-16,1.0609512344975303,1.0258208125692287,-0.003701297514919988,0.0
2012-03-16,COMPOSITE,1,1,1.0,5.0,0.0,1,1,持有,108.359,0.000150448530450209,0.00015044853044998696,2.220446049250313e-16,1.0611108530516398,1.0259751458029849,-0.003551405839241739,0.0
2012-03-19,COMPOSITE,1,1,1.0,5.0,0.0,1,1,持有,108.2957,-0.0005841692891221939,-0.0005841692891221939,0.0,1.0604909846789328,1.0253758026314042,-0.004133500506139365,0.0
2012-03-20,COMPOSITE,1,1,1.0,5.0,0.0,1,1,持有,108.308,0.0001135779167595885,0.0001135779167595885,0.0,1.0606114330357148,1.0254922626789627,-0.004020392063756262,0.0
2012-03-21,COMPOSITE,1,1,1.0,5.0,0.0,1,1,持有,108.2681,-0.00036839383979025975,-0.0003683938397901487,-1.1102230246251565e-16,1.0602207103173733,1.0251144776466392,-0.004387304815876791,0.0
2012-03-22,COMPOSITE,1,1,1.0,5.0,0.0,1,1,持有,108.3229,0.0005061509345780646,0.0005061509345782866,-2.220446049250313e-16,1.0607573420207594,1.0256333402975497,-0.0038833745197315306,0.0
2012-03-23,COMPOSITE,1,1,1.0,5.0,0.0,1,1,持有,108.4526,0.001197346082868922,0.0011973460828687,2.220446049250313e-16,1.0620274356691024,1.0268613783600145,-0.0026906781801321333,0.0
2012-03-26,COMPOSITE,1,1,1.0,5.0,0.0,1,1,持有,108.4714,0.00017334761914433727,0.00017334761914433727,0.0,1.0622115355965416,1.0270393823351445,-0.0025177969836442937,0.0
2012-03-27,COMPOSITE,1,1,1.0,5.0,0.0,1,1,持有,108.4663,-4.701700171649836e-05,-4.701700171672041e-05,2.220446049250313e-16,1.062161593594949,1.026991094022742,-0.002564695606095735,0.0
2012-03-28,COMPOSITE,1,1,1.0,5.0,0.0,1,1,持有,108.4941,0.0002563008049503157,0.0002563008049507598,-4.440892098500626e-16,1.0624338264663749,1.0272543126668172,-0.0023090521346936788,0.0
2012-03-29,COMPOSITE,1,1,1.0,5.0,0.0,1,1,持有,108.5653,0.0006562568840149385,0.0006562568840147165,2.220446049250313e-16,1.0631310559788036,1.0279284553811385,-0.001654310582037799,0.0
2012-03-30,COMPOSITE,1,1,1.0,5.0,0.0,1,1,持有,108.6493,0.0007737278854293983,0.0007737278854293983,0.0,1.0639536301226804,1.0287237922912933,-0.0008818626828368537,0.0
2012-03-31,COMPOSITE,1,1,1.0,5.0,0.0,1,1,持有,108.6806,0.0002880828500506638,0.0002880828500506638,0.0,1.064260136916768,1.0290201499732916,-0.0005940338823011704,0.0
2012-04-01,COMPOSITE,1,1,1.0,5.0,0.0,1,1,持有,108.5625,-0.0010866704821284046,-0.0010866704821282935,-1.1102230246251565e-16,1.0631036368406745,1.0279019441508004,-0.0016800588453442789,0.0
2012-04-05,COMPOSITE,1,1,1.0,5.0,0.0,1,1,持有,108.5506,-0.00010961427749001107,-0.00010961427749001107,0.0,1.0629871055036253,1.0277892714218617,-0.0017894889643977896,0.0
2012-04-06,COMPOSITE,1,1,1.0,5.0,0.0,1,1,持有,108.5501,-4.606146810748335e-06,-4.606146810748335e-06,0.0,1.0629822092289594,1.027784537273587,-0.0017940868685597522,0.0
2012-04-09,COMPOSITE,1,1,1.0,5.0,0.0,1,1,持有,108.4836,-0.0006126203476551906,-0.0006126203476551906,0.0,1.0623310046983903,1.0271548955530478,-0.002405608122093783,0.0
2012-04-10,COMPOSITE,1,1,1.0,5.0,0.0,1,1,持有,108.4853,1.567057140428041e-05,1.567057140428041e-05,0.0,1.0623476520322543,1.0271709916571818,-0.0023899752479433767,0.0
2012-04-11,COMPOSITE,1,1,1.0,5.0,0.0,1,1,持有,108.5016,0.0001502507713027068,0.0001502507713027068,0.0,1.0625072705863639,1.0273253248909382,-0.002240083572265017,0.0
2012-04-12,COMPOSITE,1,1,1.0,5.0,0.0,1,1,持有,108.4722,-0.00027096374615676044,-0.0002709637461566494,-1.1102230246251565e-16,1.062219369636007,1.0270469569723841,-0.002510440336985331,0.0
2012-04-13,COMPOSITE,1,1,1.0,5.0,0.0,1,1,持有,108.5403,0.000627810627976455,0.000627810627976455,0.0,1.062886242245507,1.0276917479674024,-0.0018842057901332643,0.0
2012-04-16,COMPOSITE,1,1,1.0,5.0,0.0,1,1,持有,108.5301,-9.397431184543503e-05,-9.397431184543503e-05,0.0,1.062786358242322,1.027595171342598,-0.0019780030350361466,0.0
2012-04-17,COMPOSITE,1,1,1.0,5.0,0.0,1,1,持有,108.5638,0.0003105129360425618,0.0003105129360425618,0.0,1.0631163671548058,1.0279142529363148,-0.0016681042945234648,0.0
2012-04-18,COMPOSITE,1,1,1.0,5.0,0.0,1,1,持有,108.5275,-0.00033436559884592043,-0.00033436559884603145,1.1102230246251565e-16,1.0627608976140592,1.0275705537715694,-0.002001912136677997,0.0
2012-04-19,COMPOSITE,1,1,1.0,5.0,0.0,1,1,持有,108.4621,-0.0006026122411371126,-0.0006026122411373347,2.220446049250313e-16,1.0621204648877551,1.0269513271772344,-0.002603318001055843,0.0
2012-04-20,COMPOSITE,1,1,1.0,5.0,0.0,1,1,持有,108.4874,0.00023326120368305503,0.00023326120368305503,0.0,1.0623682163858512,1.0271908750799357,-0.002370664050463378,0.0
2012-04-23,COMPOSITE,1,1,1.0,5.0,0.0,1,1,持有,108.4757,-0.00010784662550666901,-0.00010784662550644697,-2.220446049250313e-16,1.0622536435586685,1.0270800960103073,-0.002478255007851926,0.0
2012-04-24,COMPOSITE,1,1,1.0,5.0,0.0,1,1,持有,108.5421,0.0006121186588332606,0.0006121186588332606,0.0,1.0629038688343044,1.0277087909011915,-0.0018676533351502655,0.0
2012-04-25,COMPOSITE,1,1,1.0,5.0,0.0,1,1,持有,108.5257,-0.0001510934466902869,-0.00015109344669039793,1.1102230246251565e-16,1.0627432710252618,1.0275535108377802,-0.0020184645916609956,0.0
2012-04-26,COMPOSITE,1,1,1.0,5.0,0.0,1,1,持有,108.5362,9.67512764258327e-05,9.675127642561065e-05,2.220446049250313e-16,1.0628460927932464,1.0276529279515494,-0.0019219086042608913,0.0
2012-04-27,COMPOSITE,1,1,1.0,5.0,0.0,1,1,持有,108.575,0.00035748441533800523,0.0003574844153382273,-2.220446049250313e-16,1.0632260437073229,1.0280202978576687,-0.0015651112412965462,0.0
2012-04-28,COMPOSITE,1,1,1.0,5.0,0.0,1,1,持有,108.5607,-0.0001317061938752584,-0.00013170619387536942,1.1102230246251565e-16,1.063086010251877,1.0278849012170113,-0.0016966113003272776,0.0
2012-05-02,COMPOSITE,1,1,1.0,5.0,0.0,1,1,持有,108.5413,-0.00017870186909241248,-0.0001787018690925235,1.1102230246251565e-16,1.062896034794839,1.0277012162639518,-0.001875009981809228,0.0
2012-05-03,COMPOSITE,1,1,1.0,5.0,0.0,1,1,持有,108.5738,0.00029942519575509863,0.0002994251957548766,2.220446049250313e-16,1.0632142926481247,1.0280089359018092,-0.001576146211285101,0.0
2012-05-04,COMPOSITE,1,1,1.0,5.0,0.0,1,1,持有,108.5295,-0.0004080174038304518,-0.0004080174038304518,0.0,1.062780482712723,1.027589490364668,-0.0019835205200303685,0.0
2012-05-07,COMPOSITE,1,1,1.0,5.0,0.0,1,1,持有,108.5653,0.000329864230462551,0.000329864230462551,0.0,1.0631310559788036,1.0279284553811385,-0.001654310582037799,0.0
2012-05-08,COMPOSITE,1,1,1.0,5.0,0.0,1,1,持有,108.5681,2.5790929514490912e-05,2.5790929514712957e-05,-2.220446049250313e-16,1.063158475116933,1.0279549666114773,-0.0016285623187309861,0.0
2012-05-09,COMPOSITE,1,1,1.0,5.0,0.0,1,1,持有,108.5682,9.210808700199635e-07,9.210808700199635e-07,0.0,1.063159454371866,1.0279559134411322,-0.0016276427378986158,0.0
2012-05-10,COMPOSITE,1,1,1.0,5.0,0.0,1,1,持有,108.6509,0.0007617331778548841,0.0007617331778551062,-2.220446049250313e-16,1.0639692982016113,1.0287389415657726,-0.0008671493895188176,0.0
2012-05-11,COMPOSITE,1,1,1.0,5.0,0.0,1,1,持有,108.7597,0.0010013722849970819,0.001001372284997304,-2.220446049250313e-16,1.0650347275689183,1.029769092230354,0.0,0.0
2012-05-14,COMPOSITE,1,1,1.0,5.0,0.0,1,1,持有,109.2413,0.0044281107800041575,0.004428110780003935,2.220446049250313e-16,1.069750819327145,1.034329023848574,0.0,0.0
2012-05-15,COMPOSITE,1,1,1.0,5.0,0.0,1,1,持有,109.5977,0.0032625023686096988,0.0032625023686096988,0.0,1.073240883909022,1.0377035247388018,0.0,0.0
2012-05-16,COMPOSITE,1,1,1.0,5.0,0.0,1,1,持有,109.804,0.0018823387717077367,0.0018823387717077367,0.0,1.0752610868361858,1.0396568343169554,0.0,0.0
2012-05-17,COMPOSITE,1,1,1.0,5.0,0.0,1,1,持有,109.6647,-0.0012686240938400983,-0.0012686240938398763,-2.220446049250313e-16,1.0738969847142568,1.0383379006076157,-0.0012686240938400983,0.0
2012-05-18,COMPOSITE,1,1,1.0,5.0,0.0,1,1,持有,109.822,0.001434372227343994,0.001434372227343994,0.0,1.0754373527241594,1.0398272636548458,0.0,0.0
2012-05-21,COMPOSITE,1,1,1.0,5.0,0.0,1,1,持有,109.6376,-0.0016790806942141856,-0.0016790806942142966,1.1102230246251565e-16,1.0736316066273635,1.0380813097711252,-0.0016790806942141856,0.0
2012-05-22,COMPOSITE,1,1,1.0,5.0,0.0,1,1,持有,109.6603,0.00020704575802454883,0.00020704575802477088,-2.220446049250313e-16,1.0738538974971967,1.0382962401027982,-0.0014723825827247516,0.0
2012-05-23,COMPOSITE,1,1,1.0,5.0,0.0,1,1,持有,109.6687,7.660019168298504e-05,7.660019168254095e-05,4.440892098500626e-16,1.0739361549115845,1.0383757737938133,-0.001395895175829942,0.0
2012-05-24,COMPOSITE,1,1,1.0,5.0,0.0,1,1,持有,109.8654,0.001793583766379836,0.001793583766380058,-2.220446049250313e-16,1.0758623493651622,1.0402381877250921,0.0,0.0
2012-05-25,COMPOSITE,1,1,1.0,5.0,0.0,1,1,持有,110.3082,0.004030386272657394,0.004030386272657394,0.0,1.0801984902093125,1.0444307494371934,0.0,0.0
2012-05-28,COMPOSITE,1,1,1.0,5.0,0.0,1,1,持有,110.0299,-0.002522931205476975,-0.002522931205476975,0.0,1.0774732237302542,1.0417957225074785,-0.002522931205476975,0.0
2012-05-29,COMPOSITE,1,1,1.0,5.0,0.0,1,1,持有,109.9178,-0.0010188139769280458,-0.0010188139769280458,0.0,1.076375478950152,1.040734326464284,-0.0035391747848301236,0.0
2012-05-30,COMPOSITE,1,1,1.0,5.0,0.0,1,1,持有,109.8465,-0.0006486665490028631,-0.0006486665490028631,0.0,1.0756772701827901,1.0400592369203077,-0.004185545589539097,0.0
2012-05-31,COMPOSITE,1,1,1.0,5.0,0.0,1,1,持有,109.9393,0.0008448152649378482,0.0008448152649378482,0.0,1.0765860187607872,1.0409378948400976,-0.0033442663374073645,0.0
2012-06-01,COMPOSITE,1,1,1.0,5.0,0.0,1,1,持有,109.9919,0.0004784458332915964,0.0004784458332915964,0.0,1.0771011068556433,1.0414359272385991,-0.0028674205544102493,0.0
2012-06-04,COMPOSITE,1,1,1.0,5.0,0.0,1,1,持有,109.9884,-3.1820524965975316e-05,-3.182052496619736e-05,2.220446049250313e-16,1.0770668329329818,1.0414027882006758,-0.002899149836548931,0.0
2012-06-05,COMPOSITE,1,1,1.0,5.0,0.0,1,1,持有,109.9044,-0.0007637169010550338,-0.0007637169010549227,-1.1102230246251565e-16,1.076244258789105,1.0406074512905212,-0.00366065260787507,0.0
2012-06-06,COMPOSITE,1,1,1.0,5.0,0.0,1,1,持有,109.8682,-0.0003293771677930213,-0.00032937716779291026,-1.1102230246251565e-16,1.0758897685032915,1.040264698955431,-0.0039888240402798925,0.0
2012-06-07,COMPOSITE,1,1,1.0,5.0,0.0,1,1,持有,109.8224,-0.00041686311416755384,-0.0004168631141677759,2.220446049250313e-16,1.0754412697438922,1.0398310509734656,-0.004404024360836201,0.0
2012-06-08,COMPOSITE,1,1,1.0,5.0,0.0,1,1,持有,110.2519,0.003910859715322124,0.003910859715321902,2.220446049250313e-16,1.0796471696819285,1.0438976843414587,-0.0005103881669721311,0.0
2012-06-11,COMPOSITE,1,1,1.0,5.0,0.0,1,1,持有,110.017,-0.0021305755274967364,-0.0021305755274966254,-1.1102230246251565e-16,1.077346899843873,1.0416735814819904,-0.002639876273930697,0.0
2012-06-12,COMPOSITE,1,1,1.0,5.0,0.0,1,1,持有,109.9352,-0.0007435214557749426,-0.0007435214557749426,0.0,1.0765458693085266,1.0408990748242446,-0.003381434925055382,0.0
2012-06-13,COMPOSITE,1,1,1.0,5.0,0.0,1,1,持有,109.8373,-0.0008905245999462075,-0.0008905245999460965,-1.1102230246251565e-16,1.0755871787289368,1.0399721285920525,-0.004268948274017803,0.0
2012-06-14,COMPOSITE,1,1,1.0,5.0,0.0,1,1,持有,109.7225,-0.0010451822832497903,-0.0010451822832496793,-1.1102230246251565e-16,1.0744629940656387,1.0388851681481746,-0.005309668728163408,0.0
2012-06-15,COMPOSITE,1,1,1.0,5.0,0.0,1,1,持有,109.7126,-9.022761967691917e-05,-9.022761967703019e-05,1.1102230246251565e-16,1.0743660478272532,1.0387914320123348,-0.005399417269069784,0.0
2012-06-18,COMPOSITE,1,1,1.0,5.0,0.0,1,1,持有,109.5783,-0.001224107349566017,-0.001224107349566128,1.1102230246251565e-16,1.0730509084519837,1.0375198397857421,-0.006616915152273362,0.0
2012-06-19,COMPOSITE,1,1,1.0,5.0,0.0,1,1,持有,109.5506,-0.00025278727631283804,-0.000252787276312727,-1.1102230246251565e-16,1.072779654835491,1.0372575679713223,-0.0068680297566272586,0.0
2012-06-20,COMPOSITE,1,1,1.0,5.0,0.0,1,1,持有,109.5432,-6.754869439329347e-05,-6.754869439351552e-05,2.220446049250313e-16,1.0727071899704352,1.037187502576856,-0.0069351145245774015,0.0
2012-06-21,COMPOSITE,1,1,1.0,5.0,0.0,1,1,持有,109.5592,0.00014606109735693096,0.00014606109735737505,-4.440892098500626e-16,1.072863870759745,1.0373389953216476,-0.0067900663776582215,0.0
2012-06-25,COMPOSITE,1,1,1.0,5.0,0.0,1,1,持有,109.8145,0.0023302470262651642,0.002330247026264942,2.220446049250313e-16,1.0753639086041704,1.0397562514307246,-0.004475641883377568,0.0
2012-06-26,COMPOSITE,1,1,1.0,5.0,0.0,1,1,持有,109.8849,0.0006410810958481505,0.0006410810958481505,0.0,1.0760533040771338,1.0404228195078067,-0.0038374300369327097,0.0
2012-06-27,COMPOSITE,1,1,1.0,5.0,0.0,1,1,持有,110.0838,0.0018100758156942565,0.0018100758156944785,-2.220446049250313e-16,1.0780010421392419,1.0423060636914945,-0.002034300260542632,0.0
2012-06-28,COMPOSITE,1,1,1.0,5.0,0.0,1,1,持有,110.1659,0.0007457954758103291,0.0007457954758103291,0.0,1.078805010439388,1.0430834108382052,-0.0012900219566631677,0.0
2012-06-29,COMPOSITE,1,1,1.0,5.0,0.0,1,1,持有,110.2799,0.0010348029653459712,0.0010348029653457491,2.220446049250313e-16,1.0799213610632208,1.0441627966448435,-0.00025655390986334403,0.0
2012-07-02,COMPOSITE,1,1,1.0,5.0,0.0,1,1,持有,110.2404,-0.0003581795050596748,-0.0003581795050593417,-3.3306690738754696e-16,1.0795345553646118,1.0437887989311398,-0.0006146415225705137,0.0
2012-07-03,COMPOSITE,1,1,1.0,5.0,0.0,1,1,持有,110.2966,0.0005097949572028249,0.0005097949572028249,0.0,1.0800848966370629,1.0443209171972196,-0.0001051599065163833,0.0
2012-07-04,COMPOSITE,1,1,1.0,5.0,0.0,1,1,持有,110.2435,-0.00048142916463422836,-0.00048142916463422836,0.0,1.0795649122675408,1.0438181506504434,-0.0005865384441047228,0.0
2012-07-05,COMPOSITE,1,1,0.2,3.0,2.0,1,1,持有,110.2828,0.00035648360220763564,0.0003564836022078577,-2.220446049250313e-16,1.079949759456283,1.0441902547048372,-0.0002302639332344425,0.0
2012-07-06,COMPOSITE,1,1,0.2,3.0,2.0,1,1,持有,110.4592,0.001599524132503083,0.0015995241325028609,2.220446049250313e-16,1.0816771651584243,1.0458604622161618,0.0,0.0
2012-07-09,COMPOSITE,1,1,0.2,3.0,2.0,1,1,持有,110.6989,0.0021700320118196448,0.0021700320118196448,0.0,1.0840244392332723,1.0481300128990674,0.0,0.0
2012-07-10,COMPOSITE,1,1,0.2,3.0,2.0,1,1,持有,110.7947,0.0008654105867358375,0.0008654105867358375,0.0,1.0849625654592652,1.049037075708506,0.0,0.0
2012-07-11,COMPOSITE,1,1,0.2,3.0,2.0,1,1,持有,110.891,0.0008691751500748968,0.0008691751500751188,-2.220446049250313e-16,1.085905587959924,1.0499488726662192,0.0,0.0
2012-07-12,COMPOSITE,-1,1,-1.0,0.0,5.0,1,1,持有,110.9625,0.0006447773038389393,0.0006447773038387172,2.220446049250313e-16,1.0866057552371524,1.0506258558695054,0.0,0.0
2012-07-13,COMPOSITE,-1,-1,-1.0,0.0,5.0,1,-1,多翻空,110.9283,-0.0007080089896182029,-0.00030821223386301444,-0.00039979675575518847,1.0858364285942737,1.0503020401275136,-0.0007080089896182029,0.0004344214557288552
2012-07-16,COMPOSITE,-1,-1,-1.0,0.0,5.0,-1,-1,持空,110.8152,0.0010195775108787775,-0.0010195775108785554,0.002039155021757333,1.0869435229973612,1.0492311757877697,0.0,0.0
2012-07-17,COMPOSITE,-1,-1,-1.0,0.0,5.0,-1,-1,持空,110.6649,0.001353549216778438,-0.001356312130465609,0.002709861347244047,1.0884147545515968,1.047808090816386,0.0,0.0
2012-07-18,COMPOSITE,-1,-1,-1.0,0.0,5.0,-1,-1,持空,110.5692,0.0008606757518772046,-0.0008647728412531919,0.0017254485931303964,1.0893515267388247,1.0469019748366026,0.0,0.0
2012-07-19,COMPOSITE,-1,-1,-1.0,0.0,5.0,-1,-1,持空,110.5378,0.00028215233710193743,-0.000283985051895308,0.0005661373889972454,1.0896588898180197,1.0466046703249494,0.0,0.0
2012-07-20,COMPOSITE,-1,-1,-1.0,0.0,5.0,-1,-1,持空,110.6275,-0.0008057938102100648,0.0008114871111966071,-0.001617280921406672,1.088780849429364,1.0474539765254363,-0.0008057938102100648,0.0
2012-07-23,COMPOSITE,-1,-1,-1.0,0.0,5.0,-1,-1,持空,110.6196,7.10245789994346e-05,-7.141081557482387e-05,0.00014243539457425847,1.0888581796308174,1.0473791769826954,-0.0007348264623766587,0.0
2012-07-24,COMPOSITE,-1,-1,-1.0,0.0,5.0,-1,-1,持空,110.6319,-0.00011057471884357017,0.00011119186834873673,-0.0002217665871923069,1.0887377794437443,1.0474956370302537,-0.0008453199279907508,0.0
2012-07-25,COMPOSITE,-1,-1,-1.0,0.0,5.0,-1,-1,持空,110.6372,-4.765128609018898e-05,4.790661644626937e-05,-9.555790253645835e-05,1.0886858996883388,1.047545819001966,-0.0008929309334991808,0.0
2012-07-26,COMPOSITE,-1,-1,-1.0,0.0,5.0,-1,-1,持空,110.5622,0.0006743427855213646,-0.0006778913421525701,0.0013522341276739347,1.0894200471704925,1.0468356967607564,-0.00021919028951078445,0.0
2012-07-27,COMPOSITE,-1,-1,-1.0,0.0,5.0,-1,-1,持空,110.6165,-0.0004878951681307475,0.0004911262619593515,-0.000979021430090099,1.0888885243934132,1.0473498252633922,-0.0007069785157584052,0.0
2012-07-30,COMPOSITE,-1,-1,-0.2,2.0,3.0,-1,-1,持空,110.5934,0.0002076589287496322,-0.00020882960498658232,0.00041648853373621453,1.0891146418179165,1.0471311076130996,-0.0004994663974100533,0.0
2012-07-31,COMPOSITE,-1,-1,-0.2,2.0,3.0,-1,-1,持空,110.5352,0.0005230840026173578,-0.0005262520186558595,0.0010493360212732172,1.0896843402640677,1.0465800527539209,0.0,0.0
2012-08-01,COMPOSITE,-1,-1,-0.2,2.0,3.0,-1,-1,持空,110.5287,5.838949204717281e-05,-5.880479702369268e-05,0.00011719428907086549,1.0897479663791876,1.0465185088263496,0.0,0.0
2012-08-02,COMPOSITE,-1,-1,-0.2,2.0,3.0,-1,-1,持空,110.5168,0.00010689144410336304,-0.00010766434419307025,0.0002145557882964333,1.0898644511130227,1.046405836097411,0.0,0.0
2012-08-03,COMPOSITE,-1,-1,-0.2,2.0,3.0,-1,-1,持空,110.4597,0.000512844463525175,-0.0005166635298886613,0.0010295079934138363,1.090423382062769,1.0458651963644368,0.0,0.0
2012-08-06,COMPOSITE,-1,-1,-0.2,2.0,3.0,-1,-1,持空,110.4573,2.1544585172561526e-05,-2.172738111727579e-05,4.3271966289837316e-05,1.0904468747821978,1.045842472452718,0.0,0.0
2012-08-07,COMPOSITE,-1,-1,-0.2,2.0,3.0,-1,-1,持空,110.3822,0.00067415145337546,-0.0006799007399241885,0.0013540521932996485,1.091182001127661,1.0451314033818533,0.0,0.0
2012-08-08,COMPOSITE,1,-1,0.6,4.0,1.0,-1,-1,持空,110.2709,0.0009984355152392599,-0.0010083147463991748,0.0020067502616384347,1.0922714759911767,1.0440775819758985,0.0,0.0
2012-08-09,COMPOSITE,1,1,0.6,4.0,1.0,-1,1,空翻多,110.2144,0.00010877336871573107,-0.000512374524920034,0.0006211478936357651,1.0923902860391723,1.043542623220854,0.0,0.00043424772189336786
2012-08-10,COMPOSITE,1,1,0.6,4.0,1.0,1,1,持有,110.2488,0.0003121189245689493,0.00031211892456872725,2.220446049250313e-16,1.0927312417204604,1.0438683326221554,0.0,0.0
2012-08-13,COMPOSITE,-1,1,-0.2,2.0,3.0,1,1,持有,110.3086,0.000542409531895105,0.000542409531895105,0.0,1.0933239495617693,1.0444345367558132,0.0,0.0
2012-08-14,COMPOSITE,-1,-1,-0.2,2.0,3.0,1,-1,多翻空,110.2968,-0.0005068498559532841,-0.00010697262044834233,-0.0003998772355049418,1.0927697984754237,1.0443228108565297,-0.0005068498559532841,0.00043719535846186184
2012-08-15,COMPOSITE,-1,-1,-0.2,2.0,3.0,-1,-1,持空,110.2276,0.0006273980750122199,-0.0006273980750123309,0.0012547961500245508,1.0934554001434187,1.0436676047353068,0.0,0.0
2012-08-16,COMPOSITE,-1,-1,-0.2,2.0,3.0,-1,-1,持空,110.1624,0.0005907616476088506,-0.0005915033984228435,0.0011822650460316941,1.0941013716571941,1.043050271800282,0.0,0.0
2012-08-17,COMPOSITE,-1,-1,-0.2,2.0,3.0,-1,-1,持空,110.143,0.00017567499040138657,-0.00017610364334830209,0.00035177863374968865,1.0942935779051581,1.0428665868472227,0.0,0.0
2012-08-20,COMPOSITE,-1,-1,-0.2,2.0,3.0,-1,-1,持空,109.9942,0.0013472086163406338,-0.001350971010413704,0.002698179626754338,1.0957678196421181,1.041457704320663,0.0,0.0
2012-08-21,COMPOSITE,-1,-1,-1.0,0.0,5.0,-1,-1,持空,109.9042,0.0008137476333505145,-0.0008182249609526293,0.0016319725943031438,1.0966594981120537,1.0406055576312114,0.0,0.0
2012-08-22,COMPOSITE,-1,-1,-1.0,0.0,5.0,-1,-1,持空,109.7089,0.0017643965908209491,-0.0017770021527840907,0.00354139874360504,1.098594440391814,1.0387563993151017,0.0,0.0
2012-08-23,COMPOSITE,-1,-1,-1.0,0.0,5.0,-1,-1,持空,109.6877,0.00019118958702124544,-0.00019323865247011796,0.0003844282394913634,1.0988044802091763,1.0385556714282533,0.0,0.0
2012-08-24,COMPOSITE,-1,-1,-1.0,0.0,5.0,-1,-1,持空,109.9001,-0.0019151370666481426,0.0019364067256399942,-0.003851543792288137,1.0967001190201286,1.0405667376153585,-0.0019151370666481426,0.0
2012-08-27,COMPOSITE,-1,-1,-1.0,0.0,5.0,-1,-1,持空,109.9827,-0.0007462046100269459,0.0007515916728013661,-0.001497796282828312,1.0958817563354988,1.0413488189103441,-0.0026599125925671485,0.0
2012-08-28,COMPOSITE,-1,-1,-1.0,0.0,5.0,-1,-1,持空,109.9607,0.00019889540723383448,-0.00020003145949321066,0.00039892686672704514,1.0960997221837052,1.041140516386256,-0.0024615462297316038,0.0
2012-08-29,COMPOSITE,-1,-1,-1.0,0.0,5.0,-1,-1,持空,109.9149,0.0004139817359936071,-0.0004165124449008184,0.0008304941808944255,1.0965534874495169,1.0407068684042906,-0.0020485835289194565,0.0
2012-08-30,COMPOSITE,-1,-1,-1.0,0.0,5.0,-1,-1,持空,109.8575,0.0005186183068650596,-0.0005222221918955716,0.0010408404987606312,1.0971221801625648,1.0401633881823518,-0.001531027654975814,0.0
2012-08-31,COMPOSITE,-1,-1,-1.0,0.0,5.0,-1,-1,持空,109.8932,-0.0003223880920494304,0.0003249664337889868,-0.0006473545258384172,1.096768481036157,1.0405014063691673,-0.0018529221619406622,0.0
2012-09-03,COMPOSITE,-1,-1,-1.0,0.0,5.0,-1,-1,持空,109.8814,0.00010659401411361458,-0.00010737698055940381,0.0002139709946730184,1.096885389991104,1.0403896804698836,-0.001746525658238185,0.0
2012-09-04,COMPOSITE,-1,-1,-1.0,0.0,5.0,-1,-1,持空,109.8887,-6.59367260337218e-05,6.643526565919267e-05,-0.00013237199169291447,1.0968130649596537,1.0404587990346947,-0.0018123472240880734,0.0
2012-09-05,COMPOSITE,-1,-1,-1.0,0.0,5.0,-1,-1,持空,109.8266,0.0005609507799564373,-0.0005651172504542723,0.0011260680304107096,1.0974283231039093,1.0398708178189733,-0.001252413081720527,0.0
2012-09-06,COMPOSITE,-1,-1,-1.0,0.0,5.0,-1,-1,持空,109.8156,9.930755549936165e-05,-0.00010015788524819769,0.00019946544074755934,1.0975373060280125,1.0397666665569292,-0.0011532299003027546,0.0
2012-09-07,COMPOSITE,-1,-1,-1.0,0.0,5.0,-1,-1,持空,109.5718,0.002200797992381265,-0.0022200853066414172,0.004420883299022682,1.0999527639276825,1.0374582958581706,0.0,0.0
2012-09-10,COMPOSITE,-1,-1,-1.0,0.0,5.0,-1,-1,持空,109.1842,0.003491206231568844,-0.0035374065224810236,0.007028612754049868,1.1037929258715382,1.0337883841156,0.0,0.0
2012-09-11,COMPOSITE,-1,-1,-1.0,0.0,5.0,-1,-1,持空,109.1485,0.00032043974745388226,-0.0003269703858250761,0.0006474101332789584,1.104146624997946,1.0334503659287841,0.0,0.0
2012-09-12,COMPOSITE,-1,-1,-1.0,0.0,5.0,-1,-1,持空,108.8968,0.00225851114136022,-0.0023060326069528347,0.004564543748313055,1.106640352452199,1.031067195687285,0.0,0.0
2012-09-13,COMPOSITE,-1,-1,-0.2,2.0,3.0,-1,-1,持空,108.9059,-8.147055242402335e-05,8.356535729214798e-05,-0.00016503590971617133,1.10655019385135,1.0311533571858849,-8.147055242402335e-05,0.0
2012-09-14,COMPOSITE,-1,-1,-0.2,2.0,3.0,-1,-1,持空,108.468,0.003920754031106366,-0.004020902448810926,0.007941656479917292,1.1108887049845142,1.0270071901268765,0.0,0.0
2012-09-17,COMPOSITE,-1,-1,-0.2,2.0,3.0,-1,-1,持空,108.432,0.0003210685160213167,-0.0003318951211418453,0.000652963637163162,1.1112453763724883,1.0266663314510958,0.0,0.0
2012-09-18,COMPOSITE,-1,-1,-0.2,2.0,3.0,-1,-1,持空,108.5434,-0.0009932097972924492,0.0010273719935074421,-0.0020205817907998913,1.1101416765774792,1.0277210996867057,-0.0009932097972924492,0.0
2012-09-19,COMPOSITE,-1,-1,-0.2,2.0,3.0,-1,-1,持空,108.5876,-0.0003944660518230281,0.00040721038773439133,-0.0008016764395574194,1.1097037633733555,1.028139598394192,-0.0013872840615680726,0.0
2012-09-20,COMPOSITE,-1,-1,-0.2,2.0,3.0,-1,-1,持空,108.7086,-0.0010802992696820057,0.001114307711009399,-0.002194606980691405,1.10850495120822,1.0292852622766766,-0.0024660846492915445,0.0
2012-09-21,COMPOSITE,-1,-1,-0.2,2.0,3.0,-1,-1,持空,108.794,-0.0007632837288287231,0.0007855864209453944,-0.0015488701497741175,1.1076588474156366,1.0300938548020004,-0.0032274860558335616,0.0
2012-09-24,COMPOSITE,-1,-1,-0.2,2.0,3.0,-1,-1,持空,108.7751,0.00016905248319321053,-0.00017372281559657754,0.0003427752987897881,1.1078460998943231,1.0299149039972155,-0.0030589791871725724,0.0
2012-09-25,COMPOSITE,-1,-1,-1.0,0.0,5.0,-1,-1,持空,108.8695,-0.0008442252400095995,0.0008678456742399199,-0.0017120709142495194,1.1069108282547462,1.0308087111914848,-0.003900621959743611,0.0
2012-09-26,COMPOSITE,-1,-1,-1.0,0.0,5.0,-1,-1,持空,108.9363,-0.0005979014375592229,0.0006135786423193679,-0.0012114800798785907,1.1062490046792828,1.0314411934009886,-0.004496191209825806,0.0
2012-09-27,COMPOSITE,-1,-1,-1.0,0.0,5.0,-1,-1,持空,109.0865,-0.0013451874619928583,0.0013787874198041283,-0.0027239748817969867,1.104760892388346,1.0328633315427176,-0.0058353304517765325,0.0
2012-09-28,COMPOSITE,-1,-1,-1.0,0.0,5.0,-1,-1,持空,109.1416,-0.0004941389382380201,0.0005051037479431031,-0.0009992426861811232,1.1042149870139744,1.0333850346825928,-0.006326585926020867,0.0
2012-09-29,COMPOSITE,-1,-1,-1.0,0.0,5.0,-1,-1,持空,109.1308,9.69027025088387e-05,-9.89540193657712e-05,0.0001958567218746099,1.1043219884303668,1.0332827770798585,-0.006230296286785952,0.0
2012-10-08,COMPOSITE,-1,-1,-1.0,0.0,5.0,-1,-1,持空,108.9597,0.0015350412873171848,-0.0015678433586118201,0.003102884645929005,1.1060171682770996,1.031662751540246,-0.004704818761501195,0.0
2012-10-09,COMPOSITE,-1,-1,-1.0,0.0,5.0,-1,-1,持空,108.8751,0.0007578343137701893,-0.0007764338558199357,0.001534268169590125,1.106855346038839,1.0308617336521617,-0.003950549920828439,0.0
2012-10-10,COMPOSITE,-1,-1,-1.0,0.0,5.0,-1,-1,持空,108.8085,0.0005961411941621808,-0.0006117101155362903,0.001207851309698471,1.1075151881065914,1.0302311451019674,-0.0033567638122136145,0.0
2012-10-11,COMPOSITE,-1,-1,-1.0,0.0,5.0,-1,-1,持空,108.8527,-0.00039540153383588184,0.0004062182641981771,-0.0008016197980340589,1.1070772749024675,1.0306496438094537,-0.00375083807648946,0.0
2012-10-12,COMPOSITE,-1,-1,-1.0,0.0,5.0,-1,-1,持空,108.9213,-0.0006139202386952203,0.0006302094481809295,-0.0012441296868761498,1.1063976177576054,1.0312991689527466,-0.004362455599777437,0.0
2012-10-15,COMPOSITE,-1,-1,-1.0,0.0,5.0,-1,-1,持空,108.9506,-0.00026237482347901686,0.00026900156351428173,-0.0005313763869932986,1.1061073268779487,1.0315765900416458,-0.004623685824738488,0.0
2012-10-16,COMPOSITE,-1,-1,-1.0,0.0,5.0,-1,-1,持空,108.8005,0.0013444640505899663,-0.0013776886038258107,0.002722152654415777,1.1075944484150302,1.030155398729572,-0.003285438153521114,0.0
2012-10-17,COMPOSITE,-1,-1,-1.0,0.0,5.0,-1,-1,持空,108.7348,0.0005876928003605286,-0.000603857519037021,0.0011915503193975496,1.108245373698083,1.0295333316462725,-0.0026996761815093473,0.0
2012-10-18,COMPOSITE,-1,-1,-1.0,0.0,5.0,-1,-1,持空,108.6259,0.0009735487954456445,-0.001001519292811448,0.0019750680882570926,1.109324304646705,1.0285022341520362,-0.001728755652558478,0.0
2012-10-19,COMPOSITE,-1,-1,-1.0,0.0,5.0,-1,-1,持空,108.5774,0.0004331606347189876,-0.0004464865193293255,0.0008796471540483131,1.1098048202666149,1.0280430217693872,-0.0012963438467352706,0.0
2012-10-22,COMPOSITE,-1,-1,-1.0,0.0,5.0,-1,-1,持空,108.5958,-0.00016426195496732632,0.00016946436367049067,-0.000333726318637817,1.1096225215572058,1.0282172384258972,-0.0014603928617279438,0.0
2012-10-23,COMPOSITE,-1,-1,-1.0,0.0,5.0,-1,-1,持空,108.5195,0.000681263381959285,-0.0007026054414628335,0.0013838688234221186,1.11037846674894,1.0274948073991732,-0.0007801243919486334,0.0
2012-10-24,COMPOSITE,-1,-1,-1.0,0.0,5.0,-1,-1,持空,108.4863,0.0002962325818365308,-0.00030593579955662253,0.0006021683813931533,1.1107073970289607,1.0271804599537313,-0.0004841229083749621,0.0
2012-10-25,COMPOSITE,-1,-1,-1.0,0.0,5.0,-1,-1,持空,108.4396,0.0004165652013738974,-0.0004304691007065431,0.0008470343020804405,1.1111700790794716,1.0267382905048716,-6.775937575775881e-05,0.0
2012-10-26,COMPOSITE,-1,-1,-1.0,0.0,5.0,-1,-1,持空,108.3829,0.0005055548620647166,-0.000522871718449669,0.0010284265805143855,1.111731836515531,1.0262014380905173,0.0,0.0
2012-10-29,COMPOSITE,-1,-1,-1.0,0.0,5.0,-1,-1,持空,108.3729,8.911806093347963e-05,-9.22654773034548e-05,0.00018138353823693443,1.1118309119010794,1.0261067551250225,0.0,0.0
2012-10-30,COMPOSITE,-1,-1,-0.6,1.0,4.0,-1,-1,持空,108.399,-0.00023257741218851713,0.00024083511652839285,-0.00047341252871691,1.1115723251447982,1.0263538776649637,-0.00023257741218851713,0.0
2012-10-31,COMPOSITE,1,-1,0.2,3.0,2.0,-1,-1,持空,108.3652,0.00030126227108961956,-0.0003118109945665637,0.0006130732656561833,1.1119071999479517,1.0260338492415917,0.0,0.0
2012-11-01,COMPOSITE,1,1,0.2,3.0,2.0,-1,1,空翻多,108.2303,0.0008089761769713988,-0.0012448645875242637,0.0020538407644956624,1.1128067063837126,1.0247565760370696,0.0,0.00043702051528710865
2012-11-02,COMPOSITE,1,1,0.2,3.0,2.0,1,1,持有,108.2146,-0.0001450610411315445,-0.00014506104113165552,1.1102230246251565e-16,1.1126452814843064,1.024607923781243,-0.0001450610411315445,0.0
2012-11-05,COMPOSITE,1,1,0.2,3.0,2.0,1,1,持有,108.2564,0.0003862695052239129,0.00038626950522369086,2.220446049250313e-16,1.113075062426675,1.0250036985770103,0.0,0.0
2012-11-06,COMPOSITE,1,1,0.2,3.0,2.0,1,1,持有,108.2607,3.972051536904608e-05,3.972051536926813e-05,-2.220446049250313e-16,1.113119274341799,1.0250444122521731,0.0,0.0
2012-11-07,COMPOSITE,1,1,0.2,3.0,2.0,1,1,持有,108.2682,6.927721693994471e-05,6.927721693994471e-05,0.0,1.1131963881472478,1.025115424476294,0.0,0.0
2012-11-08,COMPOSITE,1,1,0.2,3.0,2.0,1,1,持有,108.3385,0.0006493134641567533,0.0006493134641567533,0.0,1.1139192015503223,1.025781045723721,0.0,0.0
2012-11-09,COMPOSITE,1,1,0.2,3.0,2.0,1,1,持有,108.3926,0.0004993607997159089,0.0004993607997156868,2.220446049250313e-16,1.1144754491336273,1.0262932805670468,0.0,0.0
2012-11-12,COMPOSITE,1,1,0.2,3.0,2.0,1,1,持有,108.4067,0.0001300826809209621,0.00013008268092118414,-2.220446049250313e-16,1.1146204230878711,1.0264267835483945,0.0,0.0
2012-11-13,COMPOSITE,1,1,0.2,3.0,2.0,1,1,持有,108.4555,0.0004501566785080069,0.0004501566785080069,0.0,1.1151221769153254,1.0268888364200082,0.0,0.0
2012-11-14,COMPOSITE,1,1,0.2,3.0,2.0,1,1,持有,108.5674,0.001031759569593227,0.0010317595695927828,4.440892098500626e-16,1.1162727148926235,1.0279483388038926,0.0,0.0
2012-11-15,COMPOSITE,1,1,0.2,3.0,2.0,1,1,持有,108.625,0.0005305460018383279,0.0005305460018385499,-2.220446049250313e-16,1.116864948918471,1.0284937126851417,0.0,0.0
2012-11-16,COMPOSITE,1,1,0.2,3.0,2.0,1,1,持有,108.7564,0.0012096662830840543,0.0012096662830838323,2.220446049250313e-16,1.118215982789936,1.0297378468517406,0.0,0.0
2012-11-19,COMPOSITE,1,1,0.2,3.0,2.0,1,1,持有,108.8508,0.0008679948950132133,0.0008679948950132133,0.0,1.1191865885545198,1.0306316540460099,0.0,0.0
2012-11-20,COMPOSITE,1,1,0.2,3.0,2.0,1,1,持有,108.8111,-0.0003647194140972143,-0.00036471941409732533,1.1102230246251565e-16,1.1187783994776768,1.030255762672996,-0.0003647194140972143,0.0
2012-11-21,COMPOSITE,1,1,0.2,3.0,2.0,1,1,持有,108.7729,-0.0003510671245855468,-0.00035106712458543576,-1.1102230246251565e-16,1.1183856331619237,1.0298940737448068,-0.0007156584976867331,0.0
2012-11-22,COMPOSITE,1,1,1.0,5.0,0.0,1,1,持有,108.6973,-0.0006950260588806101,-0.0006950260588804991,-1.1102230246251565e-16,1.1176083260029985,1.0291782705256676,-0.0014101871552621992,0.0
2012-11-23,COMPOSITE,1,1,1.0,5.0,0.0,1,1,持有,108.682,-0.00014075786611067453,-0.00014075786611067453,0.0,1.1174510138398828,1.029033405588461,-0.0015507465264380516,0.0
2012-11-26,COMPOSITE,1,1,1.0,5.0,0.0,1,1,持有,108.596,-0.000791299387203126,-0.000791299387203126,0.0,1.1165667755374018,1.0282191320852072,-0.002340818808865164,0.0
2012-11-27,COMPOSITE,1,1,1.0,5.0,0.0,1,1,持有,108.5462,-0.0004585804265349047,-0.00045858042653512676,2.220446049250313e-16,1.116054739869221,1.027747610917044,-0.002798325781712241,0.0
2012-11-28,COMPOSITE,1,1,1.0,5.0,0.0,1,1,持有,108.5572,0.00010133933753553315,0.00010133933753553315,0.0,1.1161678401172128,1.0278517621790881,-0.002697270024657694,0.0
2012-11-29,COMPOSITE,1,1,1.0,5.0,0.0,1,1,持有,108.6281,0.0006531119078236891,0.0006531119078234671,2.220446049250313e-16,1.1168968226247233,1.0285230644044447,-0.0020459197360055414,0.0
2012-11-30,COMPOSITE,1,1,1.0,5.0,0.0,1,1,持有,108.6487,0.0001896378561345724,0.0001896378561350165,-4.440892098500626e-16,1.1171086285436895,1.0287181113133639,-0.001856669863703475,0.0
2012-12-03,COMPOSITE,1,1,1.0,5.0,0.0,1,1,持有,108.6091,-0.00036447743967482626,-0.0003644774396749373,1.1102230246251565e-16,1.1167014676509193,1.0283431667700051,-0.002220470589100021,0.0
2012-12-04,COMPOSITE,1,1,1.0,5.0,0.0,1,1,持有,108.5583,-0.0004677324459920751,-0.0004677324459921861,1.1102230246251565e-16,1.116179150142012,1.0278621773052925,-0.0026871644489522284,0.0
2012-12-05,COMPOSITE,1,1,1.0,5.0,0.0,1,1,持有,108.5209,-0.0003445153433685455,-0.0003445153433684345,-1.1102230246251565e-16,1.11579460929884,1.0275080630143427,-0.0030307540229379537,0.0
2012-12-06,COMPOSITE,1,1,1.0,5.0,0.0,1,1,持有,108.427,-0.0008652711136747371,-0.0008652711136746261,-1.1102230246251565e-16,1.1148291444546197,1.0266189899683487,-0.003893402712703997,0.0
2012-12-07,COMPOSITE,1,1,1.0,5.0,0.0,1,1,持有,108.4187,-7.654919900035306e-05,-7.654919900057511e-05,2.220446049250313e-16,1.1147438051765894,1.0265404031069878,-0.003969653874845269,0.0
2012-12-10,COMPOSITE,1,1,1.0,5.0,0.0,1,1,持有,108.3959,-0.00021029582535114777,-0.00021029582535114777,0.0,1.1145093792080247,1.0263245259456601,-0.004179114898558489,0.0
2012-12-11,COMPOSITE,1,1,1.0,5.0,0.0,1,1,持有,108.4113,0.00014207179422842664,0.0001420717942282046,2.220446049250313e-16,1.1146677195552133,1.0264703377125217,-0.004037636838681968,0.0
2012-12-12,COMPOSITE,1,1,1.0,5.0,0.0,1,1,持有,108.4041,-6.641374100313513e-05,-6.641374100269104e-05,-4.440892098500626e-16,1.1145936903019822,1.0264021659773659,-0.004103782425117775,0.0
2012-12-13,COMPOSITE,1,1,1.0,5.0,0.0,1,1,持有,108.4013,-2.582928136463103e-05,-2.5829281364964096e-05,3.3306690738754696e-16,1.1145649011479482,1.0263756547470273,-0.004129505708731496,0.0
2012-12-14,COMPOSITE,1,1,1.0,5.0,0.0,1,1,持有,108.3388,-0.0005765613512016543,-0.0005765613512015433,-1.1102230246251565e-16,1.1139222861025404,1.025783886212686,-0.00470368614654193,0.0
2012-12-17,COMPOSITE,1,1,1.0,5.0,0.0,1,1,持有,108.3478,8.307273109919855e-05,8.307273109919855e-05,0.0,1.1140148226690791,1.0258691008816312,-0.0046210041634972,0.0
2012-12-18,COMPOSITE,1,1,1.0,5.0,0.0,1,1,持有,108.3336,-0.00013105942160340778,-0.00013105942160340778,0.0,1.1138688205307625,1.0257346510706289,-0.0047514579589676975,0.0
2012-12-19,COMPOSITE,1,1,1.0,5.0,0.0,1,1,持有,108.284,-0.0004578450268430956,-0.0004578450268430956,0.0,1.113358841230727,1.0252650235617755,-0.005207127554413993,0.0
2012-12-20,COMPOSITE,1,1,1.0,5.0,0.0,1,1,持有,108.2215,-0.0005771859185105255,-0.0005771859185106365,1.1102230246251565e-16,1.1127162261853194,1.0246732550274342,-0.005781307992224205,0.0
2012-12-21,COMPOSITE,1,1,1.0,5.0,0.0,1,1,持有,108.2173,-3.880929390198684e-05,-3.8809293901764796e-05,-2.220446049250313e-16,1.112673042454268,1.0246334881819266,-0.005819892917645175,0.0
2012-12-24,COMPOSITE,1,1,1.0,5.0,0.0,1,1,持有,108.2217,4.0658933460724356e-05,4.0658933460724356e-05,0.0,1.1127182825534645,1.0246751486867443,-0.005779470614823423,0.0
2012-12-25,COMPOSITE,1,1,1.0,5.0,0.0,1,1,持有,108.2501,0.0002624242642650376,0.0002624242642648156,2.220446049250313e-16,1.113010286830098,1.0249440483087489,-0.005518563023882206,0.0
2012-12-26,COMPOSITE,1,1,1.0,5.0,0.0,1,1,持有,108.255,4.52655470986052e-05,4.526554709882724e-05,-2.220446049250313e-16,1.1130606678496577,1.0249904429618413,-0.005473547277558,0.0
2012-12-27,COMPOSITE,1,1,1.0,5.0,0.0,1,1,持有,108.3465,0.0008452265484275578,0.0008452265484271138,4.440892098500626e-16,1.1140014562761347,1.0258567920961168,-0.0046329471166036695,0.0
2012-12-28,COMPOSITE,1,1,1.0,5.0,0.0,1,1,持有,108.3605,0.0001292150646305945,0.0001292150646305945,0.0,1.114145402046306,1.0259893482478093,-0.004504330698534176,0.0
2012-12-31,COMPOSITE,1,1,1.0,5.0,0.0,1,1,持有,108.3577,-2.58396740511202e-05,-2.5839674050898154e-05,-2.220446049250313e-16,1.1141166128922715,1.025962837017471,-0.00453005398214823,0.0
2013-01-04,COMPOSITE,1,1,1.0,5.0,0.0,1,1,持有,108.2105,-0.0013584636809381712,-0.0013584636809385042,3.3306690738754696e-16,1.1126031259373275,1.0245691037653901,-0.005882363749278974,0.0
2013-01-05,COMPOSITE,1,1,1.0,5.0,0.0,1,1,持有,108.2424,0.00029479579153601776,0.00029479579153601776,0.0,1.1129311166565037,1.024871142425318,-0.005589302053820466,0.0
2013-01-06,COMPOSITE,1,1,0.6,4.0,1.0,1,1,持有,108.2532,9.977605818045632e-05,9.977605818045632e-05,0.0,1.11304216053635,1.0249734000280522,-0.0054900836741669234,0.0
2013-01-07,COMPOSITE,1,1,0.6,4.0,1.0,1,1,持有,108.2777,0.00022632125424459915,0.0002263212542448212,-2.220446049250313e-16,1.11329406563415,1.025205373293514,-0.005265004942545226,0.0
2013-01-08,COMPOSITE,1,1,0.6,4.0,1.0,1,1,持有,108.3143,0.0003380197399833751,0.0003380197399833751,0.0,1.1136703810047406,1.0255519129472241,-0.004928764878163516,0.0
2013-01-09,COMPOSITE,1,1,0.6,4.0,1.0,1,1,持有,108.3527,0.0003545238255704408,0.0003545238255704408,0.0,1.114065203688639,1.0259154955347234,-0.004575988417172994,0.0
2013-01-10,COMPOSITE,1,1,0.6,4.0,1.0,1,1,持有,108.2604,-0.0008518477158389048,-0.0008518477158389048,0.0,1.1131161897895812,1.0250415717632084,-0.005423938087731006,0.0
2013-01-11,COMPOSITE,1,1,0.6,4.0,1.0,1,1,持有,108.1931,-0.000621649282655512,-0.000621649282655623,1.1102230246251565e-16,1.1124242219086862,1.0244043554054296,-0.0060422155831652,0.0
2013-01-14,COMPOSITE,-1,1,-0.2,2.0,3.0,1,1,持有,108.1905,-2.4031107344169023e-05,-2.4031107344169023e-05,0.0,1.1123974891227972,1.024379737834401,-0.0060661014893781395,0.0
2013-01-15,COMPOSITE,-1,-1,-0.2,2.0,3.0,1,-1,多翻空,108.2033,-0.000281657497348764,0.0001183098331183352,-0.0003999673304670992,1.1120841740299539,1.024500932030234,-0.006346050423762684,0.0004449226541428101
2013-01-16,COMPOSITE,-1,-1,-0.2,2.0,3.0,-1,-1,持空,108.2197,-0.00015156654187065133,0.00015156654187076235,-0.0003031330837414137,1.111915619277427,1.0246562120936453,-0.0064966551167160436,0.0
2013-01-17,COMPOSITE,-1,-1,-0.2,2.0,3.0,-1,-1,持空,108.2494,-0.0002745249193756294,0.00027444171440138554,-0.0005489666337770149,1.1116103707316924,1.0249374205011643,-0.006769396542369521,0.0
2013-01-18,COMPOSITE,-1,-1,-0.2,2.0,3.0,-1,-1,持空,108.3388,-0.0008265746524505069,0.0008258706283821304,-0.0016524452808326373,1.1106915417758445,1.025783886212686,-0.007590375783225745,0.0
2013-01-21,COMPOSITE,-1,-1,-0.2,2.0,3.0,-1,-1,持空,108.351,-0.00011289209181630788,0.00011260970215642985,-0.00022550179397273773,1.1105661534843307,1.0258993994305894,-0.00770241098164226,0.0
2013-01-22,COMPOSITE,-1,-1,-0.2,2.0,3.0,-1,-1,持空,108.3436,6.848326232056223e-05,-6.829655471574103e-05,0.00013677981703630326,1.1106422086775443,1.0258293340361233,-0.007634455205553392,0.0
2013-01-23,COMPOSITE,-1,-1,-0.2,2.0,3.0,-1,-1,持空,108.3911,-0.0004395584057449442,0.0004384199897362606,-0.0008779783954812048,1.110154016558945,1.0262790781222226,-0.0080706578223394,0.0
2013-01-24,COMPOSITE,-1,-1,-0.2,2.0,3.0,-1,-1,持空,108.3226,0.0006341682443722352,-0.0006319707060817858,0.001266138950454021,1.110858040982609,1.0256304998085848,-0.007441607732869171,0.0
2013-01-25,COMPOSITE,1,-1,1.0,5.0,0.0,-1,-1,持空,108.3178,4.4409903408482165e-05,-4.43120826123522e-05,8.872198602083436e-05,1.1109073740809094,1.0255850519851475,-0.0073975283105414125,0.0
2013-01-28,COMPOSITE,1,1,1.0,5.0,0.0,-1,1,空翻多,108.2808,-5.8032520176887203e-05,-0.00034158743992229734,0.00028355491974541014,1.1108429053263085,1.0252347250128173,-0.007455131533507409,0.0004447447206678603
2013-01-29,COMPOSITE,1,1,1.0,5.0,0.0,1,1,持有,108.2548,-0.00024011643800181393,-0.00024011643800181393,0.0,1.110576173684702,1.0249885493025315,-0.007693457871880471,0.0
2013-01-30,COMPOSITE,1,1,1.0,5.0,0.0,1,1,持有,108.2576,2.5864903911765325e-05,2.5864903911765325e-05,0.0,1.110604898630721,1.0250150605328698,-0.0076677919585173004,0.0
2013-01-31,COMPOSITE,1,1,1.0,5.0,0.0,1,1,持有,108.2212,-0.0003362350541671333,-0.0003362350541672443,1.1102230246251565e-16,1.1102314743324717,1.0246704145384693,-0.008001448832239855,0.0
2013-02-01,COMPOSITE,1,1,1.0,5.0,0.0,1,1,持有,108.3069,0.0007918965969699876,0.0007918965969699876,0.0,1.1111106628588445,1.025481847552758,-0.007215888555371031,0.0
2013-02-04,COMPOSITE,1,1,1.0,5.0,0.0,1,1,持有,108.3064,-4.616511044108762e-06,-4.616511044108762e-06,0.0,1.1111055334041982,1.0254771134044833,-0.007220471754185942,0.0
2013-02-05,COMPOSITE,1,1,1.0,5.0,0.0,1,1,持有,108.3392,0.00030284452257678396,0.00030284452257678396,0.0,1.1114420256289943,1.0257876735313058,-0.006919813911930417,0.0
2013-02-06,COMPOSITE,1,1,1.0,5.0,0.0,1,1,持有,108.3489,8.953361294894435e-05,8.953361294894435e-05,0.0,1.1115415370491322,1.0258795160078356,-0.006830899854921912,0.0
2013-02-07,COMPOSITE,1,1,1.0,5.0,0.0,1,1,持有,108.3367,-0.0001125992049757496,-0.00011259920497597165,2.220446049250313e-16,1.111416378355763,1.025764002789932,-0.006942729906004752,0.0
2013-02-08,COMPOSITE,1,1,1.0,5.0,0.0,1,1,持有,108.354,0.0001596873451010783,0.0001596873451010783,0.0,1.1115938574865243,1.0259278043202378,-0.00678415122701026,0.0
2013-02-16,COMPOSITE,1,1,1.0,5.0,0.0,1,1,持有,108.3448,-8.490687930295948e-05,-8.490687930295948e-05,0.0,1.1114994755210328,1.0258406959919828,-0.006868482085203742,0.0
2013-02-17,COMPOSITE,1,1,1.0,5.0,0.0,1,1,持有,108.383,0.0003525780655830868,0.0003525780655830868,0.0,1.1118913658560086,1.026202384920172,-0.00651832569574784,0.0
2013-02-18,COMPOSITE,1,1,1.0,5.0,0.0,1,1,持有,108.3688,-0.0001310168568869896,-0.00013101685688710063,1.1102230246251565e-16,1.1117456893440543,1.0260679351091697,-0.006648488542089992,0.0
2013-02-19,COMPOSITE,1,1,1.0,5.0,0.0,1,1,持有,108.3601,-8.028140940941064e-05,-8.028140940929962e-05,-1.1102230246251565e-16,1.111656436833209,1.0259855609291895,-0.006728236201468785,0.0
2013-02-20,COMPOSITE,1,1,1.0,5.0,0.0,1,1,持有,108.4955,0.0012495374219847477,0.0012495374219847477,0.0,1.1130454931514222,1.0272675682819865,-0.0054871059624017615,0.0
2013-02-21,COMPOSITE,1,1,1.0,5.0,0.0,1,1,持有,108.4819,-0.00012535082100195716,-0.00012535082100184614,-1.1102230246251565e-16,1.1129059719850432,1.0271387994489138,-0.005611768970166353,0.0
2013-02-22,COMPOSITE,1,1,1.0,5.0,0.0,1,1,持有,108.4301,-0.00047749901135585304,-0.00047749901135585304,0.0,1.1123745604836883,1.0266483416876517,-0.006086588367386958,0.0
2013-02-25,COMPOSITE,1,1,1.0,5.0,0.0,1,1,持有,108.3399,-0.0008318723306535158,-0.0008318723306536269,1.1102230246251565e-16,1.111449206865499,1.0257943013388904,-0.006913397433589652,0.0
2013-02-26,COMPOSITE,1,1,1.0,5.0,0.0,1,1,持有,108.3601,0.00018645023670882388,0.00018645023670882388,0.0,1.111656436833209,1.0259855609291895,-0.006728236201468785,0.0
2013-02-27,COMPOSITE,1,1,0.2,3.0,2.0,1,1,持有,108.3613,1.1074186901049998e-05,1.1074186900827954e-05,2.220446049250313e-16,1.11166874752436,1.0259969228850487,-0.006717236524312997,0.0
2013-02-28,COMPOSITE,-1,1,-1.0,0.0,5.0,1,1,持有,108.3158,-0.0004198916033677502,-0.0004198916033675282,-2.220446049250313e-16,1.1112019671515483,1.0255661153920483,-0.007134307616466384,0.0
2013-03-01,COMPOSITE,-1,-1,-1.0,0.0,5.0,1,-1,多翻空,108.3516,-6.953716452506864e-05,0.00033051503104819524,-0.0004000521955732639,1.111124697317538,1.025905080408519,-0.00720334868146888,0.00044453878668435207
2013-03-04,COMPOSITE,-1,-1,-1.0,0.0,5.0,-1,-1,持空,108.3679,-0.00015043617260834807,0.00015043617260857012,-0.0003008723452169182,1.1109575439707828,1.0260594136422754,-0.007352701209871637,0.0
2013-03-05,COMPOSITE,-1,-1,-1.0,0.0,5.0,-1,-1,持空,108.4163,-0.00044676112033648074,0.000446626722488741,-0.0008933878428252218,1.1104612113337922,1.026517679195269,-0.007796177429178153,0.0
2013-03-06,COMPOSITE,-1,-1,-1.0,0.0,5.0,-1,-1,持空,108.4027,0.00012559229232711466,-0.00012544239196510265,0.0002510346842922173,1.110600676702864,1.0263889103621964,-0.007671564276645726,0.0
2013-03-07,COMPOSITE,-1,-1,-1.0,0.0,5.0,-1,-1,持空,108.3572,0.0004201273308985787,-0.0004197312428564359,0.0008398585737550146,1.1110672704008613,1.025958102869196,-0.0072546599795705324,0.0
2013-03-08,COMPOSITE,-1,-1,-1.0,0.0,5.0,-1,-1,持空,108.3281,0.0002685839809499768,-0.00026855621961419107,0.0005371402005641679,1.1113656852714489,1.0256825754396068,-0.0069880244840782035,0.0
2013-03-11,COMPOSITE,-1,-1,-1.0,0.0,5.0,-1,-1,持空,108.3207,6.828136721437339e-05,-6.831099225412807e-05,0.00013659235946850146,1.1114415708399144,1.0256125100451408,-0.006920220268729738,0.0
2013-03-12,COMPOSITE,-1,-1,-1.0,0.0,5.0,-1,-1,持空,108.3162,4.1519618019458804e-05,-4.1543306127045376e-05,8.306292414650418e-05,1.1114877174693867,1.0255699027106682,-0.006878987975612372,0.0
2013-03-13,COMPOSITE,-1,-1,-1.0,0.0,5.0,-1,-1,持空,108.332,-0.00014577393967907248,0.00014586922362491705,-0.00029164316330398954,1.1113256915259062,1.0257195017961496,-0.007023759138113261,0.0
2013-03-14,COMPOSITE,-1,-1,-1.0,0.0,5.0,-1,-1,持空,108.2968,0.0003248095434948972,-0.0003249270760256051,0.0006497366195205023,1.1116866607164448,1.0253862177576085,-0.006701230978617634,0.0
2013-03-15,COMPOSITE,-1,-1,-1.0,0.0,5.0,-1,-1,持空,108.2809,0.0001466703072883213,-0.00014681874256661231,0.0002934890498549336,1.1118497121405804,1.0252356718424722,-0.006555543542936304,0.0
2013-03-18,COMPOSITE,-1,-1,-1.0,0.0,5.0,-1,-1,持空,108.2574,0.00021674507919478003,-0.00021702811853230308,0.0004337731977270831,1.112090700094491,1.02501316687356,-0.006340219345545739,0.0
2013-03-19,COMPOSITE,-1,-1,-1.0,0.0,5.0,-1,-1,持空,108.2809,-0.0002166981109456012,0.0002170752299610612,-0.0004337733409066624,1.1118497121405804,1.0252356718424722,-0.006555543542936304,0.0
2013-03-20,COMPOSITE,-1,-1,-1.0,0.0,5.0,-1,-1,持空,108.3121,-0.00028776367961202975,0.00028813945949845987,-0.0005759031391104896,1.1115297621762392,1.0255310826948154,-0.006841420775216545,0.0
2013-03-21,COMPOSITE,-1,-1,-1.0,0.0,5.0,-1,-1,持空,108.2945,0.00016237495513915512,-0.00016249338716545214,0.00032486834230460726,1.1117102467715085,1.0253644406755449,-0.006680156695468731,0.0
2013-03-22,COMPOSITE,-1,-1,-1.0,0.0,5.0,-1,-1,持空,108.2877,6.272559305675607e-05,-6.279173919254699e-05,0.00012551733224930306,1.1117799794560446,1.0253000562590087,-0.006617850119202351,0.0
2013-03-25,COMPOSITE,-1,-1,-1.0,0.0,5.0,-1,-1,持空,108.2991,-0.00010515101622932121,0.0001052751143479913,-0.00021042613057731252,1.1116630746613814,1.0254079948396724,-0.006722305261766426,0.0
2013-03-26,COMPOSITE,-1,-1,-1.0,0.0,5.0,-1,-1,持空,108.2872,0.00010977444580051454,-0.00010988087620289466,0.0002196553220034092,1.1117851068593192,1.025295322110734,-0.006613268753300483,0.0
2013-03-27,COMPOSITE,1,-1,0.6,4.0,1.0,-1,-1,持空,108.2955,-7.655696576169824e-05,7.664802488194233e-05,-0.00015320499064364057,1.111699991964959,1.0253739089720944,-0.006689319427272689,0.0
2013-03-28,COMPOSITE,1,1,1.0,5.0,0.0,-1,1,空翻多,108.352,-0.0009208937520606142,0.0005217206624468229,-0.001442614414507437,1.1106762343881926,1.0259088677271389,-0.007604053026867175,0.0004443610067256732
2013-03-29,COMPOSITE,1,1,1.0,5.0,0.0,1,1,持有,108.3441,-7.291051388069736e-05,-7.291051388080838e-05,1.1102230246251565e-16,1.1105952544131883,1.025834068184398,-0.007676409125334183,0.0
2013-04-01,COMPOSITE,1,1,1.0,5.0,0.0,1,1,持有,108.5116,0.0015460001975187154,0.0015460001975189375,-2.220446049250313e-16,1.1123122348958745,1.0274200078564328,-0.006142276657839396,0.0
2013-04-02,COMPOSITE,1,1,1.0,5.0,0.0,1,1,持有,108.6808,0.0015592802981434506,0.0015592802981430065,4.440892098500626e-16,1.1140466414491315,1.0290220436326014,-0.004592573890674356,0.0
2013-04-03,COMPOSITE,1,1,1.0,5.0,0.0,1,1,持有,108.7475,0.000613723859228088,0.0006137238592283101,-2.220446049250313e-16,1.1147303584532817,1.0296535790124506,-0.003981668603618149,0.0
2013-04-07,COMPOSITE,1,1,1.0,5.0,0.0,1,1,持有,108.8917,0.001326007494425241,0.0013260074944250189,2.220446049250313e-16,1.116208499262854,1.0310189073748826,-0.0026609408316017324,0.0
2013-04-08,COMPOSITE,1,1,1.0,5.0,0.0,1,1,持有,108.8295,-0.0005712097432587493,-0.0005712097432586383,-1.1102230246251565e-16,1.1155709100925668,1.0304299793295062,-0.0032306306195313272,0.0
2013-04-09,COMPOSITE,1,1,1.0,5.0,0.0,1,1,持有,108.8607,0.00028668697366063256,0.0002866869736604105,2.220446049250313e-16,1.115890729740685,1.0307253901818492,-0.0029448698255860606,0.0
2013-04-10,COMPOSITE,1,1,1.0,5.0,0.0,1,1,持有,108.9055,0.00041153510862979026,0.00041153510862979026,0.0,1.1163499579533678,1.0311495698672652,-0.0025345466342798773,0.0
2013-04-11,COMPOSITE,1,1,1.0,5.0,0.0,1,1,持有,108.8851,-0.00018731836316809858,-0.0001873183631682096,1.1102230246251565e-16,1.1161408451065211,1.0309564166176561,-0.0027213902303211412,0.0
2013-04-12,COMPOSITE,1,1,1.0,5.0,0.0,1,1,持有,108.8794,-5.234876029858171e-05,-5.234876029858171e-05,0.0,1.1160824165169612,1.0309024473273243,-0.002773596529214828,0.0
2013-04-15,COMPOSITE,1,1,1.0,5.0,0.0,1,1,持有,109.1249,0.002254788325431578,0.002254788325431578,0.0,1.118598946119943,1.0332269141302168,-0.0005250620768568748,0.0
2013-04-16,COMPOSITE,1,1,1.0,5.0,0.0,1,1,持有,109.4074,0.0025887767136558715,0.0025887767136556494,2.220446049250313e-16,1.1214947490235783,1.0359017079054393,0.0,0.0
2013-04-17,COMPOSITE,1,1,1.0,5.0,0.0,1,1,持有,109.3298,-0.0007092756065860684,-0.0007092756065858463,-2.220446049250313e-16,1.1206993001551815,1.0351669680932014,-0.0007092756065860684,0.0
2013-04-18,COMPOSITE,1,1,1.0,5.0,0.0,1,1,持有,109.1786,-0.0013829715228601547,-0.0013829715228603767,2.220446049250313e-16,1.1191494049373776,1.0337353616549227,-0.002091266221480481,0.0
2013-04-19,COMPOSITE,1,1,1.0,5.0,0.0,1,1,持有,109.0869,-0.0008399081871356406,-0.0008399081871354186,-2.220446049250313e-16,1.1182094221895427,1.0328671188613374,-0.0029294179369951934,0.0
2013-04-22,COMPOSITE,1,1,1.0,5.0,0.0,1,1,持有,108.9102,-0.0016198095280001157,-0.0016198095280002267,1.1102230246251565e-16,1.1163981359131805,1.0311940708610476,-0.004544482365909541,0.0
2013-04-23,COMPOSITE,1,1,1.0,5.0,0.0,1,1,持有,109.086,0.0016141738790307336,0.0016141738790307336,0.0,1.1182001966227701,1.0328585973944429,-0.0029376440716075702,0.0
2013-04-24,COMPOSITE,1,1,1.0,5.0,0.0,1,1,持有,109.1583,0.000662779825091997,0.000662779825092219,-2.220446049250313e-16,1.1189413171535056,1.033543155234969,-0.002276811257739486,0.0
2013-04-25,COMPOSITE,-1,1,-0.2,2.0,3.0,1,1,持有,109.2647,0.0009747311931389557,0.0009747311931387337,2.220446049250313e-16,1.120031984158627,1.0345505819878316,-0.0013042993435544714,0.0
2013-04-26,COMPOSITE,-1,-1,-0.2,2.0,3.0,1,-1,多翻空,109.2822,-0.0002398225517680208,0.00016016151602471496,-0.00039998406779273576,1.1197633752301244,1.034716277177447,-0.0015438090949255745,0.0004479949490818661
2013-04-27,COMPOSITE,-1,-1,-0.2,2.0,3.0,-1,-1,持空,109.3255,-0.0003962218915798399,0.0003962218915798399,-0.0007924437831596798,1.1193197004674689,1.0351262544180386,-0.0019394192955456413,0.0
2013-04-28,COMPOSITE,-1,-1,-1.0,0.0,5.0,-1,-1,持空,109.2821,0.00039729437041202686,-0.0003969796616527521,0.000794274032064779,1.119764399883156,1.0347153303477918,-0.0015428954455015687,0.0
2013-05-02,COMPOSITE,-1,-1,-1.0,0.0,5.0,-1,-1,持空,109.4819,-0.0018282924133183887,0.0018282957593238613,-0.00365658817264225,1.1177171431261455,1.0366070959983742,-0.003368366994782379,0.0
2013-05-03,COMPOSITE,-1,-1,-1.0,0.0,5.0,-1,-1,持空,109.5087,-0.0002456856049320999,0.0002447893213397556,-0.0004904749262718555,1.1174425361136935,1.0368608463458997,-0.0036132250404318222,0.0
2013-05-06,COMPOSITE,-1,-1,-1.0,0.0,5.0,-1,-1,持空,109.3798,0.0011819648124764548,-0.0011770754287100393,0.002359040241186494,1.1187633138713444,1.0356403829206744,-0.0024355309328125685,0.0
2013-05-07,COMPOSITE,-1,-1,-1.0,0.0,5.0,-1,-1,持空,109.4502,-0.0006447795751415297,0.0006436288967430759,-0.0012884084718846056,1.1180419581371426,1.0363069509977563,-0.003078740127353985,0.0
2013-05-08,COMPOSITE,-1,-1,-1.0,0.0,5.0,-1,-1,持空,109.4062,0.0004032472400476994,-0.00040200931565215203,0.0008052565556998514,1.1184928054710188,1.03589034594958,-0.002676734380765544,0.0
2013-05-09,COMPOSITE,-1,-1,-1.0,0.0,5.0,-1,-1,持空,109.4391,-0.0003013974213571524,0.00030071421912092333,-0.0006021116404780757,1.1181556946236433,1.0362018529060573,-0.0029773250412826746,0.0
2013-05-10,COMPOSITE,-1,-1,-1.0,0.0,5.0,-1,-1,持空,109.4707,-0.0002895753780287613,0.0002887450646065215,-0.0005783204426352828,1.1178319042656777,1.03650105107702,-0.003266038259287063,0.0
2013-05-13,COMPOSITE,-1,-1,-1.0,0.0,5.0,-1,-1,持空,109.4718,-1.0083075374867079e-05,1.0048350837399411e-05,-2.013142621226649e-05,1.1178206330823306,1.0365114662032247,-0.0032760884029520154,0.0
2013-05-14,COMPOSITE,-1,-1,-1.0,0.0,5.0,-1,-1,持空,109.4795,-7.058223930866969e-05,7.033774908249413e-05,-0.00014091998839116382,1.1177417347989023,1.0365843720866557,-0.0033464394086049065,0.0
2013-05-15,COMPOSITE,-1,-1,-1.0,0.0,5.0,-1,-1,持空,109.4882,-7.975439313778754e-05,7.946693216531742e-05,-0.00015922132530310495,1.1176525899851586,1.036666746266636,-0.003425926908498522,0.0
2013-05-16,COMPOSITE,-1,-1,-1.0,0.0,5.0,-1,-1,持空,109.5182,-0.00027503708416687367,0.0002740021299094675,-0.0005490392140763412,1.1173451940756975,1.0369507951631194,-0.003700021735717929,0.0
2013-05-17,COMPOSITE,-1,-1,-1.0,0.0,5.0,-1,-1,持空,109.4751,0.0003952453180395832,-0.0003935418953195935,0.0007887872133591767,1.11778681953229,1.0365427115818378,-0.0033062388339459847,0.0
2013-05-20,COMPOSITE,-1,-1,-1.0,0.0,5.0,-1,-1,持空,109.431,0.0004042559627754905,-0.00040283132876783867,0.0008070872915433291,1.1182386915191977,1.0361251597040066,-0.002903319437933538,0.0
2013-05-21,COMPOSITE,-1,-1,-1.0,0.0,5.0,-1,-1,持空,109.4413,-9.437990569349797e-05,9.41232374738199e-05,-0.00018850314316731787,1.1181331522569493,1.036222683158466,-0.0029974253286122465,0.0
2013-05-22,COMPOSITE,-1,-1,-1.0,0.0,5.0,-1,-1,持空,109.4678,-0.00024284500715232582,0.00024213893658076024,-0.00048498394373308606,1.1178616192035922,1.0364735930170268,-0.003239542425989339,0.0
2013-05-23,COMPOSITE,-1,-1,-1.0,0.0,5.0,-1,-1,持空,109.4306,0.0003409822120945538,-0.0003398259579530105,0.0006808081700475643,1.1182427901313239,1.0361213723853868,-0.0028996648402372927,0.0
2013-05-24,COMPOSITE,-1,-1,-1.0,0.0,5.0,-1,-1,持空,109.4721,-0.00038026715829564406,0.00037923578962373306,-0.0007595029479193771,1.117817559123236,1.0365143066921894,-0.003278829351224144,0.0
2013-05-27,COMPOSITE,-1,-1,-1.0,0.0,5.0,-1,-1,持空,109.473,-8.249894813849856e-06,8.221272817410252e-06,-1.647116763126011e-05,1.1178083372459522,1.036522828159084,-0.0032870521960407517,0.0
2013-05-28,COMPOSITE,-1,-1,-1.0,0.0,5.0,-1,-1,持空,109.4728,1.8333250833002523e-06,-1.8269344951304944e-06,3.6602595784307468e-06,1.1178103865520153,1.0365209344997741,-0.003285224897192629,0.0
2013-05-29,COMPOSITE,-1,-1,-1.0,0.0,5.0,-1,-1,持空,109.4256,0.00043266392646179597,-0.0004311573285782355,0.0008638212550400315,1.1182940227829006,1.0360740309026397,-0.0028539823690341137,0.0
2013-05-30,COMPOSITE,-1,-1,-1.0,0.0,5.0,-1,-1,持空,109.3751,0.00046271353542470806,-0.0004615007822665884,0.0009242143176912965,1.1188114725638267,1.035595881926892,-0.002392589409881518,0.0
2013-05-31,COMPOSITE,-1,-1,-1.0,0.0,5.0,-1,-1,持空,109.3818,-6.13613238660271e-05,6.125708685034148e-05,-0.0001226184107163686,1.1187428208107137,1.035659319513773,-0.0024538039212937957,0.0
2013-06-03,COMPOSITE,-1,-1,-1.0,0.0,5.0,-1,-1,持空,109.2826,0.0009085696805168908,-0.0009069150443673513,0.001815484724884242,1.1197592766179982,1.0347200644960668,-0.00154746369262182,0.0
2013-06-04,COMPOSITE,-1,-1,-1.0,0.0,5.0,-1,-1,持空,109.207,0.0006917894837017435,-0.0006917844194775924,0.001383573903179336,1.12053391430984,1.0340042612769276,-0.0008567447280289908,0.0
2013-06-05,COMPOSITE,-1,-1,-1.0,0.0,5.0,-1,-1,持空,109.1576,0.0004517298326405239,-0.00045235195546078355,0.0009040817881013075,1.1210400929074193,1.0335365274273842,-0.00040540191254101465,0.0
2013-06-06,COMPOSITE,-1,-1,-1.0,0.0,5.0,-1,-1,持空,109.131,0.00024312931188918974,-0.00024368436096067203,0.00048681367284986177,1.121312650613808,1.0332846707391685,-0.0001623711657400273,0.0
2013-06-07,COMPOSITE,-1,-1,-1.0,0.0,5.0,-1,-1,持空,109.0267,0.0009530911038129197,-0.0009557321017859,0.0019088232055988197,1.122381363725701,1.0322971274090598,0.0,0.0
2013-06-08,COMPOSITE,-1,-1,-1.0,0.0,5.0,-1,-1,持空,108.9871,0.0003615193673045525,-0.00036321378157833095,0.0007247331488828834,1.1227871263261895,1.031922182865701,0.0,0.0
2013-06-09,COMPOSITE,-1,-1,-1.0,0.0,5.0,-1,-1,持空,109.3325,-0.003152112709475241,0.0031691824078263764,-0.006321295117301617,1.1192479747552615,1.0351925324938849,-0.003152112709475241,0.0
2013-06-13,COMPOSITE,-1,-1,-1.0,0.0,5.0,-1,-1,持空,109.1906,0.001299071058912027,-0.0012978757460042623,0.002596946804916289,1.120701957407012,1.0338489812135163,-0.0018571364689584646,0.0
2013-06-14,COMPOSITE,-1,-1,-1.0,0.0,5.0,-1,-1,持空,109.0525,0.0012626424244199796,-0.001264760886010352,0.0025274033104303317,1.1221170032435646,1.0325414094600358,-0.000596838943832223,0.0
2013-06-17,COMPOSITE,-1,-1,-1.0,0.0,5.0,-1,-1,持空,108.9943,0.0005314490936600968,-0.0005336879026156538,0.0010651369962757506,1.122713351307919,1.0319903546008573,-6.570703968777902e-05,0.0
2013-06-18,COMPOSITE,-1,-1,-1.0,0.0,5.0,-1,-1,持空,108.8982,0.0008770640895643389,-0.0008816974832629443,0.0017587615728272832,1.1236980428712258,1.031080451302454,0.0,0.0
2013-06-19,COMPOSITE,-1,-1,-1.0,0.0,5.0,-1,-1,持空,108.3858,0.004672360307916179,-0.0047053119335305205,0.0093776722414467,1.1289483650048204,1.0262288961505106,0.0,0.0
2013-06-20,COMPOSITE,-1,-1,-1.0,0.0,5.0,-1,-1,持空,107.4964,0.008072347987721828,-0.008205871986920799,0.016278219974642627,1.138061629067309,1.0178077931994205,0.0,0.0
2013-06-21,COMPOSITE,-1,-1,-1.0,0.0,5.0,-1,-1,持空,107.8132,-0.002852306694997697,0.002947075436944724,-0.005799382131942421,1.1348155282634003,1.0208073495462895,-0.002852306694997697,0.0
2013-06-24,COMPOSITE,-1,-1,-1.0,0.0,5.0,-1,-1,持空,107.821,-7.042813080126997e-05,7.23473563535304e-05,-0.00014277548715480037,1.1347356053269404,1.0208812022593754,-0.0029225339431699915,0.0
2013-06-25,COMPOSITE,-1,-1,-1.0,0.0,5.0,-1,-1,持空,107.9272,-0.0009589736273222238,0.0009849658229843516,-0.0019439394503065754,1.1336474238074483,1.021886735352928,-0.0038787049375157423,0.0
2013-06-26,COMPOSITE,-1,-1,-1.0,0.0,5.0,-1,-1,持空,108.4844,-0.005036280744632027,0.005162739327991606,-0.010199020072623632,1.1279380571157251,1.0271624701902875,-0.00889545143515691,0.0
2013-06-27,COMPOSITE,-1,-1,-1.0,0.0,5.0,-1,-1,持空,108.6327,-0.0013472020348838099,0.0013670168245387693,-0.002714218859422579,1.126418496669956,1.0285666185685725,-0.010230669499766032,0.0
2013-06-28,COMPOSITE,-1,-1,-1.0,0.0,5.0,-1,-1,持空,108.7202,-0.0007959487572739565,0.0008054664939747269,-0.0016014152512486834,1.1255219252673612,1.0293950945166503,-0.011018475168365516,0.0
2013-07-01,COMPOSITE,-1,-1,-1.0,0.0,5.0,-1,-1,持空,108.6813,0.00035413795175354146,-0.00035779919463030385,0.0007119371463838453,1.1259205152966292,1.029026777780876,-0.010668239276839464,0.0
2013-07-02,COMPOSITE,-1,-1,-1.0,0.0,5.0,-1,-1,持空,108.6687,0.00011466731462794755,-0.00011593530809783648,0.00023060262272578402,1.1260496215786027,1.028907477244353,-0.010554795260561245,0.0
2013-07-03,COMPOSITE,-1,-1,-1.0,0.0,5.0,-1,-1,持空,108.6355,0.0003021046319375831,-0.0003055157556868249,0.000607620387624408,1.126389806385073,1.0285931297989108,-0.010255879281161118,0.0
2013-07-04,COMPOSITE,-1,-1,-1.0,0.0,5.0,-1,-1,持空,108.6514,-0.00014463894389915577,0.00014636099617537646,-0.0002909999400745322,1.1262268865530587,1.0287436757140473,-0.010399034825512299,0.0
2013-07-05,COMPOSITE,-1,-1,-1.0,0.0,5.0,-1,-1,持空,108.6644,-0.00011827536324193755,0.00011964871138325783,-0.00023792407462519538,1.1260936816589588,1.0288667635691902,-0.010516080239132863,0.0
2013-07-08,COMPOSITE,-1,-1,-1.0,0.0,5.0,-1,-1,持空,108.5628,0.0009244767970884027,-0.0009349888279877039,0.0018594656250761066,1.1271347291390004,1.027904784639765,-0.009601325314221865,0.0
2013-07-09,COMPOSITE,-1,-1,-1.0,0.0,5.0,-1,-1,持空,108.5401,0.00020636063475443223,-0.00020909556496329085,0.0004154561997177231,1.1273673253771592,1.0276898543080923,-0.009396946015053809,0.0
2013-07-10,COMPOSITE,-1,-1,-1.0,0.0,5.0,-1,-1,持空,108.1366,0.0036673716624417985,-0.003717520068619695,0.007384891731061494,1.1315018003594102,1.0238693966503851,-0.0057640364461410964,0.0
2013-07-11,COMPOSITE,-1,-1,-1.0,0.0,5.0,-1,-1,持空,107.9925,0.0013049250279368874,-0.001332573800175041,0.0026374988281119283,1.1329783253778547,1.0225050151176078,-0.0044666330536248244,0.0
2013-07-12,COMPOSITE,-1,-1,-1.0,0.0,5.0,-1,-1,持空,107.9078,0.0007660174058690128,-0.0007843137254903709,0.0015503311313593837,1.1338462064955666,1.0217030503998683,-0.0037040371664204264,0.0
2013-07-15,COMPOSITE,-1,-1,-1.0,0.0,5.0,-1,-1,持空,107.8574,0.00045546311742805656,-0.00046706540213015124,0.0009225285195582078,1.134362631623461,1.0212258482537757,-0.003250261101307328,0.0
2013-07-16,COMPOSITE,-1,-1,-1.0,0.0,5.0,-1,-1,持空,107.7409,0.0010523273144427137,-0.0010801298751872412,0.002132457189629955,1.1355563524052015,1.0201227917057634,-0.0022013541254005675,0.0
2013-07-17,COMPOSITE,-1,-1,-1.0,0.0,5.0,-1,-1,持空,107.4122,0.002965977432584088,-0.0030508377041585932,0.006016815136742681,1.1389243869198629,1.017010562629956,0.0,0.0
2013-07-18,COMPOSITE,-1,-1,-1.0,0.0,5.0,-1,-1,持空,107.3763,0.0003229805617883663,-0.0003342264658950933,0.0006572070276834596,1.1392922373581846,1.0166706507838301,0.0,0.0
2013-07-19,COMPOSITE,-1,-1,-1.0,0.0,5.0,-1,-1,持空,107.2847,0.0008238291687689969,-0.00085307465427642,0.001676903823045417,1.1402308195350723,1.0158033548198997,0.0,0.0
2013-07-22,COMPOSITE,-1,-1,-1.0,0.0,5.0,-1,-1,持空,107.0228,0.0023535289904625945,-0.0024411682187673867,0.004794697209229981,1.142914385824667,1.013323607953596,0.0,0.0
2013-07-23,COMPOSITE,-1,-1,-1.0,0.0,5.0,-1,-1,持空,106.8939,0.0011556226555831106,-0.0012044162552279358,0.0023600389108110464,1.144235163582318,1.0121031445283706,0.0,0.0
2013-07-24,COMPOSITE,-1,-1,-1.0,0.0,5.0,-1,-1,持空,106.4836,0.003674202228878931,-0.003838385539305822,0.007512587768184753,1.1484393149707137,1.008218302454127,0.0,0.0
2013-07-25,COMPOSITE,-1,-1,-1.0,0.0,5.0,-1,-1,持空,107.0499,-0.005052604906460312,0.005318189843318555,-0.010370794749778867,1.1426367048531207,1.0135801987900863,-0.005052604906460312,0.0
2013-07-26,COMPOSITE,-1,-1,-1.0,0.0,5.0,-1,-1,持空,107.0606,-9.595164754350183e-05,9.99533862244828e-05,-0.00019590503376798463,1.1425270669787464,1.0136815095631655,-0.005148071748238725,0.0
2013-07-29,COMPOSITE,-1,-1,-0.6,1.0,4.0,-1,-1,持空,106.9813,0.0007111865245847948,-0.0007407019949446925,0.0014518885195294873,1.143339616832755,1.0129306736467936,-0.004440546462908923,0.0
2013-07-30,COMPOSITE,-1,-1,-0.6,1.0,4.0,-1,-1,持空,107.0221,-0.00036564676908945604,0.0003813750627443824,-0.0007470218318338384,1.142921558395888,1.0133169801460113,-0.004804569560531213,0.0
2013-07-31,COMPOSITE,-1,-1,-0.6,1.0,4.0,-1,-1,持空,107.0891,-0.0006006689838743418,0.0006260389209331585,-0.0012267079048075002,1.1422350408647584,1.0139513560148252,-0.005402352588489645,0.0
2013-08-01,COMPOSITE,-1,-1,-0.6,1.0,4.0,-1,-1,持空,107.1864,-0.0008728390952973397,0.0009085892028226628,-0.0017814282981200025,1.141238053465073,1.0148726212690877,-0.006270476299241268,0.0
2013-08-02,COMPOSITE,-1,-1,-0.6,1.0,4.0,-1,-1,持空,107.2225,-0.0003241214602525133,0.00033679645925244195,-0.0006609179195049553,1.1408681537206882,1.0152144267745233,-0.006592565363559122,0.0
2013-08-05,COMPOSITE,-1,-1,-0.6,1.0,4.0,-1,-1,持空,107.1494,0.0006565363084338749,-0.00068175989181396,0.001338296200247835,1.1416171750867417,1.0145222942967576,-0.005940357313652278,0.0
2013-08-06,COMPOSITE,-1,-1,-0.6,1.0,4.0,-1,-1,持空,107.0827,0.0005986626576313103,-0.0006224953196188876,0.001221157977250198,1.1423006186587765,1.0138907589169088,-0.005345250926117706,0.0
2013-08-07,COMPOSITE,-1,-1,-0.6,1.0,4.0,-1,-1,持空,106.7294,0.00316913000070862,-0.003299319124377753,0.006468449125086373,1.1459207178191961,1.0105456097459844,-0.002193060720480311,0.0
2013-08-08,COMPOSITE,-1,-1,-0.6,1.0,4.0,-1,-1,持空,106.3437,0.003448830866902286,-0.0036138121267431655,0.0070626429936454516,1.1498728045618338,1.0068936877668573,0.0,0.0
2013-08-09,COMPOSITE,-1,-1,-0.6,1.0,4.0,-1,-1,持空,106.2759,0.000604166610972845,-0.0006375553982039817,0.0012417220091768266,1.1505675193172158,1.006251737260804,0.0,0.0
2013-08-12,COMPOSITE,-1,-1,-0.6,1.0,4.0,-1,-1,持空,106.1181,0.0014053086469227871,-0.001484814525212208,0.002890123172134995,1.1521844218009807,1.004757640065299,0.0,0.0
2013-08-13,COMPOSITE,-1,-1,-0.6,1.0,4.0,-1,-1,持空,105.6142,0.004481250161188166,-0.004748483058026887,0.009229733219215053,1.1573476484268947,0.999986565434026,0.0,0.0
2013-08-14,COMPOSITE,-1,-1,-0.6,1.0,4.0,-1,-1,持空,105.3504,0.0023355425665469998,-0.0024977701862060053,0.004833312752753005,1.1600506831240889,0.9974888288042784,0.0,0.0
2013-08-15,COMPOSITE,-1,-1,-0.6,1.0,4.0,-1,-1,持空,105.2368,0.0010034094723267994,-0.0010783062997388182,0.0020817157720656176,1.1612146889679147,0.9964132303162596,0.0,0.0
2013-08-16,COMPOSITE,-1,-1,-0.6,1.0,4.0,-1,-1,持空,105.3126,-0.0006688573657255281,0.0007202803582018191,-0.0013891377239273472,1.1604380019700098,0.9971309271947089,-0.0006688573657255281,0.0
2013-08-19,COMPOSITE,-1,-1,-0.6,1.0,4.0,-1,-1,持空,104.9649,0.003070149878412476,-0.0033015992388375492,0.006371749117250025,1.1640007205606633,0.9938388004844614,0.0,0.0
2013-08-20,COMPOSITE,-1,-1,-1.0,0.0,5.0,-1,-1,持空,104.6135,0.0030933234741350457,-0.0033477857836285985,0.006441109257763644,1.1676013513134837,0.990511641076981,0.0,0.0
2013-08-21,COMPOSITE,-1,-1,-1.0,0.0,5.0,-1,-1,持空,104.7551,-0.0012426404705886407,0.0013535537956381738,-0.0025961942662268145,1.1661504426208276,0.9918523518683846,-0.0012426404705886407,0.0
2013-08-22,COMPOSITE,-1,-1,-1.0,0.0,5.0,-1,-1,持空,104.7599,-4.2175815157530216e-05,4.582115811069265e-05,-8.799697326822287e-05,1.1661012592753137,0.991897799691822,-0.001284763876371442,0.0
2013-08-23,COMPOSITE,-1,-1,-1.0,0.0,5.0,-1,-1,持空,105.022,-0.0023030723741153114,0.002501911513852262,-0.004804983887967573,1.1634156436796557,0.9943794402174356,-0.003584877346295756,0.0
2013-08-26,COMPOSITE,-1,-1,-1.0,0.0,5.0,-1,-1,持空,105.1834,-0.0014214954061213536,0.001536820856582466,-0.0029583162627038195,1.1617618536867553,0.9959076232805185,-0.005001276865737925,0.0
2013-08-27,COMPOSITE,1,-1,0.2,3.0,2.0,-1,-1,持空,105.1138,0.0006138594649895968,-0.0006617013711288644,0.0012755608361184612,1.162475012196705,0.9952486298406761,-0.004390487481889305,0.0
2013-08-28,COMPOSITE,1,1,1.0,5.0,0.0,-1,1,空翻多,104.8072,0.0023172716656223447,-0.0029168387024350872,0.005234110368057432,1.1651687826044623,0.9923456501186113,-0.0020833897685069713,0.00044781578693461
2013-08-29,COMPOSITE,1,1,1.0,5.0,0.0,1,1,持有,104.7596,-0.00045416727095082265,-0.0004541672709506006,-2.220446049250313e-16,1.1646396010782698,0.9918949592028572,-0.002536610832012287,0.0
2013-08-30,COMPOSITE,1,1,1.0,5.0,0.0,1,1,持有,104.7958,0.00034555305671268854,0.00034555305671268854,0.0,1.1650420458523911,0.9922377115379476,-0.002191934308926169,0.0
2013-09-02,COMPOSITE,1,1,1.0,5.0,0.0,1,1,持有,104.7412,-0.0005210132467141637,-0.0005210132467140527,-1.1102230246251565e-16,1.1644350435135231,0.9917207425463471,-0.0027118055288294363,0.0
2013-09-03,COMPOSITE,1,1,1.0,5.0,0.0,1,1,持有,104.746,4.5827238946971605e-05,4.5827238946971605e-05,0.0,1.1644884063565004,0.9917661903697844,-0.0026661025644424408,0.0
2013-09-04,COMPOSITE,1,1,1.0,5.0,0.0,1,1,持有,104.6083,-0.0013146086724075134,-0.0013146086724075134,0.0,1.1629575597985862,0.9904624059349237,-0.0039772063552971915,0.0
2013-09-05,COMPOSITE,1,1,1.0,5.0,0.0,1,1,持有,104.6257,0.00016633479370176119,0.00016633479370176119,0.0,1.1631510001043792,0.9906271542948843,-0.003811533109393972,0.0
2013-09-06,COMPOSITE,1,1,1.0,5.0,0.0,1,1,持有,104.6888,0.0006031022970456323,0.0006031022970456323,0.0,1.163852499144353,0.9912246038071554,-0.0032107295567219696,0.0
2013-09-09,COMPOSITE,1,1,1.0,5.0,0.0,1,1,持有,104.5428,-0.0013946095475352305,-0.0013946095475352305,0.0,1.1622293793371237,0.9898422325109341,-0.004600861390162803,0.0
2013-09-10,COMPOSITE,1,1,1.0,5.0,0.0,1,1,持有,104.3793,-0.0015639527542785636,-0.0015639527542785636,0.0,1.1604117074982059,0.9882941660250973,-0.0061576186145981815,0.0
2013-09-11,COMPOSITE,1,1,1.0,5.0,0.0,1,1,持有,104.1136,-0.0025455238730284213,-0.0025455238730284213,0.0,1.1574578517942276,0.9857784396319057,-0.008687468122442032,0.0
2013-09-12,COMPOSITE,1,1,1.0,5.0,0.0,1,1,持有,103.9937,-0.0011516266846983703,-0.0011516266846982592,-1.1102230246251565e-16,1.1561248924456877,0.9846431908756254,-0.009829090087028147,0.0
2013-09-13,COMPOSITE,1,1,1.0,5.0,0.0,1,1,持有,103.9351,-0.0005634956732954999,-0.0005634956732954999,0.0,1.1554734210710054,0.984088348697827,-0.010387047110587133,0.0
2013-09-16,COMPOSITE,1,1,1.0,5.0,0.0,1,1,持有,103.9964,0.0005897911292718216,0.0005897911292718216,0.0,1.1561549090448624,0.9846687552763088,-0.009803382169560448,0.0
2013-09-17,COMPOSITE,1,1,1.0,5.0,0.0,1,1,持有,104.283,0.0027558646260834596,0.0027558646260832376,2.220446049250313e-16,1.1593411154609718,0.9873823690673843,-0.00707453433761418,0.0
2013-09-18,COMPOSITE,1,1,1.0,5.0,0.0,1,1,持有,104.3422,0.0005676860082659552,0.0005676860082659552,0.0,1.1599992571910265,0.9879428922231124,-0.006510864443506681,0.0
2013-09-22,COMPOSITE,1,1,1.0,5.0,0.0,1,1,持有,104.8279,0.0046548759753963775,0.0046548759753961555,2.220446049250313e-16,1.1653989098648025,0.9925416438571852,-0.0018862957345874287,0.0
2013-09-23,COMPOSITE,1,1,1.0,5.0,0.0,1,1,持有,104.7535,-0.0007097347175704094,-0.0007097347175702984,-1.1102230246251565e-16,1.1645717857986528,0.9918372025939055,-0.0025946916825874133,0.0
2013-09-24,COMPOSITE,1,1,1.0,5.0,0.0,1,1,持有,104.6646,-0.0008486589946877787,-0.0008486589946876677,-1.1102230246251565e-16,1.1635834614776752,0.9909954710306583,-0.003441148668840266,0.0
2013-09-25,COMPOSITE,1,1,1.0,5.0,0.0,1,1,持有,104.7238,0.0005656162637608375,0.0005656162637606155,2.220446049250313e-16,1.16424160320773,0.9915559941863864,-0.002877478774732656,0.0
2013-09-26,COMPOSITE,1,1,1.0,5.0,0.0,1,1,持有,104.8927,0.0016128138971274186,0.0016128138971274186,0.0,1.1661193082449974,0.9931551894735903,-0.0012693057153617682,0.0
2013-09-27,COMPOSITE,1,1,1.0,5.0,0.0,1,1,持有,104.8271,-0.0006254010050270598,-0.0006254010050269487,-1.1102230246251565e-16,1.1653900160576396,0.9925340692199458,-0.0018939128953187057,0.0
2013-09-29,COMPOSITE,1,1,1.0,5.0,0.0,1,1,持有,104.7923,-0.0003319752239641094,-0.0003319752239641094,0.0,1.1650031354460533,0.9922045725000245,-0.0022252593871252557,0.0
2013-09-30,COMPOSITE,1,1,1.0,5.0,0.0,1,1,持有,104.8306,0.00036548486864029783,0.0003654848686400758,2.220446049250313e-16,1.1654289264639772,0.9925672082578688,-0.001860587817119841,0.0
2013-10-08,COMPOSITE,1,1,1.0,5.0,0.0,1,1,持有,104.8188,-0.0001125625533002772,-0.00011256255330038822,1.1102230246251565e-16,1.1652977428083244,0.992455482358585,-0.001972940937904788,0.0
2013-10-09,COMPOSITE,1,1,1.0,5.0,0.0,1,1,持有,104.7505,-0.0006516006670558294,-0.0006516006670557184,-1.1102230246251565e-16,1.164538434021792,0.9918087977042571,-0.0026232560353294243,0.0
2013-10-10,COMPOSITE,1,1,1.0,5.0,0.0,1,1,持有,104.8055,0.0005250571596315812,0.0005250571596315812,0.0,1.1651498832642413,0.9923295540144773,-0.0020995762350606295,0.0
2013-10-11,COMPOSITE,1,1,1.0,5.0,0.0,1,1,持有,104.782,-0.00022422487369466726,-0.00022422487369455624,-1.1102230246251565e-16,1.164888627678831,0.992107049045565,-0.0023233303315390863,0.0
2013-10-12,COMPOSITE,1,1,1.0,5.0,0.0,1,1,持有,104.7847,2.5767784543218042e-05,2.5767784543218042e-05,0.0,1.164918644278006,0.9921326134462486,-0.0022976224140712764,0.0
2013-10-14,COMPOSITE,1,1,1.0,5.0,0.0,1,1,持有,104.5215,-0.0025118170878000168,-0.0025118170878000168,0.0,1.1619925817214116,0.9896405577944306,-0.004803668294630303,0.0
2013-10-15,COMPOSITE,1,1,1.0,5.0,0.0,1,1,持有,104.4219,-0.0009529139937718423,-0.0009529139937717312,-1.1102230246251565e-16,1.1608853027296302,0.9886975154581042,-0.005752004805662847,0.0
2013-10-16,COMPOSITE,1,1,1.0,5.0,0.0,1,1,持有,104.3218,-0.000958611172560464,-0.000958611172560464,0.0,1.1597724651083723,0.9877497389735034,-0.0067051020421520224,0.0
2013-10-17,COMPOSITE,1,1,1.0,5.0,0.0,1,1,持有,104.2448,-0.0007381007612980994,-0.0007381007612983215,2.220446049250313e-16,1.1589164361689432,0.9870206801391949,-0.0074382537625281575,0.0
2013-10-18,COMPOSITE,1,1,1.0,5.0,0.0,1,1,持有,104.1454,-0.0009535247801329971,-0.0009535247801328861,-1.1102230246251565e-16,1.1578113806289527,0.9860795314621785,-0.008384685983377715,0.0
2013-10-21,COMPOSITE,1,1,1.0,5.0,0.0,1,1,持有,104.0739,-0.000686540164039795,-0.000686540164039906,1.1102230246251565e-16,1.1570164966137686,0.9854025482588921,-0.009065469723727015,0.0
2013-10-22,COMPOSITE,1,1,1.0,5.0,0.0,1,1,持有,104.0017,-0.0006937378151485873,-0.0006937378151485873,0.0,1.1562138305173169,0.9847189372480211,-0.009752918479716155,0.0
2013-10-23,COMPOSITE,1,1,1.0,5.0,0.0,1,1,持有,103.8754,-0.0012144032261012239,-0.0012144032261011128,-1.1102230246251565e-16,1.1548097207114738,0.9835230913938242,-0.010955477730151708,0.0
2013-10-24,COMPOSITE,1,1,1.0,5.0,0.0,1,1,持有,103.6981,-0.0017068526330584755,-0.0017068526330584755,0.0,1.152838630698996,0.9818443624156048,-0.012643630977200004,0.0
2013-10-25,COMPOSITE,1,1,1.0,5.0,0.0,1,1,持有,103.654,-0.0004252729799292254,-0.0004252729799292254,0.0,1.152348359579141,0.9814268105377736,-0.013063526962506455,0.0
2013-10-28,COMPOSITE,1,1,1.0,5.0,0.0,1,1,持有,103.6422,-0.00011384027630390037,-0.00011384027630378935,-1.1102230246251565e-16,1.1522171759234883,0.98131508463849,-0.013175880083291402,0.0
2013-10-29,COMPOSITE,1,1,1.0,5.0,0.0,1,1,持有,103.5527,-0.0008635478598485458,-0.0008635478598485458,0.0,1.1512221812471388,0.9804676720973133,-0.014028049940092435,0.0
2013-10-30,COMPOSITE,1,1,1.0,5.0,0.0,1,1,持有,103.4367,-0.0011202025635256296,-0.0011202025635256296,0.0,1.1499325792085182,0.9793693496975759,-0.015132538246113825,0.0
2013-10-31,COMPOSITE,1,1,1.0,5.0,0.0,1,1,持有,103.6034,0.0016116136729031894,0.0016116136729031894,0.0,1.1517858262760874,0.980947714732371,-0.013545312378753893,0.0
2013-11-01,COMPOSITE,1,1,1.0,5.0,0.0,1,1,持有,103.7489,0.0014043940642878283,0.0014043940642873842,4.440892098500626e-16,1.1534033874538403,0.9823253518803174,-0.012159941270769803,0.0
2013-11-04,COMPOSITE,1,1,1.0,5.0,0.0,1,1,持有,103.673,-0.0007315740215078081,-0.0007315740215076971,-1.1102230246251565e-16,1.15255958749926,0.9816067081722134,-0.012882619395140793,0.0
2013-11-05,COMPOSITE,1,1,1.0,5.0,0.0,1,1,持有,103.5404,-0.0012790215388771564,-0.0012790215388770454,-1.1102230246251565e-16,1.151085438962009,0.980351212049755,-0.014145163786334458,0.0
2013-11-06,COMPOSITE,1,1,1.0,5.0,0.0,1,1,持有,103.3896,-0.0014564363282351112,-0.0014564363282352222,1.1102230246251565e-16,1.1494089563118024,0.9789233929300962,-0.015580998584162287,0.0
2013-11-07,COMPOSITE,1,1,1.0,5.0,0.0,1,1,持有,102.9348,-0.004398895053274288,-0.004398895053274177,-1.1102230246251565e-16,1.1443528269396932,0.9746172116594016,-0.019911354459839714,0.0
2013-11-08,COMPOSITE,1,1,1.0,5.0,0.0,1,1,持有,102.7239,-0.0020488697699903025,-0.0020488697699903025,0.0,1.1420081970263736,0.9726203479171205,-0.021919428457597534,0.0
2013-11-11,COMPOSITE,1,1,1.0,5.0,0.0,1,1,持有,102.1093,-0.005983028292344761,-0.005983028292344761,0.0,1.1351755296734751,0.9668011328578221,-0.02777131218932849,0.0
2013-11-12,COMPOSITE,1,1,1.0,5.0,0.0,1,1,持有,102.0941,-0.00014886009403669576,-0.00014886009403658473,-1.1102230246251565e-16,1.1350065473373798,0.9666572147502702,-0.027916038243221197,0.0
2013-11-13,COMPOSITE,1,1,1.0,5.0,0.0,1,1,持有,101.6665,-0.0041882929571835925,-0.0041882929571835925,0.0,1.1302528074088094,0.962608571145721,-0.031987410654038206,0.0
2013-11-14,COMPOSITE,1,1,0.2,3.0,2.0,1,1,持有,101.4071,-0.0025514795925893896,-0.0025514795925895006,1.1102230246251565e-16,1.127368990436239,0.9601524950207909,-0.034457275021124056,0.0
2013-11-15,COMPOSITE,1,1,0.2,3.0,2.0,1,1,持有,100.945,-0.004556880139556463,-0.004556880139556241,-2.220446049250313e-16,1.1222317050737682,0.9557771951852853,-0.038857137488473525,0.0
2013-11-18,COMPOSITE,-1,1,-0.6,1.0,4.0,1,1,持有,100.7612,-0.0018207935014113996,-0.0018207935014116217,2.220446049250313e-16,1.120188352878092,0.9540369222794944,-0.040607180166462475,0.0
2013-11-19,COMPOSITE,-1,-1,-0.6,1.0,4.0,1,-1,多翻空,100.5045,-0.0029465087875866214,-0.0025476076108661427,-0.00039890117672047865,1.1168877080525845,0.9516064105552479,-0.04343403954084957,0.00044684445211145614
2013-11-20,COMPOSITE,-1,-1,-0.6,1.0,4.0,-1,-1,持空,100.1605,0.003422732315468524,-0.003422732315468302,0.006845464630936826,1.1207105157036856,0.9483493165422336,-0.04015997031610885,0.0
2013-11-21,COMPOSITE,-1,-1,-0.6,1.0,4.0,-1,-1,持空,100.1428,0.0001755107909389153,-0.00017671637022587117,0.0003522271611647865,1.1209072124927104,0.9481817276933081,-0.039991508033324186,0.0
2013-11-22,COMPOSITE,-1,-1,-0.6,1.0,4.0,-1,-1,持空,100.6548,-0.005076031415875648,0.005112699065733972,-0.01018873048160962,1.1152174522678158,0.9530294955266317,-0.044864541298054506,0.0
2013-11-25,COMPOSITE,-1,-1,-0.6,1.0,4.0,-1,-1,持空,100.6343,0.00020427645280407525,-0.0002036663924621651,0.00040794284526624036,1.1154452649330702,0.9528353954473678,-0.04466942961460352,0.0
2013-11-26,COMPOSITE,-1,-1,-0.6,1.0,4.0,-1,-1,持空,100.6611,-0.0002669995526761726,0.00026631079065486674,-0.0005333103433310393,1.1151474415462983,0.9530891457948935,-0.04492450244955426,0.0
2013-11-27,COMPOSITE,-1,-1,-0.6,1.0,4.0,-1,-1,持空,100.936,-0.0027394693860061103,0.0027309457178592567,-0.005470415103865367,1.1120925292692991,0.9556919805163402,-0.047540902536418295,0.0
2013-11-28,COMPOSITE,-1,-1,-0.6,1.0,4.0,-1,-1,持空,101.4562,-0.005198205310123383,0.005153760798922047,-0.01035196610904543,1.106311643978303,0.9606173883813695,-0.05249198047452874,0.0
2013-11-29,COMPOSITE,-1,-1,-0.6,1.0,4.0,-1,-1,持空,101.9657,-0.00511788719152062,0.005021871507113307,-0.010139758698633927,1.1006496657857563,0.9654414854733195,-0.05734121963152128,0.0
2013-12-02,COMPOSITE,-1,-1,-0.6,1.0,4.0,-1,-1,持空,101.4457,0.005250228940271606,-0.005099754133007339,0.010349983073278946,1.106428328514165,0.9605179712676002,-0.05239204522202956,0.0
2013-12-03,COMPOSITE,-1,-1,-0.6,1.0,4.0,-1,-1,持空,101.7259,-0.002814290004449549,0.002762068771766435,-0.005576358776215984,1.1033145183285877,0.963170987960759,-0.055058888817298035,0.0
2013-12-04,COMPOSITE,-1,-1,-1.0,0.0,5.0,-1,-1,持空,101.6229,0.0010374373886392618,-0.0010125248338919146,0.0020499622225311764,1.1044591380613302,0.9621957534161645,-0.05407857157849483,0.0
2013-12-05,COMPOSITE,-1,-1,-1.0,0.0,5.0,-1,-1,持空,101.3847,0.0023967134237081744,-0.0023439598751856527,0.004740673298893827,1.107106210103459,0.959940405178083,-0.05181146899322375,0.0
2013-12-06,COMPOSITE,-1,-1,-1.0,0.0,5.0,-1,-1,持空,101.3686,0.0001616071580929912,-0.00015880108142551919,0.0003204082395185104,1.107285126391781,0.9597879656036367,-0.05165823493939148,0.0
2013-12-09,COMPOSITE,-1,-1,-1.0,0.0,5.0,-1,-1,持空,101.0938,0.0027579174712264454,-0.0027108986411965574,0.005468816112423003,1.110338927387486,0.9571860777118449,-0.04904278661683703,0.0
2013-12-10,COMPOSITE,-1,-1,-1.0,0.0,5.0,-1,-1,持空,100.6472,0.004469790382244154,-0.004417679422476839,0.008887469804720993,1.1153019096461538,0.952957536472856,-0.04479220721053134,0.0
2013-12-11,COMPOSITE,-1,-1,-1.0,0.0,5.0,-1,-1,持空,100.3633,0.002828765526325716,-0.0028207441439006553,0.005649509670226371,1.1184568372396062,0.9502694870824642,-0.042090148335810706,0.0
2013-12-12,COMPOSITE,-1,-1,-1.0,0.0,5.0,-1,-1,持空,100.4774,-0.0011336798293419825,0.0011368697521902948,-0.0022705495815322774,1.117188865283238,0.9513498197187575,-0.0431761114129704,0.0
2013-12-13,COMPOSITE,-1,-1,-1.0,0.0,5.0,-1,-1,持空,100.9182,-0.0043846909827357505,0.0043870561937311425,-0.008771747176466893,1.1122903373396178,0.9555234448377598,-0.04737148848932404,0.0
2013-12-16,COMPOSITE,-1,-1,-1.0,0.0,5.0,-1,-1,持空,100.8386,0.0007952778876780808,-0.0007887576274646646,0.0015840355151427454,1.113174917249582,0.9547697684324227,-0.046613884098947955,0.0
2013-12-17,COMPOSITE,-1,-1,-1.0,0.0,5.0,-1,-1,持空,100.8315,7.087922180604167e-05,-7.040954555104229e-05,0.00014128876735708396,1.1132538182214506,0.9547025435269215,-0.04654630883297217,0.0
2013-12-18,COMPOSITE,-1,-1,-1.0,0.0,5.0,-1,-1,持空,100.7622,0.000691772104514321,-0.0006872852233675841,0.0013790573278819052,1.1140239361581403,0.954046390576044,-0.04588673616647665,0.0
2013-12-19,COMPOSITE,-1,-1,-1.0,0.0,5.0,-1,-1,持空,100.6202,0.0014165040679605667,-0.0014092586307168364,0.002825762698677403,1.1156019555955137,0.9527018924660204,-0.04453523084696143,0.0
2013-12-20,COMPOSITE,-1,-1,-1.0,0.0,5.0,-1,-1,持空,100.5847,0.00035362510558933913,-0.0003528118608390196,0.0007064369664283587,1.115996460454857,0.9523657679385147,-0.04419735451708273,0.0
2013-12-23,COMPOSITE,-1,-1,-1.0,0.0,5.0,-1,-1,持空,100.5166,0.0006781227252765643,-0.0006770413392891417,0.001355164064565706,1.1167532430160196,0.9517209769434964,-0.04354920302230114,0.0
2013-12-24,COMPOSITE,-1,-1,-1.0,0.0,5.0,-1,-1,持空,100.6307,-0.001135409244878316,0.0011351358880025142,-0.00227054513288083,1.1154852710596515,0.9528013095797899,-0.04463516609946083,0.0
2013-12-25,COMPOSITE,-1,-1,-1.0,0.0,5.0,-1,-1,持空,100.6625,-0.00031680153977498016,0.00031600694420275133,-0.0006328084839777315,1.1151318836081834,0.9531024014100626,-0.04493782714988748,0.0
2013-12-26,COMPOSITE,-1,-1,-1.0,0.0,5.0,-1,-1,持空,100.6988,-0.00036174654821041763,0.00036061095244033226,-0.0007223575006507499,1.1147284884984887,0.9534461005748083,-0.04528331759424231,0.0
2013-12-27,COMPOSITE,-1,-1,-1.0,0.0,5.0,-1,-1,持空,100.6595,0.00039178468391054544,-0.0003902727738565037,0.0007820574577670492,1.1151652220470012,0.9530739965204142,-0.04490927422060187,0.0
2013-12-30,COMPOSITE,-1,-1,-1.0,0.0,5.0,-1,-1,持空,100.6891,-0.00029496908305470804,0.00029406066988224566,-0.0005890297529369537,1.1148362827839995,0.9533542580982783,-0.045190996456219046,0.0
2013-12-31,COMPOSITE,-1,-1,-1.0,0.0,5.0,-1,-1,持空,100.6514,0.0003757978227649783,-0.00037441987265751653,0.0007502176954224948,1.115255235831809,0.9529973033183636,-0.044832181311530994,0.0
2014-01-02,COMPOSITE,-1,-1,-1.0,0.0,5.0,-1,-1,持空,100.5156,0.001353161095920985,-0.0013492112379954735,0.0027023723339164585,1.1167643558289588,0.9517115086469471,-0.04353968537920605,0.0
2014-01-03,COMPOSITE,-1,-1,-1.0,0.0,5.0,-1,-1,持空,100.3962,0.0011881377284479466,-0.0011878753148767407,0.0023760130433246873,1.118091225693905,0.9505809940389413,-0.04240327879364192,0.0
2014-01-06,COMPOSITE,-1,-1,-1.0,0.0,5.0,-1,-1,持空,100.3469,0.0004899972965664023,-0.0004910544422994656,0.000981051738865868,1.1186390873718097,0.950114207019053,-0.041934058989049894,0.0
2014-01-07,COMPOSITE,-1,-1,-1.0,0.0,5.0,-1,-1,持空,100.2728,0.0007361261090321758,-0.0007384383573384445,0.0014745644663706203,1.119462546810608,0.949412606244738,-0.0412288016356972,0.0
2014-01-08,COMPOSITE,-1,-1,-1.0,0.0,5.0,-1,-1,持空,100.4077,-0.001339141242175046,0.0013453299399239782,-0.002684471182099024,1.1179634283451036,0.9506898794492602,-0.04251273168923653,0.0
2014-01-09,COMPOSITE,-1,-1,-1.0,0.0,5.0,-1,-1,持空,100.4995,-0.0009125130589764385,0.0009142725109727579,-0.0018267855699491964,1.1169432721172807,0.9515590690725007,-0.043386451325373665,0.0
2014-01-10,COMPOSITE,-1,-1,-1.0,0.0,5.0,-1,-1,持空,100.5941,-0.0009412045627527066,0.0009412982154139993,-0.0018825027781667059,1.115892000013228,0.9524547699260796,-0.04428682036217735,0.0
2014-01-13,COMPOSITE,-1,-1,-1.0,0.0,5.0,-1,-1,持空,100.5879,6.174382487045271e-05,-6.163383339574668e-05,0.0001233776582661994,1.1159608994534511,0.952396066487473,-0.0442278109749874,0.0
2014-01-14,COMPOSITE,-1,-1,-1.0,0.0,5.0,-1,-1,持空,100.5646,0.0002320229513521621,-0.00023163819902793925,0.00046366115038010136,1.1162198279949358,0.9521754551778705,-0.04400604989086965,0.0
2014-01-15,COMPOSITE,-1,-1,-1.0,0.0,5.0,-1,-1,持空,100.6795,-0.0011439164353613807,0.0011425491674008637,-0.0022864656027622443,1.1149429657882162,0.9532633624514035,-0.04509962708250548,0.0
2014-01-16,COMPOSITE,-1,-1,-1.0,0.0,5.0,-1,-1,持空,100.6256,0.0005372298277175336,-0.0005353622137573844,0.001072592041474918,1.1155419464056415,0.9527530212673877,-0.044586626119675565,0.0
2014-01-17,COMPOSITE,-1,-1,-0.2,2.0,3.0,-1,-1,持空,100.5959,0.00029586565109385177,-0.0002951535195815369,0.0005910191706753887,1.1158719969499373,0.9524718128598687,-0.04430395211974869,0.0
2014-01-20,COMPOSITE,-1,-1,-0.2,2.0,3.0,-1,-1,持空,100.5911,4.7802527757934143e-05,-4.7715662368053025e-05,9.551819012598717e-05,1.1159253384520458,0.9524263650364312,-0.04425826743289174,0.0
2014-01-21,COMPOSITE,-1,-1,-0.2,2.0,3.0,-1,-1,持空,100.758,-0.0016620542751840661,0.001659192513055352,-0.003321246788239418,1.1140706099724853,0.9540066237305361,-0.045846762065476776,0.0
2014-01-22,COMPOSITE,-1,-1,-0.2,2.0,3.0,-1,-1,持空,100.9618,-0.0020328974274570477,0.0020226681752317788,-0.0040555656026888265,1.1118058186954667,0.9559362625673162,-0.047786457728273724,0.0
2014-01-23,COMPOSITE,-1,-1,-0.2,2.0,3.0,-1,-1,持空,101.1078,-0.0014593112051112245,0.0014460914920295664,-0.002905402697140791,1.1101833480063366,0.9573186338635374,-0.049176033620169424,0.0
2014-01-24,COMPOSITE,-1,-1,-0.2,2.0,3.0,-1,-1,持空,100.9853,0.0012262114969590066,-0.0012115781373939205,0.002437789634352927,1.1115446675913945,0.9561587675362285,-0.04801012234101032,0.0
2014-01-26,COMPOSITE,-1,-1,-0.2,2.0,3.0,-1,-1,持空,101.2123,-0.002269462137473477,0.00224785191508059,-0.004517314052554067,1.1090220590541853,0.958308070852956,-0.050170627323615324,0.0
2014-01-27,COMPOSITE,-1,-1,-0.2,2.0,3.0,-1,-1,持空,101.2702,-0.00058017950493372,0.0005720648577298704,-0.0011522443626635903,1.1083786271850027,0.9588562852231699,-0.05072169885882616,0.0
2014-01-28,COMPOSITE,-1,-1,-0.2,2.0,3.0,-1,-1,持空,101.4007,-0.0013084175867364989,0.0012886317988904938,-0.0025970493856269927,1.106928405096431,0.9600918979228744,-0.05196375128274666,0.0
2014-01-29,COMPOSITE,-1,-1,-0.2,2.0,3.0,-1,-1,持空,101.3575,0.00043369879819254997,-0.0004260325619053207,0.0008597313600978707,1.1074084786154066,0.9596828675119378,-0.051552589101034885,0.0
2014-01-30,COMPOSITE,-1,-1,-0.2,2.0,3.0,-1,-1,持空,101.2966,0.0006111297873088173,-0.0006008435488248365,0.0012119733361336538,1.1080852489234068,0.9591062482520755,-0.050972964636538665,0.0
2014-02-07,COMPOSITE,-1,-1,-0.2,2.0,3.0,-1,-1,持空,101.486,-0.0018994628551715076,0.0018697567341847687,-0.0037692195893562763,1.1059804821527133,0.9608995436185435,-0.052775606238765094,0.0
2014-02-08,COMPOSITE,-1,-1,-0.2,2.0,3.0,-1,-1,持空,101.5174,-0.00031550495865273476,0.0003094022820882003,-0.0006249072407409351,1.105631539826421,0.9611968481301965,-0.05307446023195361,0.0
2014-02-10,COMPOSITE,-1,-1,-1.0,0.0,5.0,-1,-1,持空,101.4444,0.000733730284767864,-0.0007190885503370881,0.001452818835104952,1.106442775170986,0.9605056624820859,-0.05237967228600571,0.0
2014-02-11,COMPOSITE,-1,-1,-1.0,0.0,5.0,-1,-1,持空,101.436,8.436733537808827e-05,-8.280397932258765e-05,0.00016717131470067592,1.1065361227996755,0.9604261287910705,-0.052299724084006405,0.0
2014-02-12,COMPOSITE,-1,-1,-1.0,0.0,5.0,-1,-1,持空,101.4093,0.00026814497906069157,-0.0002632201585236471,0.0005313651375843387,1.1068328349051535,0.9601733252731999,-0.05204560301336514,0.0
2014-02-13,COMPOSITE,-1,-1,-1.0,0.0,5.0,-1,-1,持空,101.4374,-0.0002821293638435307,0.00027709490155247707,-0.0005592242653960078,1.1065205648615606,0.9604393844062397,-0.05231304878433962,0.0
2014-02-14,COMPOSITE,-1,-1,-1.0,0.0,5.0,-1,-1,持空,101.4485,-0.00011147756990936841,0.00010942709493733105,-0.00022090466484669946,1.1063972126379351,0.9605444824979386,-0.052418694622695994,0.0
2014-02-17,COMPOSITE,-1,-1,-1.0,0.0,5.0,-1,-1,持空,101.4048,0.0004389290933652923,-0.0004307604350975991,0.0008696895284628914,1.10688284256338,0.9601307179387272,-0.05200277361943684,0.0
2014-02-18,COMPOSITE,-1,-1,-1.0,0.0,5.0,-1,-1,持空,101.3107,0.0009447392780626007,-0.0009279639622581382,0.0018727032403207389,1.1079285582609633,0.959239751233423,-0.051107163404180755,0.0
2014-02-19,COMPOSITE,-1,-1,-1.0,0.0,5.0,-1,-1,持空,101.2292,0.0008174662958144729,-0.0008044559952700148,0.0016219222910844877,1.108834252515512,0.958468085064642,-0.05033147549192385,0.0
2014-02-20,COMPOSITE,-1,-1,-1.0,0.0,5.0,-1,-1,持空,101.2174,0.00011826040942142235,-0.00011656715651220395,0.0002348275659336263,1.108965383708195,0.9583563591653583,-0.050219167303400924,0.0
2014-02-21,COMPOSITE,-1,-1,-0.2,2.0,3.0,-1,-1,持空,101.2543,-0.0003697706019343272,0.00036456182435040674,-0.0007343324262847339,1.1085553209107368,0.9587057393080334,-0.050570368333612836,0.0
2014-02-24,COMPOSITE,-1,-1,-0.2,2.0,3.0,-1,-1,持空,101.3521,-0.0009804049333013154,0.0009658849056286556,-0.001946289838929971,1.1074684878052785,0.9596317387105705,-0.05150119382832097,0.0
2014-02-25,COMPOSITE,-1,-1,-0.2,2.0,3.0,-1,-1,持空,102.152,-0.008026539055499438,0.007892288368963385,-0.015918827424462823,1.0985793487351745,0.967205429120484,-0.059114356540152624,0.0
2014-02-26,COMPOSITE,1,-1,0.6,4.0,1.0,-1,-1,持空,102.0344,0.001189597094793493,-0.0011512256245593822,0.0023408227193528752,1.0998862155368299,0.9660919574462675,-0.057995081712159946,0.0
2014-02-27,COMPOSITE,1,1,1.0,5.0,0.0,-1,1,空翻多,102.4966,-0.0050759867809290204,0.004529844836643315,-0.009605831617572336,1.094303207646239,0.9704682041114282,-0.06277668622495913,0.0004466657500709779
2014-02-28,COMPOSITE,1,1,1.0,5.0,0.0,1,1,持有,102.326,-0.0016644454547761756,-0.0016644454547761756,0.0,1.0924817996461251,0.9688529127200901,-0.06433664330968225,0.0
2014-03-03,COMPOSITE,1,1,1.0,5.0,0.0,1,1,持有,102.1463,-0.0017561519066513487,-0.0017561519066513487,0.0,1.0905632356506947,0.967151459830152,-0.06597981029751776,0.0
2014-03-04,COMPOSITE,1,1,1.0,5.0,0.0,1,1,持有,101.7609,-0.0037730196786373016,-0.0037730196786373016,0.0,1.0864485191017863,0.9635023783399901,-0.06950388685350972,0.0
2014-03-05,COMPOSITE,1,1,1.0,5.0,0.0,1,1,持有,101.7393,-0.00021226227362369787,-0.0002122622736238089,1.1102230246251565e-16,1.0862179070689466,0.9632978631345217,-0.06970139607408432,0.0
2014-03-06,COMPOSITE,1,1,1.0,5.0,0.0,1,1,持有,101.6607,-0.000772562814959521,-0.0007725628149592989,-2.220446049250313e-16,1.085378735505002,0.9625536550257342,-0.07042011018228622,0.0
2014-03-07,COMPOSITE,1,1,1.0,5.0,0.0,1,1,持有,101.7104,0.0004888811507299806,0.0004888811507297586,2.220446049250313e-16,1.0859093567101934,0.9630242293642424,-0.06996565609605676,0.0
2014-03-10,COMPOSITE,1,1,1.0,5.0,0.0,1,1,持有,101.8684,0.0015534301310384802,0.0015534301310387022,-2.220446049250313e-16,1.0875962410244837,0.964520220219057,-0.06852091272333571,0.0
2014-03-11,COMPOSITE,1,1,1.0,5.0,0.0,1,1,持有,101.7964,-0.0007067942561185259,-0.0007067942561186369,1.1102230246251565e-16,1.0868275342483515,0.963838502867496,-0.06917927679191738,0.0
2014-03-12,COMPOSITE,1,1,1.0,5.0,0.0,1,1,持有,101.962,0.0016267765854194316,0.0016267765854194316,0.0,1.088595559833456,0.9654064527760866,-0.06766503943417912,0.0
2014-03-13,COMPOSITE,1,1,1.0,5.0,0.0,1,1,持有,102.0522,0.0008846432984837005,0.0008846432984837005,0.0,1.0895585786002218,0.9662604931248479,-0.06684025555937256,0.0
2014-03-14,COMPOSITE,1,1,1.0,5.0,0.0,1,1,持有,102.0967,0.0004360513541108446,0.00043605135411106666,-2.220446049250313e-16,1.0900336820938035,0.9666818323212989,-0.06643334998920747,0.0
2014-03-17,COMPOSITE,1,1,1.0,5.0,0.0,1,1,持有,102.2442,0.001444708790783844,0.001444708790783844,0.0,1.0916084633365748,0.9680784060623444,-0.06508461804315435,0.0
2014-03-18,COMPOSITE,1,1,1.0,5.0,0.0,1,1,持有,102.1702,-0.0007237574356296905,-0.0007237574356298015,1.1102230246251565e-16,1.0908184035944386,0.9673777521176842,-0.06576127000253018,0.0
2014-03-19,COMPOSITE,1,1,1.0,5.0,0.0,1,1,持有,102.0995,-0.0006919825937502511,-0.0006919825937503621,1.1102230246251565e-16,1.0900635762462088,0.9667083435516374,-0.06640774694209584,0.0
2014-03-20,COMPOSITE,1,1,1.0,5.0,0.0,1,1,持有,102.0719,-0.00027032453635911224,-0.00027032453635911224,0.0,1.089768905315358,0.9664470185668723,-0.06666011983505216,0.0
2014-03-21,COMPOSITE,1,1,1.0,5.0,0.0,1,1,持有,102.0976,0.0002517833017705584,0.0002517833017705584,0.0,1.0900432909285052,0.9666903537881935,-0.06642512043835014,0.0
2014-03-24,COMPOSITE,1,1,1.0,5.0,0.0,1,1,持有,102.1054,7.6397486326929e-05,7.639748632670695e-05,2.220446049250313e-16,1.0901265674959195,0.9667642065012791,-0.06635379766425376,0.0
2014-03-25,COMPOSITE,1,1,1.0,5.0,0.0,1,1,持有,102.0882,-0.00016845338248505648,-0.0001684533824851675,1.1102230246251565e-16,1.089942931988288,0.9666013518006284,-0.06651107352508157,0.0
2014-03-26,COMPOSITE,1,1,1.0,5.0,0.0,1,1,持有,102.097,8.619997218084485e-05,8.619997218084485e-05,0.0,1.090036885038704,0.9666846728102637,-0.06643060680558832,0.0
2014-03-27,COMPOSITE,1,1,1.0,5.0,0.0,1,1,持有,102.0786,-0.00018022077044377305,-0.00018022077044377305,0.0,1.0898404377514703,0.9665104561537536,-0.0665988554008925,0.0
2014-03-28,COMPOSITE,1,1,1.0,5.0,0.0,1,1,持有,101.9777,-0.0009884539952547122,-0.0009884539952546012,-1.1102230246251565e-16,1.0887631806165847,0.9655551050319131,-0.06752147949144682,0.0
2014-03-31,COMPOSITE,1,1,1.0,5.0,0.0,1,1,持有,102.0881,0.0010825896249866407,0.0010825896249866407,0.0,1.0899418643399876,0.9666004049709735,-0.06651198791962143,0.0
2014-04-01,COMPOSITE,1,1,1.0,5.0,0.0,1,1,持有,102.0874,-6.856822685308295e-06,-6.856822685419317e-06,1.1102230246251565e-16,1.0899343908018866,0.966593777163389,-0.06651838868139914,0.0
2014-04-02,COMPOSITE,1,1,1.0,5.0,0.0,1,1,持有,102.0187,-0.0006729527835953597,-0.0006729527835952487,-1.1102230246251565e-16,1.08920091641966,0.965943305190441,-0.06714657773017108,0.0
2014-04-03,COMPOSITE,1,1,1.0,5.0,0.0,1,1,持有,101.9247,-0.0009213997041718214,-0.0009213997041719324,1.1102230246251565e-16,1.0881973270174874,0.9650532853147917,-0.06800610859748613,0.0
2014-04-04,COMPOSITE,1,1,1.0,5.0,0.0,1,1,持有,101.8542,-0.0006916870984168266,-0.0006916870984167156,-1.1102230246251565e-16,1.0874446349658577,0.9643857704080548,-0.0686507567479725,0.0
2014-04-08,COMPOSITE,1,1,1.0,5.0,0.0,1,1,持有,101.8481,-5.988952836499806e-05,-5.988952836510908e-05,1.1102230246251565e-16,1.0873795084195466,0.964328013799103,-0.06870653481489408,0.0
2014-04-09,COMPOSITE,1,1,1.0,5.0,0.0,1,1,持有,101.8138,-0.00033677604196846733,-0.00033677604196846733,0.0,1.0870133050525834,0.9640032512274564,-0.06902017214201017,0.0
2014-04-10,COMPOSITE,1,1,1.0,5.0,0.0,1,1,持有,101.8716,0.0005677030029329622,0.0005677030029329622,0.0,1.0876304057700898,0.9645505187680153,-0.06849165209806518,0.0
2014-04-11,COMPOSITE,1,1,1.0,5.0,0.0,1,1,持有,101.9543,0.0008118062345148225,0.0008118062345148225,0.0,1.0885133509143419,0.9653335468926558,-0.06773544781373575,0.0
2014-04-14,COMPOSITE,1,1,1.0,5.0,0.0,1,1,持有,102.1296,0.0017193978086258443,0.0017193978086258443,0.0,1.090384938384564,0.9669933392777761,-0.06613251418564714,0.0
2014-04-15,COMPOSITE,1,1,1.0,5.0,0.0,1,1,持有,102.1976,0.0006658206827403479,0.0006658206827403479,0.0,1.091110939228689,0.9676371834431393,-0.06551072589865314,0.0
2014-04-16,COMPOSITE,1,1,1.0,5.0,0.0,1,1,持有,102.2796,0.0008023671788770503,0.0008023671788772724,-2.220446049250313e-16,1.0919864108348398,0.9684135837601953,-0.06476092237610165,0.0
2014-04-17,COMPOSITE,1,1,1.0,5.0,0.0,1,1,持有,102.7033,0.004142566064004871,0.004142566064004871,0.0,1.0965100366827187,0.9724253010082016,-0.06088663271140571,0.0
2014-04-18,COMPOSITE,1,1,1.0,5.0,0.0,1,1,持有,102.6908,-0.0001217098184771448,-0.00012170981847703377,-1.1102230246251565e-16,1.0963765806451957,0.9723069473013334,-0.061000932028867805,0.0
2014-04-21,COMPOSITE,1,1,1.0,5.0,0.0,1,1,持有,102.7434,0.000512217258021197,0.000512217258021197,0.0,1.0969381636510924,0.9728049796998349,-0.06051996050098718,0.0
2014-04-22,COMPOSITE,1,1,1.0,5.0,0.0,1,1,持有,102.7456,2.1412567619893963e-05,2.1412567619893963e-05,0.0,1.0969616519136964,0.9728258099522437,-0.06049984382111395,0.0
2014-04-23,COMPOSITE,1,1,1.0,5.0,0.0,1,1,持有,102.6144,-0.001276940326398357,-0.001276940326398246,-1.1102230246251565e-16,1.0955608973438553,0.9715835694449546,-0.061699529457196256,0.0
2014-04-24,COMPOSITE,1,1,1.0,5.0,0.0,1,1,持有,102.6341,0.00019198085259009012,0.00019198085258986808,2.220446049250313e-16,1.0957712240589916,0.971770094886979,-0.06151939373287585,0.0
2014-04-25,COMPOSITE,1,1,1.0,5.0,0.0,1,1,持有,102.5918,-0.0004121437222130986,-0.0004121437222130986,0.0,1.095319608828014,0.9713695859429369,-0.061906182623167605,0.0
2014-04-28,COMPOSITE,1,1,1.0,5.0,0.0,1,1,持有,102.5956,3.703999734860908e-05,3.703999734860908e-05,0.0,1.095360179463421,0.9714055654698247,-0.06187143563065911,0.0
2014-04-29,COMPOSITE,1,1,1.0,5.0,0.0,1,1,持有,102.6633,0.0006598723532003081,0.0006598723532003081,0.0,1.0960829773626453,0.9720465691462232,-0.06125239052728437,0.0
2014-04-30,COMPOSITE,1,1,1.0,5.0,0.0,1,1,持有,102.7329,0.0006779443092126414,0.0006779443092126414,0.0,1.0968260605795732,0.9727055625860657,-0.06061597192765533,0.0
2014-05-04,COMPOSITE,1,1,1.0,5.0,0.0,1,1,持有,102.9106,0.0017297282564785466,0.0017297282564787686,-2.220446049250313e-16,1.0987232716089999,0.9743880788829048,-0.05899109283061388,0.0
2014-05-05,COMPOSITE,1,1,1.0,5.0,0.0,1,1,持有,102.9191,8.259596193194163e-05,8.259596193194163e-05,0.0,1.0988140217145155,0.9744685594035752,-0.05891336929473956,0.0
2014-05-06,COMPOSITE,1,1,1.0,5.0,0.0,1,1,持有,103.0549,0.0013194829725484691,0.001319482972548247,2.220446049250313e-16,1.1002638881061653,0.9757543540749919,-0.05767162150983107,0.0
2014-05-07,COMPOSITE,1,1,1.0,5.0,0.0,1,1,持有,103.2035,0.0014419498733200253,0.0014419498733200253,0.0,1.1018504134802385,0.9771613429422418,-0.05631283122384134,0.0
2014-05-08,COMPOSITE,1,1,1.0,5.0,0.0,1,1,持有,103.4732,0.002613283464223626,0.002613283464223626,0.0,1.1047298609458343,0.9797149425216313,-0.05384670915027867,0.0
2014-05-09,COMPOSITE,1,1,1.0,5.0,0.0,1,1,持有,104.4011,0.008967539420835502,0.008967539420835502,0.0,1.11463656952324,0.9885005748898755,-0.04536204221643059,0.0
2014-05-12,COMPOSITE,1,1,1.0,5.0,0.0,1,1,持有,104.2881,-0.0010823640747078533,-0.0010823640747079644,1.1102230246251565e-16,1.1134301269440325,0.9874306573797865,-0.046395308046288,0.0
2014-05-13,COMPOSITE,1,1,1.0,5.0,0.0,1,1,持有,104.1527,-0.0012983264629428115,-0.0012983264629425895,-2.220446049250313e-16,1.1119845311455834,0.9861486500269896,-0.04763339825303792,0.0
2014-05-14,COMPOSITE,1,1,1.0,5.0,0.0,1,1,持有,104.0916,-0.0005866386565108739,-0.0005866386565109849,1.1102230246251565e-16,1.1113321980341713,0.9855701371078176,-0.04819209331679253,0.0
2014-05-15,COMPOSITE,1,1,1.0,5.0,0.0,1,1,持有,103.9966,-0.0009126576976433709,-0.0009126576976432599,-1.1102230246251565e-16,1.1103179321489964,0.9846706489356188,-0.04906076812950477,0.0
2014-05-16,COMPOSITE,1,1,1.0,5.0,0.0,1,1,持有,103.9452,-0.0004942469273032657,-0.0004942469273033767,1.1102230246251565e-16,1.109769160922702,0.9841839784929766,-0.04953076692290892,0.0
2014-05-19,COMPOSITE,1,1,1.0,5.0,0.0,1,1,持有,103.9557,0.00010101476547252908,0.00010101476547252908,0.0,1.1098812639942213,0.9842833956067458,-0.04943475549624088,0.0
2014-05-20,COMPOSITE,1,1,1.0,5.0,0.0,1,1,持有,104.0314,0.0007281947983615034,0.0007281947983615034,0.0,1.1106894737574606,0.9850001456555402,-0.04874255882969003,0.0
2014-05-21,COMPOSITE,1,1,1.0,5.0,0.0,1,1,持有,104.0269,-4.3256170733196875e-05,-4.3256170733196875e-05,0.0,1.1106414295839522,0.9849575383210675,-0.04878370658397657,0.0
2014-05-22,COMPOSITE,1,1,1.0,5.0,0.0,1,1,持有,104.0286,1.634192694388581e-05,1.634192694388581e-05,0.0,1.1106595796050553,0.9849736344252015,-0.04876816187680166,0.0
2014-05-23,COMPOSITE,1,1,1.0,5.0,0.0,1,1,持有,104.1648,0.0013092553393969641,0.0013092553393969641,0.0,1.1121137165899058,0.986263216415238,-0.04752275651373439,0.0
2014-05-26,COMPOSITE,1,1,1.0,5.0,0.0,1,1,持有,104.1065,-0.0005596900296453988,-0.0005596900296452878,-1.1102230246251565e-16,1.1114912776308985,0.9857112147264044,-0.04805584853037781,0.0
2014-05-27,COMPOSITE,1,1,1.0,5.0,0.0,1,1,持有,104.1378,0.00030065365755271856,0.00030065365755271856,0.0,1.1118254515488561,0.9860075724084026,-0.047769643039452636,0.0
2014-05-28,COMPOSITE,1,1,1.0,5.0,0.0,1,1,持有,104.2681,0.0012512267399542587,0.0012512267399542587,0.0,1.1132165972839958,0.9872412914487974,-0.04657818695422733,0.0
2014-05-29,COMPOSITE,1,1,1.0,5.0,0.0,1,1,持有,104.4763,0.0019967756197722952,0.0019967756197722952,0.0,1.1154394410449784,0.9892125907903949,-0.04467441752257839,0.0
2014-05-30,COMPOSITE,1,1,1.0,5.0,0.0,1,1,持有,104.7022,0.002162212865501667,0.002162212865501667,0.0,1.1178512585550937,0.9913514789809182,-0.04260880025740299,0.0
2014-06-03,COMPOSITE,1,1,1.0,5.0,0.0,1,1,持有,105.0903,0.003706703393051791,0.003706703393051791,0.0,1.1219948016081072,0.9950261248717637,-0.03906003504883915,0.0
2014-06-04,COMPOSITE,1,1,1.0,5.0,0.0,1,1,持有,105.2437,0.0014596970414968435,0.0014596970414968435,0.0,1.1236325741005893,0.996478561562451,-0.03765735382494395,0.0
2014-06-05,COMPOSITE,1,1,1.0,5.0,0.0,1,1,持有,105.1269,-0.0011098051474814907,-0.0011098051474814907,0.0,1.1223855608859745,0.995372664525474,-0.03872536664730997,0.0
2014-06-06,COMPOSITE,1,1,1.0,5.0,0.0,1,1,持有,105.0614,-0.000623056515506426,-0.0006230565155065371,1.1102230246251565e-16,1.1216862512493542,0.9947524911014843,-0.039324295070811366,0.0
2014-06-09,COMPOSITE,1,1,1.0,5.0,0.0,1,1,持有,104.958,-0.0009841863900539316,-0.0009841863900539316,0.0,1.120582302906964,0.99377346923827,-0.04026977902485818,0.0
2014-06-10,COMPOSITE,1,1,1.0,5.0,0.0,1,1,持有,105.0441,0.0008203281312526567,0.0008203281312526567,0.0,1.1215015480934223,0.9945886895711786,-0.03948248532617904,0.0
2014-06-11,COMPOSITE,1,1,1.0,5.0,0.0,1,1,持有,105.0227,-0.00020372395974632695,-0.00020372395974643798,1.1102230246251565e-16,1.121273071357183,0.9943860680250202,-0.03967816575767413,0.0
2014-06-12,COMPOSITE,1,1,1.0,5.0,0.0,1,1,持有,105.0146,-7.712618319666298e-05,-7.712618319655196e-05,-1.1102230246251565e-16,1.121186591844868,0.9943093748229695,-0.03975223171538966,0.0
2014-06-13,COMPOSITE,1,1,1.0,5.0,0.0,1,1,持有,104.917,-0.0009293945794202063,-0.0009293945794203173,1.1102230246251565e-16,1.1201445671038888,0.9933852690797422,-0.04064468078613381,0.0
2014-06-16,COMPOSITE,1,1,1.0,5.0,0.0,1,1,持有,105.0021,0.0008111173594362864,0.0008111173594365084,-2.220446049250313e-16,1.121053135807345,0.9941910211161012,-0.03986653103285187,0.0
2014-06-17,COMPOSITE,1,1,1.0,5.0,0.0,1,1,持有,105.0564,0.0005171325144925909,0.0005171325144925909,0.0,1.1216328688343449,0.994705149618737,-0.03937001479779634,0.0
2014-06-18,COMPOSITE,1,1,1.0,5.0,0.0,1,1,持有,105.0634,6.66308763672685e-05,6.663087636749054e-05,-2.220446049250313e-16,1.1217076042153578,0.9947714276945833,-0.03930600718001753,0.0
2014-06-19,COMPOSITE,1,1,1.0,5.0,0.0,1,1,持有,105.0427,-0.00019702389224030004,-0.00019702389224041106,1.1102230246251565e-16,1.1214866010172198,0.9945754339560093,-0.0394952868497348,0.0
2014-06-20,COMPOSITE,1,1,1.0,5.0,0.0,1,1,持有,105.1102,0.0006425958205569238,0.0006425958205569238,0.0,1.122207263619844,0.995214543973098,-0.038878070535439235,0.0
2014-06-23,COMPOSITE,1,1,1.0,5.0,0.0,1,1,持有,105.0913,-0.000179811283776532,-0.00017981128377642097,-1.1102230246251565e-16,1.122005478091109,0.9950355931683132,-0.039050891103442065,0.0
2014-06-24,COMPOSITE,1,1,1.0,5.0,0.0,1,1,持有,105.1435,0.0004967109551410331,0.0004967109551408111,2.220446049250313e-16,1.1225627905038051,0.9955298382481951,-0.03857357715372023,0.0
2014-06-25,COMPOSITE,1,1,0.2,3.0,2.0,1,1,持有,105.1337,-9.320595186568248e-05,-9.32059518657935e-05,1.1102230246251565e-16,1.1224581609703872,0.9954370489420103,-0.038663187818610445,0.0
2014-06-26,COMPOSITE,1,1,0.2,3.0,2.0,1,1,持有,105.156,0.0002121108645467551,0.0002121108645467551,0.0,1.1226962465413282,0.9956481919550634,-0.03845927783625802,0.0
2014-06-27,COMPOSITE,1,1,0.2,3.0,2.0,1,1,持有,105.1068,-0.0004678762980713236,-0.0004678762980714346,1.1102230246251565e-16,1.1221709635776378,0.9951823517648299,-0.03890915994978883,0.0
2014-06-30,COMPOSITE,1,1,0.2,3.0,2.0,1,1,持有,105.0412,-0.0006241270783623465,-0.0006241270783622355,-1.1102230246251565e-16,1.121470586292717,0.9945612315111853,-0.039509002767830204,0.0
2014-07-01,COMPOSITE,1,1,0.2,3.0,2.0,1,1,持有,104.9223,-0.0011319368019405696,-0.0011319368019405696,0.0,1.1202011524637985,0.9934354510514544,-0.040596217875529916,0.0
2014-07-02,COMPOSITE,1,1,0.2,3.0,2.0,1,1,持有,104.6309,-0.0027772932922744964,-0.0027772932922743854,-1.1102230246251565e-16,1.1170900253170626,0.9906763894369416,-0.04326076356420694,0.0
2014-07-03,COMPOSITE,1,1,0.2,3.0,2.0,1,1,持有,104.4237,-0.0019802945401405925,-0.0019802945401407035,1.1102230246251565e-16,1.1148778580390817,0.9887145583918933,-0.045155389050459016,0.0
2014-07-04,COMPOSITE,1,1,0.2,3.0,2.0,1,1,持有,104.3312,-0.0008858142356571452,-0.0008858142356572563,1.1102230246251565e-16,1.1138902833614117,0.9878387409610682,-0.046001203999678664,0.0
2014-07-07,COMPOSITE,1,1,0.2,3.0,2.0,1,1,持有,104.447,0.0011099268483445446,0.0011099268483447666,-2.220446049250313e-16,1.1151266200930245,0.9889351697014959,-0.04494233512270962,0.0
2014-07-08,COMPOSITE,1,1,0.2,3.0,2.0,1,1,持有,104.4878,0.00039062873993511715,0.0003906287399348951,2.220446049250313e-16,1.1155622205994995,0.9893214762007136,-0.04456926215051327,0.0
2014-07-09,COMPOSITE,1,1,0.2,3.0,2.0,1,1,持有,104.5118,0.00022969188747401503,0.00022969188747401503,0.0,1.1158184561915436,0.9895487153179008,-0.044349807460986046,0.0
2014-07-10,COMPOSITE,1,1,0.2,3.0,2.0,1,1,持有,104.4579,-0.0005157312380036361,-0.0005157312380037471,1.1102230246251565e-16,1.1152429937577446,0.9890383741338848,-0.04484266611788268,0.0
2014-07-11,COMPOSITE,1,1,0.2,3.0,2.0,1,1,持有,104.4701,0.00011679346416104686,0.0001167934641612689,-2.220446049250313e-16,1.115373246850367,0.9891538873517883,-0.04473110998403962,0.0
2014-07-14,COMPOSITE,1,1,0.2,3.0,2.0,1,1,持有,104.4024,-0.0006480323078085215,-0.0006480323078086325,1.1102230246251565e-16,1.1146504489511426,0.9885128836753899,-0.04535015508741436,0.0
2014-07-15,COMPOSITE,-1,1,-0.6,1.0,4.0,1,1,持有,104.2921,-0.0010564891228553863,-0.0010564891228554973,1.1102230246251565e-16,1.11347283287604,0.9874685305659844,-0.04635873226470011,0.0
2014-07-16,COMPOSITE,-1,-1,-0.6,1.0,4.0,1,-1,多翻空,103.8543,-0.004596066368568241,-0.004197825146871281,-0.00039824122169695997,1.108355237836544,0.9833233103366305,-0.05074173082301703,0.00044343078129087583
2014-07-17,COMPOSITE,-1,-1,-1.0,0.0,5.0,-1,-1,持空,103.552,0.0029108087002656102,-0.002910808700265499,0.005821617400531109,1.1115814479058235,0.9804610442897287,-0.047978621594297666,0.0
2014-07-18,COMPOSITE,-1,-1,-1.0,0.0,5.0,-1,-1,持空,103.4418,0.0010580222472700296,-0.0010641996291719247,0.0021222218764419543,1.1127575258073605,0.979417638009978,-0.046971361796067757,0.0
2014-07-21,COMPOSITE,-1,-1,-1.0,0.0,5.0,-1,-1,持空,103.4632,-0.00020524270429334024,0.00020687961733090177,-0.000412122321624242,1.1125291404435411,0.9796202595561366,-0.0471669639710417,0.0
2014-07-22,COMPOSITE,-1,-1,-1.0,0.0,5.0,-1,-1,持空,103.5406,-0.0007424788048201458,0.0007480920752498399,-0.0014905708800699857,1.111703111137017,0.9803531057090648,-0.047874422304825526,0.0
2014-07-23,COMPOSITE,-1,-1,-1.0,0.0,5.0,-1,-1,持空,103.5274,0.00012671837800470875,-0.00012748622279556976,0.0002542046008002785,1.111843984352083,0.980228124194612,-0.0477537704959633,0.0
2014-07-24,COMPOSITE,-1,-1,-1.0,0.0,5.0,-1,-1,持空,103.5124,0.0001439799119227203,-0.0001448891790966078,0.0002888690910193281,1.1120040675510219,0.9800860997463701,-0.04761666616771054,0.0
2014-07-25,COMPOSITE,-1,-1,-1.0,0.0,5.0,-1,-1,持空,103.5542,-0.00040116626134145683,0.0004038163543691464,-0.0008049826157106033,1.111557969036646,0.9804818745421375,-0.047998730229107944,0.0
2014-07-28,COMPOSITE,-1,-1,-1.0,0.0,5.0,-1,-1,持空,103.6428,-0.0008506601737422459,0.0008555905989326984,-0.0017062507726749443,1.1106124109415807,0.9813207656164197,-0.04880855979465404,0.0
2014-07-29,COMPOSITE,-1,-1,-1.0,0.0,5.0,-1,-1,持空,103.6071,0.00034305218429109274,-0.0003444522919102688,0.0006875044762013616,1.110993408955055,0.980982747429604,-0.048482251493412565,0.0
2014-07-30,COMPOSITE,-1,-1,-1.0,0.0,5.0,-1,-1,持空,103.5673,0.0003823191788783209,-0.0003841435577291996,0.0007664627366075205,1.1114181630429059,0.9806059092269355,-0.048118468009115456,0.0
2014-07-31,COMPOSITE,-1,-1,-1.0,0.0,5.0,-1,-1,持空,103.633,-0.000630873630346307,0.0006343701148914249,-0.0012652437452377319,1.1107169986315542,0.981227976310235,-0.04871898496686222,0.0
2014-08-01,COMPOSITE,-1,-1,-1.0,0.0,5.0,-1,-1,持空,103.6141,0.00018159876090062532,-0.00018237434021983745,0.00036397310112046277,1.110918703462217,0.9810490255054501,-0.048546233513263815,0.0
2014-08-04,COMPOSITE,-1,-1,-1.0,0.0,5.0,-1,-1,持空,103.8066,-0.0018492811820030042,0.001857855253290852,-0.0037071364352938563,1.1088643024091691,0.9828716725912213,-0.05030573905917368,0.0
2014-08-05,COMPOSITE,-1,-1,-1.0,0.0,5.0,-1,-1,持空,103.7423,0.0006188523801275991,-0.0006194211158057072,0.0012382734959333064,1.1095505257219536,0.982262861123091,-0.04971801850539692,0.0
2014-08-06,COMPOSITE,-1,-1,-1.0,0.0,5.0,-1,-1,持空,103.7311,0.00010772721545349029,-0.00010795981966860158,0.00021568703512209186,1.1096700545104945,0.982156816201737,-0.04961564727363488,0.0
2014-08-07,COMPOSITE,-1,-1,-1.0,0.0,5.0,-1,-1,持空,103.6915,0.00038085162655354665,-0.00038175629102554787,0.0007626079175790945,1.1100926741556927,0.9817818716583784,-0.049253691847047865,0.0
2014-08-08,COMPOSITE,-1,-1,-1.0,0.0,5.0,-1,-1,持空,103.6571,0.00033071485361557684,-0.0003317533259716843,0.0006624681795872611,1.1104597982919258,0.981456162257077,-0.04893926592092157,0.0
2014-08-11,COMPOSITE,-1,-1,-1.0,0.0,5.0,-1,-1,持空,103.5334,0.0011888343752852748,-0.001193357715004617,0.002382192090289892,1.1117799510725075,0.9802849339739087,-0.0478086122272644,0.0
2014-08-12,COMPOSITE,-1,-1,-1.0,0.0,5.0,-1,-1,持空,103.5297,3.5517090440029264e-05,-3.573725966687924e-05,7.12543501069085e-05,1.1118194382615791,0.9802499012766758,-0.047774793159628626,0.0
2014-08-13,COMPOSITE,-1,-1,-1.0,0.0,5.0,-1,-1,持空,103.5693,-0.00038011535925219775,0.0003824989350880159,-0.0007626142943402137,1.1113968186163807,0.9806248458200343,-0.04813674858621586,0.0
2014-08-14,COMPOSITE,-1,-1,-1.0,0.0,5.0,-1,-1,持空,103.8409,-0.0026080451856311804,0.0026223987224014422,-0.005230443908032623,1.1084982454942625,0.9831964351628679,-0.05061925095644482,0.0
2014-08-15,COMPOSITE,-1,-1,-1.0,0.0,5.0,-1,-1,持空,103.9267,-0.0008260508319718474,0.0008262640250613629,-0.0016523148570332102,1.1075825695963326,0.9840088150068115,-0.05140348771405023,0.0
2014-08-18,COMPOSITE,-1,-1,-1.0,0.0,5.0,-1,-1,持空,103.8773,0.0004759982231967719,-0.00047533501977825576,0.0009513332429750276,1.1081097769315043,0.9835410811572682,-0.050951957459671404,0.0
2014-08-19,COMPOSITE,-1,-1,-1.0,0.0,5.0,-1,-1,持空,103.8452,0.0003091553317737805,-0.0003090184284727515,0.000618173760246532,1.1084523549772334,0.9832371488380306,-0.05065855419721055,0.0
2014-08-20,COMPOSITE,-1,-1,-1.0,0.0,5.0,-1,-1,持空,103.8012,0.0004236333491876021,-0.0004237075955365599,0.000847340944724162,1.1089219323607873,0.9828205437898542,-0.050256381501002534,0.0
2014-08-21,COMPOSITE,-1,-1,-1.0,0.0,5.0,-1,-1,持空,103.7462,0.0005293174499600983,-0.0005298589997032588,0.0010591764496633571,1.1095089040902293,0.9822997874796339,-0.049753665630742794,0.0
2014-08-22,COMPOSITE,-1,-1,-1.0,0.0,5.0,-1,-1,持空,103.664,0.0007906704731710512,-0.0007923181764729614,0.0015829886496440126,1.110386160020414,0.9815214935032682,-0.049002333911917884,0.0
2014-08-25,COMPOSITE,-1,-1,-1.0,0.0,5.0,-1,-1,持空,103.7682,-0.0010014935902485922,0.0010051705510110143,-0.0020066641412596065,1.1092741153984527,0.982508090003722,-0.04995475197884647,0.0
2014-08-26,COMPOSITE,-1,-1,-1.0,0.0,5.0,-1,-1,持空,103.8178,-0.0004771965472523121,0.0004779884396184375,-0.0009551849868707496,1.1087447736206282,0.9829777175125753,-0.050408110290935615,0.0
2014-08-27,COMPOSITE,-1,-1,-1.0,0.0,5.0,-1,-1,持空,103.8883,-0.000678597142384052,0.0006790743013240785,-0.0013576714437081305,1.107992382585616,0.9836452324193122,-0.05105250063372324,0.0
2014-08-28,COMPOSITE,-1,-1,-1.0,0.0,5.0,-1,-1,持空,103.9438,-0.0005345775344512971,0.0005342276271727009,-0.001068805161623998,1.1074000747495425,0.9841707228778073,-0.05155978664825822,0.0
2014-08-29,COMPOSITE,-1,-1,-1.0,0.0,5.0,-1,-1,持空,103.9199,0.00023032858927107824,-0.00022993194399278938,0.0004602605332638676,1.1076551406465183,0.9839444305902751,-0.05134133375190897,0.0
2014-09-01,COMPOSITE,-1,-1,-1.0,0.0,5.0,-1,-1,持空,103.8874,0.0003131362084696221,-0.0003127408706128376,0.0006258770790824597,1.1080019875775522,0.9836367109524177,-0.05104427437402825,0.0
2014-09-02,COMPOSITE,-1,-1,-0.6,1.0,4.0,-1,-1,持空,103.851,0.00035060276706500026,-0.00035037935303028345,0.0007009821200952837,1.1083904561403104,0.9832920649580174,-0.050711567870801555,0.0
2014-09-03,COMPOSITE,-1,-1,-0.6,1.0,4.0,-1,-1,持空,103.8082,0.000412102725269925,-0.0004121289154654928,0.0008242316407354178,1.108847226867949,0.9828868218657004,-0.050320363520853895,0.0
2014-09-04,COMPOSITE,-1,-1,-0.6,1.0,4.0,-1,-1,持空,103.7404,0.0006525480171395426,-0.0006531275949299697,0.0013056756120695123,1.1095708029271525,0.9822448713596469,-0.049700651957151565,0.0
2014-09-05,COMPOSITE,-1,-1,-0.6,1.0,4.0,-1,-1,持空,103.6705,0.0006723209596779522,-0.0006737972863029018,0.001346118245980854,1.110316790634207,0.9815830374308399,-0.049061745787494004,0.0
2014-09-09,COMPOSITE,1,-1,0.2,3.0,2.0,-1,-1,持空,103.6567,0.00013264371417776033,-0.00013311404883753486,0.0002657577630152952,1.1104640671772308,0.9814523749384572,-0.04893560980550149,0.0
2014-09-10,COMPOSITE,1,1,0.2,3.0,2.0,-1,1,空翻多,103.6232,-7.720583014181326e-05,-0.00032318219661620073,0.0002459763664743875,1.1103783328770818,0.9811351870040503,-0.04900903752126473,0.00044325344444570637
2014-09-11,COMPOSITE,1,1,0.2,3.0,2.0,1,1,持有,103.6308,7.334264913638755e-05,7.334264913638755e-05,0.0,1.1104597709655586,0.9812071460578261,-0.04893928932477187,0.0
2014-09-12,COMPOSITE,1,1,0.2,3.0,2.0,1,1,持有,103.6812,0.0004863418983547252,0.0004863418983547252,0.0,1.1109998340786165,0.981684348203919,-0.048476748653291546,0.0
2014-09-15,COMPOSITE,1,1,0.2,3.0,2.0,1,1,持有,103.7117,0.0002941709779591406,0.0002941709779591406,0.0,1.11132665798632,0.9819731312486774,-0.04819683812789188,0.0
2014-09-16,COMPOSITE,1,1,0.2,3.0,2.0,1,1,持有,103.734,0.0002150191347747299,0.0002150191347747299,0.0,1.1115656144827721,0.9821842742617304,-0.04799218223555035,0.0
2014-09-17,COMPOSITE,1,1,0.2,3.0,2.0,1,1,持有,103.997,0.002535330749802389,0.002535330749802389,0.0,1.1143838009655933,0.9846744362542386,-0.045578527541119906,0.0
2014-09-18,COMPOSITE,1,1,0.2,3.0,2.0,1,1,持有,104.5856,0.005659778647461033,0.005659778647461033,0.0,1.1206909666073748,0.990247475603251,-0.04017671327061889,0.0
2014-09-19,COMPOSITE,1,1,0.2,3.0,2.0,1,1,持有,105.1542,0.005436694917847262,0.005436694917847262,0.0,1.1267838214900063,0.9956311490212743,-0.03495844688562588,0.0
2014-09-22,COMPOSITE,1,1,0.2,3.0,2.0,1,1,持有,105.3284,0.0016566147619401228,0.0016566147619399008,2.220446049250313e-16,1.128650468202202,0.9972805262801901,-0.033359744802850866,0.0
2014-09-23,COMPOSITE,1,1,0.2,3.0,2.0,1,1,持有,105.4221,0.0008895986267709599,0.000889598626771182,-2.220446049250313e-16,1.1296545141088192,0.9981677056668746,-0.032499822959245916,0.0
2014-09-24,COMPOSITE,1,1,0.2,3.0,2.0,1,1,持有,105.3437,-0.0007436770847858432,-0.0007436770847857321,-1.1102230246251565e-16,1.1288144159329516,0.997425391217397,-0.033219330670437364,0.0
2014-09-25,COMPOSITE,1,1,0.2,3.0,2.0,1,1,持有,105.3942,0.0004793831999445608,0.0004793831999445608,0.0,1.1293555505998052,0.9979035401931448,-0.032755872259529584,0.0
2014-09-26,COMPOSITE,1,1,0.2,3.0,2.0,1,1,持有,105.3407,-0.0005076180662693108,-0.0005076180662693108,0.0,1.1287822693190792,0.9973969863277486,-0.033246862853263504,0.0
2014-09-28,COMPOSITE,1,1,0.2,3.0,2.0,1,1,持有,105.3573,0.00015758391580833475,0.00015758391580833475,0.0,1.1289601472491735,0.9975541600504696,-0.033094518108292004,0.0
2014-09-29,COMPOSITE,1,1,0.2,3.0,2.0,1,1,持有,105.4529,0.0009073884771155782,0.0009073884771153562,2.220446049250313e-16,1.1299845526779102,0.998459329200598,-0.03221715921556345,0.0
2014-09-30,COMPOSITE,1,1,0.2,3.0,2.0,1,1,持有,105.555,0.0009682047625052537,0.0009682047625054757,-2.220446049250313e-16,1.1310786091033704,0.9994260422782981,-0.03128014726004502,0.0
2014-10-08,COMPOSITE,1,1,0.2,3.0,2.0,1,1,持有,105.494,-0.0005778977784094419,-0.0005778977784094419,0.0,1.130424961287963,0.9988484761887809,-0.03183996831084457,0.0
2014-10-09,COMPOSITE,1,1,1.0,5.0,0.0,1,1,持有,105.4357,-0.0005526380647241647,-0.0005526380647241647,0.0,1.129800245425041,0.9982964744999473,-0.032375010397100557,0.0
2014-10-10,COMPOSITE,1,1,1.0,5.0,0.0,1,1,持有,105.4007,-0.000331955874528167,-0.000331955874528278,1.1102230246251565e-16,1.129425201596529,0.9979650841207162,-0.03269621919673937,0.0
2014-10-11,COMPOSITE,1,1,1.0,5.0,0.0,1,1,持有,105.4239,0.00022011239014552153,0.00022011239014552153,0.0,1.1296738020771429,0.9981847486006638,-0.0324833036495501,0.0
2014-10-13,COMPOSITE,1,1,1.0,5.0,0.0,1,1,持有,105.5353,0.0010566863870526966,0.0010566863870526966,0.0,1.1308675130056078,0.9992395168362737,-0.031460941927270336,0.0
2014-10-14,COMPOSITE,1,1,1.0,5.0,0.0,1,1,持有,106.1687,0.006001783289572238,0.006001783289572238,0.0,1.137654734747885,1.005236735870702,-0.025647980393231462,0.0
2014-10-15,COMPOSITE,1,1,1.0,5.0,0.0,1,1,持有,106.6879,0.0048903302008971306,0.0048903302008971306,0.0,1.1432182420554162,1.0101526754391816,-0.020883077285443363,0.0
2014-10-16,COMPOSITE,1,1,1.0,5.0,0.0,1,1,持有,106.7651,0.0007236059571891218,0.0007236059571891218,0.0,1.1440454815857348,1.0108836279328,-0.02017458244738235,0.0
2014-10-17,COMPOSITE,1,1,1.0,5.0,0.0,1,1,持有,106.8668,0.000952558467139486,0.0009525584671399301,-4.440892098500626e-16,1.145135251796012,1.0118465536918804,-0.019241241449574065,0.0
2014-10-20,COMPOSITE,1,1,1.0,5.0,0.0,1,1,持有,107.3247,0.004284773194294322,0.0042847731942941,2.220446049250313e-16,1.1500418966267492,1.0161820866818783,-0.01503891261086776,0.0
2014-10-21,COMPOSITE,1,1,1.0,5.0,0.0,1,1,持有,107.4326,0.0010053603690480806,0.0010053603690480806,0.0,1.1511981031723626,1.0172037158795648,-0.014048671768552179,0.0
2014-10-22,COMPOSITE,1,1,1.0,5.0,0.0,1,1,持有,107.1701,-0.002443392415337531,-0.00244339241533742,-1.1102230246251565e-16,1.1483852744585203,1.0147182880353316,-0.016457737765844804,0.0
2014-10-23,COMPOSITE,1,1,1.0,5.0,0.0,1,1,持有,106.9662,-0.0019025829032537356,-0.0019025829032539576,2.220446049250313e-16,1.1462003762689872,1.0127877023688965,-0.018329008458599083,0.0
2014-10-24,COMPOSITE,1,1,1.0,5.0,0.0,1,1,持有,106.8688,-0.0009105680112035941,-0.0009105680112034831,-1.1102230246251565e-16,1.145156682871927,1.011865490284979,-0.01922288666102323,0.0
2014-10-27,COMPOSITE,1,1,1.0,5.0,0.0,1,1,持有,107.0739,0.0019191756621201872,0.0019191756621204092,-2.220446049250313e-16,1.1473544397070092,1.0138074379072735,-0.017340603095138518,0.0
2014-10-28,COMPOSITE,1,1,1.0,5.0,0.0,1,1,持有,107.2001,0.0011786252298646716,0.0011786252298646716,0.0,1.148706740597245,1.0150023369318155,-0.01618241593758296,0.0
2014-10-29,COMPOSITE,1,1,1.0,5.0,0.0,1,1,持有,107.4547,0.0023749977845171077,0.0023749977845168857,2.220446049250313e-16,1.1514349165612234,1.0174129652333082,-0.013845851355065664,0.0
2014-10-30,COMPOSITE,1,1,1.0,5.0,0.0,1,1,持有,107.2985,-0.001453635811183851,-0.00145363581118374,-1.1102230246251565e-16,1.1497611495322626,1.0159340173122824,-0.015279360340883397,0.0
2014-10-31,COMPOSITE,1,1,1.0,5.0,0.0,1,1,持有,107.2764,-0.000205967464596446,-0.00020596746459666804,2.220446049250313e-16,1.149524336143402,1.015724767958539,-0.015482180754369801,0.0
2014-11-03,COMPOSITE,1,1,1.0,5.0,0.0,1,1,持有,107.6245,0.003244888903803478,0.0032448889038037,-2.220446049250313e-16,1.153254414906406,1.0190206819874064,-0.012287529807102682,0.0
2014-11-04,COMPOSITE,1,1,1.0,5.0,0.0,1,1,持有,108.1842,0.005200488736300857,0.005200488736300635,2.220446049250313e-16,1.159251901501216,1.0243200875661393,-0.00715094223116064,0.0
2014-11-05,COMPOSITE,1,1,1.0,5.0,0.0,1,1,持有,108.4745,0.0026833862985538026,0.0026833862985538026,0.0,1.1623626221702767,1.0270687340544478,-0.004486744673011689,0.0
2014-11-06,COMPOSITE,1,1,1.0,5.0,0.0,1,1,持有,108.2519,-0.0020520951928794107,-0.0020520951928795217,1.1102230246251565e-16,1.1599773434209384,1.0249610912425378,-0.0065296326387159764,0.0
2014-11-07,COMPOSITE,1,1,1.0,5.0,0.0,1,1,持有,108.8305,0.005344940827828326,0.005344940827828548,-2.220446049250313e-16,1.1661773536831448,1.0304394476260557,-0.0012195923109690199,0.0
2014-11-10,COMPOSITE,1,1,1.0,5.0,0.0,1,1,持有,109.202,0.0034135651310982507,0.0034135651310984727,-2.220446049250313e-16,1.170158176034354,1.0339569197941803,0.0,0.0
2014-11-11,COMPOSITE,1,1,1.0,5.0,0.0,1,1,持有,109.2489,0.0004294793135657393,0.0004294793135657393,0.0,1.1706607347645606,1.03440098290235,0.0,0.0
2014-11-12,COMPOSITE,1,1,1.0,5.0,0.0,1,1,持有,108.986,-0.002406431552171129,-0.002406431552171129,0.0,1.1678436198355353,1.0319117677394969,-0.002406431552171129,0.0
2014-11-13,COMPOSITE,1,1,1.0,5.0,0.0,1,1,持有,108.5965,-0.00357385352247086,-0.003573853522470638,-2.220446049250313e-16,1.163669917801091,1.0282238662334822,-0.005971684840762603,0.0
2014-11-14,COMPOSITE,1,1,1.0,5.0,0.0,1,1,持有,108.2979,-0.002749628210853894,-0.002749628210854116,2.220446049250313e-16,1.160470258166983,1.025396632883813,-0.008704893138512082,0.0
2014-11-17,COMPOSITE,1,1,1.0,5.0,0.0,1,1,持有,108.0298,-0.002475578935510425,-0.002475578935510314,-1.1102230246251565e-16,1.1575974224405785,1.0228581825789027,-0.011158922423932904,0.0
2014-11-18,COMPOSITE,1,1,1.0,5.0,0.0,1,1,持有,108.3217,0.0027020322170365763,0.0027020322170365763,0.0,1.1607252879703713,1.0256219783416904,-0.00848704197479333,0.0
2014-11-19,COMPOSITE,1,1,1.0,5.0,0.0,1,1,持有,108.2862,-0.00032772750058396305,-0.0003277275005842961,3.3306690738754696e-16,1.1603448863728802,1.0252858538141842,-0.008811988038323504,0.0
2014-11-20,COMPOSITE,1,1,1.0,5.0,0.0,1,1,持有,108.1168,-0.0015643729302533549,-0.0015643729302531328,-2.220446049250313e-16,1.1585296742428806,1.0236819243787059,-0.010362575733028012,0.0
2014-11-21,COMPOSITE,1,1,1.0,5.0,0.0,1,1,持有,107.9996,-0.0010840128453670772,-0.0010840128453672992,2.220446049250313e-16,1.1572738131942624,1.022572240023109,-0.011435355413189408,0.0
2014-11-24,COMPOSITE,1,1,1.0,5.0,0.0,1,1,持有,109.4067,0.013028751958340523,0.013028751958340523,0.0,1.1723516466542534,1.0358950800978548,0.0,0.0
2014-11-25,COMPOSITE,1,1,1.0,5.0,0.0,1,1,持有,109.0993,-0.002809699954390399,-0.002809699954390399,0.0,1.1690576902861194,1.0329845257385506,-0.002809699954390399,0.0
2014-11-26,COMPOSITE,1,1,1.0,5.0,0.0,1,1,持有,109.101,1.5582134807345938e-05,1.5582134807345938e-05,0.0,1.169075906700647,1.0330006218426846,-0.0027941616007064463,0.0
2014-11-27,COMPOSITE,1,1,1.0,5.0,0.0,1,1,持有,109.0945,-5.9577822384748735e-05,-5.9577822384748735e-05,0.0,1.1690062557039234,1.032939077915113,-0.002853572953027683,0.0
2014-11-28,COMPOSITE,1,1,1.0,5.0,0.0,1,1,持有,109.1389,0.00040698660335780623,0.00040698660335780623,0.0,1.1694820255892362,1.0333594702819093,-0.002447747715633608,0.0
2014-12-01,COMPOSITE,1,1,1.0,5.0,0.0,1,1,持有,109.1886,0.00045538300276048993,0.00045538300276048993,0.0,1.1700145878257235,1.0338300446204174,-0.0019934793755777003,0.0
2014-12-02,COMPOSITE,1,1,1.0,5.0,0.0,1,1,持有,109.0629,-0.0011512190833107283,-0.0011512190833108393,1.1102230246251565e-16,1.1686676447044666,1.0326398797441503,-0.003142403527389148,0.0
2014-12-03,COMPOSITE,1,1,1.0,5.0,0.0,1,1,持有,108.4438,-0.005676540785179984,-0.005676540785179984,0.0,1.1620336551549815,1.0267780573503793,-0.00880110633078246,0.0
2014-12-04,COMPOSITE,1,1,1.0,5.0,0.0,1,1,持有,108.0616,-0.003524406190118845,-0.003524406190118734,-1.1102230246251565e-16,1.1579381765476269,1.0231592744091755,-0.012294493847269106,0.0
2014-12-05,COMPOSITE,1,1,1.0,5.0,0.0,1,1,持有,107.1019,-0.008881045625828143,-0.008881045625828365,2.220446049250313e-16,1.1476544747698192,1.0140725502106582,-0.02106635151229319,0.0
2014-12-08,COMPOSITE,1,1,1.0,5.0,0.0,1,1,持有,107.0828,-0.0001783348381307892,-0.00017833483813056716,-2.220446049250313e-16,1.147449807994831,1.0138917057465637,-0.021240929486037063,0.0
2014-12-09,COMPOSITE,1,1,1.0,5.0,0.0,1,1,持有,107.1306,0.00044638354619030984,0.0004463835461905319,-2.220446049250313e-16,1.1479620107091992,1.014344290321628,-0.020804027541274972,0.0
2014-12-10,COMPOSITE,1,1,1.0,5.0,0.0,1,1,持有,107.4559,0.003036480706726019,0.003036480706726241,-2.220446049250313e-16,1.1514477752067722,1.0174243271891674,-0.017830717862800216,0.0
2014-12-11,COMPOSITE,1,1,0.2,3.0,2.0,1,1,持有,107.3556,-0.0009334061694145079,-0.000933406169414619,1.1102230246251565e-16,1.1503730067496356,1.0164746570452565,-0.01874748073015642,0.0
2014-12-12,COMPOSITE,1,1,0.2,3.0,2.0,1,1,持有,107.2792,-0.0007116536072641066,-0.0007116536072642177,1.1102230246251565e-16,1.149554339649683,1.0157512791888776,-0.019445792625131797,0.0
2014-12-15,COMPOSITE,1,1,0.2,3.0,2.0,1,1,持有,107.1017,-0.0016545611824101414,-0.0016545611824100304,-1.1102230246251565e-16,1.1476523316622276,1.0140706565513484,-0.021068179553903166,0.0
2014-12-16,COMPOSITE,1,1,0.2,3.0,2.0,1,1,持有,107.2358,0.0012520809660350185,0.0012520809660350185,0.0,1.1490892853023276,1.015340355118631,-0.019842477654476554,0.0
2014-12-17,COMPOSITE,1,1,0.2,3.0,2.0,1,1,持有,107.3246,0.0008280816667569635,0.0008280816667567414,2.220446049250313e-16,1.1500408250729532,1.0161811398522231,-0.019030827179688292,0.0
2014-12-18,COMPOSITE,-1,1,-0.2,2.0,3.0,1,1,持有,107.312,-0.00011740085683997759,-0.00011740085683964452,-3.3306690738754696e-16,1.1499058092946888,1.0160618393157002,-0.01914599380111104,0.0
2014-12-19,COMPOSITE,-1,-1,-0.6,1.0,4.0,1,-1,多翻空,107.5928,0.0022157026772668953,0.0026166691516325002,-0.00040096647436560495,1.1524536586749476,1.0187205369867884,-0.01697271295356828,0.00046107367820562024
2014-12-22,COMPOSITE,-1,-1,-1.0,0.0,5.0,-1,-1,持空,107.6432,-0.0004684328319365383,0.0004684328319366493,-0.0009368656638731876,1.151913811543939,1.0191977391328813,-0.017433195209510366,0.0
2014-12-23,COMPOSITE,-1,-1,-1.0,0.0,5.0,-1,-1,持空,107.937,-0.002731945725592877,0.0027293874578235844,-0.005461333183416461,1.14876684553024,1.0219795246591128,-0.020117514391967184,0.0
2014-12-24,COMPOSITE,-1,-1,-1.0,0.0,5.0,-1,-1,持空,108.34,-0.0037576248081561126,0.003733659449493665,-0.007491284257649777,1.1444502107326884,1.0257952481685453,-0.023799545128965538,0.0
2014-12-25,COMPOSITE,-1,-1,-1.0,0.0,5.0,-1,-1,持空,108.2621,0.0007290894524434322,-0.0007190326749122455,0.0014481221273556777,1.1452846173101803,1.0250576678673424,-0.02308780767384866,0.0
2014-12-26,COMPOSITE,-1,-1,-1.0,0.0,5.0,-1,-1,持空,108.4231,-0.0015057494376821134,0.001487131692439192,-0.0029928811301213054,1.1435601056416795,1.0265820636118057,-0.024558792658108453,0.0
2014-12-29,COMPOSITE,-1,-1,-1.0,0.0,5.0,-1,-1,持空,108.3218,0.00094883503102694,-0.0009343027454483677,0.0018831377764753077,1.1446451555299972,1.0256229251713451,-0.0236332598698753,0.0
2014-12-30,COMPOSITE,-1,-1,-1.0,0.0,5.0,-1,-1,持空,108.2825,0.00036775783754627867,-0.00036280785585174335,0.000730565693398022,1.145066107757153,1.0252508211169513,-0.023274193348872818,0.0
2014-12-31,COMPOSITE,-1,-1,-1.0,0.0,5.0,-1,-1,持空,108.1754,0.0010018418549135877,-0.0009890794911460166,0.0019909213460596042,1.146213282910547,1.024236766556504,-0.02229566855499554,0.0
2015-01-04,COMPOSITE,-1,-1,-1.0,0.0,5.0,-1,-1,持空,108.2536,-0.0007307714591693326,0.0007229000308761613,-0.001453671490045494,1.145375662957275,1.0249771873466722,-0.02301014697592174,0.0
2015-01-05,COMPOSITE,-1,-1,-1.0,0.0,5.0,-1,-1,持空,108.172,0.0007631017843114929,-0.000753785555399844,0.001516887339711337,1.1462497011693848,1.024204574348236,-0.022264604275824773,0.0
2015-01-06,COMPOSITE,-1,-1,-1.0,0.0,5.0,-1,-1,持空,108.1081,0.0005971203660095625,-0.0005907258810043947,0.0011878462470139572,1.1469341502104855,1.0235995501987254,-0.021680778558469505,0.0
2015-01-07,COMPOSITE,-1,-1,-1.0,0.0,5.0,-1,-1,持空,108.1085,-3.735612056909865e-06,3.7000002774956187e-06,-7.435612334405484e-06,1.1469298657094456,1.0236033375173452,-0.02168443317954849,0.0
2015-01-08,COMPOSITE,-1,-1,-1.0,0.0,5.0,-1,-1,持空,108.1624,-0.0005033756050546456,0.0004985731926721026,-0.0010019487977267483,1.1463525291943388,1.0241136787013612,-0.022176893369931117,0.0
2015-01-09,COMPOSITE,-1,-1,-1.0,0.0,5.0,-1,-1,持空,108.1246,0.00035319444755921303,-0.0003494744939092076,0.0007026689414684206,1.1467574145425956,1.0237557770917916,-0.02183153167797436,0.0
2015-01-12,COMPOSITE,-1,-1,-1.0,0.0,5.0,-1,-1,持空,108.1331,-7.939399034206929e-05,7.861300758582601e-05,-0.0001580069979278953,1.1466663688955008,1.023836257612462,-0.021909192375901276,0.0
2015-01-13,COMPOSITE,-1,-1,-1.0,0.0,5.0,-1,-1,持空,108.3954,-0.0024501996683869987,0.0024257142355115224,-0.004875913903898521,1.1438568073386826,1.0263197917973854,-0.02430571014839411,0.0
2015-01-14,COMPOSITE,-1,-1,-1.0,0.0,5.0,-1,-1,持空,108.7115,-0.0029600094390683784,0.0029161754096576065,-0.005876184848725985,1.1404709803920174,1.0293127203366699,-0.02719377445600002,0.0
2015-01-15,COMPOSITE,-1,-1,-1.0,0.0,5.0,-1,-1,持空,108.8675,-0.0014651450446634406,0.0014349907783444138,-0.0029001358230078544,1.1388000249865136,1.0307897745983856,-0.028619076676773547,0.0
2015-01-16,COMPOSITE,-1,-1,-1.0,0.0,5.0,-1,-1,持空,109.1204,-0.002378710680495666,0.002323007325418569,-0.004701718005914235,1.1360911492041295,1.0331843067957442,-0.030929710853912273,0.0
2015-01-19,COMPOSITE,-1,-1,-1.0,0.0,5.0,-1,-1,持空,109.281,-0.0015141629865403905,0.001471768798501527,-0.0029859317850419176,1.1343709220366684,1.0347049152215877,-0.03239704121709319,0.0
2015-01-20,COMPOSITE,-1,-1,-1.0,0.0,5.0,-1,-1,持空,109.3447,-0.0006014847324856687,0.0005829009617408509,-0.0011843856942265196,1.1336886152460877,1.0353080457117882,-0.032979039623909134,0.0
2015-01-21,COMPOSITE,-1,-1,-1.0,0.0,5.0,-1,-1,持空,109.3973,-0.0004969723424497197,0.00048104754962974283,-0.0009780198920794625,1.1331252033593602,1.0358060781102898,-0.03345962229578525,0.0
2015-01-22,COMPOSITE,-1,-1,-1.0,0.0,5.0,-1,-1,持空,109.493,-0.0009046369021905587,0.0008747930707613261,-0.0017794299729518848,1.1321001364855992,1.0367121940900732,-0.034333990388913715,0.0
2015-01-23,COMPOSITE,-1,-1,-1.0,0.0,5.0,-1,-1,持空,109.6078,-0.0010861687573207046,0.0010484688518899166,-0.002134637609210621,1.13087048468719,1.037799154533951,-0.03538286663855983,0.0
2015-01-26,COMPOSITE,-1,-1,-1.0,0.0,5.0,-1,-1,持空,109.6643,-0.0005351503819932546,0.0005154742636930276,-0.0010506246456862822,1.1302652989153248,1.0383341132889958,-0.03589908186595536,0.0
2015-01-27,COMPOSITE,-1,-1,-1.0,0.0,5.0,-1,-1,持空,109.6046,0.0005657625522050846,-0.0005443886479008508,0.0011101512001059355,1.130904760695508,1.0377688559849931,-0.0353536296699285,0.0
2015-01-28,COMPOSITE,-1,-1,-1.0,0.0,5.0,-1,-1,持空,109.5038,0.0009547172313200125,-0.0009196694299327124,0.001874386661252725,1.131984454957526,1.0368144516928075,-0.034432665158043996,0.0
2015-01-29,COMPOSITE,-1,-1,-0.6,1.0,4.0,-1,-1,持空,109.2667,0.0022435272677034934,-0.0021652216635406063,0.0044087489312441,1.1345240929488396,1.0345695185809303,-0.03226638851352237,0.0
2015-01-30,COMPOSITE,-1,-1,-0.6,1.0,4.0,-1,-1,持空,109.239,0.0002615208428335958,-0.0002535081593935118,0.0005150290022271076,1.1348207946458426,1.0343072467665102,-0.03201330600380803,0.0
2015-02-02,COMPOSITE,-1,-1,-0.6,1.0,4.0,-1,-1,持空,109.3622,-0.0011628499640385925,0.0011278023416547711,-0.0022906523056933636,1.1335011683255984,1.0354737409014039,-0.033138929296111286,0.0
2015-02-03,COMPOSITE,-1,-1,-0.6,1.0,4.0,-1,-1,持空,109.523,-0.0015195126975695583,0.0014703435007705767,-0.002989856198340135,1.1317787989076178,1.036996242986557,-0.03460808696983153,0.0
2015-02-04,COMPOSITE,-1,-1,-0.6,1.0,4.0,-1,-1,持空,109.4924,0.00028960105089193,-0.00027939336942905957,0.0005689944203209896,1.1321065632371587,1.0367065131121436,-0.03432850845729529,0.0
2015-02-05,COMPOSITE,-1,-1,-0.6,1.0,4.0,-1,-1,持空,109.6454,-0.0014475860320245504,0.0013973572594991879,-0.0028449432915237383,1.1304677415894533,1.038155162484211,-0.03572640101997693,0.0
2015-02-06,COMPOSITE,-1,-1,-0.6,1.0,4.0,-1,-1,持空,109.5899,0.0005258659733446969,-0.000506177185727763,0.00103204315907246,1.131062216108719,1.0376296720257159,-0.03521932234527869,0.0
2015-02-09,COMPOSITE,-1,-1,-0.6,1.0,4.0,-1,-1,持空,109.7551,-0.0015644576436351088,0.0015074381854534025,-0.0030718958290885112,1.1292927171793008,1.0391938346156868,-0.03672868085086711,0.0
2015-02-10,COMPOSITE,-1,-1,-0.6,1.0,4.0,-1,-1,持空,109.829,-0.0007009356874907446,0.0006733172308164281,-0.0013742529183071728,1.1285011556122064,1.0398935417306918,-0.03740387209519502,0.0
2015-02-11,COMPOSITE,-1,-1,-0.6,1.0,4.0,-1,-1,持空,109.9463,-0.0011133616688464576,0.001068023928106454,-0.0021813855969529117,1.1272447256822988,1.0410041729159436,-0.03847558972658427,0.0
2015-02-12,COMPOSITE,-1,-1,-0.6,1.0,4.0,-1,-1,持空,110.1224,-0.0016733292600769056,0.0016016910073373136,-0.0032750202674142193,1.1253584740995473,1.0426715399383037,-0.04008453665657297,0.0
2015-02-13,COMPOSITE,-1,-1,-0.6,1.0,4.0,-1,-1,持空,110.3403,-0.0020739897509308713,0.0019787073292987234,-0.004052697080229595,1.1230244921581416,1.044734681756431,-0.04207539148930728,0.0
2015-02-15,COMPOSITE,-1,-1,-0.6,1.0,4.0,-1,-1,持空,110.4856,-0.001385851344790967,0.0013168352813979212,-0.0027026866261888882,1.121468147155451,1.0461104252450677,-0.04340293259622019,0.0
2015-02-16,COMPOSITE,-1,-1,-0.6,1.0,4.0,-1,-1,持空,110.5525,-0.000638968481375235,0.0006055087721839048,-0.0012444772535591397,1.1207515643565524,1.0467438542842267,-0.04401416797166724,0.0
2015-02-17,COMPOSITE,-1,-1,-1.0,0.0,5.0,-1,-1,持空,110.6194,-0.0006393770231409857,0.0006051423531805433,-0.001244519376321529,1.1200349815576536,1.0473772833233854,-0.0446254033471144,0.0
2015-02-25,COMPOSITE,-1,-1,-1.0,0.0,5.0,-1,-1,持空,110.7123,-0.0008884323997619958,0.0008398165240455224,-0.0017282489238075183,1.1190399061911709,1.0482568880728302,-0.04547418909269041,0.0
2015-02-26,COMPOSITE,-1,-1,-1.0,0.0,5.0,-1,-1,持空,110.5159,0.0018799061578411713,-0.0017739673008327905,0.003653873458673962,1.1211435962016898,1.0463973146305163,-0.04367977014294733,0.0
2015-02-27,COMPOSITE,-1,-1,-1.0,0.0,5.0,-1,-1,持空,110.5076,7.929706495768407e-05,-7.51023155942665e-05,0.00015439938055195057,1.1212324995982648,1.046318727769156,-0.04360393675555996,0.0
2015-02-28,COMPOSITE,-1,-1,-1.0,0.0,5.0,-1,-1,持空,110.5735,-0.0006295496665965628,0.0005963390753214171,-0.0012258887419179798,1.1205266280519655,1.0469426885117652,-0.04420603557830971,0.0
2015-03-02,COMPOSITE,-1,-1,-1.0,0.0,5.0,-1,-1,持空,110.3782,0.0018668968503641192,-0.0017662459811799147,0.003633142831544034,1.1226185356846248,1.0450935301956557,-0.04242166683653392,0.0
2015-03-03,COMPOSITE,-1,-1,-1.0,0.0,5.0,-1,-1,持空,110.1504,0.002173510649057464,-0.002063813325457464,0.004237323974514928,1.1250585590267645,1.0429366522416885,-0.04034036013209641,0.0
2015-03-04,COMPOSITE,-1,-1,-1.0,0.0,5.0,-1,-1,持空,110.0698,0.0007673617987111747,-0.0007317268026262314,0.001499088601337406,1.1259218859862747,1.042173507539802,-0.03960395398469685,0.0
2015-03-05,COMPOSITE,-1,-1,-1.0,0.0,5.0,-1,-1,持空,109.72,0.0033277585291648926,-0.0031779834250630357,0.006505741954227928,1.129668682145539,1.0388614974068007,-0.036407987851193147,0.0
2015-03-06,COMPOSITE,-1,-1,-1.0,0.0,5.0,-1,-1,持空,109.6806,0.0003735815280054844,-0.0003590958804228217,0.0007326774084283061,1.130090705497955,1.038488446522752,-0.03604800767492067,0.0
2015-03-09,COMPOSITE,-1,-1,-1.0,0.0,5.0,-1,-1,持空,109.3043,0.0035666556087388113,-0.0034308710929734643,0.0069975267017122755,1.134121349851103,1.03492552653119,-0.03260992289493947,0.0
2015-03-10,COMPOSITE,-1,-1,-1.0,0.0,5.0,-1,-1,持空,109.3597,-0.0005232274254283187,0.0005068419083236186,-0.0010300693337519373,1.133527946457097,1.03545007016003,-0.03311608791436793,0.0
2015-03-11,COMPOSITE,-1,-1,-1.0,0.0,5.0,-1,-1,持空,109.8911,-0.0050214550502286626,0.004859194017540425,-0.009880649067769087,1.1278359868257848,1.0404815229464135,-0.037971252017695245,0.0
2015-03-12,COMPOSITE,-1,-1,-1.0,0.0,5.0,-1,-1,持空,109.8714,0.00018709429267427247,-0.00017926838479187523,0.0003663626774661477,1.1280469985019925,1.0402949975043891,-0.03779126192955917,0.0
2015-03-13,COMPOSITE,-1,-1,-1.0,0.0,5.0,-1,-1,持空,109.7222,0.0014167130358488933,-0.001357951204772112,0.0027746642406210054,1.1296451173898205,1.0388823276592096,-0.03642808826712707,0.0
2015-03-16,COMPOSITE,-1,-1,-1.0,0.0,5.0,-1,-1,持空,109.3346,0.0036752086505840165,-0.0035325576774800638,0.00720776632806408,1.1337967988973416,1.0352124159166387,-0.03288676044166661,0.0
2015-03-17,COMPOSITE,-1,-1,-1.0,0.0,5.0,-1,-1,持空,109.2412,0.0008823723913802262,-0.0008542583957867889,0.001736630787167015,1.1347972298901239,1.0343280770189192,-0.03203340641974206,0.0
2015-03-18,COMPOSITE,-1,-1,-1.0,0.0,5.0,-1,-1,持空,109.1334,0.0010175148474105278,-0.0009868071753150742,0.002004322022725602,1.1359519029203375,1.033307394650887,-0.031048486038976586,0.0
2015-03-19,COMPOSITE,-1,-1,-1.0,0.0,5.0,-1,-1,持空,109.1611,-0.00026119212991349006,0.0002538178046320727,-0.0005150099345455628,1.1356552012233345,1.0335696664653073,-0.03130156854869104,0.0
2015-03-20,COMPOSITE,-1,-1,-1.0,0.0,5.0,-1,-1,持空,109.2796,-0.0011176661997934767,0.001085551538047902,-0.0022032177378413786,1.1343859177903075,1.0346916596064184,-0.03238425004331713,0.0
2015-03-23,COMPOSITE,-1,-1,-1.0,0.0,5.0,-1,-1,持空,109.3122,-0.00030782014239039146,0.0002983173437678399,-0.0006061374861582314,1.1340367309555677,1.0350003260739309,-0.032682101661247964,0.0
2015-03-24,COMPOSITE,-1,-1,-1.0,0.0,5.0,-1,-1,持空,109.3275,-0.0001445122193108883,0.00013996607880906176,-0.00028447829811995007,1.1338728487907972,1.0351451910111376,-0.03282189091751608,0.0
2015-03-25,COMPOSITE,-1,-1,-1.0,0.0,5.0,-1,-1,持空,109.2803,0.00044587990904809693,-0.0004317303514670412,0.0008776102605151381,1.134378419913488,1.034698287414003,-0.032390645630205106,0.0
2015-03-26,COMPOSITE,-1,-1,-1.0,0.0,5.0,-1,-1,持空,108.7661,0.004855281086026952,-0.004705331153007419,0.009560612239034372,1.139886146000091,1.0298296893282703,-0.027692630233270732,0.0
2015-03-27,COMPOSITE,-1,-1,-1.0,0.0,5.0,-1,-1,持空,108.7461,0.000187935481749113,-0.0001838808231607869,0.0003718163049098999,1.1401003710520787,1.0296403233972813,-0.027509899179325448,0.0
2015-03-30,COMPOSITE,-1,-1,-1.0,0.0,5.0,-1,-1,持空,108.4997,0.002314930077649713,-0.0022658283837305726,0.004580758461380285,1.1427396236925669,1.0273073351274942,-0.025258652594718933,0.0
2015-03-31,COMPOSITE,-1,-1,-1.0,0.0,5.0,-1,-1,持空,107.9427,0.005220933600410094,-0.005133654747432548,0.010354588347842641,1.1487057913904235,1.0220334939494446,-0.020169592742341647,0.0
2015-04-01,COMPOSITE,-1,-1,-1.0,0.0,5.0,-1,-1,持空,108.2532,-0.0028952965650873574,0.0028765261569332345,-0.005771822722020592,1.1453799474583148,1.0249734000280522,-0.023006492354842867,0.0
2015-04-02,COMPOSITE,-1,-1,-1.0,0.0,5.0,-1,-1,持空,108.581,-0.00306548810276408,0.0030280860057718684,-0.0060935741085359485,1.1418687988562368,1.0280771076369655,-0.026001454329006912,0.0
2015-04-03,COMPOSITE,-1,-1,-1.0,0.0,5.0,-1,-1,持空,108.4629,0.0011078321198148,-0.001087667271438053,0.002195499391252853,1.143133797788224,1.026958901814474,-0.024922427455459695,0.0
2015-04-07,COMPOSITE,-1,-1,-1.0,0.0,5.0,-1,-1,持空,108.333,0.0012171731037540212,-0.001197644540206655,0.002414817643960676,1.144525189500884,1.0257289700926993,-0.023735589260084677,0.0
2015-04-08,COMPOSITE,-1,-1,-1.0,0.0,5.0,-1,-1,持空,107.5743,0.007100435553276219,-0.007003406164326709,0.014103841717602927,1.1526518168480364,1.0185453735006236,-0.01680368672866872,0.0
2015-04-09,COMPOSITE,-1,-1,-1.0,0.0,5.0,-1,-1,持空,107.5627,0.00010779537093208447,-0.00010783244696921379,0.00021562781790129826,1.152776067378189,1.0184355412606498,-0.01669770271738058,0.0
2015-04-10,COMPOSITE,-1,-1,-0.6,1.0,4.0,-1,-1,持空,107.7204,-0.0014653015296929306,0.0014661216202269678,-0.0029314231499198984,1.1510869028432664,1.0199286916264996,-0.01813853707773938,0.0
2015-04-13,COMPOSITE,1,-1,0.2,3.0,2.0,-1,-1,持空,107.8615,-0.0013129831796713232,0.0013098725960913882,-0.0026228557757627113,1.1495755451014933,1.0212646682696285,-0.019427704663323775,0.0
2015-04-14,COMPOSITE,1,1,0.2,3.0,2.0,-1,1,空翻多,108.0638,-0.0022858660291317223,0.0018755533716852124,-0.004161419400816935,1.1469477694150252,1.0231801046615845,-0.021669161562341555,0.0004608892856128152
2015-04-15,COMPOSITE,1,1,0.2,3.0,2.0,1,1,持有,108.2993,0.0021792681730608,0.0021792681730608,0.0,1.1494472761850745,1.0254098884989824,-0.019537116303410484,0.0
2015-04-16,COMPOSITE,1,1,0.6,4.0,1.0,1,1,持有,108.417,0.0010868029617918662,0.0010868029617918662,0.0,1.150696498889256,1.0265243070028538,-0.018471546337481937,0.0
2015-04-17,COMPOSITE,1,1,1.0,5.0,0.0,1,1,持有,108.4973,0.0007406587527785113,0.0007406587527785113,0.0,1.15154877232295,1.0272846112157754,-0.017744568697175556,0.0
2015-04-20,COMPOSITE,1,1,1.0,5.0,0.0,1,1,持有,109.3507,0.007865633522677662,0.007865633522677662,0.0,1.1606064329495318,1.035364855491085,-0.010018507448887881,0.0
2015-04-21,COMPOSITE,1,1,1.0,5.0,0.0,1,1,持有,109.7153,0.0033342264841467184,0.0033342264841469405,-2.220446049250313e-16,1.1644761576559433,1.0388169964130183,-0.0067176849376088255,0.0
2015-04-22,COMPOSITE,1,1,1.0,5.0,0.0,1,1,持有,109.5874,-0.0011657444312689336,-0.0011657444312688225,-1.1102230246251565e-16,1.1631186760598105,1.0376060012843424,-0.007875598265070671,0.0
2015-04-23,COMPOSITE,1,1,1.0,5.0,0.0,1,1,持有,109.3821,-0.0018733905540236906,-0.0018733905540236906,0.0,1.1609397005188715,1.035662160002738,-0.00973423474769719,0.0
2015-04-24,COMPOSITE,1,1,1.0,5.0,0.0,1,1,持有,109.3618,-0.00018558795269063566,-0.00018558795269052464,-1.1102230246251565e-16,1.160724244096655,1.035469953582784,-0.009918016143690034,0.0
2015-04-27,COMPOSITE,1,1,1.0,5.0,0.0,1,1,持有,109.498,0.0012454074457444175,0.0012454074457441955,2.220446049250313e-16,1.162169818712709,1.0367595355728205,-0.008684960669097963,0.0
2015-04-28,COMPOSITE,1,1,1.0,5.0,0.0,1,1,持有,109.7595,0.0023881714734514947,0.0023881714734517168,-2.220446049250313e-16,1.164945279521065,1.0392354951205045,-0.006317530370964386,0.0
2015-04-29,COMPOSITE,1,1,1.0,5.0,0.0,1,1,持有,109.7093,-0.00045736359950621086,-0.0004573635995063219,1.1102230246251565e-16,1.1644124759547956,1.0387601866337215,-0.006772004562040079,0.0
2015-04-30,COMPOSITE,1,1,1.0,5.0,0.0,1,1,持有,109.8359,0.0011539586890079168,0.0011539586890081388,-2.220446049250313e-16,1.165756159849013,1.0399588729768832,-0.005625860486538459,0.0
2015-05-04,COMPOSITE,1,1,1.0,5.0,0.0,1,1,持有,109.9255,0.000815762423761468,0.000815762423761246,2.220446049250313e-16,1.1667071399194862,1.0408072323477149,-0.004814687428363329,0.0
2015-05-05,COMPOSITE,1,1,1.0,5.0,0.0,1,1,持有,109.7724,-0.00139276146117151,-0.001392761461171288,-2.220446049250313e-16,1.1650821951785326,1.0393576361459926,-0.006200743178436996,0.0
2015-05-06,COMPOSITE,1,1,1.0,5.0,0.0,1,1,持有,109.3705,-0.0036612117435712577,-0.0036612117435714797,2.220446049250313e-16,1.1608165825633192,1.0355523277627643,-0.009839252688264466,0.0
2015-05-07,COMPOSITE,1,1,1.0,5.0,0.0,1,1,持有,109.3483,-0.00020297977973959824,-0.00020297977973948722,-1.1102230246251565e-16,1.1605809602690724,1.0353421315793663,-0.010040235298660605,0.0
2015-05-08,COMPOSITE,1,1,1.0,5.0,0.0,1,1,持有,109.5883,0.002194821501569022,0.002194821501569022,0.0,1.1631282283149826,1.037614522751237,-0.0078674503214059,0.0
2015-05-11,COMPOSITE,1,1,1.0,5.0,0.0,1,1,持有,109.4951,-0.0008504557512072353,-0.0008504557512072353,0.0,1.1621390392238207,1.036732077512827,-0.008711215154240004,0.0
2015-05-12,COMPOSITE,1,1,1.0,5.0,0.0,1,1,持有,109.5599,0.000591807304619163,0.0005918073046189409,2.220446049250313e-16,1.1628268015962164,1.037345623129232,-0.008124563210381242,0.0
2015-05-13,COMPOSITE,1,1,1.0,5.0,0.0,1,1,持有,109.6477,0.0008013880991131206,0.0008013880991131206,0.0,1.1637586771563453,1.0381769395662748,-0.007329686039535432,0.0
2015-05-14,COMPOSITE,1,1,1.0,5.0,0.0,1,1,持有,109.7317,0.0007660899407830879,0.0007660899407830879,0.0,1.1646502209724139,1.0389722764764295,-0.006569211297496325,0.0
2015-05-15,COMPOSITE,1,1,1.0,5.0,0.0,1,1,持有,109.783,0.0004675039209272036,0.00046750392092698156,2.220446049250313e-16,1.165194699517227,1.0394580000894167,-0.006104778508608133,0.0
2015-05-18,COMPOSITE,1,1,1.0,5.0,0.0,1,1,持有,109.7627,-0.00018491023200328804,-0.00018491023200328804,0.0,1.1649792430950103,1.0392657936694625,-0.006288559904601199,0.0
2015-05-19,COMPOSITE,1,1,1.0,5.0,0.0,1,1,持有,109.6389,-0.0011278877068436888,-0.0011278877068435778,-1.1102230246251565e-16,1.1636652773279954,1.0380936185566396,-0.007409354822034642,0.0
2015-05-20,COMPOSITE,1,1,1.0,5.0,0.0,1,1,持有,109.5773,-0.0005618443818756758,-0.0005618443818755647,-1.1102230246251565e-16,1.163011478529545,1.0375103714891927,-0.007967036299530217,0.0
2015-05-21,COMPOSITE,1,1,1.0,5.0,0.0,1,1,持有,109.5471,-0.00027560452757990905,-0.0002756045275801311,2.220446049250313e-16,1.1626909473004348,1.037224428933399,-0.008240445075834657,0.0
2015-05-22,COMPOSITE,1,1,1.0,5.0,0.0,1,1,持有,109.597,0.000455511830071087,0.00045551183007153107,-4.440892098500626e-16,1.1632205667816466,1.0376968969312172,-0.007788686865980665,0.0
2015-05-25,COMPOSITE,1,1,1.0,5.0,0.0,1,1,持有,109.5674,-0.00027008038541187496,-0.000270080385412097,2.220446049250313e-16,1.1629064037226513,1.0374166353533532,-0.008056663679841813,0.0
2015-05-26,COMPOSITE,1,1,1.0,5.0,0.0,1,1,持有,108.9726,-0.005428622017133011,-0.0054286220171329,-1.1102230246251565e-16,1.1565934244155376,1.031784892565734,-0.01344154911513784,0.0
2015-05-27,COMPOSITE,1,1,1.0,5.0,0.0,1,1,持有,108.9659,-6.148334535449607e-05,-6.148334535460709e-05,1.1102230246251565e-16,1.1565223131825895,1.0317214549788527,-0.013502206029086028,0.0
2015-05-28,COMPOSITE,1,1,1.0,5.0,0.0,1,1,持有,108.4401,-0.004825362796985089,-0.004825362796985311,2.220446049250313e-16,1.150941673438675,1.0267430246531462,-0.018262415783421138,0.0
2015-05-29,COMPOSITE,1,1,1.0,5.0,0.0,1,1,持有,108.382,-0.0005357796608450593,-0.0005357796608447263,-3.3306690738754696e-16,1.1503250222992276,1.0261929166236228,-0.01878841081333149,0.0
2015-06-01,COMPOSITE,1,1,1.0,5.0,0.0,1,1,持有,107.876,-0.004668671919691447,-0.004668671919691558,1.1102230246251565e-16,1.1449545321691008,1.0214019585695957,-0.023369365807043074,0.0
2015-06-02,COMPOSITE,1,1,1.0,5.0,0.0,1,1,持有,108.1093,0.0021626682487301263,0.0021626682487301263,0.0,1.1474306889820625,1.0236109121545849,-0.02125723774373689,0.0
2015-06-03,COMPOSITE,1,1,1.0,5.0,0.0,1,1,持有,108.2347,0.0011599372116921636,0.0011599372116921636,0.0,1.1487616365360502,1.024798236541887,-0.02012195759312163,0.0
2015-06-04,COMPOSITE,1,1,1.0,5.0,0.0,1,1,持有,108.2899,0.000510002799471998,0.000510002799471998,0.0,1.1493475081866096,1.0253208865114174,-0.019622217048352986,0.0
2015-06-05,COMPOSITE,1,1,1.0,5.0,0.0,1,1,持有,108.3159,0.00024009626013121732,0.00024009626013121732,0.0,1.1496234622249164,1.0255670622217032,-0.01938683200915048,0.0
2015-06-08,COMPOSITE,1,1,1.0,5.0,0.0,1,1,持有,108.5202,0.0018861496788562526,0.0018861496788562526,0.0,1.1517918241489975,1.0275014352067582,-0.017537248797262373,0.0
2015-06-09,COMPOSITE,1,1,1.0,5.0,0.0,1,1,持有,108.57,0.0004589007392168387,0.00045890073921706076,-2.220446049250313e-16,1.1523203822685235,1.0279729563749211,-0.017086395914482355,0.0
2015-06-10,COMPOSITE,1,1,1.0,5.0,0.0,1,1,持有,108.5301,-0.0003675048355896715,-0.0003675048355896715,0.0,1.1518968989558913,1.027595171342598,-0.017447621416950665,0.0
2015-06-11,COMPOSITE,1,1,1.0,5.0,0.0,1,1,持有,108.4059,-0.0011443829868398314,-0.0011443829868397204,-1.1102230246251565e-16,1.1505786877421327,1.0264192089111548,-0.018572037642680006,0.0
2015-06-12,COMPOSITE,1,1,1.0,5.0,0.0,1,1,持有,108.2992,-0.0009842637716211966,-0.0009842637716214186,2.220446049250313e-16,1.1494462148233886,1.0254089416693273,-0.019538021630484348,0.0
2015-06-15,COMPOSITE,1,1,1.0,5.0,0.0,1,1,持有,108.1364,-0.0015032428679067067,-0.0015032428679064846,-2.220446049250313e-16,1.147718317998913,1.0238675029910753,-0.021011894106722107,0.0
2015-06-16,COMPOSITE,1,1,1.0,5.0,0.0,1,1,持有,108.0727,-0.0005890708401612432,-0.0005890708401612432,0.0,1.147042230605061,1.0232643725008745,-0.021588587452768482,0.0
2015-06-17,COMPOSITE,1,1,1.0,5.0,0.0,1,1,持有,108.1788,0.0009817465465378206,0.0009817465465375985,2.220446049250313e-16,1.1481683353536905,1.0242689587647722,-0.0206280354274071,0.0
2015-06-18,COMPOSITE,1,1,1.0,5.0,0.0,1,1,持有,108.3745,0.0018090420673919638,0.0018090420673921859,-2.220446049250313e-16,1.1502454201727927,1.0261219043995016,-0.01885631034387092,0.0
2015-06-19,COMPOSITE,1,1,1.0,5.0,0.0,1,1,持有,108.4913,0.0010777443033187506,0.0010777443033187506,0.0,1.1514850906218024,1.0272278014364786,-0.01779888832160692,0.0
2015-06-23,COMPOSITE,1,1,1.0,5.0,0.0,1,1,持有,108.3709,-0.0011097664052325262,-0.0011097664052323042,-2.220446049250313e-16,1.1502072111521042,1.0260878185319238,-0.01888890211852956,0.0
2015-06-24,COMPOSITE,1,1,1.0,5.0,0.0,1,1,持有,108.3112,-0.000550885892799613,-0.000550885892799724,1.1102230246251565e-16,1.1495735782256842,1.0255225612279208,-0.019429382381621618,0.0
2015-06-25,COMPOSITE,1,1,1.0,5.0,0.0,1,1,持有,108.262,-0.0004542466522392541,-0.00045424665223914307,-1.1102230246251565e-16,1.1490513882762725,1.0250567210376873,-0.0198748033019589,0.0
2015-06-26,COMPOSITE,1,1,1.0,5.0,0.0,1,1,持有,108.3297,0.0006253348358611355,0.0006253348358613575,-2.220446049250313e-16,1.1497699301375564,1.025697724714086,-0.019261896872958317,0.0
2015-06-29,COMPOSITE,1,1,1.0,5.0,0.0,1,1,持有,108.2952,-0.00031847221952985283,-0.00031847221952996385,1.1102230246251565e-16,1.1494037603559568,1.0253710684831294,-0.019574234713438554,0.0
2015-06-30,COMPOSITE,1,1,1.0,5.0,0.0,1,1,持有,108.3317,0.00033704171560700047,0.00033704171560700047,0.0,1.1497911573712722,1.0257166613071849,-0.01924379033148116,0.0
2015-07-01,COMPOSITE,1,1,1.0,5.0,0.0,1,1,持有,108.2079,-0.0011427864604729443,-0.0011427864604728333,-1.1102230246251565e-16,1.1484771916042569,1.0245444861943616,-0.020364585248915046,0.0
2015-07-02,COMPOSITE,1,1,1.0,5.0,0.0,1,1,持有,108.1825,-0.00023473332353729504,-0.00023473332353729504,0.0,1.1482076057360648,1.0243039914620053,-0.020594538325674483,0.0
2015-07-03,COMPOSITE,1,1,1.0,5.0,0.0,1,1,持有,108.4037,0.002044692995632369,0.002044692995632369,0.0,1.1505553377850453,1.026398378658746,-0.01859195483830478,0.0
2015-07-06,COMPOSITE,1,1,1.0,5.0,0.0,1,1,持有,108.9414,0.004960162798871348,0.004960162798871126,2.220446049250313e-16,1.1562622795695694,1.0314894817133908,-0.013724011162180805,0.0
2015-07-07,COMPOSITE,1,1,1.0,5.0,0.0,1,1,持有,109.3235,0.0035073902116182776,0.0035073902116182776,0.0,1.1603177425709952,1.0351073178249397,-0.010264756412976861,0.0
2015-07-08,COMPOSITE,1,1,1.0,5.0,0.0,1,1,持有,109.3305,6.40301490530959e-05,6.40301490530959e-05,0.0,1.160392037889001,1.035173595900786,-0.010201383517806861,0.0
2015-07-09,COMPOSITE,1,1,1.0,5.0,0.0,1,1,持有,109.4927,0.0014835750316699592,0.0014835750316699592,0.0,1.1621135665433617,1.0367093536011083,-0.008732943004012395,0.0
2015-07-10,COMPOSITE,1,1,1.0,5.0,0.0,1,1,持有,109.0771,-0.0037956868357433837,-0.0037956868357430507,-3.3306690738754696e-16,1.1577025473771942,1.0327743295551528,-0.012495482322958162,0.0
2015-07-13,COMPOSITE,1,1,1.0,5.0,0.0,1,1,持有,109.101,0.0002191110691429632,0.0002191110691425191,4.440892098500626e-16,1.1579562128200995,1.0330006218426846,-0.012279109152306567,0.0
2015-07-14,COMPOSITE,1,1,1.0,5.0,0.0,1,1,持有,108.8535,-0.002268540160035193,-0.002268540160035193,0.0,1.1553293426477549,1.0306572184466931,-0.014519793660100255,0.0
2015-07-15,COMPOSITE,1,1,1.0,5.0,0.0,1,1,持有,108.7455,-0.0009921591864294754,-0.0009921591864292534,-2.220446049250313e-16,1.1541830720270954,1.0296346424193517,-0.015497546899864822,0.0
2015-07-16,COMPOSITE,1,1,1.0,5.0,0.0,1,1,持有,108.7359,-8.827951501444442e-05,-8.827951501444442e-05,0.0,1.154081181305259,1.0295437467724768,-0.01558445829895505,0.0
2015-07-17,COMPOSITE,1,1,1.0,5.0,0.0,1,1,持有,108.8298,0.000863560240914163,0.0008635602409139409,2.220446049250313e-16,1.1550777999282213,1.0304328198184711,-0.014734356176604124,0.0
2015-07-20,COMPOSITE,1,1,1.0,5.0,0.0,1,1,持有,108.9579,0.0011770673106077378,0.0011770673106077378,0.0,1.1564374042477257,1.0316457086064568,-0.013574632194994551,0.0
2015-07-21,COMPOSITE,1,1,1.0,5.0,0.0,1,1,持有,108.9347,-0.0002129262770299567,-0.00021292627702973466,-2.220446049250313e-16,1.156191168336621,1.0314260441265095,-0.013784668076129214,0.0
2015-07-22,COMPOSITE,1,1,1.0,5.0,0.0,1,1,持有,108.861,-0.0006765520995605234,-0.0006765520995605234,0.0,1.1554089447741895,1.0307282306708143,-0.01445189412956105,0.0
2015-07-23,COMPOSITE,1,1,1.0,5.0,0.0,1,1,持有,108.9735,0.0010334279494033094,0.0010334279494033094,0.0,1.1566029766707098,1.0317934140326286,-0.01343340117147307,0.0
2015-07-24,COMPOSITE,1,1,1.0,5.0,0.0,1,1,持有,109.1859,0.0019490977164173806,0.0019490977164171586,2.220446049250313e-16,1.1588573088913403,1.033804480219734,-0.011510486466602576,0.0
2015-07-27,COMPOSITE,1,1,1.0,5.0,0.0,1,1,持有,109.2922,0.0009735689315193419,0.0009735689315193419,0.0,1.1599855363633411,1.0348109601429414,-0.0105481237870938,0.0
2015-07-28,COMPOSITE,1,1,1.0,5.0,0.0,1,1,持有,109.4097,0.0010750995953965337,0.0010750995953967557,-2.220446049250313e-16,1.1612326363441512,1.0359234849875032,-0.009484364475312868,0.0
2015-07-29,COMPOSITE,1,1,1.0,5.0,0.0,1,1,持有,109.4361,0.0002412948760484035,0.00024129487604862554,-2.220446049250313e-16,1.1615128358292013,1.036173448016409,-0.009245358127814907,0.0
2015-07-30,COMPOSITE,1,1,1.0,5.0,0.0,1,1,持有,109.4647,0.00026133972244979375,0.0002613397224495717,2.220446049250313e-16,1.1618163852713388,1.0364442412977233,-0.008986434584692171,0.0
2015-07-31,COMPOSITE,1,1,1.0,5.0,0.0,1,1,持有,109.1576,-0.002805470622036066,-0.002805470622035955,-1.1102230246251565e-16,1.15855694353426,1.0335365274273842,-0.011766694028503943,0.0
2015-08-03,COMPOSITE,1,1,1.0,5.0,0.0,1,1,持有,109.0698,-0.0008043416124943192,-0.0008043416124942082,-1.1102230246251565e-16,1.1576250679741311,1.0327052109903416,-0.012561571199349753,0.0
2015-08-04,COMPOSITE,1,1,1.0,5.0,0.0,1,1,持有,109.1736,0.000951684150883203,0.000951684150882981,2.220446049250313e-16,1.1587267614039871,1.0336880201721754,-0.01162184169668723,0.0
2015-08-05,COMPOSITE,1,1,1.0,5.0,0.0,1,1,持有,109.2344,0.0005569111946479577,0.0005569111946479577,0.0,1.159372069308951,1.0342636926023827,-0.011071402835782562,0.0
2015-08-06,COMPOSITE,1,1,1.0,5.0,0.0,1,1,持有,109.269,0.000316750034787594,0.000316750034787594,0.0,1.1597393004522365,1.0345912956629941,-0.010758159668228351,0.0
2015-08-07,COMPOSITE,1,1,1.0,5.0,0.0,1,1,持有,109.2919,0.00020957453623626776,0.00020957453623626776,0.0,1.1599823522782837,1.0348081196539767,-0.01055083976831539,0.0
2015-08-10,COMPOSITE,1,1,1.0,5.0,0.0,1,1,持有,109.2811,-9.881793618748969e-05,-9.881793618726764e-05,-2.220446049250313e-16,1.1598677252162177,1.0347058620512426,-0.010648615092291869,0.0
2015-08-11,COMPOSITE,1,1,1.0,5.0,0.0,1,1,持有,108.9588,-0.0029492748517354617,-0.0029492748517356837,2.220446049250313e-16,1.1564469565028979,1.0316542300733513,-0.013566484251329891,0.0
2015-08-12,COMPOSITE,1,1,1.0,5.0,0.0,1,1,持有,108.8816,-0.0007085246900663256,-0.0007085246900661035,-2.220446049250313e-16,1.1556275852814635,1.0309232775797332,-0.014265396752346726,0.0
2015-08-13,COMPOSITE,1,1,1.0,5.0,0.0,1,1,持有,108.8298,-0.0004757461315777478,-0.00047574613157785883,1.1102230246251565e-16,1.1550777999282213,1.0304328198184711,-0.014734356176604124,0.0
2015-08-14,COMPOSITE,1,1,1.0,5.0,0.0,1,1,持有,108.9339,0.000956539477238616,0.000956539477238616,0.0,1.1561826774431345,1.0314184694892699,-0.013791910692720122,0.0
2015-08-17,COMPOSITE,1,1,1.0,5.0,0.0,1,1,持有,108.8862,-0.00043788021910518005,-0.00043788021910518005,0.0,1.15567640791901,1.0309668317438607,-0.014223751706949339,0.0
2015-08-18,COMPOSITE,1,1,1.0,5.0,0.0,1,1,持有,108.8607,-0.00023418945651509926,-0.00023418945651543233,3.3306690738754696e-16,1.1554057606891321,1.0307253901818492,-0.01445461011078264,0.0
2015-08-19,COMPOSITE,1,1,1.0,5.0,0.0,1,1,持有,108.7873,-0.0006742561824423232,-0.0006742561824422122,-1.1102230246251565e-16,1.154626721211758,1.030030417215119,-0.015119120182992996,0.0
2015-08-20,COMPOSITE,1,1,1.0,5.0,0.0,1,1,持有,108.7891,1.6546049033339116e-05,1.6546049033339116e-05,0.0,1.1546458257221024,1.030047460148908,-0.015102824295663564,0.0
2015-08-21,COMPOSITE,1,1,1.0,5.0,0.0,1,1,持有,108.8365,0.0004357054153401041,0.00043570541534032614,-2.220446049250313e-16,1.1551489111611695,1.0304962574053524,-0.014673699262655937,0.0
2015-08-24,COMPOSITE,1,1,1.0,5.0,0.0,1,1,持有,108.9463,0.0010088527286342686,0.0010088527286340465,2.220446049250313e-16,1.1563142862921734,1.031535876366483,-0.013679650135561827,0.0
2015-08-25,COMPOSITE,1,1,1.0,5.0,0.0,1,1,持有,109.0689,0.0011253250454581476,0.0011253250454583696,-2.220446049250313e-16,1.157615515718959,1.032696689523447,-0.012569719143014413,0.0
2015-08-26,COMPOSITE,1,1,1.0,5.0,0.0,1,1,持有,109.1151,0.00042358545836629347,0.00042358545836629347,0.0,1.1581058648177966,1.0331341248240322,-0.012151458034892926,0.0
2015-08-27,COMPOSITE,1,1,1.0,5.0,0.0,1,1,持有,109.6901,0.005269664785167327,0.005269664785167105,2.220446049250313e-16,1.1642086945111227,1.0385783953399719,-0.006945827360220536,0.0
2015-08-28,COMPOSITE,1,1,1.0,5.0,0.0,1,1,持有,109.737,0.0004275682126280156,0.0004275682126280156,0.0,1.164706473141761,1.0390224584481416,-0.006521228962582115,0.0
2015-08-31,COMPOSITE,1,1,1.0,5.0,0.0,1,1,持有,110.0874,0.003193088930807386,0.0031930889308076083,-2.220446049250313e-16,1.1684254844887896,1.0423401495590727,-0.0033489628957903417,0.0
2015-09-01,COMPOSITE,1,1,1.0,5.0,0.0,1,1,持有,110.2622,0.0015878293065327842,0.0015878293065325622,2.220446049250313e-16,1.1702807447155608,1.0439952077959183,-0.0017664511706898534,0.0
2015-09-02,COMPOSITE,1,1,1.0,5.0,0.0,1,1,持有,110.3091,0.0004253497572150877,0.0004253497572150877,0.0,1.170778523346199,1.044439270904088,-0.001341852773051433,0.0
2015-09-06,COMPOSITE,1,1,0.6,4.0,1.0,1,1,持有,110.2787,-0.00027558923062576124,-0.00027558923062576124,0.0,1.1704558693937168,1.0441514346889842,-0.001617072203503822,0.0
2015-09-07,COMPOSITE,1,1,0.2,3.0,2.0,1,1,持有,110.1711,-0.0009757097245433055,-0.0009757097245433055,0.0,1.1693138442198006,1.0431326459802623,-0.0025912041349729353,0.0
2015-09-08,COMPOSITE,1,1,0.2,3.0,2.0,1,1,持有,110.1289,-0.00038304056145388454,-0.00038304056145399556,1.1102230246251565e-16,1.1688659495883948,1.042733083865875,-0.002973252160140105,0.0
2015-09-09,COMPOSITE,1,1,0.2,3.0,2.0,1,1,持有,110.0657,-0.0005738729797536424,-0.0005738729797534203,-2.220446049250313e-16,1.168195169002972,1.0421346875239494,-0.003545418870817052,0.0
2015-09-10,COMPOSITE,1,1,0.2,3.0,2.0,1,1,持有,110.0628,-2.634789948208205e-05,-2.634789948208205e-05,0.0,1.1681643895140836,1.0421072294639557,-0.003571673355959093,0.0
2015-09-11,COMPOSITE,1,1,0.2,3.0,2.0,1,1,持有,110.0854,0.00020533731651406484,0.0002053373165138428,2.220446049250313e-16,1.1684042572550737,1.0423212129659736,-0.0033670694372675003,0.0
2015-09-14,COMPOSITE,1,1,0.2,3.0,2.0,1,1,持有,110.0919,5.904506864662373e-05,5.904506864662373e-05,0.0,1.1684732457646503,1.0423827568935449,-0.003308223177466929,0.0
2015-09-15,COMPOSITE,1,1,0.2,3.0,2.0,1,1,持有,110.1643,0.0006576323962070862,0.0006576323962073083,-2.220446049250313e-16,1.1692416716251663,1.043068261563726,-0.002652766375995208,0.0
2015-09-16,COMPOSITE,1,1,0.2,3.0,2.0,1,1,持有,110.1961,0.00028865975638225905,0.00028865975638225905,0.0,1.1695791846412495,1.043369353393999,-0.002364872366508952,0.0
2015-09-17,COMPOSITE,1,1,0.2,3.0,2.0,1,1,持有,110.1901,-5.444838791934803e-05,-5.444838791934803e-05,0.0,1.1695155029401019,1.0433125436147022,-0.002419191990940206,0.0
2015-09-18,COMPOSITE,1,1,0.2,3.0,2.0,1,1,持有,110.2605,0.0006388958717706839,0.0006388958717706839,0.0,1.170262701566902,1.0439791116917843,-0.0017818417309456436,0.0
2015-09-21,COMPOSITE,1,1,0.2,3.0,2.0,1,1,持有,110.2126,-0.000434425746300815,-0.000434425746300815,0.0,1.1697543093194058,1.043525580287065,-0.002215493399322699,0.0
2015-09-22,COMPOSITE,1,1,0.2,3.0,2.0,1,1,持有,110.1759,-0.0003329927794099019,-0.00033299277941001293,1.1102230246251565e-16,1.1693647895807189,1.0431780938036999,-0.0025477484354277102,0.0
2015-09-23,COMPOSITE,1,1,0.2,3.0,2.0,1,1,持有,110.1045,-0.0006480546108541541,-0.0006480546108541541,0.0,1.1686069773370606,1.0425020574300683,-0.0031941519661610185,0.0
2015-09-24,COMPOSITE,1,1,0.2,3.0,2.0,1,1,持有,110.227,0.0011125794131938704,0.0011125794131938704,0.0,1.1699071454021606,1.0436619237573772,-0.0020851263006872456,0.0
2015-09-25,COMPOSITE,1,1,0.2,3.0,2.0,1,1,持有,110.2087,-0.0001660210293306097,-0.00016602102933027663,-3.3306690738754696e-16,1.1697129162136597,1.0434886539305221,-0.0022508011552031526,0.0
2015-09-28,COMPOSITE,1,1,0.2,3.0,2.0,1,1,持有,110.3772,0.0015289174085169055,0.0015289174085166835,2.220446049250313e-16,1.1715013106542258,1.0450840618991062,-0.0007253250357556196,0.0
2015-09-29,COMPOSITE,1,1,0.2,3.0,2.0,1,1,持有,110.5542,0.001603592046183433,0.001603592046183433,0.0,1.1733799208380844,1.0467599503883607,0.0,0.0
2015-09-30,COMPOSITE,1,1,0.2,3.0,2.0,1,1,持有,110.7119,0.001426449650940409,0.001426449650940409,0.0,1.1750536882165843,1.0482531007542106,0.0,0.0
2015-10-08,COMPOSITE,1,1,0.2,3.0,2.0,1,1,持有,110.7733,0.0005545925957373132,0.0005545925957370912,2.220446049250313e-16,1.175705364291663,1.0488344541623473,0.0,0.0
2015-10-09,COMPOSITE,1,1,0.2,3.0,2.0,1,1,持有,111.5112,0.0066613525100363,0.0066613525100363,0.0,1.1835371521711504,1.0558211101861943,0.0,0.0
2015-10-10,COMPOSITE,1,1,0.2,3.0,2.0,1,1,持有,111.5315,0.00018204449418535162,0.00018204449418535162,0.0,1.183752608593367,1.0560133166061483,0.0,0.0
2015-10-12,COMPOSITE,1,1,0.2,3.0,2.0,1,1,持有,111.4342,-0.0008723992773340683,-0.0008723992773341793,1.1102230246251565e-16,1.1827199036730878,1.0550920513518858,-0.0008723992773340683,0.0
2015-10-13,COMPOSITE,1,1,0.2,3.0,2.0,1,1,持有,111.8836,0.004032873211276211,0.004032873211276433,-2.220446049250313e-16,1.1874896630890541,1.0593471038212134,0.0,0.0
2015-10-14,COMPOSITE,1,1,0.2,3.0,2.0,1,1,持有,112.4679,0.005222391842951035,0.005222391842950813,2.220446049250313e-16,1.193691199419159,1.064879429495063,0.0,0.0
2015-10-15,COMPOSITE,1,1,0.2,3.0,2.0,1,1,持有,112.092,-0.003342286999223898,-0.003342286999223676,-2.220446049250313e-16,1.1897015408422524,1.061320296822121,-0.003342286999223898,0.0
2015-10-16,COMPOSITE,1,1,0.2,3.0,2.0,1,1,持有,111.7426,-0.0031170823966027994,-0.0031170823966027994,0.0,1.1859931431120818,1.0580120740077394,-0.006448951211856957,0.0
2015-10-19,COMPOSITE,1,1,0.2,3.0,2.0,1,1,持有,111.7343,-7.427784927138692e-05,-7.427784927138692e-05,0.0,1.1859050500921609,1.057933487146379,-0.0065227500469022814,0.0
2015-10-20,COMPOSITE,1,1,0.2,3.0,2.0,1,1,持有,112.1209,0.003459993932033445,0.003459993932033223,2.220446049250313e-16,1.1900082743694476,1.0615939305924003,-0.003085324790451316,0.0
2015-10-21,COMPOSITE,1,1,0.2,3.0,2.0,1,1,持有,112.0854,-0.0003166225030301062,-0.00031662250302988415,-2.220446049250313e-16,1.1896314909709902,1.0612578060648947,-0.0034009704102235805,0.0
2015-10-22,COMPOSITE,1,1,0.2,3.0,2.0,1,1,持有,112.1025,0.0001525622427185347,0.00015256224271831265,2.220446049250313e-16,1.1898129838192613,1.0614197139358903,-0.003248927027178272,0.0
2015-10-23,COMPOSITE,1,1,0.2,3.0,2.0,1,1,持有,112.2676,0.0014727593051000465,0.0014727593051002685,-2.220446049250313e-16,1.19156529196251,1.0629829296962063,-0.0017809526095891037,0.0
2015-10-26,COMPOSITE,1,1,0.2,3.0,2.0,1,1,持有,112.5946,0.0029126836237702847,0.0029126836237702847,0.0,1.1950359446750622,1.0660790626678798,0.0,0.0
2015-10-27,COMPOSITE,1,1,0.2,3.0,2.0,1,1,持有,112.8609,0.0023651223060432436,0.0023651223060430215,2.220446049250313e-16,1.1978623508443367,1.068600470039001,0.0,0.0
2015-10-28,COMPOSITE,1,1,0.2,3.0,2.0,1,1,持有,112.7713,-0.0007938976208767823,-0.0007938976208767823,0.0,1.1969113707738634,1.0677521106681693,-0.0007938976208767823,0.0
2015-10-29,COMPOSITE,1,1,0.2,3.0,2.0,1,1,持有,112.5025,-0.0023835851852376244,-0.0023835851852377354,1.1102230246251565e-16,1.1940584305624444,1.0652070325556744,-0.003175590483506685,0.0
2015-10-30,COMPOSITE,1,1,0.2,3.0,2.0,1,1,持有,112.3226,-0.0015990755760985076,-0.0015990755760983966,-1.1102230246251565e-16,1.1921490408896975,1.0635036860064264,-0.004769588050423379,0.0
2015-11-02,COMPOSITE,1,1,0.2,3.0,2.0,1,1,持有,112.3825,0.0005332853762289869,0.0005332853762287648,2.220446049250313e-16,1.1927847965394893,1.0640708369697391,-0.004238846225752324,0.0
2015-11-03,COMPOSITE,1,1,0.2,3.0,2.0,1,1,持有,112.1411,-0.0021480212666562526,-0.0021480212666563636,1.1102230246251565e-16,1.1902226694299782,1.0617851901826993,-0.006377762360569639,0.0
2015-11-04,COMPOSITE,1,1,0.2,3.0,2.0,1,1,持有,111.8871,-0.0022650036427320774,-0.0022650036427320774,0.0,1.187526810748057,1.0593802428591366,-0.008628320348322505,0.0
2015-11-05,COMPOSITE,1,1,0.2,3.0,2.0,1,1,持有,111.7427,-0.00129058667174331,-0.00129058667174331,0.0,1.1859942044737677,1.0580130208373943,-0.009907771424824796,0.0
2015-11-06,COMPOSITE,1,1,0.2,3.0,2.0,1,1,持有,111.7454,2.4162652235926174e-05,2.4162652235926174e-05,0.0,1.1860228612392842,1.058038585238078,-0.009883848170624265,0.0
2015-11-09,COMPOSITE,1,1,0.2,3.0,2.0,1,1,持有,111.01,-0.006581031523445358,-0.006581031523445358,0.0,1.1782176074019417,1.0510755999556047,-0.016399833777685724,0.0
2015-11-10,COMPOSITE,1,1,0.2,3.0,2.0,1,1,持有,111.1786,0.00151878209170353,0.00151878209170353,0.0,1.1800070632041935,1.052671954753844,-0.014905959459830753,0.0
2015-11-11,COMPOSITE,1,1,0.2,3.0,2.0,1,1,持有,111.5168,0.0030419523181619557,0.0030419523181617336,2.220446049250313e-16,1.183596588425555,1.0558741326468712,-0.011909350359601945,0.0
2015-11-12,COMPOSITE,1,1,0.2,3.0,2.0,1,1,持有,111.5414,0.00022059456512368847,0.0002205945651239105,-2.220446049250313e-16,1.1838576834002608,1.056107052741988,-0.011691382932441652,0.0
2015-11-13,COMPOSITE,1,1,0.2,3.0,2.0,1,1,持有,111.5999,0.0005244689415768722,0.0005244689415768722,0.0,1.1844785799864515,1.0566609480901314,-0.011173045758096856,0.0
2015-11-16,COMPOSITE,1,1,0.2,3.0,2.0,1,1,持有,111.5711,-0.0002580647473698905,-0.00025806474736977947,-1.1102230246251565e-16,1.1841729078209422,1.056388261149507,-0.011428227136235813,0.0
2015-11-17,COMPOSITE,1,1,0.2,3.0,2.0,1,1,持有,111.573,1.7029499574716667e-05,1.7029499574494622e-05,2.220446049250313e-16,1.1841930736929722,1.0564062509129508,-0.011411392253650399,0.0
2015-11-18,COMPOSITE,1,1,0.2,3.0,2.0,1,1,持有,111.4513,-0.0010907656870389193,-0.0010907656870386973,-2.220446049250313e-16,1.1829013965213588,1.0552539592228818,-0.01248971078557759,0.0
2015-11-19,COMPOSITE,1,1,0.2,3.0,2.0,1,1,持有,111.3406,-0.0009932589391061786,-0.0009932589391061786,0.0,1.1817264691351828,1.0542058187948564,-0.01347056420779924,0.0
2015-11-20,COMPOSITE,1,1,0.2,3.0,2.0,1,1,持有,111.4561,0.001037357441939335,0.001037357441939335,0.0,1.182952341882277,1.055299407046319,-0.012447180555887893,0.0
2015-11-23,COMPOSITE,1,1,0.2,3.0,2.0,1,1,持有,111.4509,-4.665514045443242e-05,-4.66551404543214e-05,-1.1102230246251565e-16,1.1828971510746156,1.055250171904262,-0.012493254971385093,0.0
2015-11-24,COMPOSITE,1,1,0.2,3.0,2.0,1,1,持有,111.5702,0.0010704265286327619,0.0010704265286327619,0.0,1.18416335556577,1.0563797396826125,-0.011436201554302694,0.0
2015-11-25,COMPOSITE,1,1,0.2,3.0,2.0,1,1,持有,111.7238,0.00137671170258713,0.00137671170258713,0.0,1.1857936071151522,1.0578340700326094,-0.010075234204228511,0.0
2015-11-26,COMPOSITE,1,1,0.2,3.0,2.0,1,1,持有,111.9815,0.0023065810507698625,0.0023065810507700846,-2.220446049250313e-16,1.188528736179448,1.0602740500534056,-0.007791892497756137,0.0
2015-11-27,COMPOSITE,1,1,0.2,3.0,2.0,1,1,持有,111.9425,-0.0003482718127548745,-0.0003482718127548745,0.0,1.1881148051219876,1.0599047864879765,-0.008137450613986075,0.0
2015-11-30,COMPOSITE,1,1,0.2,3.0,2.0,1,1,持有,112.1308,0.0016821135850995095,0.0016821135850995095,0.0,1.1901133491763412,1.06168766672824,-0.006469025145112495,0.0
2015-12-01,COMPOSITE,1,1,0.2,3.0,2.0,1,1,持有,112.1196,-9.988335051536179e-05,-9.988335051536179e-05,0.0,1.1899944766675323,1.0615816218068863,-0.006568262347721787,0.0
2015-12-02,COMPOSITE,1,1,0.2,3.0,2.0,1,1,持有,112.1669,0.0004218709306844648,0.00042187093068424275,2.220446049250313e-16,1.1904965007449135,1.0620294722336754,-0.006149162375986839,0.0
2015-12-03,COMPOSITE,1,1,0.2,3.0,2.0,1,1,持有,112.2418,0.0006677549259184179,0.0006677549259184179,0.0,1.1912914606475746,1.06273864764523,-0.0054855135835352176,0.0
2015-12-04,COMPOSITE,1,1,0.2,3.0,2.0,1,1,持有,112.3233,0.0007261109497533891,0.000726110949753167,2.220446049250313e-16,1.1921564704214984,1.0635103138140112,-0.0047633857252599165,0.0
2015-12-07,COMPOSITE,1,1,0.2,3.0,2.0,1,1,持有,112.308,-0.00013621394670570997,-0.00013621394670559894,-1.1102230246251565e-16,1.1919940820835715,1.0633654488768045,-0.004898950832396443,0.0
2015-12-08,COMPOSITE,1,1,0.2,3.0,2.0,1,1,持有,112.4085,0.0008948605620258121,0.0008948605620258121,0.0,1.1930607505777964,1.0643170126800252,-0.004008474148265662,0.0
2015-12-09,COMPOSITE,1,1,0.2,3.0,2.0,1,1,持有,112.5396,0.0011662819092861376,0.0011662819092859156,2.220446049250313e-16,1.1944521957478746,1.0655583063576592,-0.0028468672498624947,0.0
2015-12-10,COMPOSITE,1,1,0.2,3.0,2.0,1,1,持有,112.5229,-0.00014839221038631667,-0.00014839221038620565,-1.1102230246251565e-16,1.1942749483463468,1.0654001858052835,-0.0029948370073249464,0.0
2015-12-11,COMPOSITE,1,1,0.2,3.0,2.0,1,1,持有,112.6208,0.0008700451197043435,0.0008700451197045656,-2.220446049250313e-16,1.1953140214367408,1.0663271320374756,-0.0021273975309430426,0.0
2015-12-14,COMPOSITE,1,1,0.2,3.0,2.0,1,1,持有,112.4444,-0.001566318122407262,-0.001566318122407262,0.0,1.193441779422997,1.0646569245261508,-0.0036903834720439788,0.0
2015-12-15,COMPOSITE,1,1,0.2,3.0,2.0,1,1,持有,112.3804,-0.000569170185442891,-0.00056917018544278,-1.1102230246251565e-16,1.1927625079440876,1.0640509535469853,-0.004257453201241712,0.0
2015-12-16,COMPOSITE,1,1,0.2,3.0,2.0,1,1,持有,112.5407,0.0014264053162296175,0.0014264053162296175,0.0,1.1944638707264184,1.0655687214838638,-0.002837120738891974,0.0
2015-12-17,COMPOSITE,1,1,0.2,3.0,2.0,1,1,持有,112.5545,0.00012262230464199497,0.00012262230464177293,2.220446049250313e-16,1.1946103386390583,1.0656993839762463,-0.002714846328533582,0.0
2015-12-18,COMPOSITE,1,1,0.2,3.0,2.0,1,1,持有,112.9772,0.0037555139954421612,0.0037555139954423833,-2.220446049250313e-16,1.1990967144849172,1.0697016329277034,0.0,0.0
2015-12-21,COMPOSITE,1,1,0.2,3.0,2.0,1,1,持有,113.5277,0.004872664573028818,0.004872664573028818,0.0,1.2049395105652232,1.0749139301781814,0.0,0.0
2015-12-22,COMPOSITE,1,1,0.2,3.0,2.0,1,1,持有,113.7291,0.0017740163854285118,0.0017740163854285118,0.0,1.207077093000416,1.0768208451032428,0.0,0.0
2015-12-23,COMPOSITE,1,1,0.2,3.0,2.0,1,1,持有,113.6735,-0.0004888810339657157,-0.0004888810339659377,2.220446049250313e-16,1.2064869759031136,1.0762944078150927,-0.0004888810339657157,0.0
2015-12-24,COMPOSITE,1,1,0.2,3.0,2.0,1,1,持有,114.1034,0.0037818840802825715,0.0037818840802823495,2.220446049250313e-16,1.2110497697903497,1.0803648285017056,0.0,0.0
2015-12-25,COMPOSITE,1,1,0.2,3.0,2.0,1,1,持有,113.9513,-0.001333001470596007,-0.0013330014705957849,-2.220446049250313e-16,1.2094354386662542,1.0789247005965328,-0.001333001470596007,0.0
2015-12-28,COMPOSITE,1,1,0.2,3.0,2.0,1,1,持有,114.16,0.0018314841515629787,0.0018314841515629787,0.0,1.2116505005045102,1.0809007340864052,0.0,0.0
2015-12-29,COMPOSITE,1,1,0.2,3.0,2.0,1,1,持有,114.0362,-0.0010844428871760181,-0.0010844428871760181,0.0,1.2103365347374948,1.0797285589735819,-0.0010844428871760181,0.0
2015-12-30,COMPOSITE,1,1,0.2,3.0,2.0,1,1,持有,114.0304,-5.086104237073119e-05,-5.086104237062017e-05,-1.1102230246251565e-16,1.2102749757597187,1.0796736428535951,-0.0011352487736511208,0.0
2015-12-31,COMPOSITE,1,1,0.2,3.0,2.0,1,1,持有,114.0254,-4.3847956334275295e-05,-4.384795633449734e-05,2.220446049250313e-16,1.210221907675429,1.0796263013708478,-0.0011790469516468338,0.0
2016-01-04,COMPOSITE,1,1,0.2,3.0,2.0,1,1,持有,113.6269,-0.003494835361244175,-0.003494835361244175,0.0,1.2059923813575326,1.0758531851958877,-0.004669761737911782,0.0
2016-01-05,COMPOSITE,1,1,0.2,3.0,2.0,1,1,持有,113.4729,-0.0013553128704559825,-0.0013553128704557604,-2.220446049250313e-16,1.204357884361407,1.0743950675272709,-0.006018745620182342,0.0
2016-01-06,COMPOSITE,1,1,0.2,3.0,2.0,1,1,持有,113.5011,0.0002485174874353735,0.00024851748743515145,2.220446049250313e-16,1.2046571883568014,1.0746620734899655,-0.005771723896285996,0.0
2016-01-07,COMPOSITE,1,1,0.2,3.0,2.0,1,1,持有,113.6617,0.0014149642602583334,0.0014149642602583334,0.0,1.2063617352241895,1.076182681915809,-0.004364926419061055,0.0
2016-01-08,COMPOSITE,1,1,0.2,3.0,2.0,1,1,持有,113.819,0.0013839314386463464,0.0013839314386463464,0.0,1.2080312571559464,1.077672044963039,-0.0029870357393132485,0.0
2016-01-11,COMPOSITE,1,1,0.2,3.0,2.0,1,1,持有,113.8136,-4.7443748407705044e-05,-4.744374840737198e-05,-3.3306690738754696e-16,1.2079739436249133,1.077620916161672,-0.003034337771548823,0.0
2016-01-12,COMPOSITE,1,1,0.2,3.0,2.0,1,1,持有,114.0557,0.002127162307492325,0.002127162307492103,2.220446049250313e-16,1.210543500266225,1.0799131907562964,-0.0009136299929923819,0.0
2016-01-13,COMPOSITE,1,1,0.2,3.0,2.0,1,1,持有,114.5374,0.004223375070250723,0.004223375070250945,-2.220446049250313e-16,1.2156560795067035,1.0844740692041717,0.0,0.0
2016-01-14,COMPOSITE,1,1,0.2,3.0,2.0,1,1,持有,114.3177,-0.0019181507525053432,-0.0019181507525053432,0.0,1.21332426788301,1.0823938844522552,-0.0019181507525053432,0.0
2016-01-15,COMPOSITE,1,1,0.2,3.0,2.0,1,1,持有,114.3385,0.00018194907700208596,0.00018194907700208596,0.0,1.2135450311136555,1.0825908250204839,-0.0017365506812622167,0.0
2016-01-18,COMPOSITE,-1,1,-0.2,2.0,3.0,1,1,持有,114.1474,-0.0016713530438128288,-0.0016713530438128288,0.0,1.2115167689320998,1.080781433549882,-0.003405001335808233,0.0
2016-01-19,COMPOSITE,-1,-1,-0.2,2.0,3.0,1,-1,多翻空,113.9871,-0.0018036829823141476,-0.0014043245838275542,-0.0003993583984865934,1.2093315767531887,1.0792636656130035,-0.005202542775158303,0.0004838293965805916
2016-01-20,COMPOSITE,-1,-1,-0.6,1.0,4.0,-1,-1,持空,113.8393,0.0012966379528913663,-0.0012966379528913663,0.0025932759057827326,1.2108996419732367,1.077864251382993,-0.003912650636680781,0.0
2016-01-21,COMPOSITE,-1,-1,-0.6,1.0,4.0,-1,-1,持空,113.972,-0.0011626592742447484,0.0011656782850915093,-0.0023283375593362576,1.2094917782743169,1.0791206943351066,-0.00507076083137592,0.0
2016-01-22,COMPOSITE,-1,-1,-0.6,1.0,4.0,-1,-1,持空,114.0489,-0.0006745483859085244,0.0006747271259606169,-0.0013492755118691413,1.2086759175475124,1.07984880633976,-0.005741888743750256,0.0
2016-01-25,COMPOSITE,-1,-1,-0.6,1.0,4.0,-1,-1,持空,113.7198,0.0028887349868729206,-0.0028856043328781,0.005774339319751021,1.2121674619583227,1.0767327899453327,-0.0028697405517821295,0.0
2016-01-26,COMPOSITE,-1,-1,-0.6,1.0,4.0,-1,-1,持空,113.6342,0.0007492052822473116,-0.0007527273174944282,0.0015019325997417399,1.2130756242237901,1.0759223037606989,-0.002122685294314919,0.0
2016-01-27,COMPOSITE,-1,-1,-0.6,1.0,4.0,-1,-1,持空,113.4701,0.0014351932831906389,-0.0014441074958065903,0.002879300778997229,1.2148166222116783,1.0743685562969325,-0.0006905384748010501,0.0
2016-01-28,COMPOSITE,-1,-1,-0.6,1.0,4.0,-1,-1,持空,113.4025,0.0005903718731470331,-0.0005957516561631016,0.0011861235293101346,1.2155338157764635,1.073728499450189,-0.00010057427614695857,0.0
2016-01-29,COMPOSITE,-1,-1,-0.6,1.0,4.0,-1,-1,持空,113.6423,-0.002093012497850877,0.002114591829986079,-0.004207604327836956,1.212989688308483,1.0759989969627497,-0.002193376270780867,0.0
2016-02-01,COMPOSITE,-1,-1,-0.6,1.0,4.0,-1,-1,持空,113.6738,-0.00027551365804290295,0.00027718551982824913,-0.0005526991778711521,1.2126554930822888,1.0762972483040576,-0.0024682856237039363,0.0
2016-02-02,COMPOSITE,-1,-1,-0.6,1.0,4.0,-1,-1,持空,113.5757,0.0008582647129844467,-0.0008629956946983874,0.0017212604076828342,1.213696272501008,1.0753684084125554,-0.0016121393531719486,0.0
2016-02-03,COMPOSITE,-1,-1,-0.6,1.0,4.0,-1,-1,持空,113.4625,0.000989523464031361,-0.0009966920740969165,0.0019862155381282776,1.2148972534408553,1.0742965972431564,-0.0006242111388576888,0.0
2016-02-04,COMPOSITE,-1,-1,-0.6,1.0,4.0,-1,-1,持空,113.3507,0.0009763194503269457,-0.0009853475818000224,0.001961667032126968,1.2160833812595384,1.073238041688927,0.0,0.0
2016-02-05,COMPOSITE,-1,-1,-0.6,1.0,4.0,-1,-1,持空,113.4343,-0.0007293443316598314,0.0007375340425774812,-0.0014668783742373126,1.215196437738591,1.0740295912804616,-0.0007293443316598314,0.0
2016-02-06,COMPOSITE,-1,-1,-0.6,1.0,4.0,-1,-1,持空,113.465,-0.00026802887028898326,0.000270641243433678,-0.0005386701137226613,1.2148707300102048,1.0743202679845303,-0.0009971777166114526,0.0
2016-02-14,COMPOSITE,-1,-1,-0.6,1.0,4.0,-1,-1,持空,113.8434,-0.0033045379759878424,0.0033349491032474976,-0.00663948707923534,1.21085614354697,1.077903071398846,-0.004298420480965959,0.0
2016-02-15,COMPOSITE,-1,-1,-0.6,1.0,4.0,-1,-1,持空,113.6848,0.0013896336484104932,-0.0013931418070789459,0.002782775455489439,1.2125387899874274,1.0764013995661015,-0.0029147600622909664,0.0
2016-02-16,COMPOSITE,-1,-1,-0.6,1.0,4.0,-1,-1,持空,113.6233,0.0005381076460284628,-0.0005409694171956136,0.0010790770632240765,1.2131912663814257,1.0758190993283097,-0.002378220870938308,0.0
2016-02-17,COMPOSITE,-1,-1,-0.6,1.0,4.0,-1,-1,持空,113.585,0.00033493396204153925,-0.00033707875057320535,0.0006720127126147446,1.213597605338989,1.0754564635704653,-0.0020440834558357324,0.0
2016-02-18,COMPOSITE,-1,-1,-0.6,1.0,4.0,-1,-1,持空,113.5786,5.594933787445022e-05,-5.634546815147523e-05,0.00011229480602592545,1.2136655053214538,1.075395866472549,-0.001988248483077215,0.0
2016-02-19,COMPOSITE,-1,-1,-0.6,1.0,4.0,-1,-1,持空,113.6472,-0.0005996734140124582,0.0006039870186811402,-0.0012036604326935985,1.2129377023844086,1.0760453916158417,-0.002586729597333859,0.0
2016-02-22,COMPOSITE,-1,-1,-0.2,2.0,3.0,-1,-1,持空,113.6108,0.0003183849834247354,-0.0003202894571970871,0.0006386744406218225,1.2133238835346773,1.0757007456214416,-0.0022691681897691884,0.0
2016-02-23,COMPOSITE,-1,-1,-0.2,2.0,3.0,-1,-1,持空,113.6303,-0.00017050909644167334,0.00017163861182201146,-0.0003421477082636848,1.2131170007756047,1.075885377404156,-0.0024392903723932102,0.0
2016-02-24,COMPOSITE,-1,-1,-0.2,2.0,3.0,-1,-1,持空,113.5247,0.0009235298078864584,-0.0009293295890268061,0.0018528593969132645,1.214237350486275,1.074885525288533,-0.001518013321875622,0.0
2016-02-25,COMPOSITE,-1,-1,-0.2,2.0,3.0,-1,-1,持空,113.5063,0.00016076959707134186,-0.00016207926556965901,0.0003228488626410009,1.2144325629358614,1.0747113086320228,-0.0013574877751945102,0.0
2016-02-26,COMPOSITE,-1,-1,-0.2,2.0,3.0,-1,-1,持空,113.5414,-0.0003066361835938336,0.0003092339367947172,-0.0006158701203885508,1.2140601739695307,1.075043645840909,-0.0016637077039176607,0.0
2016-02-29,COMPOSITE,-1,-1,-0.2,2.0,3.0,-1,-1,持空,113.5549,-0.00011797316853212614,0.0001188993618184142,-0.00023687253035054034,1.2139169474440188,1.0751714678443265,-0.0017814845995804962,0.0
2016-03-01,COMPOSITE,-1,-1,-0.2,2.0,3.0,-1,-1,持空,113.6306,-0.0006616016703474559,0.0006666378993773758,-0.0013282395697248317,1.2131138179639267,1.0758882178931208,-0.0024419076367412362,0.0
2016-03-02,COMPOSITE,-1,-1,-0.2,2.0,3.0,-1,-1,持空,113.5422,0.0007731084205848671,-0.0007779594581038829,0.00155106787868875,1.2140516864717226,1.0750512204781484,-0.0016706870755125447,0.0
2016-03-03,COMPOSITE,-1,-1,-0.2,2.0,3.0,-1,-1,持空,113.5027,0.0003451831655481019,-0.0003478882741394518,0.0006930714396875537,1.2144707566759978,1.0746772227644448,-0.0013260806030178651,0.0
2016-03-04,COMPOSITE,-1,-1,-0.2,2.0,3.0,-1,-1,持空,113.3987,0.0009085230821646029,-0.0009162777625553176,0.0018248008447199204,1.2155741313910517,1.073692519923301,-0.00041876229568993395,0.0
2016-03-07,COMPOSITE,-1,-1,-0.2,2.0,3.0,-1,-1,持空,113.2019,0.001717644697164955,-0.001735469630604336,0.003453114327769291,1.2176620558518465,1.071829159162367,0.0,0.0
2016-03-08,COMPOSITE,-1,-1,-0.2,2.0,3.0,-1,-1,持空,113.2539,-0.00045307099361091563,0.00045935624755433224,-0.0009124272411652479,1.2171103684943194,1.0723215105829391,-0.00045307099361091563,0.0
2016-03-09,COMPOSITE,1,-1,0.2,3.0,2.0,-1,-1,持空,113.3774,-0.0010765313549563338,0.0010904701736538236,-0.0021670015286101574,1.2158001110201928,1.0734908452067973,-0.001529114603436632,0.0
2016-03-10,COMPOSITE,1,1,0.2,3.0,2.0,-1,1,空翻多,113.4926,-0.0014030559566708956,0.0010160755141679356,-0.002419131470838831,1.2140942754323047,1.0745815929692952,-0.002930025126754776,0.00048363590352059005
2016-03-11,COMPOSITE,1,1,0.2,3.0,2.0,1,1,持有,113.5744,0.0007207518375649258,0.0007207518375647037,2.220446049250313e-16,1.2149693361122995,1.075356099627041,-0.0022113851101841497,0.0
2016-03-14,COMPOSITE,1,1,0.2,3.0,2.0,1,1,持有,113.6214,0.0004138256508507965,0.0004138256508507965,0.0,1.21547212158858,1.0758011095648656,-0.0017984745872158259,0.0
2016-03-15,COMPOSITE,1,1,0.2,3.0,2.0,1,1,持有,113.7305,0.0009602064399842902,0.0009602064399840682,2.220446049250313e-16,1.2166392257473506,1.076834100718412,-0.0008399950541123635,0.0
2016-03-16,COMPOSITE,1,1,0.2,3.0,2.0,1,1,持有,113.7971,0.0005855948931903221,0.0005855948931905441,-2.220446049250313e-16,1.2173516834648033,1.077464689268606,-0.00025489205773610024,0.0
2016-03-17,COMPOSITE,1,1,0.2,3.0,2.0,1,1,持有,113.8722,0.0006599465188481535,0.0006599465188481535,0.0,1.2181550704705197,1.0781757583394707,0.0,0.0
2016-03-18,COMPOSITE,1,1,0.2,3.0,2.0,1,1,持有,113.8466,-0.0002248134311974015,-0.00022481343119773456,3.3306690738754696e-16,1.2178812128493968,1.0779333699478042,-0.0002248134311974015,0.0
2016-03-21,COMPOSITE,1,1,0.2,3.0,2.0,1,1,持有,113.8236,-0.00020202623530263253,-0.00020202623530241048,-2.220446049250313e-16,1.217635168892919,1.0777155991271667,-0.00042679424828884205,0.0
2016-03-22,COMPOSITE,-1,1,-0.2,2.0,3.0,1,1,持有,113.8364,0.00011245471062237833,0.00011245471062237833,0.0,1.2177720977034805,1.0778367933229998,-0.0003143875326901968,0.0
2016-03-23,COMPOSITE,-1,-1,-0.2,2.0,3.0,1,-1,多翻空,113.7975,-0.0007415018220920944,-0.00034171846614960977,-0.0003997833559424846,1.2168691174741404,1.0774684765872258,-0.001055656235854019,0.0004868450159928548
2016-03-24,COMPOSITE,-1,-1,-0.2,2.0,3.0,-1,-1,持空,113.811,-0.00011863178013582498,0.00011863178013582498,-0.00023726356027164996,1.2167247581245422,1.0775962985906435,-0.0011741627816113098,0.0
2016-03-25,COMPOSITE,-1,-1,-0.2,2.0,3.0,-1,-1,持空,113.8909,-0.0007022076917668763,0.0007020411032323537,-0.00140424879499923,1.215870364640624,1.0783528154849453,-0.0018755459672414876,0.0
2016-03-28,COMPOSITE,-1,-1,-0.2,2.0,3.0,-1,-1,持空,113.7904,0.000883873140898217,-0.0008824234420835575,0.0017662965829817745,1.2169450397987438,1.0774012516817246,-0.0009933305710483342,0.0
2016-03-29,COMPOSITE,-1,-1,-0.2,2.0,3.0,-1,-1,持空,113.8004,-8.786991035503178e-05,8.78808757152072e-05,-0.00017575078607023897,1.2168381069471896,1.077495934647219,-0.0010811131975352328,0.0
2016-03-30,COMPOSITE,-1,-1,-0.2,2.0,3.0,-1,-1,持空,113.7859,0.0001274225666243467,-0.0001274160723511164,0.0002548386389754631,1.2169931595819432,1.077358644347252,-0.0009538283891292743,0.0
2016-03-31,COMPOSITE,-1,-1,-0.2,2.0,3.0,-1,-1,持空,113.8588,-0.0006405463183523086,0.0006406769204270191,-0.0012812232387793276,1.216213619094113,1.0780488831657078,-0.0015937637362185564,0.0
2016-04-01,COMPOSITE,-1,-1,-0.2,2.0,3.0,-1,-1,持空,113.8299,0.00025409676074983345,-0.0002538231564008786,0.000507919917150712,1.2165226550351047,1.0777752493954282,-0.0013400719456715393,0.0
2016-04-05,COMPOSITE,-1,-1,-0.6,1.0,4.0,-1,-1,持空,113.847,-0.00015030971712759467,0.00015022415024512625,-0.0003005338673727209,1.2163397998589471,1.0779371572664238,-0.0014901802369640116,0.0
2016-04-06,COMPOSITE,-1,-1,-0.6,1.0,4.0,-1,-1,持空,113.8248,0.00019516826669474518,-0.00019499855068627614,0.0003901668173810213,1.2165771907893974,1.077726961083026,-0.00129530280616319,0.0
2016-04-07,COMPOSITE,-1,-1,-0.6,1.0,4.0,-1,-1,持空,113.7129,0.0009835616004894021,-0.0009830898011681244,0.0019666514016575265,1.217773769398289,1.0766674586991414,-0.00031301521577498104,0.0
2016-04-08,COMPOSITE,-1,-1,-0.6,1.0,4.0,-1,-1,持空,113.6683,0.00039163310125123196,-0.00039221583479109867,0.0007838489360423306,1.2182506899162209,1.0762451726730353,0.0,0.0
2016-04-11,COMPOSITE,-1,-1,-0.6,1.0,4.0,-1,-1,持空,113.6229,0.0003985018437293597,-0.0003994077504455573,0.000797909594174917,1.218736165062277,1.07581531200969,0.0,0.0
2016-04-12,COMPOSITE,-1,-1,-0.6,1.0,4.0,-1,-1,持空,113.6808,-0.0005080190678244945,0.0005095803750827521,-0.0010175994429072466,1.218117023851778,1.0763635263799036,-0.0005080190678244945,0.0
2016-04-13,COMPOSITE,-1,-1,-0.6,1.0,4.0,-1,-1,持空,113.5724,0.0009515933922197295,-0.0009535471249320082,0.0019051405171517377,1.2192761759626258,1.0753371630339423,0.0,0.0
2016-04-14,COMPOSITE,-1,-1,-0.6,1.0,4.0,-1,-1,持空,113.4396,0.001164681387724853,-0.0011692981745565767,0.0023339795622814297,1.2206962442312659,1.0740797732521739,0.0,0.0
2016-04-15,COMPOSITE,-1,-1,-0.6,1.0,4.0,-1,-1,持空,113.3885,0.00044763541628345394,-0.00045045998046555624,0.0008980953967490102,1.221242671102708,1.0735959432984963,0.0,0.0
2016-04-18,COMPOSITE,-1,-1,-0.6,1.0,4.0,-1,-1,持空,113.4597,-0.0006234321163856027,0.0006279296401312529,-0.0012513617565168556,1.220481309199642,1.074270086012818,-0.0006234321163856027,0.0
2016-04-19,COMPOSITE,-1,-1,-0.6,1.0,4.0,-1,-1,持空,113.5024,-0.00037411738524373295,0.0003763450811167246,-0.0007504624663604575,1.2200247059235054,1.0746743822754798,-0.0009973162648361233,0.0
2016-04-20,COMPOSITE,-1,-1,-0.6,1.0,4.0,-1,-1,持空,113.3823,0.0010526537216259957,-0.001058127405235254,0.0021107811268612497,1.2213089694706716,1.07353723985989,0.0,0.0
2016-04-21,COMPOSITE,-1,-1,-0.6,1.0,4.0,-1,-1,持空,113.3429,0.0003449703929596648,-0.0003474969197133637,0.0006924673126730285,1.2217302849057952,1.073164188975841,0.0,0.0
2016-04-22,COMPOSITE,-1,-1,-0.6,1.0,4.0,-1,-1,持空,113.0427,0.0026275228201495526,-0.0026485999564153095,0.005276122776564862,1.224940409109453,1.070321806351693,0.0,0.0
2016-04-25,COMPOSITE,-1,-1,-0.6,1.0,4.0,-1,-1,持空,112.77,0.002380572018196192,-0.0024123627620359356,0.004792934780232128,1.2278564679713366,1.0677398018826552,0.0,0.0
2016-04-26,COMPOSITE,-1,-1,-0.6,1.0,4.0,-1,-1,持空,112.8694,-0.0008656651426083295,0.0008814400993171212,-0.0017471052419254507,1.2267935554268876,1.0686809505596715,-0.0008656651426083295,0.0
2016-04-27,COMPOSITE,-1,-1,-0.6,1.0,4.0,-1,-1,持空,113.0242,-0.0013493065192075049,0.001371496614671397,-0.002720803133878902,1.2251382348848283,1.070146642865528,-0.002213803614195542,0.0
2016-04-28,COMPOSITE,-1,-1,-0.6,1.0,4.0,-1,-1,持空,113.0815,-0.0005001274321205784,0.0005069710734515454,-0.0010070985055721238,1.2245255096454226,1.0706891762578121,-0.0027128238623993495,0.0
2016-04-29,COMPOSITE,-1,-1,-0.6,1.0,4.0,-1,-1,持空,113.0876,-5.326882856604431e-05,5.394339480813137e-05,-0.00010721222337417569,1.2244602806059746,1.0707469328667638,-0.0027659481820161425,0.0
2016-05-03,COMPOSITE,-1,-1,-0.6,1.0,4.0,-1,-1,持空,113.1227,-0.00030653040764183626,0.0003103788567444532,-0.0006169092643862895,1.2240849462970191,1.0710792700756497,-0.003071630742434217,0.0
2016-05-04,COMPOSITE,-1,-1,-0.6,1.0,4.0,-1,-1,持空,113.211,-0.0007713656491570298,0.000780568356307132,-0.0015519340054641617,1.2231407292177954,1.0719153206609673,-0.0038406270411497356,0.0
2016-05-05,COMPOSITE,-1,-1,-0.6,1.0,4.0,-1,-1,持空,113.2658,-0.00047908798433338173,0.0004840519030837598,-0.0009631398874171415,1.2225547371912784,1.0724341833118778,-0.004317875027215368,0.0
2016-05-06,COMPOSITE,-1,-1,-0.6,1.0,4.0,-1,-1,持空,113.1387,0.0011117019973898579,-0.0011221392512128503,0.002233841248602708,1.2239138537345324,1.0712307628204412,-0.003210973220117652,0.0
2016-05-09,COMPOSITE,-1,-1,-0.6,1.0,4.0,-1,-1,持空,113.2135,-0.0006535245329439832,0.0006611354028285277,-0.0013146599357725108,1.223113996004907,1.0719389914023407,-0.003862399303287689,0.0
2016-05-10,COMPOSITE,-1,-1,-0.6,1.0,4.0,-1,-1,持空,113.1962,0.00015124823507295382,-0.00015280863147915102,0.00030405686655210484,1.2232989898380957,1.0717751898720353,-0.0037117352492924693,0.0
2016-05-11,COMPOSITE,-1,-1,-0.6,1.0,4.0,-1,-1,持空,113.2278,-0.0002762266737064145,0.0002791613146022609,-0.0005553879883086754,1.2229610820271843,1.0720743880429981,-0.003986936642717209,0.0
2016-05-12,COMPOSITE,-1,-1,-0.6,1.0,4.0,-1,-1,持空,113.2125,0.0001337796151343884,-0.00013512582598962375,0.00026890544112401216,1.2231246892900622,1.0719295231057915,-0.00385369039843253,0.0
2016-05-13,COMPOSITE,-1,-1,-0.6,1.0,4.0,-1,-1,持空,113.2979,-0.0007466177081284497,0.0007543336645687848,-0.0015009513726972346,1.2222114827377892,1.0727381156311153,-0.004597430873067743,0.0
2016-05-16,COMPOSITE,-1,-1,-0.6,1.0,4.0,-1,-1,持空,113.1464,0.0013254929477650723,-0.0013371827721432306,0.002662675719908303,1.2238315154388357,1.071303668703872,-0.0032780317875027443,0.0
2016-05-17,COMPOSITE,-1,-1,-0.6,1.0,4.0,-1,-1,持空,113.1377,7.601665725931461e-05,-7.689153167922402e-05,0.00015290818893853864,1.223924547019688,1.0712212945238917,-0.003202264315262271,0.0
2016-05-18,COMPOSITE,-1,-1,-0.6,1.0,4.0,-1,-1,持空,113.0049,0.0011602580176186539,-0.0011737908760739435,0.0023340488936925974,1.2253446152883278,1.0699639047421234,-0.002045721750490004,0.0
2016-05-19,COMPOSITE,-1,-1,-0.6,1.0,4.0,-1,-1,持空,112.8564,0.0012959234698286526,-0.0013141023088379944,0.002610025778666647,1.226932568133908,1.0685578627045285,-0.000752449379490594,0.0
2016-05-20,COMPOSITE,-1,-1,-0.6,1.0,4.0,-1,-1,持空,112.9535,-0.000846271437859647,0.000860385410131892,-0.001706656847991539,1.2258942501453165,1.0694772342994812,-0.0015980840409319796,0.0
2016-05-23,COMPOSITE,-1,-1,-0.6,1.0,4.0,-1,-1,持空,112.9457,6.803818861422783e-05,-6.905496509612696e-05,0.0001370931537103548,1.225977657769529,1.0694033815863955,-0.0015301545830611607,0.0
2016-05-24,COMPOSITE,-1,-1,-0.2,2.0,3.0,-1,-1,持空,113.0285,-0.0007222024033292085,0.000733095637992065,-0.0014552980413212735,1.22509225375866,1.0701873565406905,-0.002251251905073026,0.0
2016-05-25,COMPOSITE,1,-1,0.2,3.0,2.0,-1,-1,持空,112.9913,0.00032470224716663054,-0.0003291205315472112,0.0006538227787138418,1.2254900439664418,1.0698351359090508,-0.0019272806444589063,0.0
2016-05-26,COMPOSITE,1,1,0.2,3.0,2.0,-1,1,空翻多,112.954,-7.163728588543972e-05,-0.0003301139114250118,0.00025847662553957207,1.2254022531858124,1.069481968447756,-0.0019987798651898148,0.00048665031692642226
2016-05-27,COMPOSITE,1,1,0.2,3.0,2.0,1,1,持有,112.933,-0.0001859163907429462,-0.0001859163907429462,0.0,1.2251744308216919,1.0692831342202174,-0.002184324649994296,0.0
2016-05-30,COMPOSITE,1,1,0.2,3.0,2.0,1,1,持有,112.7901,-0.0012653520228809167,-0.0012653520228811388,2.220446049250313e-16,1.2236241538772696,1.0679301146432991,-0.0034469127332608096,0.0
2016-05-31,COMPOSITE,1,1,0.2,3.0,2.0,1,1,持有,112.8334,0.0003838989414850502,0.0003838989414850502,0.0,1.2240939018947188,1.0683400918838908,-0.0030643370579253038,0.0
2016-06-01,COMPOSITE,1,1,0.2,3.0,2.0,1,1,持有,112.773,-0.0005353024902201575,-0.0005353024902199355,-2.220446049250313e-16,1.2234386413807712,1.0677682067723036,-0.003597999200887547,0.0
2016-06-02,COMPOSITE,1,1,0.2,3.0,2.0,1,1,持有,112.6149,-0.0014019313133460942,-0.0014019313133463163,2.220446049250313e-16,1.221723464439462,1.0662712690878338,-0.004994886366488482,0.0
2016-06-03,COMPOSITE,1,1,0.2,3.0,2.0,1,1,持有,112.5181,-0.0008595665404845798,-0.0008595665404842467,-3.3306690738754696e-16,1.2206733118277049,1.0653547379818462,-0.005850159469778848,0.0
2016-06-06,COMPOSITE,1,1,0.2,3.0,2.0,1,1,持有,112.6769,0.0014113284884831323,0.0014113284884831323,0.0,1.2223960828478184,1.0668583034739005,-0.004447087478017586,0.0
2016-06-07,COMPOSITE,1,1,0.2,3.0,2.0,1,1,持有,112.6404,-0.00032393507453620796,-0.00032393507453643,2.220446049250313e-16,1.2220001058816083,1.0665127106498449,-0.004769581984940152,0.0
2016-06-08,COMPOSITE,1,1,0.2,3.0,2.0,1,1,持有,112.702,0.0005468730579794023,0.0005468730579794023,0.0,1.2226683848163629,1.0670959577172918,-0.004225317282846142,0.0
2016-06-12,COMPOSITE,1,1,0.2,3.0,2.0,1,1,持有,112.6896,-0.00011002466682052958,-0.00011002466682052958,0.0,1.2225338611346914,1.0669785508400784,-0.004334877060540476,0.0
2016-06-13,COMPOSITE,1,1,0.2,3.0,2.0,1,1,持有,112.6634,-0.00023249705385408603,-0.00023249705385408603,0.0,1.2222496256137407,1.0667304814704825,-0.0045663662682491335,0.0
2016-06-14,COMPOSITE,1,1,0.2,3.0,2.0,1,1,持有,112.7752,0.0009923364641932775,0.0009923364641934995,-2.220446049250313e-16,1.223462508485584,1.0677890370247123,-0.003578561175812678,0.0
2016-06-15,COMPOSITE,1,1,0.2,3.0,2.0,1,1,持有,112.9366,0.0014311657172854098,0.0014311657172854098,0.0,1.2252134860841124,1.0693172200877952,-0.0021525169725993276,0.0
2016-06-16,COMPOSITE,1,1,0.6,4.0,1.0,1,1,持有,112.9829,0.00040996452877095635,0.00040996452877095635,0.0,1.2257157801535787,1.0697556022180352,-0.001743434899434737,0.0
2016-06-17,COMPOSITE,1,1,0.6,4.0,1.0,1,1,持有,112.931,-0.00045936154940251495,-0.00045936154940262597,1.1102230246251565e-16,1.2251527334536803,1.0692641976271182,-0.0022019955818806114,0.0
2016-06-20,COMPOSITE,1,1,0.6,4.0,1.0,1,1,持有,112.9819,0.0004507176948755909,0.0004507176948755909,0.0,1.225704931469573,1.0697461339214858,-0.0017522703653778393,0.0
2016-06-21,COMPOSITE,1,1,0.6,4.0,1.0,1,1,持有,112.9229,-0.000522207539437658,-0.0005222075394375469,-1.1102230246251565e-16,1.2250648591132336,1.0691875044250678,-0.0022735628560195398,0.0
2016-06-22,COMPOSITE,1,1,0.6,4.0,1.0,1,1,持有,113.0088,0.0007606960147144015,0.0007606960147144015,0.0,1.2259967610693276,1.0700008310986664,-0.0015145963315089661,0.0
2016-06-23,COMPOSITE,1,1,0.6,4.0,1.0,1,1,持有,113.0321,0.00020617863387650814,0.00020617863387606405,4.440892098500626e-16,1.2262495354066618,1.0702214424082686,-0.0013087299750350612,0.0
2016-06-24,COMPOSITE,1,1,0.6,4.0,1.0,1,1,持有,113.1445,0.0009944077832757525,0.0009944077832757525,0.0,1.2274689274889083,1.071285678940428,-0.000315623603032833,0.0
2016-06-27,COMPOSITE,1,1,0.6,4.0,1.0,1,1,持有,113.569,0.0037518394619271422,0.0037518394619271422,0.0,1.2320741938493507,1.0753049708256741,0.0,0.0
2016-06-28,COMPOSITE,1,1,0.6,4.0,1.0,1,1,持有,113.5901,0.00018579013639286046,0.00018579013639286046,0.0,1.2323031010818721,1.0755047518828678,0.0,0.0
2016-06-29,COMPOSITE,1,1,0.6,4.0,1.0,1,1,持有,113.6375,0.00041728988705869163,0.0004172898870589137,-2.220446049250313e-16,1.2328173287037447,1.0759535491393122,0.0,0.0
2016-06-30,COMPOSITE,1,1,0.6,4.0,1.0,1,1,持有,113.5545,-0.0007303926960731122,-0.0007303926960731122,0.0,1.2319168879312672,1.0751676805257069,-0.0007303926960731122,0.0
2016-07-01,COMPOSITE,1,1,0.6,4.0,1.0,1,1,持有,113.8476,0.002581139452861869,0.002581139452861869,0.0,1.2350966372133534,1.0779428382443537,0.0,0.0
2016-07-04,COMPOSITE,1,1,0.6,4.0,1.0,1,1,持有,113.8665,0.0001660114047199457,0.00016601140472016773,-2.220446049250313e-16,1.235301677341062,1.0781217890491386,0.0,0.0
2016-07-05,COMPOSITE,1,1,0.6,4.0,1.0,1,1,持有,113.7632,-0.0009072027330251364,-0.0009072027330251364,0.0,1.2341810082832678,1.0771437140155793,-0.0009072027330251364,0.0
2016-07-06,COMPOSITE,1,1,0.6,4.0,1.0,1,1,持有,113.7836,0.00017931985035590792,0.00017931985035590792,0.0,1.2344023214369853,1.0773368672651884,-0.0007280455621275772,0.0
2016-07-07,COMPOSITE,1,1,0.6,4.0,1.0,1,1,持有,113.8316,0.0004218534129696305,0.0004218534129696305,0.0,1.2349230582692612,1.0777913454995622,-0.0003064992776630193,0.0
2016-07-08,COMPOSITE,1,1,0.6,4.0,1.0,1,1,持有,113.8561,0.00021523021726843616,0.00021523021726843616,0.0,1.2351888510274023,1.078023318765024,-9.133502830072082e-05,0.0
2016-07-11,COMPOSITE,1,1,0.6,4.0,1.0,1,1,持有,113.8642,7.11424332995314e-05,7.114243329930936e-05,2.220446049250313e-16,1.2352767253678487,1.0781000119670745,-2.0199092797379414e-05,0.0
2016-07-12,COMPOSITE,1,1,0.2,3.0,2.0,1,1,持有,113.7954,-0.0006042285459343377,-0.0006042285459342267,-1.1102230246251565e-16,1.2345303359082531,1.077448593164472,-0.0006244154338632679,0.0
2016-07-13,COMPOSITE,1,1,0.2,3.0,2.0,1,1,持有,113.7745,-0.00018366296001426363,-0.00018366296001426363,0.0,1.2343035984125328,1.077250705766588,-0.0008079637118907357,0.0
2016-07-14,COMPOSITE,1,1,0.2,3.0,2.0,1,1,持有,113.774,-4.394657853956652e-06,-4.394657853956652e-06,0.0,1.2342981740705299,1.0772459716183134,-0.0008123548190205332,0.0
2016-07-15,COMPOSITE,-1,1,-0.2,2.0,3.0,1,1,持有,113.7972,0.00020391302054956206,0.0002039130205497841,-2.220446049250313e-16,1.2345498635394634,1.077465636098261,-0.0006086074481959081,0.0
2016-07-18,COMPOSITE,-1,-1,-0.2,2.0,3.0,1,-1,多翻空,113.7926,-0.00044032663731896626,-4.0422787204064115e-05,-0.00039990385011490215,1.2340062583494484,1.0774220819341334,-0.0010486660994438735,0.0004937012435884971
2016-07-19,COMPOSITE,-1,-1,-0.2,2.0,3.0,-1,-1,持空,113.7958,-2.812133653695703e-05,2.8121336536734987e-05,-5.624267307369202e-05,1.2339715564441687,1.0774523804830916,-0.0010767579460885246,0.0
2016-07-20,COMPOSITE,-1,-1,-0.2,2.0,3.0,-1,-1,持空,113.8645,-0.000603746921945203,0.0006037129665594776,-0.0012074598885046806,1.2332265499151975,1.0781028524560397,-0.0016798547787381102,0.0
2016-07-21,COMPOSITE,-1,-1,-0.2,2.0,3.0,-1,-1,持空,114.0333,-0.001484338383425321,0.0014824638056636363,-0.0029668021890889573,1.2313960244116993,1.0797011009135884,-0.003161699689236741,0.0
2016-07-22,COMPOSITE,-1,-1,-0.2,2.0,3.0,-1,-1,持空,114.0835,-0.0004420885956114562,0.0004402222859463123,-0.0008823108815577685,1.2308516382726256,1.0801764094003714,-0.003602390533472777,0.0
2016-07-25,COMPOSITE,-1,-1,-0.2,2.0,3.0,-1,-1,持空,113.9822,0.0008924976454098843,-0.0008879461096475971,0.0017804437550574814,1.2319501704616327,1.0792172709599113,-0.0027131080131319596,0.0
2016-07-26,COMPOSITE,-1,-1,-0.2,2.0,3.0,-1,-1,持空,114.033,-0.00044717128949067764,0.0004456836242849871,-0.0008928549137756647,1.231399277715319,1.0796982604246237,-0.003159066078613937,0.0
2016-07-27,COMPOSITE,-1,-1,-0.2,2.0,3.0,-1,-1,持空,113.9529,0.0007054024492700872,-0.0007024282444555441,0.0014078306937256313,1.232267909781849,1.0789398498710119,-0.0024558920422930175,0.0
2016-07-28,COMPOSITE,-1,-1,-0.2,2.0,3.0,-1,-1,持空,114.0149,-0.0005456195113536788,0.0005440844419053459,-0.0010897039532590247,1.231595560367057,1.0795268842570784,-0.0030001715710306076,0.0
2016-07-29,COMPOSITE,-1,-1,-0.2,2.0,3.0,-1,-1,持空,114.0319,-0.00014968702204709583,0.00014910331895223727,-0.0002987903409993331,1.2314112064952591,1.0796878452984193,-0.0031494095063296923,0.0
2016-08-01,COMPOSITE,-1,-1,-0.2,2.0,3.0,-1,-1,持空,114.0953,-0.0005583281155193687,0.0005559847726819278,-0.0011143128882012965,1.2307236749969073,1.080288135299655,-0.003705979217974331,0.0
2016-08-02,COMPOSITE,-1,-1,-0.2,2.0,3.0,-1,-1,持空,114.1301,-0.00030663521599727517,0.0003050081817568273,-0.0006116433977541025,1.2303462917769916,1.0806176320195762,-0.004011478050233608,0.0
2016-08-03,COMPOSITE,-1,-1,-0.2,2.0,3.0,-1,-1,持空,114.0914,0.0003411041019754091,-0.00033908670893989523,0.0006801908109153043,1.2307659679439669,1.0802512089431122,-0.003671742279876211,0.0
2016-08-04,COMPOSITE,-1,-1,-0.2,2.0,3.0,-1,-1,持空,114.1367,-0.00039914074601454796,0.0003970500844059366,-0.0007961908304204846,1.2302747190973524,1.0806801227768028,-0.004069417483938076,0.0
2016-08-05,COMPOSITE,-1,-1,-0.2,2.0,3.0,-1,-1,持空,114.3313,-0.0017153157600143798,0.0017049730717639822,-0.003420288831778362,1.2281644094825375,1.0825226532853278,-0.0057777529080080825,0.0
2016-08-08,COMPOSITE,-1,-1,-0.2,2.0,3.0,-1,-1,持空,114.3134,0.00015805195229479096,-0.0001565625511125157,0.0003146145034073067,1.2283585232651952,1.0823531707770924,-0.005620614140840252,0.0
2016-08-09,COMPOSITE,-1,-1,-0.2,2.0,3.0,-1,-1,持空,114.4581,-0.0012774582905895615,0.0012658183555036562,-0.0025432766460932177,1.2267893464858337,1.0837232332877995,-0.006890892331297471,0.0
2016-08-10,COMPOSITE,-1,-1,-0.2,2.0,3.0,-1,-1,持空,114.5027,-0.00039424682503141906,0.0003896622432137953,-0.0007839090682452143,1.2263056886809993,1.0841455193139053,-0.007282422443905645,0.0
2016-08-11,COMPOSITE,-1,-1,-0.6,1.0,4.0,-1,-1,持空,114.6102,-0.000950633387128752,0.0009388424901770609,-0.001889475877305813,1.2251399215505132,1.0851633611929723,-0.008226132917120044,0.0
2016-08-12,COMPOSITE,-1,-1,-0.6,1.0,4.0,-1,-1,持空,114.7302,-0.0010621818986501497,0.0010470272279430315,-0.002109209126593181,1.2238386001025285,1.0862995567789075,-0.009279577166289799,0.0
2016-08-15,COMPOSITE,-1,-1,-0.6,1.0,4.0,-1,-1,持空,114.913,-0.0016197775907136336,0.001593303245352784,-0.0032130808360664176,1.221856253763432,1.0880303613881488,-0.01088432390585814,0.0
2016-08-16,COMPOSITE,-1,-1,-0.6,1.0,4.0,-1,-1,持空,115.01,-0.0008609044644554142,0.0008441168536197363,-0.0017050213180751506,1.2208043522596443,1.0889487861534466,-0.011735858007270505,0.0
2016-08-17,COMPOSITE,-1,-1,-0.6,1.0,4.0,-1,-1,持空,114.9301,0.0007097477952517917,-0.0006947221980696527,0.0014044699933214444,1.2216708154570943,1.0881922692591448,-0.011034439711364863,0.0
2016-08-18,COMPOSITE,-1,-1,-0.6,1.0,4.0,-1,-1,持空,114.7999,0.0011557399531845203,-0.0011328624964220824,0.0022886024496066026,1.2230827492281575,1.0869594970484047,-0.009891452701015768,0.0
2016-08-19,COMPOSITE,-1,-1,-0.6,1.0,4.0,-1,-1,持空,114.763,0.00032717029612894244,-0.00032142885141861477,0.0006485991475475572,1.2234829055734127,1.0866101169057298,-0.009567518594396196,0.0
2016-08-22,COMPOSITE,-1,-1,-0.6,1.0,4.0,-1,-1,持空,114.6928,0.0006222179677406459,-0.0006116954070564118,0.0012339133747970576,1.2242441786204838,1.0859454424879575,-0.008951253708631812,0.0
2016-08-23,COMPOSITE,-1,-1,-0.6,1.0,4.0,-1,-1,持空,114.5446,0.0013127544458262363,-0.0012921473710640896,0.002604901816890326,1.2258513106087447,1.0845422409393277,-0.00765025006090736,0.0
2016-08-24,COMPOSITE,-1,-1,-0.6,1.0,4.0,-1,-1,持空,114.3433,0.001780776110530402,-0.001757394063098494,0.003538170173628896,1.228034277337739,1.0826362728439214,-0.005883097332925025,0.0
2016-08-25,COMPOSITE,-1,-1,-0.6,1.0,4.0,-1,-1,持空,114.4164,-0.0006455207833849785,0.0006393028712654569,-0.0012848236546504355,1.2272415556890084,1.0833284053216867,-0.006524820454710922,0.0
2016-08-26,COMPOSITE,-1,-1,-0.6,1.0,4.0,-1,-1,持空,114.3836,0.0002898325333482443,-0.0002866721903502789,0.0005765047236985232,1.227597250218124,1.0830178451948644,-0.006236879026604636,0.0
2016-08-29,COMPOSITE,-1,-1,-0.6,1.0,4.0,-1,-1,持空,114.4205,-0.00032596712413945905,0.0003225986942185788,-0.0006485658183580378,1.227197093872869,1.0833672253375397,-0.006560813133224319,0.0
2016-08-30,COMPOSITE,-1,-1,-0.6,1.0,4.0,-1,-1,持空,114.2469,0.0015340472779938885,-0.0015172106397018936,0.003051257917695782,1.2290796722342867,1.0817235290565532,-0.0050368304527587116,0.0
2016-08-31,COMPOSITE,-1,-1,-0.6,1.0,4.0,-1,-1,持空,114.1425,0.0009211361031531418,-0.0009138103528411046,0.0018349464559942463,1.2302118218940332,1.0807350388967896,-0.004120333955981215,0.0
2016-09-01,COMPOSITE,-1,-1,-0.6,1.0,4.0,-1,-1,持空,114.1404,1.851154812082534e-05,-1.8398055062762708e-05,3.690960318358805e-05,1.230234595019373,1.0807151554740357,-0.004101898681620697,0.0
2016-09-02,COMPOSITE,-1,-1,-0.6,1.0,4.0,-1,-1,持空,114.1401,2.644457921530119e-06,-2.6283419366501803e-06,5.272799858180299e-06,1.230237848322993,1.080712314985071,-0.004099265070997782,0.0
2016-09-05,COMPOSITE,-1,-1,-0.6,1.0,4.0,-1,-1,持空,114.0814,0.0005174308982933695,-0.0005142802573330219,0.0010317111556263914,1.2308744113979653,1.0801565259776176,-0.0035839552591123702,0.0
2016-09-06,COMPOSITE,-1,-1,-0.6,1.0,4.0,-1,-1,持空,114.0388,0.00037531783076882874,-0.00037341757727382685,0.0007487354080426556,1.231336380512,1.0797531765446104,-0.0032099825506570756,0.0
2016-09-07,COMPOSITE,-1,-1,-0.6,1.0,4.0,-1,-1,持空,114.0376,1.0568366764829307e-05,-1.052273436774609e-05,2.1091101132575396e-05,1.23134939372648,1.079741814588751,-0.0031994481081653037,0.0
2016-09-08,COMPOSITE,-1,-1,-0.6,1.0,4.0,-1,-1,持空,113.9995,0.0003355420986441704,-0.00033410033182001975,0.0006696424304641901,1.231762563286215,1.0793810724902169,-0.0028649795590538485,0.0
2016-09-09,COMPOSITE,-1,-1,-0.6,1.0,4.0,-1,-1,持空,114.029,-0.0002597157916887083,0.0002587730647938269,-0.0005184888564825352,1.2314426550969186,1.0796603872384256,-0.0031239512703081784,0.0
2016-09-12,COMPOSITE,-1,-1,-0.6,1.0,4.0,-1,-1,持空,113.9263,0.0009043979985241535,-0.0009006480807510764,0.0018050460792752299,1.2325563693694856,1.0786879931827964,-0.0022223785670603124,0.0
2016-09-13,COMPOSITE,-1,-1,-0.6,1.0,4.0,-1,-1,持空,113.9475,-0.00018652300875710015,0.00018608521473950645,-0.0003726082234966066,1.2323264692470082,1.0788887210696447,-0.0024084870510804324,0.0
2016-09-14,COMPOSITE,-1,-1,-0.6,1.0,4.0,-1,-1,持空,114.001,-0.00047079446345710263,0.0004695144693829256,-0.0009403089328400283,1.231746296768115,1.079395274935041,-0.0028781476121686467,0.0
2016-09-18,COMPOSITE,-1,-1,-0.6,1.0,4.0,-1,-1,持空,114.0924,-0.0008046893846150871,0.0008017473530930186,-0.0016064367377081057,1.2307551235985668,1.0802606772396615,-0.0036805209819528173,0.0
2016-09-19,COMPOSITE,-1,-1,-0.6,1.0,4.0,-1,-1,持空,114.09,2.1146715915021375e-05,-2.103558168631281e-05,4.2182297601334184e-05,1.2307811500275265,1.080237953327943,-0.0036594520969693844,0.0
2016-09-20,COMPOSITE,-1,-1,-0.6,1.0,4.0,-1,-1,持空,114.1784,-0.0007788875652889882,0.0007748268910507949,-0.0015537144563397831,1.229822509894178,1.0810749507429152,-0.004435489360524292,0.0
2016-09-21,COMPOSITE,-1,-1,-0.6,1.0,4.0,-1,-1,持空,114.1683,8.905991527830004e-05,-8.845806212032237e-05,0.0001775179773986224,1.2299320377827165,1.0809793209477656,-0.004346824469552701,0.0
2016-09-22,COMPOSITE,-1,-1,-0.6,1.0,4.0,-1,-1,持空,114.1845,-0.00014283585603191984,0.00014189578017731463,-0.0002847316362092345,1.2297563593872387,1.081132707351867,-0.004489039443190457,0.0
2016-09-23,COMPOSITE,-1,-1,-0.6,1.0,4.0,-1,-1,持空,114.1471,0.000329803960645636,-0.0003275400776814319,0.0006573440383270679,1.2301619379051938,1.080778593060917,-0.0041607159855326925,0.0
2016-09-26,COMPOSITE,-1,-1,-0.6,1.0,4.0,-1,-1,持空,114.2521,-0.000925614938896091,0.0009198656820890161,-0.0018454806209851071,1.2290232816382074,1.0817727641986103,-0.00508247970355602,0.0
2016-09-27,COMPOSITE,-1,-1,-0.6,1.0,4.0,-1,-1,持空,114.1972,0.00048441276202626504,-0.00048051633186596554,0.0009649290938922306,1.2296186362006603,1.0812529547180452,-0.004600528959560979,0.0
2016-09-28,COMPOSITE,-1,-1,-0.6,1.0,4.0,-1,-1,持空,114.226,-0.00025399513176005417,0.0002521953252794251,-0.0005061904570394793,1.229306319053144,1.0815256416586696,-0.004853355579361729,0.0
2016-09-29,COMPOSITE,-1,-1,-1.0,0.0,5.0,-1,-1,持空,114.1619,0.0005654591775523521,-0.000561168210389873,0.001126627387942225,1.2300014415932756,1.0809187238498492,-0.004290640776263732,0.0
2016-09-30,COMPOSITE,-1,-1,-1.0,0.0,5.0,-1,-1,持空,114.2625,-0.0008869429826147135,0.0008812046751147662,-0.0017681476577294797,1.2289105004460485,1.0818712344827248,-0.0051737782051509695,0.0
2016-10-08,COMPOSITE,-1,-1,-1.0,0.0,5.0,-1,-1,持空,114.2817,-0.00016942766100702666,0.0001680341319332257,-0.00033746179294025236,1.228702289014371,1.0820530257764747,-0.005342329285017988,0.0
2016-10-09,COMPOSITE,-1,-1,-1.0,0.0,5.0,-1,-1,持空,114.4785,-0.0017369278089378604,0.0017220604873744438,-0.003458988296312304,1.2265681218396765,1.0839163865374082,-0.007069977853656151,0.0
2016-10-10,COMPOSITE,-1,-1,-1.0,0.0,5.0,-1,-1,持空,114.5569,-0.000693150803621867,0.0006848447525082957,-0.0013779955561301627,1.2257179251603263,1.084658700986886,-0.007758228096447217,0.0
2016-10-11,COMPOSITE,-1,-1,-1.0,0.0,5.0,-1,-1,持空,114.5497,6.370086075779824e-05,-6.285086275892304e-05,0.00012655172351672128,1.2257960044472054,1.08459052925173,-0.00769502144149703,0.0
2016-10-12,COMPOSITE,-1,-1,-1.0,0.0,5.0,-1,-1,持空,114.4944,0.0004892268358172025,-0.0004827598850104531,0.0009719867208276556,1.2263956967478185,1.084066932452545,-0.007209559216671213,0.0
2016-10-13,COMPOSITE,-1,-1,-1.0,0.0,5.0,-1,-1,持空,114.5459,-0.00045538629136943065,0.00044980365851921,-0.0009051899498886407,1.225837212959725,1.0845545497248419,-0.007661662373606548,0.0
2016-10-14,COMPOSITE,-1,-1,-1.0,0.0,5.0,-1,-1,持空,114.6223,-0.0006758711350830504,0.0006669815331670215,-0.0013428526682500719,1.2250087049711749,1.0852779275812205,-0.008332355212244513,0.0
2016-10-17,COMPOSITE,-1,-1,-1.0,0.0,5.0,-1,-1,持空,114.5888,0.00029655754234347853,-0.00029226424526462846,0.000588821787608107,1.2253719905420704,1.0849607396468137,-0.008038268692684869,0.0
2016-10-18,COMPOSITE,-1,-1,-1.0,0.0,5.0,-1,-1,持空,114.635,-0.0004088625832325832,0.0004031807646123209,-0.0008120433478449041,1.2248709817845964,1.0853981749473989,-0.008443844728615035,0.0
2016-10-19,COMPOSITE,-1,-1,-1.0,0.0,5.0,-1,-1,持空,114.7569,-0.0010792366901520856,0.001063375059972893,-0.0021426117501249786,1.223549056080352,1.0865523602967782,-0.009513968511730031,0.0
2016-10-20,COMPOSITE,-1,-1,-1.0,0.0,5.0,-1,-1,持空,114.9045,-0.0013081824329533864,0.0012861971698434616,-0.002594379602796848,1.221948430699331,1.0879498808674786,-0.010809704938208764,0.0
2016-10-21,COMPOSITE,-1,-1,-1.0,0.0,5.0,-1,-1,持空,115.0978,-0.0017154668013245056,0.0016822665778974955,-0.003397733379222001,1.2198522187335357,1.0897801025904894,-0.012506628049579582,0.0
2016-10-24,COMPOSITE,-1,-1,-1.0,0.0,5.0,-1,-1,持空,115.1636,-0.0005849544037820342,0.0005716877299128953,-0.0011566421336949295,1.2191386608062242,1.0904031165034436,-0.013084266646207543,0.0
2016-10-25,COMPOSITE,-1,-1,-1.0,0.0,5.0,-1,-1,持空,115.1127,0.00045275996783522565,-0.0004419799311585759,0.0008947398989938016,1.2196906379870776,1.0899211802090762,-0.01263743071051815,0.0
2016-10-26,COMPOSITE,-1,-1,-1.0,0.0,5.0,-1,-1,持空,114.9446,0.0014945875658496366,-0.0014603080285668923,0.002954895594416529,1.2215135724487962,1.0883295595591118,-0.011161730891472765,0.0
2016-10-27,COMPOSITE,-1,-1,-1.0,0.0,5.0,-1,-1,持空,114.7624,0.001617533997510634,-0.0015851114362920304,0.0032026454338026644,1.2234894121806528,1.0866044359278,-0.009562251373150255,0.0
2016-10-28,COMPOSITE,-1,-1,-1.0,0.0,5.0,-1,-1,持空,114.8595,-0.0008606416433557529,0.0008460959338598695,-0.0017067375772156224,1.2224364262423253,1.0875238075227527,-0.010414663344769926,0.0
2016-10-31,COMPOSITE,-1,-1,-1.0,0.0,5.0,-1,-1,持空,114.6788,0.0016030062354901453,-0.001573226420104712,0.0031762326555948572,1.224395999456082,1.085812886336265,-0.00882835187956199,0.0
2016-11-01,COMPOSITE,-1,-1,-1.0,0.0,5.0,-1,-1,持空,114.667,0.00010451134745248503,-0.00010289608890212687,0.0002074074363546119,1.2245239627318005,1.0857011604369815,-0.008724763195060325,0.0
2016-11-02,COMPOSITE,-1,-1,-1.0,0.0,5.0,-1,-1,持空,114.623,0.00038966260531947405,-0.0003837198147679244,0.0007733824200873984,1.2250011139293948,1.0852845553888053,-0.008338500303698204,0.0
2016-11-03,COMPOSITE,-1,-1,-1.0,0.0,5.0,-1,-1,持空,114.6165,5.754137224678324e-05,-5.6707641572839584e-05,0.00011424901381962282,1.225071602174494,1.0852230114612338,-0.008281438740201374,0.0
2016-11-04,COMPOSITE,-1,-1,-1.0,0.0,5.0,-1,-1,持空,114.6207,-3.717843969164303e-05,3.664393870006499e-05,-7.382237839170802e-05,1.2250260559238146,1.0852627783067417,-0.008318309288922299,0.0
2016-11-07,COMPOSITE,-1,-1,-1.0,0.0,5.0,-1,-1,持空,114.5669,0.0004762558148798668,-0.0004693742055318362,0.000945630020411703,1.2256094817063277,1.0847533839523806,-0.00784601511721128,0.0
2016-11-08,COMPOSITE,-1,-1,-1.0,0.0,5.0,-1,-1,持空,114.4435,0.001091858575115623,-0.0010770999302591733,0.002168958505374796,1.2269476739286718,1.0835849961581772,-0.006762723280981819,0.0
2016-11-09,COMPOSITE,-1,-1,-1.0,0.0,5.0,-1,-1,持空,114.3914,0.0004604845074804853,-0.0004552464753349028,0.0009157309828153881,1.227512664324005,1.0830916979079503,-0.006305352902800654,0.0
2016-11-10,COMPOSITE,-1,-1,-1.0,0.0,5.0,-1,-1,持空,114.2709,0.001064545938028516,-0.0010534008675476825,0.0021179468055761985,1.2288194079446897,1.0819507681737404,-0.005247519302592707,0.0
2016-11-11,COMPOSITE,-1,-1,-1.0,0.0,5.0,-1,-1,持空,114.148,0.0010845939126837845,-0.0010755144135559114,0.002160108326239696,1.230152177994334,1.0807871145278116,-0.004168616817401327,0.0
2016-11-14,COMPOSITE,-1,-1,-1.0,0.0,5.0,-1,-1,持空,113.8574,0.002561769860327967,-0.002545817710341125,0.005107587570669092,1.2333035447675367,1.0780356275505383,-0.001617525993995561,0.0
2016-11-15,COMPOSITE,-1,-1,-1.0,0.0,5.0,-1,-1,持空,113.7704,0.0007649844629018521,-0.0007641137071457971,0.0015290981700476491,1.2342470028173256,1.0772118857507353,-0.0008537789133474805,0.0
2016-11-16,COMPOSITE,-1,-1,-1.0,0.0,5.0,-1,-1,持空,113.6399,0.0011465995635013826,-0.0011470470350811723,0.002293646598582555,1.2356621898920088,1.0759762730510307,0.0,0.0
2016-11-17,COMPOSITE,-1,-1,-1.0,0.0,5.0,-1,-1,持空,113.5102,0.0011382654659737312,-0.00114132448198212,0.0022795899479558512,1.2370687014903723,1.0747482349885658,0.0,0.0
2016-11-18,COMPOSITE,-1,-1,-1.0,0.0,5.0,-1,-1,持空,113.4751,0.0003076923076923421,-0.0003092233120900456,0.0006169156197823877,1.2374493380139078,1.0744158977796796,0.0,0.0
2016-11-21,COMPOSITE,-1,-1,-1.0,0.0,5.0,-1,-1,持空,113.35,0.0010963096167646569,-0.001102444501040245,0.002198754117804902,1.2388059656234316,1.0732314138813421,0.0,0.0
2016-11-22,COMPOSITE,-1,-1,-1.0,0.0,5.0,-1,-1,持空,113.4499,-0.0008745115340981213,0.0008813409792678417,-0.001755852513365963,1.2377226155179843,1.0741772967066334,-0.0008745115340981213,0.0
2016-11-23,COMPOSITE,-1,-1,-1.0,0.0,5.0,-1,-1,持空,113.6319,-0.0015945986912024868,0.0016042323527829527,-0.0031988310439854395,1.2357489446552077,1.0759005266786352,-0.0024677157303528707,0.0
2016-11-24,COMPOSITE,-1,-1,-1.0,0.0,5.0,-1,-1,持空,113.6547,-0.00020008196340071116,0.00020064788144869006,-0.0004007298448494012,1.2355016935800907,1.0761164038399629,-0.0026673039483451344,0.0
2016-11-25,COMPOSITE,-1,-1,-1.0,0.0,5.0,-1,-1,持空,113.4171,0.002085481938550293,-0.002090542670034723,0.004176024608585016,1.2380783100471002,1.0738667365798111,-0.0005873846240037617,0.0
2016-11-28,COMPOSITE,-1,-1,-1.0,0.0,5.0,-1,-1,持空,113.5247,-0.0009424699193557595,0.0009487105559919939,-0.0018911804753477535,1.236911458482074,1.074885525288533,-0.0015293009510203293,0.0
2016-11-29,COMPOSITE,-1,-1,-1.0,0.0,5.0,-1,-1,持空,113.1554,0.003237755401738651,-0.00325303656384901,0.006490791965587661,1.2409162752382468,1.0713888833728173,0.0,0.0
2016-11-30,COMPOSITE,-1,-1,-1.0,0.0,5.0,-1,-1,持空,112.8515,0.002655776729488135,-0.0026856871170090058,0.005341463846497141,1.2442118718052677,1.0685114680514363,0.0,0.0
2016-12-01,COMPOSITE,-1,-1,-1.0,0.0,5.0,-1,-1,持空,112.5881,0.0022957509432712797,-0.0023340407526706297,0.004629791695941909,1.247068272383594,1.0660175187403083,0.0,0.0
2016-12-02,COMPOSITE,-1,-1,-1.0,0.0,5.0,-1,-1,持空,112.5278,0.0005243610491048045,-0.000535580580896311,0.0010599416300011155,1.2477221864112062,1.0654465804583757,0.0,0.0
2016-12-05,COMPOSITE,-1,-1,-1.0,0.0,5.0,-1,-1,持空,112.226,0.0026230385876961915,-0.002682003913699438,0.005305042501395629,1.2509950098528875,1.0625890485597487,0.0,0.0
2016-12-06,COMPOSITE,-1,-1,-1.0,0.0,5.0,-1,-1,持空,111.551,0.005851288843889302,-0.006014649011815476,0.011865937855704778,1.258314942997801,1.0561979483888628,0.0,0.0
2016-12-07,COMPOSITE,-1,-1,-1.0,0.0,5.0,-1,-1,持空,111.7646,-0.0018408365809390315,0.0019148192306659428,-0.0037556558116049743,1.2559985908203883,1.0582203765318277,-0.0018408365809390315,0.0
2016-12-08,COMPOSITE,-1,-1,-1.0,0.0,5.0,-1,-1,持空,111.9032,-0.0011966783111122536,0.0012401064379954363,-0.00243678474910769,1.254495564547966,1.0595326824335827,-0.0030353120028405733,0.0
2016-12-09,COMPOSITE,-1,-1,-1.0,0.0,5.0,-1,-1,持空,111.8607,0.00036738645597433894,-0.00037979253497655296,0.0007471789909508919,1.2549564492274607,1.0591302798302307,-0.0026690406793857813,0.0
2016-12-12,COMPOSITE,-1,-1,-1.0,0.0,5.0,-1,-1,持空,111.4271,0.003746829755151282,-0.0038762496569393345,0.0076230794120906165,1.2596585573928452,1.0550248264463846,0.0,0.0
2016-12-13,COMPOSITE,-1,-1,-1.0,0.0,5.0,-1,-1,持空,111.1549,0.0023433578889462403,-0.0024428527710045334,0.004786210659950774,1.2626103882106903,1.0524475561256215,0.0,0.0
2016-12-14,COMPOSITE,-1,-1,-1.0,0.0,5.0,-1,-1,持空,111.0433,0.0009585133766725207,-0.0010040043218966233,0.001962517698569144,1.2638206171573159,1.0513908942307018,0.0,0.0
2016-12-15,COMPOSITE,-1,-1,-1.0,0.0,5.0,-1,-1,持空,110.0298,0.008696443081844363,-0.009127070250974367,0.01782351333281873,1.274811361220086,1.0417947756778234,0.0,0.0
2016-12-16,COMPOSITE,-1,-1,-1.0,0.0,5.0,-1,-1,持空,110.3007,-0.0023044453934061293,0.0024620602782157164,-0.004766505671621846,1.2718736280512606,1.0443597372130724,-0.0023044453934061293,0.0
2016-12-19,COMPOSITE,-1,-1,-1.0,0.0,5.0,-1,-1,持空,109.9501,0.002989312313221193,-0.0031785836354618624,0.006167895948683055,1.2756756555484556,1.0410401524428317,0.0,0.0
2016-12-20,COMPOSITE,-1,-1,-1.0,0.0,5.0,-1,-1,持空,109.7862,0.0013932916280940955,-0.0014906762249422556,0.002883967853036351,1.2774530437594946,1.0394882986383749,0.0,0.0
2016-12-21,COMPOSITE,-1,-1,-1.0,0.0,5.0,-1,-1,持空,110.2833,-0.004219899999151067,0.004527891483629309,-0.008747791482780376,1.2720623196612184,1.044194988853112,-0.004219899999151067,0.0
2016-12-22,COMPOSITE,-1,-1,-1.0,0.0,5.0,-1,-1,持空,110.924,-0.005461974614222043,0.005809583137247554,-0.011271557751469596,1.2651143475635205,1.0502613264523513,-0.009658825626703171,0.0
2016-12-23,COMPOSITE,-1,-1,-1.0,0.0,5.0,-1,-1,持空,111.1554,-0.0019835215135795004,0.00208611301431616,-0.00406963452789566,1.26260496603799,1.0524522902738964,-0.011623188651856187,0.0
2016-12-26,COMPOSITE,-1,-1,-1.0,0.0,5.0,-1,-1,持空,111.5406,-0.0033084313466139603,0.0034654186841123202,-0.0067738500307262806,1.2584277241899595,1.0560994781047484,-0.014893165476786763,0.0
2016-12-27,COMPOSITE,-1,-1,-1.0,0.0,5.0,-1,-1,持空,111.3187,0.001912195828155605,-0.001989410134067726,0.0039016059622233312,1.260834084434191,1.053998463100423,-0.013009448297523929,0.0
2016-12-28,COMPOSITE,-1,-1,-1.0,0.0,5.0,-1,-1,持空,111.5514,-0.0020014363552699477,0.002090394515926075,-0.004091830871196023,1.258310605259641,1.0562017357074827,-0.014984847070009133,0.0
2016-12-29,COMPOSITE,-1,-1,-1.0,0.0,5.0,-1,-1,持空,112.0665,-0.004439223743426535,0.004617602289169076,-0.00905682603259561,1.252724682944167,1.0610788552601098,-0.019357549724530854,0.0
2016-12-30,COMPOSITE,-1,-1,-1.0,0.0,5.0,-1,-1,持空,112.2942,-0.0019711094394240236,0.0020318293156293965,-0.00400293875505342,1.2502554254966163,1.0632347863844218,-0.021290503314968734,0.0
2016-12-31,COMPOSITE,-1,-1,-1.0,0.0,5.0,-1,-1,持空,112.2901,3.556218612033035e-05,-3.651123566483783e-05,7.207342178516818e-05,1.2502998873127558,1.063195966368569,-0.02125569826568985,0.0
2017-01-03,COMPOSITE,-1,-1,-1.0,0.0,5.0,-1,-1,持空,111.7584,0.004611644380376978,-0.004735056785950098,0.009346701166327076,1.2560658257618675,1.0581616730932208,-0.016742077606770822,0.0
2017-01-04,COMPOSITE,-1,-1,-1.0,0.0,5.0,-1,-1,持空,111.3366,0.0036416442481359557,-0.003774212945067079,0.007415857193203035,1.2606399706515334,1.0541679456086586,-0.013161402049253423,0.0
2017-01-05,COMPOSITE,-1,-1,-1.0,0.0,5.0,-1,-1,持空,110.9691,0.0031613283944924575,-0.003300801353732785,0.006462129748225243,1.2646252675859864,1.0506883466267318,-0.010041681168770467,0.0
2017-01-06,COMPOSITE,-1,-1,-1.0,0.0,5.0,-1,-1,持空,111.0547,-0.0007340324363445117,0.0007713859083293695,-0.0015054183446738811,1.2636969916197573,1.0514988328113655,-0.010768342685421706,0.0
2017-01-09,COMPOSITE,-1,-1,-1.0,0.0,5.0,-1,-1,持空,111.272,-0.0018647478557116681,0.0019566934132462244,-0.0038214412689578925,1.261340515364365,1.0535562936515634,-0.012613010297201188,0.0
2017-01-10,COMPOSITE,-1,-1,-0.6,1.0,4.0,-1,-1,持空,111.2909,-0.00016249230525844371,0.00016985405133351783,-0.00033234635659196154,1.2611355572363077,1.0537352444563481,-0.01277345308534028,0.0
2017-01-11,COMPOSITE,-1,-1,-0.6,1.0,4.0,-1,-1,持空,111.0589,0.0019949387029287724,-0.0020846268652692235,0.004079565568197996,1.263651445369078,1.0515385996568734,-0.010803996638341529,0.0
2017-01-12,COMPOSITE,-1,-1,-0.6,1.0,4.0,-1,-1,持空,111.2097,-0.0012941284499723427,0.0013578380480987473,-0.00265196649807109,1.2620161180827771,1.052966418776532,-0.01208414332889074,0.0
2017-01-13,COMPOSITE,-1,-1,-0.2,2.0,3.0,-1,-1,持空,111.1923,0.00014951600637602702,-0.0001564611720021869,0.0003059771783782139,1.262204809692735,1.0528016704165712,-0.011936434095365822,0.0
2017-01-16,COMPOSITE,-1,-1,-0.2,2.0,3.0,-1,-1,持空,110.9752,0.0018652340477811613,-0.0019524733277392903,0.0038177073755204516,1.2645591170790471,1.0507461032356835,-0.010093464290868326,0.0
2017-01-17,COMPOSITE,-1,-1,-0.2,2.0,3.0,-1,-1,持空,110.7867,0.001616499442586461,-0.0016985777002429536,0.0033150771428294146,1.266603276186923,1.0489613293361102,-0.008493280927681868,0.0
2017-01-18,COMPOSITE,-1,-1,-0.2,2.0,3.0,-1,-1,持空,110.7272,0.0005094243504839557,-0.0005370680776664027,0.0010464924281503585,1.2672485147382153,1.0483979656914173,-0.007988183261318005,0.0
2017-01-19,COMPOSITE,-1,-1,-0.2,2.0,3.0,-1,-1,持空,110.5939,0.0011407006794570407,-0.001203859575605537,0.0023445602550625777,1.268694065980018,1.0471358417613743,-0.00685659470793476,0.0
2017-01-20,COMPOSITE,-1,-1,-0.2,2.0,3.0,-1,-1,持空,110.7312,-0.001173591540567509,0.0012414789604127119,-0.002415070500980221,1.2672051373566158,1.0484358388776152,-0.008022139406955953,0.0
2017-01-22,COMPOSITE,-1,-1,-0.2,2.0,3.0,-1,-1,持空,110.6923,0.00033289403871483714,-0.0003513011689568746,0.0006841952076717117,1.2676269823926707,1.0480675221418412,-0.007691915890627343,0.0
2017-01-23,COMPOSITE,-1,-1,-0.2,2.0,3.0,-1,-1,持空,110.6821,8.725936305808979e-05,-9.214733093443339e-05,0.00017940669399252318,1.2677375947157494,1.0479709455170367,-0.00760532771925071,0.0
2017-01-24,COMPOSITE,-1,-1,-0.2,2.0,3.0,-1,-1,持空,110.4192,0.002248871073564418,-0.0023752711594740017,0.00462414223303842,1.2705885731213757,1.0454817303541835,-0.005373560047199133,0.0
2017-01-25,COMPOSITE,-1,-1,-0.6,1.0,4.0,-1,-1,持空,110.0252,0.003362750285919258,-0.0035682200197065805,0.006930970305625839,1.2748612452089254,1.0417512215136961,-0.0020288797018649385,0.0
2017-01-26,COMPOSITE,-1,-1,-0.6,1.0,4.0,-1,-1,持空,109.9448,0.0006839060905068362,-0.0007307416846323855,0.0014146477751392217,1.275733130579075,1.0409899704711194,-0.0013463611745431203,0.0
2017-02-03,COMPOSITE,-1,-1,-0.6,1.0,4.0,-1,-1,持空,109.5792,0.0031077759001159055,-0.0033253050621766533,0.006433080962292559,1.279697823257268,1.0375283612526367,0.0,0.0
2017-02-04,COMPOSITE,-1,-1,-0.6,1.0,4.0,-1,-1,持空,109.6522,-0.000618612612917846,0.0006661848233970868,-0.0012847974363149328,1.2789061860430775,1.0382195469007474,-0.000618612612917846,0.0
2017-02-06,COMPOSITE,-1,-1,-0.2,2.0,3.0,-1,-1,持空,109.2735,0.003211145311320829,-0.003453647076848587,0.006664792388169416,1.2830129396460088,1.0346339029974665,0.0,0.0
2017-02-07,COMPOSITE,-1,-1,-0.2,2.0,3.0,-1,-1,持空,109.2066,0.0005654554874963136,-0.0006122252879241508,0.0011776807754204643,1.2837384263532603,1.0340004739583077,0.0,0.0
2017-02-08,COMPOSITE,-1,-1,-0.6,1.0,4.0,-1,-1,持空,109.4019,-0.0016497914318973628,0.0017883534511651256,-0.0034381448830624883,1.2816205256966653,1.0358496322744175,-0.0016497914318973628,0.0
2017-02-09,COMPOSITE,-1,-1,-0.6,1.0,4.0,-1,-1,持空,109.7036,-0.002552814145484139,0.0027577217580312396,-0.005310535903515379,1.278348786689524,1.0387062173433894,-0.004198393966477032,0.0
2017-02-10,COMPOSITE,-1,-1,-0.6,1.0,4.0,-1,-1,持空,109.4854,0.0018510098268091912,-0.0019889958032369703,0.0038400056300461616,1.280715022855776,1.0366402350362973,-0.0023551554081565618,0.0
2017-02-13,COMPOSITE,-1,-1,-0.6,1.0,4.0,-1,-1,持空,109.5279,-0.00035986513101626816,0.0003881796111628866,-0.0007480447421791547,1.2802541381762815,1.0370426376396495,-0.002714173000863296,0.0
2017-02-14,COMPOSITE,-1,-1,-0.6,1.0,4.0,-1,-1,持空,109.5964,-0.0005802267204145783,0.0006254114248516185,-0.0012056381452661968,1.2795113005163903,1.0376912159532876,-0.0032928248855790265,0.0
2017-02-15,COMPOSITE,-1,-1,-1.0,0.0,5.0,-1,-1,持空,109.6202,-0.00020171406099556144,0.0002171604176779418,-0.00041887447867350325,1.2792532050958734,1.0379165614111647,-0.00349387473749474,0.0
2017-02-16,COMPOSITE,-1,-1,-1.0,0.0,5.0,-1,-1,持空,109.8647,-0.002072648666977428,0.002230428333463985,-0.004303077000441413,1.2766017626456048,1.0402315599175076,-0.005559281829654927,0.0
2017-02-17,COMPOSITE,-1,-1,-1.0,0.0,5.0,-1,-1,持空,110.0563,-0.0016275839807000647,0.0017439632566238483,-0.003371547237323913,1.2745239860669892,1.0420456855363842,-0.00717781761230496,0.0
2017-02-20,COMPOSITE,-1,-1,-1.0,0.0,5.0,-1,-1,持空,110.2233,-0.0014209271081411234,0.001517405182620335,-0.0029383322907614584,1.2727129803852106,1.0436268910601443,-0.008588545564823358,0.0
2017-02-21,COMPOSITE,-1,-1,-1.0,0.0,5.0,-1,-1,持空,110.1286,0.0008069058186686018,-0.0008591649859875927,0.0016660708046561945,1.2737399398945786,1.0427302433769103,-0.007788569893544928,0.0
2017-02-22,COMPOSITE,-1,-1,-1.0,0.0,5.0,-1,-1,持空,110.1817,-0.00045208187534795385,0.00048216357966968104,-0.0009342454550176349,1.2731641051538454,1.0432330099236868,-0.008237130697609119,0.0
2017-02-23,COMPOSITE,-1,-1,-1.0,0.0,5.0,-1,-1,持空,110.2418,-0.0005119097812246176,0.0005454626312715316,-0.0010573724124961492,1.272512359995313,1.0438020545463091,-0.008744823811060454,0.0
2017-02-24,COMPOSITE,-1,-1,-1.0,0.0,5.0,-1,-1,持空,110.1381,0.0008837309980793684,-0.0009406595320469169,0.0018243905301262853,1.2736369186132799,1.04282019219413,-0.007868820884855743,0.0
2017-02-27,COMPOSITE,-1,-1,-1.0,0.0,5.0,-1,-1,持空,110.2315,-0.0007952516494661444,0.000848026250680034,-0.0016432779001461784,1.2726240567529317,1.0437045310918498,-0.00865781484153394,0.0
2017-02-28,COMPOSITE,-1,-1,-1.0,0.0,5.0,-1,-1,持空,110.2355,-3.4084992633465205e-05,3.628726815829708e-05,-7.037226079176229e-05,1.2725806793713321,1.0437424042780477,-0.008691604732612213,0.0
2017-03-01,COMPOSITE,-1,-1,-1.0,0.0,5.0,-1,-1,持空,110.1689,0.0005675344717541719,-0.0006041610914814255,0.0011716955632355974,1.2733029127749638,1.0431118157278536,-0.0081290030461586,0.0
2017-03-02,COMPOSITE,-1,-1,-1.0,0.0,5.0,-1,-1,持空,110.1258,0.0003670699894307017,-0.000391217485152473,0.0007582874745831747,1.273770304061698,1.0427037321465717,-0.007764916969790203,0.0
2017-03-03,COMPOSITE,-1,-1,-1.0,0.0,5.0,-1,-1,持空,110.0886,0.0003167051764267903,-0.00033779550296098027,0.0006545006793877706,1.2741737137105733,1.042351511514932,-0.0074506709827621975,0.0
2017-03-06,COMPOSITE,-1,-1,-1.0,0.0,5.0,-1,-1,持空,110.0537,0.00029702987150281857,-0.00031701738417955205,0.0006140472556823706,1.274552181365029,1.0420210679653559,-0.007155854183104049,0.0
2017-03-07,COMPOSITE,-1,-1,-1.0,0.0,5.0,-1,-1,持空,110.0524,1.1060864534062631e-05,-1.1812415211975846e-05,2.2873279746038477e-05,1.2745662790140486,1.0420087591798415,-0.007144872468503705,0.0
2017-03-08,COMPOSITE,-1,-1,-1.0,0.0,5.0,-1,-1,持空,109.893,0.0013562171581040783,-0.0014484009435506984,0.0028046181016547767,1.2762948676707884,1.0404995127098573,-0.005798345309033892,0.0
2017-03-09,COMPOSITE,-1,-1,-1.0,0.0,5.0,-1,-1,持空,109.8269,0.000561634500841901,-0.0006014941807029883,0.0011631286815448894,1.2770116789017198,1.039873658307938,-0.0052399673589652584,0.0
2017-03-10,COMPOSITE,-1,-1,-1.0,0.0,5.0,-1,-1,持空,109.8762,-0.00041865414157638003,0.0004488882049844545,-0.0008675423465608345,1.2764770526735063,1.0403404453278264,-0.00565642776650499,0.0
2017-03-13,COMPOSITE,-1,-1,-1.0,0.0,5.0,-1,-1,持空,109.8849,-7.391108581356054e-05,7.918002260720591e-05,-0.00015309110842076645,1.2763827068685272,1.0404228195078067,-0.005729920779600439,0.0
2017-03-14,COMPOSITE,-1,-1,-1.0,0.0,5.0,-1,-1,持空,110.0142,-0.0010985528499076747,0.0011766857866732927,-0.0022752386365809674,1.274980533008324,1.041647070251652,-0.006822179008705964,0.0
2017-03-15,COMPOSITE,-1,-1,-1.0,0.0,5.0,-1,-1,持空,110.0059,7.059564008127239e-05,-7.544480621579641e-05,0.0001460404462970688,1.2750705410751428,1.0415684833902916,-0.0067520649847184755,0.0
2017-03-16,COMPOSITE,-1,-1,-1.0,0.0,5.0,-1,-1,持空,110.2986,-0.0024893837605768354,0.002660766377075907,-0.0051501501376527425,1.2718964011766005,1.0443398537903184,-0.009224640264371975,0.0
2017-03-17,COMPOSITE,-1,-1,-1.0,0.0,5.0,-1,-1,持空,110.2761,0.000191837771748693,-0.00020399170977680736,0.00039582948152550035,1.2721403989480975,1.0441268171179556,-0.009034572127056717,0.0
2017-03-20,COMPOSITE,-1,-1,-1.0,0.0,5.0,-1,-1,持空,110.1047,0.0014610972209319062,-0.0015542805739412469,0.003015377794873153,1.2739991197496356,1.042503951089378,-0.007586675294352085,0.0
2017-03-21,COMPOSITE,-1,-1,-1.0,0.0,5.0,-1,-1,持空,109.9176,0.0015926047301466628,-0.0016992916741973563,0.003291896404344019,1.2760280967739515,1.040732432804974,-0.0060061531391654155,0.0
2017-03-22,COMPOSITE,-1,-1,-1.0,0.0,5.0,-1,-1,持空,109.9914,-0.0006271904925400085,0.0006714120395641121,-0.0012986025321041206,1.275227784083441,1.0414311930903242,-0.006629576629559764,0.0
2017-03-23,COMPOSITE,-1,-1,-1.0,0.0,5.0,-1,-1,持空,110.0587,-0.0005723090843225975,0.0006118660186160696,-0.0011841751029386671,1.2744979596380295,1.042068409448103,-0.007198091546951946,0.0
2017-03-24,COMPOSITE,-1,-1,-1.0,0.0,5.0,-1,-1,持空,110.3603,-0.0025662297439299486,0.0027403558282987905,-0.005306585572228739,1.2712273050654284,1.0449240476874202,-0.009745849334254597,0.0
2017-03-27,COMPOSITE,-1,-1,-1.0,0.0,5.0,-1,-1,持空,110.4319,-0.0006107917345206104,0.0006487840283144752,-0.0012595757628350857,1.2704508499347975,1.0456019777203616,-0.010350688384555884,0.0
2017-03-28,COMPOSITE,-1,-1,-1.0,0.0,5.0,-1,-1,持空,110.3152,0.0009961307107866357,-0.0010567598673932865,0.0020528905781799223,1.2717163850429625,1.0444970275130396,-0.009364868312346952,0.0
2017-03-29,COMPOSITE,-1,-1,-1.0,0.0,5.0,-1,-1,持空,110.2247,0.0007717233734119144,-0.0008203765210960112,0.0015920998945079257,1.272697798301651,1.0436401466753134,-0.00860037202670072,0.0
2017-03-30,COMPOSITE,-1,-1,-1.0,0.0,5.0,-1,-1,持空,110.1792,0.0003876943264555788,-0.00041279313983155763,0.0008004874662871364,1.273191216017345,1.043209339182313,-0.008216012015685226,0.0
2017-03-31,COMPOSITE,-1,-1,-1.0,0.0,5.0,-1,-1,持空,110.1609,0.00015586937635214682,-0.00016609305567671928,0.0003219624320288661,1.2733896675381626,1.0430360693554577,-0.008061423264002165,0.0
2017-04-01,COMPOSITE,-1,-1,-1.0,0.0,5.0,-1,-1,持空,110.2366,-0.0006446706516451961,0.0006871766661311618,-0.001331847317776358,1.2725687505913925,1.043752819404252,-0.008700896952658521,0.0
2017-04-05,COMPOSITE,-1,-1,-1.0,0.0,5.0,-1,-1,持空,110.1025,0.0011427490400395257,-0.0012164743832810965,0.002359223423320622,1.274022977309515,1.0424831208369694,-0.007568090854259246,0.0
2017-04-06,COMPOSITE,-1,-1,-1.0,0.0,5.0,-1,-1,持空,110.1715,-0.0005873205161268658,0.0006266887672849997,-0.0012140092834118654,1.2732747174769241,1.0431364332988822,-0.008150966475359511,0.0
2017-04-07,COMPOSITE,-1,-1,-1.0,0.0,5.0,-1,-1,持空,110.1265,0.00038326021580092906,-0.00040845409202938665,0.0007917143078303157,1.2737627130199183,1.0427103599541563,-0.007770830200728884,0.0
2017-04-10,COMPOSITE,-1,-1,-1.0,0.0,5.0,-1,-1,持空,110.0472,0.0006751309183568033,-0.0007200809977614409,0.0013952119161182441,1.2746226696101282,1.0419595240377844,-0.007100945610101772,0.0
2017-04-11,COMPOSITE,-1,-1,-1.0,0.0,5.0,-1,-1,持空,110.0758,-0.0002433255627968256,0.00025988848421398814,-0.0005032140470108137,1.2743125213316917,1.0422303173190988,-0.0073425433313115684,0.0
2017-04-12,COMPOSITE,-1,-1,-1.0,0.0,5.0,-1,-1,持空,110.0317,0.00037528912580619966,-0.0004006330183381479,0.0007759221441443476,1.2747907569638262,1.0418127654412677,-0.006970009782173436,0.0
2017-04-13,COMPOSITE,-1,-1,-1.0,0.0,5.0,-1,-1,持空,109.9415,0.000767310203439342,-0.0008197637589895113,0.0015870739624288532,1.2757689169188946,1.0409587250925063,-0.006208047738358036,0.0
2017-04-14,COMPOSITE,-1,-1,-1.0,0.0,5.0,-1,-1,持空,109.5505,0.003323594888634096,-0.003556436832315435,0.006880031720949531,1.2800090559702444,1.0372566211416672,-0.0029050858854556827,0.0
2017-04-17,COMPOSITE,-1,-1,-1.0,0.0,5.0,-1,-1,持空,109.0929,0.0038768260520001263,-0.00417706902296211,0.008053895074962236,1.2849714284252258,1.032923928640634,0.0,0.0
2017-04-18,COMPOSITE,-1,-1,-1.0,0.0,5.0,-1,-1,持空,109.0456,0.000399182056555647,-0.00043357542058175547,0.0008327574771374024,1.2854843659626398,1.0324760782138447,0.0,0.0
2017-04-19,COMPOSITE,-1,-1,-1.0,0.0,5.0,-1,-1,持空,109.0499,-3.6274797620472476e-05,3.9433044524361804e-05,-7.570784214483428e-05,1.2854377352774202,1.0325167918890072,-3.6274797620472476e-05,0.0
2017-04-20,COMPOSITE,-1,-1,-1.0,0.0,5.0,-1,-1,持空,108.8534,0.0016577340252228456,-0.0018019273745322195,0.003459661399755065,1.287568649148495,1.0306562716170382,0.0,0.0
2017-04-21,COMPOSITE,-1,-1,-1.0,0.0,5.0,-1,-1,持空,108.5314,0.0027119945962243985,-0.0029581069585330466,0.005670101554757445,1.2910605283672536,1.027607480128112,0.0,0.0
2017-04-24,COMPOSITE,-1,-1,-1.0,0.0,5.0,-1,-1,持空,108.3407,0.0016017968347086242,-0.0017570951816708869,0.003358892016379511,1.2931285450350094,1.02580187597613,0.0,0.0
2017-04-25,COMPOSITE,-1,-1,-1.0,0.0,5.0,-1,-1,持空,108.63,-0.0024261077030806044,0.002670279959424038,-0.005096387662504642,1.2899912759108265,1.0285410541678888,-0.0024261077030806044,0.0
2017-04-26,COMPOSITE,-1,-1,-1.0,0.0,5.0,-1,-1,持空,108.6471,-0.000143751597240116,0.00015741507870759008,-0.0003011666759477061,1.2898058376044885,1.0287029620388846,-0.002569510543463327,0.0
2017-04-27,COMPOSITE,-1,-1,-1.0,0.0,5.0,-1,-1,持空,108.6559,-7.398806606129238e-05,8.099617937351589e-05,-0.00015498424543480827,1.2897104073649697,1.02878628304852,-0.002643308496408703,0.0
2017-04-28,COMPOSITE,-1,-1,-1.0,0.0,5.0,-1,-1,持空,108.5805,0.0006339901100904655,-0.0006939337854641181,0.0013279238955545836,1.29052807100812,1.0280723734886905,-0.0020109942177628515,0.0
2017-05-02,COMPOSITE,-1,-1,-1.0,0.0,5.0,-1,-1,持空,108.416,0.0013822983461999616,-0.001515004996292979,0.0028973033424929406,1.292311965826399,1.0265148387063043,-0.0006314756655443343,0.0
2017-05-03,COMPOSITE,-1,-1,-1.0,0.0,5.0,-1,-1,持空,108.1601,0.002147366937094386,-0.0023603527154664183,0.004507719652560804,1.2950870338142262,1.0240919016192973,0.0,0.0
2017-05-04,COMPOSITE,-1,-1,-1.0,0.0,5.0,-1,-1,持空,107.9175,0.002031398759557268,-0.0022429712990277295,0.0042743700585849975,1.297717872008235,1.0217948928763985,0.0,0.0
2017-05-05,COMPOSITE,-1,-1,-1.0,0.0,5.0,-1,-1,持空,107.844,0.0006142008244498509,-0.0006810758218085411,0.001295276646258392,1.2985149313951256,1.0210989730800129,0.0,0.0
2017-05-08,COMPOSITE,-1,-1,-1.0,0.0,5.0,-1,-1,持空,107.5439,0.0025062384542664518,-0.0027827231927598506,0.005288961647026302,1.3017693194496271,1.0182575372855198,0.0,0.0
2017-05-09,COMPOSITE,-1,-1,-1.0,0.0,5.0,-1,-1,持空,107.3351,0.0017394013560332322,-0.001941532713617411,0.003680934069650643,1.3040336187691204,1.0162805569659925,0.0,0.0
2017-05-10,COMPOSITE,-1,-1,-1.0,0.0,5.0,-1,-1,持空,106.8789,0.003793759838869093,-0.004250240601629929,0.008044000440499022,1.3089808091405417,1.0119611200801286,0.0,0.0
2017-05-11,COMPOSITE,-1,-1,-1.0,0.0,5.0,-1,-1,持空,107.1671,-0.0023876135711226043,0.002696509788180812,-0.005084123359303416,1.3058554687962987,1.0146898831456832,-0.0023876135711226043,0.0
2017-05-12,COMPOSITE,-1,-1,-1.0,0.0,5.0,-1,-1,持空,107.141,0.0002167448249059678,-0.00024354489390854273,0.00046028971881451053,1.3061385062112354,1.0144427606057425,-0.0021713862491020697,0.0
2017-05-15,COMPOSITE,-1,-1,-1.0,0.0,5.0,-1,-1,持空,107.3006,-0.0013250949402294765,0.001489625820180862,-0.0028147207604103386,1.304407748685416,1.0159539007350362,-0.003493603896399633,0.0
2017-05-16,COMPOSITE,-1,-1,-1.0,0.0,5.0,-1,-1,持空,107.2352,0.0005437104999308495,-0.0006095026495658296,0.001153213149496679,1.3051169688745674,1.0153346741407014,-0.0029517929055898895,0.0
2017-05-17,COMPOSITE,-1,-1,-1.0,0.0,5.0,-1,-1,持空,106.9782,0.002135438304944115,-0.0023966011160515555,0.0045320394209956705,1.3079039656423346,1.01290132192749,-0.0008226579722846461,0.0
2017-05-18,COMPOSITE,-1,-1,-1.0,0.0,5.0,-1,-1,持空,107.0124,-0.0002835656305189005,0.000319691301592373,-0.0006032569321112735,1.307533089029659,1.0132251376694816,-0.0011059903252770287,0.0
2017-05-19,COMPOSITE,-1,-1,-1.0,0.0,5.0,-1,-1,持空,106.8659,0.0012150335730778394,-0.001369000228010786,0.0025840338010886255,1.3091217856307402,1.0118380322249858,0.0,0.0
2017-05-22,COMPOSITE,-1,-1,-1.0,0.0,5.0,-1,-1,持空,106.5955,0.0022399069577108133,-0.002530273922738857,0.00477018088044967,1.3120540966268655,1.0092778048380115,0.0,0.0
2017-05-23,COMPOSITE,-1,-1,-1.0,0.0,5.0,-1,-1,持空,106.6878,-0.0007628748562894527,0.0008658902111251532,-0.001628765067414606,1.3110531635464573,1.0101517286095267,-0.0007628748562894527,0.0
2017-05-24,COMPOSITE,-1,-1,-1.0,0.0,5.0,-1,-1,持空,106.8166,-0.001065366169991977,0.001207260811451727,-0.002272626981443704,1.309656411858954,1.0113712452050971,-0.001827428285217536,0.0
2017-05-25,COMPOSITE,-1,-1,-1.0,0.0,5.0,-1,-1,持空,106.9447,-0.0010607061769367654,0.0011992518016865628,-0.002259957978623328,1.3082672512132303,1.0125841339930832,-0.002886196097684257,0.0
2017-05-26,COMPOSITE,-1,-1,-1.0,0.0,5.0,-1,-1,持空,106.9284,0.00013511217211470417,-0.00015241522020270626,0.0002875273923174104,1.3084440140432483,1.0124298007593269,-0.002751473885793443,0.0
2017-05-27,COMPOSITE,-1,-1,-1.0,0.0,5.0,-1,-1,持空,106.9872,-0.0004873326658756394,0.0005499006812035301,-0.0010372333470791695,1.3078063665337356,1.0129865365964352,-0.003237465668565198,0.0
2017-05-31,COMPOSITE,-1,-1,-0.6,1.0,4.0,-1,-1,持空,107.285,-0.0024693610175955394,0.002783510550794732,-0.005252871568390272,1.304576920473654,1.0158061953088644,-0.005698832214643068,0.0
2017-06-01,COMPOSITE,-1,-1,-0.6,1.0,4.0,-1,-1,持空,107.2283,0.00047132091218471395,-0.0005284988581814032,0.0009998197703661171,1.3051917948578267,1.01526934289451,-0.005230197281256177,0.0
2017-06-02,COMPOSITE,-1,-1,-0.6,1.0,4.0,-1,-1,持空,107.185,0.00035976333720788567,-0.0004038113072759586,0.0007635746444838443,1.3056613550136411,1.0148593656539187,-0.004872315577276409,0.0
2017-06-05,COMPOSITE,-1,-1,-0.6,1.0,4.0,-1,-1,持空,107.2419,-0.0004725905770921468,0.0005308578625737859,-0.0010034484396659327,1.3050443117603883,1.0153981117275828,-0.005342603543938118,0.0
2017-06-06,COMPOSITE,-1,-1,-0.6,1.0,4.0,-1,-1,持空,107.1833,0.00048694027835383125,-0.0005464282150912103,0.0010333684934450416,1.3056797904008208,1.0148432695497844,-0.0048582647944411805,0.0
2017-06-07,COMPOSITE,-1,-1,-0.6,1.0,4.0,-1,-1,持空,107.0508,0.001100480972476392,-0.0012362000423573605,0.0023366810148337525,1.3071166661663038,1.0135887202569809,-0.0037631302499303576,0.0
2017-06-08,COMPOSITE,-1,-1,-0.6,1.0,4.0,-1,-1,持空,107.0584,-6.30525393581216e-05,7.099433166302127e-05,-0.00013404687102114288,1.3070342491412648,1.0136606793107568,-0.0038259455143703214,0.0
2017-06-09,COMPOSITE,-1,-1,-0.6,1.0,4.0,-1,-1,持空,107.1988,-0.0011648861498023688,0.0013114337595183656,-0.0024763199093207344,1.3055117030471228,1.0149900281463011,-0.004986374873232946,0.0
2017-06-12,COMPOSITE,-1,-1,-1.0,0.0,5.0,-1,-1,持空,107.5883,-0.0032354152960798466,0.0036334361951813055,-0.006868851491261152,1.3012878305138729,1.018677929652316,-0.008205657175776038,0.0
2017-06-13,COMPOSITE,-1,-1,-1.0,0.0,5.0,-1,-1,持空,107.6458,-0.00047917904545879964,0.0005344447305142275,-0.001013623775973027,1.3006642806533801,1.0192223567039098,-0.008680904242261978,0.0
2017-06-14,COMPOSITE,-1,-1,-1.0,0.0,5.0,-1,-1,持空,107.8405,-0.0016233197764872198,0.0018087096756216337,-0.0034320294521088535,1.298552886604025,1.02106583404209,-0.010290132135214902,0.0
2017-06-15,COMPOSITE,-1,-1,-1.0,0.0,5.0,-1,-1,持空,107.7584,0.0006856253345661756,-0.000761309526569387,0.0014469348611355626,1.2994432073613547,1.0202884868953792,-0.009611561975936711,0.0
2017-06-16,COMPOSITE,-1,-1,-1.0,0.0,5.0,-1,-1,持空,107.6634,0.0007928109571480046,-0.0008816018055206598,0.0016744127626686645,1.3004734201743424,1.0193889987231803,-0.008826371170438496,0.0
2017-06-19,COMPOSITE,-1,-1,-1.0,0.0,5.0,-1,-1,持空,108.1522,-0.00407598951983712,0.004540075828926238,-0.008616065348763358,1.295172704142885,1.0240171020765567,-0.012866384493886662,0.0
2017-06-20,COMPOSITE,-1,-1,-1.0,0.0,5.0,-1,-1,持空,108.167,-0.0001239188498991517,0.00013684418809778442,-0.0002607630379969361,1.295012207830967,1.0241572328654887,-0.012988708956216954,0.0
2017-06-21,COMPOSITE,-1,-1,-1.0,0.0,5.0,-1,-1,持空,107.7871,0.0031812571283105218,-0.0035121617498868885,0.00669341887819741,1.2991319746483783,1.0205602270063485,-0.009848772250861004,0.0
2017-06-22,COMPOSITE,-1,-1,-1.0,0.0,5.0,-1,-1,持空,107.6779,0.0009115336553751074,-0.001013108247647554,0.0019246419030226614,1.3003161771660443,1.0195262890231473,-0.008946216082856617,0.0
2017-06-23,COMPOSITE,-1,-1,-1.0,0.0,5.0,-1,-1,持空,107.7439,-0.0005504252034697066,0.0006129391453586486,-0.0011633643488283552,1.2996004503696528,1.0201511965954118,-0.00949171706351859,0.0
2017-06-26,COMPOSITE,-1,-1,-1.0,0.0,5.0,-1,-1,持空,107.9539,-0.0017523174398142993,0.0019490662580434748,-0.003701383697857774,1.2973231378356795,1.0221395388707986,-0.011227402001988684,0.0
2017-06-27,COMPOSITE,-1,-1,-1.0,0.0,5.0,-1,-1,持空,108.0357,-0.0006837675424407053,0.0007577308462225485,-0.0014414983886632537,1.2964360703819702,1.0229140455285446,-0.011903492611354483,0.0
2017-06-28,COMPOSITE,-1,-1,-1.0,0.0,5.0,-1,-1,持空,107.8845,0.0012647480750651585,-0.001399537375145421,0.0026642854502105795,1.2980757354064307,1.0214824390902661,-0.010653799455656143,0.0
2017-06-29,COMPOSITE,-1,-1,-1.0,0.0,5.0,-1,-1,持空,107.811,0.0006140314968916538,-0.0006812841511059098,0.0012953156479975636,1.2988727947933212,1.020786519293881,-0.010046309727191782,0.0
2017-06-30,COMPOSITE,-1,-1,-1.0,0.0,5.0,-1,-1,持空,107.6416,0.001414327960445716,-0.0015712682379352971,0.002985596198381013,1.3007098269040596,1.019182589858402,-0.008646190543492582,0.0
2017-07-03,COMPOSITE,-1,-1,-1.0,0.0,5.0,-1,-1,持空,107.3743,0.002228547417286064,-0.0024832406801829077,0.004711788097468972,1.3036085204294452,1.0166517141907314,-0.006436911571811588,0.0
2017-07-04,COMPOSITE,-1,-1,-1.0,0.0,5.0,-1,-1,持空,107.3987,-0.00020297660195534029,0.00022724245932215226,-0.00043021906127749254,1.3033439184016884,1.0168827406265382,-0.006638581631329021,0.0
2017-07-05,COMPOSITE,-1,-1,-1.0,0.0,5.0,-1,-1,持空,107.6334,-0.0019527983592166898,0.0021853150922683806,-0.00413811345148507,1.3007987505363385,1.0191049498266966,-0.008578416179228499,0.0
2017-07-06,COMPOSITE,-1,-1,-0.6,1.0,4.0,-1,-1,持空,107.7196,-0.0007186219798285265,0.0008008666454837332,-0.0015194886253122597,1.2998639679628696,1.0199211169892601,-0.00929087352063851,0.0
2017-07-07,COMPOSITE,-1,-1,-0.6,1.0,4.0,-1,-1,持空,107.6165,0.0008601300122803579,-0.0009571145826756666,0.0018172445949560245,1.3009820199735964,1.0189449356150109,-0.008438734867513453,0.0
2017-07-10,COMPOSITE,-1,-1,-0.6,1.0,4.0,-1,-1,持空,107.5627,0.00044845030412088427,-0.00049992333889326,0.0009483736430141443,1.3015654457561094,1.0184355412606498,-0.007994068916610253,0.0
2017-07-11,COMPOSITE,-1,-1,-0.6,1.0,4.0,-1,-1,持空,107.6194,-0.0004724114228582543,0.0005271344062578454,-0.0009995458291160997,1.3009505713719367,1.0189723936750041,-0.008462703849997144,0.0
2017-07-12,COMPOSITE,-1,-1,-0.6,1.0,4.0,-1,-1,持空,107.6878,-0.0005701624963113661,0.0006355731401586073,-0.0012057356364699734,1.3002088181465856,1.019620025158987,-0.009028041229955819,0.0
2017-07-13,COMPOSITE,-1,-1,-0.2,2.0,3.0,-1,-1,持空,107.8006,-0.0009408043877515704,0.0010474724156313009,-0.0019882768033828713,1.29898557598548,1.0206880490097665,-0.009960351996905481,0.0
2017-07-14,COMPOSITE,-1,-1,-0.2,2.0,3.0,-1,-1,持空,107.7751,0.00021288212341152857,-0.00023654784852800148,0.00044942997193953005,1.2992621067931769,1.020446607447755,-0.009749590254376939,0.0
2017-07-17,COMPOSITE,-1,-1,-0.2,2.0,3.0,-1,-1,持空,107.8101,-0.00029212896074726213,0.00032475033658085906,-0.0006168792973281212,1.2988825547041811,1.0207779978269864,-0.01003887107745538,0.0
2017-07-18,COMPOSITE,-1,-1,-0.2,2.0,3.0,-1,-1,持空,107.5832,0.0018943837241629513,-0.0021046265609622195,0.003999010285125171,1.301343136675412,1.0186296413399138,-0.008163504827270462,0.0
2017-07-19,COMPOSITE,-1,-1,-0.2,2.0,3.0,-1,-1,持空,107.5719,9.416509724857747e-05,-0.00010503498687541857,0.00019920008412399604,1.3014656777784308,1.0185226495889048,-0.00807010844724787,0.0
2017-07-20,COMPOSITE,-1,-1,-0.2,2.0,3.0,-1,-1,持空,107.6104,-0.00032079777824634004,0.00035790015794079366,-0.0006786979361871337,1.3010481704805357,1.018887179006059,-0.008388317352634123,0.0
2017-07-21,COMPOSITE,-1,-1,-0.2,2.0,3.0,-1,-1,持空,107.5736,0.000306731080193412,-0.0003419743816582832,0.0006487054618516952,1.3014472423912509,1.0185387456930388,-0.00808415923008321,0.0
2017-07-24,COMPOSITE,-1,-1,-0.2,2.0,3.0,-1,-1,持空,107.5665,5.9160947775138695e-05,-6.600132374479095e-05,0.00012516227151992965,1.30152423724359,1.0184715207875377,-0.008025476548830124,0.0
2017-07-25,COMPOSITE,-1,-1,-0.2,2.0,3.0,-1,-1,持空,107.5033,0.0005265846072322056,-0.0005875435195903389,0.0011141281268225445,1.302209599872862,1.0178731244456116,-0.007503118034014378,0.0
2017-07-26,COMPOSITE,-1,-1,-0.2,2.0,3.0,-1,-1,持空,107.3145,0.001572260265702008,-0.0017562251577392107,0.0033284854234412187,1.3042570122843578,1.0160855100570736,-0.005942654622666188,0.0
2017-07-27,COMPOSITE,-1,-1,-0.2,2.0,3.0,-1,-1,持空,107.4032,-0.0007375029828544655,0.000826542545508735,-0.0015640455283632004,1.3032951188473891,1.0169253479610108,-0.0066757748800103656,0.0
2017-07-28,COMPOSITE,-1,-1,-0.2,2.0,3.0,-1,-1,持空,107.4057,-2.0801783961021947e-05,2.3276773876368395e-05,-4.407855783739034e-05,1.3032680079838894,1.0169490187023844,-0.006696437795944532,0.0
2017-07-31,COMPOSITE,-1,-1,-0.2,2.0,3.0,-1,-1,持空,107.3124,0.0007763387266546129,-0.0008686689812551496,0.0016450077079097625,1.3042797854096975,1.0160656266343198,-0.005925297773281435,0.0
2017-08-01,COMPOSITE,-1,-1,-0.2,2.0,3.0,-1,-1,持空,107.1887,0.001028495220864567,-0.0011527092861590704,0.0021812045070236374,1.3056212309356616,1.0148943983511514,-0.004902896692858927,0.0
2017-08-02,COMPOSITE,-1,-1,-0.2,2.0,3.0,-1,-1,持空,107.2608,-0.0005988546178667953,0.0006726455307324297,-0.001271500148599225,1.3048393536323308,1.0155770625323677,-0.00549881518840023,0.0
2017-08-03,COMPOSITE,-1,-1,-0.2,2.0,3.0,-1,-1,持空,107.2914,-0.0002543125085185949,0.0002852859572182176,-0.0005395984657368125,1.3045075166630948,1.015866792406781,-0.005751729279434459,0.0
2017-08-04,COMPOSITE,-1,-1,-0.6,1.0,4.0,-1,-1,持空,107.3298,-0.00031921844683613365,0.0003579038021688241,-0.0006771222490049578,1.3040910937997396,1.0162303749942805,-0.006069111668183247,0.0
2017-08-07,COMPOSITE,-1,-1,-0.6,1.0,4.0,-1,-1,持空,107.0736,0.00213046565892272,-0.0023870351011556767,0.004517500760078397,1.3068694150911868,1.0138045974183085,-0.003951576043249916,0.0
2017-08-08,COMPOSITE,-1,-1,-0.6,1.0,4.0,-1,-1,持空,107.1017,-0.0002331725742583668,0.0002624363054946066,-0.0004956088797529734,1.3065646889854505,1.0140706565513484,-0.004183827218349867,0.0
2017-08-09,COMPOSITE,-1,-1,-0.6,1.0,4.0,-1,-1,持空,107.0474,0.0004506841185722976,-0.000506994753584733,0.0009576788721570306,1.3071535369406635,1.0135565280487127,-0.003735028684259789,0.0
2017-08-10,COMPOSITE,-1,-1,-0.6,1.0,4.0,-1,-1,持空,107.1825,-0.0011208102354614002,0.0012620577426449842,-0.0023828679781063844,1.3056884658771408,1.014835694912545,-0.004851652661342132,0.0
2017-08-11,COMPOSITE,-1,-1,-0.6,1.0,4.0,-1,-1,持空,107.333,-0.0012499719690671762,0.0014041471322276955,-0.0026541191012948717,1.30405639189446,1.0162606735432387,-0.006095560200578998,0.0
2017-08-14,COMPOSITE,-1,-1,-0.6,1.0,4.0,-1,-1,持空,107.4438,-0.0009213968642569625,0.0010323013425506122,-0.0019536982068075748,1.3028548384241543,1.0173097608009187,-0.00701134063478126,0.0
2017-08-15,COMPOSITE,-1,-1,-0.6,1.0,4.0,-1,-1,持空,107.4179,0.00021557930904747558,-0.000241056254525307,0.00045663556357278257,1.303135706970011,1.017064531920288,-0.006797272825703304,0.0
2017-08-16,COMPOSITE,-1,-1,-0.6,1.0,4.0,-1,-1,持空,107.2869,0.0010901468203079467,-0.001219536036358937,0.0023096828566668837,1.304556316217394,1.0158241850723086,-0.0057145360307530035,0.0
2017-08-17,COMPOSITE,-1,-1,-0.6,1.0,4.0,-1,-1,持空,107.3036,-0.00013882157935729555,0.00015565740085698998,-0.00029447898021428554,1.3043752156492163,1.0159823056246846,-0.005852564309193231,0.0
2017-08-18,COMPOSITE,-1,-1,-0.6,1.0,4.0,-1,-1,持空,107.2914,0.00010142864744078217,-0.00011369609220956978,0.00021512473965035195,1.3045075166630948,1.015866792406781,-0.005751729279434459,0.0
2017-08-21,COMPOSITE,-1,-1,-0.6,1.0,4.0,-1,-1,持空,107.1331,0.0013159447951598402,-0.0014754211427943087,0.002791365937954149,1.3062241765398945,1.0143679610630014,-0.004443353442483033,0.0
2017-08-22,COMPOSITE,-1,-1,-0.6,1.0,4.0,-1,-1,持空,107.118,0.00012536103563154377,-0.0001409461688310909,0.00026630720446263467,1.3063879261554325,1.0142249897851046,-0.004318549430240681,0.0
2017-08-23,COMPOSITE,-1,-1,-1.0,0.0,5.0,-1,-1,持空,107.1752,-0.0004748180417574188,0.0005339905524750499,-0.0010088085942324687,1.3057676295985599,1.0147665763477338,-0.00479131694681445,0.0
2017-08-24,COMPOSITE,-1,-1,-1.0,0.0,5.0,-1,-1,持空,107.0889,0.0007167178805747021,-0.0008052235965035903,0.0015219414770782924,1.3067034966065687,1.0139494623555154,-0.004078033088767086,0.0
2017-08-25,COMPOSITE,-1,-1,-1.0,0.0,5.0,-1,-1,持空,107.056,0.00027303742936513054,-0.00030722138335548266,0.0005802588127206132,1.3070602755702245,1.013637955399038,-0.0038061091150733972,0.0
2017-08-28,COMPOSITE,-1,-1,-1.0,0.0,5.0,-1,-1,持空,106.9324,0.0010254776435918433,-0.0011545359438051017,0.002180013587396945,1.3084006366616487,1.0124676739455247,-0.0027845345512881314,0.0
2017-08-29,COMPOSITE,-1,-1,-1.0,0.0,5.0,-1,-1,持空,107.0091,-0.0006357084129005042,0.0007172755871935887,-0.001352984000094093,1.3075688753694785,1.0131938922908685,-0.0034184728121484653,0.0
2017-08-30,COMPOSITE,-1,-1,-1.0,0.0,5.0,-1,-1,持空,107.024,-0.00012357341131452593,0.00013924049449998144,-0.00026281390581450736,1.3074072946230204,1.0133349699094554,-0.003541623791116111,0.0
2017-08-31,COMPOSITE,-1,-1,-1.0,0.0,5.0,-1,-1,持空,107.0662,-0.0003500296944620729,0.00039430408132745676,-0.0007443337757895296,1.306949663247146,1.0137345320238424,-0.0038904138120846588,0.0
2017-09-01,COMPOSITE,-1,-1,-1.0,0.0,5.0,-1,-1,持空,107.0358,0.0002522423850181976,-0.0002839364804204658,0.0005361788654386634,1.3072793313473021,1.013446695808739,-0.0036391527543252478,0.0
2017-09-04,COMPOSITE,-1,-1,-1.0,0.0,5.0,-1,-1,持空,106.9752,0.0005026984787979139,-0.0005661657127801201,0.001068864191578034,1.3079364986785342,1.0128729170378417,-0.0031382836720811325,0.0
2017-09-05,COMPOSITE,-1,-1,-1.0,0.0,5.0,-1,-1,持空,106.8289,0.0012130005803829835,-0.001367606697627033,0.0025806072780100164,1.3095230264105353,1.0114877052526556,-0.0019290898316137728,0.0
2017-09-06,COMPOSITE,-1,-1,-1.0,0.0,5.0,-1,-1,持空,106.8931,-0.0005316492804101625,0.0006009609759156653,-0.0011326102563258278,1.3088268194358637,1.012095569891131,-0.0024597135128031633,0.0
2017-09-07,COMPOSITE,-1,-1,-1.0,0.0,5.0,-1,-1,持空,107.1384,-0.0020324445427662985,0.0022948160358340353,-0.004327260578600334,1.306166701509275,1.0144181430347137,-0.004487158824263537,0.0
2017-09-08,COMPOSITE,-1,-1,-1.0,0.0,5.0,-1,-1,持空,107.2392,-0.0008368840018995183,0.0009408391389080784,-0.0017777231408075966,1.305073591492968,1.015372547326899,-0.005320287594729023,0.0
2017-09-11,COMPOSITE,-1,-1,-1.0,0.0,5.0,-1,-1,持空,107.192,0.0003922024828411086,-0.0004401375616377434,0.000832340044478852,1.3055854445958421,1.0149256437297647,-0.00493017174189192,0.0
2017-09-12,COMPOSITE,-1,-1,-1.0,0.0,5.0,-1,-1,持空,107.2087,-0.00013871215317817764,0.00015579520859754226,-0.0002945073617757199,1.3054043440276641,1.0150837642821406,-0.005068200020332259,0.0
2017-09-13,COMPOSITE,-1,-1,-1.0,0.0,5.0,-1,-1,持空,107.1328,0.0006305217380468964,-0.0007079649319503556,0.001338486669997252,1.3062274298435144,1.0143651205740367,-0.004440873892570973,0.0
2017-09-14,COMPOSITE,-1,-1,-1.0,0.0,5.0,-1,-1,持空,107.3357,-0.0016844828330527806,0.0018939111084559368,-0.0035783939415087174,1.3040271121618803,1.0162862379439221,-0.006117876149787982,0.0
2017-09-15,COMPOSITE,-1,-1,-1.0,0.0,5.0,-1,-1,持空,107.3325,2.6611337261339685e-05,-2.9813007228596256e-05,5.642434448993594e-05,1.30406181406716,1.016255939394964,-0.00609142761739212,0.0
2017-09-18,COMPOSITE,-1,-1,-1.0,0.0,5.0,-1,-1,持空,107.1815,0.0012556890614514593,-0.001406843220832621,0.0026625322822840802,1.3056993102225407,1.0148262266159953,-0.004843387494968487,0.0
2017-09-19,COMPOSITE,-1,-1,-0.6,1.0,4.0,-1,-1,持空,107.2215,-0.00033221570433472625,0.00037319873299046513,-0.0007054144373251914,1.3052655364065457,1.0152049584779739,-0.005173994149915262,0.0
2017-09-20,COMPOSITE,-1,-1,-0.6,1.0,4.0,-1,-1,持空,107.1721,0.00041042274373426224,-0.0004607284919535548,0.000871151235687817,1.3058012470692995,1.0147372246284305,-0.004765694931056053,0.0
2017-09-21,COMPOSITE,-1,-1,-0.6,1.0,4.0,-1,-1,持空,107.0515,0.0010015521567006136,-0.0011252928700661302,0.002126845026766744,1.307109075124524,1.0135953480645654,-0.003768915866391831,0.0
2017-09-22,COMPOSITE,-1,-1,-0.6,1.0,4.0,-1,-1,持空,107.1747,-0.0010221207844777203,0.001150847956357559,-0.0021729687408352794,1.3057730517712598,1.014761842199459,-0.004787184363627572,0.0
2017-09-25,COMPOSITE,-1,-1,-0.6,1.0,4.0,-1,-1,持空,107.3069,-0.0010979108964749296,0.0012335000704457588,-0.0023314109669206884,1.3043394293093968,1.0160135510032977,-0.005879839358226224,0.0
2017-09-26,COMPOSITE,-1,-1,-0.6,1.0,4.0,-1,-1,持空,107.2439,0.0005237852546968735,-0.000587101109062016,0.0011108863637588895,1.3050226230695887,1.0154170483206817,-0.005359133876685296,0.0
2017-09-27,COMPOSITE,-1,-1,-0.6,1.0,4.0,-1,-1,持空,107.2419,1.6619398327755164e-05,-1.8649079341570562e-05,3.5268477669325726e-05,1.3050443117603883,1.0153981117275828,-0.005342603543938118,0.0
2017-09-28,COMPOSITE,-1,-1,-0.6,1.0,4.0,-1,-1,持空,107.2661,-0.00020109137775004005,0.00022565806834817792,-0.00042674944609821797,1.3047818786017116,1.0156272445040797,-0.005542620570180623,0.0
2017-09-29,COMPOSITE,-1,-1,-0.6,1.0,4.0,-1,-1,持空,107.2605,4.6542901334989395e-05,-5.220661513749558e-05,9.874951647248498e-05,1.3048426069359509,1.0155742220434028,-0.005496335638488059,0.0
2017-09-30,COMPOSITE,-1,-1,-0.6,1.0,4.0,-1,-1,持空,107.2886,-0.000233534760527232,0.0002619790137097233,-0.0004955137742369553,1.3045378808302144,1.0158402811764426,-0.005728586813588232,0.0
2017-10-09,COMPOSITE,-1,-1,-0.6,1.0,4.0,-1,-1,持空,107.093,0.0016259811166732252,-0.001823120070538753,0.003449101187211978,1.3066590347904292,1.0139882823713682,-0.004111920270899128,0.0
2017-10-10,COMPOSITE,-1,-1,-0.6,1.0,4.0,-1,-1,持空,107.1172,-0.000200842876136198,0.00022597181888639462,-0.0004268146950225926,1.3063966016317525,1.0142174151478651,-0.0043119372971416325,0.0
2017-10-11,COMPOSITE,-1,-1,-0.6,1.0,4.0,-1,-1,持空,107.096,0.00017598034332744206,-0.00019791406048697002,0.0003738944038144121,1.3066265017542296,1.0140166872610166,-0.004136715770020172,0.0
2017-10-12,COMPOSITE,-1,-1,-0.6,1.0,4.0,-1,-1,持空,106.9641,0.0010947039236712808,-0.0012316052887130224,0.002326309212384303,1.3080568709124727,1.0127678189461427,-0.003046540325333469,0.0
2017-10-13,COMPOSITE,-1,-1,-0.6,1.0,4.0,-1,-1,持空,106.9972,-0.0002744130172912529,0.0003094496190778617,-0.0005838626363691146,1.307697923079737,1.0130812195619299,-0.003320117332301864,0.0
2017-10-16,COMPOSITE,-1,-1,-0.6,1.0,4.0,-1,-1,持空,106.7175,0.002319467940425257,-0.0026140870976061326,0.00493355503803139,1.3107310864880812,1.010432937017046,-0.0010083502975871683,0.0
2017-10-17,COMPOSITE,-1,-1,-0.6,1.0,4.0,-1,-1,持空,106.4507,0.00220737219290168,-0.002500058565839902,0.004707430758741582,1.313624357840767,1.0079067954976497,0.0,0.0
2017-10-18,COMPOSITE,-1,-1,-0.6,1.0,4.0,-1,-1,持空,106.4339,0.00013868881284850865,-0.00015781953524041104,0.0002965083480889197,1.3138065428434849,1.0077477281156186,0.0,0.0
2017-10-19,COMPOSITE,-1,-1,-0.2,2.0,3.0,-1,-1,持空,106.526,-0.0007602064525927821,0.0008653258031512401,-0.0016255322557440222,1.3128077786321566,1.008619758227824,-0.0007602064525927821,0.0
2017-10-20,COMPOSITE,-1,-1,-0.2,2.0,3.0,-1,-1,持空,106.5058,0.00016686051122083434,-0.00018962506805852986,0.0003564855792793642,1.313026834409234,1.008428498637525,-0.0005934727898091463,0.0
2017-10-23,COMPOSITE,-1,-1,-0.2,2.0,3.0,-1,-1,持空,106.4921,0.00011314889237978853,-0.00012863149236963523,0.00024178038474942376,1.3131754019412123,1.0082987829747971,-0.00048039104821828715,0.0
2017-10-24,COMPOSITE,-1,-1,-0.2,2.0,3.0,-1,-1,持空,106.4455,0.000384827872108362,-0.00043759114525854237,0.0008224190173669044,1.3136807484368462,1.0078575603555924,-9.574804397483039e-05,0.0
2017-10-25,COMPOSITE,-1,-1,-0.2,2.0,3.0,-1,-1,持空,106.0606,0.003177323371281293,-0.0036159349150503006,0.006793258286331594,1.317854736981257,1.0042132130137051,0.0,0.0
2017-10-26,COMPOSITE,-1,-1,-0.2,2.0,3.0,-1,-1,持空,106.097,-0.00029952783222497725,0.00034320001961130053,-0.0006427278518362778,1.3174600028087016,1.0045578590081055,-0.00029952783222497725,0.0
2017-10-27,COMPOSITE,-1,-1,-0.2,2.0,3.0,-1,-1,持空,105.7379,0.002955842625045113,-0.0033846385854453542,0.006340481210490467,1.3213542072417956,1.0011577937171943,0.0,0.0
2017-10-30,COMPOSITE,-1,-1,-0.2,2.0,3.0,-1,-1,持空,105.0641,0.005529872225317867,-0.006372360336265426,0.011902232561583292,1.328661127172229,0.9947780555021678,0.0,0.0
2017-10-31,COMPOSITE,-1,-1,-0.2,2.0,3.0,-1,-1,持空,105.1352,-0.000580308208137037,0.0006767297297554098,-0.0012570379378924468,1.3278900942142984,0.9954512513868344,-0.000580308208137037,0.0
2017-11-01,COMPOSITE,-1,-1,-0.2,2.0,3.0,-1,-1,持空,105.3585,-0.0018236014699879455,0.0021239318515589023,-0.003947533321546848,1.3254685518865068,0.9975655220063291,-0.002402851427223518,0.0
2017-11-02,COMPOSITE,-1,-1,-0.2,2.0,3.0,-1,-1,持空,105.326,0.00026589934932408354,-0.0003084706027516315,0.0005743699520757151,1.3258209931120029,0.9972578023684715,-0.0021375909945305915,0.0
2017-11-03,COMPOSITE,-1,-1,-0.2,2.0,3.0,-1,-1,持空,105.2602,0.000538200806156075,-0.0006247270379583503,0.0011629278441144253,1.3265345510393143,0.996634788455517,-0.0016005406415711132,0.0
2017-11-06,COMPOSITE,1,-1,0.2,3.0,2.0,-1,-1,持空,105.2899,-0.00024279583077868594,0.0002821579286378384,-0.0005249537594165243,1.326212473980938,0.996915996863036,-0.0018429478677550737,0.0
2017-11-07,COMPOSITE,1,1,0.6,4.0,1.0,-1,1,空翻多,105.1829,0.0005028162291411675,-0.0010162418237645854,0.001519058052905753,1.326879315136145,0.9959028891322438,-0.001341058302711251,0.000493503802579363
2017-11-08,COMPOSITE,1,1,0.6,4.0,1.0,1,1,持有,105.206,0.0002196174473227952,0.0002196174473227952,0.0,1.3271707209842407,0.9961216067825364,-0.0011217353751895587,0.0
2017-11-09,COMPOSITE,1,1,0.6,4.0,1.0,1,1,持有,105.135,-0.0006748664524837134,-0.0006748664524837134,0.0,1.3262750579879299,0.9954493577275246,-0.0017958448060999554,0.0
2017-11-10,COMPOSITE,1,1,0.6,4.0,1.0,1,1,持有,105.0017,-0.0012678936605318158,-0.0012678936605318158,0.0,1.3245934822497856,0.9941872337974814,-0.003061461526386755,0.0
2017-11-13,COMPOSITE,1,1,0.6,4.0,1.0,1,1,持有,104.6348,-0.0034942291410520188,-0.0034942291410519077,-1.1102230246251565e-16,1.3199650491040609,0.9907133157934844,-0.006544993219359085,0.0
2017-11-14,COMPOSITE,1,1,0.6,4.0,1.0,1,1,持有,104.6227,-0.00011564030322619434,-0.00011564030322608332,-1.1102230246251565e-16,1.3198124079455344,0.990598749405236,-0.006659876657584829,0.0
2017-11-15,COMPOSITE,1,1,0.6,4.0,1.0,1,1,持有,104.6585,0.00034218195477686564,0.0003421819547766436,2.220446049250313e-16,1.320264023935224,0.9909377144217066,-0.006319973592421313,0.0
2017-11-16,COMPOSITE,1,1,0.6,4.0,1.0,1,1,持有,104.8444,0.001776253242689263,0.001776253242689263,0.0,1.3226091471889447,0.9926978707502513,-0.004554946223319312,0.0
2017-11-17,COMPOSITE,1,1,0.6,4.0,1.0,1,1,持有,104.8448,3.815177539445713e-06,3.815177539445713e-06,0.0,1.3226141931776565,0.9927016580688712,-0.0045511484237084066,0.0
2017-11-20,COMPOSITE,1,1,0.2,3.0,2.0,1,1,持有,104.7153,-0.001235159015993359,-0.001235159015993359,0.0,1.3209805543322723,0.991475513665716,-0.0057806860476931066,0.0
2017-11-21,COMPOSITE,1,1,0.2,3.0,2.0,1,1,持有,104.6504,-0.0006197757156783945,-0.0006197757156783945,0.0,1.3201618426638138,0.9908610212196561,-0.006396879034539227,0.0
2017-11-22,COMPOSITE,1,1,0.2,3.0,2.0,1,1,持有,104.3363,-0.0030014218770306744,-0.0030014218770306744,0.0,1.3161994800280215,0.9878870292734705,-0.009379101178890958,0.0
2017-11-23,COMPOSITE,1,1,0.2,3.0,2.0,1,1,持有,104.4863,0.0014376588013951253,0.0014376588013951253,0.0,1.3180917257948754,0.9893072737558896,-0.007954926324854839,0.0
2017-11-24,COMPOSITE,1,1,0.2,3.0,2.0,1,1,持有,104.7194,0.0022309144835255257,0.0022309144835255257,0.0,1.3210322757165665,0.9915143336815687,-0.005741758601682689,0.0
2017-11-27,COMPOSITE,1,1,0.2,3.0,2.0,1,1,持有,104.6865,-0.0003141729230686785,-0.0003141729230686785,0.0,1.3206172431450365,0.9912028267250915,-0.006054127619667948,0.0
2017-11-28,COMPOSITE,1,1,0.2,3.0,2.0,1,1,持有,104.6907,4.011978621876189e-05,4.011978621898393e-05,-2.220446049250313e-16,1.3206702260265084,0.9912425935705994,-0.006014250723754944,0.0
2017-11-29,COMPOSITE,1,1,0.2,3.0,2.0,1,1,持有,104.9626,0.002597174343088593,0.002597174343088593,0.0,1.3241002368532255,0.9938170234023975,-0.003432696438338989,0.0
2017-11-30,COMPOSITE,1,1,0.2,3.0,2.0,1,1,持有,105.1063,0.001369059074375345,0.001369059074375123,2.220446049250313e-16,1.3259130082978718,0.9951776176165551,-0.0020683369281722097,0.0
2017-12-01,COMPOSITE,1,1,0.2,3.0,2.0,1,1,持有,105.1237,0.00016554668939905426,0.0001655466893992763,-2.220446049250313e-16,1.3261325088068268,0.9953423659765157,-0.0019031326451041108,0.0
2017-12-04,COMPOSITE,-1,1,-0.2,2.0,3.0,1,1,持有,105.1868,0.0006002452348994325,0.0006002452348994325,0.0,1.3269285135260833,0.9959398154887867,-0.0013040297565062309,0.0
2017-12-05,COMPOSITE,-1,-1,-0.2,2.0,3.0,1,-1,多翻空,105.2542,0.00024058854012354303,0.0006407648107935593,-0.00040017627067001627,1.3272477573200008,0.9965779786762202,-0.001063754950998197,0.0005310053039887981
2017-12-06,COMPOSITE,-1,-1,-0.2,2.0,3.0,-1,-1,持空,105.2698,-0.0001482126128933281,0.00014821261289355014,-0.00029642522578687824,1.3270510424619315,0.9967256841023919,-0.001211809901990768,0.0
2017-12-07,COMPOSITE,-1,-1,-0.2,2.0,3.0,-1,-1,持空,105.1913,0.0007459240240748066,-0.0007457029461442888,0.0014916269702190954,1.3280409217156774,0.9959824228232591,-0.00046678979603442805,0.0
2017-12-08,COMPOSITE,-1,-1,-0.2,2.0,3.0,-1,-1,持空,105.0657,0.0011925888578396826,-0.0011940150944040884,0.002386603952243771,1.3296247285216707,0.994793204776647,0.0,0.0
2017-12-11,COMPOSITE,-1,-1,-0.2,2.0,3.0,-1,-1,持空,104.7948,0.0025691678987735944,-0.0025783866666286848,0.005147554565402279,1.3330407576916041,0.9922282432413981,0.0,0.0
2017-12-12,COMPOSITE,-1,-1,-0.2,2.0,3.0,-1,-1,持空,104.7258,0.000652706936477232,-0.0006584296167366777,0.0013111365532139097,1.3339108426407564,0.9915749307794854,0.0,0.0
2017-12-13,COMPOSITE,-1,-1,-0.2,2.0,3.0,-1,-1,持空,104.7338,-7.562680440820202e-05,7.638996312264723e-05,-0.00015201676753084925,1.333809963226362,0.991650677151881,-7.562680440820202e-05,0.0
2017-12-14,COMPOSITE,-1,-1,-0.2,2.0,3.0,-1,-1,持空,104.8317,-0.0009255530155632963,0.0009347507681378708,-0.0018603037837011671,1.3325754513927095,0.9925776233840733,-0.0010011098233546623,0.0
2017-12-15,COMPOSITE,-1,-1,-0.2,2.0,3.0,-1,-1,持空,104.97,-0.001308708542185677,0.0013192574383511513,-0.0026279659805368283,1.330831498516365,0.9938870887968636,-0.0023085082045628535,0.0
2017-12-18,COMPOSITE,-1,-1,-0.2,2.0,3.0,-1,-1,持空,104.9921,-0.00020940245446199324,0.00021053634371726027,-0.0004199387981792535,1.3305528191341003,0.9940963381506066,-0.002517427251740645,0.0
2017-12-19,COMPOSITE,-1,-1,-0.2,2.0,3.0,-1,-1,持空,105.0058,-0.00012983775966379785,0.00013048600799492327,-0.0002603237676587211,1.3303800631369496,0.9942260538133343,-0.0026469381542899573,0.0
2017-12-20,COMPOSITE,-1,-1,-0.2,2.0,3.0,-1,-1,持空,105.0365,-0.00029098808939309606,0.0002923648027062242,-0.0005833528920993203,1.3299929383842106,0.9945167305174027,-0.00293715601620681,0.0
2017-12-21,COMPOSITE,1,-1,0.2,3.0,2.0,-1,-1,持空,105.0823,-0.00043423888258387056,0.00043603890076293617,-0.0008702777833468067,1.3294154037368022,0.994950378499368,-0.0033701194714442773,0.0
2017-12-22,COMPOSITE,1,1,0.6,4.0,1.0,-1,1,空翻多,105.1686,-0.0012178508106409636,0.0008212610496725059,-0.0020391118603134695,1.3277963741096828,0.9957674924915865,-0.004583865979355006,0.0005307929443389432
2017-12-25,COMPOSITE,1,1,0.6,4.0,1.0,1,1,持有,105.1191,-0.00047067280538115597,-0.00047067280538104495,-1.1102230246251565e-16,1.3271714164653057,0.9952988118123882,-0.005052381283676133,0.0
2017-12-26,COMPOSITE,1,1,0.6,4.0,1.0,1,1,持有,105.0897,-0.00027968275984102675,-0.00027968275984102675,0.0,1.3268002295007666,0.995020443893834,-0.005330650979575857,0.0
2017-12-27,COMPOSITE,1,1,0.6,4.0,1.0,1,1,持有,105.0603,-0.0002797610041707088,-0.00027976100417081984,1.1102230246251565e-16,1.3264290425362275,0.9947420759752799,-0.005608920675475693,0.0
2017-12-28,COMPOSITE,1,1,0.2,3.0,2.0,1,1,持有,105.0599,-3.8073373100910857e-06,-3.8073373100910857e-06,0.0,1.3264239923734447,0.99473828865666,-0.0056127066577328355,0.0
2017-12-29,COMPOSITE,1,1,0.2,3.0,2.0,1,1,持有,105.1379,0.0007424336021641942,0.0007424336021641942,0.0,1.3274087741160994,0.9954768157875181,-0.004874440117590528,0.0
2017-12-30,COMPOSITE,1,1,0.2,3.0,2.0,1,1,持有,105.137,-8.560186193662389e-06,-8.560186193662389e-06,0.0,1.327397411249838,0.9954682943206236,-0.004882958577669072,0.0
2017-12-31,COMPOSITE,1,1,0.2,3.0,2.0,1,1,持有,105.1383,1.2364819235832769e-05,1.2364819235832769e-05,0.0,1.3274138242788822,0.9954806031061378,-0.004870654135333385,0.0
2018-01-02,COMPOSITE,1,1,0.2,3.0,2.0,1,1,持有,105.085,-0.0005069513203085352,-0.0005069513203087572,2.220446049250313e-16,1.3267408900880682,0.9949759429000514,-0.005375136271097314,0.0
2018-01-03,COMPOSITE,1,1,0.2,3.0,2.0,1,1,持有,104.9756,-0.0010410619974307034,-0.0010410619974305924,-1.1102230246251565e-16,1.3253596705669601,0.9939401112575406,-0.00641060241842506,0.0
2018-01-04,COMPOSITE,1,1,0.2,3.0,2.0,1,1,持有,104.882,-0.0008916357705981426,-0.0008916357705980316,-1.1102230246251565e-16,1.3241779324757745,0.9930538787005111,-0.0072965222665958285,0.0
2018-01-05,COMPOSITE,1,1,0.2,3.0,2.0,1,1,持有,104.914,0.00030510478442424827,0.0003051047844244703,-2.220446049250313e-16,1.324581945498402,0.9933568641900938,-0.006993643686024731,0.0
2018-01-08,COMPOSITE,1,1,0.2,3.0,2.0,1,1,持有,104.9292,0.0001448805688468724,0.0001448805688468724,0.0,1.32477385168415,0.9935007822976456,-0.006849776360253412,0.0
2018-01-09,COMPOSITE,1,1,0.2,3.0,2.0,1,1,持有,105.0373,0.0010302184711217244,0.0010302184711215023,2.220446049250313e-16,1.326138658176214,0.9945243051546423,-0.005826614655261131,0.0
2018-01-10,COMPOSITE,1,1,0.2,3.0,2.0,1,1,持有,104.956,-0.000774010756179111,-0.0007740107561788889,-2.220446049250313e-16,1.3251122125906007,0.9937545326451712,-0.00659611554902495,0.0
2018-01-11,COMPOSITE,1,1,0.2,3.0,2.0,1,1,持有,104.8655,-0.0008622660924577641,-0.0008622660924578751,1.1102230246251565e-16,1.3239696132609822,0.9928976518074449,-0.007452694034702834,0.0
2018-01-12,COMPOSITE,1,1,0.2,3.0,2.0,1,1,持有,104.8983,0.0003127816107300063,0.0003127816107300063,0.0,1.3243837266091756,0.9932082119342673,-0.007142243489617339,0.0
2018-01-15,COMPOSITE,1,1,0.2,3.0,2.0,1,1,持有,104.7804,-0.0011239457646121664,-0.0011239457646120554,-1.1102230246251565e-16,1.322895191128932,0.9920918997710859,-0.008258161759909455,0.0
2018-01-16,COMPOSITE,1,1,0.2,3.0,2.0,1,1,持有,104.7372,-0.00041229084828842133,-0.00041229084828853235,1.1102230246251565e-16,1.3223497735483847,0.9916828693601492,-0.008667047843680664,0.0
2018-01-17,COMPOSITE,1,1,0.2,3.0,2.0,1,1,持有,104.7428,5.3467153981578974e-05,5.3467153981578974e-05,0.0,1.3224204758273446,0.9917358918208262,-0.008614044092080553,0.0
2018-01-18,COMPOSITE,-1,1,-0.2,2.0,3.0,1,1,持有,104.5492,-0.0018483370694691859,-0.0018483370694692969,1.1102230246251565e-16,1.3199761970404478,0.9899028296088506,-0.010446459504536376,0.0
2018-01-19,COMPOSITE,-1,-1,-0.2,2.0,3.0,1,-1,多翻空,104.5829,-7.771264668676725e-05,0.00032233627803957,-0.00040004892472633724,1.3198736181966122,0.9902219112025674,-0.010523360329206533,0.000528055058290303
2018-01-22,COMPOSITE,-1,-1,-0.6,1.0,4.0,-1,-1,持空,104.4677,0.001101518508283883,-0.001101518508283994,0.002203037016567877,1.3213274834156514,0.9891311634400695,-0.009433433497094579,0.0
2018-01-23,COMPOSITE,-1,-1,-0.6,1.0,4.0,-1,-1,持空,104.4704,-2.5788433601015015e-05,2.584530912441707e-05,-5.1633742725432086e-05,1.3212934084495802,0.9891567278407531,-0.009458978657222228,0.0
2018-01-24,COMPOSITE,1,-1,0.2,3.0,2.0,-1,-1,持空,104.499,-0.00027317341545085583,0.00027376175452564766,-0.0005469351699765035,1.3209324662163813,0.9894275211220677,-0.009729568131166655,0.0
2018-01-25,COMPOSITE,1,1,0.2,3.0,2.0,-1,1,空翻多,104.5461,-0.0008495988703293156,0.0004507220164786663,-0.0013003208868079819,1.3198102034853025,0.9898734778895473,-0.01057090077140288,0.0005278438785028916
2018-01-26,COMPOSITE,1,1,0.2,3.0,2.0,1,1,持有,104.54,-5.834746585453576e-05,-5.834746585475781e-05,2.220446049250313e-16,1.3197331959045202,0.9898157212805956,-0.01062863145198567,0.0
2018-01-29,COMPOSITE,1,1,0.2,3.0,2.0,1,1,持有,104.5699,0.0002860149225174524,0.00028601492251767446,-2.220446049250313e-16,1.3201106592922907,0.9900988233474245,-0.010345656476669296,0.0
2018-01-30,COMPOSITE,1,1,0.2,3.0,2.0,1,1,持有,104.5781,7.841644679795756e-05,7.841644679773552e-05,2.220446049250313e-16,1.3202141776795724,0.9901764633791301,-0.010268051299492154,0.0
2018-01-31,COMPOSITE,1,1,0.2,3.0,2.0,1,1,持有,104.6953,0.0011206935295247078,0.0011206935295249298,-2.220446049250313e-16,1.3216937331660847,0.9912861477347269,-0.009158865108619518,0.0
2018-02-01,COMPOSITE,1,1,0.6,4.0,1.0,1,1,持有,104.7568,0.0005874189194738921,0.0005874189194738921,0.0,1.3224701210706966,0.9918684479725186,-0.008576826279791283,0.0
2018-02-02,COMPOSITE,1,1,0.6,4.0,1.0,1,1,持有,104.7637,6.586684587550629e-05,6.586684587550629e-05,0.0,1.322557228006336,0.99193377921871,-0.008511524362410539,0.0
2018-02-05,COMPOSITE,1,1,0.6,4.0,1.0,1,1,持有,104.6942,-0.0006633977226844223,-0.0006633977226846444,2.220446049250313e-16,1.3216798465531567,0.9912757326085223,-0.009169275559216428,0.0
2018-02-06,COMPOSITE,1,1,0.6,4.0,1.0,1,1,持有,104.9427,0.0023735794341996908,0.002373579434199913,-2.220446049250313e-16,1.3248169586555316,0.9936286043010634,-0.006817460128910491,0.0
2018-02-07,COMPOSITE,1,1,0.6,4.0,1.0,1,1,持有,105.019,0.0007270634355700523,0.0007270634355700523,0.0,1.3257801846249933,0.9943510353277872,-0.006095353419323657,0.0
2018-02-08,COMPOSITE,1,1,0.6,4.0,1.0,1,1,持有,104.9878,-0.00029708909816328344,-0.00029708909816328344,0.0,1.3253863097855803,0.9940556244754439,-0.0063906316544365405,0.0
2018-02-09,COMPOSITE,1,1,0.6,4.0,1.0,1,1,持有,104.9799,-7.524683820392397e-05,-7.5246838204035e-05,1.1102230246251565e-16,1.3252865786563701,0.9939808249327032,-0.006465397617814395,0.0
2018-02-11,COMPOSITE,1,1,0.6,4.0,1.0,1,1,持有,104.9611,-0.00017908190043991468,-0.0001790819004400257,1.1102230246251565e-16,1.3250492438172368,0.9938028209575733,-0.006643321682561876,0.0
2018-02-12,COMPOSITE,1,1,0.6,4.0,1.0,1,1,持有,105.0195,0.0005563966078858673,0.0005563966078860894,-2.220446049250313e-16,1.3257864967217785,0.9943557694760619,-0.006090621396325213,0.0
2018-02-13,COMPOSITE,1,1,0.6,4.0,1.0,1,1,持有,105.0336,0.00013426078014111553,0.0001342607801408935,2.220446049250313e-16,1.325964497851129,0.9944892724574094,-0.005957178347764325,0.0
2018-02-14,COMPOSITE,1,1,0.6,4.0,1.0,1,1,持有,105.0822,0.00046270907595258315,0.0004627090759528052,-2.220446049250313e-16,1.3265780336586757,0.9949494316697131,-0.005497225712300158,0.0
2018-02-22,COMPOSITE,1,1,0.6,4.0,1.0,1,1,持有,105.0518,-0.00028929733104177124,-0.00028929733104177124,0.0,1.3261942581741195,0.9946615954546095,-0.005784932710615309,0.0
2018-02-23,COMPOSITE,1,1,0.6,4.0,1.0,1,1,持有,105.0499,-1.8086315513032858e-05,-1.8086315513032858e-05,0.0,1.3261702722063347,0.9946436056911654,-0.005802914398010062,0.0
2018-02-24,COMPOSITE,1,1,0.6,4.0,1.0,1,1,持有,105.0505,5.711571358091305e-06,5.711571358091305e-06,0.0,1.3261778467224774,0.9946492866690951,-0.005797235970411596,0.0
2018-02-26,COMPOSITE,1,1,0.6,4.0,1.0,1,1,持有,105.2155,0.0015706731524363082,0.0015706731524363082,0.0,1.32826083866168,0.9962115555997563,-0.004235668380872415,0.0
2018-02-27,COMPOSITE,1,1,0.6,4.0,1.0,1,1,持有,105.4021,0.001773502953462236,0.001773502953462236,0.0,1.3306165131820147,0.9979783397358856,-0.0024696773977936903,0.0
2018-02-28,COMPOSITE,1,1,0.6,4.0,1.0,1,1,持有,105.3859,-0.000153697127476482,-0.00015369712747659303,1.1102230246251565e-16,1.3304120012461658,0.9978249533317843,-0.0026229949429483757,0.0
2018-03-01,COMPOSITE,1,1,0.6,4.0,1.0,1,1,持有,105.3561,-0.00028277027571999014,-0.0002827702757202122,2.220446049250313e-16,1.3300358002777521,0.9975427980946102,-0.0029050235136651725,0.0
2018-03-02,COMPOSITE,1,1,0.6,4.0,1.0,1,1,持有,105.2925,-0.0006036669922292459,-0.0006036669922290239,-2.220446049250313e-16,1.3292329015666413,0.9969406144340647,-0.0035069368390875377,0.0
2018-03-05,COMPOSITE,1,1,0.6,4.0,1.0,1,1,持有,105.2424,-0.00047581736590929236,-0.00047581736590929236,0.0,1.328600429468738,0.9964662527769367,-0.003981085543547591,0.0
2018-03-06,COMPOSITE,1,1,0.6,4.0,1.0,1,1,持有,105.3031,0.0005767637378091273,0.0005767637378091273,0.0,1.3293667180184932,0.997040978377489,-0.003406617951517088,0.0
2018-03-07,COMPOSITE,1,1,0.6,4.0,1.0,1,1,持有,105.403,0.000948690019572096,0.000948690019572096,0.0,1.3306278749562286,0.99798686120278,-0.0024611597563961585,0.0
2018-03-08,COMPOSITE,1,1,0.6,4.0,1.0,1,1,持有,105.4265,0.00022295380586889735,0.00022295380586889735,0.0,1.3309245435051453,0.9982093661716923,-0.0022387546754617516,0.0
2018-03-09,COMPOSITE,1,1,0.6,4.0,1.0,1,1,持有,105.4213,-4.932346231734108e-05,-4.932346231723006e-05,-1.1102230246251565e-16,1.3308588976985765,0.9981601310296352,-0.002287967714647232,0.0
2018-03-12,COMPOSITE,1,1,0.6,4.0,1.0,1,1,持有,105.4832,0.0005871678683531112,0.0005871678683528891,2.220446049250313e-16,1.3316403352806168,0.9987462185860466,-0.0017021432674201309,0.0
2018-03-13,COMPOSITE,1,1,0.6,4.0,1.0,1,1,持有,105.466,-0.00016305914117142883,-0.0001630591411713178,-1.1102230246251565e-16,1.3314231991511967,0.9985833638853959,-0.0018649248585722589,0.0
2018-03-14,COMPOSITE,1,1,0.6,4.0,1.0,1,1,持有,105.4455,-0.00019437543852984795,-0.00019437543852995898,1.1102230246251565e-16,1.3311644031829928,0.998389263806132,-0.002058937801514893,0.0
2018-03-15,COMPOSITE,1,1,0.6,4.0,1.0,1,1,持有,105.4973,0.0004912490338611075,0.0004912490338611075,0.0,1.3318183364099667,0.9988797215673941,-0.0015687002188595756,0.0
2018-03-16,COMPOSITE,1,1,0.6,4.0,1.0,1,1,持有,105.5135,0.00015355843230113742,0.00015355843230113742,0.0,1.3320228483458156,0.9990331079714954,-0.0014153826737048902,0.0
2018-03-19,COMPOSITE,1,1,0.6,4.0,1.0,1,1,持有,105.54,0.00025115269610065383,0.00025115269610065383,0.0,1.3323573894754452,0.9992840178300562,-0.0011645854547788215,0.0
2018-03-20,COMPOSITE,1,1,0.6,4.0,1.0,1,1,持有,105.7381,0.0018770134546144401,0.0018770134546144401,0.0,1.3348582422218456,1.0011596873765043,0.0,0.0
2018-03-21,COMPOSITE,1,1,0.6,4.0,1.0,1,1,持有,105.8136,0.0007140283398321401,0.000714028339831918,2.220446049250313e-16,1.3358113688364504,1.0018745437659884,0.0,0.0
2018-03-22,COMPOSITE,1,1,0.6,4.0,1.0,1,1,持有,105.923,0.0010338935637763669,0.0010338935637763669,0.0,1.3371924556131096,1.0029103754084994,0.0,0.0
2018-03-23,COMPOSITE,1,1,0.6,4.0,1.0,1,1,持有,106.2074,0.0026849692701302885,0.0026849692701302885,0.0,1.340782776264681,1.0056031589471661,0.0,0.0
2018-03-26,COMPOSITE,1,1,0.6,4.0,1.0,1,1,持有,106.1971,-9.698005976999102e-05,-9.698005976999102e-05,0.0,1.3406527470709002,1.0055056354927066,-9.698005976999102e-05,0.0
2018-03-27,COMPOSITE,1,1,0.6,4.0,1.0,1,1,持有,106.1157,-0.0007664992735205711,-0.0007664992735205711,0.0,1.339625137714227,1.0047349161535806,-0.0008634049981451897,0.0
2018-03-28,COMPOSITE,1,1,0.6,4.0,1.0,1,1,持有,106.1075,-7.727414510771968e-05,-7.727414510760866e-05,-1.1102230246251565e-16,1.3395216193269452,1.004657276121875,-0.0009406124243698244,0.0
2018-03-29,COMPOSITE,1,1,0.6,4.0,1.0,1,1,持有,106.0248,-0.0007793982517729781,-0.0007793982517732001,2.220446049250313e-16,1.3384775985186297,1.0038742479972345,-0.0017192775644636615,0.0
2018-03-30,COMPOSITE,1,1,0.6,4.0,1.0,1,1,持有,106.0909,0.0006234390444499471,0.0006234390444499471,0.0,1.339312057713668,1.0045001023991538,-0.0010969103847755513,0.0
2018-04-02,COMPOSITE,1,1,0.6,4.0,1.0,1,1,持有,106.1234,0.0003063410716659387,0.0003063410716659387,0.0,1.339722344004723,1.0048078220370114,-0.0007909053418124756,0.0
2018-04-03,COMPOSITE,1,1,0.6,4.0,1.0,1,1,持有,106.004,-0.0011251053019408763,-0.0011251053019409873,1.1102230246251565e-16,1.3382150152923546,1.0036773074290057,-0.001915120791959879,0.0
2018-04-04,COMPOSITE,1,1,0.6,4.0,1.0,1,1,持有,106.1352,0.0012376891438057314,0.0012376891438059534,-2.220446049250313e-16,1.33987130948886,1.004919547936295,-0.0006798019723673887,0.0
2018-04-08,COMPOSITE,1,1,0.6,4.0,1.0,1,1,持有,106.2206,0.0008046340893501647,0.0008046340893501647,0.0,1.340949415619817,1.0057281404616187,0.0,0.0
2018-04-09,COMPOSITE,1,1,0.6,4.0,1.0,1,1,持有,106.3781,0.001482763230484574,0.001482763230484574,0.0,1.3429377261072377,1.007219397168159,0.0,0.0
2018-04-10,COMPOSITE,1,1,0.6,4.0,1.0,1,1,持有,106.264,-0.001072589188940265,-0.001072589188940376,1.1102230246251565e-16,1.341497305620795,1.0061390645318653,-0.001072589188940265,0.0
2018-04-11,COMPOSITE,1,1,0.6,4.0,1.0,1,1,持有,106.3661,0.0009608145750206187,0.0009608145750208408,-2.220446049250313e-16,1.3427862357843865,1.0071057776095653,-0.0001128051732453006,0.0
2018-04-12,COMPOSITE,1,1,0.6,4.0,1.0,1,1,持有,106.4073,0.00038734145559549127,0.0003873414555957133,-2.220446049250313e-16,1.3433063525595088,1.0074958714274034,0.0,0.0
2018-04-13,COMPOSITE,1,1,0.6,4.0,1.0,1,1,持有,106.4705,0.0005939442124740513,0.0005939442124738292,2.220446049250313e-16,1.3441042015931912,1.008094267769329,0.0,0.0
2018-04-16,COMPOSITE,1,1,0.6,4.0,1.0,1,1,持有,106.8411,0.0034807763652842105,0.0034807763652842105,0.0,1.348782727730576,1.011603218470559,0.0,0.0
2018-04-17,COMPOSITE,1,1,0.6,4.0,1.0,1,1,持有,106.8978,0.0005306946484078257,0.0005306946484078257,0.0,1.3494985195060476,1.0121400708849135,0.0,0.0
2018-04-18,COMPOSITE,1,1,0.6,4.0,1.0,1,1,持有,107.9399,0.009748563581289726,0.009748563581289504,2.220446049250313e-16,1.3626541916263086,1.022006982719106,0.0,0.0
2018-04-19,COMPOSITE,1,1,0.6,4.0,1.0,1,1,持有,107.9325,-6.855666903526902e-05,-6.8556669035158e-05,-1.1102230246251565e-16,1.3625607725938838,1.0219369173246402,-6.855666903526902e-05,0.0
2018-04-20,COMPOSITE,1,1,0.2,3.0,2.0,1,1,持有,107.8732,-0.0005494174599866009,-0.0005494174599863788,-2.220446049250313e-16,1.3618121579151279,1.0213754473392573,-0.0006179364627908468,0.0
2018-04-23,COMPOSITE,-1,1,-0.6,1.0,4.0,1,1,持有,107.516,-0.0033112951131513135,-0.0033112951131514246,1.1102230246251565e-16,1.3573027959715935,1.01799337181179,-0.003927185405952716,0.0
2018-04-24,COMPOSITE,-1,-1,-0.6,1.0,4.0,1,-1,多翻空,107.5798,0.00019324272353005156,0.0005934000520850802,-0.0004001573285550286,1.357565084860542,1.0185974491316454,-0.003734701582426281,0.0005431346608763922
2018-04-25,COMPOSITE,-1,-1,-0.6,1.0,4.0,-1,-1,持空,107.3688,0.0019613347487170696,-0.0019613347487166255,0.003922669497433695,1.360227724435124,1.0165996385597094,-0.0017806918336989996,0.0
2018-04-26,COMPOSITE,-1,-1,-0.6,1.0,4.0,-1,-1,持空,107.1811,0.0017413359952795915,-0.0017481801044623158,0.0034895160997419072,1.36259633793346,1.0148224392973757,-4.245662120594407e-05,0.0
2018-04-27,COMPOSITE,-1,-1,-1.0,0.0,5.0,-1,-1,持空,107.1097,0.0006612427473988713,-0.0006661622244967802,0.0013274049718956515,1.3634973448795507,1.0141464029237441,0.0,0.0
2018-04-28,COMPOSITE,-1,-1,-1.0,0.0,5.0,-1,-1,持空,107.1543,-0.00041277224689706404,0.0004163955272025177,-0.0008291677740995818,1.3629345310168666,1.0145686889498502,-0.00041277224689706404,0.0
2018-05-02,COMPOSITE,-1,-1,-1.0,0.0,5.0,-1,-1,持空,106.8434,0.0028785624409173316,-0.0029014234613077283,0.00577998590222506,1.366857823167281,1.0116249955526229,0.0,0.0
2018-05-03,COMPOSITE,-1,-1,-1.0,0.0,5.0,-1,-1,持空,106.9733,-0.0011992665917008871,0.0012157980745650665,-0.0024150646662659536,1.3652185962443515,1.0128549272743976,-0.0011992665917008871,0.0
2018-05-04,COMPOSITE,-1,-1,-1.0,0.0,5.0,-1,-1,持空,107.1514,-0.0016462343198723195,0.0016649014286744812,-0.0033111357485468007,1.362971126537086,1.0145412308898567,-0.002843526637751337,0.0
2018-05-07,COMPOSITE,-1,-1,-1.0,0.0,5.0,-1,-1,持空,107.0729,0.0007267966691417715,-0.0007326082533684053,0.0014594049225101768,1.3639617294119897,1.0137979696107242,-0.002118796634298481,0.0
2018-05-08,COMPOSITE,-1,-1,-1.0,0.0,5.0,-1,-1,持空,106.8269,0.0022759506951364195,-0.002297500114408324,0.0045734508095447435,1.3670660390581844,1.0114687686595567,0.0,0.0
2018-05-09,COMPOSITE,-1,-1,-1.0,0.0,5.0,-1,-1,持空,106.741,0.0007929277125005019,-0.0008041045841449268,0.0015970322966454287,1.3681500236053719,1.0106554419859581,0.0,0.0
2018-05-10,COMPOSITE,-1,-1,-1.0,0.0,5.0,-1,-1,持空,106.8287,-0.0008089017936037113,0.0008216149370907644,-0.0016305167306944757,1.3670433245973586,1.0114858115933458,-0.0008089017936037113,0.0
2018-05-11,COMPOSITE,-1,-1,-1.0,0.0,5.0,-1,-1,持空,106.9187,-0.0008307878915434497,0.0008424702350584568,-0.0016732581266019064,1.3659076015560678,1.0123379582827972,-0.0016390176593314987,0.0
2018-05-14,COMPOSITE,-1,-1,-1.0,0.0,5.0,-1,-1,持空,106.8866,0.00029656072704487,-0.0003002281172516108,0.0005967888442964808,1.3663126761074615,1.0120340259635596,-0.0013429430005552634,0.0
2018-05-15,COMPOSITE,-1,-1,-1.0,0.0,5.0,-1,-1,持空,106.797,0.0008275377979736209,-0.0008382715887681469,0.0016658093867417678,1.3674433514907909,1.0111856665927277,-0.0005165165386751269,0.0
2018-05-16,COMPOSITE,-1,-1,-1.0,0.0,5.0,-1,-1,持空,106.7796,0.0001605720054704829,-0.0001629259248852044,0.0003234979303556873,1.367662924612107,1.0110209182327674,-0.00035602747130114576,0.0
2018-05-17,COMPOSITE,-1,-1,-1.0,0.0,5.0,-1,-1,持空,106.8024,-0.0002103709171432655,0.00021352393153750704,-0.00042389484868077254,1.3673752081083135,1.011236795394095,-0.000566323490618803,0.0
2018-05-18,COMPOSITE,-1,-1,-1.0,0.0,5.0,-1,-1,持空,106.8083,-5.444954280842129e-05,5.5242204294980723e-05,-0.00010969174710340202,1.3673007551533845,1.0112926583437367,-0.0006207421973720706,0.0
2018-05-21,COMPOSITE,-1,-1,-1.0,0.0,5.0,-1,-1,持空,106.891,-0.0007632580319757443,0.0007742843955012013,-0.0015375424274769456,1.3662571518698872,1.012075686468377,-0.0013835264428798677,0.0
2018-05-22,COMPOSITE,-1,-1,-0.6,1.0,4.0,-1,-1,持空,107.0159,-0.0011536124047045737,0.001168480040415032,-0.0023220924451196057,1.3646810206714737,1.0132582767074048,-0.002535542794317669,0.0
2018-05-23,COMPOSITE,-1,-1,-0.2,2.0,3.0,-1,-1,持空,107.1346,-0.0010976136381500856,0.0011091809721734958,-0.0022067946103235814,1.3631831281714601,1.0143821635078258,-0.003630373386116603,0.0
2018-05-24,COMPOSITE,1,-1,0.6,4.0,1.0,-1,-1,持空,107.1533,-0.00017310807683401652,0.00017454678507200505,-0.00034765486190602157,1.3629471501617698,1.0145592206533005,-0.0038028530159954776,0.0
2018-05-25,COMPOSITE,1,1,1.0,5.0,0.0,-1,1,空翻多,107.3799,-0.0024963665576629435,0.00211472721792072,-0.004611093775583663,1.359544734476244,1.0167047366514084,-0.00628972625856572,0.0005429174504538714
2018-05-28,COMPOSITE,1,1,1.0,5.0,0.0,1,1,持有,107.4385,0.0005457259691989957,0.0005457259691989957,0.0,1.3602866733441354,1.0172595788292067,-0.005747432756325055,0.0
2018-05-29,COMPOSITE,1,1,1.0,5.0,0.0,1,1,持有,107.4493,0.00010052262457116434,0.00010052262457116434,0.0,1.3604234129307091,1.0173618364319408,-0.005647487878779112,0.0
2018-05-30,COMPOSITE,1,1,1.0,5.0,0.0,1,1,持有,107.5169,0.0006291339264192786,0.0006291339264195006,-2.220446049250313e-16,1.361279301454079,1.0180018932786845,-0.005021906978583401,0.0
2018-05-31,COMPOSITE,1,1,1.0,5.0,0.0,1,1,持有,107.4374,-0.0007394186402324143,-0.0007394186402324143,0.0,1.3602727461640212,1.0172491637030023,-0.005757612327186412,0.0
2018-06-01,COMPOSITE,1,1,1.0,5.0,0.0,1,1,持有,107.3976,-0.0003704482796491604,-0.00037044827964938243,2.220446049250313e-16,1.359768835465351,1.0168723255003338,-0.006125927709254131,0.0
2018-06-04,COMPOSITE,1,1,1.0,5.0,0.0,1,1,持有,107.1692,-0.002126676946226036,-0.002126676946226036,0.0,1.3568770464307702,1.014709766568437,-0.00823957678624665,0.0
2018-06-05,COMPOSITE,1,1,1.0,5.0,0.0,1,1,持有,107.1263,-0.0004003015791851361,-0.00040030157918502507,-1.1102230246251565e-16,1.356333886406324,1.0143035766464652,-0.008636580049832476,0.0
2018-06-06,COMPOSITE,1,1,1.0,5.0,0.0,1,1,持有,107.1202,-5.6942132790949174e-05,-5.694213279117122e-05,2.220446049250313e-16,1.3562566538620553,1.0142458200375133,-0.008693030397335377,0.0
2018-06-07,COMPOSITE,1,1,1.0,5.0,0.0,1,1,持有,107.0611,-0.0005517166696850095,-0.0005517166696850095,0.0,1.3555083844577485,1.0136862437114402,-0.009239950977240063,0.0
2018-06-08,COMPOSITE,1,1,1.0,5.0,0.0,1,1,持有,107.2165,0.0014515075970635838,0.0014515075970638058,-2.220446049250313e-16,1.3574759151756723,1.0151576169952266,-0.007801855239216282,0.0
2018-06-11,COMPOSITE,1,1,1.0,5.0,0.0,1,1,持有,107.1132,-0.00096347110752526,-0.000963471107525482,2.220446049250313e-16,1.356168026352239,1.0141795419616673,-0.00875780948463356,0.0
2018-06-12,COMPOSITE,1,1,1.0,5.0,0.0,1,1,持有,106.9341,-0.0016720628269906168,-0.0016720628269907278,1.1102230246251565e-16,1.3539004282082223,1.0124837700496587,-0.010415228703939072,0.0
2018-06-13,COMPOSITE,1,1,1.0,5.0,0.0,1,1,持有,107.0376,0.000967885828748738,0.00096788582874896,-2.220446049250313e-16,1.3552108492462218,1.013463738742528,-0.009457423627456052,0.0
2018-06-14,COMPOSITE,1,1,1.0,5.0,0.0,1,1,持有,107.2502,0.0019862179271585845,0.0019862179271583624,2.220446049250313e-16,1.3579025933300743,1.0154766985889434,-0.007489990204651131,0.0
2018-06-15,COMPOSITE,1,1,1.0,5.0,0.0,1,1,持有,107.4598,0.0019543087099136436,0.0019543087099138656,-2.220446049250313e-16,1.3605563541954337,1.0174612535457104,-0.005550319247831559,0.0
2018-06-19,COMPOSITE,1,1,1.0,5.0,0.0,1,1,持有,107.7177,0.0023999672435643937,0.0023999672435641717,2.220446049250313e-16,1.3638216448785263,1.0199031272258159,-0.0031636725886532435,0.0
2018-06-20,COMPOSITE,1,1,1.0,5.0,0.0,1,1,持有,107.5213,-0.001823284381303969,-0.001823284381303969,0.0,1.361335010174535,1.018043553783502,-0.00498118869513875,0.0
2018-06-21,COMPOSITE,1,1,1.0,5.0,0.0,1,1,持有,107.6785,0.0014620358942833978,0.0014620358942833978,0.0,1.3633253308235547,1.0195319700010772,-0.0035264354775239592,0.0
2018-06-22,COMPOSITE,1,1,1.0,5.0,0.0,1,1,持有,107.7429,0.0005980766819746464,0.0005980766819746464,0.0,1.3641407039138655,1.0201417282988625,-0.0029304678743788948,0.0
2018-06-25,COMPOSITE,1,1,1.0,5.0,0.0,1,1,持有,107.681,-0.0005745158149633722,-0.0005745158149632612,-1.1102230246251565e-16,1.3633569835056318,1.0195556407424509,-0.0035033000892031874,0.0
2018-06-26,COMPOSITE,1,1,0.6,4.0,1.0,1,1,持有,107.69,8.358020449295012e-05,8.358020449295012e-05,0.0,1.3634709331611101,1.019640855411396,-0.003420012691248031,0.0
2018-06-27,COMPOSITE,1,1,0.6,4.0,1.0,1,1,持有,107.8201,0.0012080973163710595,0.0012080973163710595,0.0,1.365118138736412,1.0208726807924808,-0.0022160470830312473,0.0
2018-06-28,COMPOSITE,1,1,0.6,4.0,1.0,1,1,持有,108.0216,0.0018688537665985105,0.0018688537665982885,2.220446049250313e-16,1.3676693449118413,1.0227805425471972,-0.0003513347843709935,0.0
2018-06-29,COMPOSITE,1,1,0.6,4.0,1.0,1,1,持有,108.3876,0.003388211246639461,0.003388211246639683,-2.220446049250313e-16,1.3723032975679557,1.0262459390842997,0.0,0.0
2018-07-02,COMPOSITE,1,1,0.6,4.0,1.0,1,1,持有,108.4179,0.0002795522735072886,0.0002795522735072886,0.0,1.3726869280747322,1.0265328284697484,0.0,0.0
2018-07-03,COMPOSITE,1,1,0.6,4.0,1.0,1,1,持有,108.2958,-0.0011261977957514047,-0.0011261977957514047,0.0,1.3711410110820776,1.0253767494610593,-0.0011261977957514047,0.0
2018-07-04,COMPOSITE,1,1,0.6,4.0,1.0,1,1,持有,108.2292,-0.0006149822984824471,-0.0006149822984824471,0.0,1.3702977836315389,1.0247461609108652,-0.0017404875025248678,0.0
2018-07-05,COMPOSITE,1,1,0.6,4.0,1.0,1,1,持有,108.2431,0.00012843114427529834,0.0001284311442750763,2.220446049250313e-16,1.3704737725438885,1.0248777702329026,-0.0016122798910512826,0.0
2018-07-06,COMPOSITE,1,1,0.6,4.0,1.0,1,1,持有,108.1609,-0.0007594017540146769,-0.0007594017540147879,1.1102230246251565e-16,1.3694330323571875,1.024099476256537,-0.002370457276888671,0.0
2018-07-09,COMPOSITE,1,1,0.6,4.0,1.0,1,1,持有,108.0004,-0.0014839003743496448,-0.0014839003743496448,0.0,1.3674009301678258,1.0225798146603486,-0.0038508401287978833,0.0
2018-07-10,COMPOSITE,1,1,0.6,4.0,1.0,1,1,持有,107.9744,-0.0002407398491116597,-0.0002407398491117707,1.1102230246251565e-16,1.367071742274222,1.0223336389500626,-0.004090652927237981,0.0
2018-07-11,COMPOSITE,1,1,0.6,4.0,1.0,1,1,持有,108.1994,0.002083827277576944,0.002083827277576944,0.0,1.3699204836611776,1.0244640056736911,-0.00201534986381402,0.0
2018-07-12,COMPOSITE,1,1,1.0,5.0,0.0,1,1,持有,108.1488,-0.0004676550886604236,-0.0004676550886603126,-1.1102230246251565e-16,1.3692798333759333,1.0239849098682885,-0.0024820624638551836,0.0
2018-07-13,COMPOSITE,1,1,1.0,5.0,0.0,1,1,持有,108.32,0.0015830041572353348,0.0015830041572351128,2.220446049250313e-16,1.3714474090445858,1.025605882237556,-0.0009029874218187128,0.0
2018-07-16,COMPOSITE,1,1,1.0,5.0,0.0,1,1,持有,108.3965,0.000706240768094446,0.0007062407680946681,-2.220446049250313e-16,1.3724159811161507,1.0263302069235898,-0.0001973843802545172,0.0
2018-07-17,COMPOSITE,1,1,1.0,5.0,0.0,1,1,持有,108.4225,0.0002398601430857461,0.00023986014308596815,-2.220446049250313e-16,1.3727451690097545,1.0265763826338759,0.0,0.0
2018-07-18,COMPOSITE,1,1,1.0,5.0,0.0,1,1,持有,108.5023,0.0007360095921049581,0.0007360095921049581,0.0,1.3737555226216616,1.0273319526985227,0.0,0.0
2018-07-19,COMPOSITE,1,1,1.0,5.0,0.0,1,1,持有,108.6476,0.001339142119567871,0.001339142119567871,0.0,1.375595176503993,1.0287076961871593,0.0,0.0
2018-07-20,COMPOSITE,1,1,1.0,5.0,0.0,1,1,持有,108.2607,-0.003561054270871944,-0.003561054270871944,0.0,1.3706966074257128,1.0250444122521731,-0.003561054270871944,0.0
2018-07-23,COMPOSITE,1,1,1.0,5.0,0.0,1,1,持有,108.2288,-0.0002946590960524187,-0.00029465909605230767,-1.1102230246251565e-16,1.3702927192024066,1.0247423735922454,-0.0038546640698918777,0.0
2018-07-24,COMPOSITE,1,1,1.0,5.0,0.0,1,1,持有,107.9572,-0.0025094983959907946,-0.0025094983959907946,0.0,1.3668539718215302,1.0221707842494119,-0.006354489192582191,0.0
2018-07-25,COMPOSITE,1,1,1.0,5.0,0.0,1,1,持有,107.9183,-0.00036032798182972225,-0.0003603279818298333,1.1102230246251565e-16,1.3663614560884079,1.021802467513638,-0.006712527474145635,0.0
2018-07-26,COMPOSITE,1,1,1.0,5.0,0.0,1,1,持有,108.0791,0.0014900160584441213,0.0014900160584438993,2.220446049250313e-16,1.3683973565996186,1.023324969598791,-0.005232513189430743,0.0
2018-07-27,COMPOSITE,1,1,1.0,5.0,0.0,1,1,持有,108.1828,0.0009594824531293789,0.0009594824531296009,-2.220446049250313e-16,1.3697103098521846,1.0243068319509703,-0.004278051240892422,0.0
2018-07-30,COMPOSITE,1,1,1.0,5.0,0.0,1,1,持有,108.1655,-0.00015991451506169874,-0.00015991451506169874,0.0,1.3694912732922095,1.0241430304206645,-0.004437281633464574,0.0
2018-07-31,COMPOSITE,1,1,1.0,5.0,0.0,1,1,持有,108.4367,0.0025072689535945436,0.0025072689535943216,2.220446049250313e-16,1.3729249562439536,1.0267108324448782,-0.0019411381383480641,0.0
2018-08-01,COMPOSITE,1,1,1.0,5.0,0.0,1,1,持有,108.4971,0.0005570069911755571,0.0005570069911755571,0.0,1.3736896850429408,1.0272827175564656,-0.001385212374686473,0.0
2018-08-02,COMPOSITE,1,1,1.0,5.0,0.0,1,1,持有,108.5281,0.0002857219225211871,0.00028572192252140916,-2.220446049250313e-16,1.374082178300699,1.0275762347494988,-0.0010998862377079588,0.0
2018-08-03,COMPOSITE,1,1,1.0,5.0,0.0,1,1,持有,108.677,0.0013719949027026779,0.0013719949027026779,0.0,1.375967412045222,1.0289860641057136,0.0,0.0
2018-08-06,COMPOSITE,1,1,1.0,5.0,0.0,1,1,持有,108.6584,-0.00017114936923179336,-0.0001711493692320154,2.220446049250313e-16,1.375731916090567,1.0288099537898934,-0.00017114936923179336,0.0
2018-08-07,COMPOSITE,1,1,1.0,5.0,0.0,1,1,持有,108.5388,-0.0011006972309549612,-0.0011006972309547391,-2.220446049250313e-16,1.3742176517799898,1.0276775455225782,-0.0012716582165499535,0.0
2018-08-08,COMPOSITE,1,1,1.0,5.0,0.0,1,1,持有,108.2682,-0.0024931176685204504,-0.0024931176685206724,2.220446049250313e-16,1.3707915654719445,1.025115424476294,-0.0037616054915023955,0.0
2018-08-09,COMPOSITE,1,1,1.0,5.0,0.0,1,1,持有,108.0986,-0.001566480277680804,-0.001566480277680471,-3.3306690738754696e-16,1.3686442475198215,1.0235096013815057,-0.00532219328836836,0.0
2018-08-10,COMPOSITE,1,1,1.0,5.0,0.0,1,1,持有,108.0214,-0.00071416281061909,-0.0007141628106194231,3.3306690738754696e-16,1.367666812697275,1.0227786488878872,-0.006032555186469946,0.0
2018-08-13,COMPOSITE,1,1,1.0,5.0,0.0,1,1,持有,107.8055,-0.0019986780397218684,-0.0019986780397217574,-1.1102230246251565e-16,1.3649332870730806,1.0207344436628587,-0.008019176090617197,0.0
2018-08-14,COMPOSITE,1,1,1.0,5.0,0.0,1,1,持有,107.9537,0.0013746979514033253,0.0013746979514033253,0.0,1.366809658066622,1.0221376452114888,-0.006655502084157772,0.0
2018-08-15,COMPOSITE,1,1,1.0,5.0,0.0,1,1,持有,107.8327,-0.0011208508832952768,-0.0011208508832953878,1.1102230246251565e-16,1.3652776682540815,1.020991981329004,-0.0077688931420631935,0.0
2018-08-16,COMPOSITE,1,1,1.0,5.0,0.0,1,1,持有,107.6543,-0.0016544146627134326,-0.0016544146627134326,0.0,1.3630189328610467,1.0193028372245805,-0.009410454834049453,0.0
2018-08-17,COMPOSITE,1,1,1.0,5.0,0.0,1,1,持有,107.4471,-0.0019246792743068397,-0.0019246792743069507,1.1102230246251565e-16,1.3603955585704812,1.017341006179532,-0.011317022000975396,0.0
2018-08-20,COMPOSITE,1,1,1.0,5.0,0.0,1,1,持有,107.4204,-0.0002484943753716662,-0.0002484943753716662,0.0,1.3600575079258959,1.0170882026616614,-0.011562704160033799,0.0
2018-08-21,COMPOSITE,1,1,1.0,5.0,0.0,1,1,持有,107.3717,-0.00045335895230325107,-0.00045335895230314005,-1.1102230246251565e-16,1.3594409136790304,1.0166270966197029,-0.012010821056893217,0.0
2018-08-22,COMPOSITE,1,1,1.0,5.0,0.0,1,1,持有,107.5274,0.0014501027738220706,0.0014501027738220706,0.0,1.3614122427188036,1.0181013103924537,-0.01057813520800166,0.0
2018-08-23,COMPOSITE,1,1,1.0,5.0,0.0,1,1,持有,107.5532,0.00023993884349482464,0.00023993884349504668,-2.220446049250313e-16,1.3617388983978411,1.01834559244343,-0.010340734470035029,0.0
2018-08-24,COMPOSITE,1,1,1.0,5.0,0.0,1,1,持有,107.5089,-0.00041188918600276736,-0.0004118891860028784,1.1102230246251565e-16,1.3611780128714317,1.0179261469062888,-0.010748364419334355,0.0
2018-08-27,COMPOSITE,1,1,1.0,5.0,0.0,1,1,持有,107.444,-0.000603670951893398,-0.000603670951893398,0.0,1.3603563092447053,1.0173116544602288,-0.011345546895847325,0.0
2018-08-28,COMPOSITE,1,1,1.0,5.0,0.0,1,1,持有,107.4797,0.00033226611071812684,0.00033226611071812684,0.0,1.360808309544769,1.0176496726470445,-0.011017050525870209,0.0
2018-08-29,COMPOSITE,1,1,1.0,5.0,0.0,1,1,持有,107.4759,-3.535551364586276e-05,-3.535551364597378e-05,1.1102230246251565e-16,1.3607601974680115,1.0176136931201565,-0.011052016526035935,0.0
2018-08-30,COMPOSITE,1,1,1.0,5.0,0.0,1,1,持有,107.6894,0.0019864918553833544,0.0019864918553835764,-2.220446049250313e-16,1.3634633365174116,1.0196351744334664,-0.009087479411467037,0.0
2018-08-31,COMPOSITE,1,1,1.0,5.0,0.0,1,1,持有,107.6818,-7.057333405147137e-05,-7.057333405169341e-05,2.220446049250313e-16,1.3633671123638966,1.0195632153796903,-0.009157411411798266,0.0
2018-09-03,COMPOSITE,1,1,1.0,5.0,0.0,1,1,持有,107.5721,-0.0010187422572801585,-0.0010187422572801585,0.0,1.3619781926743455,1.0185245432482146,-0.010166824627105941,0.0
2018-09-04,COMPOSITE,1,1,1.0,5.0,0.0,1,1,持有,107.4602,-0.0010402325510054933,-0.0010402325510053823,-1.1102230246251565e-16,1.360561418624566,1.01746504086433,-0.011196481316193996,0.0
2018-09-05,COMPOSITE,1,1,1.0,5.0,0.0,1,1,持有,107.4369,-0.00021682446152149204,-0.00021682446152149204,0.0,1.3602664156276059,1.0172444295547276,-0.011410878106683064,0.0
2018-09-06,COMPOSITE,1,1,1.0,5.0,0.0,1,1,持有,107.4052,-0.00029505691247622146,-0.00029505691247611043,-1.1102230246251565e-16,1.3598650596188657,1.0169442845541097,-0.01170256816069648,0.0
2018-09-07,COMPOSITE,1,1,1.0,5.0,0.0,1,1,持有,107.3442,-0.0005679427066845877,-0.0005679427066845877,0.0,1.35909273417618,1.0163667184645926,-0.012263864479144737,0.0
2018-09-10,COMPOSITE,1,1,1.0,5.0,0.0,1,1,持有,107.1542,-0.001770007135923346,-0.001770007135923568,2.220446049250313e-16,1.3566871303383066,1.014567742120195,-0.014012164487426038,0.0
2018-09-11,COMPOSITE,1,1,1.0,5.0,0.0,1,1,持有,107.0234,-0.0012206707716543308,-0.0012206707716542198,-1.1102230246251565e-16,1.355031062012023,1.0133292889315257,-0.015215731019442957,0.0
2018-09-12,COMPOSITE,1,1,1.0,5.0,0.0,1,1,持有,107.0902,0.0006241625663172545,0.0006241625663172545,0.0,1.355876821677128,1.0139617711410296,-0.014601065542847236,0.0
2018-09-13,COMPOSITE,1,1,1.0,5.0,0.0,1,1,持有,107.1418,0.00048183680672941875,0.00048183680672941875,0.0,1.3565301330352033,1.014450335242982,-0.014126264066913752,0.0
2018-09-14,COMPOSITE,1,1,1.0,5.0,0.0,1,1,持有,107.2219,0.0007476073763927893,0.0007476073763927893,0.0,1.3575442849689594,1.0152087457965937,-0.013389217589738434,0.0
2018-09-17,COMPOSITE,1,1,1.0,5.0,0.0,1,1,持有,107.2453,0.00021823899781669986,0.00021823899781647782,2.220446049250313e-16,1.3578405540732028,1.015430303935851,-0.013173900641350045,0.0
2018-09-18,COMPOSITE,1,1,1.0,5.0,0.0,1,1,持有,107.2127,-0.00030397602505671806,-0.00030397602505660704,-1.1102230246251565e-16,1.3574278030989149,1.0151216374683385,-0.013473872116455232,0.0
2018-09-19,COMPOSITE,1,1,1.0,5.0,0.0,1,1,持有,107.0307,-0.0016975600838332605,-0.0016975600838333715,1.1102230246251565e-16,1.3551234878436886,1.0133984074963367,-0.015148559492809022,0.0
2018-09-20,COMPOSITE,1,1,1.0,5.0,0.0,1,1,持有,106.8793,-0.0014145474149005466,-0.0014145474149005466,0.0,1.3532066014170883,1.0119649073987484,-0.016541678552039585,0.0
2018-09-21,COMPOSITE,1,1,1.0,5.0,0.0,1,1,持有,107.0069,0.0011938700945834935,0.0011938700945832714,2.220446049250313e-16,1.354822154310313,1.0131730620384596,-0.015367557072793692,0.0
2018-09-25,COMPOSITE,1,1,1.0,5.0,0.0,1,1,持有,107.0349,0.00026166536924243644,0.00026166536924243644,0.0,1.3551766643495784,1.0134381743418444,-0.015109912861047015,0.0
2018-09-26,COMPOSITE,1,1,1.0,5.0,0.0,1,1,持有,107.1558,0.0011295381226124057,0.0011295381226126278,-2.220446049250313e-16,1.356707388054836,1.0145828913946744,-0.01399744196104058,0.0
2018-09-27,COMPOSITE,1,1,1.0,5.0,0.0,1,1,持有,107.3542,0.0018515096709652568,0.0018515096709650347,2.220446049250313e-16,1.3592193449044894,1.0164614014300872,-0.012171848689235043,0.0
2018-09-28,COMPOSITE,1,1,1.0,5.0,0.0,1,1,持有,107.3923,0.00035489994802251346,0.00035489994802251346,0.0,1.3597017317793472,1.0168221435286218,-0.011821268529679685,0.0
2018-09-29,COMPOSITE,1,1,1.0,5.0,0.0,1,1,持有,107.4265,0.00031845858595080934,0.00031845858595080934,0.0,1.3601347404701645,1.0171459592706134,-0.011506574528188929,0.0
2018-09-30,COMPOSITE,1,1,1.0,5.0,0.0,1,1,持有,107.4165,-9.308690127685093e-05,-9.308690127696195e-05,1.1102230246251565e-16,1.3600081297418551,1.0170512763051185,-0.011598590318098623,0.0
2018-10-08,COMPOSITE,1,1,1.0,5.0,0.0,1,1,持有,107.4088,-7.168358678599773e-05,-7.168358678599773e-05,0.0,1.3599106394810572,1.0169783704216877,-0.01166944247632895,0.0
2018-10-09,COMPOSITE,1,1,1.0,5.0,0.0,1,1,持有,107.4032,-5.213725504793487e-05,-5.213725504793487e-05,0.0,1.359839737473204,1.0169253479610108,-0.01172097131867833,0.0
2018-10-10,COMPOSITE,1,1,1.0,5.0,0.0,1,1,持有,107.4423,0.00036404874342665927,0.0003640487434264372,2.220446049250313e-16,1.360334785420893,1.0172955583560945,-0.01136118958013188,0.0
2018-10-11,COMPOSITE,1,1,1.0,5.0,0.0,1,1,持有,107.731,0.0026870236396649982,0.0026870236396652203,-2.220446049250313e-16,1.3639900371471776,1.0200290555699238,-0.008704693725443358,0.0
2018-10-12,COMPOSITE,1,1,1.0,5.0,0.0,1,1,持有,107.7052,-0.00023948538489382276,-0.00023948538489382276,0.0,1.36366338146814,1.0197847735189478,-0.008942094463409878,0.0
2018-10-15,COMPOSITE,1,1,0.6,4.0,1.0,1,1,持有,107.7096,4.085225225902711e-05,4.085225225902711e-05,0.0,1.363719090188596,1.0198264340237655,-0.008901607515849785,0.0
2018-10-16,COMPOSITE,1,1,0.6,4.0,1.0,1,1,持有,107.7702,0.0005626239443838887,0.0005626239443836667,2.220446049250313e-16,1.3644863512021495,1.0204002127946628,-0.00834399182899781,0.0
2018-10-17,COMPOSITE,1,1,0.6,4.0,1.0,1,1,持有,107.7457,-0.00022733557142884386,-0.00022733557142895489,1.1102230246251565e-16,1.364176154917792,1.0201682395292009,-0.008569430514276277,0.0
2018-10-18,COMPOSITE,1,1,0.6,4.0,1.0,1,1,持有,107.9865,0.002234891972487274,0.002234891972487274,0.0,1.3672249412554762,1.0224482053383113,-0.006353690293254277,0.0
2018-10-19,COMPOSITE,1,1,0.6,4.0,1.0,1,1,持有,107.915,-0.000662119802012251,-0.000662119802012584,3.3306690738754696e-16,1.366319674548066,1.0217712221350246,-0.007011603191107496,0.0
2018-10-22,COMPOSITE,1,1,0.6,4.0,1.0,1,1,持有,107.7887,-0.001170365565491438,-0.001170365565491216,-2.220446049250313e-16,1.3647205810495213,1.0205753762808278,-0.008173762617665226,0.0
2018-10-23,COMPOSITE,1,1,0.6,4.0,1.0,1,1,持有,107.8704,0.0007579644248423278,0.0007579644248423278,0.0,1.365754990699807,1.0213489361089187,-0.0074219936141042275,0.0
2018-10-24,COMPOSITE,1,1,0.6,4.0,1.0,1,1,持有,108.0421,0.0015917248846764043,0.0015917248846766263,-2.220446049250313e-16,1.3679288969048748,1.0229746426264612,-0.005842082501357315,0.0
2018-10-25,COMPOSITE,1,1,0.6,4.0,1.0,1,1,持有,108.0783,0.00033505457594773524,0.0003350545759475132,2.220446049250313e-16,1.368387227741354,1.0233173949615515,-0.005508985341884598,0.0
2018-10-26,COMPOSITE,1,1,0.6,4.0,1.0,1,1,持有,108.1162,0.0003506716889516426,0.0003506716889516426,0.0,1.3688670824016458,1.0236762434007762,-0.005160245498127325,0.0
2018-10-29,COMPOSITE,1,1,0.6,4.0,1.0,1,1,持有,108.3513,0.0021745122377589965,0.0021745122377587744,2.220446049250313e-16,1.3718437006241935,1.025902239919554,-0.0029969542773540248,0.0
2018-10-30,COMPOSITE,1,1,1.0,5.0,0.0,1,1,持有,108.3262,-0.00023165388878587656,-0.00023165388878587656,0.0,1.3715259076961375,1.0256645856761626,-0.0032279139100269694,0.0
2018-10-31,COMPOSITE,1,1,1.0,5.0,0.0,1,1,持有,108.3613,0.0003240213355586441,0.00032402133555886614,-2.220446049250313e-16,1.3719703113525026,1.0259969228850487,-0.0029049384874444417,0.0
2018-11-01,COMPOSITE,1,1,1.0,5.0,0.0,1,1,持有,108.4411,0.0007364252735986287,0.0007364252735988508,-2.220446049250313e-16,1.3729806649644096,1.0267524929496958,-0.0021706524839661956,0.0
2018-11-02,COMPOSITE,1,1,1.0,5.0,0.0,1,1,持有,108.1414,-0.0027637122825202587,-0.0027637122825201477,-1.1102230246251565e-16,1.3691861414369846,1.0239148444738226,-0.004928365707555504,0.0
2018-11-05,COMPOSITE,1,1,1.0,5.0,0.0,1,1,持有,108.234,0.000856286306631926,0.0008562863066314819,4.440892098500626e-16,1.3703585567811272,1.0247916087343023,-0.004076299492993041,0.0
2018-11-06,COMPOSITE,1,1,1.0,5.0,0.0,1,1,持有,108.3989,0.0015235508250641683,0.0015235508250643903,-2.220446049250313e-16,1.3724463676909449,1.0263529308353085,-0.002558959117384574,0.0
2018-11-07,COMPOSITE,1,1,1.0,5.0,0.0,1,1,持有,108.5739,0.0016144075262756186,0.0016144075262756186,0.0,1.374662055436355,1.028009882731464,-0.0009486827939674258,0.0
2018-11-08,COMPOSITE,1,1,1.0,5.0,0.0,1,1,持有,108.5775,3.3157139975648064e-05,3.3157139975648064e-05,0.0,1.3747076352985461,1.0280439685990421,-0.000915557109600007,0.0
2018-11-09,COMPOSITE,1,1,1.0,5.0,0.0,1,1,持有,108.6014,0.00022011926964626838,0.00022011926964604633,2.220446049250313e-16,1.375010234939205,1.0282702608865741,-0.000695639371716128,0.0
2018-11-12,COMPOSITE,1,1,1.0,5.0,0.0,1,1,持有,108.5911,-9.484223960298799e-05,-9.484223960276594e-05,-2.220446049250313e-16,1.3748798258890464,1.0281727374321148,-0.0007904156353231162,0.0
2018-11-13,COMPOSITE,1,1,1.0,5.0,0.0,1,1,持有,108.6334,0.0003895346856235271,0.0003895346856235271,0.0,1.3754153892697942,1.028573246376157,-0.0004011888440056399,0.0
2018-11-14,COMPOSITE,1,1,1.0,5.0,0.0,1,1,持有,109.0477,0.0038137442075827366,0.0038137442075825145,2.220446049250313e-16,1.380660871743642,1.0324959616365985,0.0,0.0
2018-11-15,COMPOSITE,1,1,1.0,5.0,0.0,1,1,持有,109.1788,0.001202226181753474,0.001202226181753474,0.0,1.3823207383917746,1.0337372553142328,0.0,0.0
2018-11-16,COMPOSITE,1,1,1.0,5.0,0.0,1,1,持有,109.4763,0.0027248879819159466,0.0027248879819157246,2.220446049250313e-16,1.3860874075589715,1.036554073537697,0.0,0.0
2018-11-19,COMPOSITE,1,1,1.0,5.0,0.0,1,1,持有,109.416,-0.000550804146650985,-0.0005508041466507629,-2.220446049250313e-16,1.3853239448672674,1.0359831352557647,-0.000550804146650985,0.0
2018-11-20,COMPOSITE,1,1,1.0,5.0,0.0,1,1,持有,109.3317,-0.0007704540469400945,-0.0007704540469398724,-2.220446049250313e-16,1.3842566164276213,1.0351849578566454,-0.0013208338243072548,0.0
2018-11-21,COMPOSITE,1,1,1.0,5.0,0.0,1,1,持有,109.3687,0.0003384196898064129,0.00033841968980619086,2.220446049250313e-16,1.3847250761223653,1.0355352848289754,-0.0009828611306739177,0.0
2018-11-22,COMPOSITE,1,1,1.0,5.0,0.0,1,1,持有,109.3042,-0.0005897482552139621,-0.0005897482552139621,0.0,1.3839084369247712,1.034924579701535,-0.0015720297452508358,0.0
2018-11-23,COMPOSITE,1,1,1.0,5.0,0.0,1,1,持有,109.2979,-5.763730945373968e-05,-5.763730945373968e-05,0.0,1.3838286721659365,1.0348649294332735,-0.00162957644713968,0.0
2018-11-26,COMPOSITE,1,1,1.0,5.0,0.0,1,1,持有,109.1976,-0.0009176754539658161,-0.0009176754539659271,1.1102230246251565e-16,1.3825587665609957,1.0339152592893623,-0.002545756478799621,0.0
2018-11-27,COMPOSITE,1,1,1.0,5.0,0.0,1,1,持有,109.2421,0.00040751811395134396,0.00040751811395134396,0.0,1.3831221843019714,1.0343365984858135,-0.0021392758067271256,0.0
2018-11-28,COMPOSITE,1,1,1.0,5.0,0.0,1,1,持有,109.346,0.0009510985233716074,0.0009510985233713853,2.220446049250313e-16,1.3844376697691034,1.0353203544973024,-0.001190211945416464,0.0
2018-11-29,COMPOSITE,1,1,1.0,5.0,0.0,1,1,持有,109.4714,0.00114681835640984,0.001146818356410284,-4.440892098500626e-16,1.3860253683021,1.036507678884605,-4.4758545913681225e-05,0.0
2018-11-30,COMPOSITE,1,1,1.0,5.0,0.0,1,1,持有,109.3987,-0.0006641003951716185,-0.0006641003951718405,2.220446049250313e-16,1.3851049083072926,1.035819333725459,-0.0007088292169172838,0.0
2018-12-03,COMPOSITE,1,1,1.0,5.0,0.0,1,1,持有,109.3826,-0.00014716811077275516,-0.00014716811077286618,1.1102230246251565e-16,1.3849010650347149,1.0356668941510128,-0.0008558930106333795,0.0
2018-12-04,COMPOSITE,1,1,1.0,5.0,0.0,1,1,持有,109.7518,0.003375308321433179,0.003375308321433401,-2.220446049250313e-16,1.3895755331238884,1.0391625892370737,0.0,0.0
2018-12-05,COMPOSITE,1,1,1.0,5.0,0.0,1,1,持有,109.8702,0.0010787977964825668,0.0010787977964823448,2.220446049250313e-16,1.3910746041470685,1.0402836355485297,0.0,0.0
2018-12-06,COMPOSITE,1,1,1.0,5.0,0.0,1,1,持有,110.0094,0.0012669495459187718,0.0012669495459187718,0.0,1.3928370254851317,1.0416016224282145,0.0,0.0
2018-12-07,COMPOSITE,1,1,0.6,4.0,1.0,1,1,持有,110.0339,0.00022270824129577704,0.00022270824129577704,0.0,1.3931472217694891,1.0418335956936764,0.0,0.0
2018-12-10,COMPOSITE,1,1,0.2,3.0,2.0,1,1,持有,110.1887,0.0014068391650208234,0.0014068391650210454,-2.220446049250313e-16,1.3951071558437145,1.0432992879995329,0.0,0.0
2018-12-11,COMPOSITE,1,1,0.2,3.0,2.0,1,1,持有,110.1898,9.98287483211513e-06,9.982874831893085e-06,2.220446049250313e-16,1.3951210830238285,1.0433097031257372,0.0,0.0
2018-12-12,COMPOSITE,1,1,0.2,3.0,2.0,1,1,持有,110.2017,0.00010799547689543942,0.00010799547689543942,0.0,1.3952717497905165,1.043422375854676,0.0,0.0
2018-12-13,COMPOSITE,1,1,0.2,3.0,2.0,1,1,持有,109.8723,-0.002989064597007207,-0.002989064597007318,1.1102230246251565e-16,1.3911011924000134,1.0403035189712835,-0.002989064597007207,0.0
2018-12-14,COMPOSITE,1,1,0.2,3.0,2.0,1,1,持有,109.8304,-0.00038135180568710236,-0.00038135180568710236,0.0,1.3905706934483981,1.0399067973458611,-0.0033692765175129535,0.0
2018-12-17,COMPOSITE,1,1,0.2,3.0,2.0,1,1,持有,109.4312,-0.0036346949478468504,-0.0036346949478467394,-1.1102230246251565e-16,1.3855163931742973,1.0361270533633167,-0.006991725173023711,0.0
2018-12-18,COMPOSITE,1,1,0.2,3.0,2.0,1,1,持有,109.4807,0.0004523390038673192,0.0004523390038673192,0.0,1.3861431162794275,1.036595734042515,-0.0065425487991565,0.0
2018-12-19,COMPOSITE,1,1,0.2,3.0,2.0,1,1,持有,109.6144,0.0012212198131726915,0.0012212198131724694,2.220446049250313e-16,1.3878359017169208,1.0378616452911777,-0.005329318876206024,0.0
2018-12-20,COMPOSITE,1,1,0.2,3.0,2.0,1,1,持有,109.8112,0.0017953845480154218,0.0017953845480154218,0.0,1.3903276008500445,1.0397250060521115,-0.0035435025049523894,0.0
2018-12-21,COMPOSITE,-1,1,-0.2,2.0,3.0,1,1,持有,109.8867,0.0006875437113882388,0.0006875437113882388,0.0,1.3912835118487785,1.0404398624415958,-0.0028583951064277136,0.0
2018-12-24,COMPOSITE,-1,-1,-0.2,2.0,3.0,1,-1,多翻空,109.8056,-0.0011376577630279883,-0.0007380329011609232,-0.00039962486186706503,1.3897007073609509,1.0396719835914345,-0.003992800994073065,0.0005559914812406285
2018-12-25,COMPOSITE,-1,-1,-0.6,1.0,4.0,-1,-1,持空,109.8537,-0.0004380468755692535,0.00043804687556914246,-0.0008760937511383959,1.389091953308115,1.0401274086554635,-0.004429098835642131,0.0
2018-12-26,COMPOSITE,-1,-1,-0.6,1.0,4.0,-1,-1,持空,109.9471,-0.0008509669043117452,0.0008502217039574322,-0.0017011886082691774,1.387909882028804,1.0410117475531833,-0.005276296723428775,0.0
2018-12-27,COMPOSITE,-1,-1,-0.6,1.0,4.0,-1,-1,持空,110.1821,-0.0021429072960067463,0.002137391527379906,-0.004280298823386652,1.3849357198164047,1.0432367972423064,-0.007407897404690944,0.0
2018-12-28,COMPOSITE,-1,-1,-0.6,1.0,4.0,-1,-1,持空,110.5216,-0.00310246543195547,0.0030812627459453346,-0.006183728177900805,1.380639004620194,1.0464512839208484,-0.0104873800910249,0.0
2018-12-29,COMPOSITE,-1,-1,-0.6,1.0,4.0,-1,-1,持空,110.5647,-0.0003950880743901486,0.00038996901963050945,-0.000785057094020658,1.3800935306144306,1.04685936750213,-0.010878324726609434,0.0
2018-12-30,COMPOSITE,-1,-1,-0.6,1.0,4.0,-1,-1,持空,110.5616,2.842823932902583e-05,-2.803788189198464e-05,5.646612122101047e-05,1.3801327642436154,1.0468300157828265,-0.010850205738899277,0.0
2018-12-31,COMPOSITE,-1,-1,-1.0,0.0,5.0,-1,-1,持空,110.5621,-4.585069546259035e-06,4.522365812276163e-06,-9.107435358535199e-06,1.3801264362389083,1.0468347499311013,-0.010854741059497575,0.0
2019-01-02,COMPOSITE,-1,-1,-1.0,0.0,5.0,-1,-1,持空,111.0179,-0.004179768562968422,0.004122570030779205,-0.008302338593747627,1.3743578271477952,1.0511503994983455,-0.01498913931702639,0.0
2019-01-03,COMPOSITE,-1,-1,-0.6,1.0,4.0,-1,-1,持空,111.0929,-0.0006906503439899625,0.0006755667329323423,-0.0013662170769223048,1.3734086264417102,1.0518605217395551,-0.015669437406790943,0.0
2019-01-04,COMPOSITE,-1,-1,-0.6,1.0,4.0,-1,-1,持空,111.0972,-3.962465316909025e-05,3.870634396974104e-05,-7.833099713883129e-05,1.373354205601228,1.0519012354147177,-0.015708441163937548,0.0
2019-01-07,COMPOSITE,-1,-1,-0.6,1.0,4.0,-1,-1,持空,111.002,0.0008773061540447991,-0.0008569072847920411,0.0017342134388368402,1.3745590576974853,1.050999853583209,-0.014844916121996232,0.0
2019-01-08,COMPOSITE,-1,-1,-0.2,2.0,3.0,-1,-1,持空,111.2961,-0.00270787373445347,0.0026495018107781654,-0.005357375545231635,1.3708369253286912,1.0537844795984053,-0.017512591697992796,0.0
2019-01-09,COMPOSITE,-1,-1,-0.2,2.0,3.0,-1,-1,持空,111.2733,0.0002104969667200418,-0.00020485893036681357,0.0004153558970868554,1.3711254823433408,1.0535686024370776,-0.01730578107870462,0.0
2019-01-10,COMPOSITE,-1,-1,-0.2,2.0,3.0,-1,-1,持空,111.2395,0.00031198684855437975,-0.000303756606481298,0.0006157434550356777,1.3715532554615497,1.053248574013706,-0.016999193406250668,0.0
2019-01-11,COMPOSITE,1,-1,0.2,3.0,2.0,-1,-1,持空,111.2749,-0.00032665354515981626,0.0003182322825974193,-0.0006448858277572356,1.3711052327282778,1.053583751711557,-0.017320294104619438,0.0
2019-01-14,COMPOSITE,1,1,0.2,3.0,2.0,-1,1,空翻多,111.1251,0.0009773874748488787,-0.0013462155436673173,0.002323603018516196,1.3724453338094462,1.0521654008884476,-0.016359835268289102,0.0005557691291183081
2019-01-15,COMPOSITE,1,1,0.2,3.0,2.0,1,1,持有,111.1122,-0.00011608538485008424,-0.00011608538484997322,-1.1102230246251565e-16,1.3722860129646852,1.0520432598629597,-0.016474021515365922,0.0
2019-01-16,COMPOSITE,1,1,0.2,3.0,2.0,1,1,持有,111.4501,0.003041070197512097,0.003041070197512319,-2.220446049250313e-16,1.3764592310611747,1.0552425972670225,-0.01348304997371752,0.0
2019-01-17,COMPOSITE,1,1,0.2,3.0,2.0,1,1,持有,111.5447,0.0008488103644592737,0.0008488103644588296,4.440892098500626e-16,1.377627583922755,1.0561382981206013,-0.012645684161820547,0.0
2019-01-18,COMPOSITE,1,1,0.2,3.0,2.0,1,1,持有,111.5039,-0.0003657726454058263,-0.0003657726454058263,0.0,1.3771236854369995,1.0557519916213833,-0.013006831361877524,0.0
2019-01-21,COMPOSITE,1,1,0.2,3.0,2.0,1,1,持有,111.4005,-0.000927321824617966,-0.000927321824617966,0.0,1.3758466485882954,1.054772969758169,-0.01392209166790448,0.0
2019-01-22,COMPOSITE,1,1,0.2,3.0,2.0,1,1,持有,111.4139,0.00012028671325547968,0.00012028671325547968,0.0,1.3760121446595976,1.0548998449319318,-0.013803479597297441,0.0
2019-01-23,COMPOSITE,1,1,0.6,4.0,1.0,1,1,持有,111.3699,-0.0003949237931712979,-0.00039492379317118687,-1.1102230246251565e-16,1.375468724723979,1.0544832398837556,-0.014192952067947129,0.0
2019-01-24,COMPOSITE,1,1,0.6,4.0,1.0,1,1,持有,111.264,-0.0009508852930639744,-0.0009508852930640854,1.1102230246251565e-16,1.3741608117425694,1.0534805472791675,-0.01513034149162451,0.0
2019-01-25,COMPOSITE,1,1,0.6,4.0,1.0,1,1,持有,111.2825,0.00016627121081413954,0.0001662712108139175,2.220446049250313e-16,1.374389295124591,1.0536557107653326,-0.01496658602101042,0.0
2019-01-28,COMPOSITE,1,1,0.6,4.0,1.0,1,1,持有,111.2111,-0.0006416103160874487,-0.0006416103160873377,-1.1102230246251565e-16,1.373507472774519,1.0529796743917013,-0.015598593621110157,0.0
2019-01-29,COMPOSITE,1,1,1.0,5.0,0.0,1,1,持有,111.2581,0.0004226196845458219,0.0004226196845458219,0.0,1.3740879440693843,1.0534246843295259,-0.015182566209279824,0.0
2019-01-30,COMPOSITE,1,1,1.0,5.0,0.0,1,1,持有,111.4015,0.0012888949209091116,0.0012888949209091116,0.0,1.3758589990413777,1.0547824380547184,-0.013913240020844264,0.0
2019-01-31,COMPOSITE,1,1,1.0,5.0,0.0,1,1,持有,111.4625,0.000547568928605191,0.0005475689286054131,-2.220446049250313e-16,1.3766123766793945,1.0553600041442357,-0.013373289550170808,0.0
2019-02-01,COMPOSITE,1,1,1.0,5.0,0.0,1,1,持有,111.4622,-2.6914881686712633e-06,-2.6914881687822856e-06,1.1102230246251565e-16,1.3766086715434698,1.0553571636552708,-0.01337594504428885,0.0
2019-02-02,COMPOSITE,1,1,1.0,5.0,0.0,1,1,持有,111.4859,0.00021262813761091515,0.0002126281376106931,2.220446049250313e-16,1.376901377281519,1.055581562283493,-0.013166161008961508,0.0
2019-02-03,COMPOSITE,1,1,1.0,5.0,0.0,1,1,持有,111.5268,0.0003668625359798394,0.0003668625359798394,0.0,1.3774065108125826,1.0559688156123659,-0.012804128644198665,0.0
2019-02-11,COMPOSITE,1,1,1.0,5.0,0.0,1,1,持有,111.6475,0.0010822510822510178,0.0010822510822510178,0.0,1.3788972104996091,1.0571116390058857,-0.011735734844030121,0.0
2019-02-12,COMPOSITE,1,1,1.0,5.0,0.0,1,1,持有,111.6383,-8.240220336308557e-05,-8.240220336319659e-05,1.1102230246251565e-16,1.3787835863312528,1.0570245306776307,-0.0118171699969839,0.0
2019-02-13,COMPOSITE,1,1,1.0,5.0,0.0,1,1,持有,111.609,-0.0002624547310378089,-0.0002624547310378089,0.0,1.3784217180559428,1.0567471095887313,-0.012076523255848515,0.0
2019-02-14,COMPOSITE,1,1,1.0,5.0,0.0,1,1,持有,111.5584,-0.00045336845594867725,-0.00045336845594856623,-1.1102230246251565e-16,1.3777967851299817,1.056268013783329,-0.012524416597095467,0.0
2019-02-15,COMPOSITE,1,1,1.0,5.0,0.0,1,1,持有,111.5701,0.00010487780391255086,0.00010487780391255086,0.0,1.3779412854310438,1.0563787928529575,-0.012420852326491039,0.0
2019-02-18,COMPOSITE,1,1,1.0,5.0,0.0,1,1,持有,111.3354,-0.002103610196638739,-0.00210361019663885,1.1102230246251565e-16,1.3750426340926416,1.054156583652799,-0.014498333891524773,0.0
2019-02-19,COMPOSITE,1,1,1.0,5.0,0.0,1,1,持有,111.3003,-0.0003152636088792349,-0.0003152636088792349,0.0,1.3746091331894548,1.053824246443913,-0.014809026703338612,0.0
2019-02-20,COMPOSITE,1,1,1.0,5.0,0.0,1,1,持有,111.3456,0.00040700698919948763,0.0004070069891997097,-2.220446049250313e-16,1.3751686087140804,1.0542531602776037,-0.014408047091510556,0.0
2019-02-21,COMPOSITE,1,1,1.0,5.0,0.0,1,1,持有,111.2621,-0.0007499173743731324,-0.0007499173743732435,1.1102230246251565e-16,1.3741373458817132,1.0534625575157237,-0.015147159621038964,0.0
2019-02-22,COMPOSITE,1,1,1.0,5.0,0.0,1,1,持有,111.175,-0.000782836203882642,-0.000782836203882642,0.0,1.3730616214182498,1.0526378688862656,-0.015918138079984212,0.0
2019-02-25,COMPOSITE,1,1,1.0,5.0,0.0,1,1,持有,110.8892,-0.002570721834944778,-0.002570721834944778,0.0,1.3695318619273453,1.04993182973243,-0.018447938809795117,0.0
2019-02-26,COMPOSITE,1,1,1.0,5.0,0.0,1,1,持有,110.7187,-0.0015375708364746554,-0.0015375708364747664,1.1102230246251565e-16,1.367426109676823,1.0483174851707469,-0.019957144633562796,0.0
2019-02-27,COMPOSITE,1,1,1.0,5.0,0.0,1,1,持有,110.8969,0.0016094842154035227,0.0016094842154037448,-2.220446049250313e-16,1.3696269604160785,1.0500047356158608,-0.018379781127431438,0.0
2019-02-28,COMPOSITE,1,1,1.0,5.0,0.0,1,1,持有,110.8546,-0.00038143536924828414,-0.00038143536924839516,1.1102230246251565e-16,1.3691045362506997,1.0496042266718186,-0.018754205798078738,0.0
2019-03-01,COMPOSITE,1,1,1.0,5.0,0.0,1,1,持有,110.6962,-0.0014288987556673183,-0.0014288987556673183,0.0,1.3671482244824726,1.0481044484983841,-0.020156306692417636,0.0
2019-03-04,COMPOSITE,1,1,1.0,5.0,0.0,1,1,持有,110.6121,-0.0007597370099425849,-0.0007597370099428069,2.220446049250313e-16,1.366109551378256,1.0473081647585742,-0.02090073021018224,0.0
2019-03-05,COMPOSITE,1,1,1.0,5.0,0.0,1,1,持有,110.5458,-0.0005993919290926408,-0.0005993919290926408,0.0,1.3652907163389034,1.0466804166973451,-0.021487594410274813,0.0
2019-03-06,COMPOSITE,1,1,1.0,5.0,0.0,1,1,持有,110.5781,0.00029218658691698707,0.0002921865869172091,-2.220446049250313e-16,1.3656896359734598,1.046986242675893,-0.021201686210229664,0.0
2019-03-07,COMPOSITE,1,1,1.0,5.0,0.0,1,1,持有,110.8553,0.002506825492570419,0.002506825492570419,0.0,1.3691131815678572,1.0496108544794034,-0.018748009645136676,0.0
2019-03-08,COMPOSITE,1,1,1.0,5.0,0.0,1,1,持有,110.9337,0.000707228251603631,0.000707228251603631,0.0,1.370081457089505,1.050353168928881,-0.01805404051561532,0.0
2019-03-11,COMPOSITE,1,1,1.0,5.0,0.0,1,1,持有,110.9248,-8.022810020757998e-05,-8.0228100207691e-05,1.1102230246251565e-16,1.3699715380570732,1.0502689010895907,-0.01813282017445117,0.0
2019-03-12,COMPOSITE,1,1,1.0,5.0,0.0,1,1,持有,110.8967,-0.0002533247749828549,-0.00025332477498274386,-1.1102230246251565e-16,1.369624490325462,1.0500028419565508,-0.018381551456843503,0.0
2019-03-13,COMPOSITE,1,1,1.0,5.0,0.0,1,1,持有,110.9056,8.025486781848556e-05,8.025486781848556e-05,0.0,1.369734409357894,1.050087109795841,-0.018302771798007544,0.0
2019-03-14,COMPOSITE,1,1,1.0,5.0,0.0,1,1,持有,110.8925,-0.00011811847192577662,-0.0001181184719256656,-1.1102230246251565e-16,1.3695726184225165,1.0499630751110431,-0.01841872837449654,0.0
2019-03-15,COMPOSITE,1,1,1.0,5.0,0.0,1,1,持有,110.8786,-0.00012534661947372072,-0.00012534661947394277,2.220446049250313e-16,1.3694009471246735,1.0498314657890055,-0.018541766268633464,0.0
2019-03-18,COMPOSITE,1,1,0.6,4.0,1.0,1,1,持有,110.9105,0.00028770204529982024,0.0002877020453000423,-2.220446049250313e-16,1.369794926577997,1.0501335044489335,-0.018259398727412446,0.0
2019-03-19,COMPOSITE,1,1,0.2,3.0,2.0,1,1,持有,110.9063,-3.7868371344451646e-05,-3.786837134456267e-05,1.1102230246251565e-16,1.3697430546750515,1.0500937376034256,-0.01829657564506537,0.0
2019-03-20,COMPOSITE,1,1,0.2,3.0,2.0,1,1,持有,110.8808,-0.0002299238185748953,-0.00022992381857467326,-2.220446049250313e-16,1.3694281181214543,1.0498522960414145,-0.01852229264510108,0.0
2019-03-21,COMPOSITE,1,1,0.2,3.0,2.0,1,1,持有,110.9545,0.0006646777440280083,0.0006646777440277862,2.220446049250313e-16,1.3703383465136156,1.0505501094971097,-0.017869926256762758,0.0
2019-03-22,COMPOSITE,1,1,0.2,3.0,2.0,1,1,持有,111.0829,0.0011572311172598493,0.0011572311172596272,2.220446049250313e-16,1.3719241446893755,1.0517658387740603,-0.016733374774230425,0.0
2019-03-25,COMPOSITE,1,1,0.2,3.0,2.0,1,1,持有,111.198,0.0010361630818063183,0.0010361630818063183,0.0,1.3733456818391414,1.052855639706903,-0.015714550197599153,0.0
2019-03-26,COMPOSITE,1,1,0.2,3.0,2.0,1,1,持有,111.3444,0.0013165704419144664,0.0013165704419144664,0.0,1.3751537881703817,1.0542417983217443,-0.014418669067982837,0.0
2019-03-27,COMPOSITE,-1,1,-0.2,2.0,3.0,1,1,持有,111.3016,-0.0003843929286071468,-0.0003843929286071468,0.0,1.3746251887784617,1.0538365552294273,-0.014797519562160244,0.0
2019-03-28,COMPOSITE,-1,-1,-0.2,2.0,3.0,1,-1,多翻空,111.3486,2.2187157298736437e-05,0.0004222760499401623,-0.0004000888926414259,1.374655687803752,1.0542815651672521,-0.014775660719755779,0.0005499722695754159
2019-03-29,COMPOSITE,-1,-1,-0.6,1.0,4.0,-1,-1,持空,111.3406,7.184643542879066e-05,-7.184643542890168e-05,0.00014369287085769233,1.3747544519148627,1.0542058187948564,-0.014704875862880606,0.0
2019-04-01,COMPOSITE,-1,-1,-0.6,1.0,4.0,-1,-1,持空,110.8973,0.003980904589400147,-0.00398147665811055,0.007962381247510697,1.380227218221789,1.0500085229344804,-0.01078250998128949,0.0
2019-04-02,COMPOSITE,-1,-1,-0.6,1.0,4.0,-1,-1,持空,110.6559,0.0021592148114621956,-0.00217678879467742,0.004336003606139616,1.3832074252745568,1.0477228761474409,-0.008646576925083638,0.0
2019-04-03,COMPOSITE,-1,-1,-0.6,1.0,4.0,-1,-1,持空,110.1871,0.004184171372520584,-0.004236556749346643,0.008420728121867227,1.3889950021856485,1.0432841387250535,-0.00449858431220318,0.0
2019-04-04,COMPOSITE,-1,-1,-0.6,1.0,4.0,-1,-1,持空,110.0306,0.00139098623145828,-0.0014203114520662252,0.002811297683524505,1.390927075109253,1.0418023503150633,-0.003113855549584321,0.0
2019-04-08,COMPOSITE,-1,-1,-0.6,1.0,4.0,-1,-1,持空,110.1577,-0.001128107176394777,0.001155133208398329,-0.002283240384793106,1.3893579602939805,1.0430057708064997,-0.004238449963187341,0.0
2019-04-09,COMPOSITE,-1,-1,-0.6,1.0,4.0,-1,-1,持空,109.9003,0.0022871969397413316,-0.002336650093457071,0.004623847033198403,1.39253569556897,1.0405686312746685,-0.001960947193231144,0.0
2019-04-10,COMPOSITE,-1,-1,-0.6,1.0,4.0,-1,-1,持空,109.8977,2.305027886406741e-05,-2.365780621182978e-05,4.670808507589719e-05,1.3925677939050811,1.0405440137036397,-0.001937942114746738,0.0
2019-04-11,COMPOSITE,-1,-1,-0.6,1.0,4.0,-1,-1,持空,110.0037,-0.0009397204774843626,0.0009645333796797217,-0.0019042538571640844,1.3912591694328633,1.0415476531378827,-0.0028758414683416333,0.0
2019-04-12,COMPOSITE,-1,-1,-0.6,1.0,4.0,-1,-1,持空,109.7264,0.0024606565596063668,-0.0025208242995462538,0.0049814808591526205,1.3946825804342406,1.0389220945047173,-0.000422261366908816,0.0
2019-04-15,COMPOSITE,-1,-1,-0.6,1.0,4.0,-1,-1,持空,109.4204,0.0027086645398635145,-0.002788754575015706,0.005497419114879221,1.3984603076842281,1.0360247957605824,0.0,0.0
2019-04-16,COMPOSITE,-1,-1,-0.6,1.0,4.0,-1,-1,持空,109.2176,0.0017903048108702801,-0.0018534021078335794,0.0036437069187038595,1.4009639779008864,1.0341046252203518,0.0,0.0
2019-04-17,COMPOSITE,-1,-1,-0.6,1.0,4.0,-1,-1,持空,109.2347,-0.0001506878769400588,0.00015656817216269658,-0.0003072560491027554,1.400752869613387,1.0342665330913476,-0.0001506878769400588,0.0
2019-04-18,COMPOSITE,-1,-1,-0.6,1.0,4.0,-1,-1,持空,109.4141,-0.001581139142888599,0.0016423352652590317,-0.0032234744081476308,1.398538084421728,1.0359651454923207,-0.0017315887613280623,0.0
2019-04-19,COMPOSITE,-1,-1,-0.6,1.0,4.0,-1,-1,持空,109.3458,0.0006029142917169938,-0.0006242339881239456,0.0012271482798409394,1.3993812830203363,1.0353184608379926,-0.001129718469222607,0.0
2019-04-22,COMPOSITE,-1,-1,-0.6,1.0,4.0,-1,-1,持空,109.0343,0.002748091333675484,-0.0028487605376702474,0.005596851871345732,1.4032269105967121,1.0323690864628359,0.0,0.0
2019-04-23,COMPOSITE,-1,-1,-0.6,1.0,4.0,-1,-1,持空,109.0618,-0.00024194350135342546,0.00025221421149113077,-0.0004941577128445562,1.402887408964769,1.032629464617946,-0.00024194350135342546,0.0
2019-04-24,COMPOSITE,-1,-1,-0.6,1.0,4.0,-1,-1,持空,108.8869,0.0015391330518483848,-0.0016036779147236002,0.003142810966571985,1.4050466393439285,1.0309734595514453,0.0,0.0
2019-04-25,COMPOSITE,-1,-1,-0.6,1.0,4.0,-1,-1,持空,108.9364,-0.00043493427220575587,0.0004546001401455335,-0.0008895344123512894,1.4044355364064303,1.0314421402306437,-0.00043493427220575587,0.0
2019-04-26,COMPOSITE,-1,-1,-0.6,1.0,4.0,-1,-1,持空,108.9614,-0.00021975935471607588,0.00022949170341579617,-0.00044925105813187205,1.4041268985592092,1.0316788476443801,-0.0006545980460468392,0.0
2019-04-28,COMPOSITE,-1,-1,-0.6,1.0,4.0,-1,-1,持空,108.9493,0.0001063869072006618,-0.00011104849974419295,0.00021743540694485475,1.4042762792772643,1.0315642812561314,-0.0005482807795077482,0.0
2019-04-29,COMPOSITE,-1,-1,-0.6,1.0,4.0,-1,-1,持空,108.9288,0.0001802231074155003,-0.00018816091521456357,0.00036838402263006387,1.4045293623119857,1.0313701811768676,-0.00036815648495791553,0.0
2019-04-30,COMPOSITE,-1,-1,-0.6,1.0,4.0,-1,-1,持空,109.0699,-0.001240238941568994,0.0012953415442014116,-0.0025355804857704056,1.4027874103022693,1.0327061578199965,-0.0016079388245177073,0.0
2019-05-05,COMPOSITE,-1,-1,-1.0,0.0,5.0,-1,-1,持空,109.0968,-0.00023673888229325257,0.0002466308303206155,-0.0004833697126138681,1.4024553159786592,1.032960854997177,-0.0018442970451708618,0.0
2019-05-06,COMPOSITE,-1,-1,-1.0,0.0,5.0,-1,-1,持空,109.3588,-0.002306329907289073,0.0024015369836696276,-0.004707866890958701,1.3992207913397812,1.0354415486931356,-0.004146373395026659,0.0
2019-05-07,COMPOSITE,-1,-1,-1.0,0.0,5.0,-1,-1,持空,109.3317,0.00023910695757134448,-0.00024780813249580813,0.0004869150900671526,1.399555354766169,1.0351849578566454,-0.003908257864182807,0.0
2019-05-08,COMPOSITE,-1,-1,-1.0,0.0,5.0,-1,-1,持空,109.4239,-0.0008132985784918834,0.000843305281085005,-0.0016566038595768884,1.398417098385617,1.0360579347985057,-0.004718377862109269,0.0
2019-05-09,COMPOSITE,-1,-1,-1.0,0.0,5.0,-1,-1,持空,109.678,-0.0022432470847055797,0.0023221617946351802,-0.00456540887934076,1.395280103306461,1.0384638289517234,-0.006951040459431179,0.0
2019-05-10,COMPOSITE,-1,-1,-1.0,0.0,5.0,-1,-1,持空,109.7218,-0.00038754477115399144,0.00039935082696618274,-0.0007868955981201742,1.3947393697981294,1.0388785403405898,-0.007335891391201055,0.0
2019-05-13,COMPOSITE,-1,-1,-1.0,0.0,5.0,-1,-1,持空,109.9333,-0.0018720889680409192,0.001927602354317992,-0.0037996913223589113,1.392128293610638,1.0408810850608008,-0.00919424691789772,0.0
2019-05-14,COMPOSITE,-1,-1,-1.0,0.0,5.0,-1,-1,持空,109.8196,0.0010083014156125891,-0.0010342635034154002,0.0020425649190279893,1.3935319785398002,1.039804539743127,-0.008195216074467826,0.0
2019-05-15,COMPOSITE,-1,-1,-1.0,0.0,5.0,-1,-1,持空,109.8681,-0.0004296689511471552,0.0004416333696353192,-0.0008713023207824744,1.392933221116191,1.0402637521257758,-0.008621363795719872,0.0
2019-05-16,COMPOSITE,1,-1,0.2,3.0,2.0,-1,-1,持空,109.9772,-0.00096694912925821,0.000993008889750513,-0.001959958019008723,1.3915863255509178,1.0412967432793219,-0.009579976504762722,0.0
2019-05-17,COMPOSITE,1,1,0.2,3.0,2.0,-1,1,空翻多,109.9764,-0.0003879571850003982,-7.27423502311364e-06,-0.0003806829499772846,1.391046449637372,1.0412891686420824,-0.009964217069046044,0.0005497523246567062
2019-05-20,COMPOSITE,1,1,0.2,3.0,2.0,1,1,持有,109.944,-0.0002946086614944443,-0.00029460866149455534,1.1102230246251565e-16,1.3906366353047677,1.04098239583388,-0.010255890185886907,0.0
2019-05-21,COMPOSITE,1,1,0.2,3.0,2.0,1,1,持有,109.7975,-0.0013324965436950498,-0.0013324965436950498,0.0,1.3887836167946883,1.039595290389384,-0.011574720791356796,0.0
2019-05-22,COMPOSITE,1,1,0.2,3.0,2.0,1,1,持有,109.6643,-0.0012131423757371085,-0.0012131423757371085,0.0,1.3870988245384253,1.0383341132889958,-0.012773821382814576,0.0
2019-05-23,COMPOSITE,1,1,0.2,3.0,2.0,1,1,持有,109.7302,0.0006009248223897146,0.0006009248223899366,-2.220446049250313e-16,1.387932366653198,1.0389580740316053,-0.012180572666770528,0.0
2019-05-24,COMPOSITE,1,1,0.2,3.0,2.0,1,1,持有,109.7632,0.00030073762738047627,0.00030073762738047627,0.0,1.38834977014011,1.0392705278177374,-0.011883498195913944,0.0
2019-05-27,COMPOSITE,1,1,0.2,3.0,2.0,1,1,持有,109.5162,-0.0022502988251070777,-0.0022502988251071887,1.1102230246251565e-16,1.385225568283526,1.0369318585700207,-0.014107055598992613,0.0
2019-05-28,COMPOSITE,1,1,0.2,3.0,2.0,1,1,持有,109.6455,0.0011806472467086326,0.0011806472467086326,0.0,1.3868610310367904,1.0381561093138658,-0.01294306380863608,0.0
2019-05-29,COMPOSITE,1,1,0.2,3.0,2.0,1,1,持有,109.8693,0.0020411234387183175,0.0020411234387185395,-2.220446049250313e-16,1.3896917855934847,1.040275114081635,-0.010928358760826318,0.0
2019-05-30,COMPOSITE,1,1,0.2,3.0,2.0,1,1,持有,109.9458,0.0006962818548950089,0.000696281854895231,-2.220446049250313e-16,1.3906594027676902,1.040999438767669,-0.010239686123840186,0.0
2019-05-31,COMPOSITE,1,1,0.2,3.0,2.0,1,1,持有,109.9917,0.0004174784302810597,0.00041747843028083764,2.220446049250313e-16,1.3912399730722131,1.041434033579289,-0.009826482541648751,0.0
2019-06-03,COMPOSITE,1,1,0.2,3.0,2.0,1,1,持有,110.228,0.0021483439204958987,0.0021483439204958987,0.0,1.3942288350103136,1.0436713920539267,-0.007699249285181176,0.0
2019-06-04,COMPOSITE,1,1,0.2,3.0,2.0,1,1,持有,110.401,0.001569474180788788,0.001569474180788788,0.0,1.3964170411689736,1.0453094073569833,-0.006141858877356854,0.0
2019-06-05,COMPOSITE,1,1,0.2,3.0,2.0,1,1,持有,110.391,-9.057888968377892e-05,-9.057888968377892e-05,0.0,1.396290555263849,1.0452147243914889,-0.006231881444282994,0.0
2019-06-06,COMPOSITE,-1,1,-0.6,1.0,4.0,1,1,持有,110.5014,0.001000081528385488,0.001000081528385488,0.0,1.3976869596564274,1.0462600243305493,-0.005238032305416973,0.0
2019-06-10,COMPOSITE,-1,-1,-1.0,0.0,5.0,1,-1,多翻空,110.4322,-0.00102590598119634,-0.0006262364096748518,-0.0003996695715214882,1.3962530642446758,1.0456048182093263,-0.006258564557941493,0.0005586129482875278
2019-06-11,COMPOSITE,-1,-1,-1.0,0.0,5.0,-1,-1,持空,110.1601,0.0024639552594261094,-0.0024639552594259984,0.004927910518852108,1.3996933693258113,1.0430284947182182,-0.003810030121574326,0.0
2019-06-12,COMPOSITE,-1,-1,-1.0,0.0,5.0,-1,-1,持空,110.2124,-0.0004724297068858796,0.00047476354868969395,-0.0009471932555755735,1.3990321125976106,1.043523686627755,-0.00428065985704662,0.0
2019-06-13,COMPOSITE,-1,-1,-1.0,0.0,5.0,-1,-1,持空,110.2994,-0.0007862487799588092,0.0007893848605058373,-0.0015756336404646465,1.3979321253059576,1.0443474284275582,-0.00506354297341538,0.0
2019-06-14,COMPOSITE,-1,-1,-1.0,0.0,5.0,-1,-1,持空,110.4116,-0.0010147876814543544,0.0010172312814031859,-0.0020320189628575402,1.3965135210056878,1.0454097713004078,-0.006073192233835845,0.0
2019-06-17,COMPOSITE,-1,-1,-1.0,0.0,5.0,-1,-1,持空,110.4794,-0.0006138368606318778,0.0006140659133639925,-0.0012279027739958703,1.3956562895301237,1.046051721806461,-0.006683301145212872,0.0
2019-06-18,COMPOSITE,-1,-1,-1.0,0.0,5.0,-1,-1,持空,110.4038,0.0006848756624542318,-0.0006842904650097292,0.001369166127463961,1.396612140555974,1.0453359185873219,-0.006003002713057981,0.0
2019-06-19,COMPOSITE,-1,-1,-0.2,2.0,3.0,-1,-1,持空,110.3322,0.0006481949219903083,-0.0006485284021022775,0.0012967233240925857,1.3975174174534724,1.0446579885543803,-0.00535869890694296,0.0
2019-06-20,COMPOSITE,1,-1,0.2,3.0,2.0,-1,-1,持空,110.3824,-0.00045416629724193136,0.0004549895678689353,-0.0009091558651108667,1.3968827121426564,1.0451332970411635,-0.00581043146374427,0.0
2019-06-21,COMPOSITE,1,1,0.2,3.0,2.0,-1,1,空翻多,110.376,-0.0003418117629168105,-5.798025772252302e-05,-0.00028383150519428746,1.3964052412002308,1.0450726999432467,-0.006150257152839234,0.0005583895477884206
2019-06-24,COMPOSITE,1,1,0.2,3.0,2.0,1,1,持有,110.3376,-0.0003479017177648869,-0.00034790171776466483,-2.220446049250313e-16,1.3959194294181214,1.0447091173557475,-0.006496019185575852,0.0
2019-06-25,COMPOSITE,1,1,0.2,3.0,2.0,1,1,持有,110.357,0.00017582401647309176,0.00017582401647309176,0.0,1.3961648655788745,1.044892802308807,-0.0063213373252870575,0.0
2019-06-26,COMPOSITE,1,1,0.6,4.0,1.0,1,1,持有,110.3434,-0.00012323640548395076,-0.00012323640548406178,1.1102230246251565e-16,1.3959928072393777,1.0447640334757344,-0.006443794711881168,0.0
2019-06-27,COMPOSITE,1,1,0.6,4.0,1.0,1,1,持有,110.2943,-0.00044497450685765383,-0.00044497450685765383,0.0,1.3953716260283995,1.044299140115156,-0.0068859018943646655,0.0
2019-06-28,COMPOSITE,1,1,0.6,4.0,1.0,1,1,持有,110.4276,0.0012085846684732893,0.0012085846684732893,0.0,1.39705805078244,1.045561264045199,-0.0056856394213495864,0.0
2019-07-01,COMPOSITE,1,1,0.6,4.0,1.0,1,1,持有,110.401,-0.000240881808533433,-0.000240881808533433,0.0,1.3967215249125413,1.0453094073569833,-0.005925151662776518,0.0
2019-07-02,COMPOSITE,1,1,0.6,4.0,1.0,1,1,持有,110.7601,0.0032526879285512678,0.0032526879285512678,0.0,1.4012646241561721,1.0487094726478945,-0.0026917364035135005,0.0
2019-07-03,COMPOSITE,1,1,0.6,4.0,1.0,1,1,持有,110.9474,0.0016910421713234314,0.0016910421713234314,0.0,1.403634221728804,1.0504828845916085,-0.0010052460719623957,0.0
2019-07-04,COMPOSITE,1,1,0.6,4.0,1.0,1,1,持有,110.963,0.00014060717060515593,0.00014060717060493388,2.220446049250313e-16,1.4038315827652859,1.05063059001778,-0.0008647802461632104,0.0
2019-07-05,COMPOSITE,1,1,0.6,4.0,1.0,1,1,持有,110.8778,-0.0007678235087371643,-0.0007678235087369423,-2.220446049250313e-16,1.402753687873731,1.049823891151766,-0.0016319397562974958,0.0
2019-07-08,COMPOSITE,1,1,0.6,4.0,1.0,1,1,持有,110.8489,-0.00026064730721564455,-0.0002606473072158666,2.220446049250313e-16,1.4023880639022999,1.0495502573814866,-0.0018921617028101467,0.0
2019-07-09,COMPOSITE,1,1,0.6,4.0,1.0,1,1,持有,110.8609,0.00010825547208859199,0.00010825547208881403,-2.220446049250313e-16,1.402539880084209,1.0496638769400803,-0.0017841110675799188,0.0
2019-07-10,COMPOSITE,1,1,0.6,4.0,1.0,1,1,持有,110.8551,-5.231781448644668e-05,-5.2317814486779746e-05,3.3306690738754696e-16,1.402466502262953,1.0496089608200931,-0.001836335541274492,0.0
2019-07-11,COMPOSITE,1,1,0.6,4.0,1.0,1,1,持有,110.9223,0.0006061967379038524,0.0006061967379038524,0.0,1.4033166728816442,1.050245230348217,-0.0012312519839854374,0.0
2019-07-12,COMPOSITE,1,1,0.6,4.0,1.0,1,1,持有,110.9859,0.0005733743350073706,0.0005733743350073706,0.0,1.4041212986457625,1.0508474140087627,-0.0006585836172655624,0.0
2019-07-15,COMPOSITE,1,1,0.6,4.0,1.0,1,1,持有,110.9075,-0.0007063960376949563,-0.0007063960376947342,-2.220446049250313e-16,1.403129432923956,1.050105099559285,-0.0013645144341027926,0.0
2019-07-16,COMPOSITE,1,1,0.6,4.0,1.0,1,1,持有,110.9518,0.0003994319590652218,0.00039943195906499973,2.220446049250313e-16,1.4036898876621708,1.0505245450964262,-0.0009656275057112751,0.0
2019-07-17,COMPOSITE,1,1,0.6,4.0,1.0,1,1,持有,110.8993,-0.0004731784432520092,-0.0004731784432518982,-1.1102230246251565e-16,1.4030256918663182,1.0500274595275796,-0.0014383490348434114,0.0
2019-07-18,COMPOSITE,1,1,0.6,4.0,1.0,1,1,持有,111.0019,0.0009251636394460583,0.0009251636394460583,0.0,1.4043237202216414,1.0509989067535543,-0.0005145161036252954,0.0
2019-07-19,COMPOSITE,1,1,0.6,4.0,1.0,1,1,持有,111.054,0.0004693613352564352,0.0004693613352564352,0.0,1.404982855478097,1.0514922050037812,-4.539626233424077e-05,0.0
2019-07-22,COMPOSITE,1,1,0.6,4.0,1.0,1,1,持有,111.0765,0.00020260413852724035,0.0002026041385270183,2.220446049250313e-16,1.4052675108191766,1.0517052416761439,0.0,0.0
2019-07-23,COMPOSITE,1,1,0.6,4.0,1.0,1,1,持有,111.1004,0.00021516702452806236,0.00021516702452806236,0.0,1.4055698780481454,1.051931533963676,0.0,0.0
2019-07-24,COMPOSITE,1,1,0.6,4.0,1.0,1,1,持有,111.0021,-0.0008847852933021594,-0.0008847852933022704,1.1102230246251565e-16,1.4043262504913399,1.051000800412864,-0.0008847852933021594,0.0
2019-07-25,COMPOSITE,1,1,0.6,4.0,1.0,1,1,持有,111.0498,0.00042972159986165437,0.0004297215998618764,-2.220446049250313e-16,1.4049297198144288,1.0514524381582735,-0.00045544390479224095,0.0
2019-07-26,COMPOSITE,1,1,0.6,4.0,1.0,1,1,持有,111.016,-0.0003043679502350294,-0.0003043679502351404,1.1102230246251565e-16,1.4045021042353847,1.0511324097349015,-0.0007596732324994804,0.0
2019-07-29,COMPOSITE,1,1,0.6,4.0,1.0,1,1,持有,110.9319,-0.0007575484614830152,-0.0007575484614830152,0.0,1.4034381258271715,1.0503361259950919,-0.0015166462046939388,0.0
2019-07-30,COMPOSITE,1,1,0.2,3.0,2.0,1,1,持有,110.9637,0.0002866623577166827,0.0002866623577166827,0.0,1.4038404387092307,1.0506372178253647,-0.0012304186123540672,0.0
2019-07-31,COMPOSITE,-1,1,-0.2,2.0,3.0,1,1,持有,111.066,0.000921923115397183,0.000921923115397183,0.0,1.4051346716600062,1.0516058245623745,-0.0003096298483171722,0.0
2019-08-01,COMPOSITE,-1,-1,-0.6,1.0,4.0,1,-1,多翻空,111.1327,0.00020038363529994996,0.0006005438207912217,-0.00040016018549127175,1.4054162376535995,1.0522373599422234,-0.00010930825777177855,0.0005622789508516102
2019-08-02,COMPOSITE,-1,-1,-1.0,0.0,5.0,-1,-1,持空,111.4896,-0.0032114760102111006,0.0032114760102113227,-0.006422952020422423,1.4009027771220137,1.055616594980726,-0.0033204332271353776,0.0
2019-08-05,COMPOSITE,-1,-1,-1.0,0.0,5.0,-1,-1,持空,111.7581,-0.0024238145876626094,0.0024082963792140255,-0.004832110966876635,1.3975072485349282,1.0581588326042561,-0.0057361997003047005,0.0
2019-08-06,COMPOSITE,-1,-1,-1.0,0.0,5.0,-1,-1,持空,111.7563,1.6288516686113752e-05,-1.6106215120048617e-05,3.239473180616237e-05,1.397530011855065,1.058141789670467,-0.005720004617803087,0.0
2019-08-07,COMPOSITE,-1,-1,-1.0,0.0,5.0,-1,-1,持空,111.7958,-0.00035743662739085025,0.00035344763561417913,-0.0007108842630050294,1.3970304834409502,1.0585157873841706,-0.00607539670603463,0.0
2019-08-08,COMPOSITE,-1,-1,-1.0,0.0,5.0,-1,-1,持空,111.7723,0.00021272820757922695,-0.00021020467674082166,0.0004229328843200486,1.397327671231626,1.0582932824152584,-0.005863960906707044,0.0
2019-08-09,COMPOSITE,-1,-1,-1.0,0.0,5.0,-1,-1,持空,111.9626,-0.0017222794907554295,0.0017025685254754563,-0.003424848016230886,1.3949210824415987,1.0600950992486207,-0.007576141017858307,0.0
2019-08-12,COMPOSITE,-1,-1,-1.0,0.0,5.0,-1,-1,持空,111.8606,0.0009247272054742073,-0.0009110185008207594,0.0018357457062949667,1.396211003916022,1.0591293330005758,-0.006658419676095817,0.0
2019-08-13,COMPOSITE,-1,-1,-1.0,0.0,5.0,-1,-1,持空,112.0632,-0.0018350651420951936,0.0018111828472224811,-0.0036462479893176747,1.393648865771726,1.0610476098814965,-0.008481266184341862,0.0
2019-08-14,COMPOSITE,-1,-1,-1.0,0.0,5.0,-1,-1,持空,112.0295,0.00030580151757408913,-0.00030072316335783,0.0006065246809319191,1.3940750457098445,1.0607285282877796,-0.008178058250837839,0.0
2019-08-15,COMPOSITE,-1,-1,-1.0,0.0,5.0,-1,-1,持空,112.0696,-0.00036376534323201426,0.0003579414350685095,-0.0007217067783005238,1.3935679295223506,1.061108206979413,-0.0085388486999034,0.0
2019-08-16,COMPOSITE,-1,-1,-1.0,0.0,5.0,-1,-1,持空,112.0514,0.0001651605596582062,-0.00016239908057136265,0.00032755964022956885,1.3937980919815123,1.060935883982213,-0.008375098421275262,0.0
2019-08-19,COMPOSITE,-1,-1,-1.0,0.0,5.0,-1,-1,持空,112.0543,-2.6312446694598535e-05,2.588097962163971e-05,-5.2193426316238245e-05,1.393761417743514,1.0609633420422062,-0.008401190498639077,0.0
2019-08-20,COMPOSITE,-1,-1,-1.0,0.0,5.0,-1,-1,持空,111.9948,0.0005398730254937423,-0.0005309925634268131,0.0010708655889205554,1.3945138719369277,1.0603999783975133,-0.00786585304927756,0.0
2019-08-21,COMPOSITE,-1,-1,-1.0,0.0,5.0,-1,-1,持空,111.835,0.0014491623333872106,-0.0014268519609839103,0.002876014294371121,1.3965347489135247,1.0588869446089095,-0.00642808961384933,0.0
2019-08-22,COMPOSITE,-1,-1,-1.0,0.0,5.0,-1,-1,持空,111.8225,0.00011319346846505596,-0.00011177180667931719,0.00022496527514437314,1.3966928275255863,1.0587685909020415,-0.006315623763143097,0.0
2019-08-23,COMPOSITE,-1,-1,-1.0,0.0,5.0,-1,-1,持空,111.8023,0.0001828999419608568,-0.00018064343043677766,0.00036354337239763446,1.396948282562678,1.0585773313117421,-0.006133878948401894,0.0
2019-08-26,COMPOSITE,-1,-1,-1.0,0.0,5.0,-1,-1,持空,111.908,-0.000956880623484202,0.0009454188330653146,-0.0019022994565495166,1.3956115698190843,1.0595781302570202,-0.007084890181973558,0.0
2019-08-27,COMPOSITE,-1,-1,-1.0,0.0,5.0,-1,-1,持空,111.87,0.00034433576724324233,-0.0003395646423847154,0.0006839004096279577,1.3960921287997516,1.0592183349881408,-0.006742993995826896,0.0
2019-08-28,COMPOSITE,-1,-1,-1.0,0.0,5.0,-1,-1,持空,111.843,0.000244575408033354,-0.00024135156878513087,0.00048592697681848485,1.396433578601805,1.0589626909813055,-0.006500067758301475,0.0
2019-08-29,COMPOSITE,-1,-1,-1.0,0.0,5.0,-1,-1,持空,111.9979,-0.0014027950850551418,0.0013849771554768076,-0.0027877722405319494,1.3944746684411364,1.0604293301168168,-0.007893744580252604,0.0
2019-08-30,COMPOSITE,-1,-1,-1.0,0.0,5.0,-1,-1,持空,111.825,0.0015680050785589206,-0.0015437789458552231,0.0031117840244141437,1.3966612118031738,1.0587922616434151,-0.0063381169332844545,0.0
2019-09-02,COMPOSITE,-1,-1,-1.0,0.0,5.0,-1,-1,持空,111.7253,0.0009027493562139277,-0.0008915716521350481,0.0017943210083489758,1.397922046812978,1.0578482724774338,-0.005441089308051761,0.0
2019-09-03,COMPOSITE,-1,-1,-1.0,0.0,5.0,-1,-1,持空,111.7523,-0.0002442552521664254,0.00024166415306114963,-0.00048591940522757504,1.3975805970109247,1.0581039164842694,-0.005684015545577181,0.0
2019-09-04,COMPOSITE,-1,-1,-1.0,0.0,5.0,-1,-1,持空,111.8181,-0.0005954045267031471,0.000588802199149363,-0.0011842067258525102,1.396748471197032,1.0587269303972238,-0.006276035783694622,0.0
2019-09-05,COMPOSITE,-1,-1,-1.0,0.0,5.0,-1,-1,持空,112.1161,-0.002698119374579533,0.0026650426004377614,-0.005363161975017294,1.3929798770854809,1.061548482768963,-0.008957221664530612,0.0
2019-09-06,COMPOSITE,-1,-1,-1.0,0.0,5.0,-1,-1,持空,112.1041,0.00010894304366892982,-0.00010703190710326105,0.00021597495077219087,1.39313163255306,1.0614348632103696,-0.008849254447852672,0.0
2019-09-09,COMPOSITE,-1,-1,-1.0,0.0,5.0,-1,-1,持空,112.0545,0.0004502488623501222,-0.0004424459051902696,0.0008926947675403918,1.393758888485721,1.060965235701516,-0.008402989952250306,0.0
2019-09-10,COMPOSITE,-1,-1,-1.0,0.0,5.0,-1,-1,持空,111.8957,0.0014408738155662348,-0.0014171675390097782,0.002858041354576013,1.395767119173353,1.059461670209462,-0.006974223784878664,0.0
2019-09-11,COMPOSITE,-1,-1,-1.0,0.0,5.0,-1,-1,持空,111.841,0.0004956070370762955,-0.0004888480969332809,0.0009844551340095764,1.396458871179735,1.0589437543882063,-0.0064820732221883,0.0
2019-09-12,COMPOSITE,-1,-1,-1.0,0.0,5.0,-1,-1,持空,111.5687,0.0024659404986577815,-0.002434706413569021,0.004900646912226803,1.3999024556648871,1.0563655372377885,-0.0040321171304043,0.0
2019-09-16,COMPOSITE,-1,-1,-1.0,0.0,5.0,-1,-1,持空,111.5577,9.937062261133889e-05,-9.859396049272107e-05,0.00019796458310405995,1.4000415648435016,1.0562613859757441,-0.003933147181782726,0.0
2019-09-17,COMPOSITE,-1,-1,-1.0,0.0,5.0,-1,-1,持空,111.4665,0.0008237909377575292,-0.0008175141653151696,0.0016413051030726988,1.4011949063971036,1.0553978773304336,-0.00311259633503036,0.0
2019-09-18,COMPOSITE,-1,-1,-1.0,0.0,5.0,-1,-1,持空,111.2062,0.0023493013017277242,-0.0023352307644002313,0.0046845320661279555,1.4044867354146766,1.0529332797386088,-0.0007706074599242996,0.0
2019-09-19,COMPOSITE,-1,-1,-1.0,0.0,5.0,-1,-1,持空,111.306,-0.000898619835186909,0.0008974319777135253,-0.0017960518129004344,1.4032246357759761,1.053878215734245,-0.0016685348119624965,0.0
2019-09-20,COMPOSITE,-1,-1,-1.0,0.0,5.0,-1,-1,持空,111.3495,-0.0003920352849783315,0.0003908145113471484,-0.0007828497963254799,1.402674522206001,1.0542900866341467,-0.0020599159724203897,0.0
2019-09-23,COMPOSITE,-1,-1,-1.0,0.0,5.0,-1,-1,持空,111.3686,-0.0001722025426470486,0.00017153197814101517,-0.00034373452078806377,1.402432978086771,1.0544709310982414,-0.0022317637922992795,0.0
2019-09-24,COMPOSITE,-1,-1,-0.6,1.0,4.0,-1,-1,持空,111.2584,0.0009937166807338915,-0.0009895069166716564,0.001983223597405548,1.403826599130707,1.0534275248184906,-0.001240264852473305,0.0
2019-09-25,COMPOSITE,-1,-1,-0.6,1.0,4.0,-1,-1,持空,111.2746,-0.0001459367427281144,0.00014560698338295097,-0.0002915437261110654,1.4036217292494748,1.053580911222592,-0.0013860205949887128,0.0
2019-09-26,COMPOSITE,-1,-1,-0.6,1.0,4.0,-1,-1,持空,111.1641,0.0009955780118713342,-0.0009930388426468983,0.0019886168545182326,1.4050191441801003,1.0525346644538767,-0.0003918224747458954,0.0
2019-09-27,COMPOSITE,-1,-1,-0.6,1.0,4.0,-1,-1,持空,111.0491,0.001035091398570609,-0.0010345066437817962,0.002069598042352405,1.4064734674110682,1.0514458103506885,0.0,0.0
2019-09-29,COMPOSITE,-1,-1,-0.6,1.0,4.0,-1,-1,持空,111.0889,-0.00035786121278980065,0.0003584000230529849,-0.0007162612358427856,1.4059701451102637,1.051822648553357,-0.00035786121278980065,0.0
2019-09-30,COMPOSITE,-1,-1,-0.6,1.0,4.0,-1,-1,持空,111.0562,0.0002941269063154728,-0.0002943588423324206,0.0005884857486478934,1.406383678759417,1.0515130352561899,-6.383956308564365e-05,0.0
2019-10-08,COMPOSITE,-1,-1,-0.6,1.0,4.0,-1,-1,持空,111.2999,-0.0021913654625695944,0.002194384464802468,-0.004385749927372062,1.403301778138662,1.0538204591252933,-0.002255065129841527,0.0
2019-10-09,COMPOSITE,-1,-1,-0.6,1.0,4.0,-1,-1,持空,111.2921,7.029211782039191e-05,-7.008092549942724e-05,0.00014037304331981915,1.4034004191925886,1.0537466064122076,-0.0021849315253249513,0.0
2019-10-10,COMPOSITE,-1,-1,-0.6,1.0,4.0,-1,-1,持空,111.1942,0.0008821941854482152,-0.0008796671102443421,0.0017618612956925572,1.404638490882256,1.0528196601800153,-0.0013046648737639055,0.0
2019-10-11,COMPOSITE,-1,-1,-0.6,1.0,4.0,-1,-1,持空,110.9919,0.001821354230439498,-0.0018193394979234556,0.0036406937283629537,1.4071968351398625,1.0509042237880595,0.0,0.0
2019-10-12,COMPOSITE,-1,-1,-0.6,1.0,4.0,-1,-1,持空,110.8842,0.0009678854354360222,-0.0009703410789436706,0.0019382265143796928,1.408558840461386,1.0498844882496825,0.0,0.0
2019-10-14,COMPOSITE,-1,-1,-0.6,1.0,4.0,-1,-1,持空,110.9246,-0.00036271830434553287,0.00036434406344665327,-0.0007270623677921861,1.4080479303872029,1.050267007430281,-0.00036271830434553287,0.0
2019-10-15,COMPOSITE,-1,-1,-0.6,1.0,4.0,-1,-1,持空,110.8777,0.0004212292349254909,-0.000422809728410356,0.0008440389633358469,1.4086410413396582,1.049822944322111,0.0,0.0
2019-10-16,COMPOSITE,-1,-1,-0.6,1.0,4.0,-1,-1,持空,110.8982,-0.00018404186458642613,0.0001848883950514857,-0.0003689302596379118,1.408381792415877,1.050017044401375,-0.00018404186458642613,0.0
2019-10-17,COMPOSITE,-1,-1,-0.6,1.0,4.0,-1,-1,持空,110.9661,-0.0006096947754814508,0.0006122732379787443,-0.0012219680134601951,1.407523109395158,1.0506599417370834,-0.0007936244307045204,0.0
2019-10-18,COMPOSITE,-1,-1,-0.6,1.0,4.0,-1,-1,持空,110.8026,0.0014690119344866748,-0.0014734229643106334,0.002942434898797308,1.409590777640925,1.0491118752512467,0.0,0.0
2019-10-21,COMPOSITE,-1,-1,-0.6,1.0,4.0,-1,-1,持空,110.5499,0.0022671240988023644,-0.0022806324039329473,0.004547756502735312,1.4127864948623645,1.0467192367131979,0.0,0.0
2019-10-22,COMPOSITE,-1,-1,-0.6,1.0,4.0,-1,-1,持空,110.5649,-0.00013426964029150668,0.00013568533304875174,-0.0002699549733402584,1.4125968005278906,1.0468612611614398,-0.00013426964029150668,0.0
2019-10-23,COMPOSITE,-1,-1,-0.6,1.0,4.0,-1,-1,持空,110.5263,0.0003455669401657424,-0.0003491162204278808,0.0006946831605936232,1.413084947281937,1.0464957849146308,0.0,0.0
2019-10-24,COMPOSITE,-1,-1,-0.6,1.0,4.0,-1,-1,持空,110.53,-3.311284948592785e-05,3.347619525850831e-05,-6.658904474443617e-05,1.4130381560127667,1.0465308176118637,-3.311284948592785e-05,0.0
2019-10-25,COMPOSITE,-1,-1,-0.6,1.0,4.0,-1,-1,持空,110.4127,0.0010498015848157127,-0.001061250339274289,0.0021110519240900016,1.4145215657083539,1.0454201864266122,0.0,0.0
2019-10-28,COMPOSITE,-1,-1,-0.6,1.0,4.0,-1,-1,持空,110.0144,0.0035609332631219015,-0.00360737487625995,0.0071683081393818515,1.419558582603088,1.0416489639109618,0.0,0.0
2019-10-29,COMPOSITE,-1,-1,-0.6,1.0,4.0,-1,-1,持空,110.0113,2.761668047490673e-05,-2.817812940847375e-05,5.579480988338048e-05,1.4195977860988793,1.0416196121916586,0.0,0.0
2019-10-30,COMPOSITE,-1,-1,-0.6,1.0,4.0,-1,-1,持空,109.8766,0.00119995617086599,-0.0012244196732519308,0.002424375844117921,1.4213012412224564,1.040344232646446,0.0,0.0
2019-10-31,COMPOSITE,-1,-1,-0.6,1.0,4.0,-1,-1,持空,110.1211,-0.002175483678089063,0.0022252235689856903,-0.004400707247074753,1.4182092235705293,1.0426592311527894,-0.002175483678089063,0.0
2019-11-01,COMPOSITE,-1,-1,-0.6,1.0,4.0,-1,-1,持空,110.2072,-0.0007677608224403443,0.0007818665087799825,-0.0015496273312203268,1.4171203780906483,1.043474451485698,-0.0029415742493914543,0.0
2019-11-04,COMPOSITE,-1,-1,-0.6,1.0,4.0,-1,-1,持空,110.0407,0.001485835039292116,-0.0015107905835552993,0.0029966256228474153,1.4192259852033102,1.0418979801102128,-0.0014601099041897658,0.0
2019-11-05,COMPOSITE,-1,-1,-0.6,1.0,4.0,-1,-1,持空,110.3831,-0.003051021744767457,0.003111575989610982,-0.006162597734378439,1.414895895861716,1.0451399248487478,-0.004506676821889766,0.0
2019-11-06,COMPOSITE,-1,-1,-0.6,1.0,4.0,-1,-1,持空,110.351,0.0002869086531112064,-0.00029080538596926164,0.000577714039080468,1.4153018417374903,1.0448359925295103,-0.0042210611733555226,0.0
2019-11-07,COMPOSITE,-1,-1,-0.6,1.0,4.0,-1,-1,持空,110.3106,0.0003609901853560693,-0.00036610452102858737,0.0007270947063846567,1.4158127518116739,1.044453473348912,-0.003861594749654862,0.0
2019-11-08,COMPOSITE,-1,-1,-0.6,1.0,4.0,-1,-1,持空,110.2906,0.00017864352399366012,-0.00018130623892886888,0.000359949762922529,1.4160656775909726,1.0442641074179229,-0.0036836410745555437,0.0
2019-11-11,COMPOSITE,-1,-1,-0.6,1.0,4.0,-1,-1,持空,110.4566,-0.0014824764143360758,0.0015051146697904194,-0.002987591084126495,1.413966393622793,1.0458358446451332,-0.005160656577879785,0.0
2019-11-12,COMPOSITE,-1,-1,-0.6,1.0,4.0,-1,-1,持空,110.4646,-7.155071872699814e-05,7.242663634410285e-05,-0.000143977355071101,1.4138652233110736,1.045911591017529,-0.00523183804791949,0.0
2019-11-13,COMPOSITE,-1,-1,-0.6,1.0,4.0,-1,-1,持空,110.5916,-0.0011359489377535947,0.001149689583812341,-0.002285638521565936,1.4122591446125266,1.0471140646793105,-0.0063618438848001,0.0
2019-11-14,COMPOSITE,-1,-1,-0.6,1.0,4.0,-1,-1,持空,110.485,0.0009545658874330343,-0.0009639068428343167,0.001918472730267351,1.413607239016189,1.046104744267138,-0.005413350796520722,0.0
2019-11-15,COMPOSITE,-1,-1,-0.6,1.0,4.0,-1,-1,持空,110.5613,-0.0006825883607503025,0.0006905914830066529,-0.0013731798437569553,1.412642327168164,1.0468271752938618,-0.006092244067024688,0.0
2019-11-18,COMPOSITE,-1,-1,-0.6,1.0,4.0,-1,-1,持空,110.883,-0.002879930101043593,0.0029096980589047305,-0.0057896281599483235,1.4085740160081441,1.049873126293823,-0.008954628930996744,0.0
2019-11-19,COMPOSITE,-1,-1,-0.6,1.0,4.0,-1,-1,持空,111.0821,-0.0017875355531932202,0.001795586338753763,-0.003583121891946983,1.4060561398752254,1.0517582641368208,-0.010726157766610234,0.0
2019-11-20,COMPOSITE,-1,-1,-0.6,1.0,4.0,-1,-1,持空,111.0523,0.00026802586359631064,-0.00026827004530882714,0.0005362959089051378,1.4064329992863804,1.051476108899647,-0.010461006790712268,0.0
2019-11-21,COMPOSITE,-1,-1,-0.6,1.0,4.0,-1,-1,持空,111.0665,-0.00012768279995800658,0.00012786768036310292,-0.0002555504803211095,1.4062534219830782,1.0516105587106492,-0.010587353900032848,0.0
2019-11-22,COMPOSITE,-1,-1,-0.2,2.0,3.0,-1,-1,持空,111.0801,-0.00012230336810881148,0.00012244916333914446,-0.00024475253144795595,1.4060814324531552,1.051739327543722,-0.010708362399100335,0.0
2019-11-25,COMPOSITE,-1,-1,-0.2,2.0,3.0,-1,-1,持空,110.9124,0.0015082929128220623,-0.0015097213632323525,0.003018014276054415,1.408202215112575,1.0501514942123775,-0.009216220833392685,0.0
2019-11-26,COMPOSITE,1,-1,0.2,3.0,2.0,-1,-1,持空,110.9898,-0.0006950867960451301,0.000697848031419257,-0.0013929348274643871,1.4072233923466888,1.0508843403653056,-0.00990490155602708,0.0
2019-11-27,COMPOSITE,1,1,0.2,3.0,2.0,-1,1,空翻多,110.9946,-0.000442542580419647,4.324721731174819e-05,-0.0004857897977313952,1.4066006360754129,1.050929788188743,-0.010343060795753312,0.000562054084244443
2019-11-28,COMPOSITE,1,1,0.6,4.0,1.0,1,1,持有,111.0127,0.00016307099624657262,0.00016307099624679466,-2.220446049250313e-16,1.4068300118424588,1.0511011643562882,-0.010181676452734933,0.0
2019-11-29,COMPOSITE,1,1,0.6,4.0,1.0,1,1,持有,111.0652,0.00047291886423805884,0.0004729188642382809,-2.220446049250313e-16,1.4074953282938354,1.051598249925135,-0.009713572695360884,0.0
2019-12-02,COMPOSITE,1,1,0.6,4.0,1.0,1,1,持有,110.8326,-0.00209426535044277,-0.002094265350442992,2.220446049250313e-16,1.4045476595968795,1.0493959241477304,-0.011787495247078783,0.0
2019-12-03,COMPOSITE,1,1,0.6,4.0,1.0,1,1,持有,110.9315,0.0008923367312505537,0.0008923367312505537,0.0,1.4058009890643297,1.050332338676472,-0.010905676930806685,0.0
2019-12-04,COMPOSITE,1,1,0.6,4.0,1.0,1,1,持有,110.9454,0.00012530255157483516,0.00012530255157461312,2.220446049250313e-16,1.4059771395152658,1.0504639479985096,-0.010781740888378022,0.0
2019-12-05,COMPOSITE,1,1,0.6,4.0,1.0,1,1,持有,110.9764,0.00027941672209919055,0.00027941672209919055,0.0,1.4063699930389355,1.0507574651915428,-0.010505336764976447,0.0
2019-12-06,COMPOSITE,1,1,0.6,4.0,1.0,1,1,持有,110.9649,-0.00010362563572063888,-0.0001036256357207499,1.1102230246251565e-16,1.4062242570543484,1.050648579781224,-0.010607873778496368,0.0
2019-12-09,COMPOSITE,1,1,0.6,4.0,1.0,1,1,持有,110.9698,4.4158107653791134e-05,4.4158107654235224e-05,-4.440892098500626e-16,1.4062863532564769,1.0506949744343166,-0.010564184094474793,0.0
2019-12-10,COMPOSITE,1,1,0.6,4.0,1.0,1,1,持有,110.9614,-7.569627051695615e-05,-7.569627051695615e-05,0.0,1.4061799026242565,1.050615440743301,-0.010639080695654668,0.0
2019-12-11,COMPOSITE,1,1,1.0,5.0,0.0,1,1,持有,111.0387,0.0006966386509181799,0.0006966386509181799,0.0,1.407159501894569,1.0513473400665743,-0.009949853639559247,0.0
2019-12-12,COMPOSITE,1,1,1.0,5.0,0.0,1,1,持有,111.0492,9.456162581167327e-05,9.456162581167327e-05,0.0,1.4072925651848445,1.0514467571803436,-0.009856232888084349,0.0
2019-12-13,COMPOSITE,1,1,1.0,5.0,0.0,1,1,持有,111.0335,-0.00014137877625419737,-0.0001413787762543084,1.1102230246251565e-16,1.407093603884147,1.051298104924517,-0.009996218202194318,0.0
2019-12-16,COMPOSITE,1,1,1.0,5.0,0.0,1,1,持有,111.0304,-2.7919501771944688e-05,-2.7919501771722643e-05,-2.220446049250313e-16,1.40705431853178,1.0512687532052138,-0.010023858614534475,0.0
2019-12-17,COMPOSITE,1,1,1.0,5.0,0.0,1,1,持有,110.9339,-0.0008691313370032816,-0.0008691313370035036,2.220446049250313e-16,1.4058314035306783,1.0503550625881906,-0.010884277901898276,0.0
2019-12-18,COMPOSITE,1,1,1.0,5.0,0.0,1,1,持有,110.93,-3.515607041659763e-05,-3.515607041659763e-05,0.0,1.405781980022862,1.0503181362316478,-0.010919051323874496,0.0
2019-12-19,COMPOSITE,1,1,1.0,5.0,0.0,1,1,持有,110.9575,0.0002479040836562696,0.00024790408365649164,-2.220446049250313e-16,1.40613047911644,1.050578514386758,-0.010673854117630999,0.0
2019-12-20,COMPOSITE,1,1,1.0,5.0,0.0,1,1,持有,111.1689,0.0019052339859857437,0.0019052339859855216,2.220446049250313e-16,1.4088094866939829,1.052580112277314,-0.008788956321271746,0.0
2019-12-23,COMPOSITE,1,1,1.0,5.0,0.0,1,1,持有,111.228,0.000531623502616263,0.000531623502616263,0.0,1.409558442927818,1.053139688603387,-0.008262005234399461,0.0
2019-12-24,COMPOSITE,1,1,1.0,5.0,0.0,1,1,持有,111.3363,0.0009736756931708612,0.0009736756931708612,0.0,1.4109308957218007,1.0541651051196936,-0.007296374054902022,0.0
2019-12-25,COMPOSITE,1,1,1.0,5.0,0.0,1,1,持有,111.3789,0.00038262453485526926,0.00038262453485526926,0.0,1.4114707524994892,1.0545684545527008,-0.0069165412917757685,0.0
2019-12-26,COMPOSITE,1,1,1.0,5.0,0.0,1,1,持有,111.61,0.0020748992852326342,0.0020748992852326342,0.0,1.414399412154977,1.056756577885281,-0.004855993133125791,0.0
2019-12-27,COMPOSITE,1,1,1.0,5.0,0.0,1,1,持有,111.5882,-0.00019532299973101797,-0.000195322999731129,1.1102230246251565e-16,1.414123147418977,1.0565501690205028,-0.005050367645711429,0.0
2019-12-30,COMPOSITE,1,1,1.0,5.0,0.0,1,1,持有,111.568,-0.0001810227246250573,-0.00018102272462516833,1.1102230246251565e-16,1.4138671589938758,1.0563589094302035,-0.005230476139024942,0.0
2019-12-31,COMPOSITE,1,1,1.0,5.0,0.0,1,1,持有,111.6569,0.0007968234619244452,0.0007968234619244452,0.0,1.4149937615182067,1.0572006409934505,-0.004437820443205065,0.0
2020-01-02,COMPOSITE,1,1,1.0,5.0,0.0,1,1,持有,111.4825,-0.0015619276551649408,-0.0015619276551646077,-3.3306690738754696e-16,1.4127836436302055,1.055549370075225,-0.005992816543891055,0.0
2020-01-03,COMPOSITE,1,1,1.0,5.0,0.0,1,1,持有,111.4188,-0.000571390128495497,-0.000571390128495608,1.1102230246251565e-16,1.4119763930025353,1.0549462395850242,-0.0065607824361715306,0.0
2020-01-06,COMPOSITE,1,1,1.0,5.0,0.0,1,1,持有,111.5072,0.0007934029086653638,0.0007934029086653638,0.0,1.4130966591797103,1.0557832369999964,-0.00577258487137422,0.0
2020-01-07,COMPOSITE,1,1,1.0,5.0,0.0,1,1,持有,111.4521,-0.0004941384950926109,-0.0004941384950926109,0.0,1.4123983937231228,1.0552615338601212,-0.006263870910065639,0.0
2020-01-08,COMPOSITE,1,1,1.0,5.0,0.0,1,1,持有,111.4728,0.00018573001316268822,0.00018573001316268822,0.0,1.4126607184953799,1.055457527598695,-0.006079304285729559,0.0
2020-01-09,COMPOSITE,1,1,1.0,5.0,0.0,1,1,持有,111.5402,0.0006046318025560993,0.0006046318025563213,-2.220446049250313e-16,1.413514858092004,1.0560956907861287,-0.005478348223882046,0.0
2020-01-10,COMPOSITE,1,1,1.0,5.0,0.0,1,1,持有,111.7251,0.0016576983007023927,0.0016576983007021706,2.220446049250313e-16,1.4158580392702806,1.0578463788181238,-0.0038297313717210457,0.0
2020-01-13,COMPOSITE,1,1,1.0,5.0,0.0,1,1,持有,111.7196,-4.9227971154142125e-05,-4.922797115425315e-05,1.1102230246251565e-16,1.4157883394515651,1.0577943031871018,-0.003878770812969723,0.0
2020-01-14,COMPOSITE,1,1,1.0,5.0,0.0,1,1,持有,111.6411,-0.0007026519966059075,-0.0007026519966057965,-1.1102230246251565e-16,1.414793532948078,1.057051041907969,-0.004578697383519459,0.0
2020-01-15,COMPOSITE,1,1,1.0,5.0,0.0,1,1,持有,111.6597,0.00016660530933521045,0.00016660530933521045,0.0,1.4150292450622803,1.0572271522237893,-0.004412854909478292,0.0
2020-01-16,COMPOSITE,1,1,1.0,5.0,0.0,1,1,持有,111.6697,8.955782614505914e-05,8.95578261448371e-05,2.220446049250313e-16,1.4151559720053997,1.0573218351892837,-0.004323692289026071,0.0
2020-01-17,COMPOSITE,1,1,1.0,5.0,0.0,1,1,持有,111.7399,0.0006286396399381999,0.0006286396399381999,0.0,1.4160455951460975,1.057986509607056,-0.003697770693451674,0.0
2020-01-19,COMPOSITE,1,1,1.0,5.0,0.0,1,1,持有,111.7758,0.0003212818339732859,0.00032128183397350796,-2.220446049250313e-16,1.416500544871896,1.0583264214531818,-0.0033776768860283024,0.0
2020-01-20,COMPOSITE,1,1,1.0,5.0,0.0,1,1,持有,111.915,0.001245350066830131,0.001245350066829909,2.220446049250313e-16,1.4182645839201171,1.0596444083328664,-0.002136533209333935,0.0
2020-01-21,COMPOSITE,1,1,1.0,5.0,0.0,1,1,持有,112.2381,0.0028870124648170403,0.0028870124648170403,0.0,1.422359131452303,1.0627036149479971,0.0,0.0
2020-01-22,COMPOSITE,1,1,1.0,5.0,0.0,1,1,持有,112.2839,0.00040806107729896013,0.0004080610772991822,-2.220446049250313e-16,1.4229395408517895,1.0631372629299625,0.0,0.0
2020-01-23,COMPOSITE,1,1,1.0,5.0,0.0,1,1,持有,112.5476,0.002348511229125494,0.002348511229125272,2.220446049250313e-16,1.4262813303418467,1.065634052730055,0.0,0.0
2020-02-03,COMPOSITE,1,1,1.0,5.0,0.0,1,1,持有,113.7632,0.010800763410325986,0.010800763410326208,-2.220446049250313e-16,1.4416862575474338,1.0771437140155793,0.0,0.0
2020-02-04,COMPOSITE,1,1,1.0,5.0,0.0,1,1,持有,113.6983,-0.0005704832494162204,-0.0005704832494164425,2.220446049250313e-16,1.4408637996865894,1.0765292215695192,-0.0005704832494162204,0.0
2020-02-05,COMPOSITE,1,1,1.0,5.0,0.0,1,1,持有,113.6209,-0.0006807489645843656,-0.0006807489645842546,-1.1102230246251565e-16,1.4398829331468457,1.0757963754165911,-0.0012508438581192438,0.0
2020-02-06,COMPOSITE,1,1,1.0,5.0,0.0,1,1,持有,113.728,0.0009426082701333716,0.0009426082701331495,2.220446049250313e-16,1.4412401787076536,1.076810429977038,-0.00030941464375133787,0.0
2020-02-07,COMPOSITE,1,1,1.0,5.0,0.0,1,1,持有,113.9391,0.0018561831738885815,0.0018561831738888035,-2.220446049250313e-16,1.443915384476903,1.0788091873786294,0.0,0.0
2020-02-10,COMPOSITE,1,1,1.0,5.0,0.0,1,1,持有,114.0224,0.0007310923115946277,0.0007310923115946277,0.0,1.4449710199130872,1.0795978964811996,0.0,0.0
2020-02-11,COMPOSITE,1,1,1.0,5.0,0.0,1,1,持有,113.7508,-0.002381988100583765,-0.002381988100583987,2.220446049250313e-16,1.4415291161379657,1.077026307138366,-0.002381988100583765,0.0
2020-02-12,COMPOSITE,1,1,1.0,5.0,0.0,1,1,持有,113.7115,-0.0003454920756600366,-0.0003454920756601476,1.1102230246251565e-16,1.4410310792515069,1.076654203083972,-0.0027266572182307325,0.0
2020-02-13,COMPOSITE,1,1,1.0,5.0,0.0,1,1,持有,113.7155,3.5176741138842615e-05,3.5176741138842615e-05,0.0,1.4410817700287546,1.07669207627017,-0.0026915763920071223,0.0
2020-02-14,COMPOSITE,1,1,1.0,5.0,0.0,1,1,持有,113.5076,-0.0018282468089223514,-0.0018282468089222403,-1.1102230246251565e-16,1.4384471168813033,1.0747236174175372,-0.0045149023349798645,0.0
2020-02-17,COMPOSITE,1,1,1.0,5.0,0.0,1,1,持有,113.325,-0.0016087028533771086,-0.0016087028533772196,1.1102230246251565e-16,1.4361330828999443,1.0729947064676058,-0.006116342052087997,0.0
2020-02-18,COMPOSITE,1,1,1.0,5.0,0.0,1,1,持有,113.4081,0.0007332892124420898,0.0007332892124420898,0.0,1.4371861837972661,1.073781521910866,-0.005387537887292182,0.0
2020-02-19,COMPOSITE,1,1,1.0,5.0,0.0,1,1,持有,113.3381,-0.0006172398620557518,-0.0006172398620559738,2.220446049250313e-16,1.4362990951954306,1.0731187411524035,-0.006001452346205638,0.0
2020-02-20,COMPOSITE,1,1,1.0,5.0,0.0,1,1,持有,113.2597,-0.0006917356122962959,-0.0006917356122961849,-1.1102230246251565e-16,1.435305555961375,1.0723764267029259,-0.006689036540188598,0.0
2020-02-21,COMPOSITE,1,1,1.0,5.0,0.0,1,1,持有,113.4786,0.001932726291876019,0.001932726291876019,0.0,1.4380796087462573,1.0744490368176027,-0.004769238325101122,0.0
2020-02-24,COMPOSITE,1,1,1.0,5.0,0.0,1,1,持有,113.6679,0.001668155934246629,0.001668155934246851,-2.220446049250313e-16,1.4404785497795065,1.0762413853544157,-0.0031090382240682723,0.0
2020-02-25,COMPOSITE,1,1,1.0,5.0,0.0,1,1,持有,113.6604,-6.598168876181809e-05,-6.598168876170707e-05,-1.1102230246251565e-16,1.440383504572167,1.0761703731302947,-0.0031748147732375553,0.0
2020-02-26,COMPOSITE,1,1,1.0,5.0,0.0,1,1,持有,113.7169,0.0004970948544964493,0.0004970948544964493,0.0,1.4410995118007912,1.0767053318853392,-0.002679298102828964,0.0
2020-02-27,COMPOSITE,1,1,1.0,5.0,0.0,1,1,持有,113.9259,0.0018378974453225894,0.0018378974453223673,2.220446049250313e-16,1.4437481049119856,1.0786842058641763,-0.0008463249326448041,0.0
2020-02-28,COMPOSITE,1,1,1.0,5.0,0.0,1,1,持有,114.2906,0.0032012035893504986,0.0032012035893507207,-2.220446049250313e-16,1.448369836527548,1.0821372936157647,0.0,0.0
2020-03-02,COMPOSITE,1,1,1.0,5.0,0.0,1,1,持有,114.2529,-0.00032986089844655453,-0.00032986089844666555,1.1102230246251565e-16,1.447892075951988,1.08178033883585,-0.00032986089844655453,0.0
2020-03-03,COMPOSITE,1,1,1.0,5.0,0.0,1,1,持有,114.2068,-0.0004034908523109504,-0.00040349085231083937,-1.1102230246251565e-16,1.447307864744208,1.08134385036492,-0.00073321865490239,0.0
2020-03-04,COMPOSITE,1,1,1.0,5.0,0.0,1,1,持有,114.6616,0.003982249743447852,0.003982249743447852,0.0,1.4530714061172756,1.0856500316356146,0.0,0.0
2020-03-05,COMPOSITE,1,1,1.0,5.0,0.0,1,1,持有,114.6244,-0.0003244329400602375,-0.0003244329400603485,1.1102230246251565e-16,1.4525999818888715,1.0852978110039744,-0.0003244329400602375,0.0
2020-03-06,COMPOSITE,1,1,1.0,5.0,0.0,1,1,持有,115.0065,0.0033334961840585375,0.0033334961840587596,-2.220446049250313e-16,1.4574422183854616,1.0889156471155235,0.0,0.0
2020-03-09,COMPOSITE,1,1,1.0,5.0,0.0,1,1,持有,115.7692,0.006631799072226441,0.006631799072226219,2.220446049250313e-16,1.4671076823371738,1.0961371168937968,0.0,0.0
2020-03-10,COMPOSITE,1,1,1.0,5.0,0.0,1,1,持有,115.0715,-0.006026646120038781,-0.00602664612003867,-1.1102230246251565e-16,1.4582659435157375,1.0895310863912384,-0.006026646120038781,0.0
2020-03-11,COMPOSITE,1,1,1.0,5.0,0.0,1,1,持有,115.0449,-0.00023116062621941769,-0.00023116062621941769,0.0,1.45792884984704,1.0892792297030227,-0.0062564136229670275,0.0
2020-03-12,COMPOSITE,1,1,1.0,5.0,0.0,1,1,持有,114.9571,-0.0007631802887395622,-0.0007631802887394512,-1.1102230246251565e-16,1.456816187286452,1.0884479132659801,-0.0070148191401513404,0.0
2020-03-13,COMPOSITE,1,1,1.0,5.0,0.0,1,1,持有,114.5871,-0.003218591979094687,-0.003218591979094798,1.1102230246251565e-16,1.4521272903910365,1.0849446435426797,-0.010210833278626708,0.0
2020-03-16,COMPOSITE,1,1,1.0,5.0,0.0,1,1,持有,114.5716,-0.00013526828063548102,-0.00013526828063548102,0.0,1.4519308636292014,1.084797884946163,-0.01034472035740075,0.0
2020-03-17,COMPOSITE,1,1,1.0,5.0,0.0,1,1,持有,114.3122,-0.0022640863879006545,-0.0022640863879005435,-1.1102230246251565e-16,1.4486435667246857,1.082341808821233,-0.012585385404753513,0.0
2020-03-18,COMPOSITE,1,1,1.0,5.0,0.0,1,1,持有,114.2862,-0.0002274472890908541,-0.0002274472890908541,0.0,1.4483140766725753,1.082095633110947,-0.012809970182051988,0.0
2020-03-19,COMPOSITE,1,1,1.0,5.0,0.0,1,1,持有,114.1861,-0.0008758712775469579,-0.00087587127754718,2.220446049250313e-16,1.4470455399719508,1.081147856626346,-0.013674621574650159,0.0
2020-03-20,COMPOSITE,1,1,1.0,5.0,0.0,1,1,持有,114.357,0.0014966795433069002,0.0014966795433071223,-2.220446049250313e-16,1.4492113034298604,1.082765988506649,-0.012198408557716478,0.0
2020-03-23,COMPOSITE,1,1,1.0,5.0,0.0,1,1,持有,114.6909,0.0029198037723969783,0.0029198037723969783,0.0,1.4534427160606151,1.0859274527245137,-0.009314221744643691,0.0
2020-03-24,COMPOSITE,1,1,1.0,5.0,0.0,1,1,持有,114.7482,0.000499603717470265,0.000499603717470043,2.220446049250313e-16,1.454168861444689,1.0864699861167977,-0.008819271446982357,0.0
2020-03-25,COMPOSITE,1,1,1.0,5.0,0.0,1,1,持有,114.8197,0.0006231034560890691,0.0006231034560890691,0.0,1.4550749590879923,1.0871469693200841,-0.008201663309412188,0.0
2020-03-26,COMPOSITE,1,1,1.0,5.0,0.0,1,1,持有,115.0851,0.002311450038625651,0.002311450038625651,0.0,1.4584382921583796,1.0896598552243109,-0.005909171005759717,0.0
2020-03-27,COMPOSITE,1,1,1.0,5.0,0.0,1,1,持有,114.9964,-0.0007707340046625433,-0.0007707340046624322,-1.1102230246251565e-16,1.4573142241729111,1.088820017320374,-0.006675350611388797,0.0
2020-03-30,COMPOSITE,1,1,1.0,5.0,0.0,1,1,持有,114.9309,-0.0005695830478171793,-0.0005695830478171793,0.0,1.4564841626954794,1.0881998438963842,-0.0072411314926594805,0.0
2020-03-31,COMPOSITE,1,1,1.0,5.0,0.0,1,1,持有,115.1375,0.0017976018633805158,0.0017976018633805158,0.0,1.459102341340325,1.0901559939635028,-0.005456546300743215,0.0
2020-04-01,COMPOSITE,1,1,1.0,5.0,0.0,1,1,持有,115.4121,0.002384974487026348,0.002384974487026348,0.0,1.462582263198382,1.0927559881959845,-0.0030845855374314057,0.0
2020-04-02,COMPOSITE,1,1,1.0,5.0,0.0,1,1,持有,115.2057,-0.001788374009310978,-0.0017883740093108669,-1.1102230246251565e-16,1.4599666190923988,1.090801731788176,-0.004867443154137785,0.0
2020-04-03,COMPOSITE,1,1,1.0,5.0,0.0,1,1,持有,115.0426,-0.0014157285620416404,-0.0014157285620417515,1.1102230246251565e-16,1.4578997026501224,1.0892574526209589,-0.006276280737882001,0.0
2020-04-07,COMPOSITE,1,1,1.0,5.0,0.0,1,1,持有,115.7658,0.006286366963194512,0.006286366963194512,0.0,1.4670645951765133,1.0961049246855288,-2.9368778569738296e-05,0.0
2020-04-08,COMPOSITE,1,1,1.0,5.0,0.0,1,1,持有,116.0382,0.002353026541517478,0.002353026541517478,0.0,1.4705166371070841,1.098684088665602,0.0,0.0
2020-04-09,COMPOSITE,1,1,1.0,5.0,0.0,1,1,持有,115.8066,-0.0019958944554465674,-0.0019958944554466784,1.1102230246251565e-16,1.4675816411044402,1.0964912311847468,-0.0019958944554465674,0.0
2020-04-10,COMPOSITE,1,1,1.0,5.0,0.0,1,1,持有,115.7026,-0.0008980489885723753,-0.0008980489885722642,-1.1102230246251565e-16,1.466263680895999,1.095506528343603,-0.0028921510330218725,0.0
2020-04-13,COMPOSITE,1,1,1.0,5.0,0.0,1,1,持有,115.5729,-0.00112097740240924,-0.001120977402409462,2.220446049250313e-16,1.4646200324437413,1.0942784902811378,-0.004009886399478746,0.0
2020-04-14,COMPOSITE,1,1,1.0,5.0,0.0,1,1,持有,115.609,0.00031235696257514434,0.00031235696257514434,0.0,1.465077516708402,1.0946202957865734,-0.0036987819528396804,0.0
2020-04-15,COMPOSITE,1,1,1.0,5.0,0.0,1,1,持有,115.7609,0.0013139115466789253,0.0013139115466789253,0.0,1.4670024989743848,1.0960585300324364,-0.00238973027847722,0.0
2020-04-16,COMPOSITE,1,1,1.0,5.0,0.0,1,1,持有,116.0046,0.00210520132445402,0.0021052013244542422,-2.220446049250313e-16,1.470090834578203,1.09836595390154,-0.0002895598173705549,0.0
2020-04-17,COMPOSITE,1,1,1.0,5.0,0.0,1,1,持有,115.8066,-0.0017068288671310272,-0.0017068288671311382,1.1102230246251565e-16,1.4675816411044402,1.0964912311847468,-0.0019958944554465674,0.0
2020-04-20,COMPOSITE,1,1,1.0,5.0,0.0,1,1,持有,115.5874,-0.0018928109451448183,-0.0018928109451448183,0.0,1.4648037865112642,1.094415780581105,-0.003884927549720696,0.0
2020-04-21,COMPOSITE,1,1,1.0,5.0,0.0,1,1,持有,115.6675,0.0006929821070462694,0.0006929821070462694,0.0,1.4658188693256502,1.0951741911347168,-0.003194637627953467,0.0
2020-04-22,COMPOSITE,1,1,1.0,5.0,0.0,1,1,持有,115.8362,0.001458490933062384,0.0014584909330626061,-2.220446049250313e-16,1.4679567528560735,1.0967714927626109,-0.001740806044905785,0.0
2020-04-23,COMPOSITE,1,1,1.0,5.0,0.0,1,1,持有,116.3252,0.004221478259818445,0.004221478259818667,-2.220446049250313e-16,1.4741537003746092,1.101401489775297,0.0,0.0
2020-04-24,COMPOSITE,1,1,1.0,5.0,0.0,1,1,持有,116.5049,0.001544807144109983,0.001544807144109761,2.220446049250313e-16,1.476430983542464,1.103102942665235,0.0,0.0
2020-04-26,COMPOSITE,1,1,1.0,5.0,0.0,1,1,持有,116.4429,-0.0005321664582350616,-0.0005321664582348395,-2.220446049250313e-16,1.4756452764951238,1.1025159082791685,-0.0005321664582350616,0.0
2020-04-27,COMPOSITE,1,1,1.0,5.0,0.0,1,1,持有,116.3177,-0.0010752051005255003,-0.0010752051005256114,1.1102230246251565e-16,1.4740586551672699,1.101330477551176,-0.0016067993706703199,0.0
2020-04-28,COMPOSITE,1,1,1.0,5.0,0.0,1,1,持有,116.4521,0.0011554561343629643,0.0011554561343629643,0.0,1.4757618652827937,1.1026030166074234,-0.0004531998224968081,0.0
2020-04-29,COMPOSITE,1,1,1.0,5.0,0.0,1,1,持有,116.7186,0.002288494582751044,0.002288494582751266,-2.220446049250313e-16,1.4791391383169241,1.1051263176378547,0.0,0.0
2020-04-30,COMPOSITE,1,1,1.0,5.0,0.0,1,1,持有,116.4346,-0.0024332025915320132,-0.0024332025915320132,0.0,1.475540093132335,1.102437321417808,-0.0024332025915320132,0.0
2020-05-06,COMPOSITE,1,1,1.0,5.0,0.0,1,1,持有,116.0928,-0.0029355535210324746,-0.0029355535210325856,1.1102230246251565e-16,1.4712085662165157,1.0992010576572022,-0.005361613316129499,0.0
2020-05-07,COMPOSITE,1,1,1.0,5.0,0.0,1,1,持有,115.5238,-0.004901251412662955,-0.004901251412663066,1.1102230246251565e-16,1.4639978031530252,1.0938135969205591,-0.010236586113952617,0.0
2020-05-08,COMPOSITE,1,1,1.0,5.0,0.0,1,1,持有,115.5879,0.0005548640193622223,0.0005548640193624443,-2.220446049250313e-16,1.4648101228584203,1.0944205147293797,-0.009687402007906076,0.0
2020-05-09,COMPOSITE,1,1,1.0,5.0,0.0,1,1,持有,115.4602,-0.0011047869197381432,-0.0011047869197380322,-1.1102230246251565e-16,1.4631918197947862,1.0932114132600137,-0.010781486412619667,0.0
2020-05-11,COMPOSITE,1,1,1.0,5.0,0.0,1,1,持有,115.143,-0.002747267023614941,-0.002747267023615052,1.1102230246251565e-16,1.4591720411590408,1.0902080695945249,-0.013499133814147801,0.0
2020-05-12,COMPOSITE,1,1,1.0,5.0,0.0,1,1,持有,115.194,0.0004429274901642799,0.0004429274901642799,0.0,1.4598183485689493,1.0906909527185473,-0.01306218546144311,0.0
2020-05-13,COMPOSITE,1,1,1.0,5.0,0.0,1,1,持有,115.0532,-0.001222285882945373,-0.001222285882945262,-1.1102230246251565e-16,1.458034033209829,1.0893578165643834,-0.01426850561949844,0.0
2020-05-14,COMPOSITE,1,1,1.0,5.0,0.0,1,1,持有,115.0376,-0.0001355894490548959,-0.00013558944905511794,2.220446049250313e-16,1.4578363391785627,1.0892101111382115,-0.01440216040973763,0.0
2020-05-15,COMPOSITE,1,1,1.0,5.0,0.0,1,1,持有,115.1913,0.0013360848974597328,0.0013360848974597328,0.0,1.459784132294307,1.0906653883178636,-0.013085318021292203,0.0
2020-05-18,COMPOSITE,1,1,1.0,5.0,0.0,1,1,持有,114.8553,-0.0029168869523999996,-0.0029168869523999996,0.0,1.4555261070054972,1.087484040677245,-0.015964036580287888,0.0
2020-05-19,COMPOSITE,1,1,1.0,5.0,0.0,1,1,持有,114.7628,-0.0008053611805463046,-0.0008053611805464156,1.1102230246251565e-16,1.4543538827816433,1.0866082232464198,-0.01675654094548762,0.0
2020-05-20,COMPOSITE,1,1,1.0,5.0,0.0,1,1,持有,114.9117,0.0012974587584129171,0.0012974587584129171,0.0,1.4562408469646901,1.0880180526026344,-0.015480823107885122,0.0
2020-05-21,COMPOSITE,1,1,1.0,5.0,0.0,1,1,持有,114.9264,0.00012792431057961906,0.00012792431057961906,0.0,1.4564271355710758,1.0881572365619117,-0.015354879170928926,0.0
2020-05-22,COMPOSITE,1,1,1.0,5.0,0.0,1,1,持有,115.4966,0.0049614361887260205,0.0049614361887260205,0.0,1.4636531058677407,1.093556059254414,-0.010469625235395075,0.0
2020-05-25,COMPOSITE,1,1,1.0,5.0,0.0,1,1,持有,115.0881,-0.0035369006533526592,-0.0035369006533527703,1.1102230246251565e-16,1.4584763102413154,1.0896882601139593,-0.013969495864412318,0.0
2020-05-26,COMPOSITE,1,1,1.0,5.0,0.0,1,1,持有,114.6306,-0.0039752155088144114,-0.0039752155088143,-1.1102230246251565e-16,1.4526785525936057,1.0853565144425814,-0.01788917961661629,0.0
2020-05-27,COMPOSITE,1,1,1.0,5.0,0.0,1,1,持有,114.4888,-0.0012370169919725393,-0.0012370169919726504,1.1102230246251565e-16,1.4508815645401734,1.0840139099918678,-0.0191040673894306,0.0
2020-05-28,COMPOSITE,1,1,1.0,5.0,0.0,1,1,持有,114.5879,0.0008655868521636467,0.0008655868521638688,-2.220446049250313e-16,1.452137428546486,1.0849522181799194,-0.018255016766821952,0.0
2020-05-29,COMPOSITE,1,1,1.0,5.0,0.0,1,1,持有,114.748,0.0013971806796353459,0.0013971806796353459,0.0,1.4541663269058267,1.0864680924574879,-0.01688334164391958,0.0
2020-06-01,COMPOSITE,1,1,1.0,5.0,0.0,1,1,持有,114.5233,-0.0019582040645588217,-0.0019582040645589327,1.1102230246251565e-16,1.4513187724939351,1.084340566222824,-0.018808484680247872,0.0
2020-06-02,COMPOSITE,1,1,1.0,5.0,0.0,1,1,持有,113.9953,-0.0046104155224308,-0.0046104155224308,0.0,1.4446275898972338,1.079341305644709,-0.023332185272955552,0.0
2020-06-03,COMPOSITE,1,1,1.0,5.0,0.0,1,1,持有,113.6831,-0.0027387094029316383,-0.0027387094029316383,0.0,1.4406711747330478,1.0763853034619673,-0.026006994600689115,0.0
2020-06-04,COMPOSITE,1,1,1.0,5.0,0.0,1,1,持有,113.4522,-0.002031084655502835,-0.002031084655502724,-1.1102230246251565e-16,1.4377450496164224,1.074199073788697,-0.02798525684852271,0.0
2020-06-05,COMPOSITE,1,1,1.0,5.0,0.0,1,1,持有,113.315,-0.001209319872157777,-0.0012093198721575549,-2.220446049250313e-16,1.4360063559568248,1.072900023502111,-0.029160733593446175,0.0
2020-06-08,COMPOSITE,1,1,1.0,5.0,0.0,1,1,持有,113.5513,0.0020853373339804193,0.0020853373339806414,-2.220446049250313e-16,1.4390009136227349,1.0751373819767487,-0.027136206225914283,0.0
2020-06-09,COMPOSITE,1,1,1.0,5.0,0.0,1,1,持有,113.538,-0.00011712767709393113,-0.00011712767709404215,1.1102230246251565e-16,1.4388323667883862,1.0750114536326407,-0.027250155502207885,0.0
2020-06-10,COMPOSITE,1,1,0.2,3.0,2.0,1,1,持有,113.5485,9.248005073203558e-05,9.248005073203558e-05,0.0,1.4389654300786616,1.07511087074641,-0.02716019554723914,0.0
2020-06-11,COMPOSITE,1,1,0.2,3.0,2.0,1,1,持有,113.828,0.0024615032343007215,0.0024615032343007215,0.0,1.4425074481388471,1.0777572596319842,-0.02476554722212221,0.0
2020-06-12,COMPOSITE,1,1,0.2,3.0,2.0,1,1,持有,113.9583,0.00114470956179491,0.00114470956179491,0.0,1.444158700207692,1.0789909786723788,-0.02364918701903551,0.0
2020-06-15,COMPOSITE,1,1,0.2,3.0,2.0,1,1,持有,113.8553,-0.0009038393868633365,-0.0009038393868633365,0.0,1.442853412693563,1.0780157441277844,-0.024531651339203764,0.0
2020-06-16,COMPOSITE,1,1,0.2,3.0,2.0,1,1,持有,113.2826,-0.005030068868115967,-0.005030068868115745,-2.220446049250313e-16,1.4355957606611183,1.0725932506939087,-0.029438324311634956,0.0
2020-06-17,COMPOSITE,1,1,0.2,3.0,2.0,1,1,持有,113.004,-0.002459336208738061,-0.002459336208738283,2.220446049250313e-16,1.4320651480258135,1.0699553832752289,-0.03182526178346878,0.0
2020-06-18,COMPOSITE,1,1,0.2,3.0,2.0,1,1,持有,113.2044,0.0017733885526176607,0.0017733885526176607,0.0,1.4346047559659252,1.0718528299037409,-0.030108311785781994,0.0
2020-06-19,COMPOSITE,-1,1,-0.2,2.0,3.0,1,1,持有,113.1197,-0.00074820413340837,-0.000748204133408481,1.1102230246251565e-16,1.4335313787577042,1.0710508651860013,-0.030833988755862296,0.0
2020-06-22,COMPOSITE,-1,-1,-0.2,2.0,3.0,1,-1,多翻空,112.8967,-0.0023704947066690574,-0.001971363078225874,-0.0003991316284431834,1.430133200212515,1.0689394350554717,-0.03313139165540013,0.0005721677136277316
2020-06-23,COMPOSITE,-1,-1,-0.2,2.0,3.0,-1,-1,持空,112.853,0.00038707951605321256,-0.0003870795160529905,0.0007741590321062031,1.430686775479545,1.0685256704962605,-0.0327571366223951,0.0
2020-06-24,COMPOSITE,-1,-1,-0.2,2.0,3.0,-1,-1,持空,113.0749,-0.0019647530910109623,0.0019662747113500245,-0.003931027802360987,1.427875829215153,1.0706266855005855,-0.03465753002797445,0.0
2020-06-28,COMPOSITE,-1,-1,-0.2,2.0,3.0,-1,-1,持空,113.2052,-0.0011559770578920547,0.001152333541749817,-0.002308310599641872,1.4262252375150617,1.0718604045409803,-0.03577344377627101,0.0
2020-06-29,COMPOSITE,-1,-1,-0.2,2.0,3.0,-1,-1,持空,113.1518,0.00047429481952843133,-0.0004717097801161252,0.0009460045996445565,1.4269016887566957,1.071354797505239,-0.03531611611580243,0.0
2020-06-30,COMPOSITE,-1,-1,-0.6,1.0,4.0,-1,-1,持空,113.3329,-0.0016077541512193871,0.0016005048085845353,-0.0032082589598039224,1.424607581643215,1.0730695060103463,-0.0368670906347317,0.0
2020-07-01,COMPOSITE,-1,-1,-0.6,1.0,4.0,-1,-1,持空,113.2335,0.0008838658906902275,-0.0008770621770024523,0.0017609280676926797,1.4258667436922483,1.07212835733333,-0.03601581030794243,0.0
2020-07-02,COMPOSITE,-1,-1,-0.6,1.0,4.0,-1,-1,持空,113.2259,6.751960511697241e-05,-6.711794654412628e-05,0.0001346375516610987,1.425963017651732,1.0720563982795541,-0.035950722476115415,0.0
2020-07-03,COMPOSITE,-1,-1,-0.6,1.0,4.0,-1,-1,持空,112.9484,0.002465187554134163,-0.0024508526759335902,0.004916040230067753,1.4294782839355025,1.069428945987079,-0.03357416019559156,0.0
2020-07-06,COMPOSITE,-1,-1,-0.6,1.0,4.0,-1,-1,持空,112.186,0.006756169967654824,-0.00674998494887924,0.013506154916534063,1.4391360821868422,1.0622103166977703,-0.027044822960739512,0.0
2020-07-07,COMPOSITE,-1,-1,-0.6,1.0,4.0,-1,-1,持空,111.9818,0.0017974181259319266,-0.0018201914677410391,0.0036176095936729658,1.4417228114666476,1.0602768905423705,-0.02529601568980966,0.0
2020-07-08,COMPOSITE,-1,-1,-0.6,1.0,4.0,-1,-1,持空,111.6813,0.0026403284023772677,-0.002683471778449964,0.005323800180827232,1.4455294331541182,1.0574316674292574,-0.02272247707612518,0.0
2020-07-09,COMPOSITE,-1,-1,-1.0,0.0,5.0,-1,-1,持空,111.3596,0.0028191576528693307,-0.002880518045545677,0.005699675698415008,1.4496046085180425,1.054385716429296,-0.01996737766839718,0.0
2020-07-10,COMPOSITE,-1,-1,-1.0,0.0,5.0,-1,-1,持空,111.6694,-0.0027072420910603245,0.0027819783835429934,-0.005489220474603318,1.4456801779064674,1.0573189947003188,-0.022620563234185598,0.0
2020-07-13,COMPOSITE,-1,-1,-1.0,0.0,5.0,-1,-1,持空,111.5967,0.0006370263923449748,-0.0006510288404878439,0.0012880552328328188,1.446601114334684,1.0566306495411733,-0.021997946737630336,0.0
2020-07-14,COMPOSITE,-1,-1,-1.0,0.0,5.0,-1,-1,持空,111.8206,-0.001960652102906635,0.0020063317284471083,-0.003966983831353743,1.4437648328177966,1.0587506011385974,-0.023915468520006256,0.0
2020-07-15,COMPOSITE,-1,-1,-1.0,0.0,5.0,-1,-1,持空,112.2076,-0.003395547007707167,0.0034609007642600886,-0.006856447771967256,1.4388624614598893,1.0624148319032387,-0.027229809430142415,0.0
2020-07-16,COMPOSITE,-1,-1,-1.0,0.0,5.0,-1,-1,持空,112.3739,-0.001464091462136996,0.0014820742979975154,-0.0029461657601345115,1.4367558352148764,1.0639894096194138,-0.028654033960777148,0.0
2020-07-17,COMPOSITE,-1,-1,-1.0,0.0,5.0,-1,-1,持空,112.3036,0.000619822869964981,-0.0006255901058874747,0.0012454129758524557,1.4376463693400983,1.0633237883719868,-0.028051971516377727,0.0
2020-07-20,COMPOSITE,-1,-1,-1.0,0.0,5.0,-1,-1,持空,112.3863,-0.0007286998479157925,0.0007363966960987067,-0.0014650965440144992,1.4365987566494034,1.0641068164966272,-0.028760229896915845,0.0
2020-07-21,COMPOSITE,-1,-1,-1.0,0.0,5.0,-1,-1,持空,112.6249,-0.002103924710181171,0.002123034569160076,-0.004226959279341247,1.4335762610266731,1.0663659520533284,-0.03080364524874646,0.0
2020-07-22,COMPOSITE,-1,-1,-1.0,0.0,5.0,-1,-1,持空,112.8144,-0.0016744942276339936,0.0016825764107226693,-0.003357070638356663,1.4311757458527108,1.0681601942494512,-0.032426558950221285,0.0
2020-07-23,COMPOSITE,-1,-1,-1.0,0.0,5.0,-1,-1,持空,112.6922,0.0010816169376610674,-0.001083195053113939,0.0021648119907750063,1.4327237297801947,1.067003168411107,-0.031380015127950966,0.0
2020-07-24,COMPOSITE,-1,-1,-1.0,0.0,5.0,-1,-1,持空,113.0306,-0.0029920106948467806,0.0030028697638346813,-0.005994880458681462,1.4284370050579316,1.0702072399634446,-0.034278136481930455,0.0
2020-07-27,COMPOSITE,-1,-1,-1.0,0.0,5.0,-1,-1,持空,112.9049,0.0011147293256286162,-0.0011120882309747504,0.0022268175566033666,1.430029325677283,1.0690170750871772,-0.033201618000266,0.0
2020-07-28,COMPOSITE,-1,-1,-1.0,0.0,5.0,-1,-1,持空,112.5494,0.0031491250215920363,-0.0031486675954719434,0.00629779261706398,1.4345326668083835,1.065651095663844,-0.030157049024676086,0.0
2020-07-29,COMPOSITE,-1,-1,-1.0,0.0,5.0,-1,-1,持空,112.3621,0.0016539507611883497,-0.0016641581385594684,0.003318108899747818,1.4369053132046008,1.0638776837201303,-0.0285529765376773,0.0
2020-07-30,COMPOSITE,-1,-1,-1.0,0.0,5.0,-1,-1,持空,112.3289,0.000292688173370248,-0.0002954732957110018,0.0005881614690812498,1.4373258783960285,1.0635633362746881,-0.028268645482854238,0.0
2020-07-31,COMPOSITE,-1,-1,-1.0,0.0,5.0,-1,-1,持空,112.0886,0.00211784302579221,-0.0021392535669804147,0.0042570965927726245,1.4403699089833801,1.061288104613853,-0.026210671010746478,0.0
2020-08-03,COMPOSITE,-1,-1,-1.0,0.0,5.0,-1,-1,持空,112.1265,-0.00033331926180768523,0.0003381253758185654,-0.0006714446376262506,1.4398898059485878,1.0616469530530772,-0.026535253751041377,0.0
2020-08-04,COMPOSITE,-1,-1,-1.0,0.0,5.0,-1,-1,持空,112.1593,-0.00028856245749653286,0.0002925267443469881,-0.000581089201843521,1.439474307807659,1.0619575131798997,-0.02681615913050528,0.0
2020-08-05,COMPOSITE,-1,-1,-1.0,0.0,5.0,-1,-1,持空,112.0694,0.0007911357594243551,-0.0008015385260073948,0.00159267428543175,1.4406131274073384,1.061106313320103,-0.026046238593499416,0.0
2020-08-06,COMPOSITE,-1,-1,-1.0,0.0,5.0,-1,-1,持空,111.9266,0.0012556716260421208,-0.0012742104445996327,0.0025298820706417535,1.4424220644355275,1.05975424057284,-0.024823272490224313,0.0
2020-08-07,COMPOSITE,-1,-1,-1.0,0.0,5.0,-1,-1,持空,111.8525,0.0006507603621070945,-0.0006620410161655155,0.00131280137827261,1.443360735540491,1.0590526397985254,-0.02418866612991155,0.0
2020-08-10,COMPOSITE,-1,-1,-1.0,0.0,5.0,-1,-1,持空,112.0495,-0.0017289665080755245,0.0017612480722375423,-0.003490214580313067,1.4408652131696702,1.0609178942187687,-0.025875811244373437,0.0
2020-08-11,COMPOSITE,-1,-1,-1.0,0.0,5.0,-1,-1,持空,112.0345,0.00013187520385704588,-0.00013386940593207441,0.0002657446097891203,1.4410552275633874,1.060775869770527,-0.025747348418399207,0.0
2020-08-12,COMPOSITE,-1,-1,-1.0,0.0,5.0,-1,-1,持空,112.0195,0.00013185781508084915,-0.00013388732934949132,0.0002657451444303405,1.4412452419571047,1.060633845322285,-0.02561888559242509,0.0
2020-08-13,COMPOSITE,-1,-1,-1.0,0.0,5.0,-1,-1,持空,112.0819,-0.0005484561925011011,0.0005570458714778681,-0.0011055020639789692,1.4404547820792406,1.0612246670269714,-0.02615329094847796,0.0
2020-08-14,COMPOSITE,-1,-1,-1.0,0.0,5.0,-1,-1,持空,112.2455,-0.0014387287125753323,0.0014596469189049888,-0.002898375631480321,1.4383823584250968,1.0627736803424632,-0.027554392170437425,0.0
2020-08-17,COMPOSITE,-1,-1,-1.0,0.0,5.0,-1,-1,持空,112.2769,-0.00027653527718241033,0.00027974395410046426,-0.0005562792312828746,1.4379845949609154,1.0630709848541162,-0.027823307686143384,0.0
2020-08-18,COMPOSITE,-1,-1,-1.0,0.0,5.0,-1,-1,持空,112.0929,0.0016209097355890378,-0.0016388054889295844,0.0032597152245186223,1.4403154381905146,1.0613288182890155,-0.026247497020859156,0.0
2020-08-19,COMPOSITE,-1,-1,-1.0,0.0,5.0,-1,-1,持空,111.9337,0.0014001697441963223,-0.001420250524341693,0.0028204202685380153,1.4423321242891678,1.0598214654783416,-0.024884078227852213,0.0
2020-08-20,COMPOSITE,-1,-1,-1.0,0.0,5.0,-1,-1,持空,111.7565,0.0015563013076620447,-0.0015830799839551268,0.0031393812916171715,1.444576827660282,1.0581436833297768,-0.02336650404367624,0.0
2020-08-21,COMPOSITE,-1,-1,-1.0,0.0,5.0,-1,-1,持空,111.9019,-0.001275025890742354,0.0013010428923598827,-0.0025760687831022366,1.4427349548038486,1.0595203736480685,-0.024611737036786763,0.0
2020-08-24,COMPOSITE,-1,-1,-1.0,0.0,5.0,-1,-1,持空,111.7981,0.0009113937387776883,-0.0009275981909152575,0.0018389919296929458,1.4440498544083724,1.0585375644662347,-0.023722774281044967,0.0
2020-08-25,COMPOSITE,-1,-1,-1.0,0.0,5.0,-1,-1,持空,111.4369,0.0031685516859030205,-0.003230824137440913,0.0063993758233439335,1.448625401009086,1.0551176157525692,-0.020629389431584433,0.0
2020-08-26,COMPOSITE,-1,-1,-1.0,0.0,5.0,-1,-1,持空,111.3902,0.00040837206455246466,-0.0004190712412135422,0.0008274433057660069,1.4492169791548593,1.0546754463037096,-0.020229441833384598,0.0
2020-08-27,COMPOSITE,-1,-1,-1.0,0.0,5.0,-1,-1,持空,111.3518,0.0003356549467148362,-0.0003447340968953938,0.00068038904361023,1.4497034160027757,1.0543118637162103,-0.019900576998890362,0.0
2020-08-28,COMPOSITE,-1,-1,-1.0,0.0,5.0,-1,-1,持空,111.1791,0.0015090666331123437,-0.0015509403530071797,0.0030600069861195234,1.4518911150557745,1.0526766889021186,-0.018421541662506757,0.0
2020-08-31,COMPOSITE,-1,-1,-1.0,0.0,5.0,-1,-1,持空,111.5096,-0.002883584334590017,0.0029726810164860673,-0.005856265351076084,1.4477044645808692,1.0558059609117154,-0.021252005928139805,0.0
2020-09-01,COMPOSITE,-1,-1,-1.0,0.0,5.0,-1,-1,持空,111.417,0.0008102635719149376,-0.0008304217753452026,0.0016406853472601401,1.4488774867714176,1.054929196651235,-0.020458962082458676,0.0
2020-09-02,COMPOSITE,-1,-1,-1.0,0.0,5.0,-1,-1,持空,111.0451,0.0032515448991223828,-0.0033379107317556,0.006589455630877983,1.4535885769729826,1.0514079371644907,-0.0172739404171367,0.0
2020-09-03,COMPOSITE,-1,-1,-1.0,0.0,5.0,-1,-1,持空,111.0469,-1.568650690242368e-05,1.6209630141261755e-05,-3.1896137043685435e-05,1.4535657752457367,1.0514249800982798,-0.01728935595625347,0.0
2020-09-04,COMPOSITE,-1,-1,-1.0,0.0,5.0,-1,-1,持空,110.9696,0.0006736588915565722,-0.0006961022775060499,0.0013697611690626221,1.4545449827546932,1.0506930807750066,-0.016627344193066218,0.0
2020-09-07,COMPOSITE,-1,-1,-1.0,0.0,5.0,-1,-1,持空,110.8064,0.0014213081260157079,-0.00147067304919557,0.002891981175211278,1.456612339358338,1.0491478547781345,-0.015229668646466132,0.0
2020-09-08,COMPOSITE,-1,-1,-1.0,0.0,5.0,-1,-1,持空,110.9522,-0.0012679694226304106,0.001315808473157043,-0.0025837778957874535,1.4547653994514054,1.050528332415046,-0.016478327314936037,0.0
2020-09-09,COMPOSITE,-1,-1,-1.0,0.0,5.0,-1,-1,持空,111.2226,-0.0023545556821070734,0.002437085519710225,-0.004791641201817298,1.4513400733139943,1.05308855980202,-0.0187940838578321,0.0
2020-09-10,COMPOSITE,-1,-1,-1.0,0.0,5.0,-1,-1,持空,111.2388,-0.00014139728447393196,0.00014565385092590866,-0.0002870511353998406,1.4511348577687795,1.0532419462061213,-0.01893282370988436,0.0
2020-09-11,COMPOSITE,-1,-1,-1.0,0.0,5.0,-1,-1,持空,110.9276,0.00271660849935329,-0.0027975850153003634,0.005514193514653654,1.455077023057102,1.0502954123199293,-0.01626764828033811,0.0
2020-09-14,COMPOSITE,-1,-1,-1.0,0.0,5.0,-1,-1,持空,110.8035,0.0010803912043444441,-0.001118747723740543,0.002199138928084987,1.4566490754744565,1.0491203967181413,-0.015204832500111176,0.0
2020-09-15,COMPOSITE,-1,-1,-1.0,0.0,5.0,-1,-1,持空,111.0523,-0.002163668287388676,0.002245416435401326,-0.004409084722790002,1.4534973700639984,1.051476108899647,-0.017335602573604336,0.0
2020-09-16,COMPOSITE,-1,-1,-1.0,0.0,5.0,-1,-1,持空,110.9786,0.0006423156131498686,-0.0006636512706175157,0.0013059668837673843,1.454430974118463,1.0507782954439517,-0.016704421888650733,0.0
2020-09-17,COMPOSITE,-1,-1,-1.0,0.0,5.0,-1,-1,持空,110.9078,0.0006166452408575829,-0.0006379608320884467,0.0012546060729460295,1.4553278420568088,1.0501079400482498,-0.016098077350052198,0.0
2020-09-18,COMPOSITE,-1,-1,-1.0,0.0,5.0,-1,-1,持空,110.975,-0.0005849297039838275,0.0006059086917240553,-0.0011908383957078827,1.4544765775729551,1.0507442095763735,-0.01667359081041686,0.0
2020-09-21,COMPOSITE,-1,-1,-1.0,0.0,5.0,-1,-1,持空,111.1446,-0.0014771151662102966,0.0015282721333635951,-0.0030053872995738917,1.4523281481613244,1.0523500326711621,-0.01812607716276593,0.0
2020-09-22,COMPOSITE,-1,-1,-1.0,0.0,5.0,-1,-1,持空,111.3189,-0.001520295022712892,0.0015682273362809251,-0.003088522358993817,1.4501201809063289,1.0540003567597331,-0.01961881520058706,0.0
2020-09-23,COMPOSITE,-1,-1,-1.0,0.0,5.0,-1,-1,持空,111.2839,0.00030574494756474557,-0.00031441201808513064,0.0006201569656498762,1.4505635478250027,1.053668966380502,-0.019319068606647005,0.0
2020-09-24,COMPOSITE,-1,-1,-1.0,0.0,5.0,-1,-1,持空,111.2844,-4.366449945281126e-06,4.493012915718353e-06,-8.859462860999479e-06,1.4505572140118788,1.0536737005287768,-0.01932335070084623,0.0
2020-09-25,COMPOSITE,-1,-1,-1.0,0.0,5.0,-1,-1,持空,111.069,0.0018810748500119878,-0.0019355812674554107,0.0038166561174673985,1.4532858207056598,1.051634229452023,-0.0174786245198556,0.0
2020-09-27,COMPOSITE,-1,-1,-1.0,0.0,5.0,-1,-1,持空,111.0495,0.00016997256032724728,-0.00017556653971861902,0.0003455391000458663,1.4535328394174925,1.0514495976693083,-0.017311622846089003,0.0
2020-09-28,COMPOSITE,-1,-1,-1.0,0.0,5.0,-1,-1,持空,111.1618,-0.0009787012642938908,0.0010112607440826427,-0.0019899620083765335,1.4521102649898618,1.0525128873718128,-0.01827338120321642,0.0
2020-09-29,COMPOSITE,-1,-1,-1.0,0.0,5.0,-1,-1,持空,111.0389,0.001072130197955934,-0.001105595627274858,0.002177725825230792,1.4536671162557193,1.051349233725884,-0.017220842449067186,0.0
2020-09-30,COMPOSITE,-1,-1,-1.0,0.0,5.0,-1,-1,持空,110.839,0.0017419796173570035,-0.0018002699954701162,0.0035422496128271197,1.456199374742659,1.0494565212456468,-0.015508861188250234,0.0
2020-10-09,COMPOSITE,-1,-1,-1.0,0.0,5.0,-1,-1,持空,110.459,0.003305658591580718,-0.003428396142151957,0.006734054733732675,1.4610130727168313,1.045858568556852,-0.012254469596902129,0.0
2020-10-10,COMPOSITE,-1,-1,-1.0,0.0,5.0,-1,-1,持空,110.4256,0.0002895926974084695,-0.0003023746367429858,0.0005919673341514553,1.4614361714335085,1.0455423274521,-0.011968425704399488,0.0
2020-10-12,COMPOSITE,-1,-1,-0.6,1.0,4.0,-1,-1,持空,110.451,-0.00022016541877356577,0.00023001912599962537,-0.00045018454477319114,1.461114413726814,1.0457828221844563,-0.012185956089715844,0.0
2020-10-13,COMPOSITE,-1,-1,-0.6,1.0,4.0,-1,-1,持空,110.4556,-3.988125788956243e-05,4.164742736612048e-05,-8.152868525568291e-05,1.461056142646074,1.045826376348584,-0.012225351356347947,0.0
2020-10-14,COMPOSITE,-1,-1,-0.6,1.0,4.0,-1,-1,持空,110.2872,0.001460059061296315,-0.0015245944976985948,0.0029846535589949097,1.4631893709062072,1.0442319152096549,-0.010783142030076909,0.0
2020-10-15,COMPOSITE,-1,-1,-0.6,1.0,4.0,-1,-1,持空,110.2601,0.00023461944034175453,-0.0002457220783557146,0.0004803415186974691,1.4635326635775232,1.0439753243731642,-0.010551052524483406,0.0
2020-10-16,COMPOSITE,-1,-1,-0.6,1.0,4.0,-1,-1,持空,110.2799,-0.00017137916081333415,0.0001795753858375715,-0.00035095454665090564,1.4632818445778164,1.0441627966448435,-0.010720623454769318,0.0
2020-10-19,COMPOSITE,-1,-1,-0.6,1.0,4.0,-1,-1,持空,110.4333,-0.0013279833093102766,0.001391005976610904,-0.0027189892859211806,1.4613386307114002,1.045615233335531,-0.012034369955066349,0.0
2020-10-20,COMPOSITE,-1,-1,-0.6,1.0,4.0,-1,-1,持空,110.4739,-0.0003519414424918432,0.0003676427309515784,-0.0007195841734434216,1.4608243250857387,1.045999646175439,-0.012382076004036624,0.0
2020-10-21,COMPOSITE,-1,-1,-0.6,1.0,4.0,-1,-1,持空,110.567,-0.000807322265531818,0.0008427329894209468,-0.0016500552549527647,1.4596449690820665,1.0468811445841937,-0.013179401943916869,0.0
2020-10-22,COMPOSITE,-1,-1,-0.6,1.0,4.0,-1,-1,持空,110.7568,-0.001647191962952932,0.0017166062206626087,-0.0033637981836155406,1.4572406536202298,1.0486782272692814,-0.014804884901911342,0.0
2020-10-23,COMPOSITE,-1,-1,-0.6,1.0,4.0,-1,-1,持空,110.5945,0.001410855327782734,-0.0014653727807232286,0.0028762281085059627,1.4592966093602515,1.047141522739304,-0.01341491712486964,0.0
2020-10-26,COMPOSITE,-1,-1,-0.6,1.0,4.0,-1,-1,持空,110.5456,0.000424483219891858,-0.0004421558034078954,0.0008666390232997534,1.45991605628377,1.0466785230380353,-0.012996128312193433,0.0
2020-10-27,COMPOSITE,-1,-1,-0.6,1.0,4.0,-1,-1,持空,110.7327,-0.001623458321981075,0.0016925142203760846,-0.0033159725423571595,1.4575459434128024,1.0484500413224394,-0.01459848796151253,0.0
2020-10-28,COMPOSITE,-1,-1,-0.6,1.0,4.0,-1,-1,持空,110.6087,0.001077692035595268,-0.0011198137496872818,0.0021975057852825497,1.4591167290675324,1.0472759725503062,-0.01353652860012522,0.0
2020-10-29,COMPOSITE,-1,-1,-1.0,0.0,5.0,-1,-1,持空,110.6517,-0.0003733134695841356,0.0003887578463537267,-0.0007620713159378623,1.458572021138876,1.047683109301933,-0.013904788701251558,0.0
2020-10-30,COMPOSITE,-1,-1,-1.0,0.0,5.0,-1,-1,持空,110.6785,-0.0002327566815497617,0.00024220143025366347,-0.0004749581118034252,1.4582325287554343,1.0479368596494585,-0.014134308950325636,0.0
2020-11-02,COMPOSITE,-1,-1,-1.0,0.0,5.0,-1,-1,持空,110.7164,-0.0003292362674162108,0.00034243326391325546,-0.0006716695313294663,1.457752425720642,1.0482957080886832,-0.014458891690620423,0.0
2020-11-03,COMPOSITE,-1,-1,-1.0,0.0,5.0,-1,-1,持空,110.7486,-0.00027981264718413,0.0002908331557021082,-0.0005706458028862382,1.457344528155462,1.0486005872375757,-0.014734658557045366,0.0
2020-11-04,COMPOSITE,-1,-1,-1.0,0.0,5.0,-1,-1,持空,110.856,-0.0009335493651168036,0.000969763951869318,-0.0019033133169861216,1.455984025096446,1.0496174822869877,-0.015654452391021034,0.0
2020-11-05,COMPOSITE,-1,-1,-1.0,0.0,5.0,-1,-1,持空,110.8262,0.0002592715686973168,-0.0002688172043010528,0.0005280887729983696,1.456361520358631,1.0493353270498138,-0.015399239576752155,0.0
2020-11-06,COMPOSITE,-1,-1,-1.0,0.0,5.0,-1,-1,持空,110.6386,0.0016317697569394607,-0.00169274052525481,0.0033245102821942707,1.4587379670427225,1.047559074617135,-0.013792597833233944,0.0
2020-11-09,COMPOSITE,-1,-1,-1.0,0.0,5.0,-1,-1,持空,110.486,0.0013251727240202182,-0.0013792654643136615,0.0027044381883338797,1.46067104680814,1.0461142125636873,-0.012485702683655897,0.0
2020-11-10,COMPOSITE,-1,-1,-1.0,0.0,5.0,-1,-1,持空,110.5066,-0.00017865288784590927,0.00018644896185970872,-0.000365101849705618,1.460410093707435,1.0463092594726064,-0.01266212496466057,0.0
2020-11-11,COMPOSITE,-1,-1,-1.0,0.0,5.0,-1,-1,持空,110.5193,-0.00011016005301567322,0.00011492526238221501,-0.00022508531539788823,1.4602492148540875,1.0464295068387843,-0.012770890157318804,0.0
2020-11-12,COMPOSITE,-1,-1,-1.0,0.0,5.0,-1,-1,持空,110.3168,0.0017566825505470618,-0.00183225916197427,0.003588941712521332,1.4628144091692716,1.0445121767875187,-0.011036642006666098,0.0
2020-11-13,COMPOSITE,-1,-1,-1.0,0.0,5.0,-1,-1,持空,110.2175,0.0008599144761796129,-0.0009001348842606616,0.0017600493604402745,1.4640723044556805,1.0435719749401573,-0.010186218098716449,0.0
2020-11-16,COMPOSITE,-1,-1,-1.0,0.0,5.0,-1,-1,持空,110.2051,0.00010728880328847445,-0.00011250482001479156,0.00021979362330326602,1.4642293830211535,1.0434545680629441,-0.01008002216257764,0.0
2020-11-17,COMPOSITE,-1,-1,-1.0,0.0,5.0,-1,-1,持空,110.1123,0.0008028494233411898,-0.0008420662927577371,0.001644915716098927,1.4654049387369512,1.0425759101431542,-0.009285265479217042,0.0
2020-11-18,COMPOSITE,-1,-1,-1.0,0.0,5.0,-1,-1,持空,109.8684,0.0021083824410383922,-0.002215011401996203,0.004323393843034595,1.4684945727787952,1.0402665926147405,-0.007196459928875298,0.0
2020-11-19,COMPOSITE,-1,-1,-1.0,0.0,5.0,-1,-1,持空,109.6999,0.0014535259866292893,-0.0015336529884841799,0.002987178975113469,1.4706290678015532,1.0386711846461567,-0.005753394183764415,0.0
2020-11-20,COMPOSITE,-1,-1,-1.0,0.0,5.0,-1,-1,持空,109.8111,-0.000957848630629643,0.0010136745794662172,-0.00197152321009586,1.4692204277627954,1.0397240592224566,-0.006705731933653647,0.0
2020-11-23,COMPOSITE,-1,-1,-1.0,0.0,5.0,-1,-1,持空,110.0376,-0.0019528841900875449,0.0020626330125095294,-0.004015517202597074,1.4663512104176637,1.0418686283909093,-0.008645520605864987,0.0
2020-11-24,COMPOSITE,-1,-1,-1.0,0.0,5.0,-1,-1,持空,109.9394,0.0008483376210954852,-0.0008924222265842552,0.0017407598476797403,1.4675951713151998,1.0409388416697525,-0.007804517305153524,0.0
2020-11-25,COMPOSITE,-1,-1,-1.0,0.0,5.0,-1,-1,持空,109.9983,-0.0005083985015622572,0.000535749694831722,-0.0010441481963939792,1.4668490481292031,1.0414965243365155,-0.008308948001812477,0.0
2020-11-26,COMPOSITE,-1,-1,-1.0,0.0,5.0,-1,-1,持空,109.9611,0.00032125711709740656,-0.00033818704470889305,0.0006594441618062996,1.467320283825622,1.0411443037048755,-0.007990360193396273,0.0
2020-11-27,COMPOSITE,-1,-1,-1.0,0.0,5.0,-1,-1,持空,109.9124,0.00042043540532299417,-0.0004428838925764067,0.0008633192978994009,1.4679371972238908,1.040683197662917,-0.007573284218399978,0.0
2020-11-30,COMPOSITE,-1,-1,-0.6,1.0,4.0,-1,-1,持空,110.2383,-0.002812367860132281,0.002965088561436069,-0.00577745642156835,1.4638088178297257,1.043768915508386,-0.010364353217400812,0.0
2020-12-01,COMPOSITE,-1,-1,-0.2,2.0,3.0,-1,-1,持空,110.1445,0.0008117339693358705,-0.0008508839486820463,0.0016626179180179168,1.4649970411717714,1.0428807892920466,-0.009561032345641651,0.0
2020-12-02,COMPOSITE,-1,-1,-0.2,2.0,3.0,-1,-1,持空,110.0234,0.00104713490573638,-0.0010994647939751578,0.0021465996997115377,1.4665310907103828,1.041734178579907,-0.008523909130609408,0.0
2020-12-03,COMPOSITE,-1,-1,-0.2,2.0,3.0,-1,-1,持空,110.0245,-9.501597996175448e-06,9.997873179568018e-06,-1.9499471175743466e-05,1.46651715632151,1.0417445937061114,-0.008533329737847595,0.0
2020-12-04,COMPOSITE,-1,-1,-0.2,2.0,3.0,-1,-1,持空,110.1164,-0.0007938228660718805,0.0008352685083776734,-0.0016290913744495539,1.4653530014693352,1.0426147301590067,-0.009320378651649919,0.0
2020-12-07,COMPOSITE,-1,-1,-0.2,2.0,3.0,-1,-1,持空,110.0812,0.0003042955816627835,-0.00031966173975905843,0.0006239573214218419,1.4657989019132587,1.0422814461204657,-0.009018919220030175,0.0
2020-12-08,COMPOSITE,-1,-1,-0.2,2.0,3.0,-1,-1,持空,110.2169,-0.0011727371876085746,0.0012327263874305494,-0.002405463575039124,1.4640799050314293,1.0435662939622277,-0.010181079585677377,0.0
2020-12-09,COMPOSITE,-1,-1,-0.2,2.0,3.0,-1,-1,持空,110.1423,0.0006454599334637656,-0.0006768471985694191,0.0013223071320331847,1.4650249099495165,1.042859959039638,-0.0095421911311655,0.0
2020-12-10,COMPOSITE,1,-1,0.2,3.0,2.0,-1,-1,持空,110.2133,-0.0006139154750797182,0.0006446206407528798,-0.001258536115832598,1.4641255084859213,1.0435322080946496,-0.010150248507443616,0.0
2020-12-11,COMPOSITE,-1,1,-0.2,2.0,3.0,-1,1,空翻多,109.9407,0.0019679023459056033,-0.0024733856984591185,0.004441288044364722,1.467006764508771,1.0409511504552669,-0.008202320859387324,0.0005719388923064693
2020-12-14,COMPOSITE,1,-1,0.2,3.0,2.0,1,-1,多翻空,109.9504,-0.00031172591885308965,8.822938183916662e-05,-0.00039995530069225627,1.4665494604771407,1.0410429929317964,-0.008511489902233826,0.0005867371316171798
2020-12-15,COMPOSITE,1,1,0.2,3.0,2.0,-1,1,空翻多,110.0484,-0.0012912310071344635,0.000891310991137928,-0.0021825419982723915,1.4646558063402764,1.0419708859936436,-0.00979173060968963,0.000586502483693891
2020-12-16,COMPOSITE,1,1,0.2,3.0,2.0,1,1,持有,110.0739,0.00023171622667828018,0.00023171622667828018,0.0,1.464995190857104,1.0422123275556547,-0.009562283285880935,0.0
2020-12-17,COMPOSITE,1,1,0.6,4.0,1.0,1,1,持有,110.0438,-0.00027345265317202383,-0.0002734526531719128,-1.1102230246251565e-16,1.4645945840352799,1.0419273318295161,-0.009833121107317933,0.0
2020-12-18,COMPOSITE,1,1,0.6,4.0,1.0,1,1,持有,109.9889,-0.0004988922592640277,-0.0004988922592640277,0.0,1.4638639091343446,1.0414075223489507,-0.010327107698577143,0.0
2020-12-21,COMPOSITE,1,1,0.6,4.0,1.0,1,1,持有,110.1389,0.0013637739808289862,0.0013637739808287641,2.220446049250313e-16,1.4658602886450967,1.0428277668313697,-0.008977417558524659,0.0
2020-12-22,COMPOSITE,1,1,0.6,4.0,1.0,1,1,持有,110.4416,0.002748347768136261,0.002748347768136483,-2.220446049250313e-16,1.469888982497794,1.0456938201968915,-0.006253742855898969,0.0
2020-12-23,COMPOSITE,1,1,0.6,4.0,1.0,1,1,持有,110.4676,0.00023541853794228906,0.00023541853794206702,2.220446049250313e-16,1.4702350216129914,1.0459399959071773,-0.006019796564956437,0.0
2020-12-24,COMPOSITE,1,1,0.6,4.0,1.0,1,1,持有,110.3441,-0.0011179748632179631,-0.0011179748632178521,-1.1102230246251565e-16,1.4685913358158054,1.044770661283319,-0.007131041446932995,0.0
2020-12-25,COMPOSITE,1,1,0.6,4.0,1.0,1,1,持有,110.5607,0.001962950443204381,0.001962950443204603,-2.220446049250313e-16,1.4714741078293312,1.0468214943159322,-0.005182088884697289,0.0
2020-12-28,COMPOSITE,1,1,0.6,4.0,1.0,1,1,持有,110.6696,0.0009849792919185418,0.0009849792919183198,2.220446049250313e-16,1.4729234793541373,1.0478525918101684,-0.00420221384301922,0.0
2020-12-29,COMPOSITE,1,1,0.6,4.0,1.0,1,1,持有,110.729,0.0005367327613001738,0.0005367327613001738,0.0,1.473714045640395,1.0484150086252062,-0.0036677365475584756,0.0
2020-12-30,COMPOSITE,1,1,0.6,4.0,1.0,1,1,持有,110.9605,0.002090689882505936,0.002090689882506158,-2.220446049250313e-16,1.4767951246853224,1.0506069192764065,-0.0015847147647440885,0.0
2020-12-31,COMPOSITE,1,1,0.6,4.0,1.0,1,1,持有,110.8174,-0.0012896481180240116,-0.0012896481180240116,0.0,1.474890578632065,1.0492520060401787,-0.002872319158354175,0.0
2021-01-04,COMPOSITE,1,1,0.6,4.0,1.0,1,1,持有,110.6254,-0.0017325799017122723,-0.0017325799017122723,0.0,1.4723352128583023,1.0474340931026822,-0.004599922537621315,0.0
2021-01-05,COMPOSITE,1,1,0.6,4.0,1.0,1,1,持有,110.8168,0.0017301632355679608,0.0017301632355679608,0.0,1.474882593114022,1.049246325062249,-0.0028777179189143354,0.0
2021-01-06,COMPOSITE,1,1,0.6,4.0,1.0,1,1,持有,110.8782,0.0005540676142967715,0.0005540676142967715,0.0,1.4756997777937564,1.049827678470386,-0.0023252447549195754,0.0
2021-01-07,COMPOSITE,1,1,0.6,4.0,1.0,1,1,持有,110.9751,0.0008739319361243947,0.0008739319361243947,0.0,1.476989438957702,1.0507451564060286,-0.0014533449244458208,0.0
2021-01-08,COMPOSITE,1,1,0.6,4.0,1.0,1,1,持有,110.8157,-0.001436358246128866,-0.001436358246129088,2.220446049250313e-16,1.4748679529976099,1.0492359099360447,-0.0028876156466079994,0.0
2021-01-11,COMPOSITE,1,1,0.6,4.0,1.0,1,1,持有,110.6733,-0.0012850164732977065,-0.0012850164732977065,0.0,1.472972723382069,1.0478876245074014,-0.00416892148623127,0.0
2021-01-12,COMPOSITE,1,1,0.6,4.0,1.0,1,1,持有,110.7449,0.0006469491738296806,0.0006469491738296806,0.0,1.4739256618685348,1.0485655545403427,-0.003524669392712898,0.0
2021-01-13,COMPOSITE,1,1,0.6,4.0,1.0,1,1,持有,110.9954,0.002261955178071373,0.002261955178071595,-2.220446049250313e-16,1.4772596156514906,1.0509373628259828,-0.001270686858825365,0.0
2021-01-14,COMPOSITE,1,1,0.6,4.0,1.0,1,1,持有,111.1401,0.001303657629055044,0.0013036576290545998,4.440892098500626e-16,1.4791854564195295,1.0523074253366895,0.0,0.0
2021-01-15,COMPOSITE,1,1,0.6,4.0,1.0,1,1,持有,110.8239,-0.00284505772443977,-0.002845057724439881,1.1102230246251565e-16,1.4749770884108642,1.04931354996775,-0.00284505772443977,0.0
2021-01-18,COMPOSITE,1,1,0.6,4.0,1.0,1,1,持有,110.7217,-0.0009221837527825238,-0.0009221837527824128,-1.1102230246251565e-16,1.4736168885042051,1.0483458900603952,-0.003764617811213067,0.0
2021-01-19,COMPOSITE,1,1,0.6,4.0,1.0,1,1,持有,110.7386,0.0001526349396729909,0.00015263493967321295,-2.220446049250313e-16,1.4738418139290832,1.0485059042720812,-0.0036125574837525543,0.0
2021-01-20,COMPOSITE,1,1,0.6,4.0,1.0,1,1,持有,110.8248,0.0007784096963479037,0.0007784096963476816,2.220446049250313e-16,1.4749890666879286,1.0493220714346445,-0.0028369598371785765,0.0
2021-01-21,COMPOSITE,1,1,1.0,5.0,0.0,1,1,持有,111.0113,0.0016828363326619744,0.0016828363326621965,-2.220446049250313e-16,1.4774712318796304,1.0510879087411191,-0.0011588976436047727,0.0
2021-01-22,COMPOSITE,1,1,1.0,5.0,0.0,1,1,持有,111.1012,0.0008098274680146123,0.0008098274680143902,2.220446049250313e-16,1.4786677286664078,1.0519391086009156,-0.00035000868273460384,0.0
2021-01-25,COMPOSITE,1,1,1.0,5.0,0.0,1,1,持有,111.0572,-0.0003960353263512406,-0.00039603532635101857,-2.220446049250313e-16,1.4780821240099205,1.0515225035527394,-0.0007459053932828974,0.0
2021-01-26,COMPOSITE,1,1,0.6,4.0,1.0,1,1,持有,110.7675,-0.0026085656760660436,-0.0026085656760661546,1.1102230246251565e-16,1.4742264497148214,1.0487795380423606,-0.003352525326142497,0.0
2021-01-27,COMPOSITE,1,1,0.6,4.0,1.0,1,1,持有,110.7952,0.000250073351840463,0.000250073351840685,-2.220446049250313e-16,1.4745951144644736,1.0490418098567806,-0.0031032903515473276,0.0
2021-01-28,COMPOSITE,-1,1,-0.2,2.0,3.0,1,1,持有,110.5174,-0.0025073288373502756,-0.0025073288373503866,1.1102230246251565e-16,1.4708978196105609,1.0464115170753405,-0.005602838219508577,0.0
2021-01-29,COMPOSITE,-1,-1,-0.6,1.0,4.0,1,-1,多翻空,110.5598,-1.6423449923697042e-05,0.00038364999538531563,-0.0004000734453090127,1.4708736623938776,1.0468129728490376,-0.005619169651499334,0.0005884671583892289
2021-02-01,COMPOSITE,-1,-1,-1.0,0.0,5.0,-1,-1,持空,110.6493,-0.000809516659762366,0.000809516659762366,-0.001619033319524732,1.469682965659764,1.0476603853902142,-0.006424137499814853,0.0
2021-02-02,COMPOSITE,-1,-1,-1.0,0.0,5.0,-1,-1,持空,110.5813,0.0006155500618716392,-0.0006145542719201424,0.0012301043337917816,1.4705876291002078,1.047016541224851,-0.005812541816178518,0.0
2021-02-03,COMPOSITE,-1,-1,-1.0,0.0,5.0,-1,-1,持空,110.3488,0.0021033433660551104,-0.002102525472209127,0.004205868838264237,1.4736807798340783,1.0448151622771016,-0.003721424221392544,0.0
2021-02-04,COMPOSITE,-1,-1,-1.0,0.0,5.0,-1,-1,持空,110.2401,0.0009813055426159956,-0.000985058287901741,0.0019663638305177367,1.475126910951376,1.0437859584421751,-0.002743770532991463,0.0
2021-02-05,COMPOSITE,-1,-1,-1.0,0.0,5.0,-1,-1,持空,110.2641,-0.00021645119251079148,0.00021770662399611673,-0.0004341578165069082,1.474807617972396,1.044013197559362,-0.0029596278330983328,0.0
2021-02-07,COMPOSITE,-1,-1,-1.0,0.0,5.0,-1,-1,持空,110.2698,-5.1418287770998994e-05,5.169406905802809e-05,-0.00010311235682902709,1.474731785889888,1.0440671668496941,-0.0030108939418738156,0.0
2021-02-08,COMPOSITE,-1,-1,-1.0,0.0,5.0,-1,-1,持空,110.2094,0.0005448814521993306,-0.0005477474340209731,0.0010926288862203037,1.4755353398869882,1.0434952817381067,-0.002467653069938014,0.0
2021-02-09,COMPOSITE,-1,-1,-1.0,0.0,5.0,-1,-1,持空,110.3174,-0.0009737607541957516,0.000979952708208165,-0.0019537134624039165,1.4740985214815774,1.0445178577654484,-0.0034390109204192054,0.0
2021-02-10,COMPOSITE,-1,-1,-1.0,0.0,5.0,-1,-1,持空,110.1745,0.0012896855838602228,-0.0012953532262361955,0.0025850388100964183,1.475999645093922,1.0431648381885306,-0.002153760579365782,0.0
2021-02-18,COMPOSITE,-1,-1,-1.0,0.0,5.0,-1,-1,持空,109.8753,0.0026968293327060966,-0.002715691925082586,0.005412521257788683,1.4799801642318748,1.0403319238609319,0.0,0.0
2021-02-19,COMPOSITE,-1,-1,-1.0,0.0,5.0,-1,-1,持空,110.0804,-0.0018436899688343278,0.0018666615699798328,-0.0037103515388141606,1.4772515396490067,1.0422738714832263,-0.0018436899688343278,0.0
2021-02-20,COMPOSITE,-1,-1,-0.6,1.0,4.0,-1,-1,持空,110.0847,-3.872506286062283e-05,3.9062358058394864e-05,-7.778742091901769e-05,1.4771943329902728,1.042314585158389,-0.0018823436346850908,0.0
2021-02-22,COMPOSITE,-1,-1,-0.6,1.0,4.0,-1,-1,持空,109.9874,0.0008763010548935579,-0.0008838648785889358,0.0017601659334824937,1.4784887999425549,1.0413933199041265,-0.001007692079504352,0.0
2021-02-23,COMPOSITE,-1,-1,-0.6,1.0,4.0,-1,-1,持空,109.9964,-8.098462911743098e-05,8.182755479269055e-05,-0.00016281218391012153,1.4783690650754373,1.0414785345730717,-0.0010885951010524142,0.0
2021-02-24,COMPOSITE,-1,-1,-0.6,1.0,4.0,-1,-1,持空,110.0229,-0.00023847405402299682,0.0002409169754644669,-0.0004793910294874637,1.4780165124111466,1.0417294444316323,-0.001326809553388375,0.0
2021-02-25,COMPOSITE,-1,-1,-0.6,1.0,4.0,-1,-1,持空,109.9782,0.0004023521850784473,-0.0004062790564508534,0.0008086312415293007,1.4786111955844974,1.0413062115758716,-0.0009249912130329108,0.0
2021-02-26,COMPOSITE,-1,-1,-0.6,1.0,4.0,-1,-1,持空,109.8954,0.0007449969138413337,-0.0007528764791568943,0.001497873392998228,1.479712756361979,1.040522236621576,-0.0001806834147907166,0.0
2021-03-01,COMPOSITE,-1,-1,-0.6,1.0,4.0,-1,-1,持空,110.0893,-0.001743325643160376,0.0017644050615401863,-0.0035077307047005624,1.4771331351693016,1.0423581393225163,-0.0019236940679208114,0.0
2021-03-02,COMPOSITE,-1,-1,-0.6,1.0,4.0,-1,-1,持空,110.1313,-0.00037827511949439785,0.00038150846630879975,-0.0007597835858031976,1.4765743724560862,1.0427558077775938,-0.0023012415018117682,0.0
2021-03-03,COMPOSITE,-1,-1,-0.6,1.0,4.0,-1,-1,持空,110.1036,0.0002495758561937844,-0.00025151796083400235,0.0005010938170277868,1.4769428897693258,1.0424935359631737,-0.002052239979936088,0.0
2021-03-04,COMPOSITE,-1,-1,-0.2,2.0,3.0,-1,-1,持空,110.0848,0.00016934495928522253,-0.00017074827707719287,0.0003400932363624154,1.4771930026028603,1.042315531988044,-0.0018832425571467803,0.0
2021-03-05,COMPOSITE,-1,-1,-0.2,2.0,3.0,-1,-1,持空,110.208,-0.0011095620472140189,0.0011191372469223637,-0.0022286992941363826,1.475553965310762,1.0434820261229374,-0.0029907150298936758,0.0
2021-03-08,COMPOSITE,-1,-1,-0.2,2.0,3.0,-1,-1,持空,110.2764,-0.0006167073597351802,0.0006206445993031107,-0.0012373519590382909,1.4746439803206686,1.0441296576069206,-0.003605577993659015,0.0
2021-03-09,COMPOSITE,-1,-1,-0.2,2.0,3.0,-1,-1,持空,110.2403,0.00032568529237697597,-0.0003273592536572334,0.0006530445460342094,1.4751242501765511,1.043787852101485,-0.0032810669850051877,0.0
2021-03-10,COMPOSITE,-1,-1,-0.2,2.0,3.0,-1,-1,持空,110.2647,-0.0002200591093196591,0.00022133466617924036,-0.00044139377549889947,1.4747996356479214,1.0440188785372917,-0.0035004040656465563,0.0
2021-03-11,COMPOSITE,1,-1,0.6,4.0,1.0,-1,-1,持空,110.2457,0.00017139522023823517,-0.0001723126258901253,0.00034370784612836047,1.4750524092562807,1.043838980902852,-0.0033296087979339806,0.0
2021-03-12,COMPOSITE,1,1,0.6,4.0,1.0,-1,1,空翻多,110.188,0.000121623962135331,-0.0005233764219376713,0.0006450003840730023,1.4752318109746516,1.043292660191948,-0.0032083897960130114,0.0005882318185938082
2021-03-15,COMPOSITE,1,1,0.6,4.0,1.0,1,1,持有,110.1339,-0.0004909790539805448,-0.0004909790539804337,-1.1102230246251565e-16,1.4745075030556973,1.0427804253486224,-0.0036977935978066423,0.0
2021-03-16,COMPOSITE,1,1,0.6,4.0,1.0,1,1,持有,110.1553,0.00019430892758709462,0.00019430892758709462,0.0,1.4747940130273354,1.0429830468947807,-0.003504203184527932,0.0
2021-03-17,COMPOSITE,1,1,0.6,4.0,1.0,1,1,持有,110.1695,0.0001289089131435439,0.00012890891314376596,-2.220446049250313e-16,1.4749841271206654,1.0431174967057832,-0.0033757459944082635,0.0
2021-03-18,COMPOSITE,1,1,0.6,4.0,1.0,1,1,持有,110.1768,6.626153336442009e-05,6.626153336442009e-05,0.0,1.4750818618306167,1.0431866152705942,-0.00330970814314957,0.0
2021-03-19,COMPOSITE,1,1,0.6,4.0,1.0,1,1,持有,110.2661,0.0008105154624202804,0.0008105154624205024,-2.220446049250313e-16,1.4762774384879662,1.0440321341524612,-0.00250187525035539,0.0
2021-03-22,COMPOSITE,1,1,0.6,4.0,1.0,1,1,持有,110.327,0.0005523002990039938,0.0005523002990037718,2.220446049250313e-16,1.4770927869586559,1.0446087534123232,-0.0019509567378003245,0.0
2021-03-23,COMPOSITE,1,1,0.6,4.0,1.0,1,1,持有,110.387,0.0005438378638049635,0.0005438378638049635,0.0,1.4778960859445571,1.0451768512052908,-0.0014081798781400146,0.0
2021-03-24,COMPOSITE,1,1,0.6,4.0,1.0,1,1,持有,110.5425,0.0014086803699711048,0.0014086803699713268,-2.220446049250313e-16,1.4799779691496844,1.046649171318732,-1.4831835206674526e-06,0.0
2021-03-25,COMPOSITE,1,1,0.6,4.0,1.0,1,1,持有,110.5542,0.00010584164461624468,0.00010584164461624468,0.0,1.480134612451935,1.0467599503883607,0.0,0.0
2021-03-26,COMPOSITE,1,1,0.6,4.0,1.0,1,1,持有,110.4982,-0.0005065388741449794,-0.0005065388741452015,2.220446049250313e-16,1.4793848667317606,1.0462297257815907,-0.0005065388741449794,0.0
2021-03-29,COMPOSITE,1,1,0.6,4.0,1.0,1,1,持有,110.4833,-0.00013484382551021135,-0.00013484382551021135,0.0,1.4791853808169286,1.0460886481630038,-0.0006413143960155576,0.0
2021-03-30,COMPOSITE,1,1,0.6,4.0,1.0,1,1,持有,110.468,-0.0001384824674860452,-0.00013848246748593418,-1.1102230246251565e-16,1.4789805395755238,1.0459437832257972,-0.0007797080527016664,0.0
2021-03-31,COMPOSITE,1,1,0.6,4.0,1.0,1,1,持有,110.5146,0.00042184161929248454,0.00042184161929248454,0.0,1.4796044351212403,1.046385005845002,-0.000358195346716772,0.0
2021-04-01,COMPOSITE,1,1,0.6,4.0,1.0,1,1,持有,110.4928,-0.00019725900469258484,-0.00019725900469258484,0.0,1.4793125698230296,1.0461785969802238,-0.0005553836941517565,0.0
2021-04-02,COMPOSITE,1,1,0.6,4.0,1.0,1,1,持有,110.4927,-9.050363461993172e-07,-9.050363461993172e-07,0.0,1.4793112309913865,1.0461776501505688,-0.0005562882278554726,0.0
2021-04-06,COMPOSITE,1,1,0.6,4.0,1.0,1,1,持有,110.4348,-0.0005240165187383461,-0.0005240165187385681,2.220446049250313e-16,1.4785360474699918,1.0456294357803548,-0.00108001324237339,0.0
2021-04-07,COMPOSITE,1,1,0.6,4.0,1.0,1,1,持有,110.3509,-0.0007597242898071954,-0.0007597242898068624,-3.3306690738754696e-16,1.4774127677213733,1.0448350456998554,-0.001838917019887032,0.0
2021-04-08,COMPOSITE,1,1,0.6,4.0,1.0,1,1,持有,110.3109,-0.0003624800522695759,-0.00036248005226979796,2.220446049250313e-16,1.476877235064106,1.0444563138378768,-0.0022007305014191125,0.0
2021-04-09,COMPOSITE,1,1,0.6,4.0,1.0,1,1,持有,110.4295,0.0010751430728965783,0.0010751430728965783,0.0,1.4784650893929039,1.0455792538086428,-0.0011279535286763398,0.0
2021-04-12,COMPOSITE,1,1,0.6,4.0,1.0,1,1,持有,110.548,0.0010730828265996806,0.0010730828265999026,-2.220446049250313e-16,1.4800516048900587,1.046701246949754,-5.608108963739422e-05,0.0
2021-04-13,COMPOSITE,1,1,0.6,4.0,1.0,1,1,持有,110.8025,0.002302167384303555,0.002302167384303555,0.0,1.4834589314219229,1.0491109284215916,0.0,0.0
2021-04-14,COMPOSITE,1,1,0.6,4.0,1.0,1,1,持有,110.7902,-0.00011100832562438434,-0.00011100832562438434,0.0,1.4832942551298132,1.0489944683740333,-0.00011100832562438434,0.0
2021-04-15,COMPOSITE,1,1,0.6,4.0,1.0,1,1,持有,110.7716,-0.0001678848851252024,-0.0001678848851252024,0.0,1.4830452324441838,1.0488183580582133,-0.00027887457412956174,0.0
2021-04-16,COMPOSITE,1,1,0.6,4.0,1.0,1,1,持有,110.853,0.0007348453935844823,0.0007348453935844823,0.0,1.484135041401723,1.0495890773973393,0.0,0.0
2021-04-19,COMPOSITE,1,1,0.6,4.0,1.0,1,1,持有,110.9222,0.0006242501330593342,0.0006242501330593342,0.0,1.4850615128987958,1.0502442835185621,0.0,0.0
2021-04-20,COMPOSITE,1,1,0.6,4.0,1.0,1,1,持有,110.9571,0.0003146349423288619,0.0003146349423288619,0.0,1.4855287651422615,1.0505747270681383,0.0,0.0
2021-04-21,COMPOSITE,1,1,0.6,4.0,1.0,1,1,持有,110.9601,2.7037476646452063e-05,2.7037476646452063e-05,0.0,1.4855689300915567,1.0506031319577867,0.0,0.0
2021-04-22,COMPOSITE,1,1,0.6,4.0,1.0,1,1,持有,110.9093,-0.00045782222618773183,-0.0004578222261876208,-1.1102230246251565e-16,1.4848888036168268,1.050122142493074,-0.00045782222618773183,0.0
2021-04-23,COMPOSITE,1,1,0.6,4.0,1.0,1,1,持有,110.9057,-3.2458955200320716e-05,-3.2458955200320716e-05,0.0,1.4848406056776728,1.050088056625496,-0.0004902663209568336,0.0
2021-04-25,COMPOSITE,1,1,0.6,4.0,1.0,1,1,持有,110.7984,-0.0009674885961676871,-0.0009674885961677981,1.1102230246251565e-16,1.483404039324553,1.0490721084057388,-0.001457280590050014,0.0
2021-04-26,COMPOSITE,1,1,0.6,4.0,1.0,1,1,持有,110.6406,-0.0014242082918164423,-0.0014242082918163312,-1.1102230246251565e-16,1.4812913629916329,1.0475780112102342,-0.0028794134107665847,0.0
2021-04-27,COMPOSITE,1,1,0.6,4.0,1.0,1,1,持有,110.6017,-0.00035158883809394137,-0.00035158883809394137,0.0,1.4807705574824401,1.04720969447446,-0.0032299898792449433,0.0
2021-04-28,COMPOSITE,1,1,0.6,4.0,1.0,1,1,持有,110.689,0.0007893187898559972,0.0007893187898557752,2.220446049250313e-16,1.4819393575069264,1.0480362767632279,-0.0024432205810918095,0.0
2021-04-29,COMPOSITE,1,1,0.6,4.0,1.0,1,1,持有,110.766,0.0006956427467952331,0.0006956427467952331,0.0,1.4829702578721664,1.0487653355975364,-0.0017492774429727076,0.0
2021-04-30,COMPOSITE,1,1,0.6,4.0,1.0,1,1,持有,110.9182,0.0013740678547569107,0.0013740678547569107,0.0,1.485007959633069,1.0502064103323643,-0.00037761321411933224,0.0
2021-05-06,COMPOSITE,1,1,0.6,4.0,1.0,1,1,持有,110.9931,0.0006752724079546191,0.0006752724079546191,0.0,1.4860107445338022,1.0509155857439187,0.0,0.0
2021-05-07,COMPOSITE,1,1,0.6,4.0,1.0,1,1,持有,110.9884,-4.234497459743025e-05,-4.234497459743025e-05,0.0,1.4859478194465734,1.0508710847501364,-4.234497459743025e-05,0.0
2021-05-08,COMPOSITE,1,1,0.6,4.0,1.0,1,1,持有,111.0061,0.00015947612543287804,0.00015947612543310008,-2.220446049250313e-16,1.4861847926474143,1.051038673599062,0.0,0.0
2021-05-10,COMPOSITE,1,1,0.6,4.0,1.0,1,1,持有,111.0622,0.0005053776324002168,0.0005053776324002168,0.0,1.4869358771992318,1.0515698450354867,0.0,0.0
2021-05-11,COMPOSITE,1,1,0.6,4.0,1.0,1,1,持有,111.1166,0.0004898156168344769,0.0004898156168344769,0.0,1.4876642016131156,1.0520849203677773,0.0,0.0
2021-05-12,COMPOSITE,1,1,0.6,4.0,1.0,1,1,持有,111.1825,0.0005930707023071857,0.0005930707023071857,0.0,1.4885464916659636,1.0527088811103866,0.0,0.0
2021-05-13,COMPOSITE,1,1,0.6,4.0,1.0,1,1,持有,111.1287,-0.00048388910125241047,-0.0004838891012525215,1.1102230246251565e-16,1.487826200241939,1.0521994867560256,-0.00048388910125241047,0.0
2021-05-14,COMPOSITE,1,1,0.6,4.0,1.0,1,1,持有,111.2248,0.0008647631080000995,0.0008647631080000995,0.0,1.489112817451024,1.0531093900544288,0.0,0.0
2021-05-17,COMPOSITE,1,1,0.2,3.0,2.0,1,1,持有,111.1171,-0.000968309226000108,-0.000968309225999997,-1.1102230246251565e-16,1.4876708957713312,1.0520896545160519,-0.000968309226000108,0.0
2021-05-18,COMPOSITE,1,1,0.2,3.0,2.0,1,1,持有,111.1677,0.00045537545526297407,0.00045537545526297407,0.0,1.4883483445827745,1.0525687503214545,-0.0005133747149916879,0.0
2021-05-19,COMPOSITE,1,1,0.2,3.0,2.0,1,1,持有,111.3414,0.0015625042166025338,0.0015625042166025338,0.0,1.4906738951469585,1.0542133934320959,0.0,0.0
2021-05-20,COMPOSITE,1,1,0.2,3.0,2.0,1,1,持有,111.527,0.0016669450896074078,0.0016669450896071858,2.220446049250313e-16,1.4931587666766797,1.0559707092716757,0.0,0.0
2021-05-21,COMPOSITE,1,1,0.2,3.0,2.0,1,1,持有,111.6936,0.001493808674132735,0.001493808674132735,0.0,1.4953892601941985,1.057548127476816,0.0,0.0
2021-05-24,COMPOSITE,1,1,0.2,3.0,2.0,1,1,持有,111.645,-0.0004351189325082494,-0.0004351189325083604,1.1102230246251565e-16,1.4947385880156185,1.057087968264512,-0.0004351189325082494,0.0
2021-05-25,COMPOSITE,1,1,0.2,3.0,2.0,1,1,持有,111.6479,2.5975189215987626e-05,2.5975189215987626e-05,0.0,1.4947774141332706,1.0571154263245057,-0.0004091550455889159,0.0
2021-05-26,COMPOSITE,1,1,0.2,3.0,2.0,1,1,持有,111.7715,0.0011070517224236465,0.0011070517224238685,-2.220446049250313e-16,1.4964322100442269,1.058285707778019,0.0,0.0
2021-05-27,COMPOSITE,1,1,0.2,3.0,2.0,1,1,持有,111.6771,-0.000844580237359227,-0.0008445802373594491,2.220446049250313e-16,1.4951683529730757,1.0573919005837498,-0.000844580237359227,0.0
2021-05-28,COMPOSITE,1,1,0.2,3.0,2.0,1,1,持有,111.55,-0.0011381026190687704,-0.0011381026190686594,-1.1102230246251565e-16,1.4934666979546083,1.0561884800923134,-0.0019817216374479196,0.0
2021-05-31,COMPOSITE,1,1,0.2,3.0,2.0,1,1,持有,111.6415,0.0008202599731061966,0.0008202599731061966,0.0,1.4946917289081076,1.0570548292265889,-0.0011630871912786667,0.0
2021-06-01,COMPOSITE,1,1,0.2,3.0,2.0,1,1,持有,111.6888,0.00042367757509520487,0.0004236775750954269,-2.220446049250313e-16,1.4953249962753263,1.0575026796533784,-0.0007399023901442092,0.0
2021-06-02,COMPOSITE,1,1,0.2,3.0,2.0,1,1,持有,111.5551,-0.0011970761616204584,-0.0011970761616204584,0.0,1.49353497836841,1.0562367684047156,-0.0019360928322514903,0.0
2021-06-03,COMPOSITE,1,1,0.2,3.0,2.0,1,1,持有,111.5822,0.0002429292788943549,0.0002429292788943549,0.0,1.4938978017437086,1.0564933592412058,-0.0016936338869927292,0.0
2021-06-04,COMPOSITE,1,1,0.2,3.0,2.0,1,1,持有,111.3265,-0.002291584141556502,-0.002291584141556613,1.1102230246251565e-16,1.4904744092321265,1.0540723158135088,-0.003981336923992274,0.0
2021-06-07,COMPOSITE,-1,1,-0.2,2.0,3.0,1,1,持有,111.1705,-0.0014012836117186511,-0.001401283611718429,-2.220446049250313e-16,1.4883858318687835,1.0525952615517933,-0.005377041553526585,0.0
2021-06-08,COMPOSITE,-1,-1,-0.2,2.0,3.0,1,-1,多翻空,111.1686,-0.0004170040459505753,-1.7090864932955974e-05,-0.0003999131810176193,1.4877651689549587,1.052577271788349,-0.005791803351394065,0.0005952251126045044
2021-06-09,COMPOSITE,-1,-1,-0.2,2.0,3.0,-1,-1,持空,111.1653,2.9684641166705106e-05,-2.9684641166594083e-05,5.936928233329919e-05,1.4878093327301394,1.052546026409736,-0.005762290637831624,0.0
2021-06-10,COMPOSITE,-1,-1,-0.2,2.0,3.0,-1,-1,持空,111.2476,-0.0007402949846140316,0.0007403389367006685,-0.0014806339213147002,1.4867079149430573,1.0533252672157567,-0.0064983198275865295,0.0
2021-06-11,COMPOSITE,-1,-1,-0.2,2.0,3.0,-1,-1,持空,111.1267,0.0010883106969510337,-0.0010867650178523203,0.002175075714803354,1.4883259150701316,1.0521805501629267,-0.005417081321616113,0.0
2021-06-15,COMPOSITE,-1,-1,-0.2,2.0,3.0,-1,-1,持空,111.0803,0.0004172267906357163,-0.00041754141893890484,0.0008347682095746212,1.4889468845150964,1.0517412212030317,-0.005002114682434722,0.0
2021-06-16,COMPOSITE,-1,-1,-0.2,2.0,3.0,-1,-1,持空,111.076,3.864928826891045e-05,-3.871073448658002e-05,7.736002275549048e-05,1.489004431252453,1.0517005075278691,-0.004963658722338171,0.0
2021-06-17,COMPOSITE,-1,-1,-0.2,2.0,3.0,-1,-1,持空,110.9974,0.0007064457331036333,-0.0007076236090605148,0.0014140693421641481,1.4900563320794837,1.0509562994190815,-0.004260719544759484,0.0
2021-06-18,COMPOSITE,-1,-1,-0.6,1.0,4.0,-1,-1,持空,111.085,-0.000786780648070029,0.0007892076751345733,-0.0015759883232046024,1.4888839845928694,1.051785722196814,-0.0050441479411448276,0.0
2021-06-21,COMPOSITE,-1,-1,-0.6,1.0,4.0,-1,-1,持空,111.3183,-0.0020970371821860123,0.0021001935454831866,-0.004197230727669199,1.485761739517217,1.0539946757818033,-0.007130607357545893,0.0
2021-06-22,COMPOSITE,-1,-1,-0.6,1.0,4.0,-1,-1,持空,111.3655,-0.00042515283433719464,0.00042400934976560833,-0.000849162184102803,1.4851300637025113,1.054441579378938,-0.007552728593954505,0.0
2021-06-23,COMPOSITE,-1,-1,-0.6,1.0,4.0,-1,-1,持空,111.4378,-0.0006515174589558637,0.0006492136254045988,-0.0013007310843604625,1.484162475537189,1.0551261372194638,-0.008199325318368644,0.0
2021-06-24,COMPOSITE,-1,-1,-0.6,1.0,4.0,-1,-1,持空,111.4307,6.402198749499988e-05,-6.371267200155906e-05,0.00012773465949655893,1.4842574945686382,1.0550589123139629,-0.008135828267976764,0.0
2021-06-25,COMPOSITE,-1,-1,-0.6,1.0,4.0,-1,-1,持空,111.4106,0.00018123374193579345,-0.00018038116964202988,0.00036161491157782333,1.4845264921083752,1.0548685995533185,-0.007956069012641676,0.0
2021-06-28,COMPOSITE,-1,-1,-0.6,1.0,4.0,-1,-1,持空,111.3404,0.0006328509122248693,-0.0006301016240821689,0.0012629525363070382,1.485465976053128,1.0542039251355466,-0.007328253105949201,0.0
2021-06-29,COMPOSITE,-1,-1,-0.6,1.0,4.0,-1,-1,持空,111.348,-6.847044239111089e-05,6.825914043750991e-05,-0.0001367295828286208,1.4853642655405905,1.0542758841893223,-0.007396221779608192,0.0
2021-06-30,COMPOSITE,-1,-1,-0.6,1.0,4.0,-1,-1,持空,111.4029,-0.0004946427219945093,0.0004930488199159644,-0.0009876915419104737,1.4846295409171302,1.0547956936698877,-0.007887206014329129,0.0
2021-07-01,COMPOSITE,-1,-1,-0.6,1.0,4.0,-1,-1,持空,111.3792,0.00021363996527679063,-0.00021274132001947166,0.0004263812852962623,1.4849467171207005,1.0545712950416655,-0.0076752510714714894,0.0
2021-07-02,COMPOSITE,-1,-1,-0.6,1.0,4.0,-1,-1,持空,111.3687,9.463040069213058e-05,-9.427253921745482e-05,0.0001889029399095854,1.485087238223548,1.054471877927896,-0.007581346982863724,0.0
2021-07-05,COMPOSITE,-1,-1,-0.2,2.0,3.0,-1,-1,持空,111.4278,-0.0005325835710133786,0.0005306697483227207,-0.0010632533193360993,1.4842963051589486,1.0550314542539694,-0.008109892853027767,0.0
2021-07-06,COMPOSITE,1,-1,0.2,3.0,2.0,-1,-1,持空,111.386,0.0003768841955684721,-0.000375130802187873,0.0007520149977563451,1.4848557129779039,1.0546356794582017,-0.007736065147903259,0.0
2021-07-07,COMPOSITE,1,1,0.2,3.0,2.0,-1,1,空翻多,111.5817,-0.002164542143666348,0.0017569532975421076,-0.003921495441208456,1.4816416802098995,1.0564886250929313,-0.009883862252530795,0.0005949870701679543
2021-07-08,COMPOSITE,1,1,0.2,3.0,2.0,1,1,持有,112.0653,0.004334044023347916,0.004334044023347916,0.0,1.4880631804787563,1.0610674933042503,-0.005592655323306106,0.0
2021-07-09,COMPOSITE,1,1,0.6,4.0,1.0,1,1,持有,111.982,-0.0007433166198634877,-0.0007433166198635988,1.1102230246251565e-16,1.4869570783852994,1.0602787842016803,-0.006331814829518723,0.0
2021-07-12,COMPOSITE,1,1,0.6,4.0,1.0,1,1,持有,112.405,0.003777392795270673,0.003777392795270673,0.0,1.4925738993400688,1.064283873642102,-0.0025783397859659996,0.0
2021-07-13,COMPOSITE,1,1,0.6,4.0,1.0,1,1,持有,112.5086,0.0009216671856233649,0.000921667185623587,-2.220446049250313e-16,1.4939495557252085,1.0652647891646263,-0.0016590489715166967,0.0
2021-07-14,COMPOSITE,1,1,0.6,4.0,1.0,1,1,持有,112.6333,0.0011083597165018055,0.0011083597165015835,2.220446049250313e-16,1.49560538923126,1.066445485744344,-0.0005525280780627195,0.0
2021-07-15,COMPOSITE,1,1,0.6,4.0,1.0,1,1,持有,112.4077,-0.00200296004822742,-0.002002960048227198,-2.220446049250313e-16,1.4926097513887162,1.0643094380427858,-0.0025543814346242755,0.0
2021-07-16,COMPOSITE,1,1,0.6,4.0,1.0,1,1,持有,112.4605,0.00046971871144041444,0.00046971871144041444,0.0,1.493310858117822,1.0648093641005971,-0.002085862563939722,0.0
2021-07-19,COMPOSITE,1,1,0.6,4.0,1.0,1,1,持有,112.467,5.7798071323000855e-05,5.7798071322556765e-05,4.440892098500626e-16,1.493397168605307,1.0648709080281684,-0.002028185051449971,0.0
2021-07-20,COMPOSITE,1,1,0.6,4.0,1.0,1,1,持有,112.6144,0.0013106066668444605,0.0013106066668449046,-4.440892098500626e-16,1.4953544248907278,1.0662665349395593,-0.0007202365374554542,0.0
2021-07-21,COMPOSITE,1,1,0.6,4.0,1.0,1,1,持有,112.6983,0.0007450201750398566,0.0007450201750396346,2.220446049250313e-16,1.4964684941061064,1.067060925020059,0.0,0.0
2021-07-22,COMPOSITE,1,1,0.6,4.0,1.0,1,1,持有,112.6567,-0.00036912712969061623,-0.0003691271296903942,-2.220446049250313e-16,1.4959161069862046,1.0666670438836015,-0.00036912712969061623,0.0
2021-07-23,COMPOSITE,1,1,0.6,4.0,1.0,1,1,持有,112.7292,0.0006435480535111893,0.0006435480535109672,2.220446049250313e-16,1.4968788008850717,1.0673534953834372,0.0,0.0
2021-07-26,COMPOSITE,1,1,0.2,3.0,2.0,1,1,持有,113.0259,0.0026319711308160354,0.0026319711308160354,0.0,1.5008185426753318,1.070162738969662,0.0,0.0
2021-07-27,COMPOSITE,1,1,0.2,3.0,2.0,1,1,持有,112.8539,-0.0015217750975661248,-0.0015217750975659028,-2.220446049250313e-16,1.498534634391123,1.068534191963155,-0.0015217750975661248,0.0
2021-07-28,COMPOSITE,1,1,0.2,3.0,2.0,1,1,持有,112.7655,-0.0007833136471137037,-0.0007833136471138147,1.1102230246251565e-16,1.497360811761332,1.0676971945481826,-0.0023038967174779934,0.0
2021-07-29,COMPOSITE,1,1,0.2,3.0,2.0,1,1,持有,113.0209,0.002264877112237329,0.002264877112237329,0.0,1.5007521499926513,1.0701153974869146,-4.4237648185063705e-05,0.0
2021-07-30,COMPOSITE,-1,1,-0.2,2.0,3.0,1,1,持有,113.3194,0.0026411044328968902,0.0026411044328968902,0.0,1.5047157931486765,1.0729416840069286,0.0,0.0
2021-08-02,COMPOSITE,-1,-1,-0.2,2.0,3.0,1,-1,多翻空,113.5228,0.0013942887096825007,0.0017949265527350544,-0.0004006378430525537,1.5068138013903447,1.074867535525089,0.0,0.0006028460897740928
2021-08-03,COMPOSITE,-1,-1,-0.2,2.0,3.0,-1,-1,持空,113.4013,0.0010702695846120935,-0.0010702695846120935,0.002140539169224187,1.5084264983716464,1.0737171374943295,0.0,0.0
2021-08-04,COMPOSITE,-1,-1,-0.2,2.0,3.0,-1,-1,持空,113.3532,0.00042325044018931557,-0.0004241573950209965,0.000847407835210312,1.5090649405510754,1.0732617124303006,0.0,0.0
2021-08-05,COMPOSITE,-1,-1,-0.2,2.0,3.0,-1,-1,持空,113.5723,-0.0019271296938052629,0.0019328964687366224,-0.0038600261625418852,1.506156776694259,1.0753362162042872,-0.0019271296938052629,0.0
2021-08-06,COMPOSITE,-1,-1,-0.2,2.0,3.0,-1,-1,持空,113.4781,0.000830151233814469,-0.0008294275981025612,0.0016595788319170302,1.5074071146007497,1.0744443026693282,-0.001098578269083883,0.0
2021-08-09,COMPOSITE,-1,-1,-0.2,2.0,3.0,-1,-1,持空,113.115,0.0031972175138132997,-0.003199736336791159,0.006396953850604459,1.5122266230279982,1.071006364192219,0.0,0.0
2021-08-10,COMPOSITE,-1,-1,-0.2,2.0,3.0,-1,-1,持空,113.0307,0.0007399241292507241,-0.0007452592494363586,0.0014851833786870827,1.5133455559952718,1.0702081867930995,0.0,0.0
2021-08-11,COMPOSITE,-1,-1,-0.2,2.0,3.0,-1,-1,持空,112.9117,0.0010437232326652168,-0.0010528113158637664,0.0020965345485289832,1.5149250699111145,1.0690814595037137,0.0,0.0
2021-08-12,COMPOSITE,-1,-1,-0.2,2.0,3.0,-1,-1,持空,113.1095,-0.0017330521431406787,0.001751811371186518,-0.0034848635143271967,1.5122996257720076,1.070954288561197,-0.0017330521431406787,0.0
2021-08-13,COMPOSITE,-1,-1,-0.2,2.0,3.0,-1,-1,持空,113.0007,0.0009549212233874727,-0.0009618997520102202,0.0019168209753976928,1.5137437527807782,1.0699241378966156,-0.000779785848025849,0.0
2021-08-16,COMPOSITE,-1,-1,-0.2,2.0,3.0,-1,-1,持空,112.9272,0.000644483006254637,-0.0006504384486112347,0.0012949214548658716,1.5147193349052694,1.0692282181002304,-0.00013580540049884515,0.0
2021-08-17,COMPOSITE,-1,-1,-0.2,2.0,3.0,-1,-1,持空,112.9117,0.0001358238461106609,-0.0001372565688337879,0.0002730804149444488,1.5149250699111145,1.0690814595037137,0.0,0.0
2021-08-18,COMPOSITE,-1,-1,-0.2,2.0,3.0,-1,-1,持空,113.1454,-0.0020475949739735544,0.0020697589355220813,-0.004117353909495636,1.511823116952018,1.0712942004073225,-0.0020475949739735544,0.0
2021-08-19,COMPOSITE,-1,-1,-0.2,2.0,3.0,-1,-1,持空,113.2743,-0.0011316924816637819,0.0011392420725897523,-0.002270934554253534,1.5101121980969578,1.072514663832548,-0.003176970207799834,0.0
2021-08-20,COMPOSITE,-1,-1,-0.2,2.0,3.0,-1,-1,持空,113.2793,-4.3947814606926094e-05,4.4140639138712245e-05,-8.808845374563834e-05,1.5100458319660401,1.0725620053152953,-0.003220778401509139,0.0
2021-08-23,COMPOSITE,-1,-1,-0.2,2.0,3.0,-1,-1,持空,113.1547,0.0010952276728697363,-0.001099936175453009,0.0021951638483227454,1.5116996759485108,1.0713822555652326,-0.0021290782142729947,0.0
2021-08-24,COMPOSITE,-1,-1,-0.2,2.0,3.0,-1,-1,持空,113.1735,-0.00016507025583256674,0.00016614422556027186,-0.0003312144813928386,1.51145013929626,1.0715602595403624,-0.0022937970226200033,0.0
2021-08-25,COMPOSITE,-1,-1,-0.2,2.0,3.0,-1,-1,持空,113.2796,-0.0009317471092566976,0.0009374986193766421,-0.0018692457286333397,1.5100418499981851,1.0725648458042603,-0.0032234068931316084,0.0
2021-08-26,COMPOSITE,-1,-1,-0.2,2.0,3.0,-1,-1,持空,113.015,0.0023258266969041763,-0.002335813332674186,0.004661640029578362,1.5135539456463534,1.070059534537273,-0.0009050772820345943,0.0
2021-08-27,COMPOSITE,-1,-1,-0.2,2.0,3.0,-1,-1,持空,113.0522,-0.0003262282229505864,0.00032915984603820725,-0.0006553880689887936,1.5130601816323253,1.070411755168913,-0.0012310102432318004,0.0
2021-08-30,COMPOSITE,-1,-1,-0.2,2.0,3.0,-1,-1,持空,113.1557,-0.0009079473022123308,0.0009155062882455489,-0.0018234535904578797,1.5116864027223273,1.071391723861782,-0.0021378398530147447,0.0
2021-08-31,COMPOSITE,-1,-1,-0.2,2.0,3.0,-1,-1,持空,113.2345,-0.0006918962963352593,0.0006963855996648949,-0.0013882818960001542,1.5106404724990634,1.0721378256298795,-0.002828256985873523,0.0
2021-09-01,COMPOSITE,-1,-1,-0.2,2.0,3.0,-1,-1,持空,113.4378,-0.0017862932525913866,0.0017953892144177974,-0.003581682467009184,1.5079420256159468,1.0740627303183847,-0.004609498142094548,0.0
2021-09-02,COMPOSITE,-1,-1,-0.2,2.0,3.0,-1,-1,持空,113.4394,-1.4083540038623e-05,1.410464589413074e-05,-2.818818593275374e-05,1.507920788454053,1.074077879592864,-0.00462351676408157,0.0
2021-09-03,COMPOSITE,-1,-1,-0.2,2.0,3.0,-1,-1,持空,113.3912,0.00042427261892408197,-0.0004248964645441333,0.0008491690834682153,1.5085605579561006,1.07362150769918,-0.00420120577672356,0.0
2021-09-06,COMPOSITE,-1,-1,-0.2,2.0,3.0,-1,-1,持空,113.4081,-0.00014869639890768838,0.0001490415481979479,-0.0002977379471056363,1.5083362404335983,1.073781521910866,-0.004349277471461299,0.0
2021-09-07,COMPOSITE,-1,-1,-0.2,2.0,3.0,-1,-1,持空,113.2055,0.0017828621713784631,-0.0017864685150357218,0.003569330686414185,1.5110253960583864,1.071863245029945,-0.0025741694623595546,0.0
2021-09-08,COMPOSITE,-1,-1,-0.2,2.0,3.0,-1,-1,持空,113.0831,0.0010751923092127136,-0.0010812195520534251,0.0021564118612661387,1.5126500389432533,1.0707043255322912,-0.0015017448803554823,0.0
2021-09-09,COMPOSITE,-1,-1,-0.2,2.0,3.0,-1,-1,持空,113.0528,0.00026587693320179184,-0.0002679445469747632,0.0005338214801765551,1.513052217696615,1.0704174361468426,-0.0012362672264769614,0.0
2021-09-10,COMPOSITE,-1,-1,-0.2,2.0,3.0,-1,-1,持空,113.0835,-0.0002693152549984035,0.00027155453027249976,-0.0005408697852709032,1.51264472965278,1.070708112850911,-0.0015052495358521822,0.0
2021-09-13,COMPOSITE,-1,-1,-0.2,2.0,3.0,-1,-1,持空,112.9228,0.0014101179251697626,-0.0014210738082921504,0.002831191733461913,1.5147777371004771,1.0691865575954127,-9.725419003470126e-05,0.0
2021-09-14,COMPOSITE,-1,-1,-0.2,2.0,3.0,-1,-1,持空,112.8917,0.000272513467948432,-0.0002754093947370251,0.0005479228626854571,1.5151905344347856,1.0688920935727244,0.0,0.0
2021-09-15,COMPOSITE,-1,-1,-0.2,2.0,3.0,-1,-1,持空,112.8451,0.0004082208317017777,-0.0004127849965940289,0.0008210058282958066,1.515809066774939,1.0684508709535196,0.0,0.0
2021-09-16,COMPOSITE,-1,-1,-0.2,2.0,3.0,-1,-1,持空,112.8747,-0.0002591932609752323,0.0002623064714375456,-0.0005214997324127779,1.515416179279906,1.0687311325313837,-0.0002591932609752323,0.0
2021-09-17,COMPOSITE,-1,-1,-0.2,2.0,3.0,-1,-1,持空,112.9641,-0.0007830366582026738,0.0007920286831326617,-0.0015750653413353355,1.5142295528590963,1.0695775982429054,-0.0010420269613529154,0.0
2021-09-18,COMPOSITE,-1,-1,-0.2,2.0,3.0,-1,-1,持空,113.0235,-0.0005206803907732427,0.0005258307727851186,-0.0010465111635583613,1.5134411232237932,1.0701400150579432,-0.0015621647891208568,0.0
2021-09-22,COMPOSITE,-1,-1,-0.2,2.0,3.0,-1,-1,持空,113.1004,-0.0006744306586178306,0.0006803894765248231,-0.0013548201351426536,1.512420412130278,1.0708681270625968,-0.002235541875911129,0.0
2021-09-23,COMPOSITE,-1,-1,-0.2,2.0,3.0,-1,-1,持空,113.1646,-0.0005634287359186363,0.0005676372497356308,-0.001131065985654267,1.511568271009294,1.071475991701072,-0.0027977110432965135,0.0
2021-09-24,COMPOSITE,-1,-1,-0.2,2.0,3.0,-1,-1,持空,113.121,0.0003828557880594108,-0.0003852794955313543,0.0007681352835907651,1.5121469836708967,1.0710631739715155,-0.00241592637510335,0.0
2021-09-26,COMPOSITE,-1,-1,-0.2,2.0,3.0,-1,-1,持空,113.083,0.00033355394708434183,-0.00033592348016719953,0.0006694774272515414,1.5126513662658718,1.070703378702636,-0.0020831782697973145,0.0
2021-09-27,COMPOSITE,-1,-1,-0.2,2.0,3.0,-1,-1,持空,113.089,-5.264885146538667e-05,5.30583730533607e-05,-0.00010570722451874737,1.5125717269087704,1.0707601884819329,-0.002135717444319396,0.0
2021-09-28,COMPOSITE,-1,-1,-0.2,2.0,3.0,-1,-1,持空,113.0167,0.0006344520633294604,-0.000639319474042499,0.0012737715373719594,1.5135313811618414,1.070075630641407,-0.0015026203913292013,0.0
2021-09-29,COMPOSITE,-1,-1,-0.2,2.0,3.0,-1,-1,持空,113.0555,-0.00034026461712777234,0.00034331209458415834,-0.0006835767117119307,1.5130163799859195,1.070443000547526,-0.0018423737199048107,0.0
2021-09-30,COMPOSITE,-1,-1,-0.2,2.0,3.0,-1,-1,持空,113.0619,-5.614522664687538e-05,5.660936442697384e-05,-0.00011275459107384922,1.5129314313383448,1.0705035976454425,-0.0018984155060615127,0.0
2021-10-08,COMPOSITE,1,-1,0.2,3.0,2.0,-1,-1,持空,112.7897,0.0023880607490369687,-0.0024075307420095005,0.004795591491046469,1.5165444035055082,1.0679263273246793,0.0,0.0
2021-10-09,COMPOSITE,1,1,0.6,4.0,1.0,-1,1,空翻多,112.7104,0.0002967020522177677,-0.0007030783839301336,0.0009997804361479012,1.5169943653423077,1.0671754914083074,0.0,0.0006026049995562818
2021-10-11,COMPOSITE,1,1,0.6,4.0,1.0,1,1,持有,112.3739,-0.002985527511214503,-0.002985527511214725,2.220446049250313e-16,1.5124653369302208,1.0639894096194138,-0.002985527511214503,0.0
2021-10-12,COMPOSITE,1,1,0.6,4.0,1.0,1,1,持有,112.3318,-0.00037464215445048854,-0.0003746421544503775,-1.1102230246251565e-16,1.5118987036578615,1.0635907943346816,-0.0033590511612060503,0.0
2021-10-13,COMPOSITE,1,1,0.6,4.0,1.0,1,1,持有,112.3117,-0.0001789341931670574,-0.0001789341931670574,0.0,1.5116281732831722,1.0634004815740374,-0.0035373843052637355,0.0
2021-10-14,COMPOSITE,1,1,0.6,4.0,1.0,1,1,持有,112.3417,0.00026711375573529317,0.00026711375573529317,0.0,1.5120319499618131,1.0636845304705214,-0.0032712154335358123,0.0
2021-10-15,COMPOSITE,1,1,0.6,4.0,1.0,1,1,持有,112.2614,-0.0007147835576639672,-0.0007147835576639672,0.0,1.510951174385318,1.0629242262575995,-0.003983660780194187,0.0
2021-10-18,COMPOSITE,1,1,0.6,4.0,1.0,1,1,持有,111.7527,-0.00453138834897826,-0.004531388348978371,1.1102230246251565e-16,1.5041044678378332,1.058107703802889,-0.008496997615126789,0.0
2021-10-19,COMPOSITE,1,1,0.6,4.0,1.0,1,1,持有,111.8922,0.0012482919875760334,0.0012482919875762555,-2.220446049250313e-16,1.5059820293935127,1.0594285311715388,-0.007259312361592163,0.0
2021-10-20,COMPOSITE,1,1,0.6,4.0,1.0,1,1,持有,112.0089,0.001042968142551448,0.001042968142551448,0.0,1.507552720673425,1.0605334813788607,-0.006223915450570772,0.0
2021-10-21,COMPOSITE,1,1,0.6,4.0,1.0,1,1,持有,112.2026,0.001729326865990366,0.001729326865990144,2.220446049250313e-16,1.5101597720951823,1.0623674904204912,-0.004505351768780752,0.0
2021-10-22,COMPOSITE,1,1,1.0,5.0,0.0,1,1,持有,112.1506,-0.0004634473710949383,-0.00046344737109471623,-2.220446049250313e-16,1.5094598925188714,1.0618751389999193,-0.004966711146442648,0.0
2021-10-25,COMPOSITE,1,1,1.0,5.0,0.0,1,1,持有,112.1405,-9.005747628620941e-05,-9.005747628632044e-05,1.1102230246251565e-16,1.5093239543703958,1.0617795092047697,-0.0050563213332576185,0.0
2021-10-26,COMPOSITE,1,1,1.0,5.0,0.0,1,1,持有,112.1818,0.0003682879958621932,0.00036828799586241523,-2.220446049250313e-16,1.5098798202646577,1.0621705498522624,-0.004689895519845666,0.0
2021-10-27,COMPOSITE,1,1,1.0,5.0,0.0,1,1,持有,112.2443,0.0005571313706858039,0.0005571313706858039,0.0,1.5107210216784928,1.0627623183866037,-0.004135377037079113,0.0
2021-10-28,COMPOSITE,1,1,1.0,5.0,0.0,1,1,持有,112.2716,0.0002432194775148222,0.00024321947751460016,2.220446049250313e-16,1.511088458456056,1.063020802882404,-0.0038931633638066288,0.0
2021-10-29,COMPOSITE,1,1,1.0,5.0,0.0,1,1,持有,112.2866,0.0001336045803213004,0.0001336045803213004,0.0,1.5112903467953762,1.063162827330646,-0.0037600789279427227,0.0
2021-11-01,COMPOSITE,1,1,1.0,5.0,0.0,1,1,持有,112.4324,0.0012984630401133845,0.0012984630401136066,-2.220446049250313e-16,1.5132527014535702,1.0645433049675574,-0.0024664982113451472,0.0
2021-11-02,COMPOSITE,1,1,1.0,5.0,0.0,1,1,持有,112.612,0.0015974043069435506,0.0015974043069433286,2.220446049250313e-16,1.515669977836366,1.0662438110278403,-0.0008730338992675168,0.0
2021-11-03,COMPOSITE,1,1,1.0,5.0,0.0,1,1,持有,112.619,6.216033815231725e-05,6.216033815231725e-05,0.0,1.5157641923947156,1.0663100891036865,-0.0008109278291976718,0.0
2021-11-04,COMPOSITE,1,1,1.0,5.0,0.0,1,1,持有,112.6462,0.00024152230085516813,0.00024152230085516813,0.0,1.5161302832500165,1.0665676267698319,-0.0005696013854976645,0.0
2021-11-05,COMPOSITE,1,1,1.0,5.0,0.0,1,1,持有,112.9391,0.002600176481763139,0.002600176481763361,-2.220446049250313e-16,1.5200724895558122,1.0693408908291688,0.0,0.0
2021-11-08,COMPOSITE,1,1,1.0,5.0,0.0,1,1,持有,112.9133,-0.0002284416999956962,-0.00022844169999558517,-1.1102230246251565e-16,1.5197252416121814,1.069096608778193,-0.0002284416999956962,0.0
2021-11-09,COMPOSITE,1,1,1.0,5.0,0.0,1,1,持有,112.8651,-0.00042687619616121886,-0.00042687619616121886,0.0,1.5190765070818317,1.068640236884509,-0.0006552203798330103,0.0
2021-11-10,COMPOSITE,1,1,1.0,5.0,0.0,1,1,持有,112.8922,0.00024010965302823095,0.00024010965302823095,0.0,1.5194412520148706,1.0688968277209994,-0.0004152680515427942,0.0
2021-11-11,COMPOSITE,1,1,1.0,5.0,0.0,1,1,持有,112.7412,-0.0013375591936376496,-0.0013375591936379827,3.3306690738754696e-16,1.5174089093990457,1.0674671149420307,-0.0017522717995802628,0.0
2021-11-12,COMPOSITE,1,1,1.0,5.0,0.0,1,1,持有,112.7533,0.00010732544979097369,0.00010732544979119574,-2.220446049250313e-16,1.5175717659927639,1.0675816813302792,-0.001645134413148286,0.0
2021-11-15,COMPOSITE,1,1,1.0,5.0,0.0,1,1,持有,112.8108,0.000509962901307448,0.000509962901307226,2.220446049250313e-16,1.518345671293492,1.068126108381873,-0.0011360104693591833,0.0
2021-11-16,COMPOSITE,1,1,1.0,5.0,0.0,1,1,持有,112.8415,0.0002721370648910426,0.0002721370648910426,0.0,1.5187588694279677,1.0684167850859414,-0.0008641825550229632,0.0
2021-11-17,COMPOSITE,1,1,1.0,5.0,0.0,1,1,持有,112.8394,-1.8610174448263628e-05,-1.8610174448152605e-05,-1.1102230246251565e-16,1.5187306050604628,1.0683969016631876,-0.0008827766468831877,0.0
2021-11-18,COMPOSITE,1,1,1.0,5.0,0.0,1,1,持有,112.8941,0.0004847597559007877,0.0004847597559007877,0.0,1.519466824537851,1.068914817484443,-0.0003984448255741624,0.0
2021-11-19,COMPOSITE,1,1,1.0,5.0,0.0,1,1,持有,112.7891,-0.0009300751766477822,-0.0009300751766475601,-2.220446049250313e-16,1.5180536061626086,1.0679206463467499,-0.0013281494185803933,0.0
2021-11-22,COMPOSITE,1,1,1.0,5.0,0.0,1,1,持有,112.9321,0.0012678530106189356,0.0012678530106189356,0.0,1.5199782749974629,1.0692746127533228,-6.198030620030437e-05,0.0
2021-11-23,COMPOSITE,1,1,1.0,5.0,0.0,1,1,持有,112.8952,-0.00032674500872653667,-0.00032674500872642565,-1.1102230246251565e-16,1.5194816296827347,1.0689252326106478,-0.0003887050631711242,0.0
2021-11-24,COMPOSITE,1,1,1.0,5.0,0.0,1,1,持有,113.0421,0.0013012067829278884,0.0013012067829278884,0.0,1.5214587894858123,1.0703161253737634,0.0,0.0
2021-11-25,COMPOSITE,1,1,1.0,5.0,0.0,1,1,持有,113.0936,0.0004555824776786288,0.0004555824776786288,0.0,1.522151939450812,1.0708037426460606,0.0,0.0
2021-11-26,COMPOSITE,1,1,1.0,5.0,0.0,1,1,持有,113.3611,0.002365297417360468,0.002365297417360468,0.0,1.5257522815020252,1.0733365119730411,0.0,0.0
2021-11-29,COMPOSITE,1,1,1.0,5.0,0.0,1,1,持有,113.3003,-0.0005363391851348487,-0.0005363391851348487,0.0,1.5249339607666468,1.072760839542834,-0.0005363391851348487,0.0
2021-11-30,COMPOSITE,1,1,1.0,5.0,0.0,1,1,持有,113.2455,-0.0004836703874570025,-0.00048367038745711355,1.1102230246251565e-16,1.5241963953669964,1.0722419768919236,-0.0010197501612104753,0.0
2021-12-01,COMPOSITE,1,1,1.0,5.0,0.0,1,1,持有,113.1896,-0.0004936178479498787,-0.0004936178479498787,0.0,1.5234440248224623,1.0717126991148087,-0.0015128646422802872,0.0
2021-12-02,COMPOSITE,1,1,1.0,5.0,0.0,1,1,持有,113.077,-0.0009947910408728555,-0.0009947910408731886,3.3306690738754696e-16,1.5219285163552976,1.0706465689233393,-0.002506150698960985,0.0
2021-12-03,COMPOSITE,1,1,1.0,5.0,0.0,1,1,持有,112.9265,-0.001330951475543296,-0.001330951475543074,-2.220446049250313e-16,1.5199029033507832,1.0692215902926456,-0.0038337666095334955,0.0
2021-12-06,COMPOSITE,1,1,1.0,5.0,0.0,1,1,持有,113.2806,0.0031356678901763857,0.0031356678901763857,0.0,1.524668814081006,1.0725743141008097,-0.0007101201382131439,0.0
2021-12-07,COMPOSITE,1,1,1.0,5.0,0.0,1,1,持有,113.1471,-0.0011784895207123114,-0.0011784895207123114,0.0,1.5228720078610547,1.0713102965114567,-0.0018877727897841368,0.0
2021-12-08,COMPOSITE,1,1,1.0,5.0,0.0,1,1,持有,113.0007,-0.0012938908730316667,-0.0012938908730317777,1.1102230246251565e-16,1.5209015776692878,1.0699241378966156,-0.0031792210908327956,0.0
2021-12-09,COMPOSITE,1,1,1.0,5.0,0.0,1,1,持有,112.9711,-0.0002619452799847988,-0.0002619452799847988,0.0,1.520503184679696,1.0696438763187517,-0.003440333588858757,0.0
2021-12-10,COMPOSITE,1,1,1.0,5.0,0.0,1,1,持有,113.0993,0.001134803502842674,0.001134803502842674,0.0,1.5222286570197539,1.0708577119363925,-0.002309434188623727,0.0
2021-12-13,COMPOSITE,1,1,1.0,5.0,0.0,1,1,持有,112.9935,-0.0009354611390168799,-0.0009354611390167689,-1.1102230246251565e-16,1.520804671266414,1.0698559661614595,-0.0032427349417040174,0.0
2021-12-14,COMPOSITE,1,1,1.0,5.0,0.0,1,1,持有,113.1013,0.0009540371791296742,0.0009540371791298963,-2.220446049250313e-16,1.5222555754649965,1.0708766485294914,-0.002291791452270653,0.0
2021-12-15,COMPOSITE,1,1,1.0,5.0,0.0,1,1,持有,113.1068,4.8628972434627826e-05,4.862897243440578e-05,2.220446049250313e-16,1.522329601189414,1.0709287241605134,-0.002243273927299505,0.0
2021-12-16,COMPOSITE,1,1,1.0,5.0,0.0,1,1,持有,113.0265,-0.0007099484734782724,-0.0007099484734782724,0.0,1.5212488256129189,1.0701684199475916,-0.0029516297918774637,0.0
2021-12-17,COMPOSITE,1,1,1.0,5.0,0.0,1,1,持有,113.0526,0.00023091929768681574,0.00023091929768681574,0.0,1.5216001113233364,1.0704155424875326,-0.0027213920824691318,0.0
2021-12-20,COMPOSITE,1,1,1.0,5.0,0.0,1,1,持有,113.0293,-0.00020609875403121425,-0.00020609875403110323,-1.1102230246251565e-16,1.5212865114362588,1.0701949311779304,-0.0029269299609829824,0.0
2021-12-21,COMPOSITE,1,1,1.0,5.0,0.0,1,1,持有,113.0093,-0.00017694526994327386,-0.00017694526994360693,3.3306690738754696e-16,1.5210173269838316,1.070005565246941,-0.0031033573245142776,0.0
2021-12-22,COMPOSITE,1,1,1.0,5.0,0.0,1,1,持有,113.1362,0.0011229164325414764,0.0011229164325414764,0.0,1.522725302334482,1.0712070920790675,-0.0019839257029085067,0.0
2021-12-23,COMPOSITE,1,1,1.0,5.0,0.0,1,1,持有,113.3055,0.001496426431150999,0.001496426431151221,-2.220446049250313e-16,1.5250039487242777,1.0728100746848912,-0.0004904680706168119,0.0
2021-12-24,COMPOSITE,1,1,1.0,5.0,0.0,1,1,持有,113.3009,-4.059820573576456e-05,-4.059820573576456e-05,0.0,1.5249420363002195,1.0727665205207637,-0.0005310463642289598,0.0
2021-12-27,COMPOSITE,1,1,1.0,5.0,0.0,1,1,持有,113.3846,0.0007387408220060898,0.0007387408220058678,2.220446049250313e-16,1.5260685732336274,1.0735590169419535,0.0,0.0
2021-12-28,COMPOSITE,1,1,0.6,4.0,1.0,1,1,持有,113.4751,0.000798168357960316,0.000798168357960316,0.0,1.52728663288086,1.0744158977796796,0.0,0.0
2021-12-29,COMPOSITE,1,1,0.2,3.0,2.0,1,1,持有,113.5586,0.0007358442512939156,0.0007358442512939156,0.0,1.5284104779697436,1.0752065005415596,0.0,0.0
2021-12-30,COMPOSITE,1,1,0.2,3.0,2.0,1,1,持有,113.6794,0.0010637679576888104,0.0010637679576888104,0.0,1.5300363520624036,1.0763502707647346,0.0,0.0
2021-12-31,COMPOSITE,1,1,0.2,3.0,2.0,1,1,持有,113.6921,0.00011171769027629175,0.0001117176902760697,2.220446049250313e-16,1.5302072841896948,1.0764705181309124,0.0,0.0
2022-01-04,COMPOSITE,1,1,0.2,3.0,2.0,1,1,持有,113.591,-0.0008892438436796102,-0.0008892438436794992,-1.1102230246251565e-16,1.5288465567826754,1.075513273349762,-0.0008892438436796102,0.0
2022-01-05,COMPOSITE,1,1,0.2,3.0,2.0,1,1,持有,113.6019,9.595830655606541e-05,9.595830655584336e-05,2.220446049250313e-16,1.5289932623092484,1.075616477782151,-0.0007933708674568996,0.0
2022-01-06,COMPOSITE,1,1,0.2,3.0,2.0,1,1,持有,113.4195,-0.0016056069484752244,-0.0016056069484752244,0.0,1.5265383001031128,1.0738894604915297,-0.002397703974154619,0.0
2022-01-07,COMPOSITE,1,1,0.2,3.0,2.0,1,1,持有,113.4192,-2.645047809335388e-06,-2.6450478091133434e-06,-2.220446049250313e-16,1.5265342623363263,1.073886620002565,-0.002400342679922285,0.0
2022-01-10,COMPOSITE,1,1,0.2,3.0,2.0,1,1,持有,113.4944,0.0006630270712542075,0.0006630270712542075,0.0,1.5275463958774524,1.0745986359030844,-0.0017389071008451218,0.0
2022-01-11,COMPOSITE,1,1,0.2,3.0,2.0,1,1,持有,113.5918,0.0008581921222545752,0.0008581921222543532,2.220446049250313e-16,1.5288573241607728,1.0755208479870018,-0.0008822072949657978,0.0
2022-01-12,COMPOSITE,1,1,0.2,3.0,2.0,1,1,持有,113.6746,0.0007289258555633893,0.0007289258555633893,0.0,1.529971747793821,1.076304822941297,-0.00015392450310969252,0.0
2022-01-13,COMPOSITE,1,1,0.2,3.0,2.0,1,1,持有,113.6871,0.00010996299964993739,0.00010996299964993739,0.0,1.530139988076588,1.0764231766481653,-4.397842945991215e-05,0.0
2022-01-14,COMPOSITE,1,1,0.2,3.0,2.0,1,1,持有,113.7335,0.0004081377746465442,0.00040813777464632217,2.220446049250313e-16,1.5307644960062192,1.0768625056080603,0.0,0.0
2022-01-17,COMPOSITE,1,1,0.2,3.0,2.0,1,1,持有,113.7691,0.0003130124369687959,0.0003130124369687959,0.0,1.5312436443315394,1.077199576965221,0.0,0.0
2022-01-18,COMPOSITE,1,1,0.2,3.0,2.0,1,1,持有,114.0996,0.0029050067197509133,0.0029050067197509133,0.0,1.5356919174078982,1.0803288489748177,0.0,0.0
2022-01-19,COMPOSITE,-1,1,-0.2,2.0,3.0,1,1,持有,114.3404,0.00211043684640444,0.002110436846404218,2.220446049250313e-16,1.5389328982151214,1.0826088147839277,0.0,0.0
2022-01-20,COMPOSITE,-1,-1,-0.2,2.0,3.0,1,-1,多翻空,114.3397,-0.0004060396382475906,-6.122070589142936e-06,-0.00039991756765844766,1.5383080304578427,1.0826021869763431,-0.0004060396382475906,0.0006154463014434257
2022-01-21,COMPOSITE,-1,-1,-0.2,2.0,3.0,-1,-1,持空,114.4726,-0.0011623259462811841,0.0011623259462811841,-0.0023246518925623683,1.5365200151206688,1.0838605235877665,-0.0015678936341221306,0.0
2022-01-24,COMPOSITE,-1,-1,-0.2,2.0,3.0,-1,-1,持空,114.7315,-0.0022669403222924656,0.0022616765933505256,-0.004528616915642991,1.5330368159423824,1.0863118655644217,-0.0038312796351143152,0.0
2022-01-25,COMPOSITE,-1,-1,-0.2,2.0,3.0,-1,-1,持空,114.6776,0.00047302319744368937,-0.00046979251556877877,0.0009428157130124681,1.5337619779188583,1.085801524380406,-0.003360068721813936,0.0
2022-01-26,COMPOSITE,-1,-1,-0.2,2.0,3.0,-1,-1,持空,114.4608,0.0019017243587380328,-0.0018905174157815008,0.0037922417745195336,1.536678770432773,1.0837487976884828,-0.0014647342876111802,0.0
2022-01-27,COMPOSITE,1,-1,0.2,3.0,2.0,-1,-1,持空,114.3072,0.0013447897277676368,-0.0013419441415749578,0.0026867338693425946,1.5387452802581296,1.0822944673384858,-0.0001219143194672867,0.0
2022-01-28,COMPOSITE,1,1,0.2,3.0,2.0,-1,1,空翻多,114.4623,-0.0017559051469943077,0.0013568699084571811,-0.003112775055451489,1.5360433895006111,1.083763000133307,-0.0018776053964806305,0.0006152001721487132
2022-01-29,COMPOSITE,1,1,0.2,3.0,2.0,1,1,持有,114.5331,0.0006185442717820955,0.0006185442717820955,0.0,1.5369935003403956,1.0844333555290089,-0.001260222506761055,0.0
2022-01-30,COMPOSITE,1,1,0.2,3.0,2.0,1,1,持有,114.552,0.00016501779834832142,0.00016501779834832142,0.0,1.5372471316238974,1.0846123063337938,-0.0010954126675563058,0.0
2022-02-07,COMPOSITE,1,1,0.2,3.0,2.0,1,1,持有,114.3549,-0.001720615964801997,-0.001720615964801997,0.0,1.5346021196673791,1.0827461050838951,-0.002814143847834516,0.0
2022-02-08,COMPOSITE,1,1,0.2,3.0,2.0,1,1,持有,114.4114,0.0004940758988027927,0.0004940758988027927,0.0,1.5353603295889584,1.0832810638389396,-0.002321458349682781,0.0
2022-02-09,COMPOSITE,1,1,0.2,3.0,2.0,1,1,持有,114.3039,-0.0009395916840454488,-0.0009395916840456708,2.220446049250313e-16,1.5339177177912633,1.0822632219598725,-0.0032588688107679786,0.0
2022-02-10,COMPOSITE,1,1,0.2,3.0,2.0,1,1,持有,114.3234,0.00017059785361639435,0.0001705978536166164,-2.220446049250313e-16,1.5341794008615428,1.082447853742587,-0.0030888269131758017,0.0
2022-02-11,COMPOSITE,1,1,0.2,3.0,2.0,1,1,持有,113.8191,-0.0044111704165550325,-0.0044111704165551435,1.1102230246251565e-16,1.5274118740747742,1.0776729917926942,-0.007486371987829643,0.0
2022-02-14,COMPOSITE,1,1,0.2,3.0,2.0,1,1,持有,113.7697,-0.00043402205780929126,-0.0004340220578095133,2.220446049250313e-16,1.5267489436300659,1.0772052579431506,-0.007917144795063336,0.0
2022-02-15,COMPOSITE,1,1,0.6,4.0,1.0,1,1,持有,113.7824,0.00011162901897421307,0.00011162901897443511,-2.220446049250313e-16,1.5269193731168633,1.077325505309329,-0.007806399559195487,0.0
2022-02-16,COMPOSITE,1,1,0.6,4.0,1.0,1,1,持有,113.7826,1.757741091790166e-06,1.757741091790166e-06,0.0,1.5269220570457893,1.077327398968639,-0.007804655539732974,0.0
2022-02-17,COMPOSITE,1,1,0.6,4.0,1.0,1,1,持有,113.8973,0.0010080627442157208,0.0010080627442157208,0.0,1.5284612902848185,1.078413412582862,-0.0068044603779983115,0.0
2022-02-18,COMPOSITE,1,1,0.6,4.0,1.0,1,1,持有,113.7962,-0.0008876417614817056,-0.0008876417614817056,0.0,1.5271045642127534,1.0774561678017114,-0.007686062216284206,0.0
2022-02-21,COMPOSITE,1,1,1.0,5.0,0.0,1,1,持有,113.4471,-0.0030677650044552696,-0.0030677650044552696,0.0,1.5224197662725176,1.0741507854762948,-0.01073024818805024,0.0
2022-02-22,COMPOSITE,1,1,1.0,5.0,0.0,1,1,持有,113.4213,-0.00022741877051069004,-0.00022741877051057902,-1.1102230246251565e-16,1.5220735394410707,1.0739065034253188,-0.01095522669871074,0.0
2022-02-23,COMPOSITE,1,1,1.0,5.0,0.0,1,1,持有,113.5402,0.001048303978177012,0.001048303978177012,0.0,1.5236691351875447,1.0750322838850497,-0.009918407128263862,0.0
2022-02-24,COMPOSITE,1,1,1.0,5.0,0.0,1,1,持有,113.6603,0.0010577751316274142,0.0010577751316274142,0.0,1.5252808345075743,1.0761694263006398,-0.008871123441042128,0.0
2022-02-25,COMPOSITE,1,1,1.0,5.0,0.0,1,1,持有,113.6893,0.00025514625599254437,0.0002551462559927664,-2.220446049250313e-16,1.5256700042018363,1.0764440069005743,-0.008618240618981865,0.0
2022-02-28,COMPOSITE,1,1,1.0,5.0,0.0,1,1,持有,113.774,0.000745012943170531,0.000745012943170309,2.220446049250313e-16,1.5268066481019738,1.0772459716183134,-0.007879648376619808,0.0
2022-03-01,COMPOSITE,1,1,1.0,5.0,0.0,1,1,持有,113.6083,-0.0014563960131489528,-0.0014563960131487308,-2.220446049250313e-16,1.5245830129868287,1.075677074880068,-0.009324568501288044,0.0
2022-03-02,COMPOSITE,1,1,1.0,5.0,0.0,1,1,持有,113.4685,-0.0012305438951202285,-0.0012305438951202285,0.0,1.5227069466675938,1.0743534070224534,-0.010543638105564357,0.0
2022-03-03,COMPOSITE,1,1,0.2,3.0,2.0,1,1,持有,113.3286,-0.0012329413008898005,-0.0012329413008900225,2.220446049250313e-16,1.5208295383838955,1.0730287923351836,-0.011763579719572204,0.0
2022-03-04,COMPOSITE,1,1,0.2,3.0,2.0,1,1,持有,113.377,0.00042707666026053914,0.0004270766602607612,-2.220446049250313e-16,1.521479049183974,1.0734870578881777,-0.011341527009651076,0.0
2022-03-07,COMPOSITE,1,1,0.2,3.0,2.0,1,1,持有,113.3817,4.1454616015679235e-05,4.145461601545719e-05,2.220446049250313e-16,1.5215421215137337,1.07353155888196,-0.011300542552282633,0.0
2022-03-08,COMPOSITE,1,1,0.2,3.0,2.0,1,1,持有,113.4133,0.0002787045881302852,0.0002787045881302852,0.0,1.5219661822840331,1.073830757052923,-0.011024987477210035,0.0
2022-03-09,COMPOSITE,1,1,0.2,3.0,2.0,1,1,持有,113.2686,-0.0012758644709218725,-0.0012758644709218725,0.0,1.5200243597061123,1.0724606945422162,-0.012286785558317415,0.0
2022-03-10,COMPOSITE,1,1,0.2,3.0,2.0,1,1,持有,113.2604,-7.239429109218154e-05,-7.239429109207052e-05,-1.1102230246251565e-16,1.5199143186201485,1.0723830545105106,-0.012358290356279333,0.0
2022-03-11,COMPOSITE,1,1,0.2,3.0,2.0,1,1,持有,113.635,0.003307422541329652,0.00330742254132943,2.220446049250313e-16,1.5249413174984423,1.0759298783979385,-0.009091741903046402,0.0
2022-03-14,COMPOSITE,1,1,0.2,3.0,2.0,1,1,持有,113.9063,0.002387468649623692,0.002387468649623692,0.0,1.5285820670864858,1.0784986272518071,-0.006725979502186563,0.0
2022-03-15,COMPOSITE,1,1,0.2,3.0,2.0,1,1,持有,113.4794,-0.0037478172849088054,-0.0037478172849090274,2.220446049250313e-16,1.5228532207940575,1.0744566114548422,-0.010448589044859125,0.0
2022-03-16,COMPOSITE,1,1,0.2,3.0,2.0,1,1,持有,113.542,0.0005516419720230648,0.0005516419720232868,-2.220446049250313e-16,1.5236932905478782,1.0750493268188386,-0.009902710953101579,0.0
2022-03-17,COMPOSITE,1,1,0.2,3.0,2.0,1,1,持有,113.5578,0.00013915555477272967,0.00013915555477272967,0.0,1.5239053209330278,1.0751989259043202,-0.00976493341556528,0.0
2022-03-18,COMPOSITE,1,1,0.2,3.0,2.0,1,1,持有,113.6113,0.0004711257174760952,0.0004711257174760952,0.0,1.524623271920718,1.0757054797697163,-0.009298408209350684,0.0
2022-03-21,COMPOSITE,1,1,0.2,3.0,2.0,1,1,持有,113.528,-0.0007332017149703773,-0.0007332017149701553,-2.220446049250313e-16,1.523505415523062,1.0749167706671463,-0.010024792315475484,0.0
2022-03-22,COMPOSITE,1,1,0.2,3.0,2.0,1,1,持有,113.299,-0.002017123528997078,-0.002017123528997411,3.3306690738754696e-16,1.520432316902856,1.0727485307573197,-0.012021694600019672,0.0
2022-03-23,COMPOSITE,1,1,0.2,3.0,2.0,1,1,持有,113.3324,0.00029479518795394455,0.0002947951879541666,-2.220446049250313e-16,1.5208805330334885,1.0730647718620718,-0.011730443349785014,0.0
2022-03-24,COMPOSITE,1,1,0.2,3.0,2.0,1,1,持有,113.4316,0.000875301326010991,0.0008753013260107689,2.220446049250313e-16,1.522211761780757,1.0740040268797781,-0.010865409696392825,0.0
2022-03-25,COMPOSITE,1,1,0.2,3.0,2.0,1,1,持有,113.4828,0.00045137333864619933,0.0004513733386464214,-2.220446049250313e-16,1.5228988475857985,1.0744888036631106,-0.01041894071399696,0.0
2022-03-28,COMPOSITE,1,1,0.6,4.0,1.0,1,1,持有,113.5607,0.000686447637880061,0.000686447637879839,2.220446049250313e-16,1.523944237902454,1.0752263839643135,-0.009739645133359343,0.0
2022-03-29,COMPOSITE,1,1,0.6,4.0,1.0,1,1,持有,113.5455,-0.00013384912209934985,-0.00013384912209946087,1.1102230246251565e-16,1.5237402593040823,1.0750824658567617,-0.009872190612507992,0.0
2022-03-30,COMPOSITE,1,1,0.6,4.0,1.0,1,1,持有,113.6529,0.000945876322707484,0.000945876322707706,-2.220446049250313e-16,1.5251815291373143,1.0760993609061738,-0.008935652161154106,0.0
2022-03-31,COMPOSITE,1,1,0.6,4.0,1.0,1,1,持有,113.5894,-0.0005587186952554779,-0.0005587186952557,2.220446049250313e-16,1.524329381703327,1.0754981240752828,-0.009489378340492793,0.0
2022-04-01,COMPOSITE,1,1,0.6,4.0,1.0,1,1,持有,113.6795,0.0007932078169265999,0.000793207816926822,-2.220446049250313e-16,1.525538491684465,1.0763512175943895,-0.008703697572643665,0.0
2022-04-02,COMPOSITE,1,1,0.6,4.0,1.0,1,1,持有,113.7376,0.0005110859917574206,0.0005110859917574206,0.0,1.5263181730374518,1.076901325623913,-0.008197059918792049,0.0
2022-04-06,COMPOSITE,1,1,1.0,5.0,0.0,1,1,持有,113.7597,0.00019430689587252026,0.0001943068958727423,-2.220446049250313e-16,1.5266147471837686,1.0771105749776562,-0.008004345768187537,0.0
2022-04-07,COMPOSITE,1,1,1.0,5.0,0.0,1,1,持有,113.9473,0.0016490901435217697,0.0016490901435217697,0.0,1.5291322725163043,1.078886827410335,-0.006368455512377413,0.0
2022-04-08,COMPOSITE,1,1,1.0,5.0,0.0,1,1,持有,113.9175,-0.00026152440645788033,-0.0002615244064581024,2.220446049250313e-16,1.5287323671063389,1.078604672173161,-0.006628314412287395,0.0
2022-04-11,COMPOSITE,1,1,1.0,5.0,0.0,1,1,持有,113.822,-0.0008383259815217814,-0.0008383259815217814,0.0,1.5274507910442003,1.0777004498526874,-0.007461083705623595,0.0
2022-04-12,COMPOSITE,1,1,1.0,5.0,0.0,1,1,持有,113.7802,-0.0003672400766109307,-0.0003672400766108197,-1.1102230246251565e-16,1.5268898498986778,1.07730467505692,-0.007825583773282907,0.0
2022-04-13,COMPOSITE,1,1,1.0,5.0,0.0,1,1,持有,113.7847,3.954993926891248e-05,3.9549939269134526e-05,-2.220446049250313e-16,1.5269502382995117,1.0773472823913928,-0.007786343335376977,0.0
2022-04-14,COMPOSITE,1,1,1.0,5.0,0.0,1,1,持有,113.8569,0.0006345317076899004,0.0006345317076899004,0.0,1.5279191366417775,1.0780308934022635,-0.007156752309420256,0.0
2022-04-15,COMPOSITE,1,1,1.0,5.0,0.0,1,1,持有,113.8525,-3.864500087380485e-05,-3.864500087380485e-05,0.0,1.527860090205407,1.077989232897446,-0.007195120737594762,0.0
2022-04-18,COMPOSITE,1,1,1.0,5.0,0.0,1,1,持有,113.5136,-0.0029766583957314685,-0.0029766583957314685,0.0,1.523312172640394,1.0747804271968338,-0.010150361716774414,0.0
2022-04-19,COMPOSITE,1,1,1.0,5.0,0.0,1,1,持有,113.4962,-0.00015328559749661075,-0.00015328559749661075,0.0,1.5230786708238369,1.0746156788368733,-0.010302091410010483,0.0
2022-04-20,COMPOSITE,1,1,1.0,5.0,0.0,1,1,持有,113.4431,-0.00046785707362895224,-0.0004678570736288412,-1.1102230246251565e-16,1.5223660876939986,1.074112912290097,-0.010765128577300054,0.0
2022-04-21,COMPOSITE,1,1,1.0,5.0,0.0,1,1,持有,113.4816,0.0003393771855670913,0.00033937718556686924,2.220446049250313e-16,1.522882744012243,1.0744774417072511,-0.010429404830771705,0.0
2022-04-22,COMPOSITE,1,1,1.0,5.0,0.0,1,1,持有,113.4832,1.4099201985251497e-05,1.4099201985251497e-05,0.0,1.5229042154436505,1.0744925909817304,-0.010415452675071935,0.0
2022-04-24,COMPOSITE,1,1,1.0,5.0,0.0,1,1,持有,113.4733,-8.723758230289036e-05,-8.723758230300138e-05,1.1102230246251565e-16,1.5227713609618163,1.0743988548458907,-0.010501781638464824,0.0
2022-04-25,COMPOSITE,1,1,1.0,5.0,0.0,1,1,持有,113.5957,0.0010786678452110454,0.0010786678452110454,0.0,1.5244139254644942,1.0755577743435445,-0.00943444172742458,0.0
2022-04-26,COMPOSITE,1,1,1.0,5.0,0.0,1,1,持有,113.5887,-6.162205083470873e-05,-6.162205083448669e-05,-2.220446049250313e-16,1.5243199879520861,1.0754914962676985,-0.009495482408611533,0.0
2022-04-27,COMPOSITE,1,1,1.0,5.0,0.0,1,1,持有,113.5288,-0.0005273411879878065,-0.0005273411879879175,1.1102230246251565e-16,1.5235161512387658,1.0749243453043857,-0.010017816237625543,0.0
2022-04-28,COMPOSITE,1,1,1.0,5.0,0.0,1,1,持有,113.4273,-0.0008940462684359218,-0.0008940462684358108,-1.1102230246251565e-16,1.522154057308849,1.0739633132046156,-0.010902906114836242,0.0
2022-04-29,COMPOSITE,1,1,1.0,5.0,0.0,1,1,持有,113.5033,0.0006700326993589467,0.0006700326993587247,2.220446049250313e-16,1.5231739503007078,1.0746829037423744,-0.01024017871909233,0.0
2022-05-05,COMPOSITE,1,1,1.0,5.0,0.0,1,1,持有,113.556,0.0004643036810383361,0.0004643036810383361,0.0,1.5238811655726943,1.075181882970531,-0.009780629590727674,0.0
2022-05-06,COMPOSITE,1,1,1.0,5.0,0.0,1,1,持有,113.5455,-9.246539152485411e-05,-9.246539152496513e-05,1.1102230246251565e-16,1.5237402593040823,1.0750824658567617,-0.009872190612507992,0.0
2022-05-07,COMPOSITE,1,1,1.0,5.0,0.0,1,1,持有,113.5559,9.159323795282504e-05,9.159323795304708e-05,-2.220446049250313e-16,1.5238798236082312,1.075180936140876,-0.009781501600458986,0.0
2022-05-09,COMPOSITE,1,1,1.0,5.0,0.0,1,1,持有,113.62,0.0005644796967838595,0.0005644796967838595,0.0,1.5247400228289965,1.0757878539496966,-0.00922254336273276,0.0
2022-05-10,COMPOSITE,1,1,1.0,5.0,0.0,1,1,持有,113.6903,0.0006187290969899006,0.0006187290969899006,0.0,1.5256834238464658,1.0764534751971235,-0.008609520521669634,0.0
2022-05-11,COMPOSITE,1,1,1.0,5.0,0.0,1,1,持有,113.6117,-0.0006913518567546184,-0.0006913518567545074,-1.1102230246251565e-16,1.5246286397785698,1.0757092670883361,-0.009294920170425769,0.0
2022-05-12,COMPOSITE,1,1,1.0,5.0,0.0,1,1,持有,113.6861,0.0006548621312769676,0.0006548621312767455,2.220446049250313e-16,1.525627061339021,1.0764137083516157,-0.008646144930381738,0.0
2022-05-13,COMPOSITE,1,1,1.0,5.0,0.0,1,1,持有,113.6443,-0.0003676790742227487,-0.0003676790742226377,-1.1102230246251565e-16,1.5250661201934987,1.0760179335558484,-0.009010644998040829,0.0
2022-05-16,COMPOSITE,1,1,1.0,5.0,0.0,1,1,持有,113.5996,-0.0003933325296562318,-0.0003933325296562318,0.0,1.52446626207855,1.0755947007000874,-0.00940043334790619,0.0
2022-05-17,COMPOSITE,1,1,1.0,5.0,0.0,1,1,持有,113.6911,0.0008054605826077754,0.0008054605826079975,-2.220446049250313e-16,1.5256941595621698,1.0764610498343634,-0.008602544443819471,0.0
2022-05-18,COMPOSITE,1,1,1.0,5.0,0.0,1,1,持有,113.774,0.0007291687739849895,0.0007291687739845454,4.440892098500626e-16,1.5268066481019738,1.0772459716183134,-0.007879648376619808,0.0
2022-05-19,COMPOSITE,1,1,1.0,5.0,0.0,1,1,持有,113.8024,0.0002496176630863989,0.0002496176630866209,-2.220446049250313e-16,1.5271877660094577,1.0775148712403182,-0.0076319976129471945,0.0
2022-05-20,COMPOSITE,1,1,1.0,5.0,0.0,1,1,持有,113.7205,-0.0007196684779934293,-0.0007196684779935403,1.1102230246251565e-16,1.5260886971142835,1.0767394177529173,-0.008346173582834404,0.0
2022-05-23,COMPOSITE,1,1,1.0,5.0,0.0,1,1,持有,113.8247,0.0009162815851144757,0.0009162815851144757,0.0,1.5274870240847007,1.0777260142533711,-0.007437539442880059,0.0
2022-05-24,COMPOSITE,1,1,1.0,5.0,0.0,1,1,持有,113.8858,0.0005367903451534151,0.0005367903451534151,0.0,1.5283069643715765,1.078304527172543,-0.0069047414970911936,0.0
2022-05-25,COMPOSITE,1,1,1.0,5.0,0.0,1,1,持有,113.9882,0.0008991463378227316,0.0008991463378227316,0.0,1.5296811359816602,1.079274080739208,-0.0060118035322992425,0.0
2022-05-26,COMPOSITE,1,1,1.0,5.0,0.0,1,1,持有,114.2747,0.0025134180555530516,0.0025134180555528296,2.220446049250313e-16,1.5335258641680753,1.0819867477006282,-0.0035134956522907546,0.0
2022-05-27,COMPOSITE,1,1,1.0,5.0,0.0,1,1,持有,114.304,0.00025639971052204835,0.0002563997105222704,-2.220446049250313e-16,1.5339190597557262,1.0822641687895276,-0.0032579968010367777,0.0
2022-05-30,COMPOSITE,1,1,1.0,5.0,0.0,1,1,持有,114.17,-0.0011723124300111465,-0.0011723124300114796,3.3306690738754696e-16,1.5321208273753435,1.0809954170518996,-0.0044264898409012154,0.0
2022-05-31,COMPOSITE,1,1,1.0,5.0,0.0,1,1,持有,113.9889,-0.001586231058947174,-0.001586231058947174,0.0,1.5296905297329009,1.0792807085467924,-0.006005699464180614,0.0
2022-06-01,COMPOSITE,1,1,1.0,5.0,0.0,1,1,持有,113.9329,-0.000491275904934585,-0.0004912759049343629,-2.220446049250313e-16,1.5289390296336365,1.0787504839400228,-0.006494024913676122,0.0
2022-06-02,COMPOSITE,1,1,1.0,5.0,0.0,1,1,持有,113.8973,-0.00031246461733169806,-0.0003124646173318091,1.1102230246251565e-16,1.5284612902848185,1.078413412582862,-0.0068044603779983115,0.0
2022-06-06,COMPOSITE,1,1,1.0,5.0,0.0,1,1,持有,113.8291,-0.0005987850458264443,-0.0005987850458263333,-1.1102230246251565e-16,1.5275460705210713,1.0777676747581888,-0.007399171014705552,0.0
2022-06-07,COMPOSITE,1,1,1.0,5.0,0.0,1,1,持有,113.8571,0.0002459827935035186,0.0002459827935035186,0.0,1.5279218205707035,1.0780327870615736,-0.007155008289957743,0.0
2022-06-08,COMPOSITE,1,1,1.0,5.0,0.0,1,1,持有,113.8773,0.0001774153741840312,0.0001774153741840312,0.0,1.528192897392224,1.0782240466518727,-0.006978862324246715,0.0
2022-06-09,COMPOSITE,1,1,1.0,5.0,0.0,1,1,持有,113.9124,0.00030822648587558454,0.00030822648587558454,0.0,1.5286639269187272,1.0785563838607588,-0.006672786908580752,0.0
2022-06-10,COMPOSITE,1,1,1.0,5.0,0.0,1,1,持有,113.9328,0.00017908498109053816,0.00017908498109053816,0.0,1.5289376876691734,1.0787495371103677,-0.006494896923407545,0.0
2022-06-13,COMPOSITE,1,1,1.0,5.0,0.0,1,1,持有,113.881,-0.00045465397146371433,-0.0004546539714639364,2.220446049250313e-16,1.528242550077354,1.0782590793491056,-0.006946597964190726,0.0
2022-06-14,COMPOSITE,1,1,1.0,5.0,0.0,1,1,持有,113.8047,-0.0006699976291041354,-0.0006699976291040244,-1.1102230246251565e-16,1.527218631192106,1.0775366483223818,-0.007611941389128574,0.0
2022-06-15,COMPOSITE,1,1,1.0,5.0,0.0,1,1,持有,113.7684,-0.0003189674943125942,-0.0003189674943125942,0.0,1.5267314980920472,1.0771929491576364,-0.007928480921569392,0.0
2022-06-16,COMPOSITE,1,1,1.0,5.0,0.0,1,1,持有,113.8007,0.00028391011915429587,0.00028391011915429587,0.0,1.5271649526135873,1.077498775136184,-0.007646821778378166,0.0
2022-06-17,COMPOSITE,1,1,1.0,5.0,0.0,1,1,持有,113.8287,0.00024604418074747336,0.0002460441807476954,-2.220446049250313e-16,1.5275407026632195,1.077763887439569,-0.007402659053630356,0.0
2022-06-20,COMPOSITE,1,1,1.0,5.0,0.0,1,1,持有,113.7336,-0.0008354659237961304,-0.0008354659237961304,0.0,1.5262644944589328,1.0768634524377152,-0.008231940308041752,0.0
2022-06-21,COMPOSITE,1,1,1.0,5.0,0.0,1,1,持有,113.7138,-0.00017409103378396296,-0.000174091033784185,2.220446049250313e-16,1.5259987854952646,1.076675980166036,-0.008404598234827532,0.0
2022-06-22,COMPOSITE,1,1,1.0,5.0,0.0,1,1,持有,113.7376,0.00020929737639563406,0.0002092973763958561,-2.220446049250313e-16,1.5263181730374518,1.076901325623913,-0.008197059918792049,0.0
2022-06-23,COMPOSITE,1,1,1.0,5.0,0.0,1,1,持有,113.7312,-5.6269870297942504e-05,-5.626987029783148e-05,-1.1102230246251565e-16,1.5262322873118215,1.0768407285259967,-0.008252868541591574,0.0
2022-06-24,COMPOSITE,1,1,1.0,5.0,0.0,1,1,持有,113.6418,-0.0007860639824428528,-0.0007860639824429638,1.1102230246251565e-16,1.5250325710819244,1.0759942628144747,-0.009032445241321962,0.0
2022-06-27,COMPOSITE,1,1,1.0,5.0,0.0,1,1,持有,113.3614,-0.002467401959490245,-0.002467401959490245,0.0,1.5212697027277504,1.073339352462006,-0.01147756052772475,0.0
2022-06-28,COMPOSITE,1,1,1.0,5.0,0.0,1,1,持有,113.3074,-0.00047635262090972574,-0.00047635262090972574,0.0,1.5205450419177455,1.0728280644483352,-0.011948445782595463,0.0
2022-06-29,COMPOSITE,1,1,1.0,5.0,0.0,1,1,持有,113.3032,-3.706730540098402e-05,-3.706730540098402e-05,0.0,1.5204886794103007,1.0727882976028276,-0.011985070191307567,0.0
2022-06-30,COMPOSITE,1,1,1.0,5.0,0.0,1,1,持有,113.4279,0.001100586744239962,0.001100586744240184,-2.220446049250313e-16,1.5221621090956268,1.0739689941825452,-0.010897674056448814,0.0
2022-07-01,COMPOSITE,1,1,1.0,5.0,0.0,1,1,持有,113.4741,0.00040730719690662553,0.00040730719690662553,0.0,1.52278209667752,1.0744064294831304,-0.010494805560614884,0.0
2022-07-04,COMPOSITE,1,1,1.0,5.0,0.0,1,1,持有,113.3483,-0.0011086230249899298,-0.0011086230249901519,2.220446049250313e-16,1.521093905383101,1.073215317777208,-0.011591793802517514,0.0
2022-07-05,COMPOSITE,1,1,1.0,5.0,0.0,1,1,持有,113.3265,-0.00019232754262743512,-0.00019232754262743512,0.0,1.520801357130173,1.0730089089124297,-0.011781891923928312,0.0
2022-07-06,COMPOSITE,1,1,1.0,5.0,0.0,1,1,持有,113.436,0.0009662347288585948,0.0009662347288588169,-2.220446049250313e-16,1.5222708082171277,1.0740456873845958,-0.010827041268218096,0.0
2022-07-07,COMPOSITE,1,1,1.0,5.0,0.0,1,1,持有,113.4412,4.5840826545351376e-05,4.5840826545351376e-05,0.0,1.5223405903692022,1.074094922526653,-0.010781696762193538,0.0
2022-07-08,COMPOSITE,1,1,1.0,5.0,0.0,1,1,持有,113.4273,-0.00012253043867660462,-0.0001225304386764936,-1.1102230246251565e-16,1.522154057308849,1.0739633132046156,-0.010902906114836242,0.0
2022-07-11,COMPOSITE,1,1,1.0,5.0,0.0,1,1,持有,113.5269,0.0008780954849494371,0.0008780954849492151,2.220446049250313e-16,1.5234906539139694,1.0749063555409417,-0.010034384422519027,0.0
2022-07-12,COMPOSITE,1,1,1.0,5.0,0.0,1,1,持有,113.6417,0.0010112140823010929,0.001011214082301315,-2.220446049250313e-16,1.5250312291174615,1.0759933159848198,-0.009033317251053163,0.0
2022-07-13,COMPOSITE,1,1,1.0,5.0,0.0,1,1,持有,113.7034,0.0005429345037957223,0.0005429345037957223,0.0,1.5258592211911153,1.0765775098819215,-0.00849528724687676,0.0
2022-07-14,COMPOSITE,1,1,1.0,5.0,0.0,1,1,持有,113.7765,0.0006429007399955111,0.0006429007399955111,0.0,1.526840197213548,1.077269642359687,-0.007857848133338896,0.0
2022-07-15,COMPOSITE,1,1,1.0,5.0,0.0,1,1,持有,113.8322,0.0004895562791964458,0.0004895562791966679,-2.220446049250313e-16,1.5275876714194234,1.077797026477492,-0.007372138713036991,0.0
2022-07-18,COMPOSITE,1,1,1.0,5.0,0.0,1,1,持有,113.8559,0.000208201194389801,0.00020820119438935691,4.440892098500626e-16,1.527905716997148,1.078021425105714,-0.007165472406732598,0.0
2022-07-19,COMPOSITE,1,1,1.0,5.0,0.0,1,1,持有,113.8423,-0.00011944923363660376,-0.00011944923363660376,0.0,1.5277232098301836,1.0778926562726414,-0.007284065730181588,0.0
2022-07-20,COMPOSITE,1,1,1.0,5.0,0.0,1,1,持有,113.937,0.0008318524836550267,0.0008318524836552488,-2.220446049250313e-16,1.5289940501766184,1.0787893039558756,-0.006458272514695218,0.0
2022-07-21,COMPOSITE,1,1,1.0,5.0,0.0,1,1,持有,114.0488,0.0009812440208183393,0.0009812440208183393,0.0,1.5304943664462212,1.079847859510105,-0.005483365635166604,0.0
2022-07-22,COMPOSITE,1,1,1.0,5.0,0.0,1,1,持有,113.9542,-0.0008294694902533095,-0.0008294694902531985,-1.1102230246251565e-16,1.5292248680642495,1.0789521586565263,-0.006308286840921662,0.0
2022-07-25,COMPOSITE,1,1,1.0,5.0,0.0,1,1,持有,113.9734,0.00016848874372343836,0.00016848874372321632,2.220446049250313e-16,1.5294825252411401,1.0791339499502757,-0.006140860972523199,0.0
2022-07-26,COMPOSITE,1,1,1.0,5.0,0.0,1,1,持有,114.0486,0.0006598030768583119,0.0006598030768583119,0.0,1.5304916825172952,1.079845965850795,-0.005485109654629117,0.0
2022-07-27,COMPOSITE,1,1,1.0,5.0,0.0,1,1,持有,114.0867,0.00033406810780656215,0.0003340681078067842,-2.220446049250313e-16,1.5310029709776876,1.0802067079493296,-0.005152873947025904,0.0
2022-07-28,COMPOSITE,1,1,1.0,5.0,0.0,1,1,持有,113.9973,-0.0007836145668163041,-0.0007836145668161931,-1.1102230246251565e-16,1.5298032547477904,1.079360242237808,-0.005932450646756293,0.0
2022-07-29,COMPOSITE,1,1,1.0,5.0,0.0,1,1,持有,114.2049,0.0018210957627944335,0.0018210957627944335,0.0,1.5325891729729206,1.081325860601476,-0.0041221584446977655,0.0
2022-08-01,COMPOSITE,1,1,1.0,5.0,0.0,1,1,持有,114.375,0.0014894282119244373,0.0014894282119242153,2.220446049250313e-16,1.5348718545244364,1.082936417844539,-0.0026388698918549114,0.0
2022-08-02,COMPOSITE,1,1,1.0,5.0,0.0,1,1,持有,114.4481,0.0006391256830600156,0.0006391256830600156,0.0,1.535852830546869,1.0836285503223047,-0.002001430778316937,0.0
2022-08-03,COMPOSITE,1,1,1.0,5.0,0.0,1,1,持有,114.4343,-0.00012057867277825984,-0.00012057867277825984,0.0,1.535667639450979,1.0834978878299222,-0.002121768121228329,0.0
2022-08-04,COMPOSITE,1,1,1.0,5.0,0.0,1,1,持有,114.5535,0.0010416457303448201,0.0010416457303450422,-2.220446049250313e-16,1.5372672610908418,1.084626508778618,-0.0010823325215878477,0.0
2022-08-05,COMPOSITE,1,1,1.0,5.0,0.0,1,1,持有,114.4621,-0.0007978804663322236,-0.0007978804663324457,2.220446049250313e-16,1.5360407055716854,1.0837611064739971,-0.0018793494159429214,0.0
2022-08-08,COMPOSITE,1,1,1.0,5.0,0.0,1,1,持有,114.4061,-0.0004892449116346009,-0.000489244911634712,1.1102230246251565e-16,1.5352892054724208,1.0832308818672272,-0.0023676748654386515,0.0
2022-08-09,COMPOSITE,1,1,1.0,5.0,0.0,1,1,持有,114.3557,-0.00044053595044313276,-0.00044053595044302174,-1.1102230246251565e-16,1.534612855383083,1.0827536797211346,-0.0028071677699845754,0.0
2022-08-10,COMPOSITE,1,1,1.0,5.0,0.0,1,1,持有,114.41,0.00047483422339245074,0.0004748342233922287,2.220446049250313e-16,1.5353415420864767,1.0832678082237701,-0.0023336664859202605,0.0
2022-08-11,COMPOSITE,1,1,1.0,5.0,0.0,1,1,持有,114.4097,-2.622148413622405e-06,-2.6221484135113826e-06,-1.1102230246251565e-16,1.5353375161930878,1.0832649677348054,-0.0023362825151139743,0.0
2022-08-12,COMPOSITE,1,1,1.0,5.0,0.0,1,1,持有,114.4283,0.00016257362793536956,0.00016257362793536956,0.0,1.5355871215832007,1.0834410780506254,-0.002174088705102828,0.0
2022-08-15,COMPOSITE,1,1,1.0,5.0,0.0,1,1,持有,114.9825,0.004843207493251178,0.004843207493251178,0.0,1.5430242886369925,1.0886884079983363,0.0,0.0
2022-08-16,COMPOSITE,1,1,1.0,5.0,0.0,1,1,持有,115.1534,0.0014863131346074532,0.0014863131346076752,-2.220446049250313e-16,1.545317705904212,1.0903065398786393,0.0,0.0
2022-08-17,COMPOSITE,1,1,1.0,5.0,0.0,1,1,持有,115.0923,-0.0005305965781297051,-0.0005305965781298161,1.1102230246251565e-16,1.544497765617336,1.0897280269594671,-0.0005305965781297051,0.0
2022-08-18,COMPOSITE,1,1,1.0,5.0,0.0,1,1,持有,115.2462,0.001337187631144765,0.001337187631144987,-2.220446049250313e-16,1.5465630489258502,1.0911851977984293,0.0,0.0
2022-08-19,COMPOSITE,1,1,1.0,5.0,0.0,1,1,持有,115.2507,3.904684058997354e-05,3.90468405897515e-05,2.220446049250313e-16,1.5466234373266838,1.0912278051329016,0.0,0.0
2022-08-22,COMPOSITE,1,1,1.0,5.0,0.0,1,1,持有,115.2364,-0.00012407733749120187,-0.00012407733749120187,0.0,1.5464315364084789,1.0910924084922444,-0.00012407733749120187,0.0
2022-08-23,COMPOSITE,1,1,1.0,5.0,0.0,1,1,持有,115.1545,-0.0007107129344546825,-0.0007107129344549046,2.220446049250313e-16,1.5453324675133047,1.0903169550048435,-0.0008347020885772771,0.0
2022-08-24,COMPOSITE,1,1,1.0,5.0,0.0,1,1,持有,115.1432,-9.812903533956696e-05,-9.812903533934492e-05,-2.220446049250313e-16,1.5451808255289887,1.0902099632538347,-0.0009327492154060923,0.0
2022-08-25,COMPOSITE,1,1,1.0,5.0,0.0,1,1,持有,114.9912,-0.001320095324778059,-0.001320095324778059,0.0,1.5431410395452712,1.0887707821783168,-0.002251613222305715,0.0
2022-08-26,COMPOSITE,1,1,1.0,5.0,0.0,1,1,持有,114.9326,-0.0005096042131921275,-0.0005096042131921275,0.0,1.5423546483699693,1.0882159400005182,-0.0027600700039132064,0.0
2022-08-29,COMPOSITE,1,1,1.0,5.0,0.0,1,1,持有,115.0028,0.0006107927602785335,0.0006107927602785335,0.0,1.5432967074229758,1.0888806144182903,-0.002150963074410872,0.0
2022-08-30,COMPOSITE,1,1,1.0,5.0,0.0,1,1,持有,115.1141,0.0009678025230690501,0.0009678025230690501,0.0,1.5447903138702639,1.0899344358242453,-0.0011852422588322087,0.0
2022-08-31,COMPOSITE,1,1,1.0,5.0,0.0,1,1,持有,115.0696,-0.00038657297411870406,-0.0003865729741189261,2.220446049250313e-16,1.5441931396842412,1.0895130966277942,-0.001571357050325961,0.0
2022-09-01,COMPOSITE,1,1,1.0,5.0,0.0,1,1,持有,115.1246,0.0004779715928446837,0.0004779715928451278,-4.440892098500626e-16,1.544931220138876,1.090033852938015,-0.0010941365215134669,0.0
2022-09-02,COMPOSITE,1,1,1.0,5.0,0.0,1,1,持有,115.1859,0.0005324665623158698,0.0005324665623156477,2.220446049250313e-16,1.5457538443546779,1.0906142595164965,-0.0005622525503098386,0.0
2022-09-05,COMPOSITE,1,1,1.0,5.0,0.0,1,1,持有,115.2047,0.00016321442120958984,0.00016321442120958984,0.0,1.5460061336737168,1.0907922634916265,-0.0003991298968248902,0.0
2022-09-06,COMPOSITE,1,1,1.0,5.0,0.0,1,1,持有,115.2382,0.0002907867474155612,0.00029078674741578325,-2.220446049250313e-16,1.5464556917688124,1.0911094514260335,-0.00010845921109370327,0.0
2022-09-07,COMPOSITE,1,1,1.0,5.0,0.0,1,1,持有,115.2315,-5.8140443012888454e-05,-5.8140443012999476e-05,1.1102230246251565e-16,1.5463657801497932,1.091046013839152,-0.00016659334823998506,0.0
2022-09-08,COMPOSITE,1,1,1.0,5.0,0.0,1,1,持有,115.1507,-0.0007011971552917107,-0.0007011971552917107,0.0,1.5452814728637116,1.0902809754779557,-0.0008676736887498482,0.0
2022-09-09,COMPOSITE,1,1,1.0,5.0,0.0,1,1,持有,115.0919,-0.0005106351937070874,-0.0005106351937070874,0.0,1.544492397759484,1.0897242396408473,-0.0013778658177346914,0.0
2022-09-13,COMPOSITE,1,1,1.0,5.0,0.0,1,1,持有,114.9842,-0.0009357739336998128,-0.0009357739336998128,0.0,1.543047102032863,1.0887045041024705,-0.0023123503805182466,0.0
2022-09-14,COMPOSITE,1,1,1.0,5.0,0.0,1,1,持有,114.8747,-0.0009523047514354843,-0.0009523047514353733,-1.1102230246251565e-16,1.5415776509459085,1.0876677256303047,-0.0032624530696993004,0.0
2022-09-15,COMPOSITE,1,1,1.0,5.0,0.0,1,1,持有,114.9015,0.00023329767128865697,0.00023329767128887902,-2.220446049250313e-16,1.541937297421985,1.0879214759778302,-0.0030299165211143952,0.0
2022-09-16,COMPOSITE,1,1,1.0,5.0,0.0,1,1,持有,114.7592,-0.0012384520654645792,-0.0012384520654649123,3.3306690738754696e-16,1.5400276819911758,1.0865741373788418,-0.0042646161802052385,0.0
2022-09-19,COMPOSITE,1,1,1.0,5.0,0.0,1,1,持有,114.7678,7.49395255454921e-05,7.493952554571415e-05,-2.220446049250313e-16,1.5401430909349911,1.0866555647291671,-0.004189996242972893,0.0
2022-09-20,COMPOSITE,1,1,1.0,5.0,0.0,1,1,持有,114.8475,0.0006944456546174038,0.0006944456546174038,0.0,1.54121263661198,1.0874101879641591,-0.003498460313039242,0.0
2022-09-21,COMPOSITE,1,1,1.0,5.0,0.0,1,1,持有,114.9171,0.0006060210278848732,0.0006060210278848732,0.0,1.5421466438782088,1.0880691814040016,-0.0028945594256692964,0.0
2022-09-22,COMPOSITE,1,1,1.0,5.0,0.0,1,1,持有,114.9284,9.833175393381133e-05,9.833175393403337e-05,-2.220446049250313e-16,1.5422982858625245,1.0881761731550106,-0.002796512298840703,0.0
2022-09-23,COMPOSITE,1,1,1.0,5.0,0.0,1,1,持有,114.8064,-0.0010615304833270223,-0.0010615304833272443,2.220446049250313e-16,1.5406610892176984,1.0870210409759762,-0.0038550741991154602,0.0
2022-09-26,COMPOSITE,1,1,1.0,5.0,0.0,1,1,持有,114.5639,-0.0021122515817931786,-0.0021122515817931786,0.0,1.537406825394991,1.0847249790627322,-0.0059591828943337255,0.0
2022-09-27,COMPOSITE,1,1,1.0,5.0,0.0,1,1,持有,114.511,-0.0004617510402492586,-0.0004617510402491476,-1.1102230246251565e-16,1.5366969261940786,1.0842241061752658,-0.006418182275682471,0.0
2022-09-28,COMPOSITE,1,1,1.0,5.0,0.0,1,1,持有,114.3362,-0.0015264909048038344,-0.0015264909048039454,1.1102230246251565e-16,1.5343511723128034,1.08256904793842,-0.007934875883617076,0.0
2022-09-29,COMPOSITE,1,1,1.0,5.0,0.0,1,1,持有,114.2013,-0.001179853799584074,-0.001179853799583963,-1.1102230246251565e-16,1.5325408622522538,1.081291774733898,-0.009105367689740684,0.0
2022-09-30,COMPOSITE,1,1,1.0,5.0,0.0,1,1,持有,114.1128,-0.000774947395520087,-0.000774947395520087,0.0,1.5313532237025234,1.0804538304892706,-0.009873258904284254,0.0
2022-10-08,COMPOSITE,1,1,1.0,5.0,0.0,1,1,持有,114.0652,-0.0004171311193835736,-0.0004171311193835736,0.0,1.5307144486181488,1.0800031395735163,-0.01028627158012907,0.0
2022-10-09,COMPOSITE,1,1,1.0,5.0,0.0,1,1,持有,114.2505,0.0016245094910629643,0.0016245094910631863,-2.220446049250313e-16,1.5332011087680362,1.0817576149241315,-0.008678472234875723,0.0
2022-10-10,COMPOSITE,1,1,1.0,5.0,0.0,1,1,持有,114.2617,9.803020555709807e-05,9.803020555709807e-05,0.0,1.533351408787889,1.0818636598454854,-0.008581292781735805,0.0
2022-10-11,COMPOSITE,1,1,1.0,5.0,0.0,1,1,持有,114.3161,0.0004761000405211213,0.0004761000405211213,0.0,1.5340814374557459,1.082378735177776,-0.00810927829505581,0.0
2022-10-12,COMPOSITE,1,1,1.0,5.0,0.0,1,1,持有,114.2691,-0.00041114068796965775,-0.00041114068796976877,1.1102230246251565e-16,1.5334507141581488,1.0819337252399512,-0.008517084928768348,0.0
2022-10-13,COMPOSITE,1,1,1.0,5.0,0.0,1,1,持有,114.3565,0.0007648611916959425,0.0007648611916957204,2.220446049250313e-16,1.5346235910987867,1.082761254358374,-0.007758738124800879,0.0
2022-10-14,COMPOSITE,1,1,1.0,5.0,0.0,1,1,持有,114.5168,0.0014017567868902514,0.0014017567868900294,2.220446049250313e-16,1.5367747601329311,1.0842790222952525,-0.006367857201734939,0.0
2022-10-17,COMPOSITE,1,1,1.0,5.0,0.0,1,1,持有,114.5798,0.0005501376217287302,0.0005501376217289522,-2.220446049250313e-16,1.5376201977446036,1.0848755249778685,-0.005821222777822488,0.0
2022-10-18,COMPOSITE,1,1,1.0,5.0,0.0,1,1,持有,114.5859,5.3238005302880254e-05,5.32380053031023e-05,-2.220446049250313e-16,1.5377020575768447,1.0849332815868205,-0.005768294682808817,0.0
2022-10-19,COMPOSITE,1,1,1.0,5.0,0.0,1,1,持有,114.6037,0.00015534197488520363,0.00015534197488520363,0.0,1.5379409272512539,1.0851018172654008,-0.0056138487662114045,0.0
2022-10-20,COMPOSITE,1,1,1.0,5.0,0.0,1,1,持有,114.5032,-0.0008769350378738938,-0.0008769350378738938,0.0,1.536592252965967,1.08415025346218,-0.006485860823404854,0.0
2022-10-21,COMPOSITE,1,1,1.0,5.0,0.0,1,1,持有,114.464,-0.000342348510784074,-0.000342348510784074,0.0,1.5360662028964818,1.0837790962374412,-0.006825988909394787,0.0
2022-10-24,COMPOSITE,1,1,1.0,5.0,0.0,1,1,持有,114.4998,0.0003127620911378415,0.00031276209113761944,2.220446049250313e-16,1.5365466261742258,1.0841180612539116,-0.006515361728822389,0.0
2022-10-25,COMPOSITE,1,1,0.6,4.0,1.0,1,1,持有,114.4721,-0.00024192181995075224,-0.00024192181995075224,0.0,1.5361749020179825,1.0838557894394916,-0.006755707340606154,0.0
2022-10-26,COMPOSITE,-1,1,-0.2,2.0,3.0,1,1,持有,114.5534,0.0007102167252981406,0.0007102167252983627,-2.220446049250313e-16,1.5372659191263789,1.0846255619489629,-0.006050288631652467,0.0
2022-10-27,COMPOSITE,-1,-1,-0.2,2.0,3.0,1,-1,多翻空,114.6981,0.0008627411671167096,0.001263166348620004,-0.0004004251815032944,1.5385921817196149,1.0859956244596698,-0.0051927672976112005,0.0006155599846847828
2022-10-28,COMPOSITE,-1,-1,-0.2,2.0,3.0,-1,-1,持空,114.8477,-0.001304293619510677,0.001304293619510677,-0.002608587239021354,1.536585405753969,1.0874120816234691,-0.006490288023867974,0.0
2022-10-31,COMPOSITE,-1,-1,-0.6,1.0,4.0,-1,-1,持空,115.0254,-0.0015513079612566871,0.0015472665103435368,-0.003098574471600224,1.534201688580872,1.0890945979203082,-0.008031527549642314,0.0
2022-11-01,COMPOSITE,-1,-1,-0.6,1.0,4.0,-1,-1,持空,114.9107,0.0010028783570632527,-0.000997171059609392,0.0020000494166726446,1.5357403062497197,1.0880085843060852,-0.007036703837732805,0.0
2022-11-02,COMPOSITE,-1,-1,-0.6,1.0,4.0,-1,-1,持空,114.791,0.0010455472527088894,-0.0010416784511800836,0.002087225703888973,1.5373459953077933,1.0868752292091146,-0.005998513791389604,0.0
2022-11-03,COMPOSITE,-1,-1,-0.6,1.0,4.0,-1,-1,持空,114.7851,5.148108462793566e-05,-5.139775766382915e-05,0.0001028788422917648,1.5374251395470802,1.086819366259473,-0.005947341516757798,0.0
2022-11-04,COMPOSITE,-1,-1,-0.6,1.0,4.0,-1,-1,持空,114.6545,0.0011395056848768625,-0.001137778335341677,0.0022772840202185396,1.5391770442336667,1.0855828067301132,-0.004814612861349099,0.0
2022-11-07,COMPOSITE,-1,-1,-1.0,0.0,5.0,-1,-1,持空,114.6718,-0.00015077343284963796,0.00015088810295282862,-0.0003016615358024666,1.5389449772269443,1.085746608260419,-0.004964660378489749,0.0
2022-11-08,COMPOSITE,-1,-1,-1.0,0.0,5.0,-1,-1,持空,114.6541,0.00015428278552764851,-0.00015435355510240445,0.00030863634063005296,1.5391824099448048,1.0855790194114936,-0.004811143554594444,0.0
2022-11-09,COMPOSITE,-1,-1,-1.0,0.0,5.0,-1,-1,持空,114.6809,-0.00023356727827006374,0.0002337465472230793,-0.00046731382549314304,1.5388229072985529,1.0858327697590189,-0.005043587107159131,0.0
2022-11-10,COMPOSITE,-1,-1,-1.0,0.0,5.0,-1,-1,持空,114.6708,8.804405340856469e-05,-8.807046334635693e-05,0.00017611451675492162,1.5389583915047895,1.0857371399638696,-0.004955987111603055,0.0
2022-11-11,COMPOSITE,-1,-1,-1.0,0.0,5.0,-1,-1,持空,114.3582,0.0027247671396219975,-0.0027260645255812177,0.005450831665203215,1.5431516947592074,1.082777350462508,-0.0022447238828070537,0.0
2022-11-14,COMPOSITE,-1,-1,-1.0,0.0,5.0,-1,-1,持空,113.636,0.006277925555034036,-0.006315244556139965,0.012593170111174001,1.5528394862190305,1.075939346694488,0.0,0.0
2022-11-15,COMPOSITE,-1,-1,-1.0,0.0,5.0,-1,-1,持空,113.6815,-0.0003930539166311364,0.0004004012812841573,-0.0007934551979152937,1.5522291365770726,1.0763701541874884,-0.0003930539166311364,0.0
2022-11-16,COMPOSITE,-1,-1,-1.0,0.0,5.0,-1,-1,持空,113.5798,0.0008788857422608043,-0.0008946046630277094,0.0017734904052885136,1.553593368633932,1.0754072284284084,0.0,0.0
2022-11-17,COMPOSITE,-1,-1,-1.0,0.0,5.0,-1,-1,持空,113.7206,-0.0012157172904700975,0.00123965705169371,-0.0024553743421638075,1.5517046383133242,1.0767403645825722,-0.0012157172904700975,0.0
2022-11-18,COMPOSITE,-1,-1,-1.0,0.0,5.0,-1,-1,持空,113.6983,0.00019278049994975177,-0.00019609463896597124,0.000388875138915723,1.5520037767092727,1.0765292215695192,-0.001023171157107261,0.0
2022-11-21,COMPOSITE,-1,-1,-1.0,0.0,5.0,-1,-1,持空,113.7738,-0.000652561541739316,0.0006640380726887773,-0.0013165996144280934,1.5509909987319581,1.0772440779590033,-0.0016750650166987846,0.0
2022-11-22,COMPOSITE,-1,-1,-1.0,0.0,5.0,-1,-1,持空,113.728,0.00039611701538810884,-0.00040255313613501986,0.0007986701515231287,1.5516053726572696,1.076810429977038,-0.0012796115230656602,0.0
2022-11-23,COMPOSITE,-1,-1,-1.0,0.0,5.0,-1,-1,持空,113.8781,-0.001297677321857038,0.0013198157006193423,-0.0026174930224763804,1.5495918895527008,1.0782316212891123,-0.0025756283220684795,0.0
2022-11-24,COMPOSITE,-1,-1,-1.0,0.0,5.0,-1,-1,持空,114.006,-0.0011071858003203205,0.0011231307863408535,-0.002230316586661174,1.5478762034162965,1.0794426164177884,-0.0036799624232836115,0.0
2022-11-25,COMPOSITE,-1,-1,-1.0,0.0,5.0,-1,-1,持空,113.8304,0.001521793011884709,-0.001540269810361039,0.003062062822245748,1.5502317506059182,1.077779983543703,-0.00216376955249864,0.0
2022-11-28,COMPOSITE,-1,-1,-1.0,0.0,5.0,-1,-1,持空,113.6606,0.0014692928184636411,-0.0014916929045316607,0.002960985722995302,1.5525094949840377,1.0761722667896045,-0.0006976559450992958,0.0
2022-11-29,COMPOSITE,-1,-1,-1.0,0.0,5.0,-1,-1,持空,113.3613,0.0025860668627457617,-0.002633278374388426,0.0052193452371341875,1.5565243883431141,1.073338405632351,0.0,0.0
2022-11-30,COMPOSITE,-1,-1,-1.0,0.0,5.0,-1,-1,持空,113.4043,-0.000370578162259827,0.00037931816237124494,-0.0007498963246310719,1.5559475743957694,1.073745542383978,-0.000370578162259827,0.0
2022-12-01,COMPOSITE,-1,-1,-1.0,0.0,5.0,-1,-1,持空,113.4951,-0.0007828132826515066,0.0008006751066758078,-0.0015834883893273144,1.554729557967423,1.074605263710669,-0.0011531013514036736,0.0
2022-12-02,COMPOSITE,-1,-1,-1.0,0.0,5.0,-1,-1,持空,113.5201,-0.00021570114520064188,0.00022027382679934426,-0.00043597497199998614,1.554394201021292,1.0748419711244053,-0.0013685537713222784,0.0
2022-12-05,COMPOSITE,-1,-1,-1.0,0.0,5.0,-1,-1,持空,113.3914,0.001110669068082215,-0.0011337199315363256,0.0022443889996185407,1.5561206185799727,1.0736234013584898,-0.0002594047135818789,0.0
2022-12-06,COMPOSITE,-1,-1,-1.0,0.0,5.0,-1,-1,持空,113.2454,0.0012585686109540806,-0.001287575600971369,0.0025461442119254496,1.558079103145376,1.0722410300622687,0.0,0.0
2022-12-07,COMPOSITE,-1,-1,-1.0,0.0,5.0,-1,-1,持空,113.4139,-0.001450700296511176,0.0014879191560981386,-0.0029386194526093146,1.5558187973284552,1.0738364380308527,-0.001450700296511176,0.0
2022-12-08,COMPOSITE,-1,-1,-1.0,0.0,5.0,-1,-1,持空,113.4312,-0.00014916069089854211,0.00015253862180908406,-0.0003016993127076262,1.5555867303217328,1.0740002395611583,-0.0015996445999511,0.0
2022-12-09,COMPOSITE,-1,-1,-1.0,0.0,5.0,-1,-1,持空,113.3931,0.00032854740654508774,-0.00033588642278303826,0.000664433829328126,1.5560978143076358,1.073639497462624,-0.0012716227524908197,0.0
2022-12-12,COMPOSITE,-1,-1,-1.0,0.0,5.0,-1,-1,持空,113.4061,-0.00011206597065072099,0.00011464542375128062,-0.0002267113944020016,1.555923428695648,1.0737625853177668,-0.001383546217503473,0.0
2022-12-13,COMPOSITE,-1,-1,-0.6,1.0,4.0,-1,-1,持空,113.2793,0.0010931967469636206,-0.0011181056398199551,0.0022113023867835757,1.5576243591264227,1.0725620053152953,-0.0002918619587639615,0.0
2022-12-14,COMPOSITE,-1,-1,-0.6,1.0,4.0,-1,-1,持空,113.5019,-0.001917033610094654,0.0019650545156970622,-0.003882088125791716,1.5546383408780753,1.0746696481272053,-0.0022083360596741874,0.0
2022-12-15,COMPOSITE,-1,-1,-0.6,1.0,4.0,-1,-1,持空,113.5046,-2.329709053849882e-05,2.3788148039827206e-05,-4.708523857832603e-05,1.5546021223278932,1.0746952125278888,-0.002231581702407559,0.0
2022-12-16,COMPOSITE,-1,-1,-0.6,1.0,4.0,-1,-1,持空,113.4251,0.00068598586955404,-0.0007004121418868747,0.0013863980114409147,1.5556685574165887,1.0739424829522066,-0.0015471266663682481,0.0
2022-12-19,COMPOSITE,-1,-1,-0.6,1.0,4.0,-1,-1,持空,113.626,-0.0017323281403730517,0.0017712128973215169,-0.0035035410376945686,1.5529736289974825,1.0758446637289931,-0.0032767746756803273,0.0
2022-12-20,COMPOSITE,-1,-1,-0.6,1.0,4.0,-1,-1,持空,113.596,0.00025913404313038235,-0.00026402407899595026,0.0005231581221263326,1.5533760573328395,1.0755606148325094,-0.003018489756420162,0.0
2022-12-21,COMPOSITE,-1,-1,-0.6,1.0,4.0,-1,-1,持空,113.5844,0.0001001725385620933,-0.00010211627169975923,0.00020228881026185253,1.553531662955844,1.0754507825925357,-0.002918619587639615,0.0
2022-12-22,COMPOSITE,-1,-1,-0.6,1.0,4.0,-1,-1,持空,113.6754,-0.0007857575825604979,0.0008011663573517236,-0.0015869239399122215,1.5523109636719286,1.0763123975785365,-0.0037020838427285208,0.0
2022-12-23,COMPOSITE,-1,-1,-0.6,1.0,4.0,-1,-1,持空,113.7438,-0.0005910778356182922,0.0006017132994473595,-0.0011927911350656517,1.5513934270673149,1.0769600290625196,-0.004290973458641711,0.0
2022-12-26,COMPOSITE,-1,-1,-0.6,1.0,4.0,-1,-1,持空,113.6953,0.0004193600824538013,-0.0004263968673456908,0.0008457569497994921,1.5520440195428082,1.0765008166798709,-0.0038734128391713085,0.0
2022-12-27,COMPOSITE,-1,-1,-0.6,1.0,4.0,-1,-1,持空,113.5548,0.0012143380042852758,-0.0012357590859075618,0.0024500970901928376,1.5539287255800627,1.0751705210146718,-0.002663778467302924,0.0
2022-12-28,COMPOSITE,-1,-1,-0.2,2.0,3.0,-1,-1,持空,113.5513,3.0213723245964275e-05,-3.082212288696429e-05,6.103584613292856e-05,1.5539756755525211,1.0751373819767487,-0.002633645226722492,0.0
2022-12-29,COMPOSITE,1,-1,0.2,3.0,2.0,-1,-1,持空,113.6287,-0.0006681347215112821,0.0006816302411329911,-0.0013497649626442731,1.5529374104473006,1.0758702281296766,-0.003300020318413588,0.0
2022-12-30,COMPOSITE,1,1,0.2,3.0,2.0,-1,1,空翻多,113.7032,-0.0010397569783126004,0.0006556442166463228,-0.0016954011949589232,1.5513227329379053,1.0765756162226117,-0.004336346077571607,0.0006153138099258373
2022-12-31,COMPOSITE,-1,1,-0.2,2.0,3.0,1,1,持有,113.7012,-1.7589654468852522e-05,-1.7589654468852522e-05,0.0,1.5512954457070633,1.0765566796295127,-0.004353859457211229,0.0
2023-01-03,COMPOSITE,-1,-1,-0.2,2.0,3.0,1,-1,多翻空,113.76,0.00011701810517572575,0.0005171449377843196,-0.00040012683260859383,1.5514769753606876,1.077113415466621,-0.004237350832419384,0.0006207149331309013
2023-01-04,COMPOSITE,-1,-1,-0.2,2.0,3.0,-1,-1,持空,113.8927,-0.0011664908579465116,0.0011664908579465116,-0.0023329817158930233,1.5496671916526148,1.0783698584187345,-0.00539889885935807,0.0
2023-01-05,COMPOSITE,-1,-1,-0.2,2.0,3.0,-1,-1,持空,113.8254,0.0005922872408303803,-0.000590907055500578,0.0011831942963309583,1.550585039757764,1.0777326420609556,-0.004809809317436575,0.0
2023-01-06,COMPOSITE,-1,-1,-0.2,2.0,3.0,-1,-1,持空,113.7275,0.0008610787143803478,-0.0008600892243734171,0.0017211679387537648,1.5519202155303362,1.0768056958287635,-0.003952872227479642,0.0
2023-01-09,COMPOSITE,-1,-1,-0.2,2.0,3.0,-1,-1,持空,113.7234,3.60304941011691e-05,-3.605108702819937e-05,7.208158112936847e-05,1.5519761319825074,1.0767668758129108,-0.003916984157318004,0.0
2023-01-10,COMPOSITE,-1,-1,-0.2,2.0,3.0,-1,-1,持空,113.5974,0.001107238704846969,-0.0011079513978653477,0.0022151901027123166,1.5536945400248372,1.0755738704476787,-0.0028140824889362204,0.0
2023-01-11,COMPOSITE,-1,-1,-0.2,2.0,3.0,-1,-1,持空,113.5618,0.0003124928679647532,-0.0003133874542904369,0.0006258803222551901,1.5541800584875907,1.0752367990905178,-0.002502469001679164,0.0
2023-01-12,COMPOSITE,-1,-1,-0.2,2.0,3.0,-1,-1,持空,113.6017,-0.0003501283804061561,0.00035135054217172446,-0.0007014789225778806,1.553635895940853,1.0756145841228413,-0.0028517211966666567,0.0
2023-01-13,COMPOSITE,-1,-1,-0.2,2.0,3.0,-1,-1,持空,113.4845,0.0010288074874713615,-0.0010316747020510109,0.0020604821895223724,1.5552342881834011,1.0745048997672446,-0.0018258475813146546,0.0
2023-01-16,COMPOSITE,-1,-1,-0.2,2.0,3.0,-1,-1,持空,113.3257,0.0013925488115542617,-0.0013993100379346979,0.0027918588494889596,1.5574000278430993,1.0730013342751903,-0.00043584135163987625,0.0
2023-01-17,COMPOSITE,-1,-1,-0.2,2.0,3.0,-1,-1,持空,113.3875,-0.000541182878655122,0.0005453308472833651,-0.0010865137259384872,1.5565571896128136,1.0735864750019468,-0.000976788360417702,0.0
2023-01-18,COMPOSITE,-1,-1,-0.2,2.0,3.0,-1,-1,持空,113.4029,-0.00013493089172678108,0.000135817440194419,-0.00027074833192120007,1.5563471619631954,1.0737322867688088,-0.001111587453219931,0.0
2023-01-19,COMPOSITE,-1,-1,-0.2,2.0,3.0,-1,-1,持空,113.3737,0.00025587751528921565,-0.0002574890060133006,0.0005133665213025163,1.556745396207926,1.0734558125095643,-0.0008559943681661908,0.0
2023-01-20,COMPOSITE,-1,-1,-0.6,1.0,4.0,-1,-1,持空,113.3067,0.0005869660251798248,-0.0005909659824101521,0.0011779320075899768,1.5576591528653554,1.0728214366407507,-0.00026953078259817076,0.0
2023-01-28,COMPOSITE,-1,-1,-1.0,0.0,5.0,-1,-1,持空,113.3012,4.815551253667394e-05,-4.854081885719008e-05,9.669633139386402e-05,1.557734162740219,1.0727693610097286,-0.00022138824945450164,0.0
2023-01-29,COMPOSITE,-1,-1,-1.0,0.0,5.0,-1,-1,持空,113.4071,-0.0009271678567802644,0.0009346767730613603,-0.0018618446298416247,1.5562898816951178,1.0737720536143163,-0.0011483508421659128,0.0
2023-01-30,COMPOSITE,-1,-1,-1.0,0.0,5.0,-1,-1,持空,113.3704,0.0003216113165118717,-0.00032361289548876737,0.0006452242120006391,1.556790402132844,1.0734245671309512,-0.0008271088482801892,0.0
2023-01-31,COMPOSITE,-1,-1,-1.0,0.0,5.0,-1,-1,持空,113.4728,-0.0008970684084744773,0.0009032340011150275,-0.0018003024095895048,1.5553938546444743,1.0743941206976162,-0.0017234352835364675,0.0
2023-02-01,COMPOSITE,-1,-1,-1.0,0.0,5.0,-1,-1,持空,113.4235,0.00043227716243809944,-0.00043446535204938463,0.0008667425144874841,1.5560662158864336,1.0739273336777275,-0.0012919031228124656,0.0
2023-02-02,COMPOSITE,-1,-1,-1.0,0.0,5.0,-1,-1,持空,113.4358,-0.00010780348214012303,0.00010844313568170172,-0.00021624661782182475,1.5558984665299205,1.0740437937252858,-0.0013995673332973801,0.0
2023-02-03,COMPOSITE,-1,-1,-1.0,0.0,5.0,-1,-1,持空,113.4783,-0.00037253186681407424,0.00037466126214136253,-0.0007471931289554368,1.555318844769611,1.074446196328638,-0.0017715778166800256,0.0
2023-02-06,COMPOSITE,-1,-1,-1.0,0.0,5.0,-1,-1,持空,113.446,0.0002832297308790199,-0.0002846359171753132,0.0005678656480543331,1.5557593573074462,1.0741403703500905,-0.0014888498493091928,0.0
2023-02-07,COMPOSITE,-1,-1,-1.0,0.0,5.0,-1,-1,持空,113.4546,-7.538965934394959e-05,7.580699187270667e-05,-0.00015119665121665626,1.5556420691394777,1.0742217977004158,-0.0015641272647701765,0.0
2023-02-08,COMPOSITE,-1,-1,-1.0,0.0,5.0,-1,-1,持空,113.4693,-0.00012887343576584165,0.00012956724540025277,-0.0002584406811660944,1.5554415882012058,1.0743609816596928,-0.0016927991260814457,0.0
2023-02-09,COMPOSITE,-1,-1,-1.0,0.0,5.0,-1,-1,持空,113.482,-0.00011135398555195408,0.00011192454699204823,-0.00022327853254400232,1.5552683835810663,1.074481229025871,-0.0018039646117039565,0.0
2023-02-10,COMPOSITE,-1,-1,-1.0,0.0,5.0,-1,-1,持空,113.4881,-5.349094161599677e-05,5.375301809973365e-05,-0.00010724395971573042,1.555185190810763,1.0745389856348226,-0.001857359057554242,0.0
2023-02-13,COMPOSITE,-1,-1,-1.0,0.0,5.0,-1,-1,持空,113.5052,-0.00014995803805784025,0.00015067659076173356,-0.0003006346288195738,1.5549519782907324,1.0747008935058187,-0.0020070385696918658,0.0
2023-02-14,COMPOSITE,-1,-1,-1.0,0.0,5.0,-1,-1,持空,113.5057,-4.3853955802308775e-06,4.405084524483627e-06,-8.790480104714504e-06,1.5549451592111994,1.0747056276540932,-0.0020114151636139166,0.0
2023-02-15,COMPOSITE,-1,-1,-1.0,0.0,5.0,-1,-1,持空,113.5112,-4.823956293187326e-05,4.8455716320949804e-05,-9.669527925282306e-05,1.554870149336336,1.0747577032851152,-0.0020595576967574747,0.0
2023-02-16,COMPOSITE,-1,-1,-1.0,0.0,5.0,-1,-1,持空,113.5528,-0.00036488411420887434,0.0003664836597623289,-0.0007313677739712032,1.5543028019191856,1.0751515844215729,-0.002423690311080473,0.0
2023-02-17,COMPOSITE,-1,-1,-1.0,0.0,5.0,-1,-1,持空,113.5595,-5.87888445096052e-05,5.900338873177091e-05,-0.00011779223324137611,1.5542114262534428,1.0752150220084542,-0.002482336669637264,0.0
2023-02-20,COMPOSITE,-1,-1,-1.0,0.0,5.0,-1,-1,持空,113.4681,0.0008020322831157056,-0.0008048644102872649,0.0016068966934029705,1.5554579539920852,1.0743496197038334,-0.0016822953006682129,0.0
2023-02-21,COMPOSITE,-1,-1,-1.0,0.0,5.0,-1,-1,持空,113.3952,0.0006391826878815454,-0.0006424713201330645,0.00128165400801461,1.5564521757880045,1.0736593808853778,-0.0010441879068188165,0.0
2023-02-22,COMPOSITE,-1,-1,-1.0,0.0,5.0,-1,-1,持空,113.4566,-0.0005380075145804408,0.0005414691274407968,-0.0010794766420212376,1.5556147928213455,1.0742407342935145,-0.0015816336404587128,0.0
2023-02-23,COMPOSITE,-1,-1,-1.0,0.0,5.0,-1,-1,持空,113.444,0.00011046488181132297,-0.000111055681203176,0.00022152056301449896,1.5557866336255783,1.0741214337569913,-0.0014713434736206565,0.0
2023-02-24,COMPOSITE,-1,-1,-1.0,0.0,5.0,-1,-1,持空,113.4639,-0.00017444510677078195,0.00017541694580569533,-0.0003498620525764773,1.555515234260163,1.0743098528583255,-0.001645531911722009,0.0
2023-02-27,COMPOSITE,-1,-1,-1.0,0.0,5.0,-1,-1,持空,113.4581,5.0852168362647276e-05,-5.111758012865675e-05,0.00010196974849130402,1.5555943355827462,1.074254936738339,-0.0015947634222253093,0.0
2023-02-28,COMPOSITE,-1,-1,-1.0,0.0,5.0,-1,-1,持空,113.4517,5.6109884194466275e-05,-5.6408489125137073e-05,0.00011251837331960335,1.5556816198007695,1.0741943396404223,-0.00153874302002166,0.0
2023-03-01,COMPOSITE,-1,-1,-1.0,0.0,5.0,-1,-1,持空,113.4818,-0.0002638769929946827,0.00026531114121697286,-0.0005291881342116556,1.5552711112128794,1.0744793353665612,-0.0018022139741351584,0.0
2023-03-02,COMPOSITE,-1,-1,-1.0,0.0,5.0,-1,-1,持空,113.4418,0.00035075965772879414,-0.0003524794284193167,0.0007032390861481108,1.5558166375755238,1.0741006035045828,-0.001452086460363211,0.0
2023-03-03,COMPOSITE,-1,-1,-1.0,0.0,5.0,-1,-1,持空,113.3947,0.0004128746771951963,-0.00041519087320562864,0.000828065550400825,1.5564589948675376,1.073654646737103,-0.0010398113128966546,0.0
2023-03-06,COMPOSITE,-1,-1,-1.0,0.0,5.0,-1,-1,持空,113.558,-0.0014308834237456436,0.0014401025797501354,-0.002870986003495779,1.5542318834920419,1.07520081956363,-0.0024692068878707785,0.0
2023-03-07,COMPOSITE,-1,-1,-1.0,0.0,5.0,-1,-1,持空,113.5934,-0.0003106298590759282,0.0003117349724368612,-0.0006223648315127894,1.5537490926611015,1.0755359972614809,-0.0027790697375590367,0.0
2023-03-08,COMPOSITE,-1,-1,-1.0,0.0,5.0,-1,-1,持空,113.6099,-0.00014483009235766175,0.00014525491797945378,-0.00029008501033711553,1.5535240630365108,1.075692224154547,-0.002923497336989933,0.0
2023-03-09,COMPOSITE,-1,-1,-1.0,0.0,5.0,-1,-1,持空,113.6239,-0.00012290393915914688,0.0001232286974988117,-0.0002461326366579586,1.553333128809585,1.0758247803062393,-0.0030460419668102423,0.0
2023-03-10,COMPOSITE,-1,-1,-1.0,0.0,5.0,-1,-1,持空,113.6731,-0.0004319726487561626,0.00043300749226182766,-0.0008649801410179903,1.5526621313835325,1.0762906204964728,-0.0034766988087497896,0.0
2023-03-13,COMPOSITE,-1,-1,-1.0,0.0,5.0,-1,-1,持空,113.6737,-5.2702357287159884e-06,5.278293633281805e-06,-1.0548529361997794e-05,1.552653948488093,1.0762963014744025,-0.003481950721456295,0.0
2023-03-14,COMPOSITE,-1,-1,-1.0,0.0,5.0,-1,-1,持空,113.6928,-0.00016777005488988195,0.00016802479377409085,-0.0003357948486639728,1.5523934596499303,1.0764771459384974,-0.003649136609282455,0.0
2023-03-15,COMPOSITE,-1,-1,-1.0,0.0,5.0,-1,-1,持空,113.6664,0.00023193050518699465,-0.00023220467786888577,0.0004641351830558804,1.5527535070492757,1.0762271829095915,-0.0034180524501927767,0.0
2023-03-16,COMPOSITE,-1,-1,-1.0,0.0,5.0,-1,-1,持空,113.7286,-0.0005463156193569185,0.0005472153600358798,-0.0010935309793927983,1.5519052135553635,1.0768161109549679,-0.003962500734108421,0.0
2023-03-17,COMPOSITE,-1,-1,-1.0,0.0,5.0,-1,-1,持空,113.7504,-0.0001915786254497176,0.0001916844135951834,-0.000383263039044901,1.5516079016877222,1.077022519819746,-0.004153320229114188,0.0
2023-03-20,COMPOSITE,-1,-1,-1.0,0.0,5.0,-1,-1,持空,113.783,-0.00028654403285222063,0.0002865923987962482,-0.0005731364316484688,1.5511632977021672,1.0773311862872588,-0.004438674152838273,0.0
2023-03-21,COMPOSITE,-1,-1,-1.0,0.0,5.0,-1,-1,持空,113.7597,0.00020485857724406031,-0.000204775757362885,0.0004096343346069453,1.5514810668084076,1.0771105749776562,-0.0042347248760660205,0.0
2023-03-22,COMPOSITE,-1,-1,-1.0,0.0,5.0,-1,-1,持空,113.7169,0.0003762296688738509,-0.0003762316532128773,0.0007524613220867282,1.552064780016437,1.0767053318853392,-0.0038600884363300114,0.0
2023-03-23,COMPOSITE,-1,-1,-1.0,0.0,5.0,-1,-1,持空,113.7094,6.590330140388012e-05,-6.595325760727633e-05,0.00013185655901115645,1.552167066209433,1.0766343196612183,-0.003794439527497806,0.0
2023-03-24,COMPOSITE,-1,-1,-1.0,0.0,5.0,-1,-1,持空,113.6473,0.0005456433759245538,-0.0005461289919742596,0.0010917723678988134,1.5530139958874383,1.0760463384454968,-0.0032508665623668387,0.0
2023-03-27,COMPOSITE,-1,-1,-0.6,1.0,4.0,-1,-1,持空,113.704,-0.0004979244366735136,0.0004989119847105261,-0.0009968364213840397,1.5522407122683899,1.076583190859851,-0.0037471723131385914,0.0
2023-03-28,COMPOSITE,-1,-1,-0.6,1.0,4.0,-1,-1,持空,113.6993,4.1294721304430126e-05,-4.1335397171549104e-05,8.263011847597923e-05,1.5523048116160005,1.0765386898660687,-0.003706032330270448,0.0
2023-03-29,COMPOSITE,-1,-1,-0.6,1.0,4.0,-1,-1,持空,113.6997,-3.514299244389285e-06,3.51805156251217e-06,-7.032350806901455e-06,1.552299356352374,1.0765424771846888,-0.003709533605408266,0.0
2023-03-30,COMPOSITE,-1,-1,-1.0,0.0,5.0,-1,-1,持空,113.7174,-0.00015550828806443207,0.00015567323396603605,-0.0003111815220304681,1.552057960936904,1.076710066033614,-0.0038644650302521732,0.0
2023-03-31,COMPOSITE,-1,-1,-1.0,0.0,5.0,-1,-1,持空,113.6997,0.00015553247465338593,-0.00015564900358233658,0.0003111814782357225,1.552299356352374,1.0765424771846888,-0.003709533605408266,0.0
2023-04-03,COMPOSITE,-1,-1,-1.0,0.0,5.0,-1,-1,持空,113.6746,0.0002205230525664792,-0.0002207569589016689,0.0004412800114681481,1.5526416741449336,1.076304822941297,-0.003489828590516053,0.0
2023-04-04,COMPOSITE,-1,-1,-1.0,0.0,5.0,-1,-1,持空,113.6672,6.50004304081353e-05,-6.509809579280379e-05,0.0001300985262009391,1.5527425965220227,1.076234757546831,-0.0034250550004683022,0.0
2023-04-06,COMPOSITE,-1,-1,-1.0,0.0,5.0,-1,-1,持空,113.6699,-2.371483178276179e-05,2.375355423556158e-05,-4.746838601832337e-05,1.5527057734925442,1.0762603219475146,-0.0034486886076479095,0.0
2023-04-07,COMPOSITE,-1,-1,-1.0,0.0,5.0,-1,-1,持空,113.6945,-0.0002160735915033296,0.00021641613127143522,-0.00043248972277476483,1.5523702747795178,1.0764932420426314,-0.0036640170286177387,0.0
2023-04-10,COMPOSITE,-1,-1,-1.0,0.0,5.0,-1,-1,持空,113.7457,-0.0004498113340155596,0.0004503296113707034,-0.000900140945386263,1.551672001035333,1.0769780188259637,-0.004112180246245933,0.0
2023-04-11,COMPOSITE,-1,-1,-1.0,0.0,5.0,-1,-1,持空,113.881,-0.0011891965057134746,0.0011894955149951425,-0.002378692020708617,1.5498267581136884,1.0782590793491056,-0.005296486561579661,0.0
2023-04-12,COMPOSITE,-1,-1,-1.0,0.0,5.0,-1,-1,持空,113.9433,-0.0005482272811271338,0.0005470622843144479,-0.0010952895654415817,1.5489771008038697,1.078848954224137,-0.005841810164279537,0.0
2023-04-13,COMPOSITE,-1,-1,-0.6,1.0,4.0,-1,-1,持空,113.917,0.0002315615790913217,-0.0002308165552515895,0.0004623781343429112,1.5493357843873083,1.0785999380248863,-0.0056116013239745355,0.0
2023-04-14,COMPOSITE,-1,-1,-0.6,1.0,4.0,-1,-1,持空,113.9106,5.633654040826386e-05,-5.6181254773246536e-05,0.0001125177951815104,1.5494230686053314,1.0785393409269697,-0.005555580921770997,0.0
2023-04-17,COMPOSITE,-1,-1,-0.6,1.0,4.0,-1,-1,持空,113.8253,0.0007508181541315828,-0.000748832856643733,0.0014996510107753158,1.5505864035736707,1.0777316952313007,-0.004808933998652121,0.0
2023-04-18,COMPOSITE,-1,-1,-0.2,2.0,3.0,-1,-1,持空,113.837,-0.00010290717157446228,0.00010278909873284725,-0.00020569627030730953,1.550426837112597,1.0778424743009294,-0.00491134629643053,0.0
2023-04-19,COMPOSITE,-1,-1,-0.2,2.0,3.0,-1,-1,持空,113.8982,-0.0005383390656474862,0.0005376107943815267,-0.001075949860029013,1.5495921817777512,1.0784219340497565,-0.005447041392501739,0.0
2023-04-20,COMPOSITE,-1,-1,-0.2,2.0,3.0,-1,-1,持空,113.8949,2.9043722243438097e-05,-2.8973241017027362e-05,5.801696326046546e-05,1.5496371877026693,1.0783906886711432,-0.0054181558726155155,0.0
2023-04-21,COMPOSITE,-1,-1,-0.2,2.0,3.0,-1,-1,持空,113.9336,-0.0003405937596533404,0.00033978694392811093,-0.0006803807035814513,1.549109390946811,1.0787571117476074,-0.005756904242189886,0.0
2023-04-23,COMPOSITE,-1,-1,-0.2,2.0,3.0,-1,-1,持空,113.9694,-0.0003151785777170124,0.0003142181059845317,-0.0006293966837015441,1.5486211448522442,1.079096076764078,-0.006070268367015852,0.0
2023-04-24,COMPOSITE,-1,-1,-0.2,2.0,3.0,-1,-1,持空,114.0192,-0.0004385709983038,0.00043695939436361186,-0.0008755303926674118,1.547941964530752,1.079567597932241,-0.006506177121662016,0.0
2023-04-25,COMPOSITE,-1,-1,-0.2,2.0,3.0,-1,-1,持空,114.0308,-0.00010220192280585572,0.00010173725126993993,-0.00020393917407579565,1.547783761885585,1.0796774301722147,-0.00660771410065597,0.0
2023-04-26,COMPOSITE,-1,-1,-0.2,2.0,3.0,-1,-1,持空,114.072,-0.00036303013855065736,0.00036130589279403935,-0.0007243360313446967,1.5472218697320612,1.0800675239900528,-0.00696834543984115,0.0
2023-04-27,COMPOSITE,1,-1,0.2,3.0,2.0,-1,-1,持空,114.2467,-0.0015399125590578322,0.0015314888842132834,-0.0030714014432711156,1.5448392833432119,1.0817216353972434,-0.00849752735624032,0.0
2023-04-28,COMPOSITE,1,1,0.2,3.0,2.0,-1,1,空翻多,114.271,-0.0006161637475008419,0.00021269760964637285,-0.0008288613571472148,1.5438874093811006,1.0819517150033953,-0.009108455235440793,0.0006204666968048819
2023-05-04,COMPOSITE,1,1,0.2,3.0,2.0,1,1,持有,114.4308,0.0013984300478686595,0.0013984300478686595,0.0,1.5460464279249053,1.083464748791999,-0.007722762725063004,0.0
2023-05-05,COMPOSITE,1,1,0.2,3.0,2.0,1,1,持有,114.5545,0.0010810026671141948,0.0010810026671139727,2.220446049250313e-16,1.5477177082369744,1.0846359770751672,-0.0066501083850522,0.0
2023-05-06,COMPOSITE,1,1,0.2,3.0,2.0,1,1,持有,114.6031,0.00042425221182917916,0.0004242522118294012,-2.220446049250313e-16,1.5483743308979812,1.0850961362874711,-0.006228677496414203,0.0
2023-05-08,COMPOSITE,1,1,0.2,3.0,2.0,1,1,持有,114.5133,-0.0007835739172848966,-0.0007835739172848966,0.0,1.547161065158096,1.0842458832573296,-0.0070073707844737765,0.0
2023-05-09,COMPOSITE,1,1,0.2,3.0,2.0,1,1,持有,114.5325,0.0001676661138925173,0.00016766611389229524,2.220446049250313e-16,1.5474204716414568,1.084427674551079,-0.006840879569209313,0.0
2023-05-10,COMPOSITE,-1,1,-0.2,2.0,3.0,1,1,持有,114.628,0.0008338244603058875,0.0008338244603061096,-2.220446049250313e-16,1.5487107486810896,1.0853318968715526,-0.006012759201618256,0.0
2023-05-11,COMPOSITE,-1,-1,-0.2,2.0,3.0,1,-1,多翻空,114.8061,0.0011531802234312494,0.0015537216037966317,-0.00040054138036538234,1.550496691288284,1.0870182004870115,-0.004866512773186504,0.0006203227410635264
2023-05-12,COMPOSITE,-1,-1,-0.2,2.0,3.0,-1,-1,持空,114.7085,0.0008501290436657705,-0.0008501290436656594,0.00170025808733143,1.551814813557656,1.0860940947437843,-0.004020520893370572,0.0
2023-05-15,COMPOSITE,-1,-1,-0.2,2.0,3.0,-1,-1,持空,114.6796,0.00025151496427011644,-0.0002519429684810781,0.0005034579327511945,1.5522051182050416,1.0858204609735047,-0.003770017150269367,0.0
2023-05-16,COMPOSITE,-1,-1,-0.2,2.0,3.0,-1,-1,持空,114.6556,0.00020881803770200769,-0.00020927872088838395,0.00041809675859039164,1.5525292466319363,1.0855932218563178,-0.003561986360150704,0.0
2023-05-17,COMPOSITE,1,-1,0.2,3.0,2.0,-1,-1,持空,114.6599,-3.7405420828307e-05,3.750361953525072e-05,-7.490904036355772e-05,1.5524711736221177,1.0856339355314804,-0.0035992585433802793,0.0
2023-05-18,COMPOSITE,1,1,0.6,4.0,1.0,-1,1,空翻多,114.5774,0.0003182776042887081,-0.0007195192041856702,0.0010377968084743783,1.5529652904279854,1.0848528010661498,-0.0032821265024780555,0.000620074661582962
2023-05-19,COMPOSITE,1,1,0.6,4.0,1.0,1,1,持有,114.6328,0.0004835159464258165,0.00048351594642603857,-2.220446049250313e-16,1.553716173910153,1.0853773446949901,-0.002800197516554359,0.0
2023-05-22,COMPOSITE,1,1,0.6,4.0,1.0,1,1,持有,114.673,0.0003506849697469949,0.0003506849697467729,2.220446049250313e-16,1.554261038819596,1.0857579702162783,-0.002450494533988823,0.0
2023-05-23,COMPOSITE,1,1,0.6,4.0,1.0,1,1,持有,114.8107,0.0012008057694485874,0.0012008057694488095,-2.220446049250313e-16,1.55612740444224,1.087061754651139,-0.00125263133251452,0.0
2023-05-24,COMPOSITE,1,1,1.0,5.0,0.0,1,1,持有,114.8213,9.232588948604459e-05,9.232588948582254e-05,2.220446049250313e-16,1.5562710752890085,1.0871621185945632,-0.001160421093330588,0.0
2023-05-25,COMPOSITE,1,1,1.0,5.0,0.0,1,1,持有,114.7887,-0.00028391944700156824,-0.0002839194470014572,-1.1102230246251565e-16,1.555829219665928,1.086853452127051,-0.0014440110742169887,0.0
2023-05-26,COMPOSITE,1,1,1.0,5.0,0.0,1,1,持有,114.7431,-0.0003972516458501385,-0.0003972516458502495,1.1102230246251565e-16,1.555211163947754,1.0864216978043955,-0.0018406890842912471,0.0
2023-05-29,COMPOSITE,1,1,1.0,5.0,0.0,1,1,持有,114.7356,-6.536340747287372e-05,-6.536340747265168e-05,-2.220446049250313e-16,1.5551095100467385,1.0863506855802747,-0.001905932178053571,0.0
2023-05-30,COMPOSITE,1,1,1.0,5.0,0.0,1,1,持有,114.7805,0.0003913345116948186,0.00039133451169459654,2.220446049250313e-16,1.5557180780674844,1.0867758120953455,-0.0015153435233969947,0.0
2023-05-31,COMPOSITE,1,1,1.0,5.0,0.0,1,1,持有,114.8046,0.00020996597854150423,0.00020996597854172627,-2.220446049250313e-16,1.5560447259360806,1.0870039980421875,-0.0013056957154412574,0.0
2023-06-01,COMPOSITE,1,1,1.0,5.0,0.0,1,1,持有,114.9149,0.0009607628962604586,0.0009607628962602366,2.220446049250313e-16,1.5575397159736817,1.088048351151593,-0.0003461872831780344,0.0
2023-06-02,COMPOSITE,1,1,1.0,5.0,0.0,1,1,持有,114.8606,-0.0004725235804929895,-0.00047252358049332255,3.3306690738754696e-16,1.5568037417303298,1.087534222648957,-0.0008185472820164685,0.0
2023-06-05,COMPOSITE,1,1,1.0,5.0,0.0,1,1,持有,114.8351,-0.00022200824303564293,-0.00022200824303530986,-3.3306690738754696e-16,1.5564581184668769,1.087292781086946,-0.0010403738008081254,0.0
2023-06-06,COMPOSITE,1,1,1.0,5.0,0.0,1,1,持有,114.8915,0.0004911390332746901,0.0004911390332744681,2.220446049250313e-16,1.5572225558025132,1.0878267930123353,-0.0005497457357162006,0.0
2023-06-07,COMPOSITE,1,1,1.0,5.0,0.0,1,1,持有,114.9685,0.0006701975341953936,0.0006701975341953936,0.0,1.5582662025196055,1.0885558518466438,0.0,0.0
2023-06-08,COMPOSITE,1,1,1.0,5.0,0.0,1,1,持有,114.956,-0.00010872543348827701,-0.00010872543348838803,1.1102230246251565e-16,1.5580967793512464,1.0884374981397755,-0.00010872543348827701,0.0
2023-06-09,COMPOSITE,1,1,1.0,5.0,0.0,1,1,持有,115.0635,0.0009351404015449649,0.000935140401545187,-2.220446049250313e-16,1.5595538185991349,1.0894553400188427,0.0,0.0
2023-06-12,COMPOSITE,1,1,1.0,5.0,0.0,1,1,持有,115.1358,0.0006283486944165251,0.0006283486944167471,-2.220446049250313e-16,1.560533762204924,1.0901398978593688,0.0,0.0
2023-06-13,COMPOSITE,1,1,1.0,5.0,0.0,1,1,持有,115.397,0.0022686253971395676,0.0022686253971397896,-2.220446049250313e-16,1.564074028730956,1.0926130169180879,0.0,0.0
2023-06-14,COMPOSITE,1,1,1.0,5.0,0.0,1,1,持有,115.488,0.0007885820255291165,0.0007885820255291165,0.0,1.5653074293966103,1.0934746319040887,0.0,0.0
2023-06-15,COMPOSITE,1,1,1.0,5.0,0.0,1,1,持有,115.2435,-0.0021171030756441667,-0.0021171030756442777,1.1102230246251565e-16,1.561993512223506,1.0911596333977456,-0.0021171030756441667,0.0
2023-06-16,COMPOSITE,1,1,1.0,5.0,0.0,1,1,持有,115.021,-0.0019306945727959324,-0.0019306945727958214,-1.1102230246251565e-16,1.5589777798267137,1.0890529374154907,-0.00404371016902183,0.0
2023-06-19,COMPOSITE,1,1,1.0,5.0,0.0,1,1,持有,114.8716,-0.0012988932455813007,-0.0012988932455814117,1.1102230246251565e-16,1.5569528341184855,1.0876383739110012,-0.005337351066777463,0.0
2023-06-20,COMPOSITE,1,1,1.0,5.0,0.0,1,1,持有,114.9224,0.0004422328930735464,0.0004422328930735464,0.0,1.557641369874697,1.0881193633757136,-0.004897478525907495,0.0
2023-06-21,COMPOSITE,1,1,1.0,5.0,0.0,1,1,持有,115.0109,0.000770084857260267,0.000770084857260489,-2.220446049250313e-16,1.5588408859066796,1.0889573076203412,-0.004131165142698734,0.0
2023-06-25,COMPOSITE,1,1,1.0,5.0,0.0,1,1,持有,115.0814,0.000612985377907771,0.000612985377907771,0.0,1.559796432576225,1.0896248225270782,-0.0035207121086172632,0.0
2023-06-26,COMPOSITE,1,1,1.0,5.0,0.0,1,1,持有,115.056,-0.0002207133385586646,-0.00022071333855877562,1.1102230246251565e-16,1.5594521646981192,1.0893843277947217,-0.0037406483790524137,0.0
2023-06-27,COMPOSITE,1,1,1.0,5.0,0.0,1,1,持有,114.9635,-0.0008039563343067435,-0.0008039563343068545,1.1102230246251565e-16,1.5581984332522618,1.0885085103638965,-0.004541597395400387,0.0
2023-06-28,COMPOSITE,1,1,1.0,5.0,0.0,1,1,持有,114.9872,0.00020615238749699394,0.00020615238749699394,0.0,1.5585196595794708,1.088732908992119,-0.00433638126904945,0.0
2023-06-29,COMPOSITE,1,1,1.0,5.0,0.0,1,1,持有,115.009,0.00018958631917298518,0.00018958631917276314,2.220446049250313e-16,1.558815133585089,1.0889393178568971,-0.004147617068439913,0.0
2023-06-30,COMPOSITE,1,1,1.0,5.0,0.0,1,1,持有,115.1598,0.0013112017320384695,0.0013112017320382474,2.220446049250313e-16,1.5608590546881735,1.0903671369765557,-0.002841853699085517,0.0
2023-07-03,COMPOSITE,1,1,1.0,5.0,0.0,1,1,持有,115.1494,-9.030929195785742e-05,-9.030929195785742e-05,0.0,1.5607180946120986,1.0902686666924413,-0.00293190634524787,0.0
2023-07-04,COMPOSITE,1,1,1.0,5.0,0.0,1,1,持有,115.1541,4.081653920895434e-05,4.081653920895434e-05,0.0,1.5607817977234015,1.0903131676862237,-0.0028912094763092755,0.0
2023-07-05,COMPOSITE,1,1,1.0,5.0,0.0,1,1,持有,115.1401,-0.00012157621830211074,-0.00012157621830211074,0.0,1.5605920437748395,1.0901806115345314,-0.003012434192296909,0.0
2023-07-06,COMPOSITE,1,1,1.0,5.0,0.0,1,1,持有,115.1793,0.00034045480245370463,0.00034045480245370463,0.0,1.5611233548308137,1.0905517687592703,-0.0026730049875310913,0.0
2023-07-07,COMPOSITE,1,1,1.0,5.0,0.0,1,1,持有,115.1893,8.682115623215303e-05,8.682115623215303e-05,0.0,1.561258893365501,1.090646451724765,-0.0025864159046826707,0.0
2023-07-10,COMPOSITE,1,1,0.6,4.0,1.0,1,1,持有,115.1757,-0.00011806652180357258,-0.0001180665218036836,1.1102230246251565e-16,1.5610745609583263,1.0905176828916923,-0.0027041770573564827,0.0
2023-07-11,COMPOSITE,1,1,0.6,4.0,1.0,1,1,持有,115.2641,0.0007675230104959851,0.0007675230104957631,2.220446049250313e-16,1.562272721604962,1.0913546803066643,-0.001938729564976427,0.0
2023-07-12,COMPOSITE,1,1,0.6,4.0,1.0,1,1,持有,115.2351,-0.00025159611709113516,-0.00025159611709102414,-1.1102230246251565e-16,1.5618796598543687,1.09108009970673,-0.0021898379052368577,0.0
2023-07-13,COMPOSITE,1,1,0.6,4.0,1.0,1,1,持有,115.2441,7.810120353957117e-05,7.810120353957117e-05,0.0,1.5620016445355873,1.0911653143756752,-0.002111907730673268,0.0
2023-07-14,COMPOSITE,1,1,0.6,4.0,1.0,1,1,持有,115.1891,-0.00047724785910963075,-0.0004772478591095197,-1.1102230246251565e-16,1.561256182594807,1.090644558065455,-0.002588147686339748,0.0
2023-07-17,COMPOSITE,1,1,0.6,4.0,1.0,1,1,持有,115.2639,0.0006493669973983707,0.0006493669973981486,2.220446049250313e-16,1.5622700108342682,1.0913527866473545,-0.001940461346633282,0.0
2023-07-18,COMPOSITE,1,1,0.6,4.0,1.0,1,1,持有,115.369,0.0009118206133922335,0.0009118206133924556,-2.220446049250313e-16,1.5636945208338315,1.0923479046147029,-0.0010304100858963272,0.0
2023-07-19,COMPOSITE,1,1,0.6,4.0,1.0,1,1,持有,115.3944,0.0002201631287435113,0.00022016312874328925,2.220446049250313e-16,1.5640387887119374,1.092588399347059,-0.0008104738154612878,0.0
2023-07-20,COMPOSITE,1,1,0.6,4.0,1.0,1,1,持有,115.3865,-6.846086118572625e-05,-6.846086118550421e-05,-2.220446049250313e-16,1.5639317132695343,1.0925135998043185,-0.0008788791909115634,0.0
2023-07-21,COMPOSITE,1,1,0.6,4.0,1.0,1,1,持有,115.4963,0.0009515844574539134,0.0009515844574539134,0.0,1.565419926380401,1.0935532187654493,0.0,0.0
2023-07-24,COMPOSITE,1,1,0.6,4.0,1.0,1,1,持有,115.5742,0.0006744804811928962,0.0006744804811928962,0.0,1.5664757715656148,1.0942907990666522,0.0,0.0
2023-07-25,COMPOSITE,1,1,0.6,4.0,1.0,1,1,持有,115.1996,-0.003241207812816338,-0.003241207812816338,0.0,1.5613984980562288,1.0907439751792243,-0.003241207812816338,0.0
2023-07-26,COMPOSITE,1,1,0.6,4.0,1.0,1,1,持有,115.2747,0.0006519119858054978,0.0006519119858054978,0.0,1.5624163924517303,1.0914550442500888,-0.002591408809232587,0.0
2023-07-27,COMPOSITE,1,1,1.0,5.0,0.0,1,1,持有,115.4165,0.0012301051314815847,0.0012301051314815847,0.0,1.5643383288735961,1.0927976487008022,-0.0013644913830249683,0.0
2023-07-28,COMPOSITE,1,1,1.0,5.0,0.0,1,1,持有,115.3574,-0.0005120585011675338,-0.0005120585011674228,-1.1102230246251565e-16,1.5635372961335943,1.0922380723747291,-0.001875851184779953,0.0
2023-07-31,COMPOSITE,1,1,1.0,5.0,0.0,1,1,持有,115.2304,-0.0011009263384923473,-0.0011009263384923473,0.0,1.5618159567430656,1.0910355987129476,-0.002974712349296027,0.0
2023-08-01,COMPOSITE,1,1,1.0,5.0,0.0,1,1,持有,115.3099,0.0006899221038894066,0.0006899221038891845,2.220446049250313e-16,1.5628934880938297,1.0917883282886296,-0.0022868425652091684,0.0
2023-08-02,COMPOSITE,1,1,1.0,5.0,0.0,1,1,持有,115.3246,0.0001274825492001419,0.0001274825492001419,0.0,1.56309272973982,1.0919275122479069,-0.002159651548528929,0.0
2023-08-03,COMPOSITE,1,1,1.0,5.0,0.0,1,1,持有,115.3959,0.000618254908319571,0.000618254908319571,0.0,1.5640591194921403,1.0926026017918833,-0.0015427318553795644,0.0
2023-08-04,COMPOSITE,1,1,1.0,5.0,0.0,1,1,持有,115.3824,-0.00011698855851893786,-0.00011698855851882684,-1.1102230246251565e-16,1.5638761424703125,1.0924747797884657,-0.0016595399319225823,0.0
2023-08-07,COMPOSITE,1,1,1.0,5.0,0.0,1,1,持有,115.4045,0.00019153701084406727,0.00019153701084384522,2.220446049250313e-16,1.5641756826319715,1.0926840291422086,-0.0014683207843965151,0.0
2023-08-08,COMPOSITE,1,1,1.0,5.0,0.0,1,1,持有,115.429,0.00021229674752709649,0.00021229674752731853,-2.220446049250313e-16,1.5645077520419552,1.0929160024076705,-0.0012563357565962274,0.0
2023-08-09,COMPOSITE,1,1,1.0,5.0,0.0,1,1,持有,115.4536,0.00021311802060153262,0.00021311802060131058,2.220446049250313e-16,1.564841176837286,1.093148922502787,-0.001043485483784412,0.0
2023-08-10,COMPOSITE,1,1,1.0,5.0,0.0,1,1,持有,115.4268,-0.00023212788514170857,-0.00023212788514170857,0.0,1.5644779335643242,1.0928951721552616,-0.0012753711468476148,0.0
2023-08-11,COMPOSITE,1,1,1.0,5.0,0.0,1,1,持有,115.46,0.0002876281764718769,0.00028762817647209893,-2.220446049250313e-16,1.5649279214994858,1.0932095196007037,-0.0009881098030529722,0.0
2023-08-14,COMPOSITE,1,1,1.0,5.0,0.0,1,1,持有,115.608,0.0012818292049194824,0.0012818292049194824,0.0,1.566933891812858,1.094610827490024,0.0,0.0
2023-08-15,COMPOSITE,1,1,1.0,5.0,0.0,1,1,持有,115.8269,0.0018934675800981182,0.0018934675800981182,0.0,1.5699008303371627,1.0966834376047008,0.0,0.0
2023-08-16,COMPOSITE,1,1,1.0,5.0,0.0,1,1,持有,115.9792,0.0013148931724842328,0.0013148931724840107,2.220446049250313e-16,1.5719650822204503,1.0981254591691836,0.0,0.0
2023-08-17,COMPOSITE,1,1,0.6,4.0,1.0,1,1,持有,115.9513,-0.00024056037634345717,-0.00024056037634323513,-2.220446049250313e-16,1.5715869297086726,1.0978612936954537,-0.00024056037634345717,0.0
2023-08-18,COMPOSITE,1,1,0.6,4.0,1.0,1,1,持有,115.9845,0.00028632710456899524,0.0002863271045687732,2.220446049250313e-16,1.5720369176438345,1.0981756411408956,0.0,0.0
2023-08-21,COMPOSITE,1,1,0.6,4.0,1.0,1,1,持有,116.1548,0.0014682996434869366,0.0014682996434871587,-2.220446049250313e-16,1.574345138889559,1.099788092043269,0.0,0.0
2023-08-22,COMPOSITE,1,1,0.6,4.0,1.0,1,1,持有,116.1197,-0.0003021829489613381,-0.0003021829489613381,0.0,1.5738693986328065,1.0994557548343828,-0.0003021829489613381,0.0
2023-08-23,COMPOSITE,1,1,0.6,4.0,1.0,1,1,持有,116.0935,-0.00022562924292768294,-0.00022562924292779396,1.1102230246251565e-16,1.573514287671926,1.099207685464787,-0.0005277440105789788,0.0
2023-08-24,COMPOSITE,1,1,0.6,4.0,1.0,1,1,持有,116.0989,4.6514232062921934e-05,4.6514232062921934e-05,0.0,1.5735874784806572,1.0992588142661541,-0.00048125432612333707,0.0
2023-08-25,COMPOSITE,1,1,0.6,4.0,1.0,1,1,持有,116.0229,-0.0006546142986711967,-0.0006546142986713077,1.1102230246251565e-16,1.5725573856170338,1.098539223728395,-0.0011355535888313284,0.0
2023-08-28,COMPOSITE,1,1,0.6,4.0,1.0,1,1,持有,115.8131,-0.0018082637134566593,-0.0018082637134565482,-1.1102230246251565e-16,1.5697137871592943,1.0965527751123183,-0.002941763921938567,0.0
2023-08-29,COMPOSITE,1,1,0.6,4.0,1.0,1,1,持有,115.7684,-0.0003859666997947375,-0.00038596669979484854,1.1102230246251565e-16,1.569107929909242,1.0961295422565573,-0.0033265951988208364,0.0
2023-08-30,COMPOSITE,1,1,0.6,4.0,1.0,1,1,持有,115.7972,0.00024877254933119985,0.00024877254933119985,0.0,1.5694982808891416,1.0964022291971818,-0.003078650215057821,0.0
2023-08-31,COMPOSITE,-1,1,-0.2,2.0,3.0,1,1,持有,115.8652,0.0005872335427798969,0.0005872335427798969,0.0,1.570419942925015,1.0970460733625451,-0.002493224558950735,0.0
2023-09-01,COMPOSITE,-1,-1,-0.2,2.0,3.0,1,-1,多翻空,115.6797,-0.0020002781462812314,-0.0016009984015907808,-0.0003992797446904506,1.5672786662326978,1.0952897043526202,-0.0044885155626328554,0.0006270368738678527
2023-09-04,COMPOSITE,-1,-1,-0.2,2.0,3.0,-1,-1,持空,115.3843,0.002553602749661321,-0.002553602749661321,0.005107205499322642,1.5712808733442754,1.0924927695519095,-0.0019463746986541075,0.0
2023-09-05,COMPOSITE,-1,-1,-0.2,2.0,3.0,-1,-1,持空,115.426,-0.0003595599400216809,0.0003614009878294411,-0.000720960927851122,1.5707159036876985,1.0928875975180221,-0.0023052348003058665,0.0
2023-09-06,COMPOSITE,-1,-1,-0.2,2.0,3.0,-1,-1,持空,115.2621,0.0014137427178018136,-0.0014199573752879946,0.002833700093089808,1.5729364918582724,1.0913357437135656,-0.0008947510914157908,0.0
2023-09-07,COMPOSITE,-1,-1,-0.2,2.0,3.0,-1,-1,持空,115.1721,0.0007752118266315389,-0.0007808290843218657,0.0015560409109534046,1.5741558508293014,1.090483597024114,-0.00012023288641216379,0.0
2023-09-08,COMPOSITE,-1,-1,-0.2,2.0,3.0,-1,-1,持空,115.1841,-0.00010328151183480738,0.00010419190064259176,-0.00020747341247739914,1.5739932696331642,1.0905972165827076,-0.0002235019804126548,0.0
2023-09-11,COMPOSITE,-1,-1,-0.2,2.0,3.0,-1,-1,持空,115.1532,0.00026597736351874346,-0.0002682661929903629,0.0005342435565091064,1.5744119162132175,1.090304646219329,0.0,0.0
2023-09-12,COMPOSITE,-1,-1,-0.2,2.0,3.0,-1,-1,持空,115.2655,-0.0009663856145368799,0.0009752225730594866,-0.0019416081875963664,1.5728904271860336,1.0913679359218338,-0.0009663856145368799,0.0
2023-09-13,COMPOSITE,-1,-1,-0.2,2.0,3.0,-1,-1,持空,115.3234,-0.0004987342142869222,0.0005023185601937818,-0.001001052774480704,1.5721059729146716,1.0919161502920476,-0.001464637859253659,0.0
2023-09-14,COMPOSITE,-1,-1,-0.2,2.0,3.0,-1,-1,持空,115.4022,-0.0006790995897824059,0.0006832958445550652,-0.0013623954343374711,1.5710383563933707,1.0926622520601448,-0.002142742814066678,0.0
2023-09-15,COMPOSITE,-1,-1,-0.2,2.0,3.0,-1,-1,持空,115.2808,0.0010469380081614688,-0.0010519730126460347,0.0020989110208075035,1.5726831361609586,1.0915128008590405,-0.001098048124798856,0.0
2023-09-18,COMPOSITE,-1,-1,-0.2,2.0,3.0,-1,-1,持空,115.1119,0.0014550485619226894,-0.0014651182156959486,0.002920166777618638,1.5749714664965897,1.0899136055718366,0.0,0.0
2023-09-19,COMPOSITE,-1,-1,-0.2,2.0,3.0,-1,-1,持空,115.1291,-0.00014796017118645644,0.00014941982540439547,-0.0002973799965908519,1.574738433448793,1.090076460272487,-0.00014796017118645644,0.0
2023-09-20,COMPOSITE,-1,-1,-0.2,2.0,3.0,-1,-1,持空,115.098,0.00026757222514262047,-0.0002701315306032903,0.0005377037557459108,1.5751597897154486,1.089781996249799,0.0,0.0
2023-09-21,COMPOSITE,-1,-1,-0.2,2.0,3.0,-1,-1,持空,115.1332,-0.0003027660083225747,0.00030582633929365777,-0.0006085923476162325,1.5746828848734462,1.0901152802883403,-0.0003027660083225747,0.0
2023-09-22,COMPOSITE,-1,-1,-0.2,2.0,3.0,-1,-1,持空,115.0499,0.0007167058718258179,-0.0007235098129819706,0.0014402156848077885,1.5758114693432987,1.08932657118577,0.0,0.0
2023-09-25,COMPOSITE,-1,-1,-0.2,2.0,3.0,-1,-1,持空,114.896,0.0013231937202033972,-0.001337680432577426,0.0026608741527808233,1.5778965731837582,1.0878694003468081,0.0,0.0
2023-09-26,COMPOSITE,-1,-1,-0.2,2.0,3.0,-1,-1,持空,114.794,0.0008758116283742456,-0.0008877593649910809,0.0017635709933653265,1.5792785133509244,1.086903634098763,0.0,0.0
2023-09-27,COMPOSITE,-1,-1,-0.6,1.0,4.0,-1,-1,持空,114.7966,-2.2305075090933713e-05,2.2649267383378913e-05,-4.4954342474312625e-05,1.5792432874250946,1.0869282516697916,-2.2305075090933713e-05,0.0
2023-09-28,COMPOSITE,-1,-1,-0.6,1.0,4.0,-1,-1,持空,114.8903,-0.000803858520900258,0.0008162262645410312,-0.0016200847854412892,1.5779737992519234,1.087815431056476,-0.0008261456658665844,0.0
2023-10-07,COMPOSITE,-1,-1,-0.6,1.0,4.0,-1,-1,持空,114.9684,-0.000670564123875006,0.0006797788847276998,-0.0013503430086027057,1.5769156666337303,1.0885549050169891,-0.001496155806096966,0.0
2023-10-08,COMPOSITE,-1,-1,-0.6,1.0,4.0,-1,-1,持空,115.0047,-0.0003118797845194088,0.00031573893348091353,-0.0006276187180003223,1.5764238585154153,1.0888986041817346,-0.0018075689698658914,0.0
2023-10-09,COMPOSITE,-1,-1,-0.6,1.0,4.0,-1,-1,持空,115.0033,1.203217403333845e-05,-1.21734155215103e-05,2.420558955484875e-05,1.5764428263216315,1.088885348566565,-0.0017955585448168332,0.0
2023-10-10,COMPOSITE,-1,-1,-0.6,1.0,4.0,-1,-1,持空,114.9432,0.0005165178275998716,-0.0005225936994851521,0.0010391115270850237,1.5772570871456184,1.0883163039439425,-0.001279968155215916,0.0
2023-10-11,COMPOSITE,-1,-1,-0.6,1.0,4.0,-1,-1,持空,114.8175,0.0010797466332006511,-0.0010935836134716714,0.0021733302466723226,1.5789601251751557,1.0871261390676754,-0.00020160356332155072,0.0
2023-10-12,COMPOSITE,-1,-1,-0.6,1.0,4.0,-1,-1,持空,114.7656,0.0004453333951135452,-0.0004520216865894211,0.0008973550817029663,1.579663288848449,1.0866347344767586,0.0,0.0
2023-10-13,COMPOSITE,-1,-1,-0.6,1.0,4.0,-1,-1,持空,114.9586,-0.0016553195796003006,0.0016816885896120404,-0.003337008169212341,1.5770484412772423,1.0884621157108043,-0.0016553195796003006,0.0
2023-10-16,COMPOSITE,-1,-1,-0.6,1.0,4.0,-1,-1,持空,115.0174,-0.0005051511673458409,0.0005114884836801004,-0.0010166396510259412,1.5762517934161702,1.0890188515479124,-0.002159634560328194,0.0
2023-10-17,COMPOSITE,-1,-1,-0.6,1.0,4.0,-1,-1,持空,114.9553,0.000533771123068183,-0.000539918308012477,0.00107368943108066,1.5770931511061803,1.088430870332191,-0.0016270161878245704,0.0
2023-10-18,COMPOSITE,-1,-1,-0.6,1.0,4.0,-1,-1,持空,114.9265,0.0002474139656591934,-0.00025053216337111994,0.0004979461290303133,1.5774833459769093,1.0881581833915668,-0.0013800047686927108,0.0
2023-10-19,COMPOSITE,-1,-1,-0.6,1.0,4.0,-1,-1,持空,114.8116,0.0009868344771968296,-0.0009997694178455196,0.0019866038950423492,1.579040060929923,1.0870702761180335,-0.00039453212778028934,0.0
2023-10-20,COMPOSITE,-1,-1,-0.6,1.0,4.0,-1,-1,持空,114.8506,-0.0003346266510393381,0.00033968693058894495,-0.000674313581628283,1.5785116720424772,1.0874395396834626,-0.0007290267578550225,0.0
2023-10-23,COMPOSITE,-1,-1,-0.6,1.0,4.0,-1,-1,持空,114.9575,-0.000917527259743367,0.000930774414761304,-0.001848301674504671,1.5770633445535551,1.0884517005845997,-0.0016458851156749832,0.0
2023-10-24,COMPOSITE,-1,-1,-1.0,0.0,5.0,-1,-1,持空,114.8378,0.0010283337299474837,-0.0010412543766173954,0.002069588106564879,1.5786850919850235,1.0873183454876294,-0.0006192439049074183,0.0
2023-10-25,COMPOSITE,-1,-1,-1.0,0.0,5.0,-1,-1,持空,114.9199,-0.0007045903935407605,0.000714921393478507,-0.0014195117870192675,1.5775727656347849,1.0880956926343401,-0.0013233979851415834,0.0
2023-10-26,COMPOSITE,-1,-1,-1.0,0.0,5.0,-1,-1,持空,114.9598,-0.00034266722203379896,0.00034719835293994805,-0.000689865574973747,1.5770321831576286,1.0884734776666638,-0.001665611722064142,0.0
2023-10-27,COMPOSITE,-1,-1,-1.0,0.0,5.0,-1,-1,持空,114.9354,0.00020962271348023975,-0.00021224810759945534,0.0004218708210796951,1.5773627649231077,1.0882424512308568,-0.001456338158632775,0.0
2023-10-30,COMPOSITE,-1,-1,-1.0,0.0,5.0,-1,-1,持空,114.9832,-0.00041056826771102006,0.0004158857932368143,-0.0008264540609478344,1.5767151498251613,1.0886950358059209,-0.0018663085001088264,0.0
2023-10-31,COMPOSITE,-1,-1,-1.0,0.0,5.0,-1,-1,持空,115.0757,-0.0007948360575444902,0.0008044653479812869,-0.001599301405525777,1.5754619197716035,1.089570853236746,-0.002659661148362913,0.0
2023-11-01,COMPOSITE,-1,-1,-1.0,0.0,5.0,-1,-1,持空,115.1365,-0.0005228591797474813,0.0005283478614512838,-0.001051207041198765,1.5746381750445084,1.0901465256669534,-0.0031811296998639493,0.0
2023-11-02,COMPOSITE,-1,-1,-1.0,0.0,5.0,-1,-1,持空,115.2622,-0.0010815424498958892,0.0010917476213017085,-0.0021732900711975978,1.5729351370149711,1.0913366905432205,-0.004259231622950832,0.0
2023-11-03,COMPOSITE,-1,-1,-1.0,0.0,5.0,-1,-1,持空,115.2652,-2.5840416478462025e-05,2.6027613562851215e-05,-5.186803004131324e-05,1.572894491715937,1.0913650954328689,-0.004284961979110213,0.0
2023-11-06,COMPOSITE,-1,-1,-1.0,0.0,5.0,-1,-1,持空,115.3032,-0.00032732040015792663,0.00032967452448784407,-0.0006569949246457707,1.5723796512615025,1.0917248907017483,-0.004610879823798486,0.0
2023-11-07,COMPOSITE,-1,-1,-1.0,0.0,5.0,-1,-1,持空,115.311,-6.720881779698207e-05,6.764773223988385e-05,-0.00013485655003686592,1.5722739734840132,1.0917987434148342,-0.004677778749813455,0.0
2023-11-08,COMPOSITE,-1,-1,-1.0,0.0,5.0,-1,-1,持空,115.2934,0.000151660858745295,-0.0001526307117274417,0.0003042915704727367,1.5725124259050145,1.0916321013955637,-0.004526827327010485,0.0
2023-11-09,COMPOSITE,-1,-1,-1.0,0.0,5.0,-1,-1,持空,115.3419,-0.00041786569710333676,0.0004206658837366817,-0.0008385315808400184,1.5718553269039601,1.0920913137782124,-0.004942801418257092,0.0
2023-11-10,COMPOSITE,-1,-1,-1.0,0.0,5.0,-1,-1,持空,115.3298,0.00010429461072658519,-0.00010490550268360543,0.00020920011341019062,1.5720192629433982,1.0919767473899642,-0.004839022315080266,0.0
2023-11-13,COMPOSITE,-1,-1,-1.0,0.0,5.0,-1,-1,持空,115.3591,-0.00025252177030676837,0.0002540540259323709,-0.0005065757962391393,1.5716222938561635,1.0922541684788631,-0.005090322126905411,0.0
2023-11-14,COMPOSITE,-1,-1,-1.0,0.0,5.0,-1,-1,持空,115.3129,0.00039827483204768477,-0.0004004885613706488,0.0007987633934183336,1.5722482314612916,1.091816733178278,-0.004694074642047852,0.0
2023-11-15,COMPOSITE,-1,-1,-1.0,0.0,5.0,-1,-1,持空,115.2774,0.00030591185429984513,-0.00030785801068211605,0.0006137698649819612,1.5727292008331974,1.0914806086507722,-0.004389598760826008,0.0
2023-11-16,COMPOSITE,-1,-1,-1.0,0.0,5.0,-1,-1,持空,115.3234,-0.0003962716011095546,0.0003990374522675477,-0.0007953090533771023,1.5721059729146716,1.0919161502920476,-0.004784130888606408,0.0
2023-11-17,COMPOSITE,-1,-1,-1.0,0.0,5.0,-1,-1,持空,115.3555,-0.00027663828467028306,0.0002783476727183931,-0.0005549859573886762,1.5716710682150046,1.0922200826112851,-0.005059445699513998,0.0
2023-11-20,COMPOSITE,-1,-1,-1.0,0.0,5.0,-1,-1,持空,115.3375,0.00015516719696484493,-0.00015603937393526834,0.0003112065709001133,1.5719149400092103,1.092049653273395,-0.004905063562556489,0.0
2023-11-21,COMPOSITE,-1,-1,-1.0,0.0,5.0,-1,-1,持空,115.3191,0.0001585907488155236,-0.0001595318088218889,0.0003181225576374125,1.5721642311766206,1.091875436616885,-0.0047472507114443285,0.0
2023-11-22,COMPOSITE,-1,-1,-1.0,0.0,5.0,-1,-1,持空,115.2638,0.00047655857490891407,-0.0004795389488820856,0.0009560975237909997,1.572913459522153,1.0913518398176996,-0.004272954479569213,0.0
2023-11-23,COMPOSITE,-1,-1,-1.0,0.0,5.0,-1,-1,持空,115.1292,0.001159389330861904,-0.001167756051769997,0.002327145382631901,1.574737078605492,1.0900774071021422,-0.0031185191665422662,0.0
2023-11-24,COMPOSITE,-1,-1,-1.0,0.0,5.0,-1,-1,持空,115.1298,-5.162169556593987e-06,5.211536256544136e-06,-1.0373705813138123e-05,1.574728949545685,1.0900830880800718,-0.003123665237774187,0.0
2023-11-27,COMPOSITE,-1,-1,-1.0,0.0,5.0,-1,-1,持空,115.0628,0.0005764452428640432,-0.0005819518491303466,0.0011583970919943898,1.5756366945574511,1.089448712211258,-0.002549020616876674,0.0
2023-11-28,COMPOSITE,-1,-1,-1.0,0.0,5.0,-1,-1,持空,115.1213,-0.0005030241640771038,0.0005084180117294057,-0.0010114421758065095,1.574844111226282,1.0900026075594016,-0.0030507625619887735,0.0
2023-11-29,COMPOSITE,-1,-1,-1.0,0.0,5.0,-1,-1,持空,115.1336,-0.00010581728366165777,0.0001068438247309178,-0.00021266110839257557,1.5746774655002416,1.0901190676069599,-0.003156257022242981,0.0
2023-11-30,COMPOSITE,-1,-1,-1.0,0.0,5.0,-1,-1,持空,115.2014,-0.0005833472430391007,0.00058888109118449,-0.0011722283342235906,1.5737588817420662,1.0907610181130132,-0.0037377630714497956,0.0
2023-12-01,COMPOSITE,-1,-1,-1.0,0.0,5.0,-1,-1,持空,115.1815,0.0001713183766940407,-0.00017274095627295427,0.000344059332966995,1.574028495558994,1.090572599011679,-0.003567085042257667,0.0
2023-12-04,COMPOSITE,-1,-1,-1.0,0.0,5.0,-1,-1,持空,115.1557,0.00022207321702327754,-0.00022399430464092873,0.00044606752166420627,1.574378045130689,1.090328316960703,-0.0033458039792853,0.0
2023-12-05,COMPOSITE,-1,-1,-1.0,0.0,5.0,-1,-1,持空,115.1371,0.00016006375012156404,-0.00016152044579620384,0.0003215841959177679,1.5746300459847016,1.0901522066448832,-0.00318627577109587,0.0
2023-12-06,COMPOSITE,-1,-1,-1.0,0.0,5.0,-1,-1,持空,115.1332,3.3556382897259596e-05,-3.387266137511169e-05,6.742904427237129e-05,1.5746828848734462,1.0901152802883403,-0.00315282630808833,0.0
2023-12-07,COMPOSITE,-1,-1,-1.0,0.0,5.0,-1,-1,持空,115.1231,8.689951147000663e-05,-8.772447912519521e-05,0.00017462399059520184,1.5748197240468618,1.0900196504931905,-0.0030662007756843135,0.0
2023-12-08,COMPOSITE,-1,-1,-1.0,0.0,5.0,-1,-1,持空,115.1665,-0.0003733773356516812,0.0003769877635331209,-0.0007503650991848021,1.5742317220541655,1.090430574563437,-0.0034384332614597612,0.0
2023-12-11,COMPOSITE,-1,-1,-1.0,0.0,5.0,-1,-1,持空,115.2908,-0.0010697727658058875,0.0010793069165080382,-0.0021490796823139258,1.5725476518308443,1.091607483824535,-0.004504527685005533,0.0
2023-12-12,COMPOSITE,-1,-1,-1.0,0.0,5.0,-1,-1,持空,115.2865,3.7047056654415655e-05,-3.7296991607371766e-05,7.434404826178742e-05,1.5726059100927934,1.0915667701493723,-0.004467647507843453,0.0
2023-12-13,COMPOSITE,-1,-1,-1.0,0.0,5.0,-1,-1,持空,115.411,-0.0010726017873250449,0.001079918290519899,-0.002152520077844944,1.57091913018287,1.0927455730697804,-0.005535457288466383,0.0
2023-12-14,COMPOSITE,-1,-1,-1.0,0.0,5.0,-1,-1,持空,115.4124,-1.2074336515288664e-05,1.2130559478684688e-05,-2.4204895993973352e-05,1.5709001623766539,1.0927588286849494,-0.0055474647880076056,0.0
2023-12-15,COMPOSITE,-1,-1,-1.0,0.0,5.0,-1,-1,持空,115.463,-0.000436406289080149,0.00043842775992875005,-0.000874834049008899,1.5702146116662756,1.093237924490352,-0.005981450128565879,0.0
2023-12-18,COMPOSITE,-1,-1,-1.0,0.0,5.0,-1,-1,持空,115.5295,-0.0005737883143912548,0.0005759420766826562,-0.001149730391073911,1.569313640871015,1.0938675662108912,-0.006551806356770218,0.0
2023-12-19,COMPOSITE,-1,-1,-1.0,0.0,5.0,-1,-1,持空,115.5124,0.0001476302750844649,-0.00014801414357357157,0.0002956444186580365,1.5695453190755106,1.0937056583398956,-0.006405143326660534,0.0
2023-12-20,COMPOSITE,-1,-1,-0.6,1.0,4.0,-1,-1,持空,115.5015,9.408961820356332e-05,-9.436216371605521e-05,0.00018845178191961853,1.5696929969953355,1.0936024539075062,-0.006311656365947216,0.0
2023-12-21,COMPOSITE,-1,-1,-0.6,1.0,4.0,-1,-1,持空,115.6439,-0.001229091844406005,0.0012328844214144485,-0.0024619762658204536,1.5677637001345073,1.0949507393361495,-0.0075329906049892426,0.0
2023-12-22,COMPOSITE,-1,-1,-0.6,1.0,4.0,-1,-1,持空,115.6969,-0.0004580198849766237,0.000458303464341725,-0.0009163233493183487,1.5670456331849012,1.0954525590532709,-0.00798756023047531,0.0
2023-12-25,COMPOSITE,-1,-1,-0.6,1.0,4.0,-1,-1,持空,115.7864,-0.0007738030908893689,0.0007735730170816968,-0.0015473761079710657,1.565833048430378,1.0962999715944475,-0.008755182522569793,0.0
2023-12-26,COMPOSITE,1,-1,0.2,3.0,2.0,-1,-1,持空,115.8616,-0.0006506710044733577,0.000649471785978184,-0.0013001427904515417,1.5648142062679182,1.0970119874949669,-0.009400156783636815,0.0
2023-12-27,COMPOSITE,1,1,0.6,4.0,1.0,-1,1,空翻多,115.9093,-0.0008135447382937588,0.00041169809496865994,-0.0012252428332624188,1.5635411599040017,1.0974636252403762,-0.01020605407384012,0.0006267861092711319
2023-12-28,COMPOSITE,1,1,0.6,4.0,1.0,1,1,持有,115.974,0.0005581950714912409,0.000558195071491463,-2.220446049250313e-16,1.564413920873534,1.0980762240271265,-0.009653555971432137,0.0
2023-12-29,COMPOSITE,1,1,0.6,4.0,1.0,1,1,持有,115.9774,2.931691586027796e-05,2.9316915860500004e-05,-2.220446049250313e-16,1.564459784664823,1.0981084162353947,-0.00962452206805997,0.0
2023-12-31,COMPOSITE,1,1,0.6,4.0,1.0,1,1,持有,116.024,0.00040180242012666234,0.00040180242012666234,0.0,1.5650883883924922,1.0985496388545994,-0.009226586804192749,0.0
2024-01-02,COMPOSITE,1,1,0.6,4.0,1.0,1,1,持有,115.987,-0.0003188995380267734,-0.00031889953802655135,-2.220446049250313e-16,1.5645892824284628,1.0981993118822695,-0.00954254398795007,0.0
2024-01-03,COMPOSITE,1,1,0.6,4.0,1.0,1,1,持有,115.9101,-0.0006630053368048561,-0.0006630053368050781,2.220446049250313e-16,1.563551951384305,1.0974711998776159,-0.010199222567164212,0.0
2024-01-04,COMPOSITE,1,1,0.6,4.0,1.0,1,1,持有,116.0239,0.000981795374173533,0.000981795374173755,-2.220446049250313e-16,1.5650870394574543,1.0985486920249445,-0.009227440742527238,0.0
2024-01-05,COMPOSITE,1,1,0.6,4.0,1.0,1,1,持有,116.1546,0.0011264920417257684,0.0011264920417257684,0.0,1.5668500975520114,1.099786198383959,-0.008111343339363253,0.0
2024-01-08,COMPOSITE,1,1,0.6,4.0,1.0,1,1,持有,116.1755,0.00017993260705995162,0.00017993260705972958,2.220446049250313e-16,1.567132024974936,1.0999840857818426,-0.007932870227457145,0.0
2024-01-09,COMPOSITE,1,1,0.6,4.0,1.0,1,1,持有,116.3125,0.0011792503582941372,0.0011792503582941372,0.0,1.568980065976882,1.1012812424091187,-0.006762974709221048,0.0
2024-01-10,COMPOSITE,1,1,0.6,4.0,1.0,1,1,持有,116.2859,-0.0002286942504030609,-0.00022869425040283886,-2.220446049250313e-16,1.5686212492567961,1.1010293857209033,-0.006990122306192448,0.0
2024-01-11,COMPOSITE,1,1,0.6,4.0,1.0,1,1,持有,116.2548,-0.00026744429032243833,-0.00026744429032243833,0.0,1.568201730460004,1.100734921698215,-0.007255697128215388,0.0
2024-01-12,COMPOSITE,1,1,0.6,4.0,1.0,1,1,持有,116.1394,-0.0009926471853205499,-0.000992647185320772,2.220446049250313e-16,1.566645059426248,1.099642280276407,-0.00824114196620418,0.0
2024-01-15,COMPOSITE,1,1,0.6,4.0,1.0,1,1,持有,116.0766,-0.0005407295026493841,-0.0005407295026490511,-3.3306690738754696e-16,1.5657979282224364,1.0990476712531012,-0.00877741524025688,0.0
2024-01-16,COMPOSITE,1,1,0.6,4.0,1.0,1,1,持有,116.095,0.00015851601442484764,0.00015851601442484764,0.0,1.566046132269413,1.0992218879096112,-0.008620290586712764,0.0
2024-01-17,COMPOSITE,1,1,0.6,4.0,1.0,1,1,持有,116.1679,0.000627934019552967,0.000627934019552967,0.0,1.5670295059120545,1.099912126728067,-0.007997769540877497,0.0
2024-01-18,COMPOSITE,1,1,0.6,4.0,1.0,1,1,持有,116.2434,0.0006499213638189172,0.0006499213638189172,0.0,1.5680479518656814,1.100626983117551,-0.007353046098346083,0.0
2024-01-19,COMPOSITE,1,1,0.6,4.0,1.0,1,1,持有,116.2864,0.000369913474657535,0.000369913474657535,0.0,1.5686279939319856,1.1010341198691778,-0.006985852614520116,0.0
2024-01-22,COMPOSITE,1,1,0.6,4.0,1.0,1,1,持有,116.3869,0.000864245517962603,0.0008642455179623809,2.220446049250313e-16,1.5699836736450918,1.1019856836723985,-0.006127644588368897,0.0
2024-01-23,COMPOSITE,1,1,0.6,4.0,1.0,1,1,持有,116.3528,-0.00029298830022950195,-0.00029298830022950195,0.0,1.5695236867971625,1.101662814760062,-0.0064188375604260495,0.0
2024-01-24,COMPOSITE,1,1,0.6,4.0,1.0,1,1,持有,116.3377,-0.00012977771054933918,-0.00012977771054933918,0.0,1.569319997606437,1.1015198434821651,-0.006547782248932377,0.0
2024-01-25,COMPOSITE,1,1,0.6,4.0,1.0,1,1,持有,116.3925,0.00047104249095530903,0.000471042490955087,2.220446049250313e-16,1.5700592140072154,1.1020387061330754,-0.006079824041637871,0.0
2024-01-26,COMPOSITE,1,1,0.2,3.0,2.0,1,1,持有,116.4283,0.00030757995575303454,0.0003075799557532566,-2.220446049250313e-16,1.5705421327507894,1.1023776711495463,-0.005774114117894635,0.0
2024-01-29,COMPOSITE,1,1,0.6,4.0,1.0,1,1,持有,116.4403,0.00010306772494317329,0.00010306772494317329,0.0,1.5707040049553394,1.10249129070814,-0.00567164151775712,0.0
2024-01-30,COMPOSITE,1,1,0.6,4.0,1.0,1,1,持有,116.7894,0.002998102890494181,0.002998102890493959,2.220446049250313e-16,1.5754131371727067,1.1057966730335564,-0.002690542792091244,0.0
2024-01-31,COMPOSITE,1,1,0.6,4.0,1.0,1,1,持有,117.0005,0.001807527052968938,0.001807527052968938,0.0,1.578260739037749,1.1077954304351476,-0.0008878789680061283,0.0
2024-02-01,COMPOSITE,1,1,0.6,4.0,1.0,1,1,持有,116.9876,-0.00011025593907720843,-0.00011025593907731945,1.1102230246251565e-16,1.5780867264178577,1.1076732894096595,-0.0009980370131539296,0.0
2024-02-02,COMPOSITE,1,1,0.6,4.0,1.0,1,1,持有,116.9658,-0.00018634453566024334,-0.00018634453566013232,-1.1102230246251565e-16,1.5777926585795918,1.1074668805448813,-0.0011841955700704343,0.0
2024-02-04,COMPOSITE,1,1,0.6,4.0,1.0,1,1,持有,117.1365,0.0014594009530992658,0.0014594009530992658,0.0,1.5800952906893158,1.1090831187658743,0.0,0.0
2024-02-05,COMPOSITE,1,1,0.6,4.0,1.0,1,1,持有,117.1282,-7.085750385238399e-05,-7.085750385227296e-05,-1.1102230246251565e-16,1.5799833290811687,1.1090045319045139,-7.085750385238399e-05,0.0
2024-02-06,COMPOSITE,1,1,0.6,4.0,1.0,1,1,持有,116.7282,-0.003415061445493084,-0.003415061445493195,1.1102230246251565e-16,1.5745875889295018,1.1052172132847295,-0.003485676966615836,0.0
2024-02-07,COMPOSITE,1,1,0.6,4.0,1.0,1,1,持有,116.9564,0.0019549688935491805,0.0019549688935491805,0.0,1.5776658586860277,1.1073778785573163,-0.001537522463109342,0.0
2024-02-08,COMPOSITE,1,1,0.6,4.0,1.0,1,1,持有,116.9097,-0.00039929409591954457,-0.00039929409591954457,0.0,1.5770359060233206,1.1069357091084564,-0.0019362026353869632,0.0
2024-02-09,COMPOSITE,1,1,0.6,4.0,1.0,1,1,持有,116.8668,-0.0003669498766997181,-0.0003669498766994961,-2.220446049250313e-16,1.5764572128920542,1.1065295191864848,-0.002302442022768414,0.0
2024-02-18,COMPOSITE,1,1,0.6,4.0,1.0,1,1,持有,116.894,0.00023274360211811285,0.0002327436021178908,2.220446049250313e-16,1.5768241232223676,1.1067870568526301,-0.002070234299300422,0.0
2024-02-19,COMPOSITE,1,1,0.6,4.0,1.0,1,1,持有,116.9031,7.784830701318413e-05,7.784830701318413e-05,0.0,1.576946876310818,1.1068732183512302,-0.0019925471565225283,0.0
2024-02-20,COMPOSITE,1,1,0.6,4.0,1.0,1,1,持有,117.0237,0.0010316236267473577,0.0010316236267471357,2.220446049250313e-16,1.5785736919665456,1.108015094915095,-0.0009629790884994049,0.0
2024-02-21,COMPOSITE,1,1,0.6,4.0,1.0,1,1,持有,117.0668,0.00036830146372057726,0.00036830146372057726,0.0,1.5791550829678878,1.1084231784963767,-0.0005950322913865769,0.0
2024-02-22,COMPOSITE,1,1,0.6,4.0,1.0,1,1,持有,117.1344,0.0005774480894666922,0.0005774480894671363,-4.440892098500626e-16,1.5800669630535193,1.1090632353431205,-1.7927802179573682e-05,0.0
2024-02-23,COMPOSITE,1,1,0.6,4.0,1.0,1,1,持有,117.2997,0.0014111994426915242,0.0014111994426913022,2.220446049250313e-16,1.5822967526711957,1.110628344762746,0.0,0.0
2024-02-26,COMPOSITE,1,1,0.6,4.0,1.0,1,1,持有,117.401,0.0008635998216532936,0.0008635998216535157,-2.220446049250313e-16,1.5836632238646053,1.1115874832032064,0.0,0.0
2024-02-27,COMPOSITE,1,1,0.6,4.0,1.0,1,1,持有,117.4725,0.0006090237732216952,0.0006090237732216952,0.0,1.5846277124167159,1.112264466406493,0.0,0.0
2024-02-28,COMPOSITE,1,1,0.6,4.0,1.0,1,1,持有,117.5253,0.00044946689650759986,0.00044946689650759986,0.0,1.5853399501167358,1.1127643924643043,0.0,0.0
2024-02-29,COMPOSITE,1,1,0.6,4.0,1.0,1,1,持有,117.6777,0.0012967420631984083,0.0012967420631984083,0.0,1.587395727114521,1.1142073608584422,0.0,0.0
2024-03-01,COMPOSITE,1,1,0.6,4.0,1.0,1,1,持有,117.4286,-0.002116798679783871,-0.002116798679783871,0.0,1.5840355299350704,1.1118488081879716,-0.002116798679783871,0.0
2024-03-04,COMPOSITE,1,1,0.6,4.0,1.0,1,1,持有,117.4866,0.0004939171547646559,0.0004939171547646559,0.0,1.584817912257062,1.1123979693878403,-0.0016239270482003576,0.0
2024-03-05,COMPOSITE,1,1,0.6,4.0,1.0,1,1,持有,117.6364,0.0012750390257272315,0.0012750390257272315,0.0,1.5868386169438613,1.1138163202109495,-0.000350958592834516,0.0
2024-03-06,COMPOSITE,1,1,0.6,4.0,1.0,1,1,持有,118.0784,0.003757340415041721,0.003757340415041721,0.0,1.5928009098114533,1.118001307285811,0.0,0.0
2024-03-07,COMPOSITE,1,1,0.6,4.0,1.0,1,1,持有,118.045,-0.0002828629114215442,-0.0002828629114215442,0.0,1.5923503655087892,1.1176850661810591,-0.0002828629114215442,0.0
2024-03-08,COMPOSITE,1,1,0.6,4.0,1.0,1,1,持有,118.0024,-0.0003608793256809628,-0.0003608793256809628,0.0,1.5917757191826365,1.117281716748052,-0.0006436401577257778,0.0
2024-03-11,COMPOSITE,1,1,0.6,4.0,1.0,1,1,持有,117.8092,-0.0016372548354948169,-0.0016372548354948169,0.0,1.5891695766893814,1.1154524418546963,-0.0022798411902600346,0.0
2024-03-12,COMPOSITE,1,1,0.6,4.0,1.0,1,1,持有,117.4312,-0.0032085779378859813,-0.0032085779378860924,1.1102230246251565e-16,1.5840706022460562,1.1118734257590002,-0.005481104080001131,0.0
2024-03-13,COMPOSITE,1,1,0.6,4.0,1.0,1,1,持有,117.4447,0.00011496093031504451,0.00011496093031482246,2.220446049250313e-16,1.584252708476175,1.1120012477624177,-0.005366773262510338,0.0
2024-03-14,COMPOSITE,1,1,0.6,4.0,1.0,1,1,持有,117.4184,-0.00022393517970586974,-0.0002239351797056477,-2.220446049250313e-16,1.5838979385612029,1.1117522315631672,-0.005589506632881269,0.0
2024-03-15,COMPOSITE,1,1,0.6,4.0,1.0,1,1,持有,117.4643,0.00039090977223321666,0.00039090977223321666,0.0,1.5845170997436067,1.1121868263747874,-0.0052007818534126615,0.0
2024-03-18,COMPOSITE,1,1,0.6,4.0,1.0,1,1,持有,117.6531,0.0016072968552998113,0.0016072968552998113,0.0,1.5870638890951934,1.1139744407633254,-0.0036018441984309035,0.0
2024-03-19,COMPOSITE,1,1,0.6,4.0,1.0,1,1,持有,117.7388,0.0007284125960131949,0.0007284125960134169,-2.220446049250313e-16,1.588219926422688,1.1147858737776144,-0.0028760552311007936,0.0
2024-03-20,COMPOSITE,1,1,0.6,4.0,1.0,1,1,持有,117.6857,-0.00045099831151662606,-0.0004509983115168481,2.220446049250313e-16,1.5875036419175543,1.114283107230838,-0.0033257564465642986,0.0
2024-03-21,COMPOSITE,1,1,0.6,4.0,1.0,1,1,持有,117.6851,-5.09832545503297e-06,-5.098325454921948e-06,-1.1102230246251565e-16,1.5874955483073268,1.1142774262529083,-0.0033308378162306695,0.0
2024-03-22,COMPOSITE,1,1,0.6,4.0,1.0,1,1,持有,117.6457,-0.0003347917450891025,-0.0003347917450892135,1.1102230246251565e-16,1.5869640679023878,1.1139043753688596,-0.003664514424314591,0.0
2024-03-25,COMPOSITE,1,1,0.6,4.0,1.0,1,1,持有,117.5146,-0.0011143628708911724,-0.0011143628708913944,2.220446049250313e-16,1.5851956140676788,1.112663081691225,-0.004774793696391555,0.0
2024-03-26,COMPOSITE,1,1,0.6,4.0,1.0,1,1,持有,117.493,-0.00018380694824304822,-0.00018380694824304822,0.0,1.5849042440994887,1.1124585664857567,-0.004957723004376802,0.0
2024-03-27,COMPOSITE,1,1,0.6,4.0,1.0,1,1,持有,117.6116,0.0010094218378966513,0.0010094218378966513,0.0,1.586504081054458,1.1135815064565227,-0.003953305600346901,0.0
2024-03-28,COMPOSITE,1,1,0.6,4.0,1.0,1,1,持有,117.6412,0.00025167585510277313,0.00025167585510299517,-2.220446049250313e-16,1.5869033658256813,1.113861768034387,-0.003702624696811707,0.0
2024-03-29,COMPOSITE,1,1,0.6,4.0,1.0,1,1,持有,117.6871,0.00039016943043757024,0.0003901694304373482,2.220446049250313e-16,1.587522527008085,1.114296362846007,-0.0033138999173430994,0.0
2024-04-01,COMPOSITE,1,1,0.6,4.0,1.0,1,1,持有,117.5653,-0.001034947755531479,-0.001034947755531257,-2.220446049250313e-16,1.5858795241319024,1.1131431243262828,-0.00434541795959309,0.0
2024-04-02,COMPOSITE,1,1,0.6,4.0,1.0,1,1,持有,117.6532,0.0007476695929837796,0.0007476695929835575,2.220446049250313e-16,1.5870652380302313,1.1139753875929803,-0.0036009973034866194,0.0
2024-04-03,COMPOSITE,1,1,0.6,4.0,1.0,1,1,持有,117.7824,0.0010981426769522962,0.0010981426769525182,-2.220446049250313e-16,1.5888080620992198,1.1151986915071708,-0.0025068090353528305,0.0
2024-04-07,COMPOSITE,1,1,0.6,4.0,1.0,1,1,持有,117.7476,-0.00029546010269787537,-0.00029546010269787537,0.0,1.5883386327060247,1.1148691947872496,-0.002801528475995685,0.0
2024-04-08,COMPOSITE,1,1,0.6,4.0,1.0,1,1,持有,117.8252,0.0006590367871617264,0.0006590367871615044,2.220446049250313e-16,1.589385406295448,1.1156039345994875,-0.0021443379991600287,0.0
2024-04-09,COMPOSITE,1,1,0.6,4.0,1.0,1,1,持有,117.9139,0.0007528100949543148,0.0007528100949545369,-2.220446049250313e-16,1.5905819116740803,1.1164437725034249,-0.001393142183498397,0.0
2024-04-10,COMPOSITE,1,1,0.6,4.0,1.0,1,1,持有,117.8253,-0.0007513957217936129,-0.0007513957217936129,0.0,1.5893867552304861,1.1156048814291426,-0.0021434911042155225,0.0
2024-04-11,COMPOSITE,1,1,0.6,4.0,1.0,1,1,持有,117.85,0.0002096323964375646,0.00020963239643778664,-2.220446049250313e-16,1.5897199421848514,1.1158387483539143,-0.0019343080529546919,0.0
2024-04-12,COMPOSITE,1,1,0.6,4.0,1.0,1,1,持有,118.0242,0.0014781501909206796,0.0014781501909204575,2.220446049250313e-16,1.5920697870209022,1.1174881256128302,-0.00045901705985196273,0.0
2024-04-15,COMPOSITE,1,1,0.6,4.0,1.0,1,1,持有,118.132,0.0009133720033689396,0.0009133720033689396,0.0,1.5935239389917766,1.118508807980862,0.0,0.0
2024-04-16,COMPOSITE,1,1,0.6,4.0,1.0,1,1,持有,118.133,8.465106829724789e-06,8.465106829724789e-06,0.0,1.5935374283421557,1.1185182762774115,0.0,0.0
2024-04-17,COMPOSITE,1,1,0.6,4.0,1.0,1,1,持有,118.2048,0.0006077895253655541,0.0006077895253655541,0.0,1.5945059636993801,1.119198099969663,0.0,0.0
2024-04-18,COMPOSITE,1,1,0.6,4.0,1.0,1,1,持有,118.3129,0.0009145144698015084,0.0009145144698015084,0.0,1.595964162475368,1.1202216228266595,0.0,0.0
2024-04-19,COMPOSITE,1,1,0.6,4.0,1.0,1,1,持有,118.3835,0.0005967227580423451,0.0005967227580423451,0.0,1.596916510612137,1.1208900845630514,0.0,0.0
2024-04-22,COMPOSITE,1,1,0.6,4.0,1.0,1,1,持有,118.4769,0.0007889612995055639,0.0007889612995053419,2.220446049250313e-16,1.5981764159375513,1.121774423460771,0.0,0.0
2024-04-23,COMPOSITE,1,1,0.6,4.0,1.0,1,1,持有,118.6424,0.00139689677903454,0.00139689677903454,0.0,1.6004089034253035,1.1233414265397066,0.0,0.0
2024-04-24,COMPOSITE,1,1,0.6,4.0,1.0,1,1,持有,118.2831,-0.0030284282853346722,-0.0030284282853346722,0.0,1.595562179834069,1.1199394675894856,-0.0030284282853346722,0.0
2024-04-25,COMPOSITE,1,1,0.6,4.0,1.0,1,1,持有,118.2824,-5.9180051927842925e-06,-5.9180051927842925e-06,0.0,1.5955527372888032,1.1199328397819008,-0.0030343283682731093,0.0
2024-04-26,COMPOSITE,1,1,0.6,4.0,1.0,1,1,持有,117.9623,-0.0027062352471710627,-0.0027062352471711737,1.1102230246251565e-16,1.591234796232432,1.1169020380564185,-0.005732352009062414,0.0
2024-04-28,COMPOSITE,1,1,0.6,4.0,1.0,1,1,持有,117.7925,-0.001439442940668334,-0.001439442940668223,-1.1102230246251565e-16,1.5889443045380494,1.1152943213023203,-0.00716354355609794,0.0
2024-04-29,COMPOSITE,1,1,0.6,4.0,1.0,1,1,持有,117.509,-0.002406774624869934,-0.002406774624870156,2.220446049250313e-16,1.5851200737055555,1.1126100592305481,-0.009553077146112976,0.0
2024-04-30,COMPOSITE,1,1,0.6,4.0,1.0,1,1,持有,117.9119,0.0034286735484090336,0.0034286735484092556,-2.220446049250313e-16,1.590554932973322,1.116424835910326,-0.0061571579806206644,0.0
2024-05-06,COMPOSITE,1,1,0.6,4.0,1.0,1,1,持有,117.9318,0.00016877007324955784,0.00016877007324955784,0.0,1.5908233710458672,1.11661325501166,-0.005989427051374618,0.0
2024-05-07,COMPOSITE,1,1,0.6,4.0,1.0,1,1,持有,118.1109,0.0015186743524646662,0.0015186743524646662,0.0,1.5932393136987761,1.1183090269236684,-0.004479848688158761,0.0
2024-05-08,COMPOSITE,1,1,0.6,4.0,1.0,1,1,持有,118.1666,0.00047159068299373885,0.00047159068299373885,0.0,1.5939906705148958,1.1188364110414735,-0.004010370660067486,0.0
2024-05-09,COMPOSITE,1,1,0.6,4.0,1.0,1,1,持有,118.0324,-0.0011356847027840233,-0.0011356847027842454,2.220446049250313e-16,1.5921803996940116,1.1175657656445357,-0.005141500846240432,0.0
2024-05-10,COMPOSITE,1,1,0.6,4.0,1.0,1,1,持有,117.9885,-0.0003719317746653239,-0.00037193177466510186,-2.220446049250313e-16,1.591588217212366,1.1171501074260146,-0.005511520333371545,0.0
2024-05-11,COMPOSITE,1,1,0.6,4.0,1.0,1,1,持有,117.8055,-0.0015509986142717702,-0.0015509986142718812,1.1102230246251565e-16,1.5891196660929785,1.1154174091574631,-0.007053970587243663,0.0
2024-05-13,COMPOSITE,1,1,0.6,4.0,1.0,1,1,持有,118.0785,0.002317379069737946,0.002317379069737946,0.0,1.5928022587464912,1.118002254115466,-0.004752938241303295,0.0
2024-05-14,COMPOSITE,1,1,0.6,4.0,1.0,1,1,持有,118.1871,0.0009197271306800037,0.0009197271306800037,0.0,1.5942672021976687,1.1190305111207373,-0.0038375825168742717,0.0
2024-05-15,COMPOSITE,1,1,0.6,4.0,1.0,1,1,持有,118.1388,-0.00040867404310618305,-0.000408674043106072,-1.1102230246251565e-16,1.593615666574355,1.1185731923973985,-0.0042446882396174335,0.0
2024-05-16,COMPOSITE,1,1,0.6,4.0,1.0,1,1,持有,118.0305,-0.0009167183008461643,-0.0009167183008461643,0.0,1.5921547699282912,1.1175477758810919,-0.005157515357072984,0.0
2024-05-17,COMPOSITE,1,1,0.6,4.0,1.0,1,1,持有,117.972,-0.0004956346029204584,-0.0004956346029205694,1.1102230246251565e-16,1.5913656429311098,1.1169938805329482,-0.005650593716917451,0.0
2024-05-20,COMPOSITE,1,1,0.6,4.0,1.0,1,1,持有,118.0406,0.0005814939138100161,0.0005814939138102382,-2.220446049250313e-16,1.5922910123671208,1.1176434056762414,-0.005072385588963058,0.0
2024-05-21,COMPOSITE,1,1,0.6,4.0,1.0,1,1,持有,117.9799,-0.0005142298497297082,-0.0005142298497295972,-1.1102230246251565e-16,1.5914722087991053,1.1170686800756893,-0.00558400706661355,0.0
2024-05-22,COMPOSITE,1,1,0.6,4.0,1.0,1,1,持有,118.0265,0.0003949825351605707,0.0003949825351605707,0.0,1.5921008125267744,1.117509902694894,-0.005191230116720513,0.0
2024-05-23,COMPOSITE,1,1,0.6,4.0,1.0,1,1,持有,118.1478,0.0010277352967342779,0.0010277352967340558,2.220446049250313e-16,1.5937370707277674,1.1186584070663435,-0.004168830030410686,0.0
2024-05-24,COMPOSITE,1,1,0.6,4.0,1.0,1,1,持有,118.1307,-0.00014473396880843037,-0.00014473396880843037,0.0,1.5935064028362838,1.1184964991953479,-0.00431296062790365,0.0
2024-05-27,COMPOSITE,1,1,0.6,4.0,1.0,1,1,持有,118.0889,-0.0003538453594197355,-0.00035384535941995754,2.220446049250313e-16,1.5929425479904344,1.1181007243995802,-0.004665279866219896,0.0
2024-05-28,COMPOSITE,1,1,0.6,4.0,1.0,1,1,持有,118.1687,0.0006757620741661974,0.0006757620741661974,0.0,1.594018998150692,1.1188562944642273,-0.003992670411252619,0.0
2024-05-29,COMPOSITE,1,1,0.6,4.0,1.0,1,1,持有,118.2639,0.0008056278862338395,0.0008056278862338395,0.0,1.5953031843067889,1.119757676295736,-0.0031902591316426143,0.0
2024-05-30,COMPOSITE,1,1,0.6,4.0,1.0,1,1,持有,118.2252,-0.00032723426168101977,-0.00032723426168090874,-1.1102230246251565e-16,1.5947811464471149,1.1193912532192718,-0.0035164494312320826,0.0
2024-05-31,COMPOSITE,1,1,0.6,4.0,1.0,1,1,持有,118.0907,-0.0011376593145961955,-0.0011376593145963065,1.1102230246251565e-16,1.592966828821117,1.1181177673333693,-0.004650108224378502,0.0
2024-06-03,COMPOSITE,1,1,0.6,4.0,1.0,1,1,持有,118.1867,0.0008129344647800352,0.0008129344647802572,-2.220446049250313e-16,1.5942618064575171,1.1190267238021177,-0.0038409539928389025,0.0
2024-06-04,COMPOSITE,1,1,0.6,4.0,1.0,1,1,持有,118.2405,0.0004552119654748221,0.00045521196547504417,-2.220446049250313e-16,1.5949875335079162,1.1195361181564787,-0.0033874904755804014,0.0
2024-06-05,COMPOSITE,1,1,0.6,4.0,1.0,1,1,持有,118.3332,0.0007839953315489367,0.0007839953315487147,2.220446049250313e-16,1.596237996288065,1.1204138292466135,-0.0026061509207500055,0.0
2024-06-06,COMPOSITE,1,1,0.6,4.0,1.0,1,1,持有,118.3742,0.0003464792636387326,0.00034647926363851056,2.220446049250313e-16,1.596791059653611,1.1208020294051413,-0.002260574634363355,0.0
2024-06-07,COMPOSITE,1,1,0.6,4.0,1.0,1,1,持有,118.3761,1.6050794852118244e-05,1.605079485234029e-05,-2.220446049250313e-16,1.5968166894193312,1.1208200191685853,-0.0022445601235309143,0.0
2024-06-11,COMPOSITE,1,1,0.6,4.0,1.0,1,1,持有,118.4098,0.0002846858445244571,0.0002846858445244571,0.0,1.5972712805271092,1.1211391007623022,-0.0019605132735008857,0.0
2024-06-12,COMPOSITE,1,1,0.6,4.0,1.0,1,1,持有,118.4115,1.4356919781910449e-05,1.4356919782132493e-05,-2.220446049250313e-16,1.5972942124227538,1.1211551968664364,-0.0019461845006506495,0.0
2024-06-13,COMPOSITE,1,1,0.6,4.0,1.0,1,1,持有,118.4398,0.000238997056873691,0.000238997056873691,0.0,1.5976759610384843,1.121423149658786,-0.0017076525761446915,0.0
2024-06-14,COMPOSITE,1,1,0.6,4.0,1.0,1,1,持有,118.489,0.00041540090408798136,0.0004154009040877593,2.220446049250313e-16,1.5983396370771394,1.1218889898490194,-0.0012929610324806662,0.0
2024-06-17,COMPOSITE,1,1,0.6,4.0,1.0,1,1,持有,118.4809,-6.83607761058358e-05,-6.83607761058358e-05,0.0,1.5982303733390681,1.1218122966469688,-0.001361233420766883,0.0
2024-06-18,COMPOSITE,1,1,0.6,4.0,1.0,1,1,持有,118.5646,0.0007064429794167992,0.0007064429794170213,-2.220446049250313e-16,1.5993594319658042,1.1226047930681586,-0.0006557520751435675,0.0
2024-06-19,COMPOSITE,1,1,0.6,4.0,1.0,1,1,持有,118.6414,0.0006477481474234104,0.0006477481474236324,-2.220446049250313e-16,1.6003954140749244,1.1233319582431573,-8.428689911910148e-06,0.0
2024-06-20,COMPOSITE,1,1,0.6,4.0,1.0,1,1,持有,118.7059,0.0005436550816155794,0.0005436550816158014,-2.220446049250313e-16,1.6012654771743806,1.1239426633705976,0.0,0.0
2024-06-21,COMPOSITE,1,1,0.6,4.0,1.0,1,1,持有,118.6011,-0.0008828541799522638,-0.0008828541799524858,2.220446049250313e-16,1.5998517932546439,1.1229503858922139,-0.0008828541799522638,0.0
2024-06-24,COMPOSITE,1,1,0.6,4.0,1.0,1,1,持有,118.6667,0.0005531146001176435,0.0005531146001176435,0.0,1.6007366946395174,1.1235715061458587,-0.00033022789937142694,0.0
2024-06-25,COMPOSITE,1,1,0.6,4.0,1.0,1,1,持有,118.8114,0.0012193816799488388,0.0012193816799490609,-2.220446049250313e-16,1.6026886036393828,1.1249415686565656,0.0,0.0
2024-06-26,COMPOSITE,1,1,0.6,4.0,1.0,1,1,持有,118.8542,0.0003602347922841975,0.0003602347922841975,0.0,1.6032659478356113,1.1253468117488825,0.0,0.0
2024-06-27,COMPOSITE,1,1,0.6,4.0,1.0,1,1,持有,119.0113,0.0013217875346434038,0.0013217875346431818,2.220446049250313e-16,1.6053851247801785,1.1268342811368026,0.0,0.0
2024-06-28,COMPOSITE,1,1,0.6,4.0,1.0,1,1,持有,119.0793,0.000571374314875861,0.000571374314876083,-2.220446049250313e-16,1.6063024006059616,1.127478125302166,0.0,0.0
2024-07-01,COMPOSITE,1,1,0.6,4.0,1.0,1,1,持有,118.7874,-0.002451307658006052,-0.002451307658006052,0.0,1.6023648592302828,1.1247143295393784,-0.002451307658006052,0.0
2024-07-02,COMPOSITE,1,1,0.6,4.0,1.0,1,1,持有,118.8688,0.0006852578640494933,0.0006852578640494933,0.0,1.603462892351147,1.1254850488785044,-0.0017677295718063757,0.0
2024-07-03,COMPOSITE,1,1,0.6,4.0,1.0,1,1,持有,119.0002,0.001105420429919457,0.001105420429919457,0.0,1.6052353929909697,1.1267291830451036,-0.000664263226270112,0.0
2024-07-04,COMPOSITE,1,1,0.6,4.0,1.0,1,1,持有,119.0173,0.00014369723748353103,0.00014369723748375307,-2.220446049250313e-16,1.6054660608824534,1.1268910909160996,-0.0005206614415771416,0.0
2024-07-05,COMPOSITE,1,1,0.6,4.0,1.0,1,1,持有,118.8628,-0.0012981306079034027,-0.0012981306079035138,1.1102230246251565e-16,1.6033819562488718,1.1254282390992076,-0.0018181161629268194,0.0
2024-07-08,COMPOSITE,1,1,0.6,4.0,1.0,1,1,持有,118.5501,-0.0026307642088188032,-0.0026307642088186922,-1.1102230246251565e-16,1.5991638363853065,1.1224675027681916,-0.004444097336816721,0.0
2024-07-09,COMPOSITE,1,1,0.6,4.0,1.0,1,1,持有,118.7468,0.0016592141212870004,0.0016592141212870004,0.0,1.6018171916048884,1.1243299166994702,-0.0027922569245872886,0.0
2024-07-10,COMPOSITE,1,1,0.6,4.0,1.0,1,1,持有,118.7647,0.00015074090417610542,0.00015074090417610542,0.0,1.6020586509766757,1.1244993992077057,-0.0026419369277447258,0.0
2024-07-11,COMPOSITE,1,1,0.6,4.0,1.0,1,1,持有,118.7948,0.0002534423107201089,0.00025344231072033097,-2.220446049250313e-16,1.6024646804230884,1.1247843949338445,-0.0023891641956244047,0.0
2024-07-12,COMPOSITE,1,1,0.6,4.0,1.0,1,1,持有,118.8945,0.000839262324613621,0.000839262324613621,0.0,1.6038095686558915,1.1257283840998258,-0.0015519070065074247,0.0
2024-07-15,COMPOSITE,1,1,0.2,3.0,2.0,1,1,持有,118.9497,0.00046427715327457264,0.0004642771532743506,2.220446049250313e-16,1.6045541807968218,1.126251034069356,-0.0010883503681998752,0.0
2024-07-16,COMPOSITE,1,1,0.2,3.0,2.0,1,1,持有,118.9798,0.00025304813715365526,0.0002530481371538773,-2.220446049250313e-16,1.6049602102432345,1.1265360297954947,-0.0008355776360794431,0.0
2024-07-17,COMPOSITE,1,1,0.2,3.0,2.0,1,1,持有,119.0053,0.0002143220950110436,0.0002143220950110436,0.0,1.6053041886779034,1.1267774713575058,-0.000621434623817807,0.0
2024-07-18,COMPOSITE,1,1,0.2,3.0,2.0,1,1,持有,118.9375,-0.0005697225249632343,-0.0005697225249631233,-1.1102230246251565e-16,1.6043896107221958,1.1261355208514525,-0.0011908031034780775,0.0
2024-07-19,COMPOSITE,1,1,0.2,3.0,2.0,1,1,持有,118.9632,0.0002160798738832792,0.0002160798738832792,0.0,1.6047362870269404,1.1263788560727737,-0.0009749805381791266,0.0
2024-07-22,COMPOSITE,1,1,0.2,3.0,2.0,1,1,持有,119.2131,0.002100649612653216,0.002100649612653216,0.0,1.608107275686694,1.1287449833804837,0.0,0.0
2024-07-23,COMPOSITE,1,1,0.2,3.0,2.0,1,1,持有,119.4059,0.0016172719273301883,0.0016172719273301883,0.0,1.6107080224397976,1.1305704709552198,0.0,0.0
2024-07-24,COMPOSITE,1,1,0.2,3.0,2.0,1,1,持有,119.4637,0.0004840631828075814,0.0004840631828075814,0.0,1.6114877068917135,1.1311177384957787,0.0,0.0
2024-07-25,COMPOSITE,1,1,0.2,3.0,2.0,1,1,持有,119.5409,0.0006462214044935521,0.0006462214044933301,2.220446049250313e-16,1.6125290847409852,1.1318486909893968,0.0,0.0
2024-07-26,COMPOSITE,1,1,0.2,3.0,2.0,1,1,持有,119.6847,0.0012029355643132789,0.0012029355643132789,0.0,1.6144688533255096,1.1332102320332094,0.0,0.0
2024-07-29,COMPOSITE,1,1,0.2,3.0,2.0,1,1,持有,119.7958,0.000928272368982741,0.000928272368982741,0.0,1.615967520152635,1.1342621597798543,0.0,0.0
2024-07-30,COMPOSITE,1,1,0.2,3.0,2.0,1,1,持有,119.901,0.0008781610039749754,0.0008781610039749754,0.0,1.6173865998125232,1.1352582245768574,0.0,0.0
2024-07-31,COMPOSITE,1,1,0.2,3.0,2.0,1,1,持有,120.0443,0.001195152667617716,0.001195152667617716,0.0,1.6193196237218581,1.1366150314723955,0.0,0.0
2024-08-01,COMPOSITE,1,1,0.2,3.0,2.0,1,1,持有,120.1976,0.0012770285636218848,0.0012770285636216627,2.220446049250313e-16,1.6213875411349843,1.1380665213334276,0.0,0.0
2024-08-02,COMPOSITE,1,1,0.2,3.0,2.0,1,1,持有,120.254,0.0004692273389819146,0.0004692273389819146,0.0,1.6221483404963695,1.1386005332588172,0.0,0.0
2024-08-05,COMPOSITE,1,1,0.2,3.0,2.0,1,1,持有,120.2997,0.00038002893874633514,0.00038002893874633514,0.0,1.6227648038086973,1.1390332344111276,0.0,0.0
2024-08-06,COMPOSITE,1,1,0.6,4.0,1.0,1,1,持有,120.2337,-0.0005486297970818121,-0.0005486297970818121,0.0,1.6218745066836722,1.1384083268388632,-0.0005486297970818121,0.0
2024-08-07,COMPOSITE,1,1,0.6,4.0,1.0,1,1,持有,120.3274,0.0007793156161708392,0.0007793156161708392,0.0,1.6231384588142002,1.1392955062255476,0.0,0.0
2024-08-08,COMPOSITE,1,1,0.6,4.0,1.0,1,1,持有,119.9702,-0.002968567425208124,-0.002968567425208124,0.0,1.6183200628587617,1.1359134306980805,-0.002968567425208124,0.0
2024-08-09,COMPOSITE,1,1,0.6,4.0,1.0,1,1,持有,119.7413,-0.0019079738134970547,-0.0019079738134973878,3.3306690738754696e-16,1.6152323505569703,1.1337461376179085,-0.004870877289794295,0.0
2024-08-12,COMPOSITE,1,1,0.6,4.0,1.0,1,1,持有,119.1755,-0.004725186715026419,-0.004725186715026197,-2.220446049250313e-16,1.6076000761124376,1.128388975430224,-0.009573048200160472,0.0
2024-08-13,COMPOSITE,1,1,0.6,4.0,1.0,1,1,持有,119.3042,0.0010799199499895717,0.0010799199499895717,0.0,1.6093361555062362,1.1296075451961396,-0.00850346637590449,0.0
2024-08-14,COMPOSITE,1,1,0.6,4.0,1.0,1,1,持有,119.639,0.0028062716987331537,0.0028062716987331537,0.0,1.6138523900131814,1.132777530880899,-0.0057210577142031704,0.0
2024-08-15,COMPOSITE,1,1,0.6,4.0,1.0,1,1,持有,119.5681,-0.0005926161201613711,-0.0005926161201613711,0.0,1.6128959950712987,1.1321062286555423,-0.006310283443338727,0.0
2024-08-16,COMPOSITE,1,1,0.6,4.0,1.0,1,1,持有,119.6123,0.0003696638150141318,0.0003696638150141318,0.0,1.6134922243580578,1.1325247273630283,-0.005942952311775995,0.0
2024-08-19,COMPOSITE,1,1,0.6,4.0,1.0,1,1,持有,119.6889,0.0006404023666461978,0.0006404023666464198,-2.220446049250313e-16,1.614525508597102,1.1332499988787172,-0.005306355825855036,0.0
2024-08-20,COMPOSITE,1,1,0.6,4.0,1.0,1,1,持有,119.7353,0.0003876717055633083,0.0003876717055630863,2.220446049250313e-16,1.6151514144546952,1.133689327838612,-0.0049207412443051934,0.0
2024-08-21,COMPOSITE,1,1,0.6,4.0,1.0,1,1,持有,119.6878,-0.00039670840595873447,-0.0003967084059589565,2.220446049250313e-16,1.614510670311685,1.1332395837525124,-0.005315497550848702,0.0
2024-08-22,COMPOSITE,1,1,0.6,4.0,1.0,1,1,持有,119.8358,0.0012365504253566417,0.0012365504253568638,-2.220446049250313e-16,1.6165070941678017,1.134640891641833,-0.00408552000624951,0.0
2024-08-23,COMPOSITE,1,1,0.6,4.0,1.0,1,1,持有,119.8543,0.00015437790710293164,0.0001543779071027096,2.220446049250313e-16,1.6167566471498163,1.1348160551279978,-0.003931772813174694,0.0
2024-08-26,COMPOSITE,1,1,0.6,4.0,1.0,1,1,持有,119.8688,0.0001209802234878321,0.00012098022348805415,-2.220446049250313e-16,1.616952242730314,1.134953345427965,-0.0038112682564404032,0.0
2024-08-27,COMPOSITE,1,1,0.6,4.0,1.0,1,1,持有,119.6048,-0.002202407966042874,-0.002202407966042985,1.1102230246251565e-16,1.613391054230214,1.1324537151389074,-0.00600528225491459,0.0
2024-08-28,COMPOSITE,1,1,0.6,4.0,1.0,1,1,持有,119.6591,0.00045399515738497875,0.00045399515738497875,0.0,1.6141235259558027,1.1329678436415431,-0.0055540134665920116,0.0
2024-08-29,COMPOSITE,1,1,0.6,4.0,1.0,1,1,持有,119.6812,0.00018469134399312637,0.00018469134399312637,0.0,1.6144216405991825,1.1331770929952862,-0.005370347900810479,0.0
2024-08-30,COMPOSITE,1,1,0.6,4.0,1.0,1,1,持有,119.5901,-0.0007611888918226395,-0.0007611888918225285,-1.1102230246251565e-16,1.6131927607796404,1.1323145311796305,-0.006127448943465841,0.0
2024-09-02,COMPOSITE,1,1,0.6,4.0,1.0,1,1,持有,119.8531,0.0021991786945574354,0.0021991786945572134,2.220446049250313e-16,1.616740459929361,1.1348046931721383,-0.003941745604076896,0.0
2024-09-03,COMPOSITE,1,1,0.6,4.0,1.0,1,1,持有,119.9335,0.0006708211969486122,0.0006708211969486122,0.0,1.6178250036998463,1.135565944214715,-0.0032735686136324826,0.0
2024-09-04,COMPOSITE,1,1,0.6,4.0,1.0,1,1,持有,120.0303,0.0008071139423095897,0.0008071139423095897,0.0,1.6191307728165496,1.1364824753207028,-0.00246909681419194,0.0
2024-09-05,COMPOSITE,1,1,0.6,4.0,1.0,1,1,持有,120.1424,0.0009339308491271847,0.0009339308491274068,-2.220446049250313e-16,1.6206429289940543,1.1375438713638975,-0.0015374719307489348,0.0
2024-09-06,COMPOSITE,1,1,0.6,4.0,1.0,1,1,持有,120.0856,-0.0004727723101919379,-0.0004727723101919379,0.0,1.6198767338925175,1.137006072119888,-0.0020095173667843413,0.0
2024-09-09,COMPOSITE,1,1,0.6,4.0,1.0,1,1,持有,120.1839,0.0008185827443090155,0.0008185827443087934,2.220446049250313e-16,1.6212027370347897,1.1379368056706998,-0.001192579578716102,0.0
2024-09-10,COMPOSITE,1,1,0.6,4.0,1.0,1,1,持有,120.3215,0.0011449120888904485,0.0011449120888904485,0.0,1.6230588716469632,1.1392396432759055,-4.9032888602251745e-05,0.0
2024-09-11,COMPOSITE,1,1,0.6,4.0,1.0,1,1,持有,120.4787,0.0013064996696350306,0.0013064996696352527,-2.220446049250313e-16,1.6251793975265683,1.140728059493481,0.0,0.0
2024-09-12,COMPOSITE,1,1,0.6,4.0,1.0,1,1,持有,120.496,0.00014359384687900878,0.00014359384687900878,0.0,1.6254127632881277,1.1408918610237866,0.0,0.0
2024-09-13,COMPOSITE,1,1,0.6,4.0,1.0,1,1,持有,120.6848,0.0015668569911035934,0.0015668569911033714,2.220446049250313e-16,1.6279595526397146,1.1426794754123246,0.0,0.0
2024-09-14,COMPOSITE,1,1,1.0,5.0,0.0,1,1,持有,120.8832,0.001643951848120162,0.001643951848120162,0.0,1.6306358397549414,1.1445579854477377,0.0,0.0
2024-09-18,COMPOSITE,1,1,1.0,5.0,0.0,1,1,持有,120.8873,3.3917037272290784e-05,3.3917037272290784e-05,0.0,1.630691146091496,1.1445968054635904,0.0,0.0
2024-09-19,COMPOSITE,1,1,1.0,5.0,0.0,1,1,持有,120.8991,9.761157706389412e-05,9.761157706389412e-05,0.0,1.6308503204259701,1.144708531362874,0.0,0.0
2024-09-20,COMPOSITE,1,1,1.0,5.0,0.0,1,1,持有,120.8371,-0.0005128243303712532,-0.0005128243303711422,-1.1102230246251565e-16,1.6300139807024618,1.1441214969768077,-0.0005128243303712532,0.0
2024-09-23,COMPOSITE,1,1,1.0,5.0,0.0,1,1,持有,120.8954,0.0004824677189372295,0.0004824677189372295,0.0,1.6308004098295672,1.144673498665641,-3.0604032618897214e-05,0.0
2024-09-24,COMPOSITE,1,1,1.0,5.0,0.0,1,1,持有,120.5912,-0.0025162247695115214,-0.0025162247695114104,-1.1102230246251565e-16,1.6266969494442245,1.1417932428552953,-0.002546751795505564,0.0
2024-09-25,COMPOSITE,1,1,1.0,5.0,0.0,1,1,持有,120.8902,0.0024794512369061827,0.0024794512369059607,2.220446049250313e-16,1.6307302652075955,1.1446242635235837,-7.361510548886674e-05,0.0
2024-09-26,COMPOSITE,1,1,1.0,5.0,0.0,1,1,持有,120.59,-0.002483245126569389,-0.002483245126569167,-2.220446049250313e-16,1.6266807622237696,1.141781880899436,-0.0025566774277062665,0.0
2024-09-27,COMPOSITE,1,1,1.0,5.0,0.0,1,1,持有,119.6374,-0.007899494153744135,-0.007899494153744246,1.1102230246251565e-16,1.6138308070525749,1.1327623816064198,-0.010435975123057162,0.0
2024-09-29,COMPOSITE,1,1,1.0,5.0,0.0,1,1,持有,118.9092,-0.006086725388549041,-0.006086725388549152,1.1102230246251565e-16,1.6040078621064653,1.1258675680591026,-0.016459179596870488,0.0
2024-09-30,COMPOSITE,1,1,1.0,5.0,0.0,1,1,持有,119.5336,0.0052510655189002,0.005251065518900422,-2.220446049250313e-16,1.6124306124832175,1.131779572424586,-0.011294542308420752,0.0
2024-10-08,COMPOSITE,1,1,0.6,4.0,1.0,1,1,持有,119.2747,-0.002165918202078898,-0.002165918202079009,1.1102230246251565e-16,1.6089382196700508,1.1293282304479304,-0.013435997455729765,0.0
2024-10-09,COMPOSITE,1,1,0.6,4.0,1.0,1,1,持有,119.3811,0.0008920584164120449,0.0008920584164118228,2.220446049250313e-16,1.6103734865503945,1.130335657200793,-0.012555924733930968,0.0
2024-10-10,COMPOSITE,1,1,0.6,4.0,1.0,1,1,持有,119.7664,0.003227479056567617,0.003227479056567839,-2.220446049250313e-16,1.6155709332514876,1.1339837918613003,-0.009368969661477933,0.0
2024-10-11,COMPOSITE,1,1,0.6,4.0,1.0,1,1,持有,119.8536,0.0007280840035268632,0.0007280840035268632,0.0,1.6167472046045508,1.1348094273204132,-0.008647707054891263,0.0
2024-10-12,COMPOSITE,1,1,0.6,4.0,1.0,1,1,持有,119.8476,-5.006107451077657e-05,-5.006107451088759e-05,1.1102230246251565e-16,1.616666268502276,1.1347526175411164,-0.008697335215894886,0.0
2024-10-14,COMPOSITE,1,1,0.6,4.0,1.0,1,1,持有,119.8485,7.509537112149189e-06,7.509537112149189e-06,0.0,1.6166784089176172,1.134761139008011,-0.008689890991744331,0.0
2024-10-15,COMPOSITE,1,1,0.6,4.0,1.0,1,1,持有,119.9165,0.0005673829876884362,0.0005673829876884362,0.0,1.6175956847434003,1.1354049831733741,-0.008127438500369344,0.0
2024-10-16,COMPOSITE,1,1,0.6,4.0,1.0,1,1,持有,119.9885,0.0006004177907128483,0.0006004177907128483,0.0,1.6185669179707005,1.1360867005249353,-0.0075319005683250895,0.0
2024-10-17,COMPOSITE,1,1,0.6,4.0,1.0,1,1,持有,120.0879,0.0008284127228859184,0.0008284127228861404,-2.220446049250313e-16,1.6199077593983897,1.1370278492019519,-0.006709727367697482,0.0
2024-10-18,COMPOSITE,1,1,0.6,4.0,1.0,1,1,持有,120.1157,0.00023149709504455274,0.0002314970950443307,2.220446049250313e-16,1.6202827633389305,1.1372910678460266,-0.006479783555047192,0.0
2024-10-21,COMPOSITE,1,1,0.6,4.0,1.0,1,1,持有,120.0221,-0.0007792486744031546,-0.0007792486744029326,-2.220446049250313e-16,1.6190201601434404,1.1364048352889973,-0.007253982866704645,0.0
2024-10-22,COMPOSITE,1,1,0.6,4.0,1.0,1,1,持有,119.8451,-0.0014747284041854991,-0.0014747284041854991,0.0,1.616632545126328,1.1347289467997428,-0.00871801361631308,0.0
2024-10-23,COMPOSITE,1,1,0.6,4.0,1.0,1,1,持有,119.7113,-0.0011164411394375406,-0.0011164411394376517,1.1102230246251565e-16,1.6148276700455952,1.1334620887214248,-0.00982472160669523,0.0
2024-10-24,COMPOSITE,1,1,0.6,4.0,1.0,1,1,持有,119.727,0.00013114885562193201,0.00013114885562170997,2.220446049250313e-16,1.6150394528465484,1.1336107409772513,-0.009694861252068754,0.0
2024-10-25,COMPOSITE,1,1,1.0,5.0,0.0,1,1,持有,119.6575,-0.0005804872752178669,-0.0005804872752176449,-2.220446049250313e-16,1.6141019429951962,1.132952694367064,-0.010269720783694813,0.0
2024-10-28,COMPOSITE,1,1,1.0,5.0,0.0,1,1,持有,119.6257,-0.0002657585191067069,-0.0002657585191068179,1.1102230246251565e-16,1.6136729816531385,1.132651602536791,-0.010532750037014371,0.0
2024-10-29,COMPOSITE,1,1,1.0,5.0,0.0,1,1,持有,119.6496,0.00019978984449009474,0.00019978984449031678,-2.220446049250313e-16,1.6139953771272009,1.1328778948243234,-0.010335064529016225,0.0
2024-10-30,COMPOSITE,1,1,1.0,5.0,0.0,1,1,持有,119.6735,0.00019974993648097517,0.00019974993648097517,0.0,1.6143177726012627,1.1331041871118552,-0.010137379021018411,0.0
2024-10-31,COMPOSITE,1,1,1.0,5.0,0.0,1,1,持有,119.723,0.00041362540579159557,0.0004136254057918176,-2.220446049250313e-16,1.6149854954450316,1.1335728677910537,-0.009727946692738021,0.0
2024-11-01,COMPOSITE,1,1,1.0,5.0,0.0,1,1,持有,119.8567,0.001116744485186727,0.001116744485186505,2.220446049250313e-16,1.6167890215907263,1.1348387790397165,-0.00862206583837255,0.0
2024-11-04,COMPOSITE,1,1,1.0,5.0,0.0,1,1,持有,119.9216,0.0005414799506409107,0.0005414799506409107,0.0,1.6176644804303342,1.1354532714857763,-0.008085254563516164,0.0
2024-11-05,COMPOSITE,1,1,1.0,5.0,0.0,1,1,持有,119.9882,0.0005553628370535968,0.0005553628370538188,-2.220446049250313e-16,1.6185628711655868,1.1360838600359706,-0.007534381976375237,0.0
2024-11-06,COMPOSITE,1,1,1.0,5.0,0.0,1,1,持有,120.0577,0.0005792236236561443,0.0005792236236561443,0.0,1.6195003810169388,1.136741906646158,-0.0069595224447494,0.0
2024-11-07,COMPOSITE,1,1,1.0,5.0,0.0,1,1,持有,120.0888,0.0002590421105852503,0.00025904211058547233,-2.220446049250313e-16,1.619919899813731,1.1370363706688464,-0.006702283143546928,0.0
2024-11-08,COMPOSITE,1,1,1.0,5.0,0.0,1,1,持有,120.1694,0.0006711700008659172,0.0006711700008659172,0.0,1.6210071414542917,1.1377995153707328,-0.006035611514064287,0.0
2024-11-11,COMPOSITE,1,1,1.0,5.0,0.0,1,1,持有,120.2145,0.00037530352985060134,0.0003753035298503793,2.220446049250313e-16,1.6216155111563924,1.1382265355451133,-0.00566257317051988,0.0
2024-11-12,COMPOSITE,1,1,1.0,5.0,0.0,1,1,持有,120.373,0.0013184765564886458,0.0013184765564886458,0.0,1.6237535731914903,1.139727260548203,-0.004351562584006041,0.0
2024-11-13,COMPOSITE,1,1,1.0,5.0,0.0,1,1,持有,120.4002,0.00022596429431831488,0.00022596429431853693,-2.220446049250313e-16,1.6241204835218035,1.1399847982143483,-0.004126581587456046,0.0
2024-11-14,COMPOSITE,1,1,1.0,5.0,0.0,1,1,持有,120.3825,-0.00014700972257519762,-0.00014700972257541967,2.220446049250313e-16,1.6238817220200923,1.1398172093654226,-0.004272984662416879,0.0
2024-11-15,COMPOSITE,1,1,1.0,5.0,0.0,1,1,持有,120.4219,0.00032729009615195537,0.00032729009615195537,0.0,1.6244132024250315,1.1401902602494716,-0.003947093071826058,0.0
2024-11-18,COMPOSITE,1,1,1.0,5.0,0.0,1,1,持有,120.292,-0.0010787074444099654,-0.0010787074444098543,-1.1102230246251565e-16,1.6226609358107777,1.1389603285276968,-0.005021542757555619,0.0
2024-11-19,COMPOSITE,1,1,1.0,5.0,0.0,1,1,持有,120.3231,0.0002585375586072747,0.0002585375586072747,0.0,1.6230804546075697,1.1392547925503849,-0.004764303456353369,0.0
2024-11-20,COMPOSITE,1,1,1.0,5.0,0.0,1,1,持有,120.3609,0.00031415413997826214,0.0003141541399780401,2.220446049250313e-16,1.6235903520519024,1.1396126941599545,-0.004451646042030077,0.0
2024-11-21,COMPOSITE,1,1,1.0,5.0,0.0,1,1,持有,120.4601,0.0008241879214927472,0.0008241879214925252,2.220446049250313e-16,1.6249284956095156,1.1405519491776608,-0.00363112711343605,0.0
2024-11-22,COMPOSITE,1,1,1.0,5.0,0.0,1,1,持有,120.5303,0.0005827655796402098,0.0005827655796399878,2.220446049250313e-16,1.6258754480061333,1.1412166235954329,-0.003050477629692905,0.0
2024-11-25,COMPOSITE,1,1,1.0,5.0,0.0,1,1,持有,120.6237,0.0007749088818329586,0.0007749088818331806,-2.220446049250313e-16,1.6271353533315474,1.1421009624931526,-0.0022779325900690317,0.0
2024-11-26,COMPOSITE,1,1,1.0,5.0,0.0,1,1,持有,120.7077,0.0006963805620290309,0.0006963805620290309,0.0,1.6282684587633975,1.1428962994033074,-0.00158313833601742,0.0
2024-11-27,COMPOSITE,1,1,1.0,5.0,0.0,1,1,持有,120.7345,0.00022202394710535422,0.00022202394710535422,0.0,1.6286299733535592,1.143150049750833,-0.001361465883534252,0.0
2024-11-28,COMPOSITE,1,1,1.0,5.0,0.0,1,1,持有,120.8042,0.0005772997776110067,0.0005772997776112287,-2.220446049250313e-16,1.629570181074987,1.1438099900203302,-0.0007849520798749454,0.0
2024-11-29,COMPOSITE,1,1,1.0,5.0,0.0,1,1,持有,120.9452,0.0011671779623556588,0.0011671779623556588,0.0,1.6314721794784497,1.1451450198338042,0.0,0.0
2024-12-02,COMPOSITE,1,1,1.0,5.0,0.0,1,1,持有,121.3036,0.002963325539169892,0.002963325539169892,0.0,1.6363067626543433,1.148538457317131,0.0,0.0
2024-12-03,COMPOSITE,1,1,1.0,5.0,0.0,1,1,持有,121.2884,-0.0001253054319905189,-0.00012530543199062993,1.1102230246251565e-16,1.6361017245285798,1.148394539209579,-0.0001253054319905189,0.0
2024-12-04,COMPOSITE,1,1,1.0,5.0,0.0,1,1,持有,121.4877,0.0016431909399414746,0.0016431909399416966,-2.220446049250313e-16,1.638790152059148,1.1502815707118865,0.0,0.0
2024-12-05,COMPOSITE,1,1,1.0,5.0,0.0,1,1,持有,121.5466,0.00048482274337247055,0.0004848227433722485,2.220446049250313e-16,1.6395846747964808,1.1508392533786496,0.0,0.0
2024-12-06,COMPOSITE,1,1,1.0,5.0,0.0,1,1,持有,121.5833,0.0003019418066814161,0.00030194180668163817,-2.220446049250313e-16,1.640079733955396,1.1511867398620148,0.0,0.0
2024-12-09,COMPOSITE,1,1,1.0,5.0,0.0,1,1,持有,121.8367,0.002084167809230486,0.002084167809230486,0.0,1.6434979353414771,1.1535860062076482,0.0,0.0
2024-12-10,COMPOSITE,1,1,1.0,5.0,0.0,1,1,持有,122.4249,0.004827773569047844,0.004827773569047622,2.220446049250313e-16,1.6514323712345034,1.1591552582380407,0.0,0.0
2024-12-11,COMPOSITE,1,1,1.0,5.0,0.0,1,1,持有,122.6048,0.001469472305062114,0.001469472305062114,0.0,1.6538591053677154,1.1608586047872886,0.0,0.0
2024-12-12,COMPOSITE,1,1,1.0,5.0,0.0,1,1,持有,122.7247,0.0009779388735189354,0.0009779388735189354,0.0,1.6554764784781777,1.161993853543569,0.0,0.0
2024-12-13,COMPOSITE,1,1,1.0,5.0,0.0,1,1,持有,123.0967,0.0030311746535129913,0.0030311746535132134,-2.220446049250313e-16,1.6604945168192278,1.1655160598599683,0.0,0.0
2024-12-16,COMPOSITE,1,1,1.0,5.0,0.0,1,1,持有,123.472,0.0030488225923197554,0.0030488225923195333,2.220446049250313e-16,1.6655570700165292,1.1690695115549807,0.0,0.0
2024-12-17,COMPOSITE,1,1,1.0,5.0,0.0,1,1,持有,123.3808,-0.0007386290009070429,-0.0007386290009069318,-1.1102230246251565e-16,1.6643268412619492,1.1682060029096701,-0.0007386290009070429,0.0
2024-12-18,COMPOSITE,1,1,1.0,5.0,0.0,1,1,持有,123.2593,-0.0009847561370974756,-0.0009847561370976976,2.220446049250313e-16,1.6626878851908804,1.1670556048789105,-0.0017226577685628408,0.0
2024-12-19,COMPOSITE,1,1,1.0,5.0,0.0,1,1,持有,123.2447,-0.00011844948007977418,-0.00011844948007966316,-1.1102230246251565e-16,1.6624909406753445,1.1669173677492886,-0.0018409032007256076,0.0
2024-12-20,COMPOSITE,1,1,1.0,5.0,0.0,1,1,持有,123.6602,0.0033713417290965886,0.0033713417290965886,0.0,1.6680957657578885,1.1708514449655893,0.0,0.0
2024-12-23,COMPOSITE,1,1,1.0,5.0,0.0,1,1,持有,123.6214,-0.000313763037743775,-0.000313763037743775,0.0,1.667572378963177,1.1704840750594703,-0.000313763037743775,0.0
2024-12-24,COMPOSITE,1,1,1.0,5.0,0.0,1,1,持有,123.4298,-0.0015498934650473029,-0.0015498934650473029,0.0,1.6649878194305285,1.1686699494405937,-0.0018631702035092346,0.0
2024-12-25,COMPOSITE,1,1,1.0,5.0,0.0,1,1,持有,123.2676,-0.001314107290135813,-0.001314107290135591,-2.220446049250313e-16,1.6627998467990275,1.1671341917402713,-0.0031748290880978525,0.0
2024-12-26,COMPOSITE,1,1,1.0,5.0,0.0,1,1,持有,123.3905,0.000997017870064898,0.000997017870064676,2.220446049250313e-16,1.6644576879606272,1.1682978453861999,-0.002180976579368221,0.0
2024-12-27,COMPOSITE,1,1,1.0,5.0,0.0,1,1,持有,123.6166,0.0018323939039066595,0.0018323939039068815,-2.220446049250313e-16,1.667507630081357,1.170438627236033,-0.0003525790836501619,0.0
2024-12-30,COMPOSITE,1,1,1.0,5.0,0.0,1,1,持有,123.5197,-0.0007838753047730851,-0.0007838753047730851,0.0,1.6662005120296155,1.16952114930039,-0.0011361780103865682,0.0
2024-12-31,COMPOSITE,1,1,1.0,5.0,0.0,1,1,持有,123.7793,0.0021016890423148915,0.0021016890423146695,2.220446049250313e-16,1.6697023473880475,1.17197911908463,0.0,0.0
2025-01-02,COMPOSITE,1,1,1.0,5.0,0.0,1,1,持有,124.3149,0.004327056301013155,0.004327056301013155,0.0,1.6769272434511293,1.177050338716521,0.0,0.0
2025-01-03,COMPOSITE,1,1,1.0,5.0,0.0,1,1,持有,124.4631,0.0011921338471896359,0.001192133847189858,-2.220446049250313e-16,1.6789263651773219,1.1784535402651513,0.0,0.0
2025-01-06,COMPOSITE,1,1,1.0,5.0,0.0,1,1,持有,124.5227,0.00047885678566572665,0.0004788567856655046,2.220446049250313e-16,1.6797303304599203,1.1790178507394988,0.0,0.0
2025-01-07,COMPOSITE,1,1,1.0,5.0,0.0,1,1,持有,124.4493,-0.0005894507587773656,-0.0005894507587772546,-1.1102230246251565e-16,1.6787402121420893,1.1783228777727686,-0.0005894507587773656,0.0
2025-01-08,COMPOSITE,1,1,1.0,5.0,0.0,1,1,持有,124.4568,6.02655057120316e-05,6.02655057120316e-05,0.0,1.678841382269933,1.1783938899968895,-0.0005292207766134371,0.0
2025-01-09,COMPOSITE,1,1,1.0,5.0,0.0,1,1,持有,124.1598,-0.002386370210386124,-0.002386370210386235,1.1102230246251565e-16,1.6748350452073206,1.1755818059216998,-0.0029143280703035623,0.0
2025-01-10,COMPOSITE,1,1,1.0,5.0,0.0,1,1,持有,124.2388,0.0006362767981260564,0.0006362767981260564,0.0,1.6759007038872746,1.176329801349107,-0.0022799055915107003,0.0
2025-01-13,COMPOSITE,1,1,1.0,5.0,0.0,1,1,持有,124.0307,-0.0016750000804901521,-0.0016750000804900411,-1.1102230246251565e-16,1.67309357007337,1.1743594488371645,-0.003951086829951489,0.0
2025-01-14,COMPOSITE,1,1,1.0,5.0,0.0,1,1,持有,124.1834,0.0012311468047829788,0.0012311468047829788,0.0,1.6751533938762688,1.1758052577202671,-0.0027248043930946375,0.0
2025-01-15,COMPOSITE,1,1,0.2,3.0,2.0,1,1,持有,124.2937,0.0008882024489584861,0.0008882024489584861,0.0,1.676641269223091,1.1768496108296724,-0.001839022122070877,0.0
2025-01-16,COMPOSITE,-1,1,-0.2,2.0,3.0,1,1,持有,124.1899,-0.0008351187550132977,-0.0008351187550132977,0.0,1.6752410746537334,1.1758668016478384,-0.00267260507521927,0.0
2025-01-17,COMPOSITE,-1,-1,-0.2,2.0,3.0,1,-1,多翻空,124.0781,-0.001299794232355822,-0.0009002342380498574,-0.00039955999430596467,1.673063605967093,1.174808246093609,-0.003968925470912876,0.0006693593142496872
2025-01-20,COMPOSITE,-1,-1,-0.6,1.0,4.0,-1,-1,持空,123.9467,0.001059010413602568,-0.001059010413602457,0.002118020827205025,1.6748353977484314,1.1735641119270097,-0.002914118190714965,0.0
2025-01-21,COMPOSITE,-1,-1,-0.6,1.0,4.0,-1,-1,持空,124.0853,-0.0011158566776293677,0.0011182225908394905,-0.002234079268468858,1.6729665214859237,1.174876417828765,-0.0040267231301017725,0.0
2025-01-22,COMPOSITE,-1,-1,-1.0,0.0,5.0,-1,-1,持空,124.1034,-0.00014588432904083515,0.00014586739928090786,-0.000291751728321743,1.672722461887429,1.17504779399631,-0.004172020023340606,0.0
2025-01-23,COMPOSITE,-1,-1,-1.0,0.0,5.0,-1,-1,持空,123.9984,0.0008464137850978659,-0.0008460686814379947,0.0016924824665358607,1.6741382772378135,1.174053622858617,-0.0033291374935020546,0.0
2025-01-24,COMPOSITE,-1,-1,-1.0,0.0,5.0,-1,-1,持空,123.9156,0.000666893260028889,-0.0006677505516199389,0.001334643811648828,1.6752547487712597,1.1732696479043216,-0.002664464412829415,0.0
2025-01-26,COMPOSITE,-1,-1,-1.0,0.0,5.0,-1,-1,持空,123.9746,-0.00047488502148251843,0.0004761305275524652,-0.0009510155490349836,1.6744591953839008,1.1738282774007396,-0.0031380841200719933,0.0
2025-01-27,COMPOSITE,-1,-1,-1.0,0.0,5.0,-1,-1,持空,124.1767,-0.0016274552751777138,0.00163017263213594,-0.003257627907313654,1.6717340879333034,1.1757418201333856,-0.004760432303694495,0.0
2025-02-05,COMPOSITE,-1,-1,-1.0,0.0,5.0,-1,-1,持空,124.2608,-0.0006783379510322263,0.0006772607099398975,-0.0013555986609721238,1.670600087257424,1.1765381038731952,-0.00543554107283184,0.0
2025-02-06,COMPOSITE,-1,-1,-1.0,0.0,5.0,-1,-1,持空,124.3942,-0.001076714712572091,0.0010735485366260011,-0.002150263249198092,1.6688013275646498,1.1778011746328931,-0.0065064032583599385,0.0
2025-02-07,COMPOSITE,-1,-1,-1.0,0.0,5.0,-1,-1,持空,124.4322,-0.00030704093340439,0.0003054804806013056,-0.0006125214140056956,1.668288937247368,1.1781609699017728,-0.006811446459634718,0.0
2025-02-08,COMPOSITE,-1,-1,-1.0,0.0,5.0,-1,-1,持空,124.3858,0.0003750282887715617,-0.00037289383294658585,0.0007479221217181475,1.6689145927926805,1.177721640941878,-0.00643897265597293,0.0
2025-02-10,COMPOSITE,-1,-1,-1.0,0.0,5.0,-1,-1,持空,124.2169,0.00136462352872746,-0.0013578720400562183,0.0027224955687836783,1.671192032913442,1.176122445654674,-0.005083135900832647,0.0
2025-02-11,COMPOSITE,-1,-1,-1.0,0.0,5.0,-1,-1,持空,124.2113,4.5183408329707575e-05,-4.508243242284937e-05,9.026584075255695e-05,1.6712675430654624,1.1760694231939968,-0.005038182165907901,0.0
2025-02-12,COMPOSITE,-1,-1,-1.0,0.0,5.0,-1,-1,持空,124.2041,5.809032884762644e-05,-5.7965740636878316e-05,0.00011605606948450475,1.6713646275466316,1.176001251458841,-0.0049803845067190045,0.0
2025-02-13,COMPOSITE,-1,-1,-1.0,0.0,5.0,-1,-1,持空,124.1524,0.0004170966042527091,-0.0004162503492236569,0.000833346953476366,1.6720617480572495,1.1755117405272337,-0.004565365203931915,0.0
2025-02-14,COMPOSITE,-1,-1,-1.0,0.0,5.0,-1,-1,持空,123.9809,0.0013830221331927461,-0.001381366771806225,0.002764388904998971,1.6743742464628775,1.1738879276690013,-0.003188657071862444,0.0
2025-02-17,COMPOSITE,-1,-1,-1.0,0.0,5.0,-1,-1,持空,123.6874,0.0023635940480917217,-0.00236730012445463,0.004730894172546352,1.6783317874660952,1.1711089826317347,-0.0008325997146471087,0.0
2025-02-18,COMPOSITE,-1,-1,-1.0,0.0,5.0,-1,-1,持空,123.4887,0.0015963839934183266,-0.001606469211900441,0.0032028532053187675,1.6810110494672514,1.1692276321073567,0.0,0.0
2025-02-19,COMPOSITE,-1,-1,-1.0,0.0,5.0,-1,-1,持空,123.5553,-0.0005342210279343229,0.0005393206018042829,-0.0010735416297386058,1.680113018016436,1.169858220657551,-0.0005342210279343229,0.0
2025-02-20,COMPOSITE,-1,-1,-1.0,0.0,5.0,-1,-1,持空,123.3885,0.0013386741187264573,-0.0013500027922720426,0.0026886769109985,1.68236214183019,1.168278908793101,0.0,0.0
2025-02-21,COMPOSITE,-1,-1,-1.0,0.0,5.0,-1,-1,持空,123.0746,0.0025158755030347812,-0.0025439972120578913,0.0050598727150926726,1.6865947555300536,1.1653068105062252,0.0,0.0
2025-02-24,COMPOSITE,-1,-1,-1.0,0.0,5.0,-1,-1,持空,122.696,0.0030268240892346032,-0.0030761830629553177,0.006103007152189921,1.6916997811648686,1.1617221134325995,0.0,0.0
2025-02-25,COMPOSITE,-1,-1,-1.0,0.0,5.0,-1,-1,持空,122.8672,-0.0013645761763491082,0.0013953185107908883,-0.0027598946871399965,1.689391327945956,1.1633430858018672,-0.0013645761763491082,0.0
2025-02-26,COMPOSITE,-1,-1,-1.0,0.0,5.0,-1,-1,持空,122.9709,-0.0008276863890684938,0.0008440006771539554,-0.0016716870662224492,1.687993041738005,1.1643249481540463,-0.002191133124289535,0.0
2025-02-27,COMPOSITE,-1,-1,-1.0,0.0,5.0,-1,-1,持空,122.7299,0.0019251461633273959,-0.0019598132566323034,0.0038849594199596993,1.69124267506603,1.1620430886856263,-0.00027020521248977136,0.0
2025-02-28,COMPOSITE,-1,-1,-1.0,0.0,5.0,-1,-1,持空,122.9164,-0.0014869289774153138,0.0015195970989951846,-0.0030065260764104984,1.688727917324633,1.1638089259921005,-0.001756732413944806,0.0
2025-03-03,COMPOSITE,-1,-1,-1.0,0.0,5.0,-1,-1,持空,123.0968,-0.0014404366662993384,0.001467664201034502,-0.0029081008673338404,1.6862954117131153,1.1655170066896234,-0.0031946386184622533,0.0
2025-03-04,COMPOSITE,-1,-1,-1.0,0.0,5.0,-1,-1,持空,123.1264,-0.00023668752608774213,0.00024046116552156604,-0.0004771486916093082,1.6858962866238638,1.1657972682674873,-0.0034305700134386052,0.0
2025-03-05,COMPOSITE,-1,-1,-1.0,0.0,5.0,-1,-1,持空,123.1341,-6.158531806010892e-05,6.253735998118515e-05,-0.00012412267804129407,1.6857924601648357,1.165870174150918,-0.0034919440587533046,0.0
2025-03-06,COMPOSITE,-1,-1,-1.0,0.0,5.0,-1,-1,持空,122.8403,0.0023499845227363814,-0.0023860165461883076,0.004736001068924689,1.689754046354769,1.1630883886246866,-0.0011501655505091746,0.0
2025-03-07,COMPOSITE,-1,-1,-1.0,0.0,5.0,-1,-1,持空,122.3101,0.0042309076501863,-0.004316173112569599,0.008547080762755899,1.6969032396764245,1.1580682977941628,0.0,0.0
2025-03-10,COMPOSITE,-1,-1,-1.0,0.0,5.0,-1,-1,持空,122.1793,0.0010393647478945667,-0.0010694129102992722,0.002108777658193839,1.6986669410843322,1.1568298446054934,0.0,0.0
2025-03-11,COMPOSITE,-1,-1,-1.0,0.0,5.0,-1,-1,持空,121.5736,0.0048080243282697666,-0.0049574682454394114,0.009765492573709178,1.7068341730626932,1.151094897385485,0.0,0.0
2025-03-12,COMPOSITE,-1,-1,-1.0,0.0,5.0,-1,-1,持空,121.9088,-0.002648073273893936,0.0027571775451249447,-0.005405250819018881,1.702314351106037,1.1542686703888643,-0.002648073273893936,0.0
2025-03-13,COMPOSITE,-1,-1,-1.0,0.0,5.0,-1,-1,持空,121.8257,0.0006582313774383675,-0.0006816571076083688,0.0013398884850467363,1.7034348678261986,1.153481854945604,-0.0019915849413743025,0.0
2025-03-14,COMPOSITE,-1,-1,-1.0,0.0,5.0,-1,-1,持空,121.8961,-0.0005572684347802115,0.0005778747833995457,-0.0011351432181797572,1.702485597343655,1.1541484230226862,-0.0025477435287314387,0.0
2025-03-17,COMPOSITE,-1,-1,-0.6,1.0,4.0,-1,-1,持空,121.3832,0.004062249277483554,-0.00420768178801445,0.008269931065498004,1.7094015182313904,1.149292133722468,0.0,0.0
2025-03-18,COMPOSITE,-1,-1,-0.6,1.0,4.0,-1,-1,持空,121.4644,-0.0006405149361455864,0.0006689558357333425,-0.001309470771878929,1.7083066210270932,1.1500609594022841,-0.0006405149361455864,0.0
2025-03-19,COMPOSITE,-1,-1,-0.6,1.0,4.0,-1,-1,持空,121.4866,-0.0001752283888933892,0.00018276960162810774,-0.00035799799052149694,1.7080072772101547,1.1502711555856822,-0.0008156310886386908,0.0
2025-03-20,COMPOSITE,-1,-1,-0.6,1.0,4.0,-1,-1,持空,121.8763,-0.0030765077019269116,0.003207761185184177,-0.0062842688871110886,1.7027525796668703,1.153960950751007,-0.0038896294952395216,0.0
2025-03-21,COMPOSITE,-1,-1,-0.6,1.0,4.0,-1,-1,持空,121.852,0.00019242967408117373,-0.00019938248863826669,0.0003918121627194404,1.7030802397908165,1.1537308711448548,-0.0036979483012944403,0.0
2025-03-24,COMPOSITE,-1,-1,-0.6,1.0,4.0,-1,-1,持空,121.8235,0.00022564570299321574,-0.0002338902931423581,0.00045953599613557383,1.703464532528778,1.1534610246931953,-0.003473137024445294,0.0
2025-03-25,COMPOSITE,-1,-1,-0.6,1.0,4.0,-1,-1,持空,122.0485,-0.0017810115670765514,0.0018469342942866174,-0.0036279458613631688,1.7004306424922397,1.155591391416824,-0.005247962894307179,0.0
2025-03-26,COMPOSITE,-1,-1,-0.2,2.0,3.0,-1,-1,持空,122.22,-0.00135994867878797,0.0014051790886406845,-0.0027651277674286545,1.6981181440866118,1.1572152042750563,-0.00660077461289077,0.0
2025-03-27,COMPOSITE,-1,-1,-0.2,2.0,3.0,-1,-1,持空,122.2012,0.00014928193799712552,-0.00015382097856320165,0.0003031029165603272,1.698371642454109,1.1570372002999265,-0.0064524780513200986,0.0
2025-03-28,COMPOSITE,-1,-1,-0.2,2.0,3.0,-1,-1,持空,122.1762,0.00019848358540741629,-0.00020458064241601903,0.0004030642278234353,1.6987087413470578,1.15680049288619,-0.006255275176890951,0.0
2025-03-31,COMPOSITE,-1,-1,-0.2,2.0,3.0,-1,-1,持空,122.1429,0.0002643276710589948,-0.00027255717562013615,0.0005368848466791309,1.6991577570724656,1.156485198611093,-0.00599260094815135,0.0
2025-04-01,COMPOSITE,-1,-1,-0.2,2.0,3.0,-1,-1,持空,122.1734,-0.000242037943613993,0.0002497075147225303,-0.0004917454583365233,1.698746496423068,1.1567739816558515,-0.006233188454954908,0.0
2025-04-02,COMPOSITE,-1,-1,-0.2,2.0,3.0,-1,-1,持空,122.321,-0.0011715885025574968,0.0012081189522430424,-0.0023797074548005392,1.696756264559099,1.1581715022265517,-0.007397474225584344,0.0
2025-04-03,COMPOSITE,-1,-1,-0.2,2.0,3.0,-1,-1,持空,123.0344,-0.005669319872340872,0.005832195616451985,-0.011501515488792857,1.6871368105499152,1.164926184984937,-0.013024855450292971,0.0
2025-04-07,COMPOSITE,-1,-1,-0.2,2.0,3.0,-1,-1,持空,123.6909,-0.005246887432885483,0.005335906055542239,-0.010582793488427722,1.6782845936210824,1.1711421216696578,-0.018203402932801094,0.0
2025-04-08,COMPOSITE,-1,-1,-0.2,2.0,3.0,-1,-1,持空,123.4007,0.0023315735389703995,-0.0023461709794334595,0.004677744518403859,1.6821976375704308,1.1683944220110043,-0.01591427196642814,0.0
2025-04-09,COMPOSITE,-1,-1,-0.2,2.0,3.0,-1,-1,持空,123.5073,-0.0008544713459526232,0.0008638524740947062,-0.0017183238200473294,1.6807602478908976,1.169403742423177,-0.0167551450229938,0.0
2025-04-10,COMPOSITE,-1,-1,-0.2,2.0,3.0,-1,-1,持空,123.4626,0.00035860725606085,-0.0003619219268821139,0.0007205291829429639,1.68136298071149,1.168980509567416,-0.016402546283514563,0.0
2025-04-11,COMPOSITE,-1,-1,-0.2,2.0,3.0,-1,-1,持空,123.5336,-0.0005693957027467222,0.000575072937067711,-0.0011444686398144333,1.6804056198555155,1.1696527586224277,-0.016962602446893293,0.0
2025-04-14,COMPOSITE,-1,-1,-0.2,2.0,3.0,-1,-1,持空,123.4136,0.0009629072094468061,-0.000971395636490846,0.0019343028459376521,1.6820236945416693,1.1685165630364924,-0.016016028649633585,0.0
2025-04-15,COMPOSITE,-1,-1,-0.2,2.0,3.0,-1,-1,持空,123.4784,-0.0005194696919896824,0.000525063688280536,-0.0010445333802702184,1.6811499342111464,1.1691301086528973,-0.016527178500153727,0.0
2025-04-16,COMPOSITE,-1,-1,-0.2,2.0,3.0,-1,-1,持空,123.6551,-0.0014172531116206644,0.0014310195143443227,-0.002848272625964987,1.6787673192357848,1.1708031566531871,-0.0179210084166187,0.0
2025-04-17,COMPOSITE,-1,-1,-0.2,2.0,3.0,-1,-1,持空,123.6218,0.0002674675163514273,-0.0002692974248534874,0.0005367649412049147,1.6792163349611926,1.17048786237809,-0.0176583341878791,0.0
2025-04-18,COMPOSITE,-1,-1,-0.2,2.0,3.0,-1,-1,持空,123.5925,0.00023527635737585761,-0.00023701321287994404,0.00047228957025580165,1.6796114148637284,1.170210441289191,-0.01742721241904821,0.0
2025-04-21,COMPOSITE,-1,-1,-0.2,2.0,3.0,-1,-1,持空,123.4825,0.0008830823104966079,-0.0008900216437081054,0.0017731039542047133,1.6810946499927026,1.1691689286687503,-0.016559519771560227,0.0
2025-04-22,COMPOSITE,-1,-1,-0.2,2.0,3.0,-1,-1,持空,123.5243,-0.00033527520238829656,0.00033850950539537905,-0.0006737847077836756,1.6805310206436925,1.1695647034645176,-0.016889242977605634,0.0
2025-04-23,COMPOSITE,-1,-1,-0.2,2.0,3.0,-1,-1,持空,123.3972,0.0010198031162165222,-0.0010289473407256722,0.0020487504569421944,1.6822448314154437,1.1683612829730812,-0.01588666356400814,0.0
2025-04-24,COMPOSITE,-1,-1,-0.2,2.0,3.0,-1,-1,持空,123.4148,-0.00014107198679047528,0.00014262884409066423,-0.0002837008308811395,1.6820075137948078,1.168527924992352,-0.016025494387606143,0.0
2025-04-25,COMPOSITE,1,-1,0.2,3.0,2.0,-1,-1,持空,123.4061,6.974428698103274e-05,-7.049397641134547e-05,0.00014023826339237822,1.6821248242095541,1.1684455508123714,-0.015956867787304763,0.0
2025-04-27,COMPOSITE,1,1,0.6,4.0,1.0,-1,1,空翻多,123.3952,-0.0003103910597013204,-8.832626588139991e-05,-0.0002220647938199205,1.6816027077028177,1.1683423463799825,-0.016262305977904123,0.000669091624061997
2025-04-28,COMPOSITE,1,1,0.6,4.0,1.0,1,1,持有,123.4845,0.0007236910349834869,0.0007236910349832648,2.220446049250313e-16,1.6828196685067862,1.169187865261849,-0.01555038382796503,0.0
2025-04-29,COMPOSITE,1,1,0.6,4.0,1.0,1,1,持有,123.662,0.001437427369426869,0.001437427369426869,0.0,1.6852385995561079,1.1708684878993783,-0.014135309005857466,0.0
2025-04-30,COMPOSITE,1,1,0.6,4.0,1.0,1,1,持有,123.7011,0.00031618443822689635,0.00031618443822689635,0.0,1.6857714457759867,1.1712386982944623,-0.013823593932367761,0.0
2025-05-06,COMPOSITE,1,1,0.6,4.0,1.0,1,1,持有,123.7163,0.00012287683779699243,0.00012287683779699243,0.0,1.685978588040492,1.1713826164020142,-0.013702415694080261,0.0
2025-05-07,COMPOSITE,1,1,0.6,4.0,1.0,1,1,持有,123.6662,-0.00040495876452828483,-0.00040495876452828483,0.0,1.6852958362344581,1.1709082547448861,-0.014101825545277946,0.0
2025-05-08,COMPOSITE,1,1,0.6,4.0,1.0,1,1,持有,123.7163,0.0004051228225658843,0.0004051228225661063,-2.220446049250313e-16,1.685978588040492,1.1713826164020142,-0.013702415694080261,0.0
2025-05-09,COMPOSITE,1,1,0.6,4.0,1.0,1,1,持有,123.7715,0.000446182111815574,0.00044618211181535194,2.220446049250313e-16,1.6867308415273796,1.1719052663715444,-0.013262347355036064,0.0
2025-05-12,COMPOSITE,1,1,0.6,4.0,1.0,1,1,持有,123.2919,-0.0038748823436736135,-0.0038748823436736135,0.0,1.6801949579710154,1.1673642713464232,-0.01708583966310806,0.0
2025-05-13,COMPOSITE,1,1,0.6,4.0,1.0,1,1,持有,123.3906,0.0008005392081718021,0.0008005392081715801,2.220446049250313e-16,1.6815400199122439,1.1682987922158548,-0.01629897833949101,0.0
2025-05-14,COMPOSITE,1,1,0.6,4.0,1.0,1,1,持有,123.3654,-0.00020422949560194859,-0.00020422949560172654,-2.220446049250313e-16,1.6811965998421428,1.1680601911428083,-0.016499879102967907,0.0
2025-05-15,COMPOSITE,1,1,0.6,4.0,1.0,1,1,持有,123.309,-0.00045717843090520294,-0.00045717843090531396,1.1102230246251565e-16,1.6804279930185837,1.1675261792174187,-0.01694951414503465,0.0
2025-05-16,COMPOSITE,1,1,0.6,4.0,1.0,1,1,持有,123.2117,-0.0007890746012051419,-0.0007890746012049199,-2.220446049250313e-16,1.6791020099701386,1.1666049139631565,-0.017725214315125193,0.0
2025-05-19,COMPOSITE,1,1,0.6,4.0,1.0,1,1,持有,123.3248,0.0009179323067534106,0.0009179323067531886,2.220446049250313e-16,1.6806433119514248,1.1676757783029001,-0.01682355255523582,0.0
2025-05-20,COMPOSITE,1,1,0.6,4.0,1.0,1,1,持有,123.3953,0.0005716611743946665,0.0005716611743948885,-2.220446049250313e-16,1.6816040704808737,1.1683432932096374,-0.0162615087526522,0.0
2025-05-21,COMPOSITE,1,1,0.6,4.0,1.0,1,1,持有,123.3525,-0.0003468527569525648,-0.0003468527569526758,1.1102230246251565e-16,1.6810208014729247,1.1679380501173204,-0.016602721160461797,0.0
2025-05-22,COMPOSITE,1,1,0.6,4.0,1.0,1,1,持有,123.3271,-0.00020591394580571354,-0.00020591394580582456,1.1102230246251565e-16,1.6806746558467118,1.167697555384964,-0.01680521637444221,0.0
2025-05-23,COMPOSITE,1,1,0.6,4.0,1.0,1,1,持有,123.2795,-0.00038596545284852457,-0.00038596545284852457,0.0,1.6800259734920768,1.1672468644692098,-0.017184695594342658,0.0
2025-05-26,COMPOSITE,1,1,1.0,5.0,0.0,1,1,持有,123.3587,0.0006424425796665023,0.0006424425796665023,0.0,1.6811052937123938,1.167996753555927,-0.016553293194844554,0.0
2025-05-27,COMPOSITE,1,1,1.0,5.0,0.0,1,1,持有,123.3147,-0.0003566833956583082,-0.0003566833956583082,0.0,1.6805056713677733,1.1675801485077508,-0.01690407230567681,0.0
2025-05-28,COMPOSITE,1,1,1.0,5.0,0.0,1,1,持有,123.2522,-0.0005068333296841532,-0.0005068333296843752,2.220446049250313e-16,1.6796539350828008,1.1669883799734093,-0.017402338088109093,0.0
2025-05-29,COMPOSITE,1,1,1.0,5.0,0.0,1,1,持有,123.0881,-0.0013314163966241521,-0.001331416396624041,-1.1102230246251565e-16,1.6774176162929773,1.165434632509643,-0.018710584726463142,0.0
2025-05-30,COMPOSITE,1,1,1.0,5.0,0.0,1,1,持有,123.2801,0.0015598583453639847,0.0015598583453642068,-2.220446049250313e-16,1.6800341501604126,1.1672525454471396,-0.01717991224283133,0.0
2025-06-03,COMPOSITE,1,1,1.0,5.0,0.0,1,1,持有,123.2748,-4.299152904652104e-05,-4.299152904674308e-05,2.220446049250313e-16,1.6799619229234468,1.1672023634754272,-0.01722216518118158,0.0
2025-06-04,COMPOSITE,1,1,1.0,5.0,0.0,1,1,持有,123.2988,0.00019468699198865735,0.00019468699198865735,0.0,1.6802889896568762,1.1674296025926143,-0.017030831120727563,0.0
2025-06-05,COMPOSITE,1,1,1.0,5.0,0.0,1,1,持有,123.3364,0.00030495025093513206,0.00030495025093491,2.220446049250313e-16,1.6808013942059157,1.1677856105428739,-0.0167310744260164,0.0
2025-06-06,COMPOSITE,1,1,1.0,5.0,0.0,1,1,持有,123.4396,0.0008367359514303008,0.0008367359514305228,-2.220446049250313e-16,1.682207781159662,1.1687627387467783,-0.01590833796606428,0.0
2025-06-09,COMPOSITE,1,1,1.0,5.0,0.0,1,1,持有,123.5132,0.0005962430208783509,0.0005962430208783509,0.0,1.6832107858088456,1.1694596053728188,-0.01532158018067209,0.0
2025-06-10,COMPOSITE,1,1,1.0,5.0,0.0,1,1,持有,123.5174,3.400446268075896e-05,3.400446268075896e-05,0.0,1.6832680224871956,1.1694993722183264,-0.015288096720092681,0.0
2025-06-11,COMPOSITE,1,1,1.0,5.0,0.0,1,1,持有,123.5655,0.000389418818725229,0.00038941881872500694,2.220446049250313e-16,1.6839235187321104,1.1699547972823554,-0.01490463137393283,0.0
2025-06-12,COMPOSITE,1,1,1.0,5.0,0.0,1,1,持有,123.5658,2.4278621459927763e-06,2.4278621459927763e-06,0.0,1.6839276070662783,1.1699576377713203,-0.014902239698177167,0.0
2025-06-13,COMPOSITE,1,1,1.0,5.0,0.0,1,1,持有,123.5496,-0.00013110423758022627,-0.0001311042375804483,2.220446049250313e-16,1.6837068370212136,1.1698042513672189,-0.015031390188983473,0.0
2025-06-16,COMPOSITE,1,1,1.0,5.0,0.0,1,1,持有,123.5678,0.00014730925879158363,0.00014730925879180568,-2.220446049250313e-16,1.6839548626273977,1.1699765743644193,-0.01488629519313911,0.0
2025-06-17,COMPOSITE,1,1,1.0,5.0,0.0,1,1,持有,123.6003,0.0002630135035179837,0.00026301350351776165,2.220446049250313e-16,1.6843977654955833,1.1702842940022766,-0.01462719698627446,0.0
2025-06-18,COMPOSITE,1,1,1.0,5.0,0.0,1,1,持有,123.6447,0.000359222429071826,0.00035922242907204804,-2.220446049250313e-16,1.6850028389524276,1.1707046863690729,-0.014273228974434615,0.0
2025-06-19,COMPOSITE,1,1,1.0,5.0,0.0,1,1,持有,123.6816,0.00029843575988297566,0.00029843575988297566,0.0,1.6855057040550754,1.171054066511748,-0.013979052856486596,0.0
2025-06-20,COMPOSITE,1,1,1.0,5.0,0.0,1,1,持有,123.6815,-8.085277035663196e-07,-8.085277035663196e-07,0.0,1.6855043412770192,1.1710531196820928,-0.013979850081738632,0.0
2025-06-23,COMPOSITE,1,1,1.0,5.0,0.0,1,1,持有,123.6845,2.425585071330616e-05,2.425585071330616e-05,0.0,1.685545224618698,1.1710815245717412,-0.01395593332418188,0.0
2025-06-24,COMPOSITE,1,1,1.0,5.0,0.0,1,1,持有,123.6061,-0.0006338708568979223,-0.0006338708568981444,2.220446049250313e-16,1.6844768066228286,1.1703392101222634,-0.014580957921664806,0.0
2025-06-25,COMPOSITE,1,1,1.0,5.0,0.0,1,1,持有,123.5456,-0.0004894580445463648,-0.0004894580445461427,-2.220446049250313e-16,1.6836523258989753,1.1697663781810212,-0.015063279199059254,0.0
2025-06-26,COMPOSITE,1,1,1.0,5.0,0.0,1,1,持有,123.5013,-0.0003585720576045892,-0.00035857205760470023,1.1102230246251565e-16,1.683048615220187,1.1693469326438801,-0.015416449985647174,0.0
2025-06-27,COMPOSITE,1,1,1.0,5.0,0.0,1,1,持有,123.5452,0.00035546184534096525,0.0003554618453407432,2.220446049250313e-16,1.6836468747867515,1.1697625908624012,-0.015066468100066732,0.0
2025-06-30,COMPOSITE,1,1,1.0,5.0,0.0,1,1,持有,123.5027,-0.0003440036521046297,-0.00034400365210440764,-2.220446049250313e-16,1.6830676941129703,1.1693601882590494,-0.015405288832120667,0.0
2025-07-01,COMPOSITE,1,1,1.0,5.0,0.0,1,1,持有,123.5604,0.00046719626372548895,0.0004671962637252669,2.220446049250313e-16,1.6838540170512568,1.1699065089699532,-0.014945289861779232,0.0
2025-07-02,COMPOSITE,1,1,1.0,5.0,0.0,1,1,持有,123.69,0.0010488797381684734,0.0010488797381684734,0.0,1.6856201774117756,1.1711336002027632,-0.013912085935327778,0.0
2025-07-03,COMPOSITE,1,1,1.0,5.0,0.0,1,1,持有,123.7217,0.00025628587598025554,0.00025628587598025554,0.0,1.6860521780555136,1.1714337452033812,-0.013659365530478196,0.0
2025-07-04,COMPOSITE,1,1,1.0,5.0,0.0,1,1,持有,123.73,6.708604876903834e-05,6.708604876926039e-05,-2.220446049250313e-16,1.6861652886341578,1.1715123320647418,-0.013593195834571192,0.0
2025-07-07,COMPOSITE,1,1,1.0,5.0,0.0,1,1,持有,123.7389,7.193081710177296e-05,7.193081710155091e-05,2.220446049250313e-16,1.686286575881138,1.1715965999040319,-0.01352224278715275,0.0
2025-07-08,COMPOSITE,1,1,1.0,5.0,0.0,1,1,持有,123.6681,-0.0005721725342637818,-0.0005721725342635597,-2.220446049250313e-16,1.685321729017521,1.1709262445083302,-0.014086678265492147,0.0
2025-07-09,COMPOSITE,1,1,1.0,5.0,0.0,1,1,持有,123.6511,-0.000137464714020763,-0.000137464714020874,1.1102230246251565e-16,1.6850900567480087,1.1707652834669893,-0.014222206558313633,0.0
2025-07-10,COMPOSITE,1,1,1.0,5.0,0.0,1,1,持有,123.5754,-0.000612206442158536,-0.0006122064421586471,1.1102230246251565e-16,1.6840584337596503,1.1700485334181951,-0.01482570607399547,0.0
2025-07-11,COMPOSITE,1,1,1.0,5.0,0.0,1,1,持有,123.4573,-0.0009556918286325322,-0.0009556918286325322,0.0,1.6824489928755664,1.168930327595704,-0.01576722909647943,0.0
2025-07-14,COMPOSITE,1,1,1.0,5.0,0.0,1,1,持有,123.3809,-0.0006188374442014366,-0.0006188374442014366,0.0,1.681407830440816,1.168206949739325,-0.01637630918892463,0.0
2025-07-15,COMPOSITE,1,1,1.0,5.0,0.0,1,1,持有,123.5143,0.0010812046272965503,0.0010812046272965503,0.0,1.6832257763674612,1.1694700204990232,-0.015312810702901247,0.0
2025-07-16,COMPOSITE,1,1,1.0,5.0,0.0,1,1,持有,123.5445,0.0002445061017226635,0.00024450610172244147,2.220446049250313e-16,1.6836373353403598,1.1697559630548167,-0.015072048676829986,0.0
2025-07-17,COMPOSITE,1,1,1.0,5.0,0.0,1,1,持有,123.5372,-5.908802091547649e-05,-5.908802091547649e-05,0.0,1.683537852542275,1.1696868444900057,-0.015130246120218072,0.0
2025-07-18,COMPOSITE,1,1,1.0,5.0,0.0,1,1,持有,123.4859,-0.00041525953316090547,-0.0004152595331606834,-2.220446049250313e-16,1.6828387473995696,1.1692011208770186,-0.015539222674438524,0.0
2025-07-21,COMPOSITE,1,1,1.0,5.0,0.0,1,1,持有,123.3711,-0.0009296607952811176,-0.0009296607952811176,0.0,1.6812742781913323,1.1681141604331404,-0.016454437263609956,0.0
2025-07-22,COMPOSITE,1,1,1.0,5.0,0.0,1,1,持有,123.3072,-0.0005179495035709802,-0.0005179495035712023,2.220446049250313e-16,1.6804034630135765,1.1675091362836296,-0.016963864199568746,0.0
2025-07-23,COMPOSITE,1,1,1.0,5.0,0.0,1,1,持有,123.0613,-0.001994206339937854,-0.001994206339937854,0.0,1.6770523917739812,1.1651808821621175,-0.01892424109396995,0.0
2025-07-24,COMPOSITE,1,1,1.0,5.0,0.0,1,1,持有,122.8585,-0.0016479591878193478,-0.0016479591878193478,0.0,1.674288677876503,1.163260711621887,-0.020541013904806005,0.0
2025-07-25,COMPOSITE,1,1,1.0,5.0,0.0,1,1,持有,122.8153,-0.0003516240227580125,-0.00035162402275812354,1.1102230246251565e-16,1.6736999577563298,1.16285168121095,-0.020885415213623304,0.0
2025-07-28,COMPOSITE,1,1,1.0,5.0,0.0,1,1,持有,122.9395,0.0010112746538908368,0.0010112746538910589,-2.220446049250313e-16,1.675392528101827,1.1640276436423933,-0.019895261450774027,0.0
2025-07-29,COMPOSITE,1,1,1.0,5.0,0.0,1,1,持有,122.7172,-0.0018082064755426952,-0.0018082064755429172,2.220446049250313e-16,1.6723630724834373,1.1619228413194482,-0.021667493185728803,0.0
2025-07-30,COMPOSITE,1,1,1.0,5.0,0.0,1,1,持有,122.8852,0.0013690012483986713,0.0013690012483984493,2.220446049250313e-16,1.674652539617443,1.1635135151397573,-0.02032815476255101,0.0
2025-07-31,COMPOSITE,1,1,1.0,5.0,0.0,1,1,持有,123.0465,0.0013126072138873734,0.0013126072138873734,0.0,1.6768507006216997,1.1650407513731853,-0.019042230431249973,0.0
2025-08-01,COMPOSITE,1,1,1.0,5.0,0.0,1,1,持有,123.0578,9.183520051370131e-05,9.183520051370131e-05,0.0,1.6770046945420227,1.1651477431241943,-0.018952143977786218,0.0
2025-08-04,COMPOSITE,1,1,1.0,5.0,0.0,1,1,持有,123.1497,0.0007468035345992163,0.0007468035345992163,0.0,1.6782570875754461,1.1660178795770897,-0.01821949397129785,0.0
2025-08-05,COMPOSITE,1,1,1.0,5.0,0.0,1,1,持有,123.0987,-0.0004141301196836089,-0.0004141301196836089,0.0,1.6775620707669086,1.1655349964530672,-0.01862607884976264,0.0
2025-08-06,COMPOSITE,1,1,1.0,5.0,0.0,1,1,持有,123.1615,0.0005101597336121255,0.0005101597336121255,0.0,1.678417895386049,1.1661296054763735,-0.018125421391574692,0.0
2025-08-07,COMPOSITE,1,1,1.0,5.0,0.0,1,1,持有,123.2399,0.0006365625621644888,0.0006365625621644888,0.0,1.6794863133819184,1.1668719199258513,-0.017500396794091655,0.0
2025-08-08,COMPOSITE,1,1,1.0,5.0,0.0,1,1,持有,123.2492,7.54625734036285e-05,7.546257340340645e-05,2.220446049250313e-16,1.6796130517411223,1.166959975083761,-0.017426254845665734,0.0
2025-08-11,COMPOSITE,1,1,1.0,5.0,0.0,1,1,持有,123.1016,-0.0011975736962186456,-0.0011975736962185346,-1.1102230246251565e-16,1.6776015913305315,1.1655624545130607,-0.01860295931745759,0.0
2025-08-12,COMPOSITE,1,1,1.0,5.0,0.0,1,1,持有,122.9455,-0.0012680582543201924,-0.0012680582543198593,-3.3306690738754696e-16,1.6754742947851842,1.16408445342169,-0.019847427935660522,0.0
2025-08-13,COMPOSITE,1,1,1.0,5.0,0.0,1,1,持有,122.961,0.00012607212138715518,0.00012607212138693313,2.220446049250313e-16,1.6756855253838574,1.1642312120182066,-0.019723858021617358,0.0
2025-08-14,COMPOSITE,1,1,1.0,5.0,0.0,1,1,持有,122.9142,-0.00038060848561738414,-0.00038060848561738414,0.0,1.67504774525367,1.1637880957396918,-0.020096959439502515,0.0
2025-08-15,COMPOSITE,1,1,1.0,5.0,0.0,1,1,持有,122.8386,-0.000615063190420595,-0.000615063190420595,0.0,1.6740174850433676,1.1630722925205526,-0.02069966172993254,0.0
2025-08-18,COMPOSITE,1,1,1.0,5.0,0.0,1,1,持有,122.4656,-0.0030365048120053473,-0.0030365048120053473,0.0,1.6689343228946523,1.1595406179076038,-0.02367331191948807,0.0
2025-08-19,COMPOSITE,1,1,1.0,5.0,0.0,1,1,持有,122.464,-1.3064893325198668e-05,-1.3064893324976623e-05,-2.220446049250313e-16,1.668912518445757,1.159525468633125,-0.023686067523518317,0.0
2025-08-20,COMPOSITE,1,1,1.0,5.0,0.0,1,1,持有,122.4643,2.449699503470626e-06,2.449699503470626e-06,0.0,1.6689166067799248,1.1595283091220896,-0.023683675847762653,0.0
2025-08-21,COMPOSITE,1,1,1.0,5.0,0.0,1,1,持有,122.4538,-8.573927258803682e-05,-8.573927258803682e-05,0.0,1.6687735150840495,1.1594288920083202,-0.02376738449921123,0.0
2025-08-22,COMPOSITE,1,1,1.0,5.0,0.0,1,1,持有,122.4339,-0.00016251026917912803,-0.000162510269179017,-1.1102230246251565e-16,1.668502322250914,1.159240472906986,-0.023926032324337765,0.0
2025-08-25,COMPOSITE,1,1,1.0,5.0,0.0,1,1,持有,122.5162,0.0006721994480287652,0.0006721994480285431,2.220446049250313e-16,1.669623888590966,1.1600197137130066,-0.023269915942030872,0.0
2025-08-26,COMPOSITE,1,1,1.0,5.0,0.0,1,1,持有,122.5441,0.00022772498657319673,0.00022772498657319673,0.0,1.6700041036685775,1.1602838791867365,-0.02304749009675322,0.0
2025-08-27,COMPOSITE,1,1,1.0,5.0,0.0,1,1,持有,122.5359,-6.691468622310737e-05,-6.691468622310737e-05,0.0,1.6698923558679892,1.160206239155031,-0.0231128625674083,0.0
2025-08-28,COMPOSITE,1,1,1.0,5.0,0.0,1,1,持有,122.3811,-0.0012633032441921044,-0.0012633032441921044,0.0,1.6677827754373695,1.1587405468491745,-0.024346967257336427,0.0
2025-08-29,COMPOSITE,1,1,1.0,5.0,0.0,1,1,持有,122.3554,-0.00020999974669277943,-0.00020999974669289045,1.1102230246251565e-16,1.667432541476989,1.1584972116278534,-0.024551854147072505,0.0
2025-09-01,COMPOSITE,1,1,1.0,5.0,0.0,1,1,持有,122.4135,0.00047484622664772935,0.0004748462266479514,-2.220446049250313e-16,1.6682243155274992,1.159047319657377,-0.02408866627572359,0.0
2025-09-02,COMPOSITE,1,1,1.0,5.0,0.0,1,1,持有,122.4769,0.0005179167330400247,0.0005179167330400247,0.0,1.6690883168149753,1.1596476096586128,-0.023583225466024316,0.0
2025-09-03,COMPOSITE,1,1,1.0,5.0,0.0,1,1,持有,122.6084,0.001073671851590019,0.001073671851590019,0.0,1.6708803699585573,1.1608926906548669,-0.02253487425978684,0.0
2025-09-04,COMPOSITE,1,1,1.0,5.0,0.0,1,1,持有,122.7072,0.0008058175459428885,0.0008058175459431105,-2.220446049250313e-16,1.6722267946778415,1.1618281583539536,-0.02174721571091809,0.0
2025-09-05,COMPOSITE,1,1,1.0,5.0,0.0,1,1,持有,122.5032,-0.0016624941323736264,-0.0016624941323735154,-1.1102230246251565e-16,1.6694467274436917,1.1598966258578638,-0.0233735552247768,0.0
2025-09-08,COMPOSITE,1,1,1.0,5.0,0.0,1,1,持有,122.3226,-0.0014742472033384413,-0.0014742472033385523,1.1102230246251565e-16,1.6669855502746354,1.158186651501031,-0.02481334402969304,0.0
2025-09-09,COMPOSITE,1,1,1.0,5.0,0.0,1,1,持有,122.2398,-0.000676898627072875,-0.000676898627073097,2.220446049250313e-16,1.6658571700443041,1.1574026765467356,-0.025473446538259115,0.0
2025-09-10,COMPOSITE,1,1,1.0,5.0,0.0,1,1,持有,122.0016,-0.0019486288426520115,-0.0019486288426517895,-2.220446049250313e-16,1.6626110327150172,1.1551473283086542,-0.027372437088264867,0.0
2025-09-11,COMPOSITE,1,1,1.0,5.0,0.0,1,1,持有,122.0809,0.000649991475521583,0.000649991475521805,-2.220446049250313e-16,1.6636917157133901,1.1558981642250266,-0.02674023746351495,0.0
2025-09-12,COMPOSITE,1,1,1.0,5.0,0.0,1,1,持有,122.1846,0.0008494367259743729,0.0008494367259741509,2.220446049250313e-16,1.6651049165574163,1.1568800265772055,-0.025913514877303312,0.0
2025-09-15,COMPOSITE,1,1,1.0,5.0,0.0,1,1,持有,122.2439,0.00048533121195304396,0.00048533121195304396,0.0,1.6659130439445982,1.1574414965625885,-0.02544076030293163,0.0
2025-09-16,COMPOSITE,1,1,1.0,5.0,0.0,1,1,持有,122.3468,0.0008417597933312315,0.0008417597933312315,0.0,1.6673153425641767,1.158415784277528,-0.024620415518735284,0.0
2025-09-17,COMPOSITE,1,1,1.0,5.0,0.0,1,1,持有,122.4944,0.0012064067061827721,0.00120640670618255,2.220446049250313e-16,1.6693268029747674,1.1598133048482282,-0.023443711046943316,0.0
2025-09-18,COMPOSITE,1,1,1.0,5.0,0.0,1,1,持有,122.4011,-0.0007616674721455663,-0.0007616674721454553,-1.1102230246251565e-16,1.6680553310485609,1.1589299127801638,-0.02418752220695808,0.0
2025-09-19,COMPOSITE,1,1,1.0,5.0,0.0,1,1,持有,122.2178,-0.001497535561363561,-0.001497535561363672,1.1102230246251565e-16,1.6655573588719936,1.1571943740226474,-0.02564883609367541,0.0
2025-09-22,COMPOSITE,1,1,1.0,5.0,0.0,1,1,持有,122.246,0.0002307356211617151,0.0002307356211617151,0.0,1.6659416622837733,1.1574613799853424,-0.02542401857264187,0.0
2025-09-23,COMPOSITE,1,1,1.0,5.0,0.0,1,1,持有,122.1874,-0.0004793612878949416,-0.00047936128789483057,-1.1102230246251565e-16,1.6651430743429831,1.156906537807544,-0.02589119257025041,0.0
2025-09-24,COMPOSITE,1,1,1.0,5.0,0.0,1,1,持有,121.9863,-0.0016458325490189551,-0.0016458325490189551,0.0,1.6624025276724559,1.1550024633714475,-0.027494412551804293,0.0
2025-09-25,COMPOSITE,1,1,1.0,5.0,0.0,1,1,持有,121.9528,-0.0002746210025224016,-0.00027462100252251265,1.1102230246251565e-16,1.6619459970237107,1.1546852754370405,-0.02776148301118797,0.0
2025-09-26,COMPOSITE,1,1,1.0,5.0,0.0,1,1,持有,121.9949,0.000345215526006859,0.000345215526006859,0.0,1.6625197265852683,1.1550838907217729,-0.027425851180141514,0.0
2025-09-28,COMPOSITE,1,1,1.0,5.0,0.0,1,1,持有,122.0621,0.0005508426991620574,0.0005508426991620574,0.0,1.6634355134388705,1.1557201602498965,-0.02689011581087042,0.0
2025-09-29,COMPOSITE,1,1,1.0,5.0,0.0,1,1,持有,122.0222,-0.00032688279162829126,-0.00032688279162818024,-1.1102230246251565e-16,1.662891764994544,1.155342375217573,-0.0272082086863753,0.0
2025-09-30,COMPOSITE,1,1,1.0,5.0,0.0,1,1,持有,122.1672,0.0011883083570038977,0.0011883083570038977,0.0,1.66486779317568,1.156715278217245,-0.02605223207113261,0.0
2025-10-09,COMPOSITE,1,1,1.0,5.0,0.0,1,1,持有,122.3024,0.0011066800254078135,0.0011066800254078135,0.0,1.6667102691073323,1.157995391910732,-0.02497438353057513,0.0
2025-10-10,COMPOSITE,1,1,1.0,5.0,0.0,1,1,持有,122.3693,0.0005470048012139461,0.0005470048012139461,0.0,1.6676219676267667,1.1586288209498907,-0.024441039837059697,0.0
2025-10-11,COMPOSITE,1,1,1.0,5.0,0.0,1,1,持有,122.5736,0.001669536395157989,0.001669536395157989,0.0,1.6704061231950846,1.1605631939349457,-0.0228123086474451,0.0
2025-10-13,COMPOSITE,1,1,1.0,5.0,0.0,1,1,持有,122.4972,-0.0006232989811835177,-0.0006232989811834067,-1.1102230246251565e-16,1.6693649607603345,1.159839816078567,-0.023421388739890192,0.0
2025-10-14,COMPOSITE,1,1,1.0,5.0,0.0,1,1,持有,122.4668,-0.00024816893773904614,-0.00024816893773915716,1.1102230246251565e-16,1.6689506762313238,1.1595519798634633,-0.023663745216465304,0.0
2025-10-15,COMPOSITE,1,1,1.0,5.0,0.0,1,1,持有,122.5051,0.000312737819555986,0.00031273781955576396,2.220446049250313e-16,1.669472620226755,1.1599146156213074,-0.02335840794499089,0.0
2025-10-16,COMPOSITE,1,1,1.0,5.0,0.0,1,1,持有,122.4818,-0.0001901961632617688,-0.00019019616326154676,-2.220446049250313e-16,1.6691550929397172,1.1596940043117052,-0.023544161428681543,0.0
2025-10-17,COMPOSITE,1,1,1.0,5.0,0.0,1,1,持有,122.5868,0.0008572702230045248,0.0008572702230045248,0.0,1.6705860098984706,1.1606881754493985,-0.022707074914195546,0.0
2025-10-20,COMPOSITE,1,1,1.0,5.0,0.0,1,1,持有,122.4993,-0.0007137799502066056,-0.0007137799502066056,0.0,1.6693935790995094,1.1598596995013208,-0.023404647009600654,0.0
2025-10-21,COMPOSITE,1,1,1.0,5.0,0.0,1,1,持有,122.4544,-0.00036653270671749283,-0.00036653270671749283,0.0,1.6687816917523852,1.15943457298625,-0.023762601147699902,0.0
2025-10-22,COMPOSITE,1,1,1.0,5.0,0.0,1,1,持有,122.4993,0.0003666671022029,0.0003666671022029,0.0,1.6693935790995094,1.1598596995013208,-0.023404647009600654,0.0
2025-10-23,COMPOSITE,1,1,1.0,5.0,0.0,1,1,持有,122.4652,-0.00027836893761845616,-0.00027836893761845616,0.0,1.6689288717824284,1.1595368305889842,-0.02367650082049566,0.0
2025-10-24,COMPOSITE,1,1,1.0,5.0,0.0,1,1,持有,122.3718,-0.000762665638891713,-0.000762665638891602,-1.1102230246251565e-16,1.6676560370781657,1.1586524916912646,-0.024421109205762348,0.0
2025-10-27,COMPOSITE,1,1,1.0,5.0,0.0,1,1,持有,122.3653,-5.311681286046532e-05,-5.311681286068737e-05,2.220446049250313e-16,1.6675674565045286,1.1585909477636929,-0.024472928847135256,0.0
2025-10-28,COMPOSITE,1,1,1.0,5.0,0.0,1,1,持有,122.6601,0.0024091797266054815,0.0024091797266054815,0.0,1.6715849262134863,1.1613822015864739,-0.02212270880455902,0.0
2025-10-29,COMPOSITE,1,1,1.0,5.0,0.0,1,1,持有,122.6407,-0.00015816064066465074,-0.0001581606406648728,2.220446049250313e-16,1.671320547270631,1.1611985166334142,-0.02227737050342593,0.0
2025-10-30,COMPOSITE,1,1,1.0,5.0,0.0,1,1,持有,122.7014,0.000494941728153897,0.000494941728153897,0.0,1.6721477535505962,1.1617732422339666,-0.021793454775527743,0.0
2025-10-31,COMPOSITE,1,1,1.0,5.0,0.0,1,1,持有,122.8424,0.001149131142757831,0.001149131142758053,-2.220446049250313e-16,1.6740692706094937,1.1631082720474406,-0.02066936717036072,0.0
2025-11-03,COMPOSITE,1,1,1.0,5.0,0.0,1,1,持有,122.8694,0.00021979381711845214,0.00021979381711845214,0.0,1.6744372206846019,1.163363916054276,-0.02045411635234995,0.0
2025-11-04,COMPOSITE,1,1,1.0,5.0,0.0,1,1,持有,122.8581,-9.196756881701962e-05,-9.196756881713064e-05,1.1102230246251565e-16,1.6742832267642789,1.1632569243032669,-0.020544202805813705,0.0
2025-11-05,COMPOSITE,1,1,1.0,5.0,0.0,1,1,持有,122.908,0.00040615962643086867,0.0004061596264310907,-2.220446049250313e-16,1.674963253014201,1.1637293923010852,-0.02014638740511976,0.0
2025-11-06,COMPOSITE,1,1,1.0,5.0,0.0,1,1,持有,122.8127,-0.0007753767045268756,-0.0007753767045269866,1.1102230246251565e-16,1.6736645255268752,1.1628270636399216,-0.020906143070172356,0.0
2025-11-07,COMPOSITE,1,1,1.0,5.0,0.0,1,1,持有,122.7515,-0.0004983197991740296,-0.0004983197991740296,0.0,1.67283050535663,1.1622476038910945,-0.02139404492433017,0.0
2025-11-10,COMPOSITE,1,1,1.0,5.0,0.0,1,1,持有,122.7004,-0.0004162881919975714,-0.00041628819199734934,-2.220446049250313e-16,1.6721341257700366,1.1617637739374174,-0.02180142702804666,0.0
2025-11-11,COMPOSITE,1,1,1.0,5.0,0.0,1,1,持有,122.7278,0.00022330815547477734,0.0002233081554745553,2.220446049250313e-16,1.6725075269573686,1.1620232052628725,-0.0215829873090283,0.0
2025-11-12,COMPOSITE,1,1,1.0,5.0,0.0,1,1,持有,122.7488,0.00017111037597028478,0.00017111037597006273,2.220446049250313e-16,1.6727937103491193,1.162222039490411,-0.021415570006131146,0.0
2025-11-13,COMPOSITE,1,1,1.0,5.0,0.0,1,1,持有,122.6973,-0.00041955603639309835,-0.00041955603639298733,-1.1102230246251565e-16,1.672091879650302,1.1617344222181138,-0.021826141010855338,0.0
2025-11-14,COMPOSITE,1,1,1.0,5.0,0.0,1,1,持有,122.6955,-1.4670249467663155e-05,-1.4670249467663155e-05,0.0,1.6720673496452947,1.1617173792843247,-0.021840491065389434,0.0
2025-11-17,COMPOSITE,1,1,1.0,5.0,0.0,1,1,持有,122.7039,6.846216853917397e-05,6.846216853917397e-05,0.0,1.6721818230019951,1.1617969129753403,-0.021773524144230394,0.0
2025-11-18,COMPOSITE,1,1,1.0,5.0,0.0,1,1,持有,122.7156,9.535149249528807e-05,9.535149249551012e-05,-2.220446049250313e-16,1.6723412680345418,1.1619076920449691,-0.02168024878975916,0.0
2025-11-19,COMPOSITE,1,1,1.0,5.0,0.0,1,1,持有,122.6693,-0.0003772951442194694,-0.00037729514421969146,2.220446049250313e-16,1.6717103017946344,1.161469309914729,-0.022049364081384915,0.0
2025-11-20,COMPOSITE,1,1,1.0,5.0,0.0,1,1,持有,122.6687,-4.891199346546138e-06,-4.89119934665716e-06,1.1102230246251565e-16,1.6717021251262987,1.1614636289367992,-0.022054147432896243,0.0
2025-11-21,COMPOSITE,1,1,1.0,5.0,0.0,1,1,持有,122.6852,0.0001345086399382467,0.0001345086399382467,0.0,1.6719269835055313,1.1616198558298654,-0.02192260526633416,0.0
2025-11-24,COMPOSITE,1,1,1.0,5.0,0.0,1,1,持有,122.6642,-0.0001711697906511267,-0.00017116979065123772,1.1102230246251565e-16,1.6716408001137806,1.1614210216023266,-0.022090022569231427,0.0
2025-11-25,COMPOSITE,1,1,1.0,5.0,0.0,1,1,持有,122.6325,-0.000258429109715852,-0.000258429109715852,0.0,1.6712087994700424,1.1611208766017087,-0.02234274297408112,0.0
2025-11-26,COMPOSITE,1,1,1.0,5.0,0.0,1,1,持有,122.4873,-0.0011840254418689078,-0.0011840254418687968,-1.1102230246251565e-16,1.6692300457327947,1.1597460799427273,-0.023500314039827552,0.0
2025-11-27,COMPOSITE,1,1,1.0,5.0,0.0,1,1,持有,122.3928,-0.0007715085563972934,-0.0007715085563974045,1.1102230246251565e-16,1.6679422204699164,1.1588513259188031,-0.024253691902865193,0.0
2025-11-28,COMPOSITE,1,1,1.0,5.0,0.0,1,1,持有,122.3596,-0.00027125778640568754,-0.0002712577864055765,-1.1102230246251565e-16,1.667489778155339,1.1585369784733612,-0.024518370686493096,0.0
2025-12-01,COMPOSITE,1,1,1.0,5.0,0.0,1,1,持有,122.4072,0.0003890172900204991,0.0003890172900204991,0.0,1.668138460509974,1.1589876693891155,-0.02413889146659276,0.0
2025-12-02,COMPOSITE,1,1,1.0,5.0,0.0,1,1,持有,122.4013,-4.819977909786832e-05,-4.8199779097979345e-05,1.1102230246251565e-16,1.6680580566046728,1.1589318064394736,-0.02418592775645423,0.0
2025-12-03,COMPOSITE,1,1,1.0,5.0,0.0,1,1,持有,122.3611,-0.0003284278843443955,-0.0003284278843443955,0.0,1.6675102198261784,1.1585511809181852,-0.024506412307714776,0.0
2025-12-04,COMPOSITE,1,1,1.0,5.0,0.0,1,1,持有,122.1493,-0.0017309422684170794,-0.0017309422684169684,-1.1102230246251565e-16,1.664623855903664,1.1565457957090095,-0.026194935391221086,0.0
2025-12-05,COMPOSITE,1,1,1.0,5.0,0.0,1,1,持有,122.2023,0.0004338952413152075,0.00043389524131542956,-2.220446049250313e-16,1.6653461282733204,1.157047615426131,-0.025772406007718573,0.0
2025-12-08,COMPOSITE,1,1,1.0,5.0,0.0,1,1,持有,122.2151,0.00010474434605578509,0.000104744346055341,4.440892098500626e-16,1.665520563864483,1.157168809621964,-0.025670361175476386,0.0
2025-12-09,COMPOSITE,1,1,1.0,5.0,0.0,1,1,持有,122.2897,0.000610399205990042,0.0006103992059902641,-2.220446049250313e-16,1.666537196294226,1.1578751445445539,-0.02507563113756528,0.0
2025-12-10,COMPOSITE,1,1,1.0,5.0,0.0,1,1,持有,122.2699,-0.0001619106106237611,-0.00016191061062398315,2.220446049250313e-16,1.6662673662391467,1.1576876722728744,-0.025233481737439778,0.0
2025-12-11,COMPOSITE,1,1,1.0,5.0,0.0,1,1,持有,122.3655,0.000781876815144189,0.000781876815144189,0.0,1.6675701820606403,1.158592841423003,-0.024471334396631628,0.0
2025-12-12,COMPOSITE,1,1,1.0,5.0,0.0,1,1,持有,122.3258,-0.00032443785217228793,-0.00032443785217239896,1.1102230246251565e-16,1.667029159172426,1.1582169500499893,-0.02478783282163244,0.0
2025-12-15,COMPOSITE,1,1,1.0,5.0,0.0,1,1,持有,122.192,-0.0010938003266687257,-0.0010938003266687257,0.0,1.665205762133557,1.1569500919716713,-0.025854520208663412,0.0
2025-12-16,COMPOSITE,1,1,1.0,5.0,0.0,1,1,持有,122.1561,-0.0002937999214350784,-0.00029379992143485634,-2.220446049250313e-16,1.6647165248114688,1.156610180125546,-0.026140724074092514,0.0
2025-12-17,COMPOSITE,1,1,1.0,5.0,0.0,1,1,持有,122.2548,0.0008079825731175383,0.0008079825731175383,0.0,1.6660615867526973,1.1575447009949777,-0.025353862750475464,0.0
2025-12-18,COMPOSITE,1,1,1.0,5.0,0.0,1,1,持有,122.323,0.0005578513072697078,0.0005578513072697078,0.0,1.6669910013868592,1.158190438819651,-0.02481015512868545,0.0
2025-12-19,COMPOSITE,1,1,1.0,5.0,0.0,1,1,持有,122.3793,0.00046025686093376095,0.0004602568609335389,2.220446049250313e-16,1.6677582454323623,1.1587235039153854,-0.024361317311870523,0.0
2025-12-22,COMPOSITE,1,1,1.0,5.0,0.0,1,1,持有,122.3402,-0.00031949847727508196,-0.00031949847727508196,0.0,1.6672253992124837,1.1583532935203016,-0.024673032385360005,0.0
2025-12-23,COMPOSITE,1,1,1.0,5.0,0.0,1,1,持有,122.3662,0.0002125221309103864,0.00021252213091016436,2.220446049250313e-16,1.6675797215070323,1.1585994692305874,-0.024465753819868152,0.0
2025-12-24,COMPOSITE,1,1,1.0,5.0,0.0,1,1,持有,122.4383,0.0005892149956441273,0.0005892149956441273,0.0,1.6685622844853762,1.1592821334118035,-0.023890954413254506,0.0
2025-12-25,COMPOSITE,1,1,1.0,5.0,0.0,1,1,持有,122.4148,-0.000191933406458622,-0.00019193340645851098,-1.1102230246251565e-16,1.6682420316422266,1.1590596284428913,-0.02407830234744901,0.0
2025-12-26,COMPOSITE,1,1,1.0,5.0,0.0,1,1,持有,122.408,-5.554883886582651e-05,-5.554883886593753e-05,1.1102230246251565e-16,1.6681493627344217,1.158995244026355,-0.024132513664577582,0.0
2025-12-29,COMPOSITE,1,1,1.0,5.0,0.0,1,1,持有,122.185,-0.0018217763544866594,-0.0018217763544865484,-1.1102230246251565e-16,1.6651103676696402,1.1568838138958253,-0.025910325976295834,0.0
2025-12-30,COMPOSITE,1,1,1.0,5.0,0.0,1,1,持有,122.124,-0.0004992429512624685,-0.0004992429512624685,0.0,1.664279073055507,1.1563062478063082,-0.026396633379949686,0.0
2025-12-31,COMPOSITE,1,1,1.0,5.0,0.0,1,1,持有,122.1349,8.92535455767618e-05,8.92535455767618e-05,0.0,1.6644276158636064,1.1564094522386974,-0.026309735827493408,0.0
2026-01-04,COMPOSITE,1,1,1.0,5.0,0.0,1,1,持有,122.1975,0.0005125480104375413,0.0005125480104375413,0.0,1.6652807149266347,1.1570021676026936,-0.02581067281980931,0.0
2026-01-05,COMPOSITE,1,1,1.0,5.0,0.0,1,1,持有,122.1183,-0.0006481310992449973,-0.0006481310992451084,1.1102230246251565e-16,1.6642013947063177,1.1562522785159763,-0.026442075219307415,0.0
2026-01-06,COMPOSITE,1,1,1.0,5.0,0.0,1,1,持有,121.947,-0.0014027381645502768,-0.0014027381645502768,0.0,1.6618669558964654,1.1546303593170537,-0.027807722075797625,0.0
2026-01-07,COMPOSITE,1,1,1.0,5.0,0.0,1,1,持有,121.8285,-0.0009717336219833284,-0.0009717336219833284,0.0,1.6602520639001577,1.1535083661759427,-0.028752433999289173,0.0
2026-01-08,COMPOSITE,1,1,1.0,5.0,0.0,1,1,持有,121.9266,0.0008052303032541896,0.0008052303032541896,0.0,1.6615889491730502,1.1544372060674448,-0.027970356027183563,0.0
2026-01-09,COMPOSITE,1,1,1.0,5.0,0.0,1,1,持有,121.9647,0.00031248308408504677,0.0003124830840846027,4.440892098500626e-16,1.6621081676123695,1.154797948165979,-0.027666613206212887,0.0
2026-01-12,COMPOSITE,1,1,1.0,5.0,0.0,1,1,持有,122.0659,0.0008297482796251199,0.0008297482796253419,-2.220446049250313e-16,1.6634872990049967,1.1557561397767846,-0.02685982125129871,0.0
2026-01-13,COMPOSITE,1,1,1.0,5.0,0.0,1,1,持有,122.1399,0.0006062299135138893,0.0006062299135138893,0.0,1.664495754766404,1.1564567937214445,-0.02626987456489882,0.0
2026-01-14,COMPOSITE,1,1,1.0,5.0,0.0,1,1,持有,122.2203,0.0006582615508936573,0.0006582615508938794,-2.220446049250313e-16,1.6655914283233926,1.1572180447640212,-0.02562890546237806,0.0
2026-01-15,COMPOSITE,1,1,1.0,5.0,0.0,1,1,持有,122.3353,0.0009409238890756288,0.0009409238890756288,0.0,1.6671586230877418,1.1583068988672092,-0.02471209642270278,0.0
2026-01-16,COMPOSITE,1,1,1.0,5.0,0.0,1,1,持有,122.3775,0.00034495358248998187,0.00034495358248998187,0.0,1.667733715427355,1.1587064609815962,-0.02437566736640462,0.0
2026-01-19,COMPOSITE,1,1,1.0,5.0,0.0,1,1,持有,122.4486,0.0005809891524177768,0.0005809891524177768,0.0,1.6687026506251397,1.1593796568662629,-0.023808840212309668,0.0
2026-01-20,COMPOSITE,1,1,1.0,5.0,0.0,1,1,持有,122.4921,0.00035525110127831994,0.000355251101278542,-2.220446049250313e-16,1.6692954590794804,1.1597915277661646,-0.023462047227736926,0.0
2026-01-21,COMPOSITE,1,1,1.0,5.0,0.0,1,1,持有,122.5357,0.0003559413219302865,0.00035594132193006445,2.220446049250313e-16,1.6698896303118773,1.160204345495721,-0.023114457017912038,0.0
2026-01-22,COMPOSITE,1,1,1.0,5.0,0.0,1,1,持有,122.5425,5.549403153537469e-05,5.549403153559673e-05,-2.220446049250313e-16,1.6699822992196824,1.1602687299122576,-0.023060245700783355,0.0
2026-01-23,COMPOSITE,1,1,1.0,5.0,0.0,1,1,持有,122.552,7.752412428341238e-05,7.752412428319033e-05,2.220446049250313e-16,1.6701117631349982,1.1603586787294773,-0.022984509301853695,0.0
2026-01-26,COMPOSITE,1,1,1.0,5.0,0.0,1,1,持有,122.6067,0.0004463411449833199,0.00044634114498354194,-2.220446049250313e-16,1.670857202731606,1.1608765945507329,-0.022548427089069012,0.0
2026-01-27,COMPOSITE,1,1,1.0,5.0,0.0,1,1,持有,122.6114,3.833395727981248e-05,3.8333957279590436e-05,2.220446049250313e-16,1.670921253300236,1.1609210955445153,-0.02251095750223009,0.0
2026-01-28,COMPOSITE,1,1,1.0,5.0,0.0,1,1,持有,122.6587,0.0003857716329802585,0.00038577163298003647,2.220446049250313e-16,1.671565847320703,1.1613689459713046,-0.022133869958085528,0.0
2026-01-29,COMPOSITE,1,1,1.0,5.0,0.0,1,1,持有,122.735,0.000622051269090651,0.000622051269090429,2.220446049250313e-16,1.6726056469773973,1.1620913769980283,-0.02152558709089214,0.0
2026-01-30,COMPOSITE,1,1,1.0,5.0,0.0,1,1,持有,122.7364,1.1406689208515175e-05,1.140668920873722e-05,-2.220446049250313e-16,1.6726247258701807,1.1621046326131979,-0.021514425937365633,0.0
2026-02-02,COMPOSITE,1,1,1.0,5.0,0.0,1,1,持有,122.7691,0.00026642463034587394,0.000266424630346096,-2.220446049250313e-16,1.6730703542944783,1.1624142459103652,-0.021253733279997133,0.0
2026-02-03,COMPOSITE,1,1,1.0,5.0,0.0,1,1,持有,122.6798,-0.000727381727160914,-0.000727381727161136,2.220446049250313e-16,1.6718533934905098,1.1615687270284982,-0.021965655429936226,0.0
2026-02-04,COMPOSITE,1,1,1.0,5.0,0.0,1,1,持有,122.6933,0.00011004256609470353,0.00011004256609492558,-2.220446049250313e-16,1.6720373685280636,1.161696549031916,-0.021858030020931007,0.0
2026-02-05,COMPOSITE,1,1,1.0,5.0,0.0,1,1,持有,122.7223,0.00023636172472341066,0.00023636172472341066,0.0,1.672432574164291,1.1619711296318505,-0.021626834697882402,0.0
2026-02-06,COMPOSITE,1,1,1.0,5.0,0.0,1,1,持有,122.8175,0.000775735135342126,0.000775735135341904,2.220446049250313e-16,1.6737299388735607,1.162872511463359,-0.02086787625808173,0.0
2026-02-09,COMPOSITE,1,1,1.0,5.0,0.0,1,1,持有,122.8551,0.0003061452968835532,0.00030614529688377523,-2.220446049250313e-16,1.6742423434226001,1.1632285194136187,-0.020568119563370457,0.0
2026-02-10,COMPOSITE,1,1,1.0,5.0,0.0,1,1,持有,122.8876,0.0002645392824556225,0.0002645392824556225,0.0,1.674685246290786,1.1635362390514763,-0.020309021356505585,0.0
2026-02-11,COMPOSITE,1,1,1.0,5.0,0.0,1,1,持有,122.9487,0.0004972023214711019,0.0004972023214708798,2.220446049250313e-16,1.675517903682975,1.1641147519706483,-0.01982191672759981,0.0
2026-02-12,COMPOSITE,1,1,0.6,4.0,1.0,1,1,持有,123.0156,0.0005441293807904035,0.0005441293807906256,-2.220446049250313e-16,1.6764296022024094,1.1647481810098073,-0.019288573034084378,0.0
2026-02-13,COMPOSITE,1,1,0.6,4.0,1.0,1,1,持有,123.0464,0.0002503747492188513,0.00025037474921862923,2.220446049250313e-16,1.6768493378436438,1.1650398045435304,-0.0190430276565019,0.0
2026-02-14,COMPOSITE,1,1,0.6,4.0,1.0,1,1,持有,122.9725,-0.0006005864454384779,-0.0006005864454383669,-1.1102230246251565e-16,1.6758422448602923,1.1643400974285254,-0.01963217711764975,0.0
2026-02-24,COMPOSITE,1,1,0.6,4.0,1.0,1,1,持有,122.9673,-4.228587692367558e-05,-4.22858769237866e-05,1.1102230246251565e-16,1.6757713804013827,1.164290862286468,-0.019673632830748078,0.0
2026-02-25,COMPOSITE,1,1,0.6,4.0,1.0,1,1,持有,122.8964,-0.0005765760490796801,-0.000576576049079569,-1.1102230246251565e-16,1.67480517075971,1.1636195600611114,-0.02023886553433918,0.0
2026-02-26,COMPOSITE,1,1,0.6,4.0,1.0,1,1,持有,122.7429,-0.0012490194993505233,-0.0012490194993506343,1.1102230246251565e-16,1.672713306443818,1.1621661765407694,-0.021462606295992614,0.0
2026-02-27,COMPOSITE,1,1,0.6,4.0,1.0,1,1,持有,122.7457,2.281191009823047e-05,2.281191009823047e-05,0.0,1.6727514642293846,1.1621926877711077,-0.021440283988939823,0.0
2026-02-28,COMPOSITE,1,1,0.6,4.0,1.0,1,1,持有,122.8733,0.001039547617553982,0.001039547617553982,0.0,1.6744903690287842,1.1634008424108189,-0.020423024567526094,0.0
2026-03-02,COMPOSITE,1,1,0.6,4.0,1.0,1,1,持有,122.8662,-5.778309852499941e-05,-5.778309852499941e-05,0.0,1.6743936117868115,1.1633336175053177,-0.02047962756041044,0.0
2026-03-03,COMPOSITE,1,1,0.6,4.0,1.0,1,1,持有,122.9129,0.00038008825860957884,0.00038008825860957884,0.0,1.6750300291389426,1.1637757869541774,-0.020107323367777208,0.0
2026-03-04,COMPOSITE,1,1,0.6,4.0,1.0,1,1,持有,122.91,-2.3593943353272806e-05,-2.3593943353272806e-05,0.0,1.67499050857532,1.1637483288941841,-0.020130442900081924,0.0
2026-03-05,COMPOSITE,1,1,0.6,4.0,1.0,1,1,持有,122.9818,0.0005841672768693851,0.0005841672768693851,0.0,1.6759689832194964,1.1644281525864355,-0.01955803516922372,0.0
2026-03-06,COMPOSITE,1,1,0.6,4.0,1.0,1,1,持有,122.9501,-0.0002577617175874014,-0.00025776171758751243,1.1102230246251565e-16,1.6755369825757584,1.1641280075858176,-0.019810755574073302,0.0
2026-03-09,COMPOSITE,1,1,0.6,4.0,1.0,1,1,持有,122.7748,-0.001425781678908944,-0.001425781678908833,-1.1102230246251565e-16,1.6731480326436676,1.162468215200697,-0.021208291440639404,0.0
2026-03-10,COMPOSITE,1,1,0.6,4.0,1.0,1,1,持有,122.7506,-0.00019710885295665115,-0.00019710885295676217,1.1102230246251565e-16,1.6728182403541265,1.1622390824242002,-0.02140121995159705,0.0
2026-03-11,COMPOSITE,1,1,0.6,4.0,1.0,1,1,持有,122.7237,-0.00021914353168150935,-0.00021914353168139833,-1.1102230246251565e-16,1.672451653057074,1.1619843852470195,-0.021615673544356007,0.0
2026-03-12,COMPOSITE,1,1,0.6,4.0,1.0,1,1,持有,122.6915,-0.00026237800848560866,-0.00026237800848560866,0.0,1.6720128385230566,1.161679506098127,-0.021872380075464992,0.0
2026-03-13,COMPOSITE,1,1,0.6,4.0,1.0,1,1,持有,122.7211,0.0002412555066977351,0.00024125550669751306,2.220446049250313e-16,1.6724162208276194,1.161959767675991,-0.02163640140090517,0.0
2026-03-16,COMPOSITE,1,1,0.6,4.0,1.0,1,1,持有,122.5971,-0.0010104211908139593,-0.0010104211908139593,0.0,1.6707263760382343,1.1607856989038579,-0.022624960713250597,0.0
2026-03-17,COMPOSITE,1,1,0.6,4.0,1.0,1,1,持有,122.5967,-3.2627199175738753e-06,-3.2627199175738753e-06,0.0,1.6707209249260104,1.160781911585238,-0.022628149614258186,0.0
2026-03-18,COMPOSITE,1,1,0.6,4.0,1.0,1,1,持有,122.6463,0.0004045785897988097,0.0004045785897990317,-2.220446049250313e-16,1.6713968628417644,1.1612515390940914,-0.022232725889320015,0.0
2026-03-19,COMPOSITE,1,1,0.6,4.0,1.0,1,1,持有,122.6746,0.00023074483290574932,0.00023074483290574932,0.0,1.6717825290316,1.161519491886441,-0.022007111143034663,0.0
2026-03-20,COMPOSITE,1,1,0.6,4.0,1.0,1,1,持有,122.7083,0.000274710494266861,0.00027471049426708305,-2.220446049250313e-16,1.672241785236457,1.161838573480158,-0.021738446233147246,0.0
2026-03-23,COMPOSITE,1,1,0.6,4.0,1.0,1,1,持有,122.6472,-0.0004979288279602923,-0.0004979288279602923,0.0,1.671409127844268,1.161260060560986,-0.022225550862053023,0.0
2026-03-24,COMPOSITE,1,1,0.6,4.0,1.0,1,1,持有,122.6649,0.00014431638064316132,0.00014431638064293928,2.220446049250313e-16,1.6716503395601723,1.1614276494099114,-0.022084441992468173,0.0
2026-03-25,COMPOSITE,1,1,0.6,4.0,1.0,1,1,持有,122.6936,0.0002339707609919639,0.0002339707609919639,0.0,1.6720414568622317,1.161699389520881,-0.021855638345175232,0.0
2026-03-26,COMPOSITE,1,1,0.6,4.0,1.0,1,1,持有,122.7066,0.00010595499683763165,0.00010595499683740961,2.220446049250313e-16,1.6722186180095058,1.1618224773760237,-0.021751999062429417,0.0
2026-03-27,COMPOSITE,1,1,0.6,4.0,1.0,1,1,持有,122.7542,0.0003879171943481641,0.0003879171943481641,0.0,1.6728673003641408,1.1622731682917782,-0.02137251984252908,0.0
2026-03-30,COMPOSITE,1,1,0.6,4.0,1.0,1,1,持有,122.8297,0.0006150502386068624,0.0006150502386068624,0.0,1.6738961977963875,1.1629880246812625,-0.02077061477735087,0.0
2026-03-31,COMPOSITE,1,1,0.6,4.0,1.0,1,1,持有,122.8601,0.00024749714442018345,0.00024749714442018345,0.0,1.674310482325398,1.163275860896366,-0.02052825830077587,0.0
2026-04-01,COMPOSITE,1,1,0.6,4.0,1.0,1,1,持有,122.805,-0.0004484775773420102,-0.0004484775773420102,0.0,1.6735595916165664,1.1627541577564908,-0.02096752941456803,0.0
2026-04-02,COMPOSITE,1,1,0.6,4.0,1.0,1,1,持有,122.736,-0.00056186637351896,-0.000561866373519071,1.1102230246251565e-16,1.672619274757957,1.162100845294578,-0.021517614838373222,0.0
2026-04-03,COMPOSITE,1,1,0.6,4.0,1.0,1,1,持有,122.7585,0.00018332029722323284,0.00018332029722323284,0.0,1.672925899820547,1.1623138819669407,-0.021338239156697636,0.0
2026-04-07,COMPOSITE,1,1,0.6,4.0,1.0,1,1,持有,122.7909,0.0002639328437541444,0.0002639328437541444,0.0,1.6733674399106766,1.1626206547751432,-0.0210799381750848,0.0
2026-04-08,COMPOSITE,1,1,0.6,4.0,1.0,1,1,持有,122.7866,-3.501888169232803e-05,-3.5018881692105985e-05,-2.220446049250313e-16,1.6733088404542706,1.1625799410999809,-0.021114218860916023,0.0
2026-04-09,COMPOSITE,1,1,0.6,4.0,1.0,1,1,持有,122.8339,0.0003852211886312684,0.0003852211886312684,0.0,1.6739534344747375,1.1630277915267702,-0.020737131316771462,0.0
2026-04-10,COMPOSITE,1,1,0.6,4.0,1.0,1,1,持有,122.8386,3.82630527893113e-05,3.826305278908926e-05,2.220446049250313e-16,1.6740174850433676,1.1630722925205526,-0.02069966172993254,0.0
2026-04-13,COMPOSITE,1,1,0.6,4.0,1.0,1,1,持有,122.9307,0.0007497643248945973,0.0007497643248945973,0.0,1.6752726036329029,1.163944322632758,-0.019965417272940433,0.0
2026-04-14,COMPOSITE,1,1,0.6,4.0,1.0,1,1,持有,123.0164,0.0006971407467786239,0.0006971407467784019,2.220446049250313e-16,1.676440504426857,1.1647557556470467,-0.01928219523206931,0.0
2026-04-15,COMPOSITE,1,1,1.0,5.0,0.0,1,1,持有,123.0554,0.00031703089994516986,0.00031703089994516986,0.0,1.67697198786868,1.1651250192124758,-0.01897127738383153,0.0
2026-04-16,COMPOSITE,1,1,1.0,5.0,0.0,1,1,持有,123.0979,0.0003453728970852499,0.00034537289708502783,2.220446049250313e-16,1.677551168542461,1.1655274218158276,-0.018632456651777818,0.0
2026-04-17,COMPOSITE,1,1,1.0,5.0,0.0,1,1,持有,123.1613,0.0005150372183442276,0.0005150372183442276,0.0,1.678415169829937,1.1661277118170634,-0.01812701584207843,0.0
2026-04-20,COMPOSITE,1,1,1.0,5.0,0.0,1,1,持有,123.2378,0.0006211366719901523,0.0006211366719903744,-2.220446049250313e-16,1.6794576950427431,1.1668520365030972,-0.017517138524381526,0.0
2026-04-21,COMPOSITE,1,1,1.0,5.0,0.0,1,1,持有,123.2446,5.5177875619483174e-05,5.5177875619483174e-05,0.0,1.6795503639505482,1.1669164209196337,-0.017462927207252843,0.0
2026-04-22,COMPOSITE,1,1,1.0,5.0,0.0,1,1,持有,123.3627,0.000958256994626927,0.000958256994626927,0.0,1.6811598048346321,1.1680346267421249,-0.016521404184768884,0.0
2026-04-23,COMPOSITE,1,1,1.0,5.0,0.0,1,1,持有,123.3189,-0.0003550505947097493,-0.0003550505947097493,0.0,1.6805629080461235,1.1676199153532585,-0.01687058884509729,0.0
2026-04-24,COMPOSITE,1,1,1.0,5.0,0.0,1,1,持有,123.2308,-0.0007144079293605055,-0.0007144079293603944,-1.1102230246251565e-16,1.6793623005788263,1.166785758427251,-0.017572944292013837,0.0
2026-04-27,COMPOSITE,1,1,1.0,5.0,0.0,1,1,持有,123.101,-0.0010533081015460244,-0.0010533081015459134,-1.1102230246251565e-16,1.6775934146621956,1.165556773535131,-0.01860774266896914,0.0
2026-04-28,COMPOSITE,1,1,1.0,5.0,0.0,1,1,持有,123.1106,7.798474423448276e-05,7.798474423448276e-05,0.0,1.6777242413555675,1.165647669182006,-0.018531209044787444,0.0
2026-04-29,COMPOSITE,1,1,1.0,5.0,0.0,1,1,持有,123.2294,0.000964985955717701,0.000964985955717701,0.0,1.6793432216860429,1.1667725028120817,-0.017584105445540343,0.0
2026-04-30,COMPOSITE,1,1,1.0,5.0,0.0,1,1,持有,123.2218,-6.167359412601048e-05,-6.167359412589946e-05,-1.1102230246251565e-16,1.6792396505537903,1.166700543758306,-0.017644694564684094,0.0
2026-05-06,COMPOSITE,1,1,1.0,5.0,0.0,1,1,持有,123.1478,-0.0006005430857201066,-0.0006005430857204397,3.3306690738754696e-16,1.6782311947923831,1.1659998898136457,-0.01823464125108376,0.0
2026-05-07,COMPOSITE,1,1,1.0,5.0,0.0,1,1,持有,123.1235,-0.00019732386611859276,-0.00019732386611837072,-2.220446049250313e-16,1.6779000397247859,1.165769810207494,-0.018428366987293443,0.0
2026-05-08,COMPOSITE,1,1,1.0,5.0,0.0,1,1,持有,123.1703,0.0003801061535773087,0.0003801061535773087,0.0,1.678537819854973,1.1662129264860086,-0.018055265569408285,0.0
2026-05-09,COMPOSITE,1,1,1.0,5.0,0.0,1,1,持有,123.1707,3.2475361348982545e-06,3.2475361348982545e-06,0.0,1.6785432709671968,1.1662167138046284,-0.018052076668400696,0.0
2026-05-11,COMPOSITE,1,1,1.0,5.0,0.0,1,1,持有,123.1749,3.4099018678901416e-05,3.4099018678901416e-05,0.0,1.678600507645547,1.166256480650136,-0.018018593207821176,0.0
2026-05-12,COMPOSITE,1,1,1.0,5.0,0.0,1,1,持有,123.2432,0.0005544960864591886,0.0005544960864591886,0.0,1.6795312850577648,1.1669031653044644,-0.01747408836077924,0.0
2026-05-13,COMPOSITE,1,1,1.0,5.0,0.0,1,1,持有,123.2685,0.00020528515974915784,0.00020528515974937989,-2.220446049250313e-16,1.6798760679059217,1.167142713207166,-0.01727239037205075,0.0
2026-05-14,COMPOSITE,1,1,1.0,5.0,0.0,1,1,持有,123.2988,0.000245804889326795,0.000245804889326795,0.0,1.6802889896568762,1.1674296025926143,-0.017030831120727563,0.0
2026-05-15,COMPOSITE,1,1,1.0,5.0,0.0,1,1,持有,123.2654,-0.00027088665907537557,-0.00027088665907526455,-1.1102230246251565e-16,1.679833821786187,1.1671133614878624,-0.017297104354859427,0.0
2026-05-18,COMPOSITE,1,1,1.0,5.0,0.0,1,1,持有,123.2773,9.653966157574523e-05,9.653966157574523e-05,0.0,1.6799959923748458,1.1672260342168008,-0.017202234549884232,0.0
2026-05-19,COMPOSITE,1,1,1.0,5.0,0.0,1,1,持有,123.3837,0.0008630948276771022,0.0008630948276773243,-2.220446049250313e-16,1.6814459882263828,1.1682334609696636,-0.01635398688187162,0.0
2026-05-20,COMPOSITE,1,1,1.0,5.0,0.0,1,1,持有,123.447,0.0005130337313601352,0.0005130337313599131,2.220446049250313e-16,1.682308626735803,1.1688328041412444,-0.015849343297424268,0.0
2026-05-21,COMPOSITE,1,1,1.0,5.0,0.0,1,1,持有,123.458,8.910706619036368e-05,8.910706619014164e-05,2.220446049250313e-16,1.682458532321958,1.1689369554032882,-0.015761648519716176,0.0
2026-05-22,COMPOSITE,1,1,1.0,5.0,0.0,1,1,持有,123.3949,-0.0005111049911711296,-0.0005111049911706855,-4.440892098500626e-16,1.6815986193686498,1.1683395058910178,-0.016264697653659788,0.0
2026-05-25,COMPOSITE,1,1,1.0,5.0,0.0,1,1,持有,123.3926,-1.8639344089632637e-05,-1.863934408985468e-05,2.220446049250313e-16,1.6815672754733628,1.1683177288089537,-0.016283033834453287,0.0
2026-05-26,COMPOSITE,1,1,1.0,5.0,0.0,1,1,持有,123.4371,0.00036063750986703447,0.00036063750986703447,0.0,1.6821737117082634,1.1687390680054048,-0.015928268597361517,0.0
2026-05-27,COMPOSITE,1,1,1.0,5.0,0.0,1,1,持有,123.5663,0.001046686936099217,0.001046686936099217,0.0,1.683934420956558,1.1699623719195948,-0.014898253571917652,0.0
2026-05-28,COMPOSITE,1,1,1.0,5.0,0.0,1,1,持有,123.6747,0.0008772618424279788,0.0008772618424282008,-2.220446049250313e-16,1.6854116723692143,1.1709887352655566,-0.014034061398867204,0.0
2026-05-29,COMPOSITE,1,1,1.0,5.0,0.0,1,1,持有,123.7006,0.00020942035840798567,0.00020942035840798567,0.0,1.6857646318857067,1.1712339641461875,-0.013827580058627387,0.0
2026-06-01,COMPOSITE,1,1,1.0,5.0,0.0,1,1,持有,123.8237,0.0009951447284815007,0.0009951447284817228,-2.220446049250313e-16,1.6874422116725885,1.1723995114514263,-0.01284619577354873,0.0
2026-06-02,COMPOSITE,1,1,1.0,5.0,0.0,1,1,持有,123.8504,0.00021562915661532678,0.00021562915661532678,0.0,1.6878060734135285,1.1726523149692967,-0.012633336631293846,0.0
2026-06-03,COMPOSITE,1,1,1.0,5.0,0.0,1,1,持有,123.8513,7.266831596908219e-06,7.266831596908219e-06,0.0,1.6878183384160323,1.1726608364361912,-0.012626161604026631,0.0
2026-06-04,COMPOSITE,1,1,1.0,5.0,0.0,1,1,持有,123.8208,-0.0002462630590069903,-0.0002462630590071013,1.1102230246251565e-16,1.687402691108966,1.1723720533914326,-0.012869315305853557,0.0
2026-06-05,COMPOSITE,1,1,1.0,5.0,0.0,1,1,持有,123.8399,0.00015425518168177277,0.0001542551816819948,-2.220446049250313e-16,1.6876629817176534,1.1725528978555273,-0.012717045282742312,0.0
2026-06-08,COMPOSITE,1,1,1.0,5.0,0.0,1,1,持有,123.7374,-0.0008276815469006049,-0.0008276815469003829,-2.220446049250313e-16,1.6862661342102985,1.1715823974592077,-0.013534201165931292,0.0
2026-06-09,COMPOSITE,1,1,1.0,5.0,0.0,1,1,持有,123.668,-0.0005608651870815384,-0.0005608651870817605,2.220446049250313e-16,1.6853203662394654,1.170925297678675,-0.01408747549074385,0.0
2026-06-10,COMPOSITE,1,1,1.0,5.0,0.0,1,1,持有,123.5393,-0.0010406895882525413,-0.0010406895882523193,-2.220446049250313e-16,1.68356647088145,1.1697067279127595,-0.015113504389928423,0.0
2026-06-11,COMPOSITE,1,1,1.0,5.0,0.0,1,1,持有,123.4459,-0.0007560347193160677,-0.0007560347193159567,-1.1102230246251565e-16,1.6822936361771872,1.16882238901504,-0.01585811277519522,0.0
2026-06-12,COMPOSITE,1,1,1.0,5.0,0.0,1,1,持有,123.432,-0.00011259993243994959,-0.00011259993243994959,0.0,1.6821042100274095,1.1686907796930026,-0.01596892708520803,0.0
2026-06-15,COMPOSITE,1,1,1.0,5.0,0.0,1,1,持有,123.4489,0.0001369174930325734,0.0001369174930325734,0.0,1.682334519518866,1.1688507939046884,-0.015834196017638358,0.0
2026-06-16,COMPOSITE,1,1,1.0,5.0,0.0,1,1,持有,123.5237,0.0006059187242657416,0.0006059187242655195,2.220446049250313e-16,1.683353877504721,1.169559022486588,-0.015237871529223401,0.0
2026-06-17,COMPOSITE,1,1,0.6,4.0,1.0,1,1,持有,123.6076,0.0006792218821165541,0.0006792218821165541,0.0,1.684497248293668,1.1703534125670876,-0.014568999542886374,0.0
2026-06-18,COMPOSITE,1,1,0.6,4.0,1.0,1,1,持有,123.6585,0.0004117869774997729,0.00041178697749999493,-2.220446049250313e-16,1.6851909023241496,1.1708353488614553,-0.01416321188967351,0.0
2026-06-22,COMPOSITE,1,1,0.6,4.0,1.0,1,1,持有,123.6464,-9.785012756924338e-05,-9.785012756902134e-05,-2.220446049250313e-16,1.6850260061793787,1.1707207824732069,-0.014259676145152556,0.0
2026-06-23,COMPOSITE,1,1,0.6,4.0,1.0,1,1,持有,123.6163,-0.0002434361210678082,-0.00024343612106791923,1.1102230246251565e-16,1.684615809984536,1.170435786747068,-0.014499640945971892,0.0
2026-06-24,COMPOSITE,1,1,0.6,4.0,1.0,1,1,持有,123.5906,-0.000207901385173348,-0.00020790138517345902,1.1102230246251565e-16,1.6842655760241554,1.1701924515257467,-0.01470452783570797,0.0
2026-06-25,COMPOSITE,1,1,0.6,4.0,1.0,1,1,持有,123.6345,0.00035520500750063633,0.00035520500750063633,0.0,1.6848638355907202,1.1706081097442682,-0.014354545950127529,0.0
2026-06-26,COMPOSITE,1,1,0.6,4.0,1.0,1,1,持有,123.6813,0.00037853511762486747,0.00037853511762486747,0.0,1.6855016157209073,1.171051226022783,-0.01398144453224237,0.0
2026-06-29,COMPOSITE,1,1,0.6,4.0,1.0,1,1,持有,123.8026,0.0009807464830982049,0.0009807464830982049,0.0,1.6871546655027818,1.1721997303942326,-0.01301441030169792,0.0
2026-06-30,COMPOSITE,1,1,0.6,4.0,1.0,1,1,持有,123.7951,-6.0580310914271074e-05,-6.0580310914382096e-05,1.1102230246251565e-16,1.6870524571485852,1.1721287181701117,-0.013074202195589746,0.0
2026-07-01,COMPOSITE,1,1,0.6,4.0,1.0,1,1,持有,123.6494,-0.0011769448063777554,-0.0011769448063776444,-1.1102230246251565e-16,1.6850668895210574,1.1707491873628553,-0.014235759387595803,0.0
2026-07-02,COMPOSITE,1,1,0.2,3.0,2.0,1,1,持有,123.6289,-0.0001657913422952184,-0.00016579134229532944,1.1102230246251565e-16,1.6847875200195865,1.1705550872835913,-0.014399190564233555,0.0
2026-07-03,COMPOSITE,1,1,0.2,3.0,2.0,1,1,持有,123.6387,7.926949119507753e-05,7.926949119507753e-05,0.0,1.6849210722690702,1.170647876589776,-0.01432106248954812,0.0
2026-07-06,COMPOSITE,1,1,0.2,3.0,2.0,1,1,持有,123.692,0.00043109479475278434,0.0004310947947525623,2.220446049250313e-16,1.6856474329728945,1.1711525367958622,-0.013896141430290054,0.0
2026-07-07,COMPOSITE,1,1,0.2,3.0,2.0,1,1,持有,123.7197,0.00022394334314279618,0.00022394334314257414,2.220446049250313e-16,1.6860249224943944,1.1714148086102822,-0.01367531003551603,0.0
2026-07-08,COMPOSITE,1,1,0.2,3.0,2.0,1,1,持有,123.7156,-3.313942726990149e-05,-3.313942727001251e-05,1.1102230246251565e-16,1.6859690485941001,1.1713759885944293,-0.013707996270843625,0.0
2026-07-09,COMPOSITE,1,1,0.2,3.0,2.0,1,1,持有,123.7796,0.0005173155204356572,0.0005173155204358793,-2.220446049250313e-16,1.686841226549912,1.171981959573595,-0.01319777210963291,0.0
2026-07-10,COMPOSITE,1,1,0.2,3.0,2.0,1,1,持有,123.7577,-0.00017692737737073916,-0.00017692737737062814,-1.1102230246251565e-16,1.6865427781556577,1.1717746038791619,-0.013372364439797169,0.0
2026-07-13,COMPOSITE,1,1,0.2,3.0,2.0,1,1,持有,123.7646,5.5754106613070675e-05,5.5754106613070675e-05,0.0,1.6866368098415185,1.171839935125353,-0.013317355897416672,0.0
2026-07-14,COMPOSITE,1,1,0.2,3.0,2.0,1,1,持有,123.721,-0.00035228167020295853,-0.0003522816702028475,-1.1102230246251565e-16,1.6860426386091218,1.1714271173957966,-0.013664946107241449,0.0
2026-07-15,COMPOSITE,1,1,0.2,3.0,2.0,1,1,持有,123.7722,0.0004138343531010502,0.00041383435310082817,2.220446049250313e-16,1.6867403809737713,1.1719118941791289,-0.01325676677827281,0.0
2026-07-16,COMPOSITE,1,1,0.2,3.0,2.0,1,1,持有,123.7593,-0.00010422372713758676,-0.00010422372713747574,-1.1102230246251565e-16,1.6865645826045528,1.1717897531536408,-0.013359608835767034,0.0
2026-07-17,COMPOSITE,1,1,0.2,3.0,2.0,1,1,持有,123.7473,-9.696241009771178e-05,-9.696241009748974e-05,-2.220446049250313e-16,1.686401049237838,1.1716761335950474,-0.013455275865994043,0.0
2026-07-20,COMPOSITE,1,1,0.2,3.0,2.0,1,1,持有,123.7679,0.000166468278499865,0.00016646827849964296,2.220446049250313e-16,1.6866817815173651,1.171871180503966,-0.013291047464104255,0.0
2026-07-21,COMPOSITE,1,1,0.2,3.0,2.0,1,1,持有,123.7504,-0.00014139368931687102,-0.00014139368931676,-1.1102230246251565e-16,1.6864432953575728,1.1717054853143507,-0.013430561883185366,0.0
2026-07-22,COMPOSITE,1,1,0.2,3.0,2.0,1,1,持有,123.844,0.0007563611915597512,0.0007563611915597512,0.0,1.6877188556179474,1.17259171787138,-0.012684359047414828,0.0
2026-07-23,COMPOSITE,1,1,0.2,3.0,2.0,1,1,持有,123.909,0.0005248538483899612,0.0005248538483901832,-2.220446049250313e-16,1.6886046613543189,1.1732071571470952,-0.012166162633685196,0.0
2026-07-24,COMPOSITE,1,1,0.2,3.0,2.0,1,1,持有,123.8758,-0.0002679385678199253,-0.0002679385678199253,0.0,1.6881522190397416,1.172892809701653,-0.01243084141731321,0.0
2026-07-27,COMPOSITE,1,1,0.2,3.0,2.0,1,1,持有,123.9103,0.0002785047604132451,0.00027850476041346717,-2.220446049250313e-16,1.6886223774690463,1.1732194659326096,-0.012155798705410614,0.0
2026-07-28,COMPOSITE,1,1,0.2,3.0,2.0,1,1,持有,123.8947,-0.00012589752425751222,-0.00012589752425762324,1.1102230246251565e-16,1.6884097840923171,1.1730717605064378,-0.012280165844705815,0.0
2026-07-29,COMPOSITE,1,1,0.2,3.0,2.0,1,1,持有,123.896,1.0492781369997317e-05,1.0492781369997317e-05,0.0,1.6884275002070446,1.1730840692919522,-0.012269801916431122,0.0
2026-07-30,COMPOSITE,1,1,0.2,3.0,2.0,1,1,持有,123.9586,0.000505262478207591,0.000505262478207591,0.0,1.689280599270073,1.1736767846559484,-0.011770738908747025,0.0
2026-07-31,COMPOSITE,1,1,0.2,3.0,2.0,1,1,持有,124.0416,0.0006695783914951736,0.0006695783914951736,0.0,1.6904117050565164,1.1744626532695535,-0.01110904194967699,0.0
2026-08-03,COMPOSITE,1,1,0.2,3.0,2.0,1,1,持有,124.1068,0.0005256301111884465,0.0005256301111886685,-2.220446049250313e-16,1.6913002363489995,1.1750799862045784,-0.01058925108544373,0.0
2026-08-04,COMPOSITE,1,1,0.2,3.0,2.0,1,1,持有,124.0924,-0.00011602909751928792,-0.00011602909751928792,0.0,1.6911039963089418,1.174943642734266,-0.010704051521716162,0.0
2026-08-05,COMPOSITE,1,1,0.2,3.0,2.0,1,1,持有,124.1381,0.0003682739635948451,0.0003682739635948451,0.0,1.6917267858805136,1.1753763438865765,-0.010339719581601736,0.0
2026-08-06,COMPOSITE,1,1,0.2,3.0,2.0,1,1,持有,124.1134,-0.00019897195139928492,-0.00019897195139928492,0.0,1.6913901797006925,1.1751424769618048,-0.010536634218818897,0.0
2026-08-07,COMPOSITE,1,1,0.2,3.0,2.0,1,1,持有,124.1204,5.640003416229611e-05,5.640003416229611e-05,0.0,1.6914855741646095,1.175208755037651,-0.010480828451186475,0.0
2026-08-10,COMPOSITE,1,1,0.2,3.0,2.0,1,1,持有,124.1733,0.00042619907766972,0.00042619907766949794,2.220446049250313e-16,1.69220648375621,1.1757096279251174,-0.010059096292935887,0.0
2026-08-11,COMPOSITE,1,1,0.2,3.0,2.0,1,1,持有,124.1867,0.00010791369803331285,0.00010791369803331285,0.0,1.6923890960157082,1.1758365030988802,-0.009952268109182372,0.0
2026-08-12,COMPOSITE,1,1,0.2,3.0,2.0,1,1,持有,124.1369,-0.00040100912577600845,-0.0004010091257757864,-2.220446049250313e-16,1.6917104325438421,1.1753649819307173,-0.010349286284624393,0.0
2026-08-13,COMPOSITE,1,1,0.2,3.0,2.0,1,1,持有,124.2117,0.0006025605601556183,0.0006025605601553963,2.220446049250313e-16,1.692729790529697,1.1760732105126166,-0.009752961796209658,0.0
2026-08-14,COMPOSITE,1,1,0.2,3.0,2.0,1,1,持有,124.2841,0.0005828758482493424,0.0005828758482495644,-2.220446049250313e-16,1.693716441842209,1.1767587151827978,-0.009175770713840126,0.0
2026-08-17,COMPOSITE,1,1,0.2,3.0,2.0,1,1,持有,124.3565,0.0005825363019082985,0.0005825363019080765,2.220446049250313e-16,1.6947030931547211,1.1774442198529786,-0.008598579631470593,0.0
2026-08-18,COMPOSITE,1,1,0.2,3.0,2.0,1,1,持有,124.3932,0.00029511927402259275,0.0002951192740228148,-2.220446049250313e-16,1.695203232701257,1.177791706336344,-0.008305997964026313,0.0
2026-08-19,COMPOSITE,1,1,0.2,3.0,2.0,1,1,持有,124.4075,0.00011495805236938494,0.00011495805236938494,0.0,1.6953981099632587,1.177927102977001,-0.008191994753005805,0.0
2026-08-20,COMPOSITE,1,1,0.2,3.0,2.0,1,1,持有,124.3497,-0.00046460221449673433,-0.00046460221449673433,0.0,1.6946104242469162,1.1773798354364422,-0.008652790948599165,0.0
2026-08-21,COMPOSITE,1,1,0.2,3.0,2.0,1,1,持有,124.3203,-0.0002364300034498612,-0.0002364300034498612,0.0,1.6942097674984653,1.1771014675178881,-0.008887175172655248,0.0
2026-08-24,COMPOSITE,1,1,0.2,3.0,2.0,1,1,持有,124.4005,0.0006451078383817865,0.0006451078383820086,-2.220446049250313e-16,1.6953027154993416,1.1778608249011548,-0.008247800520638338,0.0
2026-08-25,COMPOSITE,1,1,0.2,3.0,2.0,1,1,持有,124.3779,-0.00018167129553336991,-0.00018167129553336991,0.0,1.6949947276586956,1.177646841399137,-0.008427973427565849,0.0
2026-08-26,COMPOSITE,1,1,0.2,3.0,2.0,1,1,持有,124.3108,-0.0005394849084925379,-0.0005394849084925379,0.0,1.6940803035831493,1.1770115187006682,-0.00896291157158502,0.0
2026-08-27,COMPOSITE,1,1,0.2,3.0,2.0,1,1,持有,124.203,-0.0008671812907646848,-0.0008671812907647958,1.1102230246251565e-16,1.692611228838829,1.1759908363326363,-0.009822320393124029,0.0
2026-08-28,COMPOSITE,1,1,0.2,3.0,2.0,1,1,持有,124.222,0.00015297537096525815,0.00015297537096525815,0.0,1.6928701566694606,1.1761707339670762,-0.009670847595264709,0.0
2026-08-31,COMPOSITE,1,1,0.2,3.0,2.0,1,1,持有,124.252,0.00024150311539017366,0.00024150311539017366,0.0,1.6932789900862473,1.17645478286356,-0.009431680019697297,0.0
2026-09-01,COMPOSITE,1,1,0.2,3.0,2.0,1,1,持有,124.3125,0.0004869136915301997,0.0004869136915301997,0.0,1.6941034708101006,1.1770276148048024,-0.008949358742302849,0.0
2026-09-02,COMPOSITE,1,1,0.2,3.0,2.0,1,1,持有,124.2916,-0.00016812468577176443,-0.00016812468577187545,1.1102230246251565e-16,1.6938186501964059,1.1768297274069186,-0.00911597881994819,0.0
2026-09-03,COMPOSITE,1,1,0.2,3.0,2.0,1,1,持有,124.3659,0.000597787782923298,0.0005977877829235201,-2.220446049250313e-16,1.694831194291981,1.1775332218405437,-0.008523640457792747,0.0
2026-09-04,COMPOSITE,1,1,0.2,3.0,2.0,1,1,持有,124.3546,-9.08609192711296e-05,-9.086091927124063e-05,1.1102230246251565e-16,1.6946772003716581,1.1774262300895348,-0.008613726911256392,0.0
2026-09-07,COMPOSITE,1,1,0.2,3.0,2.0,1,1,持有,124.3751,0.00016485115950670703,0.00016485115950670703,0.0,1.694956569873129,1.1776203301687986,-0.00845029573461864,0.0
2026-09-08,COMPOSITE,1,1,0.2,3.0,2.0,1,1,持有,124.3445,-0.0002460299529408738,-0.0002460299529407628,-1.1102230246251565e-16,1.6945395597880064,1.177330600294385,-0.008694246661697602,0.0
2026-09-09,COMPOSITE,1,1,0.2,3.0,2.0,1,1,持有,124.3601,0.00012545790123419387,0.00012545790123397182,2.220446049250313e-16,1.6947521531647356,1.1774783057205567,-0.008569879522402402,0.0
2026-09-10,COMPOSITE,1,1,0.2,3.0,2.0,1,1,持有,124.3535,-5.3071684567695954e-05,-5.307168456758493e-05,-1.1102230246251565e-16,1.6946622098130424,1.1774158149633303,-0.008622496389027345,0.0
2026-09-11,COMPOSITE,1,1,0.2,3.0,2.0,1,1,持有,124.2929,-0.0004873204212184623,-0.0004873204212184623,0.0,1.6938363663111333,1.176842036192433,-0.009105614891673497,0.0
2026-09-14,COMPOSITE,1,1,0.2,3.0,2.0,1,1,持有,124.3048,9.574159103209468e-05,9.574159103209468e-05,0.0,1.693998536899792,1.1769547089213714,-0.009010745086698413,0.0
2026-09-15,COMPOSITE,1,1,0.2,3.0,2.0,1,1,持有,124.3435,0.00031133150127748976,0.0003113315012777118,-2.220446049250313e-16,1.694525932007447,1.1773211319978358,-0.008702218914216409,0.0
2026-09-16,COMPOSITE,1,1,0.2,3.0,2.0,1,1,持有,124.3751,0.00025413471552582223,0.00025413471552582223,0.0,1.694956569873129,1.1776203301687986,-0.00845029573461864,0.0
