日期,银存间质押1日,银行间质押1日,银存间质押7日,银行间质押7日,SHIBOR:1周,中债-10年期国债净价(总值)指数
,DR001,R001,DR007,R007,M0017139,CBA04502.CS
2010-12-31,4.56,4.56,4.7,4.7,6.3867,105.6363
2011-01-04,2.94,2.94,4.42,4.42,4.3108,105.7726
2011-01-05,2.6,2.6,3.19,3.19,3.2192,106.1737
2011-01-06,2.17,2.17,3.08,3.08,3.1567,106.0813
2011-01-07,2.11,2.11,2.8,2.8,2.7996,106.1692
2011-01-10,2,2,2.39,2.39,2.3725,106.1675
2011-01-11,1.97,1.97,2.46,2.46,2.4375,105.959
2011-01-12,2,2,2.49,2.49,2.4853,105.9706
2011-01-13,1.92,1.92,2.3,2.3,2.3075,105.8634
2011-01-14,1.93,1.93,2.53,2.53,2.5458,105.6665
2011-01-17,1.93,1.93,2.8,2.8,2.5713,105.2768
2011-01-18,2,2,2.8,2.8,2.7675,104.9786
2011-01-19,2.7,2.7,4.067,4.067,4.0588,104.9298
2011-01-20,5.6,5.6,6.15,6.15,6.0767,104.9059
2011-01-21,5.79,5.79,7.5,7.5,7.3208,104.9445
2011-01-24,7.31,7.31,5.3,5.3,5.4242,104.9469
2011-01-25,7.3,7.3,7,7,7.7033,104.8176
2011-01-26,7.7,7.7,7.69,7.69,7.8725,104.742
2011-01-27,8.1,8.1,8.2635,8.2635,8.4058,104.7539
2011-01-28,7.73,7.73,8.2,8.2,8.1883,104.8212
2011-01-30,4.5,4.5,8.5,8.5,8.5117,104.7952
2011-01-31,4.88,4.88,8.2,8.2,8.2192,104.7931
2011-02-01,3.37,3.37,3.35,3.35,3.3692,104.8112
2011-02-09,3.9,3.9,4.2,4.2,4.0903,104.3124
2011-02-10,2.88,2.88,3.961,3.961,3.9717,104.202
2011-02-11,2.89,2.89,3.91,3.91,3.971,104.2823
2011-02-12,2.6,2.6,2.7,2.7,2.6412,104.2468
2011-02-14,2.31,2.31,2.7,2.7,2.7067,104.6814
2011-02-15,2.31,2.31,2.4,2.4,2.6245,104.7119
2011-02-16,2.3,2.3,2.6,2.6,2.5882,104.6438
2011-02-17,2.2,2.2,3.145,3.145,2.925,104.6171
2011-02-18,2.1,2.1,3,3,2.7949,104.5966
2011-02-21,2.1,2.1,6.4,6.4,6.0942,104.3367
2011-02-22,2,2,6.32,6.32,6.2533,104.5007
2011-02-23,2,2,6.25,6.25,6.2033,104.8073
2011-02-24,2.3,2.3,3.55,3.55,3.4463,105.1833
2011-02-25,2.65,2.65,3.55,3.55,3.1492,105.0822
2011-02-28,2.4,2.4,3,3,2.9967,105.0545
2011-03-01,2.2,2.2,3,3,2.9958,105.0791
2011-03-02,2.03,2.03,3,3,2.9942,105.2339
2011-03-03,1.97,1.97,2.45,2.45,2.4392,105.1686
2011-03-04,1.9,1.9,2.2,2.2,2.2092,105.1717
2011-03-07,1.8,1.8,2.18,2.18,2.163,105.1444
2011-03-08,1.75,1.75,2.21,2.21,2.2033,105.2532
2011-03-09,1.55,1.55,2.2,2.2,2.1513,105.4016
2011-03-10,1.75,1.75,2.28,2.28,2.2575,105.3977
2011-03-11,1.7,1.7,2.06,2.06,2.0508,105.2921
2011-03-14,1.65,1.65,2.05,2.05,2.0467,105.4347
2011-03-15,1.6,1.6,2,2,1.9917,105.6649
2011-03-16,1.69,1.69,2,2,1.9933,105.6107
2011-03-17,1.6,1.6,2,2,1.9983,105.7568
2011-03-18,1.68,1.68,2.02,2.02,1.9967,105.7226
2011-03-21,1.93,1.93,2.96,2.96,2.96,105.6809
2011-03-22,1.93,1.93,2.83,2.83,2.8283,105.5761
2011-03-23,1.91,1.91,2.67,2.67,2.7133,105.5533
2011-03-24,1.89,1.89,2.77,2.77,2.7,105.5986
2011-03-25,1.9,1.9,2.25,2.25,2.2342,105.556
2011-03-28,1.79,1.79,3,3,2.3058,105.5201
2011-03-29,1.79,1.79,2,2,2.0842,105.4827
2011-03-30,1.8,1.8,2.85,2.85,2.6071,105.4369
2011-03-31,1.9,1.9,2.85,2.85,2.8183,105.4076
2011-04-01,1.82,1.82,2.8,2.8,2.7821,105.4281
2011-04-02,1.78,1.78,2.28,2.28,2.2783,105.4327
2011-04-06,1.79,1.79,2.4,2.4,2.3883,105.2725
2011-04-07,1.78,1.78,2.06,2.06,2.0625,105.3152
2011-04-08,1.76,1.76,2.48,2.48,2.4692,105.4317
2011-04-11,1.8,1.8,2,2,1.9938,105.5316
2011-04-12,1.75,1.75,1.96,1.96,1.9517,105.7595
2011-04-13,1.74,1.74,2.01,2.01,1.9658,105.8229
2011-04-14,1.7,1.7,1.75,1.75,2.3782,105.8237
2011-04-15,1.73,1.73,2.36,2.36,2.3513,105.8346
2011-04-18,1.77,1.77,2.69,2.69,2.695,105.658
2011-04-19,1.77,1.77,2.5,2.5,2.9598,105.6449
2011-04-20,1.77,1.77,3,3,2.9992,105.6849
2011-04-21,3.6,3.6,4,4,3.9275,105.6758
2011-04-22,3.09,3.09,3.54,3.54,3.5496,105.673
2011-04-25,2.74,2.74,4.5,4.5,4.0542,105.6452
2011-04-26,2.69,2.69,4.5,4.5,4.4275,105.6436
2011-04-27,2.04,2.04,3.7,3.7,3.7533,105.7291
2011-04-28,2.04,2.04,3.04,3.04,3.0392,105.7469
2011-04-29,2.5,2.5,2.5,2.5,2.94,105.777
2011-05-03,2.57,2.57,2.97,2.97,2.9492,105.768
2011-05-04,2.53,2.53,3,3,2.9983,105.8071
2011-05-05,2,2,2.98,2.98,2.965,105.8361
2011-05-06,2.01,2.01,2.77,2.77,2.7817,106.0232
2011-05-09,2.2,2.2,2.75,2.75,2.7458,106.0008
2011-05-10,2.15,2.15,2.79,2.79,2.7783,106.0578
2011-05-11,2.11,2.11,2.79,2.79,2.7883,106.0853
2011-05-12,2.11,2.11,2.76,2.76,2.7729,106.1335
2011-05-13,2.1,2.1,3.61,3.61,3.5542,106.1047
2011-05-16,2.11,2.11,4.66,4.66,4.5983,106.0394
2011-05-17,2.12,2.12,4.6,4.6,4.6375,106.0761
2011-05-18,3.17,3.17,3.2761,3.2761,3.269,106.0894
2011-05-19,3.56,3.56,3.9,3.9,3.5283,106.0226
2011-05-20,4.02,4.02,4,4,3.9892,105.9411
2011-05-23,4.05,4.05,4.72,4.72,4.7108,106.0132
2011-05-24,4.46,4.46,5,5,4.73,106.0321
2011-05-25,5,5,5.3,5.3,5.305,106.0022
2011-05-26,4.82,4.82,4.9,4.9,5.0883,105.9937
2011-05-27,2.82,2.82,4.4,4.4,4.3958,106.0496
2011-05-30,2.57,2.57,3.5,3.5,3.2008,106.0394
2011-05-31,3.9,3.9,3.86,3.86,3.8467,106.0094
2011-06-01,3.15,3.15,3.9,3.9,3.9167,105.9973
2011-06-02,2.85,2.85,3.52,3.52,3.5033,105.9964
2011-06-03,2.54,2.54,3.47,3.47,3.5075,105.9998
2011-06-07,3,3,3.45,3.45,3.2292,105.9548
2011-06-08,3.7,3.7,3.95,3.95,3.71,105.9347
2011-06-09,3.81,3.81,4.11,4.11,4.1017,105.8911
2011-06-10,3.82,3.82,4.5,4.5,4.6142,105.8409
2011-06-13,3.82,3.82,4.5,4.5,4.5317,105.7416
2011-06-14,3.52,3.52,4.18,4.18,4.1592,105.4985
2011-06-15,4,4,6.23,6.23,6.1825,104.9557
2011-06-16,4,4,6.62,6.62,6.6,104.9921
2011-06-17,4,4,6.71,6.71,6.6842,104.9471
2011-06-20,6.92,6.92,8,8,7.4958,105.1034
2011-06-21,7.16,7.16,7,7,8.3267,105.3559
2011-06-22,7.47,7.47,8.81,8.81,8.835,105.0944
2011-06-23,7.33,7.33,9.05,9.05,9.0708,105.1495
2011-06-24,6,6,8.55,8.55,8.67,105.2999
2011-06-27,6.12,6.12,5.44,5.44,7.2617,105.5945
2011-06-28,5.05,5.05,5.75,5.75,6.4925,105.5968
2011-06-29,5.05,5.05,6.31,6.31,6.3283,105.5909
2011-06-30,5.02,5.02,6.6,6.6,6.5986,105.5448
2011-07-01,4.73,4.73,5.93,5.93,5.9483,105.7132
2011-07-04,2.86,2.86,4.8,4.8,4.7617,105.6795
2011-07-05,5.8,5.8,6.76,6.76,6.7992,105.7163
2011-07-06,6.04,6.04,5.8,5.8,7.4367,105.7004
2011-07-07,4.83,4.83,5.6,5.6,5.6133,105.6512
2011-07-08,5,5,5.9,5.9,6.2542,105.6866
2011-07-11,4.03,4.03,5.32,5.32,5.3283,105.5866
2011-07-12,2.47,2.47,4.88,4.88,4.8683,105.6693
2011-07-13,3.5,3.5,3.9,3.9,3.6975,105.5572
2011-07-14,4.3,4.3,5,5,4.8042,105.4183
2011-07-15,3.88,3.88,4.13,4.13,4.0925,105.3309
2011-07-18,3.67,3.67,4.7,4.7,4.5217,105.1426
2011-07-19,4.5,4.5,4.65,4.65,4.5817,104.631
2011-07-20,4.8,4.8,5.5,5.5,5.3533,104.1853
2011-07-21,5.47,5.47,5.9,5.9,5.7742,103.9986
2011-07-22,5.33,5.33,5.28,5.28,5.42,104.103
2011-07-25,5.1555,5.1555,5.2,5.2,5.2592,104.2223
2011-07-26,4.64,4.64,5.03,5.03,4.9908,104.1476
2011-07-27,4.17,4.17,5,5,4.9583,104.1531
2011-07-28,3.66,3.66,5.1,5.1,5.0467,104.1672
2011-07-29,3.6,3.6,5.09,5.09,5.1142,104.2384
2011-08-01,3.04,3.04,5.05,5.05,5.0121,104.3294
2011-08-02,2.7,2.7,4.87,4.87,4.8732,104.3015
2011-08-03,2.8253,2.8253,4,4,4.0992,103.9399
2011-08-04,2.85,2.85,3.28,3.28,3.2666,104.0661
2011-08-05,2.83,2.83,3.01,3.01,3.01,104.4316
2011-08-08,2.74,2.74,3.01,3.01,3,104.6147
2011-08-09,2.85,2.85,3.11,3.11,3.0933,104.8589
2011-08-10,2.6,2.6,3.15,3.15,3.1058,104.8822
2011-08-11,2.76,2.76,3.11,3.11,3.0967,105.1638
2011-08-12,2.8,2.8,3.08,3.08,3.0825,105.1353
2011-08-15,2.87,2.87,3.18,3.18,3.2375,105.1675
2011-08-16,2.99,2.99,3.23,3.23,3.2129,104.9792
2011-08-17,3.06,3.06,3.25,3.25,3.2167,105.0516
2011-08-18,3.52,3.52,4,4,3.7658,104.9531
2011-08-19,3.72,3.72,4.9,4.9,4.3033,105.2071
2011-08-22,4.05,4.05,5,5,4.9667,105.1521
2011-08-23,4,4,5.48,5.48,5.19,105.0618
2011-08-24,3.77,3.77,4.45,4.45,4.4383,105.0057
2011-08-25,3.34,3.34,4.48,4.48,4.4825,104.7961
2011-08-26,3.24,3.24,4.08,4.08,4.0558,104.733
2011-08-29,3.2,3.2,4.4,4.4,4.3961,104.0997
2011-08-30,3.42,3.42,4.95,4.95,4.975,103.7501
2011-08-31,3.36,3.36,4.94,4.94,4.955,103.8397
2011-09-01,3.41,3.41,3.52,3.52,4.7658,104.0249
2011-09-02,3.47,3.47,4.21,4.21,4.2021,104.0564
2011-09-05,3.6,3.6,4.89,4.89,4.8775,104.1764
2011-09-06,3,3,4.48,4.48,4.4883,104.4036
2011-09-07,3.06,3.06,4.35,4.35,4.3625,104.1942
2011-09-08,3.12,3.12,4,4,4.01,104.1147
2011-09-09,2.95,2.95,3.63,3.63,3.6233,104.3209
2011-09-13,2.96,2.96,3.28,3.28,3.2817,104.4408
2011-09-14,2.97,2.97,3.29,3.29,3.2883,104.4003
2011-09-15,3.3,3.3,3.25,3.25,3.3433,104.2507
2011-09-16,3.2,3.2,3.3242,3.3242,3.3202,104.1003
2011-09-19,3.47,3.47,3.6,3.6,3.55,104.052
2011-09-20,3.8,3.8,4,4,3.9933,104.0194
2011-09-21,3.74,3.74,4.07,4.07,4.079,104.081
2011-09-22,3.5,3.5,3.93,3.93,3.9025,104.1703
2011-09-23,3.28,3.28,4.12,4.12,4.1633,104.843
2011-09-26,3.1,3.1,3.79,3.79,3.81,105.4275
2011-09-27,4.06,4.06,4.05,4.05,4.6667,105.2872
2011-09-28,3.9,3.9,4.85,4.85,4.81,105.1979
2011-09-29,3.88,3.88,5.08,5.08,5.0675,105.4381
2011-09-30,4.8654,4.8654,4.865,4.865,5.0025,105.6242
2011-10-08,4.87,4.87,4.96,4.96,4.9667,105.7346
2011-10-09,4.57,4.57,4.6,4.6,4.795,106.134
2011-10-10,3.82,3.82,4.4915,4.4915,4.4283,106.2861
2011-10-11,3.45,3.45,4.23,4.23,4.1975,106.4014
2011-10-12,2.95,2.95,3.45,3.45,3.3158,106.3351
2011-10-13,2.97,2.97,3.15,3.15,3.1517,106.1792
2011-10-14,2.79,2.79,3.15,3.15,3.1475,106.3535
2011-10-17,2.82,2.82,3.3,3.3,3.34,106.2681
2011-10-18,2.85,2.85,3.5,3.5,3.4933,106.6453
2011-10-19,2.9,2.9,3.3,3.3,3.3517,106.7317
2011-10-20,3.05,3.05,3.508,3.508,3.4575,106.809
2011-10-21,3.07,3.07,3.45,3.45,3.4342,106.7296
2011-10-24,3.07,3.07,3.4472,3.4472,3.4033,106.6562
2011-10-25,3.6,3.6,4,4,3.99,106.4277
2011-10-26,4.01,4.01,4.05,4.05,4.0917,106.3704
2011-10-27,4.3,4.3,4.56,4.56,4.5417,106.3002
2011-10-28,4,4,5.1,5.1,4.9792,106.3278
2011-10-31,4.71,4.71,4.97,4.97,4.9433,106.4068
2011-11-01,3.2,3.2,4.4,4.4,4.3542,106.7054
2011-11-02,3.11,3.11,3.71,3.71,3.6958,106.8541
2011-11-03,2.5,2.5,3.7,3.7,3.3975,106.8609
2011-11-04,3.1,3.1,3.5,3.5,3.4983,106.8951
2011-11-07,3.05,3.05,3.57,3.57,3.5683,106.8795
2011-11-08,3.12,3.12,3.4,3.4,3.5583,107.0378
2011-11-09,3.12,3.12,3.82,3.82,3.5183,107.3572
2011-11-10,3.4,3.4,3.5,3.5,3.4767,108.1068
2011-11-11,2.83,2.83,3.5,3.5,3.5,107.9959
2011-11-14,2.95,2.95,3.3,3.3,3.3067,107.9684
2011-11-15,2.92,2.92,4.5,4.5,3.2975,107.631
2011-11-16,2.93,2.93,3.36,3.36,3.345,107.6847
2011-11-17,3.24,3.24,3.543,3.543,3.5525,107.542
2011-11-18,3.42,3.42,3.71,3.71,3.6994,107.5407
2011-11-21,3.65,3.65,4.22,4.22,4.2092,107.39
2011-11-22,3.85,3.85,4.4,4.4,4.4117,107.4432
2011-11-23,3.05,3.05,4.35,4.35,4.3325,107.7631
2011-11-24,3.95,3.95,4.14,4.14,4.105,107.7613
2011-11-25,4.03,4.03,4.33,4.33,4.0358,107.6921
2011-11-28,3.72,3.72,3.99,3.99,3.9833,107.7006
2011-11-29,3.42,3.42,3.62,3.62,3.6375,107.6317
2011-11-30,3.43,3.43,3.97,3.97,3.9642,107.7142
2011-12-01,2.94,2.94,3.2,3.2,3.9717,108.5935
2011-12-02,3,3,3.7,3.7,3.6446,108.8
2011-12-05,2.72,2.72,3.35,3.35,3.2933,108.9805
2011-12-06,2.85,2.85,3.38,3.38,3.3942,108.9321
2011-12-07,2.87,2.87,4,4,3.4308,108.8026
2011-12-08,2.87,2.87,3.47,3.47,3.4692,108.7746
2011-12-09,2.9,2.9,3.5,3.5,3.5308,108.8216
2011-12-12,2.95,2.95,3.55,3.55,3.5392,108.7709
2011-12-13,2.91,2.91,3.5,3.5,3.4975,108.7228
2011-12-14,2.93,2.93,3.23,3.23,3.21,108.7606
2011-12-15,2.95,2.95,3.45,3.45,3.4492,108.7453
2011-12-16,2.9,2.9,3.15,3.15,3.0583,108.8133
2011-12-19,2.88,2.88,3.03,3.03,3.0075,108.8782
2011-12-20,2.9,2.9,3.28,3.28,3.2208,108.8663
2011-12-21,2.91,2.91,3.55,3.55,3.5983,108.8373
2011-12-22,2.94,2.94,3.3,3.3,3.7733,108.7537
2011-12-23,2.94,2.94,3.74,3.74,3.7392,108.7591
2011-12-26,3,3,4.5,4.5,4.0958,108.8357
2011-12-27,3.08,3.08,5,5,4.3842,108.9747
2011-12-28,3.42,3.42,5,5,4.7292,108.9268
2011-12-29,3.42,3.42,5.49,5.49,5.4192,109.0345
2011-12-30,3.41,3.41,5.75,5.75,5.5808,109.1362
2011-12-31,5.04,5.04,6.38,6.38,6.33,109.3084
2012-01-04,3.5,3.5,4.07,4.07,4.0208,109.1348
2012-01-05,4,4,4.51,4.51,4.5042,109.1256
2012-01-06,4,4,4.31,4.31,4.3008,109.2806
2012-01-09,4,4,4.52,4.52,4.5083,109.4326
2012-01-10,3.72,3.72,3.8,3.8,4.1017,109.4652
2012-01-11,3.25,3.25,4,4,3.9958,109.3033
2012-01-12,3.48,3.48,4.18,4.18,4.1658,109.3528
2012-01-13,4.8,4.8,5,5,4.8383,109.339
2012-01-16,7.5,7.5,7,7,5.585,109.2921
2012-01-17,7.52,7.52,7.15,7.15,7.4117,109.3551
2012-01-18,7,7,7.72,7.72,7.9,109.3661
2012-01-19,6.49,6.49,5.98,5.98,6.0117,109.5716
2012-01-20,3.46,3.46,5,5,4.9917,109.5542
2012-01-21,3.49,3.49,4.5,4.5,3.9308,109.5998
2012-01-29,3.3,3.3,4.22,4.22,4.2308,109.6053
2012-01-30,2.86,2.86,4.5,4.5,4.3463,109.5028
2012-01-31,2.97,2.97,4.33,4.33,4.3142,109.4774
2012-02-01,2.97,2.97,4.35,4.35,4.3567,109.2704
2012-02-02,2.97,2.97,4.33,4.33,4.3267,109.1136
2012-02-03,2.6,2.6,3.35,3.35,3.3125,109.0992
2012-02-06,2.79,2.79,3.45,3.45,3.4425,108.9264
2012-02-07,2.78,2.78,3.47,3.47,3.5,108.8483
2012-02-08,2.77,2.77,3.72,3.72,3.7108,108.6895
2012-02-09,2.7,2.7,3.67,3.67,3.6708,108.4487
2012-02-10,2.69,2.69,2.69,2.69,3.6408,108.4835
2012-02-13,2.7,2.7,3.65,3.65,3.6515,108.5155
2012-02-14,3.01,3.01,3.85,3.85,3.77,108.6485
2012-02-15,3.05,3.05,3.9,3.9,3.885,108.4109
2012-02-16,3.61,3.61,4.3,4.3,4.3283,108.3963
2012-02-17,4.75,4.75,5.39,5.39,5.1792,108.3521
2012-02-20,4.82,4.82,5.9316,5.9316,5.3472,108.534
2012-02-21,4.8,4.8,5.25,5.25,5.1233,108.5861
2012-02-22,4.96,4.96,5.1,5.1,5.0317,108.5545
2012-02-23,5.25,5.25,5.8,5.8,5.485,108.5232
2012-02-24,2.8,2.8,4.4,4.4,4.4817,108.5144
2012-02-27,3.02,3.02,3.66,3.66,3.645,108.3862
2012-02-28,2.69,2.69,3,3,3.6533,108.3564
2012-02-29,2.6,2.6,3.48,3.48,3.4717,108.4337
2012-03-01,2.51,2.51,3.4,3.4,3.2642,108.3808
2012-03-02,2.54,2.54,3.33,3.33,3.2683,108.2615
2012-03-05,2.46,2.46,3.12,3.12,3.1392,108.1956
2012-03-06,2.33,2.33,3.29,3.29,3.1298,108.3282
2012-03-07,2.33,2.33,2.5,2.5,3.09,108.4119
2012-03-08,2.33,2.33,2.94,2.94,2.9325,108.4512
2012-03-09,2.32,2.32,3,3,2.9683,108.4477
2012-03-12,2.32,2.32,2.8,2.8,2.7958,108.494
2012-03-13,2.28,2.28,3,3,2.9958,108.4524
2012-03-14,2.32,2.32,3,3,3,108.4092
2012-03-15,2.35,2.35,3.03,3.03,2.8808,108.3427
2012-03-16,2.39,2.39,2.9,2.9,2.8975,108.359
2012-03-19,2.4,2.4,2.75,2.75,2.8883,108.2957
2012-03-20,2.5,2.5,3.31,3.31,2.9983,108.308
2012-03-21,2.55,2.55,3.11,3.11,3.0758,108.2681
2012-03-22,2.7,2.7,3.18,3.18,3.1683,108.3229
2012-03-23,2.4,2.4,3.02,3.02,2.9758,108.4526
2012-03-26,2.5,2.5,3.3,3.3,3.2983,108.4714
2012-03-27,2.55,2.55,3.31,3.31,3.2442,108.4663
2012-03-28,2.2,2.2,3.53,3.53,3.525,108.4941
2012-03-29,2.6,2.6,3.51,3.51,3.4954,108.5653
2012-03-30,2.68,2.68,3.8,3.8,3.7067,108.6493
2012-03-31,2.68,2.68,3.45,3.45,3.4415,108.6806
2012-04-01,2.64,2.64,3.45,3.45,3.44,108.5625
2012-04-05,3.03,3.03,4,4,3.9658,108.5506
2012-04-06,3.25,3.25,4.23,4.23,4.2258,108.5501
2012-04-09,2.94,2.94,3.75,3.75,3.7442,108.4836
2012-04-10,3,3,3.7,3.7,3.7008,108.4853
2012-04-11,3,3,3.8,3.8,3.7808,108.5016
2012-04-12,3.05,3.05,3.8,3.8,3.7992,108.4722
2012-04-13,3.5,3.5,3.81,3.81,3.7942,108.5403
2012-04-16,3.29,3.29,3.81,3.81,3.8,108.5301
2012-04-17,3.01,3.01,3.76,3.76,3.7517,108.5638
2012-04-18,3,3,4,4,3.7488,108.5275
2012-04-19,3.2,3.2,3.85,3.85,3.8025,108.4621
2012-04-20,2.8,2.8,3.95,3.95,3.9525,108.4874
2012-04-23,3.28,3.28,3.7863,3.7863,3.7642,108.4757
2012-04-24,3.22,3.22,3.61,3.61,3.7967,108.5421
2012-04-25,3.47,3.47,4,4,3.9133,108.5257
2012-04-26,3.45,3.45,4,4,3.9708,108.5362
2012-04-27,3.29,3.29,3.88,3.88,3.8725,108.575
2012-04-28,2.8,2.8,3.78,3.78,3.7796,108.5607
2012-05-02,2.85,2.85,3.81,3.81,3.8,108.5413
2012-05-03,2.96,2.96,3.06,3.06,3.8529,108.5738
2012-05-04,2.97,2.97,3.84,3.84,3.8292,108.5295
2012-05-07,2.96,2.96,3.76,3.76,3.7729,108.5653
2012-05-08,2.3,2.3,3.76,3.76,3.6917,108.5681
2012-05-09,2.4,2.4,3.33,3.33,3.3108,108.5682
2012-05-10,2.32,2.32,3.2,3.2,3.2258,108.6509
2012-05-11,2.29,2.29,3.19,3.19,3.1867,108.7597
2012-05-14,2.1,2.1,3,3,3.1433,109.2413
2012-05-15,1.87,1.87,2.75,2.75,2.8292,109.5977
2012-05-16,1.836,1.836,2.79,2.79,2.7867,109.804
2012-05-17,1.81,1.81,2.7,2.7,2.68,109.6647
2012-05-18,1.8,1.8,2.69,2.69,2.6858,109.822
2012-05-21,1.82,1.82,2.67,2.67,2.6742,109.6376
2012-05-22,1.83,1.83,2.7,2.7,2.6925,109.6603
2012-05-23,1.85,1.85,2.43,2.43,2.4196,109.6687
2012-05-24,1.89,1.89,2.23,2.23,2.2277,109.8654
2012-05-25,1.91,1.91,2.2,2.2,2.5025,110.3082
2012-05-28,1.92,1.92,2.6,2.6,2.4958,110.0299
2012-05-29,1.91,1.91,2.58,2.58,2.5733,109.9178
2012-05-30,1.91,1.91,2.35,2.35,2.3217,109.8465
2012-05-31,1.884,1.884,2.16,2.16,2.1375,109.9393
2012-06-01,1.9,1.9,2.4,2.4,2.3442,109.9919
2012-06-04,1.92,1.92,2.53,2.53,2.5183,109.9884
2012-06-05,2.02,2.02,2.6,2.6,2.5967,109.9044
2012-06-06,2.21,2.21,2.64,2.64,2.5667,109.8682
2012-06-07,2.4,2.4,2.68,2.68,2.675,109.8224
2012-06-08,2.41,2.41,2.6,2.6,2.4567,110.2519
2012-06-11,2.32,2.32,2.4,2.4,2.4154,110.017
2012-06-12,2.4,2.4,2.55,2.55,2.5325,109.9352
2012-06-13,2.5,2.5,2.7,2.7,2.6883,109.8373
2012-06-14,2.55,2.55,2.7,2.7,2.695,109.7225
2012-06-15,2.57,2.57,2.75,2.75,2.7196,109.7126
2012-06-18,2.554,2.554,2.66,2.66,2.5567,109.5783
2012-06-19,2.7,2.7,2.98,2.98,2.9242,109.5506
2012-06-20,3.31,3.31,3.45,3.45,3.4163,109.5432
2012-06-21,3.63,3.63,4.34,4.34,4.3083,109.5592
2012-06-25,3.8,3.8,4.2,4.2,4.2175,109.8145
2012-06-26,3.91,3.91,4.3,4.3,4.28,109.8849
2012-06-27,3.5,3.5,4.4,4.4,4.1708,110.0838
2012-06-28,3.57,3.57,3.93,3.93,3.925,110.1659
2012-06-29,4,4,4.13,4.13,4.1083,110.2799
2012-07-02,3.62,3.62,3.5,3.5,4.1567,110.2404
2012-07-03,3.25,3.25,4.1727,4.1727,4.165,110.2966
2012-07-04,2.63,2.63,3.97,3.97,3.8558,110.2435
2012-07-05,2.61,2.61,3.98,3.98,3.99,110.2828
2012-07-06,2.1,2.1,3.48,3.48,3.4308,110.4592
2012-07-09,2.4,2.4,3.376,3.376,3.3442,110.6989
2012-07-10,2.34,2.34,3.33,3.33,3.3142,110.7947
2012-07-11,2.36,2.36,3.28,3.28,3.2663,110.891
2012-07-12,2.4,2.4,3.25,3.25,3.1908,110.9625
2012-07-13,2.49,2.49,3.34,3.34,3.3317,110.9283
2012-07-16,2.47,2.47,3.28,3.28,3.2746,110.8152
2012-07-17,2.64,2.64,3.28,3.28,3.2771,110.6649
2012-07-18,3.05,3.05,3.56,3.56,3.45,110.5692
2012-07-19,3.01,3.01,3.6,3.6,3.5225,110.5378
2012-07-20,3.15,3.15,3.58,3.58,3.5642,110.6275
2012-07-23,3.37,3.37,3.57,3.57,3.5533,110.6196
2012-07-24,2.97,2.97,3.38,3.38,3.3717,110.6319
2012-07-25,2.6,2.6,3.35,3.35,3.3375,110.6372
2012-07-26,2.66,2.66,3.38,3.38,3.3767,110.5622
2012-07-27,2.6,2.6,3.2,3.2,3.1092,110.6165
2012-07-30,2.53,2.53,3.14,3.14,3.1233,110.5934
2012-07-31,2.6,2.6,3.36,3.36,3.3508,110.5352
2012-08-01,2.62,2.62,3.42,3.42,3.4175,110.5287
2012-08-02,2.55,2.55,3.49,3.49,3.4992,110.5168
2012-08-03,2.51,2.51,3.39,3.39,3.3917,110.4597
2012-08-06,2.49,2.49,3.41,3.41,3.4,110.4573
2012-08-07,2.54,2.54,2.65,2.65,3.2575,110.3822
2012-08-08,2.556,2.556,2.7,2.7,3.2533,110.2709
2012-08-09,2.6,2.6,3.29,3.29,3.3117,110.2144
2012-08-10,2.66,2.66,3.3,3.3,3.3,110.2488
2012-08-13,2.44,2.44,3.34,3.34,3.3383,110.3086
2012-08-14,2.69,2.69,3.35,3.35,3.3417,110.2968
2012-08-15,3.14,3.14,3.37,3.37,3.4,110.2276
2012-08-16,3.13,3.13,3.55,3.55,3.525,110.1624
2012-08-17,3.22,3.22,3.89,3.89,3.9025,110.143
2012-08-20,3.38,3.38,3.6,3.6,3.585,109.9942
2012-08-21,3.5,3.5,4.3,4.3,3.7458,109.9042
2012-08-22,3.09,3.09,3.8,3.8,3.8,109.7089
2012-08-23,2.97,2.97,3.8,3.8,3.8,109.6877
2012-08-24,2.7,2.7,3.61,3.61,3.62,109.9001
2012-08-27,2.7,2.7,3.45,3.45,3.4508,109.9827
2012-08-28,2.7,2.7,3.38,3.38,3.0817,109.9607
2012-08-29,2.6,2.6,3.53,3.53,3.5279,109.9149
2012-08-30,2.39,2.39,3.6,3.6,3.5842,109.8575
2012-08-31,2.07,2.07,3.53,3.53,3.5108,109.8932
2012-09-03,2.06,2.06,3.4472,3.4472,3.3917,109.8814
2012-09-04,2.05,2.05,2.49,2.49,2.5025,109.8887
2012-09-05,2.5,2.5,3.43,3.43,3.4275,109.8266
2012-09-06,2.14,2.14,3.41,3.41,3.4017,109.8156
2012-09-07,2.14,2.14,3.4,3.4,3.3908,109.5718
2012-09-10,2.31,2.31,3,3,3.0025,109.1842
2012-09-11,2.3,2.3,3,3,2.9973,109.1485
2012-09-12,2.6,2.6,3.43,3.43,3.4346,108.8968
2012-09-13,2.69,2.69,3.43,3.43,3.435,108.9059
2012-09-14,2.68,2.68,3.36,3.36,3.3633,108.468
2012-09-17,3,3,3.24,3.24,3.2433,108.432
2012-09-18,4,4,3.16,3.16,3.1408,108.5434
2012-09-19,3.52,3.52,3.43,3.43,3.3017,108.5876
2012-09-20,4,4,3.9,3.9,3.9075,108.7086
2012-09-21,2.4,2.4,4.3,4.3,4.4258,108.794
2012-09-24,4.34,4.34,4.49,4.49,4.4975,108.7751
2012-09-25,3.8,3.8,4.7,4.7,4.7408,108.8695
2012-09-26,2.99,2.99,4.29,4.29,3.7417,108.9363
2012-09-27,3,3,3.9,3.9,3.7692,109.0865
2012-09-28,2.5,2.5,3.04,3.04,2.8275,109.1416
2012-09-29,3.38,3.38,3.4,3.4,3.1867,109.1308
2012-10-08,3.73,3.73,3.83,3.83,3.8125,108.9597
2012-10-09,2.3,2.3,3.76,3.76,3.7508,108.8751
2012-10-10,2.3,2.3,3.16,3.16,3.16,108.8085
2012-10-11,2.43,2.43,3.0859,3.0859,3.1608,108.8527
2012-10-12,2.5,2.5,3.18,3.18,3.1725,108.9213
2012-10-15,2.05,2.05,2.82,2.82,2.7742,108.9506
2012-10-16,2.22,2.22,2.8,2.8,2.7933,108.8005
2012-10-17,2.22,2.22,3,3,2.8508,108.7348
2012-10-18,2.2,2.2,2.69,2.69,2.68,108.6259
2012-10-19,2.2,2.2,2.7,2.7,2.6868,108.5774
2012-10-22,2.25,2.25,2.66,2.66,2.7075,108.5958
2012-10-23,2.4,2.4,2.93,2.93,2.905,108.5195
2012-10-24,2.85,2.85,3.17,3.17,3.1467,108.4863
2012-10-25,3,3,3.62,3.62,3.6175,108.4396
2012-10-26,3.47,3.47,3.72,3.72,3.5867,108.3829
2012-10-29,4.48,4.48,4.32,4.32,4.1958,108.3729
2012-10-30,3.08,3.08,3.28,3.28,3.2361,108.399
2012-10-31,2.95,2.95,3.23,3.23,3.2183,108.3652
2012-11-01,3.05,3.05,3.44,3.44,3.4223,108.2303
2012-11-02,2.66,2.66,3.37,3.37,3.4267,108.2146
2012-11-05,2.7,2.7,3,3,3.3308,108.2564
2012-11-06,2.53,2.53,3.19,3.19,3.1952,108.2607
2012-11-07,2.57,2.57,3.12,3.12,3.1229,108.2682
2012-11-08,2.58,2.58,3.28,3.28,3.2792,108.3385
2012-11-09,2.62,2.62,3.22,3.22,3.1133,108.3926
2012-11-12,2.52,2.52,3.1,3.1,3.0825,108.4067
2012-11-13,2.35,2.35,3.16,3.16,3.1505,108.4555
2012-11-14,2.3,2.3,3.35,3.35,3.3483,108.5674
2012-11-15,2.27,2.27,3.32,3.32,3.3167,108.625
2012-11-16,2.28,2.28,2.9,2.9,2.9075,108.7564
2012-11-19,2.16,2.16,3.2,3.2,3.2042,108.8508
2012-11-20,2.25,2.25,3.35,3.35,3.3425,108.8111
2012-11-21,2.1,2.1,3.2,3.2,3.1975,108.7729
2012-11-22,2.32,2.32,3.24,3.24,3.2183,108.6973
2012-11-23,2.28,2.28,2.79,2.79,2.8467,108.682
2012-11-26,2.35,2.35,2.88,2.88,2.8458,108.596
2012-11-27,2.32,2.32,2.88,2.88,2.8708,108.5462
2012-11-28,2.32,2.32,2.5,2.5,3.3617,108.5572
2012-11-29,2.35,2.35,3.29,3.29,3.3408,108.6281
2012-11-30,2.26,2.26,3.39,3.39,3.3867,108.6487
2012-12-03,2.26,2.26,3.4,3.4,3.3572,108.6091
2012-12-04,2.36,2.36,2.88,2.88,2.883,108.5583
2012-12-05,2.25,2.25,2.75,2.75,2.8,108.5209
2012-12-06,2.3,2.3,2.94,2.94,2.883,108.427
2012-12-07,2.25,2.25,3.04,3.04,3.054,108.4187
2012-12-10,2.25,2.25,3.15,3.15,3.024,108.3959
2012-12-11,2.25,2.25,3.004,3.004,3.008,108.4113
2012-12-12,2.26,2.26,3.01,3.01,3.016,108.4041
2012-12-13,2.58,2.58,2.69,2.69,2.66,108.4013
2012-12-14,2.26,2.26,3,3,3,108.3388
2012-12-17,2.26,2.26,3.03,3.03,3.0185,108.3478
2012-12-18,2.29,2.29,3.01,3.01,2.999,108.3336
2012-12-19,2.4,2.4,3.15,3.15,3.043,108.284
2012-12-20,2.65,2.65,3.48,3.48,3.45,108.2215
2012-12-21,2.42,2.42,3.4194,3.4194,3.396,108.2173
2012-12-24,2.3,2.3,3.16,3.16,3.179,108.2217
2012-12-25,2.5,2.5,2.3,2.3,3.812,108.2501
2012-12-26,2.3,2.3,3.9,3.9,3.894,108.255
2012-12-27,2.09,2.09,4,4,3.991,108.3465
2012-12-28,2.3,2.3,4.3,4.3,4.067,108.3605
2012-12-31,3.86,3.86,4.58,4.58,4.58,108.3577
2013-01-04,2.44,2.44,4.05,4.05,4.048,108.2105
2013-01-05,2.2,2.2,3.3,3.3,3.801,108.2424
2013-01-06,2.19,2.19,3.51,3.51,3.6,108.2532
2013-01-07,2.12,2.12,3.18,3.18,3.2,108.2777
2013-01-08,1.62,1.62,3,3,3.15,108.3143
2013-01-09,2.09,2.09,2.99,2.99,3.0245,108.3527
2013-01-10,1.98,1.98,2.92,2.92,2.999,108.2604
2013-01-11,2.03,2.03,3.07,3.07,2.746,108.1931
2013-01-14,2.04,2.04,3.15,3.15,2.794,108.1905
2013-01-15,2.07,2.07,2.71,2.71,2.871,108.2033
2013-01-16,2.04,2.04,2.7804,2.7804,2.788,108.2197
2013-01-17,2,2,2.75,2.75,2.805,108.2494
2013-01-18,2.05,2.05,2.74,2.74,2.89,108.3388
2013-01-21,1.94,1.94,3,3,2.991,108.351
2013-01-22,1.93,1.93,2.98,2.98,2.994,108.3436
2013-01-23,2.3,2.3,2.97,2.97,2.9848,108.3911
2013-01-24,2.1,2.1,2.78,2.78,2.824,108.3226
2013-01-25,2.1,2.1,2.7,2.7,2.698,108.3178
2013-01-28,2.09,2.09,3,3,2.992,108.2808
2013-01-29,2.2,2.2,3.11,3.11,3.0995,108.2548
2013-01-30,2.11,2.11,3.2241,3.2241,3.236,108.2576
2013-01-31,2.31,2.31,3.24,3.24,3.233,108.2212
2013-02-01,2.69,2.69,3.3321,3.3321,3.34,108.3069
2013-02-04,2.8,2.8,3.1,3.1,3.4,108.3064
2013-02-05,3.27,3.27,3.4,3.4,3.338,108.3392
2013-02-06,3.6328,3.6328,4,4,3.696,108.3489
2013-02-07,3.65,3.65,4.1,4.1,4.1,108.3367
2013-02-08,2.41,2.41,3.579,3.579,3.513,108.354
2013-02-16,1.94,1.94,1.63,1.63,2.831,108.3448
2013-02-17,1.87,1.87,2.91,2.91,2.986,108.383
2013-02-18,1.75,1.75,2.78,2.78,2.9286,108.3688
2013-02-19,2.3,2.3,2.91,2.91,2.949,108.3601
2013-02-20,1.89,1.89,2.95,2.95,2.949,108.4955
2013-02-21,2.03,2.03,3,3,2.998,108.4819
2013-02-22,2.2,2.2,3.1,3.1,3.091,108.4301
2013-02-25,2.51,2.51,3.3,3.3,3.31,108.3399
2013-02-26,4.8,4.8,4.1,4.1,3.811,108.3601
2013-02-27,3.96,3.96,4.26,4.26,4.225,108.3613
2013-02-28,4,4,4.3,4.3,4.267,108.3158
2013-03-01,4.15,4.15,4.43,4.43,4.476,108.3516
2013-03-04,3.29,3.29,4.3,4.3,4.313,108.3679
2013-03-05,3.01,3.01,3.18,3.18,3.189,108.4163
2013-03-06,2.85,2.85,2.99,2.99,2.998,108.4027
2013-03-07,2.1,2.1,2.51,2.51,2.519,108.3572
2013-03-08,2.1,2.1,2.48,2.48,2.496,108.3281
2013-03-11,2.25,2.25,2.99,2.99,2.998,108.3207
2013-03-12,2.09,2.09,3.05,3.05,3.07,108.3162
2013-03-13,2.06,2.06,2.82,2.82,3.035,108.332
2013-03-14,2.1,2.1,3.1,3.1,3.084,108.2968
2013-03-15,1.7,1.7,2.1,2.1,3.3905,108.2809
2013-03-18,2,2,2.2,2.2,3.086,108.2574
2013-03-19,2.2,2.2,2.97,2.97,2.973,108.2809
2013-03-20,2.03,2.03,3.26,3.26,3.278,108.3121
2013-03-21,1.92,1.92,3.05,3.05,3.04,108.2945
2013-03-22,1.73,1.73,3.0113,3.0113,2.979,108.2877
2013-03-25,1.7,1.7,2.92,2.92,2.923,108.2991
2013-03-26,1.64,1.64,3.1,3.1,3.025,108.2872
2013-03-27,1.73,1.73,2.86,2.86,2.849,108.2955
2013-03-28,1.75,1.75,3.18,3.18,3.177,108.352
2013-03-29,2.7,2.7,3.6,3.6,3.394,108.3441
2013-04-01,2,2,3.41,3.41,3.404,108.5116
2013-04-02,2.02,2.02,3.45,3.45,3.407,108.6808
2013-04-03,2.08,2.08,3.25,3.25,3.297,108.7475
2013-04-07,2.04,2.04,3.3,3.3,3.323,108.8917
2013-04-08,1.8,1.8,3.2841,3.2841,3.279,108.8295
2013-04-09,2.5,2.5,2.3,2.3,3.288,108.8607
2013-04-10,2.13,2.13,3.22,3.22,3.217,108.9055
2013-04-11,2.07,2.07,2.8,2.8,3.035,108.8851
2013-04-12,2.02,2.02,2.95,2.95,2.97,108.8794
2013-04-15,2.05,2.05,2.96,2.96,2.981,109.1249
2013-04-16,2.01,2.01,3.05,3.05,3.044,109.4074
2013-04-17,2.01,2.01,3,3,3.013,109.3298
2013-04-18,2.22,2.22,2.31,2.31,2.895,109.1786
2013-04-19,2.6,2.6,3.1,3.1,3.085,109.0869
2013-04-22,2.68,2.68,3.15,3.15,3.123,108.9102
2013-04-23,3.03,3.03,3.64,3.64,3.57,109.086
2013-04-24,2.5,2.5,4.15,4.15,4.754,109.1583
2013-04-25,4.4,4.4,4.99,4.99,5.021,109.2647
2013-04-26,3.004,3.004,3.8,3.8,3.527,109.2822
2013-04-27,2.98,2.98,3.49,3.49,3.52,109.3255
2013-04-28,2.81,2.81,2.98,2.98,3.03,109.2821
2013-05-02,2.8,2.8,2.95,2.95,2.919,109.4819
2013-05-03,2.1,2.1,3,3,3.237,109.5087
2013-05-06,2.79,2.79,3.21,3.21,3.221,109.3798
2013-05-07,2.362,2.362,3.18,3.18,3.176,109.4502
2013-05-08,2.11,2.11,3,3,2.984,109.4062
2013-05-09,2.11,2.11,3.11,3.11,3.106,109.4391
2013-05-10,2.14,2.14,3,3,2.971,109.4707
2013-05-13,2.16,2.16,2.9022,2.9022,2.901,109.4718
2013-05-14,2.24,2.24,2.75,2.75,2.774,109.4795
2013-05-15,2.25,2.25,2.77,2.77,2.767,109.4882
2013-05-16,2.72,2.72,3.21,3.21,3.192,109.5182
2013-05-17,2.88,2.88,4.5,4.5,3.5858,109.4751
2013-05-20,3.31,3.31,3,3,4.23,109.431
2013-05-21,3.42,3.42,4.44,4.44,4.375,109.4413
2013-05-22,3.47,3.47,3.74,3.74,3.952,109.4678
2013-05-23,3.9,3.9,4.2,4.2,4.192,109.4306
2013-05-24,3,3,4.16,4.16,4.151,109.4721
2013-05-27,3.57,3.57,4.09,4.09,4.08,109.473
2013-05-28,3.35,3.35,3.5,3.5,3.503,109.4728
2013-05-29,3.05,3.05,3.9,3.9,3.67,109.4256
2013-05-30,3.4,3.4,4.1,4.1,4.144,109.3751
2013-05-31,4.6,4.6,4.78,4.78,4.781,109.3818
2013-06-03,4.62,4.62,4.82,4.82,4.628,109.2826
2013-06-04,4.44,4.44,4.9,4.9,4.716,109.207
2013-06-05,4.74,4.74,4.9,4.9,4.739,109.1576
2013-06-06,8,8,5.4,5.4,5.137,109.131
2013-06-07,8.62,8.62,6.85,6.85,6.657,109.0267
2013-06-08,9.81,9.81,7.84,7.84,7.603,108.9871
2013-06-09,4.5,4.5,6,6,6.612,109.3325
2013-06-13,7.3,7.3,6.38,6.38,6.08,109.1906
2013-06-14,4,4,6.7,6.7,6.811,109.0525
2013-06-17,4.8,4.8,7,7,6.848,108.9943
2013-06-18,5.7,5.7,6.82,6.82,6.703,108.8982
2013-06-19,7.87,7.87,8.5,8.5,8.075,108.3858
2013-06-20,4.31,4.31,11.2,11.2,11.004,107.4964
2013-06-21,8.89,8.89,5.5,5.5,8.543,107.8132
2013-06-24,6.65,6.65,7.566,7.566,7.311,107.821
2013-06-25,5.83,5.83,7.5,7.5,7.644,107.9272
2013-06-26,5.55,5.55,5.8,5.8,7.201,108.4844
2013-06-27,3.5,3.5,6.75,6.75,6.684,108.6327
2013-06-28,4.86,4.86,5.7,5.7,6.163,108.7202
2013-07-01,3.5,3.5,5.45,5.45,5.423,108.6813
2013-07-02,4,4,4.75,4.75,4.75,108.6687
2013-07-03,3.07,3.07,4.23,4.23,4.242,108.6355
2013-07-04,3.31,3.31,3.95,3.95,3.938,108.6514
2013-07-05,3.38,3.38,3.8,3.8,3.816,108.6644
2013-07-08,3.2,3.2,3.7,3.7,3.656,108.5628
2013-07-09,3,3,3.6,3.6,3.596,108.5401
2013-07-10,3.26,3.26,3.6,3.6,3.59,108.1366
2013-07-11,3.36,3.36,3.83,3.83,3.81,107.9925
2013-07-12,3.3,3.3,3.81,3.81,3.8,107.9078
2013-07-15,3.3,3.3,3.81,3.81,3.809,107.8574
2013-07-16,3,3,3.7,3.7,3.706,107.7409
2013-07-17,2.97,2.97,3.56,3.56,3.596,107.4122
2013-07-18,3.014,3.014,3.75,3.75,3.634,107.3763
2013-07-19,3.05,3.05,3.77,3.77,3.745,107.2847
2013-07-22,3.4,3.4,3.8,3.8,3.925,107.0228
2013-07-23,3.5,3.5,4,4,3.959,106.8939
2013-07-24,3.3,3.3,4.04,4.04,4.011,106.4836
2013-07-25,3.4,3.4,5.4,5.4,4.132,107.0499
2013-07-26,3.7,3.7,4.41,4.41,4.351,107.0606
2013-07-29,3.77,3.77,5.12,5.12,5.057,106.9813
2013-07-30,3.66,3.66,5,5,4.972,107.0221
2013-07-31,3.73,3.73,4.99,4.99,4.971,107.0891
2013-08-01,3.55,3.55,4,4,4.545,107.1864
2013-08-02,3,3,4.33,4.33,4.314,107.2225
2013-08-05,3.45,3.45,4.34,4.34,4.356,107.1494
2013-08-06,2.9,2.9,3.12,3.12,4.066,107.0827
2013-08-07,3.3,3.3,3.89,3.89,3.873,106.7294
2013-08-08,3.18,3.18,3.79,3.79,3.7585,106.3437
2013-08-09,2.92,2.92,3.64,3.64,3.64,106.2759
2013-08-12,3,3,3.68,3.68,3.648,106.1181
2013-08-13,3.24,3.24,3.72,3.72,3.702,105.6142
2013-08-14,3,3,3.855,3.855,3.855,105.3504
2013-08-15,3.31,3.31,3.99,3.99,3.994,105.2368
2013-08-16,3.26,3.26,3.83,3.83,3.772,105.3126
2013-08-19,3.47,3.47,4.18,4.18,4.092,104.9649
2013-08-20,3.92,3.92,4.47,4.47,4.428,104.6135
2013-08-21,3.9,3.9,4.32,4.32,4.219,104.7551
2013-08-22,3.4,3.4,4.25,4.25,4.115,104.7599
2013-08-23,3,3,4.18,4.18,4.149,105.022
2013-08-26,3.05,3.05,2.95,2.95,4.023,105.1834
2013-08-27,3.1,3.1,4.45,4.45,4.209,105.1138
2013-08-28,3.1,3.1,4.29,4.29,4.259,104.8072
2013-08-29,2.8,2.8,4.32,4.32,4.318,104.7596
2013-08-30,3.04,3.04,3.73,3.73,3.7355,104.7958
2013-09-02,3.01,3.01,3.75,3.75,3.742,104.7412
2013-09-03,3,3,3.83,3.83,3.75,104.746
2013-09-04,2.7,2.7,3.49,3.49,3.498,104.6083
2013-09-05,2.8,2.8,3.47,3.47,3.456,104.6257
2013-09-06,2.95,2.95,3.47,3.47,3.469,104.6888
2013-09-09,2.92,2.92,3.57,3.57,3.554,104.5428
2013-09-10,2.91,2.91,3.63,3.63,3.625,104.3793
2013-09-11,3.02,3.02,3.38,3.38,3.482,104.1136
2013-09-12,2.97,2.97,3.57,3.57,3.494,103.9937
2013-09-13,2.98,2.98,3.59,3.59,3.57,103.9351
2013-09-16,3.1,3.1,3.48,3.48,3.469,103.9964
2013-09-17,3.51,3.51,3.66,3.66,3.583,104.283
2013-09-18,3.57,3.57,4.15,4.15,3.749,104.3422
2013-09-22,3.58,3.58,4,4,3.991,104.8279
2013-09-23,4.16,4.16,4.4,4.4,4.232,104.7535
2013-09-24,3.84,3.84,4.5,4.5,4.44,104.6646
2013-09-25,3.9,3.9,4.03,4.03,3.916,104.7238
2013-09-26,3.11,3.11,4.1,4.1,4.055,104.8927
2013-09-27,3.05,3.05,3.7,3.7,3.646,104.8271
2013-09-29,3.11,3.11,3.85,3.85,3.749,104.7923
2013-09-30,4,4,4.25,4.25,4.203,104.8306
2013-10-08,3.09,3.09,4.4,4.4,4.393,104.8188
2013-10-09,3.29,3.29,4.5,4.5,4.502,104.7505
2013-10-10,3.33,3.33,4.69,4.69,4.48,104.8055
2013-10-11,2.99,2.99,4.56,4.56,4.26,104.782
2013-10-12,3.01,3.01,4.2,4.2,4.246,104.7847
2013-10-14,3.12,3.12,3.82,3.82,3.855,104.5215
2013-10-15,3.32,3.32,3.86,3.86,3.845,104.4219
2013-10-16,2.91,2.91,3.34,3.34,3.314,104.3218
2013-10-17,3.03,3.03,3.46,3.46,3.35,104.2448
2013-10-18,2.5,2.5,3.5,3.5,3.485,104.1454
2013-10-21,3.04,3.04,3.66,3.66,3.548,104.0739
2013-10-22,3.08,3.08,3.45,3.45,3.558,104.0017
2013-10-23,3.8,3.8,4.05,4.05,3.992,103.8754
2013-10-24,4.22,4.22,4.789,4.789,4.68,103.6981
2013-10-25,4.65,4.65,5.21,5.21,4.891,103.654
2013-10-28,4.56,4.56,5.6,5.6,4.894,103.6422
2013-10-29,4.6,4.6,5.03,5.03,4.947,103.5527
2013-10-30,5.3,5.3,5.69,5.69,5.593,103.4367
2013-10-31,4.4,4.4,5.05,5.05,4.993,103.6034
2013-11-01,4.28,4.28,4.4,4.4,4.61,103.7489
2013-11-04,4.1,4.1,4.42,4.42,4.423,103.673
2013-11-05,3.92,3.92,4.24,4.24,4.232,103.5404
2013-11-06,3.66,3.66,3.9,3.9,3.866,103.3896
2013-11-07,3.74,3.74,3.9,3.9,3.891,102.9348
2013-11-08,3.2,3.2,3.95,3.95,3.939,102.7239
2013-11-11,3.61,3.61,3.77,3.77,3.78,102.1093
2013-11-12,3.34,3.34,4.3,4.3,3.545,102.0941
2013-11-13,3.35,3.35,3.74,3.74,3.635,101.6665
2013-11-14,4.3,4.3,4.3,4.3,4.193,101.4071
2013-11-15,4.53,4.53,5.45,5.45,5.311,100.945
2013-11-18,4.6,4.6,5.94,5.94,5.357,100.7612
2013-11-19,3.93,3.93,4.95,4.95,4.83,100.5045
2013-11-20,4.1,4.1,4.82,4.82,4.751,100.1605
2013-11-21,4.5,4.5,5.4,5.4,4.708,100.1428
2013-11-22,3.95,3.95,5.75,5.75,4.763,100.6548
2013-11-25,3.9,3.9,4.9,4.9,4.74,100.6343
2013-11-26,3.79,3.79,4.76,4.76,4.6775,100.6611
2013-11-27,3.8,3.8,4.77,4.77,4.663,100.936
2013-11-28,3.7,3.7,4.92,4.92,4.823,101.4562
2013-11-29,3.76,3.76,4.72,4.72,4.666,101.9657
2013-12-02,3.79,3.79,4.63,4.63,4.571,101.4457
2013-12-03,3.73,3.73,4.62,4.62,4.6,101.7259
2013-12-04,3,3,4.58,4.58,4.577,101.6229
2013-12-05,3.2,3.2,4.57,4.57,4.558,101.3847
2013-12-06,3.66,3.66,4.35,4.35,4.55,101.3686
2013-12-09,3.6,3.6,4.5,4.5,4.485,101.0938
2013-12-10,3,3,4.4,4.4,4.444,100.6472
2013-12-11,3.5,3.5,4.34,4.34,4.329,100.3633
2013-12-12,3.46,3.46,4.31,4.31,4.305,100.4774
2013-12-13,3.4,3.4,4.31,4.31,4.3,100.9182
2013-12-16,3.6,3.6,4.45,4.45,4.358,100.8386
2013-12-17,3.6,3.6,5.5,5.5,4.459,100.8315
2013-12-18,3.82,3.82,6.7,6.7,5.902,100.7622
2013-12-19,7,7,7.1,7.1,6.472,100.6202
2013-12-20,4.91,4.91,7.6,7.6,7.654,100.5847
2013-12-23,4,4,8.9,8.9,8.843,100.5166
2013-12-24,4.3,4.3,6.35,6.35,6.197,100.6307
2013-12-25,3.5,3.5,5.5,5.5,5.616,100.6625
2013-12-26,3.5,3.5,5.33,5.33,5.329,100.6988
2013-12-27,3.8,3.8,5.1,5.1,5.067,100.6595
2013-12-30,3.18,3.18,4.93,4.93,4.841,100.6891
2013-12-31,3.21,3.21,5.4,5.4,5.25,100.6514
2014-01-02,3.1,3.1,4.98,4.98,4.981,100.5156
2014-01-03,3.22,3.22,5,5,4.711,100.3962
2014-01-06,2.9,2.9,4.5,4.5,4.633,100.3469
2014-01-07,3,3,4.26,4.26,4.259,100.2728
2014-01-08,2.8,2.8,3.44,3.44,4.126,100.4077
2014-01-09,2.76,2.76,3.9,3.9,4.02,100.4995
2014-01-10,2.73,2.73,4.02,4.02,4.041,100.5941
2014-01-13,2.73,2.73,4.02,4.02,4.013,100.5879
2014-01-14,2.75,2.75,3.93,3.93,4.0036,100.5646
2014-01-15,2.76,2.76,4.3,4.3,3.965,100.6795
2014-01-16,2.79,2.79,5.2,5.2,4.256,100.6256
2014-01-17,3.5,3.5,5.15,5.15,4.776,100.5959
2014-01-20,4.33,4.33,6.6,6.6,6.329,100.5911
2014-01-21,3.66,3.66,5.55,5.55,5.535,100.758
2014-01-22,3.69,3.69,5.29,5.29,5.224,100.9618
2014-01-23,3.71,3.71,5.4,5.4,5.293,101.1078
2014-01-24,3.83,3.83,5.01,5.01,4.449,100.9853
2014-01-26,4.44,4.44,4.84,4.84,4.717,101.2123
2014-01-27,4.8,4.8,4.96,4.96,4.689,101.2702
2014-01-28,5.17,5.17,5.05,5.05,4.9657,101.4007
2014-01-29,4,4,5.35,5.35,5.108,101.3575
2014-01-30,3,3,5.1,5.1,4.983,101.2966
2014-02-07,4.26,4.26,5.43,5.43,5.409,101.486
2014-02-08,3.5,3.5,5.24,5.24,5.25,101.5174
2014-02-10,4.28,4.28,5.3,5.3,5.299,101.4444
2014-02-11,3.8,3.8,5.2,5.2,5.201,101.436
2014-02-12,3,3,5.2,5.2,5.178,101.4093
2014-02-13,3.4,3.4,4.5,4.5,5.021,101.4374
2014-02-14,2.4,2.4,4.36,4.36,4.436,101.4485
2014-02-17,2.5,2.5,3.74,3.74,3.879,101.4048
2014-02-18,2.69,2.69,5,5,3.743,101.3107
2014-02-19,2.1,2.1,4,4,3.762,101.2292
2014-02-20,2.2,2.2,3.7,3.7,3.703,101.2174
2014-02-21,1.69,1.69,3,3,3.595,101.2543
2014-02-24,1.64,1.64,3.27,3.27,3.339,101.3521
2014-02-25,1.72,1.72,3,3,3.278,102.152
2014-02-26,1.76,1.76,3.09,3.09,3.072,102.0344
2014-02-27,1.69,1.69,3.44,3.44,3.43,102.4966
2014-02-28,1.84,1.84,2.7,2.7,3.529,102.326
2014-03-03,2.06,2.06,2.4,2.4,2.821,102.1463
2014-03-04,2.06,2.06,3,3,3.5135,101.7609
2014-03-05,2.06,2.06,3.78,3.78,3.798,101.7393
2014-03-06,2.02,2.02,2.49,2.49,2.486,101.6607
2014-03-07,1.75,1.75,2.42,2.42,2.403,101.7104
2014-03-10,1.87,1.87,2.3,2.3,2.358,101.8684
2014-03-11,1.83,1.83,2.46,2.46,2.258,101.7964
2014-03-12,1.6,1.6,2.42,2.42,2.211,101.962
2014-03-13,1.8,1.8,2.55,2.55,2.5,102.0522
2014-03-14,1.84,1.84,2.6,2.6,2.527,102.0967
2014-03-17,2.16,2.16,2.67,2.67,2.671,102.2442
2014-03-18,2.06,2.06,2.9,2.9,2.88,102.1702
2014-03-19,2.82,2.82,3.42,3.42,3.422,102.0995
2014-03-20,2.5,2.5,3.9,3.9,3.474,102.0719
2014-03-21,2.78,2.78,3.57,3.57,3.6,102.0976
2014-03-24,2.48,2.48,3.58,3.58,3.578,102.1054
2014-03-25,2.6,2.6,3.61,3.61,3.6295,102.0882
2014-03-26,2.51,2.51,3.89,3.89,3.868,102.097
2014-03-27,2.65,2.65,4.83,4.83,4.812,102.0786
2014-03-28,2.74,2.74,4.22,4.22,4.168,101.9777
2014-03-31,2.81,2.81,4.19,4.19,4.184,102.0881
2014-04-01,2.8,2.8,4.22,4.22,4.205,102.0874
2014-04-02,2.95,2.95,4.21,4.21,4.225,102.0187
2014-04-03,2.94,2.94,4.09,4.09,4.103,101.9247
2014-04-04,2.75,2.75,3.02,3.02,2.997,101.8542
2014-04-08,2.73,2.73,3.56,3.56,3.591,101.8481
2014-04-09,2.74,2.74,3.68,3.68,3.67,101.8138
2014-04-10,2.75,2.75,3.69,3.69,3.708,101.8716
2014-04-11,2.73,2.73,4.05,4.05,3.701,101.9543
2014-04-14,2.62,2.62,3.53,3.53,3.57,102.1296
2014-04-15,2.4,2.4,3.43,3.43,3.444,102.1976
2014-04-16,2.27,2.27,2.73,2.73,2.726,102.2796
2014-04-17,2.36,2.36,2.94,2.94,2.721,102.7033
2014-04-18,1.98,1.98,2,2,2.761,102.6908
2014-04-21,1.98,1.98,2.7,2.7,2.713,102.7434
2014-04-22,1.95,1.95,3.07,3.07,3.029,102.7456
2014-04-23,1.99,1.99,3.1,3.1,3.08,102.6144
2014-04-24,2.33,2.33,3.53,3.53,3.521,102.6341
2014-04-25,2.33,2.33,3.51,3.51,3.503,102.5918
2014-04-28,2.44,2.44,4,4,4.025,102.5956
2014-04-29,2.3,2.3,4,4,4.0738,102.6633
2014-04-30,2.47,2.47,4.08,4.08,4.134,102.7329
2014-05-04,2.37,2.37,3.63,3.63,3.683,102.9106
2014-05-05,2.68,2.68,2.36,2.36,3.14,102.9191
2014-05-06,2.67,2.67,3.1,3.1,3.092,103.0549
2014-05-07,2.37,2.37,3.1,3.1,3.1125,103.2035
2014-05-08,2.22,2.22,3.21,3.21,3.204,103.4732
2014-05-09,2.4,2.4,3.18,3.18,3.194,104.4011
2014-05-12,2.22,2.22,3.2,3.2,3.18,104.2881
2014-05-13,2.35,2.35,3.18,3.18,3.181,104.1527
2014-05-14,2.37,2.37,3.2,3.2,3.236,104.0916
2014-05-15,2.35,2.35,3.15,3.15,3.1355,103.9966
2014-05-16,2.36,2.36,3.4,3.4,3.129,103.9452
2014-05-19,2.42,2.42,3.1,3.1,3.1,103.9557
2014-05-20,2.75,2.75,3.37,3.37,3.361,104.0314
2014-05-21,2.5,2.5,3.35,3.35,3.353,104.0269
2014-05-22,2.52,2.52,3.41,3.41,3.419,104.0286
2014-05-23,2.53,2.53,2.22,2.22,3.405,104.1648
2014-05-26,2.52,2.52,2.6,2.6,3.195,104.1065
2014-05-27,2.54,2.54,2.55,2.55,3.247,104.1378
2014-05-28,2.51,2.51,3.2,3.2,3.2,104.2681
2014-05-29,2.51,2.51,3.24,3.24,3.215,104.4763
2014-05-30,2.58,2.58,3.3,3.3,3.23,104.7022
2014-06-03,2.54,2.54,3.18,3.18,3.18,105.0903
2014-06-04,2.57,2.57,3.15,3.15,3.152,105.2437
2014-06-05,2.56,2.56,2.8,2.8,3.07,105.1269
2014-06-06,2.6,2.6,2.9,2.9,3.15,105.0614
2014-06-09,2.59,2.59,3.13,3.13,3.13,104.958
2014-06-10,3,3,3.13,3.13,3.13,105.0441
2014-06-11,2.61,2.61,3.1,3.1,3.15,105.0227
2014-06-12,3,3,3.16,3.16,3.154,105.0146
2014-06-13,2.61,2.61,3.02,3.02,3.04,104.917
2014-06-16,2.9097,2.9097,3.02,3.02,3.006,105.0021
2014-06-17,2.62,2.62,3.1,3.1,3.031,105.0564
2014-06-18,2.7,2.7,3.09,3.09,3.074,105.0634
2014-06-19,2.74,2.74,3.3,3.3,3.093,105.0427
2014-06-20,3.08,3.08,3.49,3.49,3.402,105.1102
2014-06-23,2.77,2.77,3.47,3.47,3.448,105.0913
2014-06-24,3.3,3.3,3.52,3.52,3.483,105.1435
2014-06-25,3,3,3.47,3.47,3.464,105.1337
2014-06-26,2.97,2.97,3.65,3.65,3.552,105.156
2014-06-27,2.89,2.89,3.64,3.64,3.781,105.1068
2014-06-30,2.93,2.93,4.7,4.7,3.867,105.0412
2014-07-01,3.3,3.3,3.43,3.43,4.421,104.9223
2014-07-02,3.02,3.02,3.92,3.92,3.927,104.6309
2014-07-03,2.97,2.97,3.42,3.42,3.393,104.4237
2014-07-04,3.1,3.1,3.37,3.37,3.42,104.3312
2014-07-07,2.98,2.98,3.47,3.47,3.421,104.447
2014-07-08,3.28,3.28,3.56,3.56,3.52,104.4878
2014-07-09,3.38,3.38,3.77,3.77,3.736,104.5118
2014-07-10,3.32,3.32,4,4,3.711,104.4579
2014-07-11,3.42,3.42,3.76,3.76,3.723,104.4701
2014-07-14,3.4,3.4,3.78,3.78,3.7035,104.4024
2014-07-15,3.25,3.25,3.71,3.71,3.646,104.2921
2014-07-16,3.27,3.27,3.48,3.48,3.65,103.8543
2014-07-17,3.3,3.3,4,4,3.641,103.552
2014-07-18,3.58,3.58,3.75,3.75,3.651,103.4418
2014-07-21,3.3,3.3,4,4,3.694,103.4632
2014-07-22,3.1,3.1,5.1,5.1,3.848,103.5406
2014-07-23,3.3,3.3,4.6,4.6,4.202,103.5274
2014-07-24,3.85,3.85,4.16,4.16,4.101,103.5124
2014-07-25,3,3,4.12,4.12,4.081,103.5542
2014-07-28,3.33,3.33,4.23,4.23,4.013,103.6428
2014-07-29,3.27,3.27,4.15,4.15,3.907,103.6071
2014-07-30,3.27,3.27,3.97,3.97,3.914,103.5673
2014-07-31,3.3,3.3,4.12,4.12,3.98,103.633
2014-08-01,3.2,3.2,3.87,3.87,3.907,103.6141
2014-08-04,3.18,3.18,3.38,3.38,3.842,103.8066
2014-08-05,3.39,3.39,3.94,3.94,3.738,103.7423
2014-08-06,3.27,3.27,3.27,3.27,3.559,103.7311
2014-08-07,3.05,3.05,3.5,3.5,3.511,103.6915
2014-08-08,2.99,2.99,3.73,3.73,3.457,103.6571
2014-08-11,2.96,2.96,3.55,3.55,3.42,103.5334
2014-08-12,2.91,2.91,3.39,3.39,3.39,103.5297
2014-08-13,2.89,2.89,3.7,3.7,3.36,103.5693
2014-08-14,3.21,3.21,3.52,3.52,3.353,103.8409
2014-08-15,3.2,3.2,3.53,3.53,3.346,103.9267
2014-08-18,2.85,2.85,3.25,3.25,3.276,103.8773
2014-08-19,2.84,2.84,3.28,3.28,3.237,103.8452
2014-08-20,2.7,2.7,3.42,3.42,3.246,103.8012
2014-08-21,2.85,2.85,3.5,3.5,3.312,103.7462
2014-08-22,2.85,2.85,3.45,3.45,3.369,103.664
2014-08-25,2.6,2.6,3.36,3.36,3.363,103.7682
2014-08-26,3.16,3.16,3.35,3.35,3.318,103.8178
2014-08-27,2.87,2.87,3.9,3.9,3.349,103.8883
2014-08-28,2.91,2.91,3.72,3.72,3.538,103.9438
2014-08-29,3.11,3.11,3.66,3.66,3.672,103.9199
2014-09-01,2.86,2.86,3.51,3.51,3.584,103.8874
2014-09-02,2.86,2.86,3.77,3.77,3.51,103.851
2014-09-03,2.85,2.85,3.29,3.29,3.391,103.8082
2014-09-04,3.23,3.23,3.29,3.29,3.275,103.7404
2014-09-05,2.82,2.82,2.82,2.82,3.188,103.6705
2014-09-09,2.82,2.82,3.16,3.16,3.152,103.6567
2014-09-10,2.9,2.9,4,4,3.161,103.6232
2014-09-11,2.86,2.86,4,4,3.203,103.6308
2014-09-12,2.94,2.94,3.26,3.26,3.235,103.6812
2014-09-15,2.84,2.84,3.8,3.8,3.244,103.7117
2014-09-16,2.85,2.85,3.62,3.62,3.25,103.734
2014-09-17,2.84,2.84,3.28,3.28,3.287,103.997
2014-09-18,2.85,2.85,3.38,3.38,3.3,104.5856
2014-09-19,2.85,2.85,3.34,3.34,3.3,105.1542
2014-09-22,2.79,2.79,3.22,3.22,3.198,105.3284
2014-09-23,2.72,2.72,3.2,3.2,3.111,105.4221
2014-09-24,2.68,2.68,3.8,3.8,3.142,105.3437
2014-09-25,2.67,2.67,3.5,3.5,3.255,105.3942
2014-09-26,2.64,2.64,3.6,3.6,3.301,105.3407
2014-09-28,2.63,2.63,2.85,2.85,3.073,105.3573
2014-09-29,2.52,2.52,2.9,2.9,2.905,105.4529
2014-09-30,2.53,2.53,2.91,2.91,2.874,105.555
2014-10-08,2.56,2.56,3.4,3.4,2.903,105.494
2014-10-09,2.87,2.87,3.01,3.01,2.986,105.4357
2014-10-10,2.56,2.56,3.1,3.1,2.99,105.4007
2014-10-11,2.52,2.52,3.01,3.01,2.999,105.4239
2014-10-13,2.54,2.54,3.06,3.06,3.004,105.5353
2014-10-14,2.56,2.56,3.2,3.2,3.005,106.1687
2014-10-15,2.52,2.52,3.16,3.16,2.98,106.6879
2014-10-16,3,3,3.02,3.02,2.969,106.7651
2014-10-17,2.48,2.48,3.3,3.3,2.95,106.8668
2014-10-20,2.43,2.43,3,3,2.936,107.3247
2014-10-21,2.5,2.5,2.95,2.95,2.921,107.4326
2014-10-22,2.5,2.5,2.5,2.5,2.932,107.1701
2014-10-23,2.43,2.43,3.06,3.06,2.945,106.9662
2014-10-24,2.48,2.48,3.1,3.1,3.025,106.8688
2014-10-27,2.47,2.47,3.09,3.09,3.0522,107.0739
2014-10-28,2.52,2.52,2.92,2.92,3.059,107.2001
2014-10-29,2.57,2.57,3.85,3.85,3.14,107.4547
2014-10-30,2.57,2.57,3.28,3.28,3.1915,107.2985
2014-10-31,2.58,2.58,3.5,3.5,3.2,107.2764
2014-11-03,2.57,2.57,3.2,3.2,3.186,107.6245
2014-11-04,2.56,2.56,3.22,3.22,3.198,108.1842
2014-11-05,2.57,2.57,3.2,3.2,3.171,108.4745
2014-11-06,2.9,2.9,3.55,3.55,3.118,108.2519
2014-11-07,2.58,2.58,3.78,3.78,3.101,108.8305
2014-11-10,2.53,2.53,3.15,3.15,3.099,109.202
2014-11-11,2.8,2.8,3.12,3.12,3.074,109.2489
2014-11-12,2.5,2.5,3.5,3.5,3.0693,108.986
2014-11-13,2.9,2.9,3.14,3.14,3.073,108.5965
2014-11-14,2.52,2.52,3.12,3.12,3.078,108.2979
2014-11-17,2.52,2.52,3.1,3.1,3.079,108.0298
2014-11-18,2.51,2.51,3.1,3.1,3.07,108.3217
2014-11-19,2.6,2.6,3.2,3.2,3.074,108.2862
2014-11-20,3,3,3.28,3.28,3.117,108.1168
2014-11-21,2.88,2.88,4.2,4.2,3.218,107.9996
2014-11-24,2.7,2.7,3.5,3.5,3.223,109.4067
2014-11-25,2.67,2.67,4,4,3.276,109.0993
2014-11-26,2.59,2.59,3.32,3.32,3.274,109.101
2014-11-27,2.85,2.85,4,4,3.29,109.0945
2014-11-28,3.2,3.2,3.48,3.48,3.322,109.1389
2014-12-01,2.65,2.65,3.34,3.34,3.354,109.1886
2014-12-02,2.92,2.92,3.6,3.6,3.389,109.0629
2014-12-03,2.62,2.62,3.41,3.41,3.413,108.4438
2014-12-04,2.63,2.63,3.46,3.46,3.402,108.0616
2014-12-05,2.65,2.65,3.5,3.5,3.39,107.1019
2014-12-08,2.7,2.7,3.7,3.7,3.42,107.0828
2014-12-09,3,3,4.9,4.9,3.43,107.1306
2014-12-10,2.55,2.55,3.56,3.56,3.456,107.4559
2014-12-11,2.8,2.8,5.8,5.8,3.506,107.3556
2014-12-12,3.5,3.5,4.1,4.1,3.587,107.2792
2014-12-15,3,3,3.68,4.2,3.605,107.1017
2014-12-16,2.85,2.85,5,3.61,3.636,107.2358
2014-12-17,4,3.2,4.03,4.03,3.692,107.3246
2014-12-18,3.63,3.63,5.61,5.85,4.025,107.312
2014-12-19,3.7,3.74,6.1,6.1,5.367,107.5928
2014-12-22,3.71,3.77,6.5,6.68,5.782,107.6432
2014-12-23,3.61,3.61,3.8,3.8,5.653,107.937
2014-12-24,3.86,3.86,5.06,5.36,5.185,108.34
2014-12-25,3.31,3.31,4.5,4.5,5.005,108.2621
2014-12-26,3.45,3.45,4.2,4.2,4.815,108.4231
2014-12-29,3.38,3.38,4.64,4.64,4.714,108.3218
2014-12-30,3.54,3.54,4.75,4.75,4.639,108.2825
2014-12-31,4.5,3.8,5.07,5.07,4.639,108.1754
2015-01-04,2.5,2.5,4.9275,4.9275,4.883,108.2536
2015-01-05,3.21,3.21,4.33,4.4,4.725,108.172
2015-01-06,2.98,3.3,3.93,4,4.241,108.1081
2015-01-07,2.88,2.88,3.86,3.85,3.873,108.1085
2015-01-08,2.81,3.4,3.74,3.74,3.745,108.1624
2015-01-09,2.75,3.07,3.7553,3.79,3.738,108.1246
2015-01-12,2.72,3.1,3.81,4.14,3.762,108.1331
2015-01-13,2.64,2.94,3.85,4,3.73,108.3954
2015-01-14,2.62,2.62,3.85,3.82,3.837,108.7115
2015-01-15,2.62,2.62,3.2,4.25,3.843,108.8675
2015-01-16,2.62,2.62,3.88,2.62,3.848,109.1204
2015-01-19,2.67,2.67,4,4,3.831,109.281
2015-01-20,2.78,2.78,5,3.87,3.782,109.3447
2015-01-21,2.35,2.35,3.5,3.5,3.823,109.3973
2015-01-22,2.75,2.75,4.38,4.38,3.875,109.493
2015-01-23,2.68,2.68,3.91,4.3,4.028,109.6078
2015-01-26,2.67,2.67,3.89,4.32,3.92,109.6643
2015-01-27,2.69,2.69,4.3,4.8,3.89,109.6046
2015-01-28,2.74,2.74,3.9,4.66,3.898,109.5038
2015-01-29,2.79,2.8,4.16,4.3,3.929,109.2667
2015-01-30,2.83,2.9,2.84,2.84,4.026,109.239
2015-02-02,2.93,2.93,4.4,4.4,4.257,109.3622
2015-02-03,2.96,2.96,4.9,4.7,4.3933,109.523
2015-02-04,2.65,5,4.6,4.58,4.427,109.4924
2015-02-05,2.87,2.87,4.44,5.1,4.412,109.6454
2015-02-06,2.8,2.8,4.38,4.35,4.359,109.5899
2015-02-09,3.1,3.1,4.4,4.8,4.335,109.7551
2015-02-10,2.9,3.5,4.4,4.4,4.321,109.829
2015-02-11,3,3,4.61,4.61,4.42,109.9463
2015-02-12,2.3,2.3,5,5,4.602,110.1224
2015-02-13,3.15,3.15,4.91,4.66,4.663,110.3403
2015-02-15,3.16,3.16,4.72,4.7,4.72,110.4856
2015-02-16,3.36,3.7,4.95,5.8,4.7,110.5525
2015-02-17,3.52,3.52,4.83,4.83,4.749,110.6194
2015-02-25,3.31,3.2706,5.07,5.07,4.768,110.7123
2015-02-26,3.5,3.35,4.73,4.73,4.717,110.5159
2015-02-27,3.53,3.53,5.2,5.35,4.715,110.5076
2015-02-28,3.52,3.52,5.04,5.04,4.772,110.5735
2015-03-02,3.49,3.49,4.82,5.6,4.748,110.3782
2015-03-03,3.48,3.48,4.2,4.2,4.747,110.1504
2015-03-04,3.26,3.26,4.75,4.75,4.717,110.0698
2015-03-05,3.4,3.4,4.79,4.8,4.729,109.72
2015-03-06,3.4,2.5,4.6,3.5,4.739,109.6806
2015-03-09,3.3,3.3,4.85,5.1,4.773,109.3043
2015-03-10,3.37,3.37,4.75,4.75,4.763,109.3597
2015-03-11,3.36,3.65,4.95,4.95,4.773,109.8911
2015-03-12,3.45,3.45,4.76,4.76,4.7511,109.8714
2015-03-13,3.42,3.42,4.72,4.72,4.738,109.7222
2015-03-16,3.39,3.7,4.61,4.65,4.708,109.3346
2015-03-17,3.3,3.3,4.64,4.95,4.62,109.2412
2015-03-18,3.35,3.35,4.59,4.6,4.602,109.1334
2015-03-19,3.3,3.3,4.41,4.58,4.496,109.1611
2015-03-20,3.27,3.27,4.32,4.32,4.331,109.2796
2015-03-23,3.32,3.3,3.5,3.5,4.143,109.3122
2015-03-24,3.2,2.9,3.99,3.99,4.033,109.3275
2015-03-25,3.19,3.55,3.94,3.94,3.955,109.2803
2015-03-26,3.23,3.23,4.3,4.3,3.897,108.7661
2015-03-27,3.22,3.22,4.08,4.08,3.893,108.7461
2015-03-30,3.3,3.3,4.2,4.3,3.919,108.4997
2015-03-31,3.15,3.2,3.82,5,3.886,107.9427
2015-04-01,3.05,3.05,3.76,4.5,3.754,108.2532
2015-04-02,2.95,2.95,3.61,3.5,3.635,108.581
2015-04-03,2.82,2.82,3.43,3.43,3.506,108.4629
2015-04-07,2.73,3.05,3.34,3.34,3.319,108.333
2015-04-08,2.65,2.72,3.2,3.08,3.163,107.5743
2015-04-09,2.55,2.55,3,3,3.073,107.5627
2015-04-10,2.4,3,2.91,4.3,2.97,107.7204
2015-04-13,2.35,2.35,3.28,3,2.949,107.8615
2015-04-14,2.34,3.1,2.9,2.99,2.92,108.0638
2015-04-15,2.4,2.6,2.99,2.99,2.88,108.2993
2015-04-16,2.29,2.29,2.98,3.29,2.884,108.417
2015-04-17,2.26,2.26,2.92,2.92,2.873,108.4973
2015-04-20,2.1,3,2.79,2.78,2.732,109.3507
2015-04-21,2,2.5,2.64,2.63,2.62,109.7153
2015-04-22,1.92,2.1,2.6,2.56,2.567,109.5874
2015-04-23,1.89,1.89,2.54,2.54,2.527,109.3821
2015-04-24,1.8,1.8,2.47,2.47,2.488,109.3618
2015-04-27,1.76,2.1,2.4,2.4,2.451,109.498
2015-04-28,1.75,2.1,2.48,2.38,2.438,109.7595
2015-04-29,1.7,1.92,2.43,2.49,2.439,109.7093
2015-04-30,1.62,1.62,1.61,1.61,2.43,109.8359
2015-05-04,1.6,1.58,2.44,2.44,2.39,109.9255
2015-05-05,1.53,1.83,2.47,2.47,2.368,109.7724
2015-05-06,1.5,1.5,2.8,2.8,2.369,109.3705
2015-05-07,1.47,1.47,2.4,2.8,2.355,109.3483
2015-05-08,1.72,1.72,2.28,2.5,2.334,109.5883
2015-05-11,1.35,1.35,2.21,1.3,2.245,109.4951
2015-05-12,1.28,1.6,2.14,2.18,2.197,109.5599
2015-05-13,1.23,1.52,2.09,1.9,2.149,109.6477
2015-05-14,1.13,1.13,2.4,2.4,2.056,109.7317
2015-05-15,1.05,1.1,1.9,2.33,1.962,109.783
2015-05-18,1.04,1.04,1.91,1.91,1.92,109.7627
2015-05-19,1.1,1.1,1.97,1.97,1.925,109.6389
2015-05-20,1.03,1.03,2,1.99,1.932,109.5773
2015-05-21,1.03,1.35,2.02,2.05,1.944,109.5471
2015-05-22,1.05,1.25,1.95,1.03,1.966,109.597
2015-05-25,1.03,1.03,2.2,2.2,1.968,109.5674
2015-05-26,1.06,1.32,2.2,2.15,1.9688,108.9726
2015-05-27,1.05,1.06,1.95,1.95,1.967,108.9659
2015-05-28,1.03,1.03,2.1,2.3,1.952,108.4401
2015-05-29,1.02,1.02,1.94,1.94,1.972,108.382
2015-06-01,3.5,1.3,2.01,3.9,1.963,107.876
2015-06-02,1.05,1.05,2.3,2.32,1.977,108.1093
2015-06-03,1.05,1.05,2.25,2.57,2.057,108.2347
2015-06-04,1.06,1.5,2.16,2.3,2.122,108.2899
2015-06-05,1.16,1.16,2.15,2.15,2.07,108.3159
2015-06-08,1.08,1.05,2.06,2.2,2.043,108.5202
2015-06-09,1.08,1.08,2.05,2.05,2.049,108.57
2015-06-10,1.07,1.5,2.05,2.05,2.052,108.5301
2015-06-11,1.11,1.11,2.14,2.07,2.063,108.4059
2015-06-12,1.09,1.09,2.1,3.07,2.085,108.2992
2015-06-15,1.2,1.2,2.17,2.5,2.11,108.1364
2015-06-16,1.25,1.2,2.85,2.34,2.143,108.0727
2015-06-17,1.2,1.6,2.46,4.8,2.238,108.1788
2015-06-18,1.3,1.3,3.5,3.14,2.478,108.3745
2015-06-19,1.28,1.81,2.86,4,2.674,108.4913
2015-06-23,1.3,1.6,2.8,2.8,2.675,108.3709
2015-06-24,1.3,1.63,3.1,3.1,2.808,108.3112
2015-06-25,1.35,1.35,3.11,3.11,2.884,108.262
2015-06-26,1.35,1.45,1.5,3,2.921,108.3297
2015-06-29,1.33,1.33,2.84,2.84,2.84,108.2952
2015-06-30,1.15,1.2,3.3,2.81,2.652,108.3317
2015-07-01,1.16,1.16,2.8,4,2.602,108.2079
2015-07-02,1.16,1.17,2.9,2.9,2.712,108.1825
2015-07-03,1.16,1.16,2.94,3,2.802,108.4037
2015-07-06,1.17,1.17,2.61,3,2.661,108.9414
2015-07-07,1.2,1.3,2.6,2.6,2.61,109.3235
2015-07-08,1.2,1.2,2.57,3,2.589,109.3305
2015-07-09,1.21,1.3,2.56,2.56,2.578,109.4927
2015-07-10,1.22,1.22,2.55,2.55,2.575,109.0771
2015-07-13,1.21,1.21,2.53,2.55,2.553,109.101
2015-07-14,1.24,1.24,2.65,2.51,2.556,108.8535
2015-07-15,1.26,1.26,2.46,2.36,2.55,108.7455
2015-07-16,1.26,1.26,2.33,2.33,2.481,108.7359
2015-07-17,1.29,1.5,2.4,2.4,2.464,108.8298
2015-07-20,1.3,1.3,2.8,2.8,2.449,108.9579
2015-07-21,1.3,1.3,2.44,2.44,2.458,108.9347
2015-07-22,1.33,1.53,2.53,2.83,2.478,108.861
2015-07-23,1.34,1.34,2.6,2.37,2.54,108.9735
2015-07-24,1.34,1.64,2.52,2.5,2.559,109.1859
2015-07-27,1.4,1.4,2,2,2.559,109.2922
2015-07-28,1.7,1.7,1.8,2,2.552,109.4097
2015-07-29,1.44,2,2.46,2.34,2.514,109.4361
2015-07-30,1.45,1.45,2.47,2.47,2.502,109.4647
2015-07-31,1.46,1.7,2.48,2.47,2.509,109.1576
2015-08-03,1.47,1.5,2.47,2.46,2.495,109.0698
2015-08-04,1.51,1.51,2.43,2.43,2.483,109.1736
2015-08-05,1.52,1.52,2.3,2.51,2.471,109.2344
2015-08-06,1.53,1.85,2.3,2.3,2.449,109.269
2015-08-07,1.56,1.56,2.44,2.44,2.453,109.2919
2015-08-10,1.57,1.57,2,2.43,2.455,109.2811
2015-08-11,1.6,1.6,2.4,2.7,2.463,108.9588
2015-08-12,1.6,1.6,2.44,2.44,2.472,108.8816
2015-08-13,1.65,1.65,2.48,2.58,2.481,108.8298
2015-08-14,1.69,1.9,1.65,2.6,2.495,108.9339
2015-08-17,1.72,1.72,2.6,2.48,2.517,108.8862
2015-08-18,1.8,1.8,2.52,2.7,2.531,108.8607
2015-08-19,1.81,2.12,2.7,2.71,2.546,108.7873
2015-08-20,1.84,1.84,2.2,2.65,2.586,108.7891
2015-08-21,1.86,1.86,2.55,2.55,2.599,108.8365
2015-08-24,1.88,1.88,2.85,2.85,2.597,108.9463
2015-08-25,1.89,2,2.56,2.81,2.593,109.0689
2015-08-26,1.9,1.9,2.3,2.3,2.429,109.1151
2015-08-27,1.75,1.75,2.37,2.46,2.398,109.6901
2015-08-28,2.2,2.2,2.4,2.4,2.392,109.737
2015-08-31,1.8,1.8,2.7,2.37,2.398,110.0874
2015-09-01,1.84,1.84,2.43,3.3,2.41,110.2622
2015-09-02,2.03,2.03,2.46,2,2.421,110.3091
2015-09-06,1.87,1.87,2.38,2.38,2.41,110.2787
2015-09-07,1.9,1.92,2.2,2.68,2.41,110.1711
2015-09-08,1.89,2.21,2.44,2.4,2.402,110.1289
2015-09-09,1.89,2.08,2.4,2.41,2.398,110.0657
2015-09-10,2.08,2.08,2.3,2.45,2.4,110.0628
2015-09-11,1.9,1.9,2.38,2.3,2.403,110.0854
2015-09-14,1.91,1.91,2.38,2.5,2.394,110.0919
2015-09-15,1.86,1.86,2.5,2.9,2.392,110.1643
2015-09-16,1.9,1.9,2.41,2.4,2.391,110.1961
2015-09-17,1.9,1.9,2.4,2.4,2.391,110.1901
2015-09-18,1.9,2.2,2.42,2.43,2.39,110.2605
2015-09-21,1.9,2.2,2.25,2.2,2.391,110.2126
2015-09-22,1.87,2.2,2.4,2.9,2.397,110.1759
2015-09-23,1.91,1.91,2.38,2.55,2.401,110.1045
2015-09-24,1.9,1.9,3.2,2.5,2.48,110.227
2015-09-25,1.88,2.1,2.37,2.1,2.447,110.2087
2015-09-28,1.91,1.91,2.13,2.68,2.431,110.3772
2015-09-29,1.92,2.3,2.4,2.4,2.419,110.5542
2015-09-30,2.8,2.8,2.39,2.39,2.408,110.7119
2015-10-08,1.92,1.92,1.95,1.95,2.4,110.7733
2015-10-09,1.9,1.9,2.49,2.78,2.4,111.5112
2015-10-10,1.87,1.87,2.36,2.36,2.401,111.5315
2015-10-12,2,2.11,2.42,2.438,2.397,111.4342
2015-10-13,1.9,2.2,2.25,2.7,2.397,111.8836
2015-10-14,1.91,1.91,2.5,2.5,2.397,112.4679
2015-10-15,1.9,1.9,2.45,2.75,2.397,112.092
2015-10-16,1.88,1.88,2.43,2.59,2.394,111.7426
2015-10-19,1.9,2.2,2.43,2.73,2.395,111.7343
2015-10-20,1.92,2.23,2.43,2.43,2.394,112.1209
2015-10-21,1.91,1.91,2.1,2.38,2.394,112.0854
2015-10-22,1.91,2.2,2.38,2.75,2.396,112.1025
2015-10-23,1.91,1.91,2.45,2.38,2.401,112.2676
2015-10-26,1.8435,2.14,2.36,2.63,2.338,112.5946
2015-10-27,1.9,1.9,2.27,2.65,2.297,112.8609
2015-10-28,1.75,1.8,2.34,2.66,2.292,112.7713
2015-10-29,1.8,2.1,2.4,2.5,2.291,112.5025
2015-10-30,1.5,1.5,2.36,2.55,2.291,112.3226
2015-11-02,1.8,1.8,2.3,2.4,2.291,112.3825
2015-11-03,1.79,2.1,2.44,2.75,2.29,112.1411
2015-11-04,1.89,2.1,2.38,2.38,2.293,111.8871
2015-11-05,1.79,1.77,2.3,2.3,2.288,111.7427
2015-11-06,1.79,1.79,2.35,2.35,2.285,111.7454
2015-11-09,1.8,2.1,2.33,2.34,2.285,111.01
2015-11-10,1.79,2,2.36,2.68,2.28,111.1786
2015-11-11,1.8,1.8,2.27,2.6,2.279,111.5168
2015-11-12,1.9,1.9,2.35,2.35,2.279,111.5414
2015-11-13,1.7,1.7,2.34,2.5,2.278,111.5999
2015-11-16,1.8,2.1,2.35,2.35,2.279,111.5711
2015-11-17,1.8,1.9,2.36,2.66,2.278,111.573
2015-11-18,1.8,1.8,2.3,2.31,2.279,111.4513
2015-11-19,1.77,2.29,2.3,2.55,2.28,111.3406
2015-11-20,1.8,1.8,2.32,2.62,2.282,111.4561
2015-11-23,1.9,1.8,2.33,2,2.283,111.4509
2015-11-24,1.79,1.7,2.33,2.57,2.285,111.5702
2015-11-25,1.8,1.8,2.45,2.53,2.286,111.7238
2015-11-26,1.8,2.1,2.42,2.32,2.289,111.9815
2015-11-27,1.8,2.2,1.8,2.3,2.293,111.9425
2015-11-30,1.81,1.81,2.6,2.6,2.299,112.1308
2015-12-01,1.8,1.8,2.44,2.9,2.294,112.1196
2015-12-02,1.8,1.8,2.1,2.42,2.293,112.1669
2015-12-03,1.8,1.8,2.37,2.37,2.292,112.2418
2015-12-04,1.8,1.8,2.32,2.4,2.293,112.3233
2015-12-07,1.8,2.1,2.55,2.4,2.291,112.308
2015-12-08,1.8,1.8,2.39,2.5,2.292,112.4085
2015-12-09,1.81,1.81,2.28,2.52,2.294,112.5396
2015-12-10,1.77,1.77,2.46,2.33,2.297,112.5229
2015-12-11,1.8,1.8,2.4,2.55,2.302,112.6208
2015-12-14,1.81,1.81,2.43,2.43,2.303,112.4444
2015-12-15,1.8,1.8,1.9,1.9,2.299,112.3804
2015-12-16,1.8,1.8,2.42,2.42,2.301,112.5407
2015-12-17,1.8,2.1,2.5,2.7,2.299,112.5545
2015-12-18,1.84,1.85,2.45,2.76,2.318,112.9772
2015-12-21,1.87,2.17,2.39,2.45,2.334,113.5277
2015-12-22,1.8674,1.8674,2.46,2.55,2.342,113.7291
2015-12-23,1.93,2.23,2.41,2.2,2.348,113.6735
2015-12-24,1.95,2.25,2.35,2.5,2.348,114.1034
2015-12-25,1.9,1.9,2.3,2.3,2.355,113.9513
2015-12-28,1.97,2.3,2.58,2.59,2.354,114.16
2015-12-29,1.84,1.84,2.42,2.66,2.352,114.0362
2015-12-30,1.94,1.89,2.62,2.55,2.352,114.0304
2015-12-31,2.4,2.2,2.8,2.38,2.355,114.0254
2016-01-04,2.07,2.08,2.5,2.5,2.335,113.6269
2016-01-05,2.07,1.95,2.32,2.8,2.33,113.4729
2016-01-06,2.01,2.01,2.1,2.25,2.322,113.5011
2016-01-07,1.99,1.99,2.43,2.43,2.313,113.6617
2016-01-08,1.97,2.27,2.31,2.31,2.308,113.819
2016-01-11,1.97,2.26,2.41,2.41,2.303,113.8136
2016-01-12,1.97,1.98,2.39,2.39,2.3,114.0557
2016-01-13,1.99,2.3,2.24,2.4,2.3,114.5374
2016-01-14,1.98,1.98,2.35,2.6,2.3,114.3177
2016-01-15,1.95,1.95,2.6,2.42,2.303,114.3385
2016-01-18,2.2,2.5,3.8,2.75,2.308,114.1474
2016-01-19,2,2.5,2.7,3,2.316,113.9871
2016-01-20,2.4,2.65,3.2,3.8,2.341,113.8393
2016-01-21,2.2,2.4,2.48,3.6,2.405,113.972
2016-01-22,2.1,2.41,2.62,2.62,2.4,114.0489
2016-01-25,2,1.97,2.25,2.56,2.376,113.7198
2016-01-26,2.02,2.02,2.36,2.75,2.363,113.6342
2016-01-27,2.02,2.02,2.08,2.75,2.359,113.4701
2016-01-28,2.01,2.01,2.2,2.5,2.362,113.4025
2016-01-29,2.1,2.1,2.3,2.7,2.33,113.6423
2016-02-01,2.02,2.1,2.45,2.42,2.444,113.6738
2016-02-02,2,2,2.49,2.53,2.455,113.5757
2016-02-03,2.46,2.46,2.5,2.2,2.453,113.4625
2016-02-04,1.99,1.9,2.51,2.7,2.455,113.3507
2016-02-05,1.96,1.96,2.37,2.37,2.448,113.4343
2016-02-06,2.2,2.2,2.28,2.28,2.353,113.465
2016-02-14,1.95,1.95,2.1,2.4,2.313,113.8434
2016-02-15,1.98,1.98,2.15,2.15,2.3,113.6848
2016-02-16,1.98,1.98,2.44,2.65,2.297,113.6233
2016-02-17,1.85,1.98,2.3791,2.3791,2.297,113.585
2016-02-18,1.95,1.95,2.15,2,2.285,113.5786
2016-02-19,1.9,2.25,2.22,2.5,2.286,113.6472
2016-02-22,1.95,1.95,2.27,2.64,2.286,113.6108
2016-02-23,1.96,1.96,2.25,2.3,2.283,113.6303
2016-02-24,2.02,2.02,2.4,2.79,2.295,113.5247
2016-02-25,2.16,2.16,2.47,2.67,2.321,113.5063
2016-02-26,2.09,2.4,2.4,3.9,2.345,113.5414
2016-02-29,2.03,2.2,2.3,3.1,2.335,113.5549
2016-03-01,1.95,2,2.42,2.1,2.308,113.6306
2016-03-02,1.98,1.98,2.25,2.1,2.3,113.5422
2016-03-03,1.98,1.98,2.25,2.34,2.297,113.5027
2016-03-04,1.97,1.97,2.25,1.8,2.295,113.3987
2016-03-07,1.98,1.98,2.25,2.36,2.294,113.2019
2016-03-08,1.95,2.28,2.24,2.57,2.293,113.2539
2016-03-09,1.98,1.98,2,2.1,2.292,113.3774
2016-03-10,1.98,2.3,2.23,2.65,2.28,113.4926
2016-03-11,1.95,1.95,2.22,2.32,2.282,113.5744
2016-03-14,1.99,2.3,2.25,2.4,2.281,113.6214
2016-03-15,1.99,1.99,2.25,2.3,2.281,113.7305
2016-03-16,1.99,1.99,2.39,2.55,2.282,113.7971
2016-03-17,2.2,2.2,2.5,2.7,2.288,113.8722
2016-03-18,1.95,1.95,2.51,3.3,2.295,113.8466
2016-03-21,2.5,2.1,2.59,3,2.302,113.8236
2016-03-22,2.11,2.42,2.5,3.2,2.305,113.8364
2016-03-23,2,2,2.41,2.41,2.301,113.7975
2016-03-24,2.03,2,2.45,3,2.297,113.811
2016-03-25,2.02,2.3,2.44,2.44,2.3,113.8909
2016-03-28,2.3,2.2,2.7,2.53,2.301,113.7904
2016-03-29,2,2,2.7,2.51,2.303,113.8004
2016-03-30,2.1,2.1,2.9,3.75,2.312,113.7859
2016-03-31,2.2,2.7,2.9,3.7,2.325,113.8588
2016-04-01,1.8,2,2.32,2.4,2.32,113.8299
2016-04-05,2,2,2.4,2.45,2.302,113.847
2016-04-06,2,2.4,2.25,2.5,2.294,113.8248
2016-04-07,1.96,2.3,2.25,2.36,2.289,113.7129
2016-04-08,2,2,2,2,2.287,113.6683
2016-04-11,2.01,2.05,2.28,2.37,2.291,113.6229
2016-04-12,2.15,2,2.43,2.42,2.295,113.6808
2016-04-13,2.03,2.03,2.4,2.8,2.302,113.5724
2016-04-14,2.03,1.8,2.3,2.75,2.304,113.4396
2016-04-15,2.02,2.02,2.3,2.45,2.301,113.3885
2016-04-18,2.01,2,2.32,2.49,2.302,113.4597
2016-04-19,2.04,2.35,2.14,2.55,2.305,113.5024
2016-04-20,2.06,2.0202,2.42,2.52,2.322,113.3823
2016-04-21,2.5,2.5,2.55,2.6,2.332,113.3429
2016-04-22,2.14,2.32,2.6,2.6,2.334,113.0427
2016-04-25,2.13,2.13,2.3,3,2.342,112.77
2016-04-26,2.04,2.04,2.6,2.6,2.341,112.8694
2016-04-27,2.03,2.33,2.51,2.95,2.346,113.0242
2016-04-28,2.03,2.03,2.63,2.63,2.368,113.0815
2016-04-29,2.1,2.1,2.25,2.45,2.386,113.0876
2016-05-03,2.04,2.04,2.33,2.43,2.34,113.1227
2016-05-04,2,2.35,2.45,2.45,2.328,113.211
2016-05-05,1.99,2.3,2.6,2.73,2.329,113.2658
2016-05-06,2,2.4,2.43,2.75,2.326,113.1387
2016-05-09,2.02,2.02,2.05,2.45,2.323,113.2135
2016-05-10,2.02,2.03,2.35,2.5,2.323,113.1962
2016-05-11,2.03,2.03,2.1,2.1,2.324,113.2278
2016-05-12,2.03,2.03,2.1,2.57,2.325,113.2125
2016-05-13,2.05,2.3,2.45,2.2,2.324,113.2979
2016-05-16,2.03,2.4,2.44,2.5,2.327,113.1464
2016-05-17,2.04,2.04,2.4,2.6,2.331,113.1377
2016-05-18,2.04,2.22,2.55,2.4,2.332,113.0049
2016-05-19,2,2,2.3,2.6,2.331,112.8564
2016-05-20,2,2,2.28,2.04,2.331,112.9535
2016-05-23,2.02,2.02,2.25,2.4,2.33,112.9457
2016-05-24,2.03,2.02,2.1,2.4,2.33,113.0285
2016-05-25,2.02,2.32,2.25,2.55,2.331,112.9913
2016-05-26,2.02,2.33,2.5,2.81,2.332,112.954
2016-05-27,2,2,2,2.45,2.333,112.933
2016-05-30,2.03,2,2.55,2.55,2.334,112.7901
2016-05-31,2,2,2.4,2.5,2.338,112.8334
2016-06-01,2.03,2.03,2.4,2.4,2.337,112.773
2016-06-02,1.9,2.32,2.25,2.1,2.342,112.6149
2016-06-03,1.9,1.9,2.37,2.67,2.338,112.5181
2016-06-06,2.02,2.02,2.1,2.39,2.337,112.6769
2016-06-07,2,2,2.27,2.7,2.34,112.6404
2016-06-08,2,2.1,2.26,2.43,2.341,112.702
2016-06-12,1.99,2,2.1,2.1,2.343,112.6896
2016-06-13,2,2,2.35,2.7,2.342,112.6634
2016-06-14,2.02,2,2.35,2.65,2.341,112.7752
2016-06-15,1.99,1.99,2.25,2.4,2.341,112.9366
2016-06-16,2,2,2.29,2.55,2.343,112.9829
2016-06-17,2.03,2,2.25,2.35,2.346,112.931
2016-06-20,2,2.25,2.29,2.8,2.351,112.9819
2016-06-21,2.02,2.4,2.3,2.3,2.354,112.9229
2016-06-22,2.05,2.05,2.3,2.6,2.355,113.0088
2016-06-23,2.05,2,2.38,2.8,2.358,113.0321
2016-06-24,2.05,2.05,2.6,2.35,2.371,113.1445
2016-06-27,2.04,2.1,2.46,2.72,2.375,113.569
2016-06-28,2.06,2.06,2.95,2.85,2.381,113.5901
2016-06-29,1.95,1.95,2.8,3.55,2.386,113.6375
2016-06-30,2.05,3.8,2.25,2.72,2.385,113.5545
2016-07-01,2,2,2.37,2.7,2.365,113.8476
2016-07-04,2.02,2.5,2.3,2.68,2.355,113.8665
2016-07-05,2.03,2.03,2.36,2.56,2.344,113.7632
2016-07-06,2.02,2.33,2.3,2.1,2.337,113.7836
2016-07-07,2,2,2.29,2.5,2.33,113.8316
2016-07-08,2.03,2.03,2.1,2.73,2.327,113.8561
2016-07-11,2.03,2.03,2.2,2.33,2.323,113.8642
2016-07-12,2.02,2.02,2.2,2.6,2.319,113.7954
2016-07-13,2,2.1,2.2,2.1,2.313,113.7745
2016-07-14,2.05,2.1,2.41,2.5,2.31,113.774
2016-07-15,2.03,2.03,2.25,2.72,2.308,113.7972
2016-07-18,2.15,2.15,2.35,2.5,2.307,113.7926
2016-07-19,2.04,2.04,2.43,2.6,2.308,113.7958
2016-07-20,2.05,2.3,2.46,2.45,2.308,113.8645
2016-07-21,2.4,2.5,2.46,2.65,2.311,114.0333
2016-07-22,2.1,2.1,2.45,2.45,2.321,114.0835
2016-07-25,2.07,2.2,2.66,2.85,2.332,113.9822
2016-07-26,2.15,2.2,3,2.76,2.348,114.033
2016-07-27,2.05,2.05,2.5,2.8,2.36,113.9529
2016-07-28,2.04,2.3,2.25,2.9,2.359,114.0149
2016-07-29,2.04,2.04,2,2.79,2.348,114.0319
2016-08-01,2.03,2.34,2.42,2.3,2.343,114.0953
2016-08-02,2.03,2.03,2.25,2.7,2.338,114.1301
2016-08-03,2.04,2.04,2.25,2.4,2.332,114.0914
2016-08-04,2.04,2.04,2.34,2.7,2.324,114.1367
2016-08-05,2.1,2.1,2.32,2.4,2.317,114.3313
2016-08-08,2.05,2.05,2.35,2.44,2.316,114.3134
2016-08-09,2.05,2.1,2.45,2.75,2.317,114.4581
2016-08-10,2.01,2.5,2.53,2.7,2.325,114.5027
2016-08-11,2.0615,2.0615,2.9,2.7,2.332,114.6102
2016-08-12,2.05,2.05,2.4,2.4,2.336,114.7302
2016-08-15,2.1,2.1,2.39,2.39,2.3411,114.913
2016-08-16,2.05,2.35,2.43,2.73,2.343,115.01
2016-08-17,2.04,2.04,2.46,2.5,2.345,114.9301
2016-08-18,2.05,2.2,2.5,2.6,2.347,114.7999
2016-08-19,2.05,2.05,2.05,2.68,2.347,114.763
2016-08-22,2.2,2.2,2.47,2.47,2.3467,114.6928
2016-08-23,2.1,2.1,3.24,2.92,2.352,114.5446
2016-08-24,2.05,2.05,2.5,2.8,2.362,114.3433
2016-08-25,2,2,2.73,3,2.364,114.4164
2016-08-26,2,2.37,2.4,2.7,2.362,114.3836
2016-08-29,2.05,2.31,2.4,2,2.364,114.4205
2016-08-30,2,2,2.45,2.6,2.366,114.2469
2016-08-31,2.06,2.5,2.35,2.5,2.369,114.1425
2016-09-01,2.1,2.2,2.1,2.55,2.368,114.1404
2016-09-02,2.09,2.09,2.4,3,2.369,114.1401
2016-09-05,2.06,2.4,2.3,2.1,2.369,114.0814
2016-09-06,2.07,2.2,2.3,2.35,2.368,114.0388
2016-09-07,2.11,2.41,2.3,2.7,2.368,114.0376
2016-09-08,2.12,2.12,2.28,2.65,2.37,113.9995
2016-09-09,2.08,2.08,2.5,2.1,2.3765,114.029
2016-09-12,2.5,2.5,2.41,2.41,2.378,113.9263
2016-09-13,2.65,2.65,2.6,2.6,2.3855,113.9475
2016-09-14,2.15,2.15,2.9,2.75,2.392,114.001
2016-09-18,2.2,2.2,2.4,2.4,2.394,114.0924
2016-09-19,2.5,2.5,2.9,2.8,2.397,114.09
2016-09-20,2.25,3.2,2.25,2.25,2.4,114.1784
2016-09-21,2,2,2.6,2.7,2.405,114.1683
2016-09-22,2.29,2.29,2.4,2.8,2.408,114.1845
2016-09-23,2.15,2.48,2.42,2.75,2.406,114.1471
2016-09-26,2.21,2.3,2.5,2.6,2.439,114.2521
2016-09-27,2.1,2.1,2.75,3,2.459,114.1972
2016-09-28,2.1,2.1,2.9,2.9,2.476,114.226
2016-09-29,2.3,2.3,2.7,2.9,2.487,114.1619
2016-09-30,2.6,2.6,2.58,2.58,2.477,114.2625
2016-10-08,2.13,2.13,2.13,2.13,2.442,114.2817
2016-10-09,2,2,2.28,2.28,2.425,114.4785
2016-10-10,2.08,2.08,2.27,2.66,2.41,114.5569
2016-10-11,2.08,2.6,2.09,2.09,2.394,114.5497
2016-10-12,2.11,2.11,2.35,2.71,2.383,114.4944
2016-10-13,2.13,2.13,2.31,2.55,2.378,114.5459
2016-10-14,2.16,2.5,2.4,2.4,2.374,114.6223
2016-10-17,2.15,2.15,2.36,2.36,2.375,114.5888
2016-10-18,2.31,2.6,2.75,2.72,2.381,114.635
2016-10-19,2.26,2.3,2.95,2.6,2.39,114.7569
2016-10-20,2.3,3.2,3.2,3,2.397,114.9045
2016-10-21,2.6,2.7,2.2,2.35,2.401,115.0978
2016-10-24,2.24,2.5,2.85,2.55,2.404,115.1636
2016-10-25,2.5,2.5,2.55,2.55,2.404,115.1127
2016-10-26,2.28,2.65,2.9,2.9,2.409,114.9446
2016-10-27,2.35,3,3,3,2.411,114.7624
2016-10-28,2.5,2.33,2.5,2.73,2.415,114.8595
2016-10-31,2.3,2.7,2.8,3.33,2.418,114.6788
2016-11-01,2.3,2.3,2.49,2.95,2.416,114.667
2016-11-02,2.25,2.5,2.3,2.39,2.414,114.623
2016-11-03,2.2,2.2,2.2,2.2,2.408,114.6165
2016-11-04,2,2,2.3,2.2,2.405,114.6207
2016-11-07,2.12,2.12,2.35,2.5,2.399,114.5669
2016-11-08,2.11,2.1,2.3,2.3,2.392,114.4435
2016-11-09,2.17,2.17,2.6,2.5,2.389,114.3914
2016-11-10,2.24,2.6,2.65,2.9,2.393,114.2709
2016-11-11,2.27,2.7,2.42,2.57,2.402,114.148
2016-11-14,2.34,2.34,2.6,2.63,2.407,113.8574
2016-11-15,2.7,2.7,3.2,2.65,2.415,113.7704
2016-11-16,2.1,2.3,2.56,2.27,2.428,113.6399
2016-11-17,2.37,2.3,2.7,3,2.436,113.5102
2016-11-18,1.8,1.8,2.7,2.52,2.444,113.4751
2016-11-21,2.2,2.2,2.5,2.65,2.448,113.35
2016-11-22,2.31,2.62,3,3.02,2.45,113.4499
2016-11-23,2.2,2.5,2.5,3,2.451,113.6319
2016-11-24,2.26,2.3,2.55,2.55,2.452,113.6547
2016-11-25,2.3,2.5,2.7,2.8,2.458,113.4171
2016-11-28,2.74,2.66,2.7,2.7,2.466,113.5247
2016-11-29,2.4,2.98,3.24,3.3,2.481,113.1554
2016-11-30,2.41,2.41,2.5,2.5,2.496,112.8515
2016-12-01,2.42,2.42,2.65,2.65,2.502,112.5881
2016-12-02,2.32,2.32,2.45,2.7,2.501,112.5278
2016-12-05,2.23,2.4,2.35,2.4,2.497,112.226
2016-12-06,2.22,2.2,2.3,3,2.493,111.551
2016-12-07,2.25,2.4,2.38,3.1,2.491,111.7646
2016-12-08,2.25,2.5,2.4,2.6,2.4908,111.9032
2016-12-09,2.21,2.7,2.55,2.85,2.4928,111.8607
2016-12-12,2.23,2.3,2.5,2.9,2.494,111.4271
2016-12-13,2.25,2.25,2.4,3,2.496,111.1549
2016-12-14,2.3,2.6,3.2,3,2.499,111.0433
2016-12-15,2.55,2.55,3.24,3.66,2.505,110.0298
2016-12-16,2.35,2.35,3.24,4.5,2.519,110.3007
2016-12-19,2.53,2.8,2.6,3.1,2.525,109.9501
2016-12-20,2,2.82,2.55,6,2.5375,109.7862
2016-12-21,2.33,2.4,2.48,3.58,2.544,110.2833
2016-12-22,2.18,2.18,2.54,3.08,2.544,110.924
2016-12-23,2.11,2.46,2.45,3,2.543,111.1554
2016-12-26,1.9,1.9,2.47,2.6,2.545,111.5406
2016-12-27,2.06,2.6,2.25,2.85,2.547,111.3187
2016-12-28,2.1,2.1,2.4,4.03,2.545,111.5514
2016-12-29,1.7,2.45,2.7,3.24,2.544,112.0665
2016-12-30,2.15,2.13,2.6,2.6,2.543,112.2942
2016-12-31,2.15,2.15,2.6,2.7,2.543,112.2901
2017-01-03,1.9,1.9,2.66,3.2,2.589,111.7584
2017-01-04,2.1,2.45,2.8,2.8,2.545,111.3366
2017-01-05,2.06,2.06,2.33,2.5,2.474,110.9691
2017-01-06,2.05,2.05,1.9,2,2.441,111.0547
2017-01-09,2.05,2.03,2.3,2.4,2.41,111.272
2017-01-10,2.09,2.42,2.35,2.7,2.399,111.2909
2017-01-11,2.14,2.45,2.5,2.8,2.39,111.0589
2017-01-12,2,2,2.32,2.55,2.394,111.2097
2017-01-13,2.09,2.4,2.3,2.3,2.398,111.1923
2017-01-16,2.7,2.7,3.2,2.9,2.4239,110.9752
2017-01-17,2.55,2.749,2.43,2.43,2.4666,110.7867
2017-01-18,2.74,2.74,3.24,3.62,2.5042,110.7272
2017-01-19,2.7,3.3,3,3,2.538,110.5939
2017-01-20,2,2,2.5,1.8,2.593,110.7312
2017-01-22,2.1,2.1,2.3,2.511,2.607,110.6923
2017-01-23,2.15,2.4,2.45,3.02,2.637,110.6821
2017-01-24,2.1,2.5,3.249,3.249,2.662,110.4192
2017-01-25,2.14,2.5,3.24,3.24,2.684,110.0252
2017-01-26,2.7,2.7,2.64,2.64,2.691,109.9448
2017-02-03,2.19,2.19,2.55,3.02,2.652,109.5792
2017-02-04,2.23,2.23,2.4,2.4,2.648,109.6522
2017-02-06,2.2,2.6,2.65,2.65,2.628,109.2735
2017-02-07,2.3,2.3,2.3,3,2.6283,109.2066
2017-02-08,2.23,2.58,2.65,3.08,2.633,109.4019
2017-02-09,2.23,2.23,2.6,3,2.634,109.7036
2017-02-10,2.27,2.3,2.38,2.42,2.6233,109.4854
2017-02-13,2,2.56,3,2.5,2.623,109.5279
2017-02-14,2.22,2.56,3.25,3.15,2.6208,109.5964
2017-02-15,2.26,2.26,2.3,3.45,2.627,109.6202
2017-02-16,2.44,2.2,3.34,3.75,2.6435,109.8647
2017-02-17,2.5,2.8,3.2,3.2,2.664,110.0563
2017-02-20,3,3,3.3,3,2.675,110.2233
2017-02-21,2.6,3,2.78,2.78,2.691,110.1286
2017-02-22,2.55,2.5,3.34,4.08,2.706,110.1817
2017-02-23,2.5,3,3.1,4.6,2.716,110.2418
2017-02-24,2.47,2.9,3,3.3,2.725,110.1381
2017-02-27,2.48,3,3.2,3.4,2.711,110.2315
2017-02-28,2.6,2.6,3.3,4.03,2.728,110.2355
2017-03-01,2.52,2.2,2.6,2.78,2.729,110.1689
2017-03-02,2,2.8,2.43,3.45,2.732,110.1258
2017-03-03,2.3,2.3,2.5,2.8,2.659,110.0886
2017-03-06,2.5,2.75,2.8,3,2.646,110.0537
2017-03-07,2.77,2.77,3,3,2.644,110.0524
2017-03-08,2.39,2.39,2.6235,2.9,2.655,109.893
2017-03-09,2.39,2.43,2.73,2.8,2.659,109.8269
2017-03-10,2.38,2.2,2.53,2.9,2.655,109.8762
2017-03-13,2.25,2.2,2.81,3,2.649,109.8849
2017-03-14,2.39,2.39,3.01,3.2,2.652,110.0142
2017-03-15,2.5,2.5,3.1,2.8,2.656,110.0059
2017-03-16,2.8,2.8,3.34,5.15,2.6938,110.2986
2017-03-17,2.7,3.15,3.44,3.9,2.725,110.2761
2017-03-20,3.3,3.3,3.3,6,2.7471,110.1047
2017-03-21,3.28,3.29,5.5,4,2.768,109.9176
2017-03-22,3,3.3,3.44,4.9,2.791,109.9914
2017-03-23,2.7,2.7,3.3,3.44,2.807,110.0587
2017-03-24,2.05,2.05,2.85,3.14,2.784,110.3603
2017-03-27,2.41,2.7,2.7,3.43,2.7993,110.4319
2017-03-28,2.8,2.8,2.95,4,2.791,110.3152
2017-03-29,2.7,2.8,3.44,7,2.81,110.2247
2017-03-30,2.47,2.47,2.83,3.64,2.821,110.1792
2017-03-31,3,3,3.17,4.6,2.85,110.1609
2017-04-01,2.45,2.45,2.65,2.65,2.778,110.2366
2017-04-05,2.52,3,3.2,3.6,2.74,110.1025
2017-04-06,2.61,2.92,2.8,3.5,2.7506,110.1715
2017-04-07,2.46,2,2.8,2.95,2.741,110.1265
2017-04-10,2.4,2.73,2.6,2.9,2.707,110.0472
2017-04-11,2.2,2.2,2.58,3,2.687,110.0758
2017-04-12,2.39,2.39,2.34,3,2.6631,110.0317
2017-04-13,2.4,2.5,2.65,3.15,2.6566,109.9415
2017-04-14,2.44,2.76,2.4,3.15,2.674,109.5505
2017-04-17,2.5,2.7,3.4,3.6,2.69,109.0929
2017-04-18,2.7,2.88,3.448,2.7,2.7175,109.0456
2017-04-19,2.75,2.75,2.7,2.7,2.752,109.0499
2017-04-20,2.66,3.5,3.44,3.9,2.758,108.8534
2017-04-21,2.68,3,3.29,3.8,2.76,108.5314
2017-04-24,2.8,3,3.4,3.89,2.79,108.3407
2017-04-25,2.85,3.29,4,4.1,2.814,108.63
2017-04-26,3.1,3.5,3.29,3.5,2.8203,108.6471
2017-04-27,3.1,4.5,3.44,6,2.8449,108.6559
2017-04-28,3.2,3.5,3.44,3.44,2.8699,108.5805
2017-05-02,2.87,3.1,3.2,4,2.873,108.416
2017-05-03,2.92,3.4,3.44,3.44,2.913,108.1601
2017-05-04,3,2.9,3.2,3.2,2.927,107.9175
2017-05-05,2.6,3.4,3.1,3.57,2.9186,107.844
2017-05-08,2.81,3.3,3.3,3,2.9091,107.5439
2017-05-09,2.7,2.84,3.2,3.15,2.9233,107.3351
2017-05-10,2.8,3.3,3.44,3.53,2.93,106.8789
2017-05-11,2.9,2.8,2.85,3.3,2.9294,107.1671
2017-05-12,2.3,2.3,2.6,2.89,2.9107,107.141
2017-05-15,2.65,2.8,2.8,3.6,2.8833,107.3006
2017-05-16,2.9,2.8,3.44,3.5,2.8827,107.2352
2017-05-17,2.6,3.15,2.95,3.2,2.882,106.9782
2017-05-18,2.6,2.6,2.8,2.8,2.8867,107.0124
2017-05-19,2.5,2.7,2.95,2.5,2.88,106.8659
2017-05-22,2.5,2.95,2.82,3.3,2.8679,106.5955
2017-05-23,2.6,2.95,2.95,3.3,2.8571,106.6878
2017-05-24,2.55,2.55,2.74,2.9,2.8426,106.8166
2017-05-25,2.58,2.6,2.6,4.2,2.843,106.9447
2017-05-26,2.5,2.8,3.44,2.8,2.853,106.9284
2017-05-27,2.6,2.6,2.9,2.9,2.854,106.9872
2017-05-31,2.66,3.1,3.44,3.42,2.856,107.285
2017-06-01,2.75,2.75,3.07,3.9,2.866,107.2283
2017-06-02,2.91,2.91,3,4,2.884,107.185
2017-06-05,2.9,2.93,3.44,3.44,2.894,107.2419
2017-06-06,2.85,3.221,3.4,3.3,2.8959,107.1833
2017-06-07,2.6,2.6,3.44,3.9,2.8919,107.0508
2017-06-08,2.9,2.9,2.88,3.7,2.8939,107.0584
2017-06-09,2.5,2.7,2.91,3.9,2.8949,107.1988
2017-06-12,2.83,2.83,3.4,3.2,2.8968,107.5883
2017-06-13,2.8,2.7,3.28,3.6,2.9,107.6458
2017-06-14,2.8,3.4,3.2,3.8,2.9026,107.8405
2017-06-15,2.85,2.85,2.9,3.9,2.9047,107.7584
2017-06-16,2.86,2.92,2.8,2.8,2.914,107.6634
2017-06-19,2.9,3.3,2.95,4,2.9204,108.1522
2017-06-20,2.88,2.88,3.44,3.85,2.93,108.167
2017-06-21,2.65,3.3,3.44,3.83,2.9429,107.7871
2017-06-22,2.83,2.83,2.96,3.7,2.9432,107.6779
2017-06-23,2.75,2.75,2.75,2.75,2.936,107.7439
2017-06-26,2.55,2.9,2.76,3.48,2.9063,107.9539
2017-06-27,2.55,2.94,2.79,3.34,2.8834,108.0357
2017-06-28,2.45,2.9,2.83,3.302,2.8577,107.8845
2017-06-29,2.5,2.5,2.7,2.7,2.8507,107.811
2017-06-30,2.69,2.69,2.5,4.3,2.8455,107.6416
2017-07-03,2.6,2.7,2.77,3.55,2.841,107.3743
2017-07-04,2.65,2.4,2.8,3.2,2.8299,107.3987
2017-07-05,2.51,2.51,2.7,3.3,2.8028,107.6334
2017-07-06,2.5,2.5,2.73,3.1,2.7919,107.7196
2017-07-07,2.8,2.8,2.72,2.85,2.7858,107.6165
2017-07-10,2.7,2.7,2.8,3.2,2.784,107.5627
2017-07-11,2.6,3.2,3.02,2.8,2.812,107.6194
2017-07-12,2.65,2.65,2.8,3.4,2.8156,107.6878
2017-07-13,2.66,2.66,3.05,3.2,2.8184,107.8006
2017-07-14,2.6,2.6,2.6,3.1,2.803,107.7751
2017-07-17,2.65,3.02,3.44,4.5,2.8057,107.8101
2017-07-18,2.79,4,2.77,3.9,2.8293,107.5832
2017-07-19,2.8,3.2,3.44,4.5,2.842,107.5719
2017-07-20,3.29,3.29,3.44,3.9,2.853,107.6104
2017-07-21,2.8,3.5,3.44,3.75,2.847,107.5736
2017-07-24,2.9,3,3.4,3.7,2.845,107.5665
2017-07-25,2.74,3.21,2.88,2.88,2.849,107.5033
2017-07-26,2.76,3.1,3.44,3.6,2.849,107.3145
2017-07-27,3.1,3.3,3.44,3.44,2.8626,107.4032
2017-07-28,2.86,3.5,2.8,2.8,2.877,107.4057
2017-07-31,3.2,3.2,3.44,3.44,2.882,107.3124
2017-08-01,3.29,3.2,2.84,2.75,2.886,107.1887
2017-08-02,2.98,3.3,3.44,4,2.892,107.2608
2017-08-03,2.79,2.85,2.87,3.5,2.884,107.2914
2017-08-04,2.66,3.05,2.78,3,2.8657,107.3298
2017-08-07,2.8,3.3,2.9,3.4,2.865,107.0736
2017-08-08,2.9,2.9,2.86,3.5,2.871,107.1017
2017-08-09,2.9,3.3,2.92,3.25,2.8821,107.0474
2017-08-10,2.8,2.8,2.9,3.2,2.8767,107.1825
2017-08-11,2.77,2.77,3.07,3.3,2.8725,107.333
2017-08-14,2.84,3.3,3.44,3.5,2.868,107.4438
2017-08-15,2.83,3.29,3.44,4,2.874,107.4179
2017-08-16,3.29,3.3,3.44,4.2,2.88,107.2869
2017-08-17,2.9,2.9,3.44,5,2.8927,107.3036
2017-08-18,2.84,2.84,3,3.82,2.894,107.2914
2017-08-21,3.29,3.4,3.44,3.44,2.897,107.1331
2017-08-22,2.8,3.3,3.2,3.4,2.8985,107.118
2017-08-23,3,3.36,3.44,4.7,2.9028,107.1752
2017-08-24,2.5,3.5,3.44,3.9,2.904,107.0889
2017-08-25,2.5,3.5,3,3.5,2.9098,107.056
2017-08-28,2.9,2.9,3.44,3.44,2.9064,106.9324
2017-08-29,2.9,3.6,2.93,3.59,2.921,107.0091
2017-08-30,2.6,3.5,2.91,2.91,2.9266,107.024
2017-08-31,2.89,5,3.44,4.05,2.8879,107.0662
2017-09-01,2.5,3,3.35,2.3,2.8764,107.0358
2017-09-04,2.72,3.1,2.8,3.55,2.8572,106.9752
2017-09-05,2.65,3,3.44,3.5,2.8202,106.8289
2017-09-06,2.6,2.6,3.1,3.45,2.8092,106.8931
2017-09-07,2.6,2.6,2.82,3.4,2.8056,107.1384
2017-09-08,2.6,3,2.6,3.5,2.8023,107.2392
2017-09-11,2.6,3,3.44,3.44,2.8014,107.192
2017-09-12,2.62,2.7,3.4,3.7,2.8036,107.2087
2017-09-13,2.63,2.63,3.3,3.41,2.8056,107.1328
2017-09-14,2.7,3.3,3.44,3.9,2.8239,107.3357
2017-09-15,2.8,3.2,3.44,3.7,2.832,107.3325
2017-09-18,2.85,2.85,3.44,3.44,2.844,107.1815
2017-09-19,2.2,3.2,2.88,4.3,2.868,107.2215
2017-09-20,3,3.4,3.3,4,2.869,107.1721
2017-09-21,2.7,2.9,3.2,4.4,2.869,107.0515
2017-09-22,2.6,3.15,3.25,2.6,2.858,107.1747
2017-09-25,3,2.77,3.44,3.8,2.8987,107.3069
2017-09-26,3,3.29,3.44,5,2.9291,107.2439
2017-09-27,2.9,2.95,3.44,6.5,2.9494,107.2419
2017-09-28,2.5,3.5,3.44,6,2.9675,107.2661
2017-09-29,2.8,2.8,3.4,3.4,2.9639,107.2605
2017-09-30,3,3,3.44,3.44,2.9671,107.2886
2017-10-09,3,3.26,3.4,5,2.9201,107.093
2017-10-10,2.6,3.2,3.3,3.3,2.939,107.1172
2017-10-11,2.6,2.6,2.9,3.5,2.9247,107.096
2017-10-12,2.6,3,2.83,3.5,2.886,106.9641
2017-10-13,2.55,2.9,2.9,2.82,2.8516,106.9972
2017-10-16,2.56,3.2,2.88,3.3,2.848,106.7175
2017-10-17,2.3,2.6,2.7,3.6,2.8483,106.4507
2017-10-18,2.3,2.3,2.65,3.5,2.8468,106.4339
2017-10-19,2.58,2.5,3,3.2,2.8405,106.526
2017-10-20,2.55,2.9,2.83,3.2,2.8379,106.5058
2017-10-23,2.62,2.62,3.2,3.3,2.8341,106.4921
2017-10-24,2.5,3,3.44,3.44,2.8343,106.4455
2017-10-25,2.67,2.67,3.29,3.87,2.8594,106.0606
2017-10-26,2.71,3.5,3.44,4,2.8699,106.097
2017-10-27,2.9,2.9,3.44,3.24,2.8788,105.7379
2017-10-30,2.78,3.3,3.44,3.5,2.888,105.0641
2017-10-31,2.8,5,3.44,5.5,2.894,105.1352
2017-11-01,2.5,3.2,2.85,2.85,2.894,105.3585
2017-11-02,2.56,2.56,3,2.85,2.859,105.326
2017-11-03,2.52,2.7,2.9,2.9,2.8249,105.2602
2017-11-06,2.46,2.9,2.75,3.3,2.797,105.2899
2017-11-07,2.54,2.6,2.8,3.5,2.7878,105.1829
2017-11-08,2.6,3,3.2,3.4,2.7892,105.206
2017-11-09,2.7,3,2.9,3.5,2.811,105.135
2017-11-10,2.6,3.1,3.05,3.39,2.8455,105.0017
2017-11-13,2.92,2.92,3.2,4.2,2.8592,104.6348
2017-11-14,2.85,2.85,3.3,4.7,2.8765,104.6227
2017-11-15,2.82,2.82,3.1,4.7,2.886,104.6585
2017-11-16,2.8,3.2,2.92,3.4,2.886,104.8444
2017-11-17,2.72,2.72,3.2,3.2,2.865,104.8448
2017-11-20,2.8,2.8,3.4,4.2,2.859,104.7153
2017-11-21,3.1,3,3.44,4.9,2.861,104.6504
2017-11-22,3,3.3,3.44,4.5,2.868,104.3363
2017-11-23,2.9,3.4,3.44,4.8,2.871,104.4863
2017-11-24,2.8,3.3,3,5.5,2.873,104.7194
2017-11-27,2,3.2,2.82,4,2.883,104.6865
2017-11-28,2.77,3,3.44,5.3,2.883,104.6907
2017-11-29,2.62,3.2,3.44,3.44,2.877,104.9626
2017-11-30,2.8,2.8,3.44,3.8,2.898,105.1063
2017-12-01,2.58,2.58,3.1,3.3,2.851,105.1237
2017-12-04,2.61,2.6,3,2.93,2.816,105.1868
2017-12-05,2.54,2.54,2.75,3.8,2.799,105.2542
2017-12-06,2.58,2.8,2.85,2.85,2.787,105.2698
2017-12-07,2.55,2.55,2.8,3.5,2.791,105.1913
2017-12-08,2.59,2.59,3.1,3,2.799,105.0657
2017-12-11,2.7,2.7,3.44,3.5,2.818,104.7948
2017-12-12,2.6,3.15,2.86,3.8,2.83,104.7258
2017-12-13,2.8,2.8,3,3.9,2.851,104.7338
2017-12-14,2.81,2.6,3.3,3.3,2.868,104.8317
2017-12-15,2.69,2.69,2.9,2.7,2.871,104.97
2017-12-18,2.7,3.3,3.49,3.49,2.871,104.9921
2017-12-19,2.5,2.5,3.49,3.2,2.873,105.0058
2017-12-20,2.8,3.08,2.7,3.5,2.874,105.0365
2017-12-21,2.62,2.7,2.83,2.83,2.871,105.0823
2017-12-22,2.54,2.54,2.77,3,2.867,105.1686
2017-12-25,2.53,2.9,2.8,3,2.881,105.1191
2017-12-26,2.6,3.5,2.9,4.74,2.892,105.0897
2017-12-27,3.15,3,2.85,10,2.905,105.0603
2017-12-28,3,3.2,6,20,2.925,105.0599
2017-12-29,2.97,2.97,3.1,3.1,2.954,105.1379
2017-12-30,2.97,2.97,3.1,3.1,2.954,105.137
2017-12-31,2.97,2.97,3.1,3.1,2.954,105.1383
2018-01-02,2.59,3,3.07,3.8,2.839,105.085
2018-01-03,2.1,3.5,2.9,3.3,2.785,104.9756
2018-01-04,2.43,3,2.7,3.2,2.76,104.882
2018-01-05,2.4,2.4,2.69,2.5,2.745,104.914
2018-01-08,2.45,2.8,2.7,2.9,2.737,104.9292
2018-01-09,2.51,3,3.1,2.8,2.744,105.0373
2018-01-10,2.7,2.7,3.1,3.3,2.776,104.956
2018-01-11,2.84,3.3,3.2,3.2,2.832,104.8655
2018-01-12,2.8,3,3.1,3.6,2.864,104.8983
2018-01-15,3.2,3.2,3.49,3.45,2.86,104.7804
2018-01-16,2.77,3.34,3.4,3.6,2.879,104.7372
2018-01-17,2.77,3.8,3.499,3.3,2.878,104.7428
2018-01-18,2.78,4,2.91,3.7,2.878,104.5492
2018-01-19,2.88,3.4,3.2,3.36,2.891,104.5829
2018-01-22,2.82,3.1,3,4,2.889,104.4677
2018-01-23,2.57,2.8,2.83,3,2.863,104.4704
2018-01-24,2.61,2.91,3.2,3.1,2.832,104.499
2018-01-25,2.54,2.54,2.9,3.56,2.8498,104.5461
2018-01-26,2.4,2.4,3.4,2.4,2.842,104.54
2018-01-29,2.3,2.3,2.95,3.8,2.842,104.5699
2018-01-30,2.5,2.9,3.1,3.3,2.838,104.5781
2018-01-31,2.58,2.7,3.2,3.27,2.8298,104.6953
2018-02-01,2.48,2.48,2.75,2.9,2.7925,104.7568
2018-02-02,2.48,2.48,2.79,3.2,2.788,104.7637
2018-02-05,2.52,3,2.72,2.8,2.7758,104.6942
2018-02-06,2.6,2.6,2.67,2.67,2.7706,104.9427
2018-02-07,2.56,2.56,2.71,2.7,2.771,105.019
2018-02-08,2.56,2.56,2.93,3.2,2.904,104.9878
2018-02-09,2.59,2.59,2.56,3.2,2.918,104.9799
2018-02-11,2.6,2.6,2.7,2.7,2.917,104.9611
2018-02-12,2.6,2.7,3.1,4.1,2.918,105.0195
2018-02-13,2.58,2.58,3.5,3.5,2.928,105.0336
2018-02-14,2.4,2.4,2.4,2.4,2.91,105.0822
2018-02-22,2.6,2.6,3.3,3.9,2.891,105.0518
2018-02-23,2.56,2.56,2.8,2.8,2.881,105.0499
2018-02-24,2.55,2.55,2.9,2.6,2.876,105.0505
2018-02-26,2.6,2.8,3.4,2.6,2.87,105.2155
2018-02-27,2.54,2,2.9,2.9,2.861,105.4021
2018-02-28,2.92,3.5,3.2,4.5,2.906,105.3859
2018-03-01,2.69,3.1,3.2,3.7,2.896,105.3561
2018-03-02,2.76,3.15,3,3.7,2.897,105.2925
2018-03-05,2.63,2.63,3,3.6,2.894,105.2424
2018-03-06,2.59,3,2.83,3.4,2.886,105.3031
2018-03-07,2.56,2.75,2.83,2.9,2.873,105.403
2018-03-08,2.8,2.55,2.78,3.3,2.862,105.4265
2018-03-09,2.58,2.55,2.6,2.9,2.857,105.4213
2018-03-12,2.66,2.66,3.2,3.1,2.858,105.4832
2018-03-13,2.1,3,3.5,3.5,2.87,105.466
2018-03-14,2.5,2.72,3.2,3.6,2.869,105.4455
2018-03-15,2.6,3.15,3,3.5,2.866,105.4973
2018-03-16,2.56,2.56,2.56,2.56,2.865,105.5135
2018-03-19,2.54,3.5,2.9,3.5,2.863,105.54
2018-03-20,2.54,3,3,3.35,2.861,105.7381
2018-03-21,2.54,2.54,2.82,3.36,2.858,105.8136
2018-03-22,2.51,2.51,2.76,2.81,2.8538,105.923
2018-03-23,2.55,2.55,2.71,2.7,2.8464,106.2074
2018-03-26,2.56,2.56,2.75,5.3,2.862,106.1971
2018-03-27,2.66,2.98,2.86,3.6,2.874,106.1157
2018-03-28,2.58,2.75,3.54,4,2.889,106.1075
2018-03-29,2.6,3.5,2.9,5.8,2.8958,106.0248
2018-03-30,2.8,2.8,3.34,3.57,2.9166,106.0909
2018-04-02,2.4,2.4,2.82,3,2.883,106.1234
2018-04-03,2.54,2.54,2.5,2.6,2.87,106.004
2018-04-04,2.5,2,2.75,3,2.83,106.1352
2018-04-08,2.38,2.38,2.72,3.05,2.812,106.2206
2018-04-09,2.52,2.6,3,3,2.806,106.3781
2018-04-10,2.3,2.91,2.7,2.8,2.807,106.264
2018-04-11,2.56,2.56,2.95,2.95,2.804,106.3661
2018-04-12,2.55,2.9,2.6,2.7,2.8,106.4073
2018-04-13,2.56,2.56,2.7,2.8,2.798,106.4705
2018-04-16,2.9,2.9,3,3.2,2.802,106.8411
2018-04-17,2.7,2.8,3.54,3.8,2.843,106.8978
2018-04-18,3,3.5,3.55,4.5,2.858,107.9399
2018-04-19,2.83,5.5,3.2,3.2,2.884,107.9325
2018-04-20,3.2,4,3.39,3.67,2.893,107.8732
2018-04-23,2.8,3.39,10,14,2.9,107.516
2018-04-24,3,4,2.95,10,2.907,107.5798
2018-04-25,3,4,3.54,6.5,2.911,107.3688
2018-04-26,2.8,3.39,3.54,6,2.925,107.1811
2018-04-27,2.92,3,3.03,5,2.978,107.1097
2018-04-28,2.3,2.3,2.95,2.95,2.972,107.1543
2018-05-02,2.7,3.05,3,3.4,2.892,106.8434
2018-05-03,2.63,2.4,2.81,3.12,2.852,106.9733
2018-05-04,2.53,2.9,2.65,2.4,2.806,107.1514
2018-05-07,2.55,2.55,2.5,2.65,2.768,107.0729
2018-05-08,2.54,2.8,2.54,2.54,2.751,106.8269
2018-05-09,2.48,2.85,2.68,3,2.734,106.741
2018-05-10,2.48,2.48,2.75,3,2.723,106.8287
2018-05-11,2.45,3.5,2.69,2.7,2.713,106.9187
2018-05-14,2.56,2.8,3.1,2.8,2.738,106.8866
2018-05-15,2.66,3.2,3.3,3.2,2.773,106.797
2018-05-16,2.46,2.8,3.05,3.16,2.835,106.7796
2018-05-17,2.56,2.56,2.99,2.9,2.803,106.8024
2018-05-18,2.53,2.86,2.7,3,2.768,106.8083
2018-05-21,2.51,2.51,2.84,3,2.756,106.891
2018-05-22,2.52,2.52,2.71,3.25,2.755,107.0159
2018-05-23,2.52,2.5,2.45,2.6,2.752,107.1346
2018-05-24,2.52,2.2,2.7,3,2.751,107.1533
2018-05-25,2.5,2.9,2.85,2.9,2.794,107.3799
2018-05-28,2.53,2.53,3.54,3.3,2.806,107.4385
2018-05-29,2.76,3.2,2.9,3.5,2.848,107.4493
2018-05-30,2.89,3.2,2.95,5.6,2.895,107.5169
2018-05-31,3.39,3.39,4.9,5,2.898,107.4374
2018-06-01,2.8,2.8,2.8,2.8,2.897,107.3976
2018-06-04,2.57,2.57,2.75,3.4,2.818,107.1692
2018-06-05,2.55,2.55,2.7,3.21,2.802,107.1263
2018-06-06,2.53,2.8,2.72,2.6,2.792,107.1202
2018-06-07,2.5,2.9,2.71,2.8,2.783,107.0611
2018-06-08,2.55,2.55,2.65,3,2.772,107.2165
2018-06-11,2.57,2.9,2.9,3.3,2.776,107.1132
2018-06-12,2.61,2.61,2.7,3.3,2.789,106.9341
2018-06-13,2.5,3.05,2.8,3.3,2.8,107.0376
2018-06-14,2.59,3,2.3,3,2.809,107.2502
2018-06-15,2.57,2.57,2.76,3.03,2.81,107.4598
2018-06-19,2.4,2.4,2.97,3.5,2.809,107.7177
2018-06-20,2.81,3,2.82,4,2.822,107.5213
2018-06-21,2.57,2.57,2.77,3.3,2.825,107.6785
2018-06-22,2,2,2.86,2.2,2.819,107.7429
2018-06-25,2.55,2.6,3.54,3.54,2.826,107.681
2018-06-26,2.4,2.85,2.81,7.7,2.831,107.69
2018-06-27,2.3,2.7,4,4,2.834,107.8201
2018-06-28,2.2,2.2,3.2,4.65,2.841,108.0216
2018-06-29,2.2,3.17,2.9,4,2.862,108.3876
2018-07-02,2.4,2.85,2.4,2.8,2.78,108.4179
2018-07-03,2.32,2.32,2.5,3,2.719,108.2958
2018-07-04,2.1,2.1,2.3,3.1,2.662,108.2292
2018-07-05,2,2.5,2.65,2.8,2.605,108.2431
2018-07-06,1.9,2.25,3.54,3.54,2.588,108.1609
2018-07-09,1.95,3,2.57,2.4,2.602,108.0004
2018-07-10,2.2,2.65,2.64,2.7,2.657,107.9744
2018-07-11,2.38,2.8,2.75,2.6,2.679,108.1994
2018-07-12,2.46,2.9,2.5,2.5,2.686,108.1488
2018-07-13,2.33,2.33,2.65,2.6,2.686,108.32
2018-07-16,2.57,2.57,2.57,2.57,2.699,108.3965
2018-07-17,2,2,2.9,3,2.703,108.4225
2018-07-18,2.5,2.9,2.66,2.9,2.702,108.5023
2018-07-19,2.4,2.45,2.5,2.35,2.683,108.6476
2018-07-20,2.32,2.35,2.3,2.3,2.675,108.2607
2018-07-23,2.35,2.7,2.7,3.5,2.658,108.2288
2018-07-24,2.34,2.34,2.45,3,2.655,107.9572
2018-07-25,2.33,2.38,2.33,4.3,2.667,107.9183
2018-07-26,2.33,2.33,2.6,2.66,2.66,108.0791
2018-07-27,2,2,2.55,2.65,2.654,108.1828
2018-07-30,2.17,2.17,2.3,2.66,2.651,108.1655
2018-07-31,2.04,2.04,2.62,2.58,2.648,108.4367
2018-08-01,2,2.1,2.47,2.4,2.622,108.4971
2018-08-02,1.95,1.93,2.25,2.7,2.584,108.5281
2018-08-03,1.87,2.2,2.2,2.64,2.525,108.677
2018-08-06,1.7,2.14,2.3,1.93,2.469,108.6584
2018-08-07,1.58,2.5,2.1,2.4,2.386,108.5388
2018-08-08,1.43,1.43,2.2,2.1,2.345,108.2682
2018-08-09,1.62,2.1,2.4,2.2,2.45,108.0986
2018-08-10,1.82,1.82,2.3,2.6,2.426,108.0214
2018-08-13,2.1,2.15,2.49,2.35,2.491,107.8055
2018-08-14,2.35,2.35,2.4,2.78,2.589,107.9537
2018-08-15,2.34,2.35,2.5,3,2.612,107.8327
2018-08-16,2.51,2.51,2.6,2.4,2.637,107.6543
2018-08-17,2.58,2.58,2.63,3,2.65,107.4471
2018-08-20,2.68,2.68,2.65,2.7,2.674,107.4204
2018-08-21,2,2.5,2.66,3.1,2.681,107.3717
2018-08-22,2.52,2.4,2.5,2.6,2.662,107.5274
2018-08-23,2.42,2.42,2.62,2.8,2.649,107.5532
2018-08-24,2.37,2.7,2.3,2.3,2.612,107.5089
2018-08-27,2.42,2.42,2.64,2.75,2.642,107.444
2018-08-28,2.4,2.75,2.53,2.63,2.647,107.4797
2018-08-29,2.37,2.2,2.63,2.63,2.646,107.4759
2018-08-30,2.15,2.15,2.62,2.71,2.64,107.6894
2018-08-31,2.217,2.217,2.5,2.45,2.633,107.6818
2018-09-03,2.25,2.25,2.1,2.46,2.621,107.5721
2018-09-04,2.1,2.1,2.2,2.6,2.6,107.4602
2018-09-05,2.2,2.2,2.4,2.29,2.552,107.4369
2018-09-06,2.53,2.53,2.7,2.9,2.633,107.4052
2018-09-07,2.58,2.95,2.5,2,2.673,107.3442
2018-09-10,2.57,2.57,2.6,2.65,2.679,107.1542
2018-09-11,2.1,2.95,2.67,2.6,2.686,107.0234
2018-09-12,2.35,2.7,2.53,2.6,2.675,107.0902
2018-09-13,2.5,2.5,2.5,2.6,2.663,107.1418
2018-09-14,2.48,2.48,2.62,2.4,2.645,107.2219
2018-09-17,2.5,2.5,2.62,2.6,2.639,107.2453
2018-09-18,2.66,2.9,2.71,2,2.685,107.2127
2018-09-19,2.56,2.9,2.66,2.8,2.668,107.0307
2018-09-20,2.55,2.55,2.68,2.79,2.659,106.8793
2018-09-21,2.52,2.5,2.55,3.17,2.654,107.0069
2018-09-25,2.54,2.86,2.75,2.8,2.692,107.0349
2018-09-26,2.54,2.54,2.7,3.15,2.711,107.1558
2018-09-27,2.3,2.7,2.5,4.8,2.722,107.3542
2018-09-28,2.2,2.2,2.59,3.8,2.73,107.3923
2018-09-29,2.03,2.03,2.74,2.74,2.783,107.4265
2018-09-30,2.8,2.8,2.9,2.9,2.766,107.4165
2018-10-08,2.49,1.8,2.55,2.65,2.657,107.4088
2018-10-09,2.49,2.83,2.55,2.65,2.633,107.4032
2018-10-10,2.413,2.413,2.5,2.3,2.618,107.4423
2018-10-11,2.39,2.39,2.4,2.6,2.611,107.731
2018-10-12,2.43,2.43,2.5,2.5,2.615,107.7052
2018-10-15,2.37,3,2.35,3,2.612,107.7096
2018-10-16,2.36,2.7,2.58,2.6,2.603,107.7702
2018-10-17,2.33,2.33,2.5,2.7,2.604,107.7457
2018-10-18,2.4,2.75,2.4,3,2.611,107.9865
2018-10-19,2.46,2.43,2.61,2.61,2.622,107.915
2018-10-22,2.46,2.46,2.3,2.8,2.632,107.7887
2018-10-23,2.4,2.4,2.6,2.8,2.635,107.8704
2018-10-24,2.37,2.8,2.5,2.3,2.631,108.0421
2018-10-25,2.2,2.52,2.5,2.58,2.63,108.0783
2018-10-26,2,2.36,2.4,2.4,2.618,108.1162
2018-10-29,1.55,1.82,2.5,2.7,2.609,108.3513
2018-10-30,1.55,1.55,2.55,2.6,2.598,108.3262
2018-10-31,2.3,2.55,2.71,3.2,2.715,108.3613
2018-11-01,2.3,2.9,2.5,2.6,2.673,108.4411
2018-11-02,2.47,2.47,2.65,2.5,2.649,108.1414
2018-11-05,2.41,2.41,2.4,2.55,2.638,108.234
2018-11-06,2.05,2.3,2.4,2.4,2.613,108.3989
2018-11-07,1.97,2.11,2.56,2.12,2.595,108.5739
2018-11-08,2.1,2.3,2.4,2.5,2.6,108.5775
2018-11-09,2.1,2.35,2.55,2.45,2.599,108.6014
2018-11-12,2.31,2.31,2.6,2.6,2.624,108.5911
2018-11-13,2.1,2.1,2.5,2.9,2.633,108.6334
2018-11-14,2.32,2.5,2.31,2.8,2.632,109.0477
2018-11-15,2.34,2.68,2.58,2.55,2.629,109.1788
2018-11-16,2.34,2.34,2.65,2.65,2.629,109.4763
2018-11-19,2.55,2.6,2.6,2.9,2.643,109.416
2018-11-20,2.52,2.9,2.9,3.2,2.665,109.3317
2018-11-21,2.56,2.8,2.5,2.95,2.656,109.3687
2018-11-22,2.4,2.4,2.3,2.97,2.642,109.3042
2018-11-23,2.33,2.67,2.1,2.47,2.628,109.2979
2018-11-26,2.5,2.52,2.3,2.3,2.644,109.1976
2018-11-27,2.4,2.55,2.65,3.1,2.643,109.2421
2018-11-28,2.3,2.85,2.65,2.64,2.65,109.346
2018-11-29,2.23,2.23,2.64,3,2.65,109.4714
2018-11-30,2.63,2.1,2.67,2.75,2.669,109.3987
2018-12-03,2,2,2.2,2.55,2.618,109.3826
2018-12-04,2,2.85,2.4,2.65,2.621,109.7518
2018-12-05,2.21,2.3,2.1,2.5,2.581,109.8702
2018-12-06,2.4,2.8,2.5,2.6,2.6,110.0094
2018-12-07,2.43,2.2,2.55,2.4,2.611,110.0339
2018-12-10,2.44,2.77,2.65,2.5,2.615,110.1887
2018-12-11,2.45,2.5,2.58,2.67,2.624,110.1898
2018-12-12,2.41,2.76,2.35,2.67,2.626,110.2017
2018-12-13,2.55,2.86,2.65,2.65,2.636,109.8723
2018-12-14,2.6,3.1,2.66,2.9,2.683,109.8304
2018-12-17,2.55,3,2.65,3,2.697,109.4312
2018-12-18,2.66,3.1,2.69,3.5,2.694,109.4807
2018-12-19,2.5,3,2.67,2.91,2.69,109.6144
2018-12-20,2.55,2.9,2.5,3.3,2.676,109.8112
2018-12-21,2.4,2.4,2,3,2.649,109.8867
2018-12-24,2.33,2.65,2,2.5,2.659,109.8056
2018-12-25,2,3,4.8,2.1,2.653,109.8537
2018-12-26,1.9,2.35,2.71,2.25,2.672,109.9471
2018-12-27,1.7,2.25,2.7,9,2.695,110.1821
2018-12-28,1,1,3.54,3.54,2.721,110.5216
2018-12-29,2,2,2.2,2.2,2.903,110.5647
2018-12-30,2,2,2.2,2.2,2.903,110.5616
2018-12-31,2,2,2.2,2.2,2.903,110.5621
2019-01-02,2.2,2.2,1.8,2.47,2.634,111.0179
2019-01-03,1.89,1.89,2,2.6,2.547,111.0929
2019-01-04,1.65,2,2,2.8,2.563,111.0972
2019-01-07,1.38,1.38,2,2.3,2.475,111.002
2019-01-08,1.38,1.38,2.15,2.2,2.372,111.2961
2019-01-09,1.6,1.9,2,2.3,2.475,111.2733
2019-01-10,1.74,2.08,2.48,2.5,2.587,111.2395
2019-01-11,1.7,2.05,1.8,2.55,2.555,111.2749
2019-01-14,1.87,1.87,2.1,2.64,2.629,111.1251
2019-01-15,2.5,2.5,2.5,2.7,2.652,111.1122
2019-01-16,2.3,2.6,2.5,2.7,2.64,111.4501
2019-01-17,2.31,2.31,2.35,2.5,2.611,111.5447
2019-01-18,2.16,2.55,2.55,2.25,2.618,111.5039
2019-01-21,2.23,2.58,2.55,2.56,2.594,111.4005
2019-01-22,2.23,2.59,2.5,2.59,2.578,111.4139
2019-01-23,2.25,2.25,2.53,2.9,2.584,111.3699
2019-01-24,2.26,2.26,2.58,2.5,2.616,111.264
2019-01-25,2,2.8,2.35,2,2.626,111.2825
2019-01-28,2.1,2.1,2.8,2.81,2.66,111.2111
2019-01-29,2.06,2.06,2,2.66,2.766,111.2581
2019-01-30,1.8,1.8,2.74,2.74,2.765,111.4015
2019-01-31,2.3,2.3,2.71,2.89,2.756,111.4625
2019-02-01,2.05,2.05,2.3,2.3,2.722,111.4622
2019-02-02,1.9,1.9,2.1,2.1,2.372,111.4859
2019-02-03,2.01,2.01,2.32,2.32,2.334,111.5268
2019-02-11,2.24,2.6,2.3,2.5,2.596,111.6475
2019-02-12,2,2.6,2,3,2.513,111.6383
2019-02-13,1.7,2.1,2,2.43,2.362,111.609
2019-02-14,1.71,1.96,2.19,1.7,2.33,111.5584
2019-02-15,1.71,1.71,2.2,2.2,2.351,111.5701
2019-02-18,1.82,1.9,2,2.3,2.395,111.3354
2019-02-19,1.95,2.35,2.35,2.3,2.398,111.3003
2019-02-20,1.84,1.8,1.9,2.45,2.377,111.3456
2019-02-21,2.15,2.4,2.31,2.36,2.399,111.2621
2019-02-22,2.43,2.8,2.62,2.1,2.6,111.175
2019-02-25,2.7,3,2.64,3.2,2.658,110.8892
2019-02-26,2.73,3.2,2.73,2.73,2.745,110.7187
2019-02-27,2.1,2.72,2.8,2.8,2.75,110.8969
2019-02-28,2.57,2.93,2.65,2.63,2.658,110.8546
2019-03-01,2.13,2.13,2,2.2,2.511,110.6962
2019-03-04,1.92,2.2,2.26,2.64,2.38,110.6121
2019-03-05,1.9,2.65,2.5,2.4,2.574,110.5458
2019-03-06,2.07,2.2,2.1,2.3,2.488,110.5781
2019-03-07,2.06,2.1,2.2,2.7,2.517,110.8553
2019-03-08,2.08,2.08,2.1,2.2,2.388,110.9337
2019-03-11,2.09,2.09,2.1,2.2,2.395,110.9248
2019-03-12,2.2,2.2,2.58,2.4,2.601,110.8967
2019-03-13,2.08,2.2,2.4,2.78,2.493,110.9056
2019-03-14,2.31,2.31,2.58,2.6,2.598,110.8925
2019-03-15,2.73,3.1,2.76,3.25,2.728,110.8786
2019-03-18,2.75,2.74,2.8,3.3,2.709,110.9105
2019-03-19,2.7,2.2,2.75,2.75,2.729,110.9063
2019-03-20,2.73,2.8,2.8,2.75,2.711,110.8808
2019-03-21,2.66,3,2.75,3.1,2.684,110.9545
2019-03-22,2.3,2.96,2.5,2.6,2.664,111.0829
2019-03-25,2.55,2.55,2.6,3.53,2.668,111.198
2019-03-26,2.5,2.5,2.5,2.8,2.704,111.3444
2019-03-27,2.31,2.61,2.9,4.2,2.797,111.3016
2019-03-28,2,2.3,2.73,3.4,2.705,111.3486
2019-03-29,2.72,2.72,2.7,3.15,2.698,111.3406
2019-04-01,2,2,2.4,2.51,2.579,110.8973
2019-04-02,1.9,2.25,2.1,2.2,2.453,110.6559
2019-04-03,1.65,1.7,2.1,2.1,2.357,110.1871
2019-04-04,1.42,2.2,2.27,2.2,2.418,110.0306
2019-04-08,1.43,2.5,2.2,2.1,2.483,110.1577
2019-04-09,1.8,1.8,2.38,2.5,2.469,109.9003
2019-04-10,2.22,2.7,2.5,2.45,2.654,109.8977
2019-04-11,2.75,2.8,2.6,2.7,2.657,110.0037
2019-04-12,2.65,2.65,2.7,3.1,2.669,109.7264
2019-04-15,2.9,3.1,2.8,3.37,2.772,109.4204
2019-04-16,2.9,3.3,2.8,3.1,2.787,109.2176
2019-04-17,3,3.3,2.79,3,2.788,109.2347
2019-04-18,2.81,3.15,2.9,2.75,2.75,109.4141
2019-04-19,2.45,2.98,2.5,2.65,2.692,109.3458
2019-04-22,2.56,2.65,3.1,3.1,2.654,109.0343
2019-04-23,2.5,2.5,3.2,3.1,2.7,109.0618
2019-04-24,2.76,3.12,2.9,3.3,2.764,108.8869
2019-04-25,2.5,3.13,2.89,2.89,2.785,108.9364
2019-04-26,2.47,2.47,2.7,2,2.735,108.9614
2019-04-28,1.5,1.5,2.7,2.77,2.705,108.9493
2019-04-29,1.69,1.69,2.69,2.8,2.691,108.9288
2019-04-30,2.1,2.1,2,2.74,2.683,109.0699
2019-05-05,1.78,1.78,1.8,2.7,2.529,109.0968
2019-05-06,1.7,1.7,2.4,2.6,2.5285,109.3588
2019-05-07,1.41,1.8,2.2,2.2,2.349,109.3317
2019-05-08,1.4,1.6,2.1,2.4,2.286,109.4239
2019-05-09,1.52,1.88,2.49,1.58,2.573,109.678
2019-05-10,1.84,1.6,2.73,2.2,2.568,109.7218
2019-05-13,2.15,2.5,2.45,2.4,2.579,109.9333
2019-05-14,2,2.75,2.52,2.8,2.65,109.8196
2019-05-15,2.53,2.56,2.4,3.2,2.641,109.8681
2019-05-16,2.28,2.62,2.56,2.45,2.607,109.9772
2019-05-17,2.2,2.2,2.9,2.5,2.589,109.9764
2019-05-20,2.6,3.16,2.8,2.9,2.678,109.944
2019-05-21,2.74,2.74,2.75,3,2.699,109.7975
2019-05-22,2.65,2.65,2.5,2.58,2.69,109.6643
2019-05-23,2.58,2.3,2.6,2.55,2.648,109.7302
2019-05-24,2.2,2.2,2.55,2.55,2.592,109.7632
2019-05-27,2.9,2.94,2.85,3.2,2.711,109.5162
2019-05-28,2.5,2.9,2.9,4.3,2.823,109.6455
2019-05-29,2.47,2.8,2.82,2.52,2.785,109.8693
2019-05-30,1.55,1.55,2.3,2.7,2.665,109.9458
2019-05-31,2.16,2.16,2.25,2.63,2.65,109.9917
2019-06-03,1.8,2.05,2.46,2.3,2.553,110.228
2019-06-04,1.72,1.72,1.82,2.5,2.399,110.401
2019-06-05,1.63,1.8,2.3,3,2.472,110.391
2019-06-06,1.7,1.7,2.58,3,2.572,110.5014
2019-06-10,1.85,3.5,2.48,2.8,2.604,110.4322
2019-06-11,2.04,2.55,2.3,3.2,2.589,110.1601
2019-06-12,1.96,1.96,1.8,2.9,2.564,110.2124
2019-06-13,1.92,2.4,2.35,3,2.583,110.2994
2019-06-14,1.7,1.75,2.35,10,2.565,110.4116
2019-06-17,1.8,1.8,2.3,2.1,2.491,110.4794
2019-06-18,1.58,2.2,1.9,4,2.399,110.4038
2019-06-19,1.32,1.9,2.6,5,2.386,110.3322
2019-06-20,1.2,1.2,1.9,6.5,2.448,110.3824
2019-06-21,1.1,1.1,1.8,1.8,2.416,110.376
2019-06-24,1,1,2.27,18.25,2.326,110.3376
2019-06-25,1,1.1,2.3,1.6,2.466,110.357
2019-06-26,0.97,0.97,2.39,4,2.417,110.3434
2019-06-27,0.95,5,2.4,2.75,2.61,110.2943
2019-06-28,1.39,2.8,2.5,3.5,2.604,110.4276
2019-07-01,1.06,1.06,2,3,2.319,110.401
2019-07-02,0.9,1.8,1.7,10,2.032,110.7601
2019-07-03,0.86,1.1,1.8,3,2.145,110.9474
2019-07-04,1,1,1.8,1.9,2.139,110.963
2019-07-05,1.6,1.7,2.17,2.1,2.271,110.8778
2019-07-08,1.44,1.6,2.41,8,2.449,110.8489
2019-07-09,1.8,2.1,2.5,2.3,2.54,110.8609
2019-07-10,1.9,1.9,2.47,2.95,2.543,110.8551
2019-07-11,2,2.2,2.1,2.6,2.497,110.9223
2019-07-12,2.27,2.48,2.5,2.35,2.559,110.9859
2019-07-15,2.62,2.62,2.75,2.76,2.669,110.9075
2019-07-16,2.8,2.8,2.72,2.72,2.724,110.9518
2019-07-17,2.73,3.3,2.72,3.15,2.734,110.8993
2019-07-18,2.75,2.75,2.85,3.2,2.748,111.0019
2019-07-19,3.11,3,2.5,2.5,2.753,111.054
2019-07-22,2.66,2.66,2.7,3,2.692,111.0765
2019-07-23,2.55,2.55,2.6,15,2.634,111.1004
2019-07-24,2.48,2.48,2.55,8,2.561,111.0021
2019-07-25,2.2,2.2,2.65,3.2,2.642,111.0498
2019-07-26,2.62,2.62,2.63,2.95,2.647,111.016
2019-07-29,2.2,2.2,2.66,9.8,2.657,110.9319
2019-07-30,2.3,2.3,2.7,9.8,2.663,110.9637
2019-07-31,2.25,2.25,2.75,5,2.673,111.066
2019-08-01,2.64,3,2.6,9.8,2.638,111.1327
2019-08-02,2.6,2.6,2.65,2.7,2.647,111.4896
2019-08-05,2.53,2.5,2.44,6,2.619,111.7581
2019-08-06,2.26,2.1,2.3,9.8,2.494,111.7563
2019-08-07,2.4,2.7,2.43,2.9,2.52,111.7958
2019-08-08,2.5,2.65,2.55,10,2.578,111.7723
2019-08-09,2.6,2.75,2.64,2.6,2.644,111.9626
2019-08-12,2.7,2.9,2.7,11,2.656,111.8606
2019-08-13,2.7,3.3,2.72,2.9,2.703,112.0632
2019-08-14,2.6,2.6,2.6,3,2.695,112.0295
2019-08-15,2.6,3,2.72,2.6,2.678,112.0696
2019-08-16,2.66,2.66,2.67,10,2.673,112.0514
2019-08-19,2.66,3.02,2.68,2.85,2.672,112.0543
2019-08-20,2.65,2.65,2.66,5,2.664,111.9948
2019-08-21,2.5,3.13,2.65,2.65,2.653,111.835
2019-08-22,2.55,3,2.5,2.7,2.642,111.8225
2019-08-23,2.59,2.59,2.5,2.23,2.651,111.8023
2019-08-26,2.64,2.98,2.7,8,2.669,111.908
2019-08-27,2.6,2.5,2.7,8,2.687,111.87
2019-08-28,2,2.85,2.72,2.72,2.682,111.843
2019-08-29,2.45,2.8,2.68,2.8,2.6702,111.9979
2019-08-30,2.58,2.58,2.67,2.9,2.665,111.825
2019-09-02,2.55,2.55,2.45,2.66,2.653,111.7253
2019-09-03,2.4,2.75,2.58,2.72,2.61,111.7523
2019-09-04,2.44,2.45,2.6,2.6,2.604,111.8181
2019-09-05,2.55,2.78,2.65,2.6,2.636,112.1161
2019-09-06,2.6,2.75,2.67,2.7,2.652,112.1041
2019-09-09,2.55,2.55,2.65,10,2.652,112.0545
2019-09-10,2.55,2.65,2.6,2.97,2.628,111.8957
2019-09-11,2.45,2.9,2.65,10,2.645,111.841
2019-09-12,2.37,2.5,2.65,2.5,2.65,111.5687
2019-09-16,2.34,2.35,2.57,2.6,2.642,111.5577
2019-09-17,2.6,2.6,2.57,3.2,2.638,111.4665
2019-09-18,2.64,3,2.66,2.85,2.654,111.2062
2019-09-19,2.75,3.1,2.75,2.95,2.709,111.306
2019-09-20,2.67,3.1,2.8,2.9,2.731,111.3495
2019-09-23,2.76,3.1,2.7,3,2.732,111.3686
2019-09-24,2.3,2.3,2.3,2.4,2.676,111.2584
2019-09-25,2.05,2.5,2.41,2.3,2.572,111.2746
2019-09-26,1.6,1.85,2.5,2.5,2.577,111.1641
2019-09-27,1.3,1.3,1.3,3.5,2.59,111.0491
2019-09-29,1.5,1.5,2.75,2.75,2.692,111.0889
2019-09-30,2.66,2.66,3.03,3.1,2.843,111.0562
2019-10-08,2,3,2.5,2.8,2.688,111.2999
2019-10-09,2.2,2.5,2.56,2.35,2.627,111.2921
2019-10-10,2.06,2.35,2.5,2.87,2.595,111.1942
2019-10-11,1.92,2.11,2.35,2.43,2.556,110.9919
2019-10-12,2.1,2.5,2.4,2.57,2.591,110.8842
2019-10-14,2.56,2.62,2.7,2.92,2.651,110.9246
2019-10-15,2.71,3.2,2.7,2.85,2.684,110.8777
2019-10-16,2.6,3,2.7,3.3,2.686,110.8982
2019-10-17,2.59,3,2.65,2.8,2.663,110.9661
2019-10-18,2.62,2.7,2.7,2.8,2.691,110.8026
2019-10-21,2.7,3.1,2.72,3.1,2.691,110.5499
2019-10-22,2.75,3,2.8,3.15,2.789,110.5649
2019-10-23,2.63,3,2.5,3.1,2.693,110.5263
2019-10-24,2.45,2.45,2.65,10,2.661,110.53
2019-10-25,2.5,2.75,2.67,7.5,2.669,110.4127
2019-10-28,2.47,2.81,2.69,3.4,2.671,110.0144
2019-10-29,2.35,2.8,2.2,3.06,2.67,110.0113
2019-10-30,2.25,2.8,2.8,3,2.683,109.8766
2019-10-31,2.6,2.6,2.4,2.7,2.685,110.1211
2019-11-01,2.29,2.52,2.3,7.5,2.616,110.2072
2019-11-04,1.8,2.4,2.2,2.6,2.529,110.0407
2019-11-05,1.86,2.08,2.3,2.2,2.498,110.3831
2019-11-06,1.78,1.78,2.36,2.3,2.546,110.351
2019-11-07,1.8,1.8,2.35,2.7,2.595,110.3106
2019-11-08,1.9,2.5,2.47,2.5,2.57,110.2906
2019-11-11,1.9,2.28,2.3,2.03,2.555,110.4566
2019-11-12,2.2,2,2.37,2.62,2.649,110.4646
2019-11-13,2.58,2.9,2.3,2.8,2.675,110.5916
2019-11-14,3.2,3.2,2.75,2.75,2.682,110.485
2019-11-15,2.71,2.95,2.8,2.35,2.737,110.5613
2019-11-18,2.4,2.4,2.71,2.71,2.728,110.883
2019-11-19,2.33,2.33,2.65,2.75,2.611,111.0821
2019-11-20,1.7,1.7,2.1,2.55,2.497,111.0523
2019-11-21,1.85,2.1,2.3,2,2.426,111.0665
2019-11-22,1.95,2.2,2.1,2.8,2.536,111.0801
2019-11-25,2.23,2.6,2.52,2.9,2.596,110.9124
2019-11-26,2.2,2.46,2.1,2.9,2.598,110.9898
2019-11-27,2,2,2.5,2.7,2.589,110.9946
2019-11-28,2.06,2.22,2.59,2.7,2.597,111.0127
2019-11-29,2.36,2.5,2.36,2.6,2.607,111.0652
2019-12-02,2.22,2.4,2.41,2.4,2.478,110.8326
2019-12-03,2.05,2.2,2.1,9,2.343,110.9315
2019-12-04,1.96,2.07,2.1,2.1,2.426,110.9454
2019-12-05,1.9,2.3,1.9,2.4,2.433,110.9764
2019-12-06,2.06,2.4,2.42,2.1,2.482,110.9649
2019-12-09,2.33,2.38,2.3,2.4,2.506,110.9698
2019-12-10,2.18,2.5,2.48,2.5,2.45,110.9614
2019-12-11,2.07,2.119,2,2.9,2.493,111.0387
2019-12-12,2.05,2.2,2.3,2.9,2.431,111.0492
2019-12-13,2.2,2.2,2.41,2.5,2.474,111.0335
2019-12-16,2.43,2.68,2.43,2.75,2.5315,111.0304
2019-12-17,2.5,2.5,2.5,2.7,2.588,110.9339
2019-12-18,2.27,2.55,2.3,2.65,2.585,110.93
2019-12-19,2,2.1,2.1,2.93,2.559,110.9575
2019-12-20,1.6,1.9,1.7,1.8,2.529,111.1689
2019-12-23,1.6,1.5,2,2.5,2.453,111.228
2019-12-24,1.1,1.5,1.4,2.2,2.45,111.3363
2019-12-25,0.93,1.3,2.7,3.95,2.549,111.3789
2019-12-26,0.84,1.5,2.35,2.4,2.607,111.61
2019-12-27,1.03,1.19,2.9,3.8,2.579,111.5882
2019-12-30,1.2,1.7,2.65,3,2.618,111.568
2019-12-31,1.2,0.8,2.65,2.81,2.737,111.6569
2020-01-02,1.38,2.5,2.1,2.5,2.433,111.4825
2020-01-03,1.1,1.1,1.35,2.1,2.349,111.4188
2020-01-06,1,1.5,1.85,2.4,2.219,111.5072
2020-01-07,1.21,1.5,1.6,1.6,2.259,111.4521
2020-01-08,1.54,1.7,1.6,1.6,2.32,111.4728
2020-01-09,1.8,1.8,2.25,2.6,2.47,111.5402
2020-01-10,1.77,2.2,2.2,1.76,2.487,111.7251
2020-01-13,2.08,2.08,2.45,3.1,2.522,111.7196
2020-01-14,2.55,5,2.8,7,2.654,111.6411
2020-01-15,2.6,2.6,3.35,4,2.717,111.6597
2020-01-16,2.61,2.96,2.7,2.9,2.663,111.6697
2020-01-17,2.35,2.35,2.64,3,2.64,111.7399
2020-01-19,2.3,2.3,2.3,2.65,2.608,111.7758
2020-01-20,2.23,2.6,2.2,2.5,2.607,111.915
2020-01-21,1.86,1.95,2.58,3.2,2.601,112.2381
2020-01-22,1.48,1.88,2.35,3,2.607,112.2839
2020-01-23,2.37,2.37,2.54,2.6,2.549,112.5476
2020-02-03,2.5,2.49,2.6,3.8,2.607,113.7632
2020-02-04,2.22,2.5,2.1,3.6,2.416,113.6983
2020-02-05,2.1,2.15,1.98,2.8,2.343,113.6209
2020-02-06,1.68,2,1.4,2.1,2.366,113.728
2020-02-07,1.5,1.85,1.71,1.6,2.306,113.9391
2020-02-10,1.58,1.58,1.8,2.2,2.289,114.0224
2020-02-11,1.53,1.53,2.05,2,2.225,113.7508
2020-02-12,1.5,2.5,2.1,2.5,2.286,113.7115
2020-02-13,1.42,1.8,1.8,2.4,2.324,113.7155
2020-02-14,1.23,1.23,1.98,2.2,2.233,113.5076
2020-02-17,1.42,2,1.55,2.5,2.261,113.325
2020-02-18,1.5,1.9,2.21,2.65,2.293,113.4081
2020-02-19,1.7,1.7,2.12,2.4,2.268,113.3381
2020-02-20,1.38,1.75,1.45,2.2,2.308,113.2597
2020-02-21,1.35,1.71,2.08,2.6,2.245,113.4786
2020-02-24,1.52,1.78,2.05,2.1,2.176,113.6679
2020-02-25,1.59,1.59,2.08,1.8,2.203,113.6604
2020-02-26,1.43,2,1.9,2.5,2.183,113.7169
2020-02-27,1.32,1.32,2.1,2.5,2.192,113.9259
2020-02-28,1.64,2.05,2.4,2.5,2.374,114.2906
2020-03-02,1.71,1.9777,2.02,2.55,2.129,114.2529
2020-03-03,1.6,2,1.96,2.2,2.094,114.2068
2020-03-04,1.45,1.53,2,2.15,2.052,114.6616
2020-03-05,1.55,1.83,1.45,2.2,2.089,114.6244
2020-03-06,1.36,1.6276,1.89,3.5,2.035,115.0065
2020-03-09,1.57,1.7,1.96,2.5,2.074,115.7692
2020-03-10,2,2.3,2.19,2.3,2.241,115.0715
2020-03-11,2.1,2.37,1.9,2.15,2.3,115.0449
2020-03-12,1.7,1.7,1.8,2.6,2.309,114.9571
2020-03-13,1.41,1.45,1.8,2.1,2.252,114.5871
2020-03-16,1.22,1.22,1.95,2.6,2.199,114.5716
2020-03-17,1.08,1.34,1.65,1.51,1.896,114.3122
2020-03-18,0.96,1.23,1.6,1.95,1.751,114.2862
2020-03-19,0.83,0.83,1.2,1.87,1.893,114.1861
2020-03-20,1,1.5,1.56,1.8,1.945,114.357
2020-03-23,0.84,1.2,1.2,1.2,1.805,114.6909
2020-03-24,0.82,0.82,1.2,2.1,1.693,114.7482
2020-03-25,0.84,1.3,1.8,1.3,1.745,114.8197
2020-03-26,0.88,1,1.55,1.64,1.72,115.0851
2020-03-27,1.1,1.1,1.69,2.5,1.769,114.9964
2020-03-30,1.36,1.36,2.1,2.6,2.163,114.9309
2020-03-31,1.61,2,2.1,2.1,2.147,115.1375
2020-04-01,1.1,1.57,1.4,2.3,2.004,115.4121
2020-04-02,1.1,1.8,1.3,2,1.857,115.2057
2020-04-03,0.97,1.4,1.4,1.6,1.831,115.0426
2020-04-07,0.79,0.79,1.2,2.33,1.773,115.7658
2020-04-08,0.89,1.26,0.95,1.4,1.739,116.0382
2020-04-09,1.16,1.54,1.2,1.5,1.68,115.8066
2020-04-10,1.32,1.4,1.8,1.6,1.813,115.7026
2020-04-13,1.34,1.8,1.37,2.2,1.851,115.5729
2020-04-14,0.97,2,1.1,1.1,1.707,115.609
2020-04-15,0.78,1.1,1.24,1.75,1.632,115.7609
2020-04-16,0.65,0.65,1,1.5,1.657,116.0046
2020-04-17,0.72,0.72,1.2,1.3,1.737,115.8066
2020-04-20,0.9,0.9,1.4,1.5,1.734,115.5874
2020-04-21,0.9,0.9,1.27,1.45,1.606,115.6675
2020-04-22,0.9,0.9,1.32,1.5,1.576,115.8362
2020-04-23,0.89,0.89,1.2,1.65,1.663,116.3252
2020-04-24,0.92,0.92,0.91,1.5,1.718,116.5049
2020-04-26,0.8,0.8,1.12,0.91,1.658,116.4429
2020-04-27,0.87,1.3,1.15,1.4,1.774,116.3177
2020-04-28,0.89,0.89,0.95,1.6,1.62,116.4521
2020-04-29,0.66,0.74,1.5,1.9,1.755,116.7186
2020-04-30,1.6,1.8,1.91,2,1.919,116.4346
2020-05-06,1.46,1.74,1.2,1.6,1.865,116.0928
2020-05-07,1.14,1.25,1.15,1.65,1.838,115.5238
2020-05-08,0.91,0.91,1.3,1.4,1.809,115.5879
2020-05-09,0.84,0.84,1,1,1.481,115.4602
2020-05-11,0.8632,0.86,1.27,1.3,1.679,115.143
2020-05-12,0.82,0.82,1.2,1.3,1.568,115.194
2020-05-13,0.69,0.69,1.2,1.4,1.485,115.0532
2020-05-14,0.74,1.6,1.35,1.25,1.514,115.0376
2020-05-15,0.86,0.86,1.15,1.3,1.657,115.1913
2020-05-18,0.91,1.3,1.2,1.65,1.563,114.8553
2020-05-19,1.38,1.5,1.2,1.4,1.521,114.7628
2020-05-20,1.21,1.58,1.3,1.6,1.534,114.9117
2020-05-21,1.15,1.45,1.15,2.3,1.556,114.9264
2020-05-22,1.09,1.09,1.4,1.5,1.595,115.4966
2020-05-25,1.47,1.7,1.5,1.8,1.785,115.0881
2020-05-26,1.6,2.26,1.7,1.86,1.908,114.6306
2020-05-27,2.11,2.37,2.02,2,2.018,114.4888
2020-05-28,2.11,2.35,2.25,2.3,2.179,114.5879
2020-05-29,1.6,2.5,2.15,2.32,2.151,114.748
2020-06-01,1.4,1.78,1.2,1.5,1.959,114.5233
2020-06-02,1.4,1.9,1.5,1.8,1.673,113.9953
2020-06-03,1.8,1.93,1.97,1.95,1.971,113.6831
2020-06-04,1.5,1.5,1.75,2.1,2.001,113.4522
2020-06-05,1.4,1.5,1.6,2,1.987,113.315
2020-06-08,1.88,2.23,1.75,1.75,1.942,113.5513
2020-06-09,1.8,1.8,1.85,1.95,1.947,113.538
2020-06-10,1.8,1.8,1.9,2,1.98,113.5485
2020-06-11,1.75,1.6,1.9,2,2.021,113.828
2020-06-12,1.51,1.51,1.85,2.13,2.016,113.9583
2020-06-15,1.52,1.52,1.9,2.05,1.855,113.8553
2020-06-16,1.75,2.1,1.85,2,1.891,113.2826
2020-06-17,1.9,1.9,2.05,2,2.057,113.004
2020-06-18,2.11,2.11,2.09,2.2,2.1,113.2044
2020-06-19,2.13,2.15,2.14,2.14,2.147,113.1197
2020-06-22,2.13,1.8,2.14,2.4,2.15,112.8967
2020-06-23,1.971,2.29,1.9,2.5,2.15,112.853
2020-06-24,1.48,1.48,1.5,1.7,2.173,113.0749
2020-06-28,0.95,0.95,2.05,2.05,2.182,113.2052
2020-06-29,1.02,1.5,2,4,2.181,113.1518
2020-06-30,1.83,1.83,3.1,4.5,2.228,113.3329
2020-07-01,1.96,2.2,1.97,2.4,2.095,113.2335
2020-07-02,1.72,1.8,1.5,2,2.006,113.2259
2020-07-03,1.35,2,1.5,2.3,1.98,112.9484
2020-07-06,1.4,1.4,1.76,2,1.794,112.186
2020-07-07,1.72,2,1.81,2,2.092,111.9818
2020-07-08,2.09,2.09,2.22,2.3,2.137,111.6813
2020-07-09,2.2,2.25,2.18,2.5,2.192,111.3596
2020-07-10,2.17,2.17,2,2.54,2.203,111.6694
2020-07-13,2.12,2.12,2.35,2.6,2.201,111.5967
2020-07-14,1.66,1.66,2,2,2.148,111.8206
2020-07-15,2.04,2.04,2.2,2.3,2.15,112.2076
2020-07-16,2.3,2.3,2.8,2.6,2.249,112.3739
2020-07-17,2.31,2.4,2.22,2.67,2.227,112.3036
2020-07-20,1.93,1.93,2.1,2.27,2.183,112.3863
2020-07-21,1.35,1.8,2.08,2.8,2.101,112.6249
2020-07-22,1.34,1.5,2,2.4,2.008,112.8144
2020-07-23,1.85,1.5,2.19,2,2.207,112.6922
2020-07-24,1.8,1.8,1.7,1.99,2.147,113.0306
2020-07-27,1.7,2.2,2,2.2,2.202,112.9049
2020-07-28,1.2,1.88,2.1,2.92,2.2,112.5494
2020-07-29,1.45,1.68,1.3,2.7,2.174,112.3621
2020-07-30,1.36,1.5,2.18,2.5,2.183,112.3289
2020-07-31,1.82,1.82,2.4,2.35,2.236,112.0886
2020-08-03,1.58,1.6,1.68,2.4,2.043,112.1265
2020-08-04,1.9,1.97,2.11,2.5,2.143,112.1593
2020-08-05,1.67,1.85,1.8,1.92,2.062,112.0694
2020-08-06,1.75,1.67,1.9,2.4,2.074,111.9266
2020-08-07,2.06,2.3,2.05,2.5,2.205,111.8525
2020-08-10,2,2.5,2.2,2.55,2.202,112.0495
2020-08-11,1.8,2.26,2,2.4,2.249,112.0345
2020-08-12,1.9,1.9,2.2,2.4,2.246,112.0195
2020-08-13,2.16,2,2.24,2.35,2.237,112.0819
2020-08-14,1.65,2.22,2.2,1.9,2.222,112.2455
2020-08-17,1.65,2.17,2,2.38,2.213,112.2769
2020-08-18,2.12,2.5,2.2,2.65,2.19,112.0929
2020-08-19,1.6,2.5,2.21,2.68,2.204,111.9337
2020-08-20,2.19,2.5,2.25,2.25,2.249,111.7565
2020-08-21,1.5,1.8,1.8,2.22,2.28,111.9019
2020-08-24,2.33,2.5,2.37,2.2,2.23,111.7981
2020-08-25,1.6,2.18,1.9,1.8,2.241,111.4369
2020-08-26,1.5,1.5,2.18,2.17,2.222,111.3902
2020-08-27,1.45,1.8,2.15,1.9,2.182,111.3518
2020-08-28,1.35,1.35,1.35,2.7,2.235,111.1791
2020-08-31,2.09,2.5,2.4,3.4,2.228,111.5096
2020-09-01,2.1,2.3,2.2,2.6,2.211,111.417
2020-09-02,2,2,2.08,2.5,2.201,111.0451
2020-09-03,1.76,1.76,2.2,2.2,2.197,111.0469
2020-09-04,2,2,2.2,2.45,2.211,110.9696
2020-09-07,2.08,2.08,2.2,2.4,2.2,110.8064
2020-09-08,1.95,2.37,2.2,1.8,2.211,110.9522
2020-09-09,1.6,1.6,1.65,2.5,2.193,111.2226
2020-09-10,1.34,1.69,2,2.3,2.128,111.2388
2020-09-11,1.52,1.52,2.17,1.81,2.162,110.9276
2020-09-14,1.6,1.6,2,2.2,2.161,110.8035
2020-09-15,1.65,2.2,2,2.6,2.133,111.0523
2020-09-16,1.45,1.7,1.7,2.4,2.185,110.9786
2020-09-17,1.79,1.79,2.5,3.5,2.199,110.9078
2020-09-18,2.12,2.5,2.6,3,2.233,110.975
2020-09-21,2.25,2.8,2.33,3.6,2.262,111.1446
2020-09-22,1.8,2.45,2.36,2.7,2.332,111.3189
2020-09-23,1.5,2.11,1.6,2,2.149,111.2839
2020-09-24,1.4,2,1.4,2.15,2.148,111.2844
2020-09-25,1.08,1.08,1.4,2.1,2.044,111.069
2020-09-27,0.67,0.67,1,1,1.953,111.0495
2020-09-28,0.6,0.9,1.2,4.6,2.418,111.1618
2020-09-29,0.895,1.1,2.9,2.9,2.283,111.0389
2020-09-30,1.9,1.9,2.45,2.45,2.331,110.839
2020-10-09,2.03,2.03,2,2.25,2.174,110.459
2020-10-10,1,1,1.8,1.8,2.029,110.4256
2020-10-12,1.51,1.51,1.85,2.35,2.073,110.451
2020-10-13,1.7,2.5,1.9,1.9,2.092,110.4556
2020-10-14,1.97,2.35,2.1,2.6,2.136,110.2872
2020-10-15,2.03,2.03,2.19,2.3,2.191,110.2601
2020-10-16,2,2.4,2.19,2.3,2.199,110.2799
2020-10-19,2.2,2.58,2.25,2.6,2.23,110.4333
2020-10-20,1.8,2.42,2.25,2.51,2.261,110.4739
2020-10-21,1.8,1.8,2.2,2.4,2.207,110.567
2020-10-22,1.92,1.92,2.17,2.6,2.19,110.7568
2020-10-23,2.15,1.9,2.4,2.4,2.205,110.5945
2020-10-26,2.22,5,2.9,3.2,2.227,110.5456
2020-10-27,1.8,2.88,2.53,3.21,2.33,110.7327
2020-10-28,2.38,2.7,2.51,3.6,2.385,110.6087
2020-10-29,2.1,2.1,2.5,3.8,2.353,110.6517
2020-10-30,2.6,5,2.6,4.5,2.418,110.6785
2020-11-02,1.8,2.7,2.47,2.3,2.464,110.7164
2020-11-03,1.81,1.7,2.05,2.2,2.18,110.7486
2020-11-04,1.39,1.58,1.5,2.4,2.092,110.856
2020-11-05,1.38,1.5,2.05,2.7,2.071,110.8262
2020-11-06,1.79,1.79,1.65,1.9,2.215,110.6386
2020-11-09,2.25,2.49,2.3,2.53,2.272,110.486
2020-11-10,2.1,2.45,2.35,2.7,2.269,110.5066
2020-11-11,2.35,2.8,2.38,2.89,2.306,110.5193
2020-11-12,2.6,2.6,2.8,3.4,2.335,110.3168
2020-11-13,1.6,1.6,2.65,3,2.433,110.2175
2020-11-16,2.2,2.7,2.9,2.4,2.339,110.2051
2020-11-17,1.79,1.79,2.05,2.14,2.238,110.1123
2020-11-18,1.72,2,1.85,2.25,2.21,109.8684
2020-11-19,1.5,2.5,2.23,2.5,2.231,109.6999
2020-11-20,1.93,1.93,2.2,2.18,2.228,109.8111
2020-11-23,1.85,1.85,2.2,1.9,2.193,110.0376
2020-11-24,1.8,1.8,1.92,3.2,2.232,109.9394
2020-11-25,1.5,1.92,2.34,2.9,2.224,109.9983
2020-11-26,1.1,1.34,2.85,3,2.294,109.9611
2020-11-27,0.82,0.82,2.37,1.2,2.336,109.9124
2020-11-30,0.75,1.5,2.31,4.7,2.356,110.2383
2020-12-01,0.76,1.16,1.7,2.2,1.972,110.1445
2020-12-02,0.68,1,1.4,2.4,1.925,110.0234
2020-12-03,0.85,1.3,2.12,2.28,2.104,110.0245
2020-12-04,1.1,1.1,1.13,1.25,2.116,110.1164
2020-12-07,1.25,1.72,2.07,2.3,2.119,110.0812
2020-12-08,1.27,1.27,2.06,2.4,2.101,110.2169
2020-12-09,1.05,1.4,1.1,2.1,2.074,110.1423
2020-12-10,0.99,1.4,2,1.7,2.063,110.2133
2020-12-11,1.6,1.85,2.2,7.2,2.178,109.9407
2020-12-14,1.7,2.1,2.15,2.44,2.143,109.9504
2020-12-15,1.4,1.44,1.7,2.2,2.062,110.0484
2020-12-16,0.97,0.97,1.61,2.1,1.815,110.0739
2020-12-17,1.38,1.63,1.89,2.3,1.961,110.0438
2020-12-18,1.71,1.85,2.05,35,2.148,109.9889
2020-12-21,1.25,1.53,1.5,1.83,2.05,110.1389
2020-12-22,0.97,1.12,1.6,2,2.061,110.4416
2020-12-23,0.4,1.8,1,19,2.064,110.4676
2020-12-24,0.6,0.69,1.6,1.5,1.774,110.3441
2020-12-25,0.77,0.77,2.16,3.6,2.151,110.5607
2020-12-28,0.65,1,2.08,2.8,2.133,110.6696
2020-12-29,0.61,1,2.8,3.5,2.264,110.729
2020-12-30,0.65,0.65,2.8,2.8,2.308,110.9605
2020-12-31,0.8,0.8,2.3,1.2,2.381,110.8174
2021-01-04,0.87,0.7,1.86,2,1.993,110.6254
2021-01-05,0.71,1.11,1.6,2.1,1.822,110.8168
2021-01-06,0.6,0.6,1.5,2,1.966,110.8782
2021-01-07,0.91,1.5,1,2.2,1.855,110.9751
2021-01-08,0.94,0.92,1.98,1.9,2.141,110.8157
2021-01-11,1.21,1.29,1.94,1.9,2.148,110.6733
2021-01-12,1.35,1.7,1.95,6.8,1.985,110.7449
2021-01-13,1.39,1.39,1.6,2,1.999,110.9954
2021-01-14,1.67,1.67,1.8,1.95,2.013,111.1401
2021-01-15,1.75,1.75,2.01,2.1,2.124,110.8239
2021-01-18,2.14,2.14,2.18,2.8,2.177,110.7217
2021-01-19,2.5,3.1,2.7,3,2.267,110.7386
2021-01-20,2.1,2.85,2.56,2.56,2.493,110.8248
2021-01-21,2,2.74,2.4,2.9,2.359,111.0113
2021-01-22,2.15,2.76,2.2,2.8,2.271,111.1012
2021-01-25,2.5,2.81,2.8,2.8,2.296,111.0572
2021-01-26,2.7,3.5,3,8,2.728,110.7675
2021-01-27,3.1,3.5,3.03,4,2.969,110.7952
2021-01-28,3.05,6,3.19,3.19,2.981,110.5174
2021-01-29,3.34,7,3.19,4.5,3.071,110.5598
2021-02-01,2.3,3.36,2.6,3.2,3.194,110.6493
2021-02-02,1.82,1.82,1.85,2.58,2.241,110.5813
2021-02-03,1.87,2.2,2.11,1.75,2.146,110.3488
2021-02-04,2,2,2.1,2.5,2.324,110.2401
2021-02-05,1.89,1.89,1.9,2.6,2.338,110.2641
2021-02-07,1.4,1.4,2.35,2.35,2.349,110.2698
2021-02-08,1.9,2,2.7,2.8,2.341,110.2094
2021-02-09,1.75,1.75,2.3,2.3,2.425,110.3174
2021-02-10,1.65,1.65,2,2,2.217,110.1745
2021-02-18,2.3,2.38,2,2.4,2.213,109.8753
2021-02-19,1.82,1.82,1.5,2.4,2.051,110.0804
2021-02-20,1.46,1.46,1.5,2.1,1.964,110.0847
2021-02-22,1.7,1.7,2,3.3,2.206,109.9874
2021-02-23,1.94,1.94,2.33,2.25,2.277,109.9964
2021-02-24,1.23,1.23,2.2,1.74,2.114,110.0229
2021-02-25,1.7,1.95,2.21,2.3,2.215,109.9782
2021-02-26,2.12,2.5,2.21,2.35,2.214,109.8954
2021-03-01,1.75,2.3,2,2.2,2.216,110.0893
2021-03-02,1.35,1.35,2,1.8,2.157,110.1313
2021-03-03,1.5,1.53,1.86,1.84,1.89,110.1036
2021-03-04,1.89,1.55,2.13,2.5,2.161,110.0848
2021-03-05,1.6,1.6,2,2.7,1.999,110.208
2021-03-08,1.72,2.2,2.05,2.2,2.144,110.2764
2021-03-09,1.6,2.03,2.04,2,2.067,110.2403
2021-03-10,1.74,1.74,1.9,1.8,2.038,110.2647
2021-03-11,1.8,1.8,2,2,2.06,110.2457
2021-03-12,1.8,1.8,2.15,1.75,2.134,110.188
2021-03-15,1.76,2.3,2.3,2.5,2.275,110.1339
2021-03-16,2.12,2.27,2.15,2.1,2.229,110.1553
2021-03-17,2,2.22,2.14,2.2,2.167,110.1695
2021-03-18,2,2,2.2,2.3,2.197,110.1768
2021-03-19,1.85,2.15,2.18,2.1,2.199,110.2661
2021-03-22,1.9,1.9,2.2,2.15,2.163,110.327
2021-03-23,1.7,1.7,2,1.66,2.168,110.387
2021-03-24,2.2,2.2,1.9,2.05,1.992,110.5425
2021-03-25,2,2.07,2.22,2.2,2.194,110.5542
2021-03-26,1.74,1.85,2.22,1.97,2.173,110.4982
2021-03-29,1.6,1.6,2.2,2.65,2.158,110.4833
2021-03-30,1.6,1.6,2.24,2.24,2.236,110.468
2021-03-31,1.7,2.1,2,3.4,2.251,110.5146
2021-04-01,1.65,2.6,2.15,2.2,2.155,110.4928
2021-04-02,1.72,1.72,2,2.48,2.145,110.4927
2021-04-06,1.77,1.8,1.8,1.85,2.045,110.4348
2021-04-07,1.75,2,1.86,2.8,1.939,110.3509
2021-04-08,1.75,1.75,1.95,1.85,2.014,110.3109
2021-04-09,1.8,1.8,1.85,1.9,2.054,110.4295
2021-04-12,1.77,1.82,2,1.87,2.05,110.548
2021-04-13,1.78,1.78,1.8,2.1,2.061,110.8025
2021-04-14,1.8,2,2.04,2,2.063,110.7902
2021-04-15,1.9,1.84,2.13,2.2,2.058,110.7716
2021-04-16,1.6,1.6,2.15,2.05,2.199,110.853
2021-04-19,1.7,1.75,2.2,2.2,2.226,110.9222
2021-04-20,1.7,2.07,2.16,2.2,2.196,110.9571
2021-04-21,1.6,1.6,2.08,1.95,2.133,110.9601
2021-04-22,1.96,1.96,2.13,2.16,2.15,110.9093
2021-04-23,1.9,1.9,2.1,2.3,2.139,110.9057
2021-04-25,2.02,2.02,2.35,2.18,2.2,110.7984
2021-04-26,2,2.3,2.05,2.65,2.246,110.6406
2021-04-27,1.73,1.95,2.2,2.5,2.234,110.6017
2021-04-28,1.75,1.75,1.9,2.4,2.189,110.689
2021-04-29,1.65,2.16,2.27,6.5,2.252,110.766
2021-04-30,2.25,2.2,2.3,1.5,2.336,110.9182
2021-05-06,2.06,2.3,2.12,2.1,2.152,110.9931
2021-05-07,1.59,1.59,1.65,2.5,1.94,110.9884
2021-05-08,1.41,1.41,1.77,1.9,1.909,111.0061
2021-05-10,1.66,1.75,1.78,2.2,1.909,111.0622
2021-05-11,1.78,1.78,1.9,1.95,2.078,111.1166
2021-05-12,1.96,1.96,2,2,2.029,111.1825
2021-05-13,1.8,2.3,2.0577,2.3,2.082,111.1287
2021-05-14,1.84,1.84,2.05,1.95,2.074,111.2248
2021-05-17,1.65,2,2.15,2.6,2.195,111.1171
2021-05-18,1.99,1.9,2.19,2.4,2.196,111.1677
2021-05-19,2.03,2.2,2.14,2.3,2.149,111.3414
2021-05-20,2.08,2.08,2,2.3,2.165,111.527
2021-05-21,2.01,2.01,2,2.7,2.16,111.6936
2021-05-24,1.8,2.21,2.17,2.17,2.156,111.645
2021-05-25,2.16,2.16,2.4,2.5,2.254,111.6479
2021-05-26,1.9,2.2,2.4,2.4,2.269,111.7715
2021-05-27,2,2,2.2564,2.5,2.262,111.6771
2021-05-28,1.7,2.17,2.3,2.44,2.278,111.55
2021-05-31,2.28,2.1,2.5,2.8,2.502,111.6415
2021-06-01,2.17,2.17,2.15,2,2.233,111.6888
2021-06-02,2,2.1,2.05,2.1,2.156,111.5551
2021-06-03,1.85,2.18,2.1,2.15,2.092,111.5822
2021-06-04,2.22,2.22,2.25,2.6,2.187,111.3265
2021-06-07,2.3,2.3,2.25,2.52,2.253,111.1705
2021-06-08,2.09,2.09,2.2,2.5,2.267,111.1686
2021-06-09,1.9,1.9,2.2,2.29,2.271,111.1653
2021-06-10,1.88,1.88,2.12,7.1,2.146,111.2476
2021-06-11,2,2.22,2.1,2.6,2.169,111.1267
2021-06-15,2.1,2.1,2.23,2.46,2.237,111.0803
2021-06-16,1.75,2.1,2.19,2.3,2.198,111.076
2021-06-17,1.85,1.85,2.17,2,2.179,110.9974
2021-06-18,2.03,2.03,2.2,2.2,2.206,111.085
2021-06-21,2,1.91,2.28,2.34,2.257,111.3183
2021-06-22,1.85,2.5,2.25,2.4,2.337,111.3655
2021-06-23,2.09,2.43,2.3,2.37,2.276,111.4378
2021-06-24,1.82,2.3,2.25,3.4,2.254,111.4307
2021-06-25,1.4,1.68,2,1.5,2.196,111.4106
2021-06-28,1.57,1.8,2.8,2,2.258,111.3404
2021-06-29,1.3,2.5,2.93,3.2,2.431,111.348
2021-06-30,2.15,2.15,3,4.5,2.405,111.4029
2021-07-01,1.65,1.65,2,2.5,2.186,111.3792
2021-07-02,1.4,1.4,1.64,2,1.945,111.3687
2021-07-05,1.67,1.67,1.9,2.05,2.034,111.4278
2021-07-06,1.72,2.1,1.9,2.3,2.046,111.386
2021-07-07,2.05,2.05,2.15,2.2,2.129,111.5817
2021-07-08,1.9,1.9,1.8,1.8,2.114,112.0653
2021-07-09,1.71,2.24,2.21,1.75,2.22,111.982
2021-07-12,1.45,2.3,2.05,2.15,2.163,112.405
2021-07-13,2.08,2.08,2.1,2.6,2.193,112.5086
2021-07-14,2,2,2.18,2.25,2.179,112.6333
2021-07-15,1.9,1.9,2.25,2.4,2.178,112.4077
2021-07-16,2.09,2.12,2.15,1.8,2.201,112.4605
2021-07-19,1.9,2.25,2.2,2.25,2.155,112.467
2021-07-20,1.87,1.87,2.1,2.2,2.198,112.6144
2021-07-21,1.74,2.5,2.21,2.8,2.218,112.6983
2021-07-22,2.1,2.1,2.1,2.5,2.18,112.6567
2021-07-23,1.9,2.08,2.07,2.1,2.143,112.7292
2021-07-26,2.13,2.4,2.17,2.64,2.214,113.0259
2021-07-27,2.2,2.45,2.35,2.7,2.31,112.8539
2021-07-28,1.7,2.3,2.5,2.65,2.356,112.7655
2021-07-29,1.64,2,2.45,2.6,2.257,113.0209
2021-07-30,2.15,2.29,2.2,2.4,2.284,113.3194
2021-08-02,1.6,2.11,1.88,2.2,2.071,113.5228
2021-08-03,1.55,2,1.95,3,2.041,113.4013
2021-08-04,1.7,1.9,1.92,2,2.04,113.3532
2021-08-05,1.7,3.46,1.95,2.1,1.97,113.5723
2021-08-06,1.9,2.1,2.15,2.2,1.994,113.4781
2021-08-09,1.9,1.9,2.5,2.43,2.145,113.115
2021-08-10,1.85,1.75,2.45,2.46,2.348,113.0307
2021-08-11,2.1,2.1,1.9,1.9,2.147,112.9117
2021-08-12,1.95,2.12,2.05,2,2.15,113.1095
2021-08-13,1.8,1.8,2.1,2.2,2.197,113.0007
2021-08-16,1.61,1.61,2.2,2.2,2.193,112.9272
2021-08-17,1.8,2,1.96,2.2,2.139,112.9117
2021-08-18,1.75,1.8,2.01,2.01,2.054,113.1454
2021-08-19,1.85,2,2,2.1,2.091,113.2743
2021-08-20,2.06,2.06,2.1,2.2,2.115,113.2793
2021-08-23,2.05,2.47,2.23,2.22,2.16,113.1547
2021-08-24,1.89,2.58,2.15,2,2.224,113.1735
2021-08-25,2.21,2.21,2.45,2.35,2.311,113.2796
2021-08-26,2.18,2.23,2.3,2.35,2.319,113.015
2021-08-27,1.85,2.28,2.3,2.1,2.329,113.0522
2021-08-30,1.82,2.1,2.4,2.6,2.308,113.1557
2021-08-31,2.3,3.5,2.5,2.9,2.322,113.2345
2021-09-01,1.64,1.64,2.05,2,2.104,113.4378
2021-09-02,1.9,2.3,2,1.95,2.075,113.4394
2021-09-03,1.8,1.97,2.1,1.85,2.059,113.3912
2021-09-06,2.12,2.12,2.15,2.15,2.151,113.4081
2021-09-07,2,2,2.15,2.25,2.198,113.2055
2021-09-08,2.09,1.8,2.1,2.35,2.201,113.0831
2021-09-09,1.8,1.8,2.2,2.35,2.158,113.0528
2021-09-10,2.15,2.18,2.13,2.2,2.199,113.0835
2021-09-13,2.2,2.2,2.2,2.35,2.203,112.9228
2021-09-14,2.34,2.6,2.28,2.8,2.28,112.8917
2021-09-15,2.2,2.2,2.2212,2.14,2.213,112.8451
2021-09-16,1.82,2.45,2.2634,2.5,2.234,112.8747
2021-09-17,1.9,2.4,2.3,2.6,2.398,112.9641
2021-09-18,1.65,1.65,2.25,2.25,2.234,113.0235
2021-09-22,1.67,2,2.24,2.57,2.232,113.1004
2021-09-23,1.75,2.35,2.14,2.5,2.189,113.1646
2021-09-24,1.5,1.88,2.18,2.3,2.219,113.121
2021-09-26,1.68,1.68,1.7,1.7,2.19,113.083
2021-09-27,1.65,1.62,2.1,2.1,1.984,113.089
2021-09-28,1.48,2,2.1,2.3,2.115,113.0167
2021-09-29,1.35,1.55,2.5459,3.6,2.45,113.0555
2021-09-30,2,2,2.28,2.28,2.266,113.0619
2021-10-08,1.65,1.65,1.95,2.24,2.17,112.7897
2021-10-09,1.16,1.16,1.6,1.6,1.896,112.7104
2021-10-11,1.7,2.1436,2.16,2.4,2.199,112.3739
2021-10-12,1.9,1.9,2.16,2.1,2.167,112.3318
2021-10-13,2.15,2.3,2.15,2.25,2.202,112.3117
2021-10-14,1.95,1.95,2.1,2.1,2.198,112.3417
2021-10-15,2.05,2.05,2,2.2,2.132,112.2614
2021-10-18,2.3,2.4,2.16,2.5,2.174,111.7527
2021-10-19,1.73,1.73,2.29,2.29,2.283,111.8922
2021-10-20,1.62,1.9,2.2,2.25,2.221,112.0089
2021-10-21,1.6,1.79,2.03,2.7,2.055,112.2026
2021-10-22,1.9,1.9,2,2.15,2.056,112.1506
2021-10-25,1.49,1.75,2.19,2.8,2.243,112.1405
2021-10-26,1.45,2.1,2.45,1.9,2.262,112.1818
2021-10-27,1.92,1.9,2.4,1.8,2.268,112.2443
2021-10-28,1.8,1.8,2.32,2.6,2.301,112.2716
2021-10-29,2.12,2.12,2.45,1.8,2.299,112.2866
2021-11-01,1.7,2.2,2.2,2.11,2.168,112.4324
2021-11-02,1.65,2.15,2.18,2.2,2.185,112.612
2021-11-03,1.99,2.2,1.9,2.8,2.137,112.619
2021-11-04,1.91,1.91,2.11,1.9,2.132,112.6462
2021-11-05,1.95,2.08,2.13,2.46,2.129,112.9391
2021-11-08,1.9,2,2.11,1.95,2.121,112.9133
2021-11-09,2.13,2.18,2.08,2.3,2.191,112.8651
2021-11-10,1.57,1.57,2.13,2.25,2.142,112.8922
2021-11-11,1.57,2.12,2.1,2.2,2.113,112.7412
2021-11-12,1.85,2.09,2.05,2.3,2.124,112.7533
2021-11-15,1.7,1.7,1.83,2,2.1,112.8108
2021-11-16,1.92,1.92,2.03,2.3,2.096,112.8415
2021-11-17,1.75,2.22,2.3,2.27,2.182,112.8394
2021-11-18,1.8,1.8,2.15,2.4,2.172,112.8941
2021-11-19,2.01,2.15,2.14,2.03,2.171,112.7891
2021-11-22,1.95,1.95,2.1,2.4,2.109,112.9321
2021-11-23,2,2,2.16,2.34,2.17,112.8952
2021-11-24,1.8,2.05,2.26,2.2,2.269,113.0421
2021-11-25,1.83,1.83,2.4,1.8,2.231,113.0936
2021-11-26,1.68,1.68,1.8,1.95,2.247,113.3611
2021-11-29,1.9,3,2,2.8,2.239,113.3003
2021-11-30,1.78,1.78,2.6,2.1,2.297,113.2455
2021-12-01,1.5,1.5,2.05,2.09,2.121,113.1896
2021-12-02,1.75,2,2.07,2,2.1,113.077
2021-12-03,1.9,2.05,1.9,2.09,2.078,112.9265
2021-12-06,1.9,2.1,2.25,2.4,2.129,113.2806
2021-12-07,2.08,2.19,2.15,2.25,2.159,113.1471
2021-12-08,1.8,2,2.15,2.5,2.202,113.0007
2021-12-09,2,2.4,2.21,2.4,2.22,112.9711
2021-12-10,1.82,1.82,2.12,1.8,2.184,113.0993
2021-12-13,1.9,1.9,2.18,2.5,2.197,112.9935
2021-12-14,2.17,2.5,2.2,2.1,2.21,113.1013
2021-12-15,1.8,2.2,2.18,2.5,2.201,113.1068
2021-12-16,1.8,2,2.19,2.3,2.209,113.0265
2021-12-17,1.6,1.6,2.05,2.15,2.151,113.0526
2021-12-20,1.78,1.78,2.1,2.5,2.121,113.0293
2021-12-21,1.4,1.4,2.05,2.3,2.087,113.0093
2021-12-22,1.65,2.05,1.96,2.21,2.012,113.1362
2021-12-23,1.5,1.75,1.9,2.3,2.023,113.3055
2021-12-24,1.7,2,1.6,2,1.943,113.3009
2021-12-27,1.4,1.7,3.2,2.34,2.312,113.3846
2021-12-28,1.57,1.9,3.19,5.5,2.245,113.4751
2021-12-29,1.5,1.5,2.75,2.5,2.25,113.5586
2021-12-30,1.2,1.2,2.7,5,2.321,113.6794
2021-12-31,2.05,2.05,2.5,2.29,2.271,113.6921
2022-01-04,1.43,1.7,1.85,2.2,2.099,113.591
2022-01-05,1.6,2.04,2.02,2.15,2.148,113.6019
2022-01-06,1.9,1.9,1.93,2.1,2.042,113.4195
2022-01-07,1.84,2,1.8,1.8,2.103,113.4192
2022-01-10,1.7,2.2,2.05,2.16,2.093,113.4944
2022-01-11,1.83,2.03,2.05,2.2,2.131,113.5918
2022-01-12,1.99,2.35,2.15,2.5,2.098,113.6746
2022-01-13,1.72,5.7,2.15,2.3,2.202,113.6871
2022-01-14,2.2,2.2,2.3,2.3,2.213,113.7335
2022-01-17,1.95,2.15,2.2,2.35,2.183,113.7691
2022-01-18,1.92,2.07,2.07,2.3,2.088,114.0996
2022-01-19,2.02,2.45,2.05,2.35,2.127,114.3404
2022-01-20,2.05,2.8,2,2.6,2.113,114.3397
2022-01-21,1.9,2.13,2.05,2.45,2.112,114.4726
2022-01-24,1.7,2.3,1.96,2.64,2.132,114.7315
2022-01-25,1.9,2.3,1.93,1.9,2.093,114.6776
2022-01-26,1.6,1.6,2.07,2.2,2.088,114.4608
2022-01-27,1.45,1.86,2.0385,2.9,2.12,114.3072
2022-01-28,1.25,1.25,2.5,2.6,2.25,114.4623
2022-01-29,1.25,1.25,2.25,2.25,2.251,114.5331
2022-01-30,2.5,2.5,2.31,2.31,2.272,114.552
2022-02-07,1.65,2.3,2.15,2.25,2.102,114.3549
2022-02-08,1.6,1.9,2.1,2.22,2.087,114.4114
2022-02-09,1.65,1.76,1.85,2,2.01,114.3039
2022-02-10,1.66,1.7,1.93,1.93,1.965,114.3234
2022-02-11,1.8,1.8,2.03,1.95,2.021,113.8191
2022-02-14,1.75,1.96,1.99,2.15,2.023,113.7697
2022-02-15,1.85,1.96,2,1.5,2,113.7824
2022-02-16,1.93,1.93,2.05,2.0742,2.057,113.7826
2022-02-17,1.87,2,2.2,2,2.002,113.8973
2022-02-18,2,2,1.9,2.1,2.098,113.7962
2022-02-21,2.2,2.2,2.12,2.3,2.14,113.4471
2022-02-22,1.7,2.18,2.2,2.5,2.191,113.4213
2022-02-23,2.05,2.4,2.1919,2.3,2.176,113.5402
2022-02-24,2.2,2.6,2.3,3.3,2.187,113.6603
2022-02-25,1.74,2.55,1.8,2.5,2.322,113.6893
2022-02-28,2.1,2.54,2.25,2.5,2.249,113.774
2022-03-01,1.4,1.4,1.78,2.25,2.029,113.6083
2022-03-02,1.68,2.1,2.2,2.1,2.046,113.4685
2022-03-03,1.74,1.9,1.97,2.15,2.005,113.3286
2022-03-04,1.82,2.05,2.1,1.9,2.048,113.377
2022-03-07,2.03,1.9,1.85,2.1,2.068,113.3817
2022-03-08,1.8,1.8,1.9,1.9,2.114,113.4133
2022-03-09,2.02,2.02,2.06,2.6,2.059,113.2686
2022-03-10,1.8,2.1,2.15,2.25,2.082,113.2604
2022-03-11,1.56,2.07,2.3,2.46,2.102,113.635
2022-03-14,2,2.17,2.11,2.3,2.104,113.9063
2022-03-15,1.66,2.2,2.13,2.2,2.122,113.4794
2022-03-16,1.75,2.2,2.15,2.15,2.115,113.542
2022-03-17,2,2.08,2,2.4,2.083,113.5578
2022-03-18,1.74,1.74,2.07,1.9,2.073,113.6113
2022-03-21,2,2,2,2.2,2.104,113.528
2022-03-22,1.7,2.11,2.06,2.31,2.073,113.299
2022-03-23,1.9,1.9,2,2.3,2.074,113.3324
2022-03-24,1.7,1.7,2.04,2.25,2.056,113.4316
2022-03-25,1.7,1.8,1.98,1.98,2.207,113.4828
2022-03-28,1.89,2.08,1.9,1.9,2.188,113.5607
2022-03-29,1.45,1.97,2.18,2,2.145,113.5455
2022-03-30,1.6,2,2.2,3.6,2.171,113.6529
2022-03-31,1.95,1.4,2.24,3,2.197,113.5894
2022-04-01,1.62,1.62,1.85,1.95,2.017,113.6795
2022-04-02,1.15,1.15,1.6,1.6,1.837,113.7376
2022-04-06,1.6,1.6,1.97,2.2,2.004,113.7597
2022-04-07,1.7,1.7,1.9,2.2,2.051,113.9473
2022-04-08,1.75,1.95,1.73,2.2,1.985,113.9175
2022-04-11,1.6,1.65,1.84,1.9,1.947,113.822
2022-04-12,1.75,1.75,1.99,1.8,2.04,113.7802
2022-04-13,1.5,1.5,1.9,2.29,1.966,113.7847
2022-04-14,1.5,1.5,1.9,1.9,1.905,113.8569
2022-04-15,1.4,1.6,1.7,1.87,1.822,113.8525
2022-04-18,1.25,1.25,1.51,2.1,1.876,113.5136
2022-04-19,1.4,1.4,1.75,2,1.801,113.4962
2022-04-20,1.3,1.4,1.8,1.8446,1.937,113.4431
2022-04-21,1.29,1.35,1.7,2.1,1.804,113.4816
2022-04-22,1.28,1.3,1.6,1.8,1.7,113.4832
2022-04-24,1.3,1.3,1.4,1.79,1.809,113.4733
2022-04-25,1.25,1.25,1.63,1.59,1.712,113.5957
2022-04-26,1.2,1.7,1.8,1.6,1.681,113.5887
2022-04-27,1.37,1.37,1.71,2.05,1.743,113.5288
2022-04-28,1.3,1.7,1.95,2.05,1.88,113.4273
2022-04-29,1.34,1.34,2,2.05,2.006,113.5033
2022-05-05,1.29,2,1.7,2.1,1.903,113.556
2022-05-06,1.22,1.22,1.45,1.93,1.789,113.5455
2022-05-07,1.19,1.19,1.4,1.4,1.699,113.5559
2022-05-09,1.3,1.3,1.65,1.8,1.814,113.62
2022-05-10,1.31,1.31,1.55,1.8,1.63,113.6903
2022-05-11,1.32,1.32,1.6,2.3,1.708,113.6117
2022-05-12,1.2,1.4,1.54,1.95,1.714,113.6861
2022-05-13,1.15,1.15,1.65,1.8,1.671,113.6443
2022-05-16,1.31,1.29,1.6,1.8,1.714,113.5996
2022-05-17,1.32,1.32,1.53,1.72,1.584,113.6911
2022-05-18,1.34,1.4,1.5,1.75,1.647,113.774
2022-05-19,1.2,1.2,1.45,1.9,1.654,113.8024
2022-05-20,1.5,1.35,1.65,1.7,1.665,113.7205
2022-05-23,1.33,1.33,1.53,1.8,1.693,113.8247
2022-05-24,1.35,1.9,1.55,1.55,1.681,113.8858
2022-05-25,1.3,1.3,1.7,2,1.785,113.9882
2022-05-26,1.15,1.03,1.7,2.5,1.765,114.2747
2022-05-27,1.37,1.37,1.75,1.83,1.777,114.304
2022-05-30,1.35,1.6,1.55,2.05,1.814,114.17
2022-05-31,1.09,1.6,1.5,2,1.898,113.9889
2022-06-01,1.4,1.6,1.69,1.69,1.652,113.9329
2022-06-02,1.55,1.55,1.63,1.49,1.674,113.8973
2022-06-06,1.45,1.45,1.44,1.7,1.701,113.8291
2022-06-07,1.1,1.1,1.63,1.75,1.708,113.8571
2022-06-08,1.35,1.47,1.42,1.67,1.689,113.8773
2022-06-09,1.3,1.3,1.55,1.85,1.707,113.9124
2022-06-10,1.45,1.45,1.55,1.6,1.675,113.9328
2022-06-13,1.1,1.1,1.55,1.75,1.7,113.881
2022-06-14,1.32,1.32,1.41,1.6,1.656,113.8047
2022-06-15,1.42,1.42,1.6,1.6,1.708,113.7684
2022-06-16,1.41,1.4,1.5,1.75,1.688,113.8007
2022-06-17,1.3,1.3,1.65,1.7,1.737,113.8287
2022-06-20,1.6,1.9,1.5,1.55,1.829,113.7336
2022-06-21,1.35,1.55,1.53,2,1.796,113.7138
2022-06-22,1.39,1.55,1.7,1.6,1.783,113.7376
2022-06-23,1.43,1.46,1.5,1.8,1.755,113.7312
2022-06-24,1.35,1.79,1.7978,2.6,1.85,113.6418
2022-06-27,1.43,1.43,1.5,1.5,1.992,113.3614
2022-06-28,1.3,1.3,1.96,1.8,1.98,113.3074
2022-06-29,1.1,1.1,2.3,2.45,2.025,113.3032
2022-06-30,1.95,2.8,2.29,3.199,2.2,113.4279
2022-07-01,0.95,1.9,1.68,1.9,1.798,113.4741
2022-07-04,1.2,1.58,1.52,1.7,1.624,113.3483
2022-07-05,1.2,1.6,1.4,2,1.669,113.3265
2022-07-06,1.22,1.22,1.25,1.6,1.641,113.436
2022-07-07,1.35,1.6,1.56,1.65,1.626,113.4412
2022-07-08,1.5,1.4,1.55,1.45,1.651,113.4273
2022-07-11,1.25,1.65,1.22,1.8,1.627,113.5269
2022-07-12,1,1.3,1.26,1.4,1.621,113.6417
2022-07-13,1.55,1.55,1.5,1.65,1.617,113.7034
2022-07-14,1.21,1.5,1.17,2,1.629,113.7765
2022-07-15,1.25,1.62,1.56,1.25,1.593,113.8322
2022-07-18,1.22,1.1,1.55,1.8,1.646,113.8559
2022-07-19,1.2,1.2,1.27,1.6,1.629,113.8423
2022-07-20,1.28,1.27,1.27,1.65,1.679,113.937
2022-07-21,1.01,1.1,1.4,1.45,1.679,114.0488
2022-07-22,1.1,1.33,1.2,1.4,1.635,113.9542
2022-07-25,1.05,1.2,1.2,1.9,1.639,113.9734
2022-07-26,0.98,1.4,1.65,1.8,1.632,114.0486
2022-07-27,0.91,1.1,1.55,1.7,1.613,114.0867
2022-07-28,1.1,1.15,1.55,1.85,1.546,113.9973
2022-07-29,1.6,2,1.6,1.55,1.705,114.2049
2022-08-01,1.15,1.28,1.2,1.57,1.56,114.375
2022-08-02,1.2,1.3,1.35,1.48,1.526,114.4481
2022-08-03,1.02,1.9,1.31,1.55,1.385,114.4343
2022-08-04,0.92,2,1.3,1.51,1.381,114.5535
2022-08-05,1.05,1.05,1.3,1.75,1.384,114.4621
2022-08-08,0.95,1.55,1.18,1.55,1.391,114.4061
2022-08-09,0.89,1.1,1.35,2,1.409,114.3557
2022-08-10,1.07,1,1.07,1.6,1.43,114.41
2022-08-11,1.05,1.05,1.3,1.75,1.404,114.4097
2022-08-12,1.05,1.23,1.35,1.14,1.413,114.4283
2022-08-15,1.03,1.6,1.3,1.6,1.425,114.9825
2022-08-16,1.05,1.8,1.4,1.6,1.392,115.1534
2022-08-17,1.3,1.3,1.6,1.58,1.467,115.0923
2022-08-18,1.1,1.8,1.42,1.6,1.479,115.2462
2022-08-19,0.95,0.95,1.3,1.6,1.509,115.2507
2022-08-22,1.18,1.3,1.38,1.58,1.5089,115.2364
2022-08-23,1.4,1.4,1.4,1.6,1.499,115.1545
2022-08-24,1.3,1.5,1.4,1.6,1.445,115.1432
2022-08-25,1.2,1.5,1.54,1.65,1.515,114.9912
2022-08-26,1.25,1.3,1.7,1.2,1.745,114.9326
2022-08-29,0.8,1.41,1.6,2,1.639,115.0028
2022-08-30,0.9,0.9,1.66,1.85,1.649,115.1141
2022-08-31,1.46,1.46,1.75,1.75,1.78,115.0696
2022-09-01,1.28,1.6,1.43,1.7,1.497,115.1246
2022-09-02,0.95,1.5,1.25,1.35,1.51,115.1859
2022-09-05,1.03,1.43,1.3,1.75,1.409,115.2047
2022-09-06,1.1,1.1,1.3,1.51,1.449,115.2382
2022-09-07,1.11,1.6,1.45,1.6,1.524,115.2315
2022-09-08,1.1,1.16,1.4,1.65,1.502,115.1507
2022-09-09,1.13,1.13,1.5,1.55,1.476,115.0919
2022-09-13,1.16,1.55,1.42,1.7,1.521,114.9842
2022-09-14,0.97,1.3,1.35,1.75,1.557,114.8747
2022-09-15,1.2,1.2,1.5,1.5,1.547,114.9015
2022-09-16,1,1,1.51,1.7,1.643,114.7592
2022-09-19,1.04,1.04,1.7,2.5,1.699,114.7678
2022-09-20,1,1.85,1.66,1.9,1.687,114.8475
2022-09-21,1.45,1.45,1.5,1.9,1.726,114.9171
2022-09-22,1.46,1.46,1.46,1.65,1.646,114.9284
2022-09-23,1.46,1.55,1.57,1.5,1.608,114.8064
2022-09-26,1.42,1.42,1.42,1.8,1.84,114.5639
2022-09-27,1.22,1.75,1.4,1.85,1.697,114.511
2022-09-28,1.26,1.26,1.28,1.87,1.747,114.3362
2022-09-29,1.1,1.6,2.12,2.12,2.015,114.2013
2022-09-30,2.02,2.02,2.1,2.1,2.055,114.1128
2022-10-08,1.4,1.4,1.5,1.5,1.699,114.0652
2022-10-09,0.68,0.68,1.4,1.4,1.616,114.2505
2022-10-10,1,1.25,1.45,1.65,1.497,114.2617
2022-10-11,0.7,0.7,1.25,1.75,1.621,114.3161
2022-10-12,1,1.45,1.6,1.75,1.611,114.2691
2022-10-13,1,1,1.4,1.45,1.638,114.3565
2022-10-14,1.1315,1.1315,1.45,1.5,1.594,114.5168
2022-10-17,1.15,1.15,1.14,1.7,1.558,114.5798
2022-10-18,1.12,1.12,1.6,1.75,1.53,114.5859
2022-10-19,1.1,1.1,1.28,1.55,1.547,114.6037
2022-10-20,1.25,1.25,1.55,1.68,1.581,114.5032
2022-10-21,1.12,1.4,1.65,1.65,1.682,114.464
2022-10-24,1.42,1.42,2.3,2.1,1.726,114.4998
2022-10-25,1.36,2.4,2.05,2.5,1.876,114.4721
2022-10-26,1.6,2.5,2.12,2.3,1.995,114.5534
2022-10-27,1.73,1.73,2.02,2.3,2.013,114.6981
2022-10-28,1.4,1.4,1.97,2.28,1.963,114.8477
2022-10-31,1.76,3,2,2.4,1.952,115.0254
2022-11-01,1.35,1.8,1.3,2,1.829,114.9107
2022-11-02,1.4,1.4,1.71,1.6,1.771,114.791
2022-11-03,1.35,1.35,1.6,1.7,1.718,114.7851
2022-11-04,1.35,1.35,1.65,1.6,1.702,114.6545
2022-11-07,1.45,1.82,1.74,1.85,1.786,114.6718
2022-11-08,1.75,2.2,1.9,2.1,1.812,114.6541
2022-11-09,1.5,1.5,1.81,2.2,1.855,114.6809
2022-11-10,1.85,1.85,1.89,1.9,1.938,114.6708
2022-11-11,1.7,1.7,1.7,1.6,1.888,114.3582
2022-11-14,1.65,1.86,1.85,1.85,1.846,113.636
2022-11-15,2,2,1.94,2.1,1.929,113.6815
2022-11-16,1.81,2.2,2.06,2.24,1.998,113.5798
2022-11-17,1.66,1.75,1.86,1.7,1.863,113.7206
2022-11-18,1.32,1.9,1.72,1.5,1.791,113.6983
2022-11-21,1.3,1.9,1.3,2.15,1.675,113.7738
2022-11-22,0.7,0.7,1.65,2.1,1.665,113.728
2022-11-23,1.04,1.85,1.64,1.95,1.673,113.8781
2022-11-24,1.04,1.6,1.55,3,1.769,114.006
2022-11-25,1.04,1.04,1.7,1.75,1.744,113.8304
2022-11-28,1.03,1.7,1.84,2.05,1.881,113.6606
2022-11-29,0.85,1.85,2,3,1.865,113.3613
2022-11-30,1.57,1.57,2.3,2.5,1.915,113.4043
2022-12-01,1.02,1.6,1.7,1.88,1.729,113.4951
2022-12-02,1.06,1.06,1.8,1.8,1.693,113.5201
2022-12-05,1.08,2,1.07,2,1.689,113.3914
2022-12-06,0.9,1.2,1.6,1.6,1.677,113.2454
2022-12-07,1.15,2,1.65,2,1.663,113.4139
2022-12-08,0.99,1.8,1.66,1.85,1.71,113.4312
2022-12-09,1,1.8,1.4,4,1.759,113.3931
2022-12-12,0.95,1.7,1.58,1.95,1.61,113.4061
2022-12-13,1,1.8,1.7,4,1.748,113.2793
2022-12-14,1.2,1.2,1.3,2.5,1.669,113.5019
2022-12-15,1.2,1.2,1.49,3.5,1.626,113.5046
2022-12-16,0.95,1.8,1.75,1.6,1.752,113.4251
2022-12-19,1.2,1.4,1.7,2.7,1.8,113.626
2022-12-20,1.2,1.5,1.75,2,1.807,113.596
2022-12-21,0.6,2.2,1.7,2.3,1.687,113.5844
2022-12-22,0.45,0.45,0.7,2.15,1.579,113.6754
2022-12-23,0.38,0.38,1.2,1.5,1.687,113.7438
2022-12-26,0.4965,1.1994,2,6.3704,1.961,113.6953
2022-12-27,0.56,0.88,0.6,1.9,2.004,113.5548
2022-12-28,0.35,1.6,1,4.43,2.019,113.5513
2022-12-29,0.38,0.36,2.7,3.7,2.261,113.6287
2022-12-30,2.2,2.2,2.9,2.9,2.223,113.7032
2022-12-31,2.2,2.2,2.9,2.9,2.223,113.7012
2023-01-03,0.98,1.68,1.5,2,1.92,113.76
2023-01-04,1.1,0.91,1.42,2.5,1.582,113.8927
2023-01-05,0.55,0.55,1.2,1.65,1.388,113.8254
2023-01-06,1,0.72,1.6,1.4,1.58,113.7275
2023-01-09,0.6,0.6,1.7,2.2,1.729,113.7234
2023-01-10,1.63,1.63,1.2,5.6,1.933,113.5974
2023-01-11,1.37,2,1.45,2.4,1.996,113.5618
2023-01-12,1.1,2.25,2,3.1,1.992,113.6017
2023-01-13,2,2.4,2,2.3,1.94,113.4845
2023-01-16,1.65,2.8,2.5,2.5,2.054,113.3257
2023-01-17,1.48,1.7,1.95,1.95,2.195,113.3875
2023-01-18,1.44,2.3,2.5,2.5,2.135,113.4029
2023-01-19,1.6,2.2,2.55,2.55,2.281,113.3737
2023-01-20,1.69,1.69,1.95,2.05,1.988,113.3067
2023-01-28,1.25,1.3,2.1,2.1,1.915,113.3012
2023-01-29,0.87,0.87,1.86,1.96,1.854,113.4071
2023-01-30,1.43,1.53,1.95,2.2,2.05,113.3704
2023-01-31,2,2.2,2.15,3,2.121,113.4728
2023-02-01,1.55,2.3,2.05,2.3,2.045,113.4235
2023-02-02,1.35,1.35,1.75,2.1,1.959,113.4358
2023-02-03,1.5,1.5,1.82,1.4,1.85,113.4783
2023-02-06,1.85,2.19,1.95,2.25,2.007,113.446
2023-02-07,2.5,3.5,2.5,3.5,2.086,113.4546
2023-02-08,2,2.65,2.2446,3,2.194,113.4693
2023-02-09,1.82,1.82,1.9,1.8,2.198,113.482
2023-02-10,1.55,1.7,1.95,1.95,1.961,113.4881
2023-02-13,1.35,1.41,1.9,2,1.923,113.5052
2023-02-14,1.4,1.32,1.96,1.6,2.007,113.5057
2023-02-15,1.94,1.96,2.02,5,1.996,113.5112
2023-02-16,2.2,2.24,3,3,2.095,113.5528
2023-02-17,1.7,2.6,2.1,3,2.198,113.5595
2023-02-20,2,2.4,2.2,2.5,2.104,113.4681
2023-02-21,1.7,2.5,2.16,2.45,2.136,113.3952
2023-02-22,1.55,1.55,1.8,2.2,2.158,113.4566
2023-02-23,1.45,1.45,2.18,2.2,2.163,113.444
2023-02-24,1.44,1.54,2.4,1.9,2.243,113.4639
2023-02-27,1.84,2.1,2.5,2.88,2.177,113.4581
2023-02-28,1.8,4,2.45,3.03,2.352,113.4517
2023-03-01,1.7,2.3,2,1.85,2.09,113.4818
2023-03-02,1.15,1.15,1.9972,2.35,1.993,113.4418
2023-03-03,1.3,1.3,1.85,1.6,1.931,113.3947
2023-03-06,1.25,1.25,1.5,2.1,1.816,113.558
2023-03-07,1.28,2.3,1.95,2.15,1.873,113.5934
2023-03-08,1.39,2,1.9,2.09,1.915,113.6099
2023-03-09,1.5,1.62,1.9,2.1,1.921,113.6239
2023-03-10,1.9,1.68,1.9,1.7,2.013,113.6731
2023-03-13,1.8,1.7,1.97,2.3,1.959,113.6737
2023-03-14,1.7,1.95,2.08,2.5,2.055,113.6928
2023-03-15,2.1,2.55,2.13,2.6,2.089,113.6664
2023-03-16,1.8,1.8,2.3,2.3,2.177,113.7286
2023-03-17,2.26,2.55,2.1,2.2,2.086,113.7504
2023-03-20,2,2.5,2.05,2.05,2.163,113.783
2023-03-21,1.96,1.75,2.23,2.55,2.198,113.7597
2023-03-22,1.64,2.2,1.95,2.4,2.078,113.7169
2023-03-23,1.3,1.63,1.98,2.4,1.937,113.7094
2023-03-24,1.2,1.5,1.7,1.68,1.703,113.6473
2023-03-27,0.79,1.8,2.1,1.8,2.117,113.704
2023-03-28,1.05,1.5,2.6,4.25,2.028,113.6993
2023-03-29,0.75,1.02,2.15,2.3,2.157,113.6997
2023-03-30,0.4,0.8,2.4,5,2.144,113.7174
2023-03-31,1.34,3,2.2,3.5,2.215,113.6997
2023-04-03,0.86,1.8,1.43,2.4,1.924,113.6746
2023-04-04,1.15,1.15,1.9,1.4,1.87,113.6672
2023-04-06,1.36,1.8,1.97,2.44,1.978,113.6699
2023-04-07,1.32,1.45,2.02,1.7,1.997,113.6945
2023-04-10,1,2.1,2,2.35,2.004,113.7457
2023-04-11,1,1.65,1.42,2.26,1.985,113.881
2023-04-12,1.15,1.15,1.95,2.3,1.997,113.9433
2023-04-13,1.3,1.6,2.02,2.3,1.998,113.917
2023-04-14,1.3,1.4,2.05,1.7,2,113.9106
2023-04-17,1.8,2.1,2.03,2.2,2.048,113.8253
2023-04-18,2.54,2.2,2.11,2.4,2.078,113.837
2023-04-19,1.95,2.54,2.14,2.55,2.097,113.8982
2023-04-20,1.75,2.6,2.2,2.5,2.101,113.8949
2023-04-21,1.78,1.78,2.1,2.5,2.199,113.9336
2023-04-23,1.35,1.35,2.05,2.05,2.096,113.9694
2023-04-24,1.3,1.65,2.45,2.71,2.117,114.0192
2023-04-25,1.19,1.8,2.05,2.3,2.022,114.0308
2023-04-26,0.9,0.9,1.5,2.3,2.062,114.072
2023-04-27,0.8,1.4,2.25,2.9,2.211,114.2467
2023-04-28,1.64,1.55,1.9,2,2.3,114.271
2023-05-04,1.2,2.2,1.9,2,1.963,114.4308
2023-05-05,1.22,1.22,1.4,2.1,1.815,114.5545
2023-05-06,1.2,1.2,1.72,1.72,1.745,114.6031
2023-05-08,1.3,1.4,1.65,2.1,1.795,114.5133
2023-05-09,1.04,1.04,1.85,2.2,1.825,114.5325
2023-05-10,1.5,1.25,1.85,2,1.902,114.628
2023-05-11,0.9,0.9,1.6,2.3,1.803,114.8061
2023-05-12,1.15,1.15,1.81,1.9,1.829,114.7085
2023-05-15,1.18,1.9,1.6,2.15,1.874,114.6796
2023-05-16,1.15,1.15,1.65,2.4,1.766,114.6556
2023-05-17,1.1,1.7,1.7,1.7,1.844,114.6599
2023-05-18,1,2,1.78,2,1.76,114.5774
2023-05-19,1.2,1.85,1.87,1.55,1.91,114.6328
2023-05-22,1,1,1.36,2.1,1.897,114.673
2023-05-23,1.15,1.15,1.77,2,1.824,114.8107
2023-05-24,1.2,1.4,1.75,2.1,1.762,114.8213
2023-05-25,1.08,1.55,1.7,2.3,1.908,114.7887
2023-05-26,1.2,1.45,2.1,1.6,1.992,114.7431
2023-05-29,1.18,1.6,1.6,1.8,1.937,114.7356
2023-05-30,1.1,2,2.07,2.5,1.993,114.7805
2023-05-31,1.65,1.65,2.05,2.05,2.058,114.8046
2023-06-01,1.6,1.4,1.6,2,1.848,114.9149
2023-06-02,1.2,1.2,1.85,2.3,1.814,114.8606
2023-06-05,1.1,2,1.35,1.35,1.847,114.8351
2023-06-06,1.2,1.25,1.8,2.05,1.767,114.8915
2023-06-07,1.39,1.3,1.85,1.85,1.855,114.9685
2023-06-08,1.3,1.9,1.6,1.9,1.85,114.956
2023-06-09,1.55,1.55,2,1.6,1.826,115.0635
2023-06-12,1.25,1.8,1.8,1.95,1.83,115.1358
2023-06-13,1.25,1.25,1.8,1.95,1.84,115.397
2023-06-14,1.3,1.3,1.75,2,1.846,115.488
2023-06-15,1.54,2.1,1.8,2.3,1.839,115.2435
2023-06-16,1.8,1.8,1.93,1.8,1.925,115.021
2023-06-19,1.79,2.43,2.1,2.3,1.984,114.8716
2023-06-20,1.85,2.15,2.1,2.21,2.043,114.9224
2023-06-21,1.85,1.8,1.5,2,2.009,115.0109
2023-06-25,0.92,1.15,1.45,1.45,1.95,115.0814
2023-06-26,0.7,2.2,2.1,2.5,1.867,115.056
2023-06-27,0.95,0.95,1.3,2,1.851,114.9635
2023-06-28,1.1,1.2455,1.88,3.95,1.867,114.9872
2023-06-29,0.7,2.2,1.85,4,1.884,115.009
2023-06-30,1.4,1.4,1.9,3.5,2.063,115.1598
2023-07-03,0.68,3.4,1.3,2.3,1.795,115.1494
2023-07-04,1.15,1.5,1.75,1.5,1.758,115.1541
2023-07-05,1.1,1.5,1.78,2.225,1.808,115.1401
2023-07-06,1.2,1.8,1.72,2.6,1.763,115.1793
2023-07-07,1.15,1.65,1.4,1.8,1.779,115.1893
2023-07-10,1.1,2.2,1.7,4.1,1.726,115.1757
2023-07-11,0.99,1.65,1.6,1.95,1.744,115.2641
2023-07-12,1.2,1.5,1.75,2.1,1.781,115.2351
2023-07-13,1.45,1.1,1.8,2,1.782,115.2441
2023-07-14,1.32,1.35,1.82,1.6,1.806,115.1891
2023-07-17,1.2,1.55,1.87,1.98,1.86,115.2639
2023-07-18,1.3,1.66,1.7,2.05,1.892,115.369
2023-07-19,1.4,1.8,1.75,2,1.872,115.3944
2023-07-20,1.4,1.95,1.55,1.92,1.832,115.3865
2023-07-21,1.63,1.55,1.75,1.95,1.826,115.4963
2023-07-24,1.48,2,1.7,1.9,1.808,115.5742
2023-07-25,1.34,1.87,1.65,2.25,1.843,115.1996
2023-07-26,1.25,1.68,1.65,1.9,1.853,115.2747
2023-07-27,1.25,1.6,1.6,1.7,1.818,115.4165
2023-07-28,1.1,1.1,1.3,1.8,1.826,115.3574
2023-07-31,1.65,2.2,2.05,1.9,1.963,115.2304
2023-08-01,1.1,1.9,1.4,1.9,1.806,115.3099
2023-08-02,1.09,1.6,1.73,2,1.777,115.3246
2023-08-03,1.04,1.04,1.6,1.8,1.671,115.3959
2023-08-04,1.5,1.75,1.7,1.8,1.64,115.3824
2023-08-07,1.45,1.7,1.85,2,1.737,115.4045
2023-08-08,1.27,1.85,1.62,1.83,1.775,115.429
2023-08-09,1.34,2,1.75,1.85,1.782,115.4536
2023-08-10,1.25,1.25,1.73,1.7,1.758,115.4268
2023-08-11,1.36,1.8,1.7,1.8,1.777,115.46
2023-08-14,1.69,1.7,1.8,2.2,1.832,115.608
2023-08-15,1.8,1.9,1.75,1.95,1.886,115.8269
2023-08-16,1.6,1.6,1.9,1.75,1.831,115.9792
2023-08-17,1.75,1.61,1.85,2.1,1.868,115.9513
2023-08-18,1.6,1.6,1.93,2.2,1.886,115.9845
2023-08-21,1.8,1.62,1.9,1.9,1.875,116.1548
2023-08-22,1.5,1.9,1.83,2.05,1.824,116.1197
2023-08-23,1.7,1.7,1.8,1.7,1.81,116.0935
2023-08-24,1.61,2,1.77,1.7,1.795,116.0989
2023-08-25,1.6,1.6,1.83,1.8,1.896,116.0229
2023-08-28,1.8,2.1,2.05,2.3,2.056,115.8131
2023-08-29,1.58,1.58,2.3,2.4,2.091,115.7684
2023-08-30,1.44,2.05,2.3,2.33,2.235,115.7972
2023-08-31,2.35,1.8,2.6,2.2,2.103,115.8652
2023-09-01,1.55,1.55,1.5,2.01,1.814,115.6797
2023-09-04,1.55,1.55,1.8,1.65,1.728,115.3843
2023-09-05,1.3,1.5,1.8,1.7,1.733,115.426
2023-09-06,1.7,2,1.94,1.88,1.795,115.2621
2023-09-07,1.76,2.05,1.95,2.5,1.904,115.1721
2023-09-08,1.8,2.1,1.9,2.3,1.835,115.1841
2023-09-11,1.55,1.85,1.95,2.3,1.955,115.1532
2023-09-12,1.35,1.95,1.85,2.05,1.931,115.2655
2023-09-13,1.52,1.65,1.9,1.9,1.874,115.3234
2023-09-14,1.3,2.05,1.98,2.11,1.917,115.4022
2023-09-15,1.85,1.85,1.95,1.85,1.9,115.2808
2023-09-18,1.9,2.3,1.96,2.25,1.891,115.1119
2023-09-19,1.75,2.3,1.98,2.1,1.925,115.1291
2023-09-20,1.55,2.3667,2.05,2.2,1.961,115.098
2023-09-21,1.8,1.9,2.1,2.3,1.951,115.1332
2023-09-22,1.9,1.99,1.9,1.55,1.988,115.0499
2023-09-25,1.7,2.3,2,2.4,2.005,114.896
2023-09-26,1.75,2.16,2.2,2.7,1.969,114.794
2023-09-27,1.6957,2.5,1.95,4.88,1.848,114.7966
2023-09-28,2.2,3.5,2.5,4,2.195,114.8903
2023-10-07,1.21,1.3,1.83,1.9,1.831,114.9684
2023-10-08,1.15,1.15,1.76,1.76,1.764,115.0047
2023-10-09,1.75,1.75,1.8,2.5,1.801,115.0033
2023-10-10,1.33,1.8,1.86,1.8,1.861,114.9432
2023-10-11,1.65,1.65,1.8,2.2933,1.895,114.8175
2023-10-12,1.7,1.7,1.95,2,1.889,114.7656
2023-10-13,1.7,2,1.88,2.1,1.893,114.9586
2023-10-16,1.7,1.8,1.8,2.05,1.793,115.0174
2023-10-17,1.75,1.9,1.87,2,1.844,114.9553
2023-10-18,1.83,3,1.85,2.25,1.899,114.9265
2023-10-19,1.86,3,2.8,2.5,1.929,114.8116
2023-10-20,1.7,2.4,2.31,2.5,2.103,114.8506
2023-10-23,2,4,2.5,4,1.933,114.9575
2023-10-24,1.45,1.8,2.1,3.1,1.988,114.8378
2023-10-25,1.46,2.4,2.07,3.6,2.006,114.9199
2023-10-26,1.5,1.5,2.08,2.7,2.045,114.9598
2023-10-27,1.6,1.6,2.1,1.9,2.053,114.9354
2023-10-30,1.45,1.45,2.15,2.6,2.041,114.9832
2023-10-31,2.64,6,2.8,3.6,1.965,115.0757
2023-11-01,1.29,1.85,1.8,2,1.889,115.1365
2023-11-02,1,1.8,1.83,2.2,1.837,115.2622
2023-11-03,1.65,1.7,1.9,1.25,1.742,115.2652
2023-11-06,1.61,1.7,1.7,2.1,1.752,115.3032
2023-11-07,1.6,1.6,1.85,1.85,1.817,115.311
2023-11-08,1.45,1.45,1.9,2.15,1.822,115.2934
2023-11-09,1.3,1.3,1.83,1.7,1.824,115.3419
2023-11-10,1.71,1.9,1.85,2,1.826,115.3298
2023-11-13,1.5,2.2,1.88,2.15,1.84,115.3591
2023-11-14,1.42,1.42,2.04,1.81,1.967,115.3129
2023-11-15,1.62,2.1267,1.95,2.17,1.896,115.2774
2023-11-16,1.42,2.35,2.05,2.7,1.951,115.3234
2023-11-17,1.89,1.9,2,2.3,1.9622,115.3555
2023-11-20,1.8,2.2,1.93,2.4,1.962,115.3375
2023-11-21,1.85,2.3,1.95,2.3,1.961,115.3191
2023-11-22,1.88,2.25,2.04,2.04,1.997,115.2638
2023-11-23,1.78,1.9,2.05,2.45,1.949,115.1292
2023-11-24,1.68,1.75,2.6,2.1,2.195,115.1298
2023-11-27,1.31,1.31,2.79,3.75,2.094,115.0628
2023-11-28,1.7,2.2,2.1,3.6,2.051,115.1213
2023-11-29,1.2,1.65,2.16,3.3,2.076,115.1336
2023-11-30,1.5,1.7,1.8,2.23,2.166,115.2014
2023-12-01,1.61,2.1,1.8,2,1.795,115.1815
2023-12-04,1.7,2.1,1.78,2.3,1.759,115.1557
2023-12-05,1.7,1.7,1.84,2.32,1.816,115.1371
2023-12-06,1.6,2.35,1.9,2.55,1.763,115.1332
2023-12-07,1.71,1.71,1.8239,2.3,1.755,115.1231
2023-12-08,1.6,1.7,1.95,2.2,1.798,115.1665
2023-12-11,1.5,1.9,1.9,2.53,1.855,115.2908
2023-12-12,1.45,1.9,1.89,2.2,1.839,115.2865
2023-12-13,2,2,1.75,2.1,1.789,115.411
2023-12-14,1.65,1.9,1.9,2,1.763,115.4124
2023-12-15,1.41,1.41,2.2,2.4,1.753,115.463
2023-12-18,1.4,2,1.7,2.3,1.818,115.5295
2023-12-19,1.2,1.55,1.7,2.45,1.767,115.5124
2023-12-20,1.2,1.7,1.9,2.4,1.784,115.5015
2023-12-21,1.35,1.9,2,2.3,1.801,115.6439
2023-12-22,1.58,1.88,1.4,1.55,1.762,115.6969
2023-12-25,1.1,2.1256,1.6,3,1.822,115.7864
2023-12-26,1.1,2.1,1.86,2.25,1.844,115.8616
2023-12-27,1.15,1.6,3,4.6,1.864,115.9093
2023-12-28,1.3,1.7,2.8,3.3,1.937,115.974
2023-12-29,1.5,1.5,1.66,2.5,1.867,115.9774
2023-12-31,1.5,1.5,1.66,2.5,1.867,116.024
2024-01-02,1.6,1.6,1.8,2.1,1.786,115.987
2024-01-03,1.5,1.5,1.63,2.2,1.805,115.9101
2024-01-04,1.6,2.4,1.75,2.1,1.783,116.0239
2024-01-05,1.6,2.3,1.75,1.5,1.77,116.1546
2024-01-08,1.7,2,1.85,2.4,1.772,116.1755
2024-01-09,1.6,1.6,1.7,2.35,1.79,116.3125
2024-01-10,1.59,1.9,1.82,2.8,1.797,116.2859
2024-01-11,1.65,1.8,1.85,2.36,1.799,116.2548
2024-01-12,1.8,1.8,1.6,1.95,1.846,116.1394
2024-01-15,1.75,2.3,1.89,1.89,1.862,116.0766
2024-01-16,1.75,1.75,2.25,2.6,1.934,116.095
2024-01-17,1.55,1.5,1.85,2.32,1.943,116.1679
2024-01-18,1.55,2.2,1.9,2.2,1.819,116.2434
2024-01-19,1.73,1.75,1.87,2.25,1.831,116.2864
2024-01-22,1.76,2.1,1.89,2.5,1.844,116.3869
2024-01-23,1.39,1.85,1.86,1.9,1.807,116.3528
2024-01-24,2.1,2.1,2,2.5,1.84,116.3377
2024-01-25,1.65,2.3,2.1,2.6,1.872,116.3925
2024-01-26,1.75,2.2,2,2.5,1.899,116.4283
2024-01-29,1.64,1.55,2.1,1.8,1.863,116.4403
2024-01-30,1.62,1.62,2,2.6,1.959,116.7894
2024-01-31,1.25,1.5,1.7,2.5,1.829,117.0005
2024-02-01,1.45,2.4,1.84,2.4,1.809,116.9876
2024-02-02,1.5,1.5,1.8,2.2,1.846,116.9658
2024-02-04,1.75,1.75,1.8,1.8,1.958,117.1365
2024-02-05,1.5,1.9,2.05,2.4,1.946,117.1282
2024-02-06,2.4,2.4,2.35,2.01,1.966,116.7282
2024-02-07,1.69,1.9,2.15,2.15,1.947,116.9564
2024-02-08,1.5,2,1.9,1.9,1.791,116.9097
2024-02-09,1.8,1.8,1.85,1.85,1.857,116.8668
2024-02-18,1.2,1.2,1.75,1.75,1.817,116.894
2024-02-19,1.55,1.55,1.75,1.6,1.785,116.9031
2024-02-20,1.75,1.75,1.95,1.8,1.787,117.0237
2024-02-21,1.72,1.72,1.86,2.1,1.819,117.0668
2024-02-22,1.85,2.15,1.84,2.1,1.815,117.1344
2024-02-23,1.64,2,1.9,1.91,1.816,117.2997
2024-02-26,1.78,2.2,1.9,2.15,1.883,117.401
2024-02-27,1.6,1.8,1.69,2.1167,1.904,117.4725
2024-02-28,1.21,2.2,1.7,2,1.8178,117.5253
2024-02-29,1.63,1.63,1.7,2.07,1.775,117.6777
2024-03-01,1.7,1.85,1.9,1.85,1.806,117.4286
2024-03-04,1.5,1.5,1.82,2.1,1.811,117.4866
2024-03-05,1.55,1.6,1.88,2.03,1.855,117.6364
2024-03-06,1.8,1.85,1.8,2.2,1.822,118.0784
2024-03-07,1.73,1.9,1.84,2.3,1.827,118.045
2024-03-08,1.8,1.8,1.84,1.6,1.848,118.0024
2024-03-11,1.57,1.99,1.85,1.8,1.853,117.8092
2024-03-12,1.59,1.59,1.85,2.1,1.853,117.4312
2024-03-13,1.76,2.1,1.9,2,1.882,117.4447
2024-03-14,1.7,1.8,1.9,1.8,1.88,117.4184
2024-03-15,1.5,1.5,1.9,1.8,1.89,117.4643
2024-03-18,1.74,1.74,1.85,2.3,1.854,117.6531
2024-03-19,1.76,1.8,1.89,2.08,1.87,117.7388
2024-03-20,1.76,1.76,1.9,2,1.844,117.6857
2024-03-21,1.75,1.8,1.88,2.1,1.834,117.6851
2024-03-22,1.77,1.77,1.87,2,1.845,117.6457
2024-03-25,1.9,2,1.89,1.8,1.898,117.5146
2024-03-26,1.6,2,1.98,2.65,1.957,117.493
2024-03-27,1.4,2,1.8,2.5,1.972,117.6116
2024-03-28,1.6,2.2,1.97,3.2,1.948,117.6412
2024-03-29,1.46,2.6,2.02,2.69,1.967,117.6871
2024-04-01,1.35,2.35,1.87,1.6,1.857,117.5653
2024-04-02,1.55,1.55,1.9,2.1,1.833,117.6532
2024-04-03,1.75,1.75,1.8,1.99,1.821,117.7824
2024-04-07,1.75,1.75,1.82,1.82,1.805,117.7476
2024-04-08,1.55,1.5,1.8,2.1,1.815,117.8252
2024-04-09,1.5,2.05,1.65,2.1,1.816,117.9139
2024-04-10,1.7,1.7,1.85,2,1.817,117.8253
2024-04-11,1.8,1.8,1.8,2.1,1.815,117.85
2024-04-12,1.72,1.85,1.83,1.85,1.82,118.0242
2024-04-15,1.8,1.8,1.75,2.2,1.797,118.132
2024-04-16,1.72,1.7,1.81,1.95,1.805,118.133
2024-04-17,1.75,1.75,1.85,2.15,1.816,118.2048
2024-04-18,1.55,1.7,1.86,3,1.836,118.3129
2024-04-19,1.75,1.75,1.95,1.88,1.87,118.3835
2024-04-22,1.5,1.62,1.85,1.85,1.831,118.4769
2024-04-23,1.75,1.94,1.85,2,1.824,118.6424
2024-04-24,1.64,1.8,1.87,1.85,1.855,118.2831
2024-04-25,1.85,1.85,1.95,2.1,1.885,118.2824
2024-04-26,1.59,1.59,1.75,1.9,1.912,117.9623
2024-04-28,1.78,1.78,2.05,2.05,1.951,117.7925
2024-04-29,1.65,2,2.2,2.21,2.08,117.509
2024-04-30,1.9,2,1.9,2.2,2.109,117.9119
2024-05-06,1.4,1.55,1.88,2,1.874,117.9318
2024-05-07,1.65,1.75,1.87,2.1,1.845,118.1109
2024-05-08,1.4,1.8,1.9,1.97,1.867,118.1666
2024-05-09,1.65,1.75,1.88,1.95,1.822,118.0324
2024-05-10,1.81,2,1.83,2.05,1.836,117.9885
2024-05-11,1.85,1.74,1.85,1.89,1.85,117.8055
2024-05-13,1.45,1.78,1.85,1.82,1.836,118.0785
2024-05-14,1.55,2,1.8,1.9,1.837,118.1871
2024-05-15,1.7,1.7,1.82,1.9,1.808,118.1388
2024-05-16,1.77,1.76,1.82,1.8,1.801,118.0305
2024-05-17,1.72,1.8,1.81,1.73,1.808,117.972
2024-05-20,1.72,1.8,1.81,1.9,1.803,118.0406
2024-05-21,1.5,1.5,1.88,1.85,1.847,117.9799
2024-05-22,1.65,1.65,1.6,1.85,1.838,118.0265
2024-05-23,1.5,1.5,1.81,1.85,1.829,118.1478
2024-05-24,1.75,1.78,1.8,1.78,1.818,118.1307
2024-05-27,1.78,1.6,1.9,1.85,1.888,118.0889
2024-05-28,1.44,1.6,1.95,2.1,1.885,118.1687
2024-05-29,1.55,1.92,1.95,1.85,1.897,118.2639
2024-05-30,1.63,1.65,1.9177,2,1.903,118.2252
2024-05-31,1.85,2.2,1.87,1.8,1.851,118.0907
2024-06-03,2,1.85,1.85,1.85,1.811,118.1867
2024-06-04,1.5,1.51,1.75,1.9,1.785,118.2405
2024-06-05,1.8,1.75,1.8,2,1.776,118.3332
2024-06-06,1.7,1.75,1.83,1.95,1.78,118.3742
2024-06-07,1.73,1.73,1.81,1.75,1.751,118.3761
2024-06-11,1.69,1.75,1.6,1.9,1.802,118.4098
2024-06-12,1.5,1.49,1.78,1.85,1.796,118.4115
2024-06-13,1.65,2,1.82,2,1.817,118.4398
2024-06-14,1.8,1.8,1.87,1.75,1.813,118.489
2024-06-17,1.7,1.93,1.88,1.85,1.862,118.4809
2024-06-18,1.8,1.8,1.85,1.92,1.882,118.5646
2024-06-19,1.9,1.78,1.88,1.95,1.861,118.6414
2024-06-20,1.9,1.9,1.92,2,1.89,118.7059
2024-06-21,1.7,1.82,1.85,1.8,1.939,118.6011
2024-06-24,1.9,2.1,2.2,2.2,2.008,118.6667
2024-06-25,1.7,1.7,2.07,2.1,2.014,118.8114
2024-06-26,1.5,2.05,1.97,2.35,2.083,118.8542
2024-06-27,1.6,1.88,2.18,2.7,2.028,119.0113
2024-06-28,1.56,2.8,2.17,2.44,2.099,119.0793
2024-07-01,1.4,1.7,1.75,1.95,1.802,118.7874
2024-07-02,1.6,1.86,1.8,1.9,1.796,118.8688
2024-07-03,1.7,1.7,1.75,1.9195,1.8,119.0002
2024-07-04,1.5,1.5,1.78,1.83,1.811,119.0173
2024-07-05,1.77,1.73,1.78,3,1.807,118.8628
2024-07-08,1.7,1.9,1.76,2.15,1.82,118.5501
2024-07-09,1.7,1.82,1.7,2,1.804,118.7468
2024-07-10,1.4,1.4,1.7,1.7,1.8,118.7647
2024-07-11,1.6,1.6,1.7,2.5,1.803,118.7948
2024-07-12,1.69,1.75,1.9,1.75,1.801,118.8945
2024-07-15,1.95,1.95,1.85,2,1.821,118.9497
2024-07-16,1.8,1.7,1.91,2.05,1.894,118.9798
2024-07-17,1.9,1.9,1.88,1.9,1.885,119.0053
2024-07-18,1.96,1.9,1.87,1.9,1.893,118.9375
2024-07-19,1.85,1.85,1.8,1.85,1.855,118.9632
2024-07-22,1.69,2.2,1.75,1.96,1.715,119.2131
2024-07-23,1.75,1.75,1.78,1.75,1.751,119.4059
2024-07-24,1.79,1.85,1.75,2.2,1.742,119.4637
2024-07-25,1.6,1.88,1.9,1.9,1.871,119.5409
2024-07-26,1.69,1.95,1.93,2,1.913,119.6847
2024-07-29,1.6,1.75,1.92,2.2,1.895,119.7958
2024-07-30,1.64,1.64,1.75,1.95,1.814,119.901
2024-07-31,1.6,1.7,1.8,1.95,1.772,120.0443
2024-08-01,1.6,1.8,1.71,2,1.7,120.1976
2024-08-02,1.56,1.52,1.7,1.8,1.7,120.254
2024-08-05,1.5,1.5,1.6,1.9,1.694,120.2997
2024-08-06,1.61,1.75,1.72,1.85,1.687,120.2337
2024-08-07,1.65,1.95,1.76,1.95,1.708,120.3274
2024-08-08,1.8,1.61,1.8,1.85,1.763,119.9702
2024-08-09,1.8,1.85,1.82,1.9217,1.795,119.7413
2024-08-12,2.02,2.02,1.92,2.0998,1.893,119.1755
2024-08-13,1.65,2.05,1.87,1.96,1.828,119.3042
2024-08-14,1.88,1.85,1.88,1.92,1.869,119.639
2024-08-15,1.7,1.7,1.83,1.88,1.814,119.5681
2024-08-16,1.85,1.82,1.83,1.85,1.811,119.6123
2024-08-19,1.9,1.9,1.78,1.85,1.722,119.6889
2024-08-20,1.85,1.85,1.88,1.88,1.761,119.7353
2024-08-21,1.7,1.7,1.88,1.97,1.808,119.6878
2024-08-22,1.75,2,1.8,1.77,1.821,119.8358
2024-08-23,1.82,1.82,1.83,1.85,1.825,119.8543
2024-08-26,1.5,2,1.7,1.83,1.936,119.8688
2024-08-27,1.4,2,1.6,1.7,1.869,119.6048
2024-08-28,1.5,1.5,1.93,1.95,1.758,119.6591
2024-08-29,1.49,1.7,1.85,1.78,1.628,119.6812
2024-08-30,1.65,1.65,1.6,1.8,1.647,119.5901
2024-09-02,1.52,1.8,1.6,1.9,1.689,119.8531
2024-09-03,1.49,1.75,1.7,1.87,1.68,119.9335
2024-09-04,1.54,1.83,1.71,1.95,1.67,120.0303
2024-09-05,1.54,1.85,1.88,1.86,1.68,120.1424
2024-09-06,1.75,1.75,1.8,2.03,1.676,120.0856
2024-09-09,1.75,1.75,1.9,1.75,1.833,120.1839
2024-09-10,1.64,2,1.84,2.05,1.834,120.3215
2024-09-11,1.65,1.85,1.82,1.9,1.776,120.4787
2024-09-12,1.7,1.88,1.83,1.98,1.794,120.496
2024-09-13,1.67,1.88,1.82,1.85,1.806,120.6848
2024-09-14,1.5,1.59,1.63,1.63,1.746,120.8832
2024-09-18,2,2,1.88,2,1.86,120.8873
2024-09-19,1.75,2.15,1.95,2.2,1.947,120.8991
2024-09-20,1.85,2,1.97,1.85,1.929,120.8371
2024-09-23,1.8,1.7,1.85,2,1.859,120.8954
2024-09-24,1.5,1.85,2,2,1.92,120.5912
2024-09-25,1.63,1.82,1.65,2,1.873,120.8902
2024-09-26,1.47,1.95,1.7,2.15,1.838,120.59
2024-09-27,1.35,1.35,2.15,1.95,1.661,119.6374
2024-09-29,1.9,1.85,1.82,1.82,1.727,118.9092
2024-09-30,1.35,1.9,2.3,1.75,1.522,119.5336
2024-10-08,1.49,2.4,1.76,2.5,1.697,119.2747
2024-10-09,1.3,1.8,1.9,2.7,1.803,119.3811
2024-10-10,1.45,2.6,1.65,1.95,1.7,119.7664
2024-10-11,1.4,1.4,1.7,1.7,1.526,119.8536
2024-10-12,1.35,1.35,1.45,2,1.511,119.8476
2024-10-14,1.3,1.8,1.8,1.6,1.587,119.8485
2024-10-15,1.42,1.9,1.5,1.85,1.517,119.9165
2024-10-16,1.6,1.75,1.65,1.5,1.59,119.9885
2024-10-17,1.43,1.55,1.6093,1.9,1.549,120.0879
2024-10-18,1.6,1.4,1.61,1.6,1.568,120.1157
2024-10-21,1.25,1.45,1.48,1.92,1.584,120.0221
2024-10-22,1.52,1.75,1.85,1.9,1.579,119.8451
2024-10-23,1.4,1.45,1.66,1.9,1.595,119.7113
2024-10-24,1.38,1.75,1.8,1.9,1.596,119.727
2024-10-25,1.5,1.5,1.7,1.7,1.703,119.6575
2024-10-28,1.3,1.5,1.9,1.7,1.658,119.6257
2024-10-29,1.3,1.65,1.8,2.05,1.75,119.6496
2024-10-30,1.3,1.3,1.6,1.95,1.656,119.6735
2024-10-31,1.2,1.7,1.7044,2,1.656,119.723
2024-11-01,1.55,1.3,1.55,1.5,1.507,119.8567
2024-11-04,1.2,1.7,1.4,1.85,1.496,119.9216
2024-11-05,1.3,1.3,1.7,1.7,1.5,119.9882
2024-11-06,1.33,1.7,1.55,2,1.5,120.0577
2024-11-07,1.6,1.9,1.7,1.49,1.555,120.0888
2024-11-08,1.52,1.65,1.78,1.7,1.645,120.1694
2024-11-11,1.6,1.71,1.78,1.6,1.655,120.2145
2024-11-12,1.5,1.9,1.75,1.92,1.687,120.373
2024-11-13,1.7,1.65,1.72,1.9,1.644,120.4002
2024-11-14,1.4,1.4,1.73,1.88,1.674,120.3825
2024-11-15,1.52,2,1.8,1.8,1.685,120.4219
2024-11-18,1.47,1.5,1.73,1.83,1.697,120.292
2024-11-19,1.4,1.55,1.8,1.8,1.693,120.3231
2024-11-20,1.45,1.65,1.72,1.8,1.684,120.3609
2024-11-21,1.46,1.46,1.9,1.9,1.659,120.4601
2024-11-22,1.8,1.85,1.64,1.8,1.653,120.5303
2024-11-25,1.47,1.47,1.79,1.88,1.727,120.6237
2024-11-26,1.18,1.18,1.85,1.9,1.723,120.7077
2024-11-27,1.27,1.3,1.5,2.2,1.7,120.7345
2024-11-28,1.3,1.35,1.8,1.9,1.726,120.8042
2024-11-29,1.3,1.4,1.6,1.8,1.631,120.9452
2024-12-02,1.29,1.62,1.45,1.75,1.591,121.3036
2024-12-03,1.37,1.6,1.57,1.75,1.601,121.2884
2024-12-04,1.39,1.39,1.44,1.8,1.588,121.4877
2024-12-05,1.5,1.6,1.72,1.8,1.688,121.5466
2024-12-06,1.5,2,1.8,1.9,1.686,121.5833
2024-12-09,1.5,1.75,1.95,2,1.736,121.8367
2024-12-10,1.35,1.48,1.82,1.85,1.784,122.4249
2024-12-11,1.45,2,1.75,1.85,1.722,122.6048
2024-12-12,1.4,1.75,1.6,2.08,1.635,122.7247
2024-12-13,1.35,1.35,1.7,1.7,1.758,123.0967
2024-12-16,1.45,1.6,2.2,2.1,1.762,123.472
2024-12-17,1.4,1.55,1.9,1.9,1.787,123.3808
2024-12-18,1.28,1.28,1.81,2.1,1.776,123.2593
2024-12-19,1.55,1.7,1.68,2.0296,1.627,123.2447
2024-12-20,1,1.3,1.5713,1.85,1.62,123.6602
2024-12-23,1.3,1.75,1.5,1.7,1.525,123.6214
2024-12-24,1.29,1.8,1.49,1.83,1.489,123.4298
2024-12-25,1.3,1.65,1.6,1.85,1.516,123.2676
2024-12-26,1.35,1.63,2.3,1.5,1.533,123.3905
2024-12-27,1.6,1.6,1.79,1.75,1.74,123.6166
2024-12-30,1.35,1.65,2.5,2.1,1.95,123.5197
2024-12-31,1.75,1.75,1.75,1.75,1.966,123.7793
2025-01-02,1.49,1.49,1.67,1.85,1.643,124.3149
2025-01-03,1.4,1.4,1.68,1.68,1.67,124.4631
2025-01-06,1.55,1.4,1.5,1.8,1.596,124.5227
2025-01-07,1.4,1.85,1.5,1.5,1.541,124.4493
2025-01-08,1.4,1.4,1.62,1.65,1.58,124.4568
2025-01-09,1.58,1.58,1.68,1.7,1.632,124.1598
2025-01-10,1.75,1.75,1.75,1.85,1.692,124.2388
2025-01-13,1.85,2.3,2.46,2.1,1.96,124.0307
2025-01-14,1.5,1.8,2.3,2.9,2.162,124.1834
2025-01-15,1.85,9,2.25,10,2.117,124.2937
2025-01-16,2,1.45,2.34,4.2,2.192,124.1899
2025-01-17,1.5,2.5,2,1.3,2.039,124.0781
2025-01-20,1.5,1.45,2.14,2.5,2.013,123.9467
2025-01-21,1.7,1.8,2,2.4,1.906,124.0853
2025-01-22,1.85,2.5,2.2,2.5,1.813,124.1034
2025-01-23,1.5,3,2.31,3.5,1.995,123.9984
2025-01-24,1.5,1.5,1.5,1.5,2.078,123.9156
2025-01-26,1.49,1.49,1.9626,2,1.864,123.9746
2025-01-27,1.7,1.7,1.9,1.9,1.715,124.1767
2025-02-05,1.7,1.7,1.8,2.08,1.844,124.2608
2025-02-06,1.5,1.4,1.84,1.6,1.785,124.3942
2025-02-07,1.8,1.8,1.6,1.8,1.732,124.4322
2025-02-08,1.5,1.5,1.8,1.7,1.634,124.3858
2025-02-10,1.5,1.85,1.8,1.9,1.729,124.2169
2025-02-11,1.5,1.8,1.88,2.05,1.838,124.2113
2025-02-12,1.7,1.8,1.8,1.75,1.845,124.2041
2025-02-13,1.9,1.8,1.9,2,1.763,124.1524
2025-02-14,1.78,1.78,2,1.9,1.894,123.9809
2025-02-17,1.9,2.3,2.1,2.1,1.999,123.6874
2025-02-18,1.65,1.4,2.1,2.6,2.209,123.4887
2025-02-19,1.75,1.9,2.1,2,1.934,123.5553
2025-02-20,1.946,2.34,2.0622,2.15,1.992,123.3885
2025-02-21,1.5,1.6,1.75,1.4,2.139,123.0746
2025-02-24,1.7,1.75,2.07,2.4,1.941,122.696
2025-02-25,1.8,1.8,2.1,2.02,2.128,122.8672
2025-02-26,1.6,2.1,2.3,2.5,2.131,122.9709
2025-02-27,1.85,1.85,2.3,2.6,2.24,122.7299
2025-02-28,1.6,1.85,1.9,2,2.093,122.9164
2025-03-03,1.32,1.32,1.85,1.85,1.812,123.0968
2025-03-04,1.35,1.35,1.68,1.55,1.718,123.1264
2025-03-05,1.6,1.55,1.78,1.83,1.751,123.1341
2025-03-06,1.4,1.4,1.8,1.8,1.748,122.8403
2025-03-07,1.65,1.85,1.8,1.85,1.718,122.3101
2025-03-10,1.55,1.6,1.82,1.82,1.78,122.1793
2025-03-11,1.68,1.8,1.8,1.8,1.786,121.5736
2025-03-12,1.7,1.7,1.8,1.85,1.78,121.9088
2025-03-13,1.78,1.8,1.8,1.85,1.774,121.8257
2025-03-14,1.75,1.45,1.84,1.6,1.742,121.8961
2025-03-17,1.89,2.1,1.92,1.3,1.819,121.3832
2025-03-18,1.78,2,1.9,1.9,1.903,121.4644
2025-03-19,1.5,1.75,2.1,2.15,1.856,121.4866
2025-03-20,1.6,1.65,1.85,1.87,1.778,121.8763
2025-03-21,1.75,1.75,1.76,1.6,1.754,121.852
2025-03-24,1.75,1.8,1.77,1.9,1.745,121.8235
2025-03-25,1.5,1.5,1.83,1.5,1.815,122.0485
2025-03-26,1.41,1.85,2,2,1.9,122.22
2025-03-27,1.59,2,2.15,2.5,2.004,122.2012
2025-03-28,1.7,1.9,1.9,1.75,1.936,122.1762
2025-03-31,1.5,1.5,2.49,4.5,2.023,122.1429
2025-04-01,1.5,2.05,1.8,2.1,1.807,122.1734
2025-04-02,1.55,1.6,1.75,1.45,1.805,122.321
2025-04-03,1.7,1.7,1.7,1.8,1.689,123.0344
2025-04-07,1.8,1.8,1.75,1.75,1.694,123.6909
2025-04-08,1.65,1.8,1.83,1.8,1.725,123.4007
2025-04-09,1.35,1.9,1.83,2,1.703,123.5073
2025-04-10,1.5,1.65,1.7,1.75,1.681,123.4626
2025-04-11,1.58,1.5,1.65,1.72,1.619,123.5336
2025-04-14,1.5,1.65,1.7,2,1.665,123.4136
2025-04-15,1.7,1.7,1.71,1.75,1.695,123.4784
2025-04-16,1.55,1.52,1.72,1.8,1.696,123.6551
2025-04-17,1.66,1.64,1.7,1.95,1.652,123.6218
2025-04-18,1.6,1.6,1.75,1.6,1.654,123.5925
2025-04-21,1.6,1.52,1.72,1.7,1.68,123.4825
2025-04-22,1.5,1.5,1.65,1.75,1.67,123.5243
2025-04-23,1.55,1.6,1.65,1.65,1.644,123.3972
2025-04-24,1.5,1.5,1.63,1.63,1.69,123.4148
2025-04-25,1.67,1.67,1.65,1.8,1.638,123.4061
2025-04-27,1.65,1.65,1.68,1.77,1.641,123.3952
2025-04-28,1.45,1.45,1.59,1.75,1.723,123.4845
2025-04-29,1.5,1.52,1.75,1.83,1.748,123.662
2025-04-30,1.78,1.75,1.95,1.75,1.762,123.7011
2025-05-06,1.65,1.57,1.7,1.7,1.707,123.7163
2025-05-07,1.6,1.7,1.68,1.7,1.661,123.6662
2025-05-08,1.55,1.55,1.63,1.9,1.594,123.7163
2025-05-09,1.45,1.5,1.54,1.54,1.519,123.7715
2025-05-12,1.35,1.35,1.55,1.55,1.496,123.2919
2025-05-13,1.5,1.5,1.52,1.57,1.49,123.3906
2025-05-14,1.35,1.5,1.45,1.6,1.501,123.3654
2025-05-15,1.35,1.45,1.55,1.58,1.497,123.309
2025-05-16,1.48,1.7,1.6,1.45,1.545,123.2117
2025-05-19,1.53,1.68,1.6,1.7,1.562,123.3248
2025-05-20,1.4,1.45,1.59,1.59,1.556,123.3953
2025-05-21,1.4,1.4,1.6,1.5,1.549,123.3525
2025-05-22,1.48,1.48,1.58,1.6,1.523,123.3271
2025-05-23,1.45,1.45,1.59,1.68,1.552,123.2795
2025-05-26,1.44,1.55,1.51,1.45,1.579,123.3587
2025-05-27,1.45,1.6,1.7,1.55,1.598,123.3147
2025-05-28,1.35,1.35,1.5,1.5,1.578,123.2522
2025-05-29,1.38,1.45,1.7,1.78,1.602,123.0881
2025-05-30,1.6,1.7,1.75,1.6,1.617,123.2801
2025-06-03,1.41,1.39,1.56,1.48,1.515,123.2748
2025-06-04,1.42,1.42,1.5,1.7,1.543,123.2988
2025-06-05,1.4,1.4,1.6,1.62,1.534,123.3364
2025-06-06,1.39,1.39,1.53,1.63,1.5,123.4396
2025-06-09,1.33,1.42,1.45,1.54,1.497,123.5132
2025-06-10,1.37,1.45,1.55,1.55,1.496,123.5174
2025-06-11,1.39,1.42,1.55,1.6,1.502,123.5655
2025-06-12,1.38,1.63,1.54,1.6,1.521,123.5658
2025-06-13,1.45,1.5,1.5,1.45,1.508,123.5496
2025-06-16,1.38,1.38,1.55,1.57,1.51,123.5678
2025-06-17,1.38,1.56,1.5,1.5,1.508,123.6003
2025-06-18,1.38,1.55,1.53,1.63,1.505,123.6447
2025-06-19,1.38,1.48,1.5,1.58,1.524,123.6816
2025-06-20,1.35,1.55,1.5,1.5,1.529,123.6815
2025-06-23,1.35,1.6,1.5,1.62,1.497,123.6845
2025-06-24,1.39,1.45,1.55,1.6,1.629,123.6061
2025-06-25,1.42,1.6,1.69,1.6,1.671,123.5456
2025-06-26,1.43,1.7,1.72,1.6,1.67,123.5013
2025-06-27,1.29,1.6,1.7,1.55,1.668,123.5452
2025-06-30,1.9,1.9,2.3,2.1,1.763,123.5027
2025-07-01,1.29,1.5,1.55,1.45,1.53,123.5604
2025-07-02,1.38,1.5,1.41,1.41,1.497,123.69
2025-07-03,1.3,1.52,1.44,1.48,1.456,123.7217
2025-07-04,1.3,1.55,1.33,1.4,1.423,123.73
2025-07-07,1.39,1.45,1.47,1.55,1.458,123.7389
2025-07-08,1.3,1.45,1.5,1.56,1.455,123.6681
2025-07-09,1.35,1.4,1.48,1.48,1.464,123.6511
2025-07-10,1.3,1.3,1.55,1.53,1.474,123.5754
2025-07-11,1.35,1.45,1.5,1.35,1.475,123.4573
2025-07-14,1.49,1.52,1.55,1.65,1.515,123.3809
2025-07-15,1.3,1.4,1.57,1.59,1.546,123.5143
2025-07-16,1.44,1.6,1.55,1.56,1.504,123.5445
2025-07-17,1.39,1.55,1.53,1.45,1.504,123.5372
2025-07-18,1.4,1.4,1.51,1.48,1.494,123.4859
2025-07-21,1.25,1.4,1.5,1.5,1.477,123.3711
2025-07-22,1.3,1.45,1.45,1.5,1.462,123.3072
2025-07-23,1.39,1.55,1.6,1.6,1.463,123.0613
2025-07-24,1.65,1.6,1.58,1.65,1.545,122.8585
2025-07-25,1.55,1.55,1.64,1.55,1.62,122.8153
2025-07-28,1.4,1.5,1.6,1.55,1.596,122.9395
2025-07-29,1.3,1.47,1.6,1.42,1.545,122.7172
2025-07-30,1.35,1.35,1.53,1.58,1.501,122.8852
2025-07-31,1.2,1.4,1.55,1.48,1.497,123.0465
2025-08-01,1.25,2.115,1.43,1.35,1.446,123.0578
2025-08-04,1.34,1.34,1.5,1.52,1.436,123.1497
2025-08-05,1.35,1.45,1.4445,1.5,1.432,123.0987
2025-08-06,1.3,1.6,1.5,1.5,1.442,123.1615
2025-08-07,1.25,1.25,1.45,1.48,1.434,123.2399
2025-08-08,1.29,1.29,1.45,1.3,1.4356,123.2492
2025-08-11,1.3,1.4,1.45,1.45,1.432,123.1016
2025-08-12,1.3,1.47,1.48,1.38,1.433,122.9455
2025-08-13,1.33,1.5,1.48,1.434,1.434,122.961
2025-08-14,1.32,1.32,1.51,1.32,1.426,122.9142
2025-08-15,1.41,1.41,1.49,1.4,1.465,122.8386
2025-08-18,1.45,1.6,1.53,1.6,1.483,122.4656
2025-08-19,1.45,1.6,1.55,1.65,1.517,122.464
2025-08-20,1.45,1.5,1.57,1.58,1.534,122.4643
2025-08-21,1.42,1.42,1.51,1.4,1.495,122.4538
2025-08-22,1.45,1.42,1.45,1.47,1.463,122.4339
2025-08-25,1.33,1.75,1.55,1.4,1.484,122.5162
2025-08-26,1.2,1.38,1.6,1.53,1.467,122.5441
2025-08-27,1.35,1.5,1.45,1.5,1.491,122.5359
2025-08-28,1.35,1.38,1.54,1.56,1.526,122.3811
2025-08-29,1.29,1.45,1.53,1.35,1.51,122.3554
2025-09-01,1.25,1.37,1.45,1.46,1.438,122.4135
2025-09-02,1.29,1.35,1.36,1.4897,1.431,122.4769
2025-09-03,1.3,1.48,1.45,1.55,1.433,122.6084
2025-09-04,1.3,1.3,1.45,1.5,1.437,122.7072
2025-09-05,1.3,1.47,1.45,1.4,1.427,122.5032
2025-09-08,1.3,1.5,1.48,1.53,1.438,122.3226
2025-09-09,1.3,1.43,1.45,1.5,1.467,122.2398
2025-09-10,1.35,1.5,1.45,1.45,1.449,122.0016
2025-09-11,1.34,1.48,1.48,1.51,1.466,122.0809
2025-09-12,1.41,1.42,1.45,1.51,1.46,122.1846
2025-09-15,1.45,1.46,1.45,1.51,1.47,122.2439
2025-09-16,1.46,1.55,1.5,1.55,1.475,122.3468
2025-09-17,1.45,1.6,1.54,1.6,1.519,122.4944
2025-09-18,1.45,1.6,1.56,1.55,1.528,122.4011
2025-09-19,1.49,1.47,1.53,1.51,1.488,122.2178
2025-09-22,1.4,1.54,1.48,1.42,1.466,122.246
2025-09-23,1.4,1.4,1.52,1.52,1.462,122.1874
2025-09-24,1.34,1.5,1.59,1.55,1.59,121.9863
2025-09-25,1.3,1.57,1.6,1.6,1.584,121.9528
2025-09-26,1.25,1.57,1.5,1.65,1.501,121.9949
2025-09-28,1.3,1.3,1.58,1.94,1.497,122.0621
2025-09-29,1.3,1.4,1.9,1.95,1.523,122.0222
2025-09-30,1.35,1.35,1.45,1.6,1.405,122.1672
2025-10-09,1.3,1.33,1.52,1.58,1.495,122.3024
2025-10-10,1.34,1.34,1.37,1.45,1.451,122.3693
2025-10-11,1.3,1.45,1.35,1.35,1.403,122.5736
2025-10-13,1.28,1.4,1.46,1.5,1.447,122.4972
2025-10-14,1.3,1.4,1.4,1.45,1.423,122.4668
2025-10-15,1.29,1.25,1.43,1.43,1.414,122.5051
2025-10-16,1.3,1.4,1.45,1.55,1.419,122.4818
2025-10-17,1.35,1.37,1.4085,1.35,1.415,122.5868
2025-10-20,1.3,1.3,1.4,1.3,1.418,122.4993
2025-10-21,1.3,1.4,1.44,1.49,1.426,122.4544
2025-10-22,1.3,1.44,1.4,1.48,1.422,122.4993
2025-10-23,1,1.36,1.45,1.45,1.417,122.4652
2025-10-24,1.38,1.47,1.34,1.5,1.414,122.3718
2025-10-27,1.3,1.5,1.5,1.6,1.542,122.3653
2025-10-28,1.3,1.49,1.48,1.48,1.53,122.6601
2025-10-29,1.34,1.55,1.5,1.52,1.512,122.6407
2025-10-30,1.31,1.31,1.48,1.65,1.484,122.7014
2025-10-31,1.35,1.5,1.46,1.57,1.439,122.8424
2025-11-03,1.3,1.5,1.43,1.6,1.412,122.8694
2025-11-04,1.29,1.43,1.45,1.45,1.415,122.8581
2025-11-05,1.35,1.35,1.44,1.55,1.423,122.908
2025-11-06,1.25,1.5,1.43,1.6,1.421,122.8127
2025-11-07,1.35,1.5,1.41,1.43,1.422,122.7515
2025-11-10,1.45,1.5,1.5,1.46,1.478,122.7004
2025-11-11,1.4,1.5767,1.51,1.55,1.501,122.7278
2025-11-12,1.39,1.39,1.48,1.48,1.474,122.7488
2025-11-13,1.3,1.56,1.46,1.4,1.474,122.6973
2025-11-14,1.4,1.45,1.47,1.65,1.468,122.6955
2025-11-17,1.5,1.52,1.52,1.3,1.514,122.7039
2025-11-18,1.45,1.45,1.55,1.6,1.518,122.7156
2025-11-19,1.4,1.45,1.51,1.54,1.487,122.6693
2025-11-20,1.3,1.52,1.5,1.53,1.46,122.6687
2025-11-21,1.3,1.4,1.45,1.5,1.417,122.6852
2025-11-24,1.3,1.48,1.45,1.45,1.447,122.6642
2025-11-25,1.29,1.48,1.45,1.37,1.433,122.6325
2025-11-26,1.28,1.42,1.5,1.2,1.453,122.4873
2025-11-27,1.28,1.4,1.45,1.68,1.425,122.3928
2025-11-28,1.28,1.45,1.5,1.38,1.437,122.3596
2025-12-01,1.28,1.49,1.4,1.8,1.454,122.4072
2025-12-02,1.28,1.28,1.48,1.5,1.434,122.4013
2025-12-03,1.28,1.46,1.4,1.35,1.426,122.3611
2025-12-04,1.4,1.48,1.4,1.53,1.424,122.1493
2025-12-05,1.31,1.46,1.4,1.42,1.416,122.2023
2025-12-08,1.2,1.6,1.46,1.47,1.426,122.2151
2025-12-09,1.28,1.6,1.47,1.4,1.431,122.2897
2025-12-10,1.25,1.4,1.46,1.55,1.439,122.2699
2025-12-11,1.25,1.43,1.45,1.5582,1.432,122.3655
2025-12-12,1.3,1.3,1.46,1.4,1.451,122.3258
2025-12-15,1.45,1.41,1.48,1.53,1.432,122.192
2025-12-16,1.31,1.45,1.48,1.52,1.429,122.1561
2025-12-17,1.25,1.4,1.48,1.4,1.428,122.2548
2025-12-18,1.25,1.43,1.46,1.58,1.426,122.323
2025-12-19,1.2,1.47,1.44,1.5,1.4311,122.3793
2025-12-22,1.45,1.55,1.35,1.6,1.417,122.3402
2025-12-23,1.3,1.45,1.33,1.5,1.399,122.3662
2025-12-24,1.2,1.2,1.38,1.5,1.385,122.4383
2025-12-25,1.1,1.55,1.4,1.68,1.4,122.4148
2025-12-26,1.1,1.53,1.36,1.4,1.448,122.408
2025-12-29,1.35,1.4,1.55,1.88,1.558,122.185
2025-12-30,1.23,1.6,1.66,2.15,1.589,122.124
2025-12-31,1.33,1.33,1.8,1.25,1.956,122.1349
2026-01-04,1.15,1.15,1.43,1.5,1.428,122.1975
2026-01-05,1.25,1.35,1.44,1.35,1.423,122.1183
2026-01-06,1.4,1.53,1.48,1.48,1.422,121.947
2026-01-07,1.3,1.45,1.5,1.51,1.45,121.8285
2026-01-08,1.3,1.36,1.4,1.4,1.462,121.9266
2026-01-09,1.28,1.5,1.5,1.54,1.461,121.9647
2026-01-12,1.38,1.38,1.45,1.45,1.473,122.0659
2026-01-13,1.32,1.4,1.55,1.6,1.523,122.1399
2026-01-14,1.55,1.45,1.52,1.5,1.55,122.2203
2026-01-15,1.35,1.35,1.5,1.35,1.485,122.3353
2026-01-16,1.3,1.42,1.4,1.35,1.47,122.3775
2026-01-19,1.3204,1.3759,1.4779,1.5416,1.467,122.4486
2026-01-20,1.3427,1.4172,1.4958,1.5393,1.483,122.4921
2026-01-21,1.3563,1.4457,1.5014,1.549,1.488,122.5357
2026-01-22,1.4217,1.4859,1.5163,1.5575,1.497,122.5425
2026-01-23,1.4166,1.464,1.4999,1.5276,1.491,122.552
2026-01-26,1.4349,1.4958,1.5819,1.6404,1.543,122.6067
2026-01-27,1.368,1.4644,1.5504,1.6328,1.564,122.6114
2026-01-28,1.3633,1.4483,1.5497,1.6143,1.527,122.6587
2026-01-29,1.3169,1.4297,1.5971,1.6414,1.572,122.735
2026-01-30,1.3202,1.4745,1.5991,1.6306,1.58,122.7364
2026-02-02,1.3644,1.4398,1.4892,1.5591,1.485,122.7691
2026-02-03,1.3207,1.4118,1.4861,1.5674,1.488,122.6798
2026-02-04,1.3203,1.4098,1.5007,1.5735,1.473,122.6933
2026-02-05,1.2703,1.3943,1.4864,1.569,1.464,122.7223
2026-02-06,1.2718,1.3723,1.4701,1.514,1.435,122.8175
2026-02-09,1.3406,1.4694,1.5757,1.5947,1.505,122.8551
2026-02-10,1.3434,1.4602,1.5657,1.6203,1.531,122.8876
2026-02-11,1.3584,1.4739,1.5601,1.6265,1.523,122.9487
2026-02-12,1.3148,1.4138,1.5484,1.6178,1.518,123.0156
2026-02-13,1.25,1.2634,1.409,1.5273,1.43,123.0464
2026-02-14,1.3095,1.3096,1.5019,1.5019,1.3233,122.9725
2026-02-24,1.4012,1.4651,1.5205,1.6087,1.553,122.9673
2026-02-25,1.3642,1.4518,1.4921,1.574,1.497,122.8964
2026-02-26,1.359,1.438,1.4733,1.5666,1.457,122.7429
2026-02-27,1.2937,1.324,1.4772,1.5303,1.474,122.7457
2026-02-28,1.2999,1.317,1.5209,1.4983,1.5,122.8733
2026-03-02,1.2911,1.3832,1.4591,1.5287,1.466,122.8662
2026-03-03,1.2476,1.3516,1.4424,1.5084,1.448,122.9129
2026-03-04,1.2737,1.3579,1.422,1.5185,1.415,122.91
2026-03-05,1.2784,1.3785,1.4272,1.5223,1.412,122.9818
2026-03-06,1.3092,1.3895,1.433,1.4927,1.412,122.9501
2026-03-09,1.3328,1.3947,1.4495,1.5048,1.423,122.7748
2026-03-10,1.314,1.4022,1.4333,1.5097,1.432,122.7506
2026-03-11,1.36,1.4283,1.4706,1.518,1.46,122.7237
2026-03-12,1.3216,1.4111,1.4817,1.5222,1.465,122.6915
2026-03-13,1.3455,1.4186,1.4721,1.4927,1.457,122.7211
2026-03-16,1.3142,1.4008,1.4571,1.5143,1.441,122.5971
2026-03-17,1.305,1.409,1.4399,1.5066,1.4291,122.5967
2026-03-18,1.3049,1.4104,1.4397,1.5039,1.425,122.6463
2026-03-19,1.3092,1.3946,1.4294,1.4908,1.423,122.6746
2026-03-20,1.3076,1.3955,1.4318,1.4748,1.417,122.7083
2026-03-23,1.3117,1.3956,1.4271,1.486,1.422,122.6472
2026-03-24,1.3084,1.3777,1.4242,1.4874,1.417,122.6649
2026-03-25,1.3235,1.4188,1.4612,1.5428,1.435,122.6936
2026-03-26,1.3064,1.3858,1.453,1.5594,1.438,122.7066
2026-03-27,1.3023,1.3606,1.447,1.4906,1.428,122.7542
2026-03-30,1.2646,1.3665,1.4458,1.5045,1.418,122.8297
2026-03-31,1.254,1.4008,1.3513,1.4898,1.438,122.8601
2026-04-01,1.2592,1.3623,1.4016,1.4726,1.421,122.805
2026-04-02,1.2523,1.3113,1.4106,1.4352,1.404,122.736
2026-04-03,1.2156,1.2742,1.3324,1.3855,1.338,122.7585
2026-04-07,1.2073,1.2705,1.3367,1.408,1.324,122.7909
2026-04-08,1.2066,1.2666,1.3185,1.4129,1.323,122.7866
2026-04-09,1.2149,1.2916,1.3335,1.4237,1.32,122.8339
2026-04-10,1.2383,1.3011,1.336,1.4061,1.319,122.8386
2026-04-13,1.2305,1.3139,1.3876,1.4226,1.359,122.9307
2026-04-14,1.212,1.3023,1.3683,1.4118,1.36,123.0164
2026-04-15,1.22,1.2966,1.3625,1.4104,1.367,123.0554
2026-04-16,1.2048,1.2887,1.3281,1.3894,1.336,123.0979
2026-04-17,1.2098,1.2845,1.3372,1.3936,1.326,123.1613
2026-04-20,1.2137,1.2889,1.3352,1.3969,1.328,123.2378
2026-04-21,1.2171,1.2906,1.3318,1.3978,1.331,123.2446
2026-04-22,1.2091,1.295,1.3228,1.396,1.327,123.3627
2026-04-23,1.2041,1.2861,1.3231,1.3916,1.329,123.3189
2026-04-24,1.2321,1.3108,1.346,1.3728,1.324,123.2308
2026-04-27,1.2472,1.3325,1.3701,1.3979,1.358,123.101
2026-04-28,1.2363,1.3113,1.3722,1.3972,1.364,123.1106
2026-04-29,1.2414,1.3269,1.3821,1.4021,1.373,123.2294
2026-04-30,1.3098,1.36,1.3885,1.395,1.391,123.2218
2026-05-06,1.2795,1.3454,1.3849,1.4027,1.365,123.1478
2026-05-07,1.2337,1.3123,1.3645,1.3999,1.381,123.1235
2026-05-08,1.2013,1.217,1.2961,1.3405,1.345,123.1703
2026-05-09,1.2017,1.2057,1.3027,1.3011,1.318,123.1707
2026-05-11,1.2058,1.2611,1.3326,1.3821,1.34,123.1749
2026-05-12,1.248,1.2776,1.3019,1.3404,1.308,123.2432
2026-05-13,1.2533,1.287,1.2936,1.3504,1.299,123.2685
2026-05-14,1.2552,1.2928,1.289,1.362,1.305,123.2988
2026-05-15,1.2551,1.2804,1.321,1.3515,1.313,123.2654
2026-05-18,1.2551,1.2929,1.3245,1.3538,1.322,123.2773
2026-05-19,1.2574,1.3009,1.3193,1.3614,1.32,123.3837
2026-05-20,1.2807,1.3198,1.3287,1.3703,1.339,123.447
2026-05-21,1.2981,1.3273,1.3422,1.4047,1.331,123.458
2026-05-22,1.3168,1.3422,1.3715,1.3765,1.365,123.3949
2026-05-25,1.3269,1.3564,1.3849,1.3997,1.401,123.3926
2026-05-26,1.3054,1.3333,1.3708,1.383,1.377,123.4371
2026-05-27,1.3036,1.3424,1.3688,1.3838,1.371,123.5663
2026-05-28,1.2987,1.3378,1.3608,1.3825,1.362,123.6747
2026-05-29,1.3393,1.3754,1.3876,1.4039,1.387,123.7006
2026-06-01,1.3266,1.3483,1.3647,1.3798,1.376,123.8237
2026-06-02,1.2954,1.3336,1.3413,1.3813,1.353,123.8504
2026-06-03,1.3072,1.3405,1.3493,1.3623,1.347,123.8513
2026-06-04,1.3032,1.3363,1.3513,1.3851,1.348,123.8208
2026-06-05,1.3589,1.3809,1.3798,1.3937,1.382,123.8399
2026-06-08,1.3769,1.3973,1.4018,1.4068,1.401,123.7374
2026-06-09,1.3736,1.3921,1.4104,1.4144,1.42,123.668
2026-06-10,1.3982,1.4175,1.4147,1.4188,1.413,123.5393
2026-06-11,1.4019,1.4165,1.4578,1.4438,1.441,123.4459
2026-06-12,1.4065,1.4209,1.4533,1.4541,1.453,123.432
2026-06-15,1.4409,1.4585,1.4798,1.4733,1.461,123.4489
2026-06-16,1.3969,1.4217,1.4807,1.4799,1.488,123.5237
2026-06-17,1.4288,1.4499,1.4628,1.4687,1.464,123.6076
2026-06-18,1.4281,1.444,1.465,1.4719,1.462,123.6585
2026-06-22,1.4453,1.4784,1.4646,1.4862,1.475,123.6464
2026-06-23,1.4105,1.4522,1.4764,1.5229,1.497,123.6163
2026-06-24,1.4043,1.438,1.5404,1.5713,1.548,123.5906
2026-06-25,1.3919,1.428,1.4871,1.5496,1.513,123.6345
2026-06-26,1.354,1.3946,1.4632,1.5011,1.467,123.6813
2026-06-29,1.3261,1.417,1.456,1.5347,1.45,123.8026
2026-06-30,1.3655,1.5394,1.4559,1.5501,1.458,123.7951
2026-07-01,1.4125,1.458,1.4546,1.512,1.463,123.6494
2026-07-02,1.3481,1.3931,1.4059,1.4653,1.437,123.6289
2026-07-03,1.3524,1.3673,1.403,1.405,1.396,123.6387
2026-07-06,1.3516,1.3694,1.3927,1.4245,1.39,123.692
2026-07-07,1.3597,1.371,1.3803,1.4269,1.3825,123.7197
2026-07-08,1.3582,1.3713,1.3812,1.4237,1.381,123.7156
2026-07-09,1.3528,1.3644,1.3815,1.4138,1.38,123.7796
2026-07-10,1.3591,1.3686,1.3886,1.4075,1.383,123.7577
2026-07-13,1.3756,1.3795,1.4084,1.4193,1.4,123.7646
2026-07-14,1.385,1.3903,1.4192,1.4307,1.402,123.721
2026-07-15,1.4021,1.4175,1.4348,1.438,1.4235,123.7722
2026-07-16,1.3986,1.421,1.4457,1.4456,1.44,123.7593
2026-07-17,1.4061,1.4227,1.4445,1.4359,1.435,123.7473
2026-07-20,1.3997,1.4047,1.4015,1.4289,1.431,123.7679
2026-07-21,1.3525,1.3729,1.3839,1.4183,1.401,123.7504
2026-07-22,1.3529,1.3731,1.3988,1.4156,1.401,123.844
2026-07-23,1.3661,1.3772,1.3962,1.4217,1.393,123.909
2026-07-24,1.3939,1.4007,1.409,1.4164,1.4,123.8758
2026-07-27,1.419,1.4328,1.4313,1.4454,1.4316,123.9103
2026-07-28,1.4235,1.4633,1.4656,1.4769,1.46,123.8947
2026-07-29,1.4207,1.4589,1.5003,1.5094,1.51,123.896
2026-07-30,1.3852,1.42,1.4447,1.4835,1.455,123.9586
2026-07-31,1.3892,1.4501,1.4574,1.4663,1.453,124.0416
2026-08-03,1.3765,1.3814,1.3972,1.4409,1.431,124.1068
2026-08-04,1.3494,1.3648,1.3796,1.4175,1.388,124.0924
2026-08-05,1.3505,1.3685,1.3745,1.4192,1.377,124.1381
2026-08-06,1.344,1.3632,1.3893,1.4181,1.383,124.1134
2026-08-07,1.3454,1.3628,1.3916,1.4089,1.391,124.1204
2026-08-10,1.3519,1.3699,1.3823,1.4197,1.4,124.1733
2026-08-11,1.3496,1.3662,1.3902,1.4255,1.394,124.1867
2026-08-12,1.3605,1.373,1.3849,1.428,1.3981,124.1369
2026-08-13,1.366,1.3747,1.3826,1.4228,1.3991,124.2117
2026-08-14,1.3458,1.3626,1.3905,1.3966,1.39,124.2841
2026-08-17,1.3531,1.3666,1.3802,1.4237,1.3854,124.3565
2026-08-18,1.3483,1.3653,1.3633,1.4148,1.38,124.3932
2026-08-19,1.3719,1.3821,1.3849,1.4207,1.385,124.4075
2026-08-20,1.3941,1.4045,1.3931,1.4251,1.39,124.3497
2026-08-21,1.4068,1.4171,1.4408,1.4412,1.4256,124.3203
2026-08-24,1.4072,1.4226,1.4377,1.4432,1.432,124.4005
2026-08-25,1.3967,1.4133,1.4448,1.4615,1.4535,124.3779
2026-08-26,1.3881,1.3985,1.4277,1.4448,1.424,124.3108
2026-08-27,1.3362,1.3589,1.3987,1.4315,1.394,124.203
2026-08-28,1.3276,1.3519,1.3806,1.4174,1.387,124.222
2026-08-31,1.4095,1.4077,1.4146,1.4199,1.414,124.252
2026-09-01,1.3437,1.3616,1.3712,1.4187,1.391,124.3125
2026-09-02,1.3361,1.356,1.3709,1.4215,1.377,124.2916
2026-09-03,1.3386,1.3555,1.3898,1.4183,1.374,124.3659
2026-09-04,1.3495,1.3629,1.3745,1.404,1.376,124.3546
2026-09-07,1.3611,1.3664,1.3875,1.4198,1.38,124.3751
2026-09-08,1.3465,1.3681,1.3917,1.4171,1.38,124.3445
2026-09-09,1.3803,1.3884,1.3906,1.4221,1.392,124.3601
2026-09-10,1.3507,1.3756,1.4116,1.4358,1.41,124.3535
2026-09-11,1.4119,1.4051,1.4272,1.4197,1.42,124.2929
2026-09-14,1.4118,1.4127,1.4156,1.4285,1.418,124.3048
2026-09-15,1.4081,1.4137,1.4264,1.4388,1.421,124.3435
2026-09-16,1.4533,1.4511,1.4381,1.4487,1.432,124.3751
