date,equity,equity_gross,benchmark_equity,benchmark_equity_gross,daily_return,benchmark_return,excess_return,drawdown,position
2011-06-27,1.0,1.0,0.9998000399920016,1.0,0.0,0.0,0.0,0.0,0
2011-06-28,0.9998000399920016,1.0,0.9998218170740656,1.0000217814374803,-0.00019996000799837876,2.1781437480328236e-05,-0.000221741445478707,-0.00019996000799837876,-1
2011-06-29,0.9998559017248946,1.0000558729052393,0.9997659541244236,0.9999659073152485,5.587290523956234e-05,-5.587290523978439e-05,0.00011174581047934673,-0.00014409827510541984,-1
2011-06-30,1.0002923806886854,1.000492439164823,0.9993294656534935,0.9995293315466242,0.00043654186872110756,-0.0004365906531718089,0.0008731325218929165,0.0,-1
2011-07-01,0.9986979542786556,0.9988976938695111,1.0009239267924226,1.0011241115777811,-0.0015939603668000402,0.0015955309972637277,-0.003189491364063768,-0.0015939603668000402,-1
2011-07-04,0.9990170289224678,0.9992168323282524,1.000604845198706,1.0008049661677456,0.00031949063522684895,-0.00031878705781285266,0.0006382776930397016,-0.001274978986983366,-1
2011-07-05,0.9986686031986609,0.9988683369193005,1.0009532785117259,1.0011534691674282,-0.0003487685532074236,0.00034822269219647595,-0.0006969912454038996,-0.0016233028676141403,-1
2011-07-06,0.9988191458347622,0.9990189096639293,1.0008027325965894,1.0010028931431088,0.00015074333529563333,-0.00015040253962739225,0.0003011458749230256,-0.001472804234406877,-1
2011-07-07,0.9992849758785478,0.9994848328737234,1.000336892406356,1.0005369597848373,0.0004663807714622159,-0.0004654665450649631,0.000931847316527179,-0.001007110350519702,-1
2011-07-08,0.9989498054811898,0.9991495954422862,1.000672070104207,1.0008722045182277,-0.00033541022375849217,0.00033506481705836144,-0.0006704750408168536,-0.001342182779170309,-1
2011-07-11,0.9998966145132742,1.0000965938361768,0.9997252404492609,0.9999251854973508,0.0009478044110817763,-0.0009461937464162462,0.0018939981574980225,-0.0003956504948471329,-1
2011-07-12,0.9991136034437405,0.9993134261644292,1.0005082685739013,1.000708370227616,-0.000783092029884358,0.0007832433282253248,-0.0015663353581096828,-0.001178432693982323,-1
2011-07-13,1.0001749763687071,1.0003750113639809,0.9994468725307067,0.9996467619052128,0.0010623145569315096,-0.0010608568429998355,0.002123171399931345,-0.00011737000325595659,-1
2011-07-14,1.0014900941142721,1.0016903921330949,0.9981317261399868,0.9983313524852148,0.0013148876712949509,-0.001315874236906489,0.00263076190820144,0.0,-1
2011-07-15,1.0023176052083138,1.0025180687293553,0.9973041970215639,0.9975036578609682,0.0008262798592866272,-0.0008290780632964623,0.0016553579225830894,0.0,-1
2011-07-18,1.0041004466157286,1.0043012667050517,0.9955213167813005,0.9957204210446567,0.0017787190389060292,-0.0017876995259700212,0.0035664185648760505,0.0,-1
2011-07-19,1.0089443216238718,1.0091461104881967,0.9906773362665965,0.9908754717338498,0.004824094067948259,-0.004865772769553023,0.009689866837501282,0.0,-1
2011-07-20,1.0131642494798716,1.0133668823297675,0.986457316494502,0.9866546079578008,0.004182518069191232,-0.0042597318194416145,0.008442249888632847,0.0,-1
2011-07-21,1.014931941942773,1.0151349283311615,0.9846895855287177,0.9848865234458234,0.0017447244746435775,-0.0017919994471389256,0.003536723921782503,0.0,-1
2011-07-22,1.013943473313277,1.0141462620079396,0.9856780756884813,0.985875211303619,-0.0009739260226687696,0.0010038596673416222,-0.001977785690010392,-0.0009739260226687696,-1
2011-07-25,1.0128139301380004,1.013016492924028,0.9868076434668321,0.9870050049955255,-0.0011140100064805925,0.0011459804232347715,-0.002259990429715364,-0.002086851065814632,-1
2011-07-26,1.0135211964849673,1.0137239007242644,0.9861003617145873,0.9862975817869302,0.0006983181470170408,-0.000716737204993767,0.0014150553520108078,-0.0013899902047670443,-1
2011-07-27,1.0134691219882028,1.0136718158126006,0.9861524373456093,0.9863496678330784,-5.1379780654836615e-05,5.280966628129491e-05,-0.00010418944693613152,-0.0014412985680301027,-1
2011-07-28,1.013335621914679,1.0135382890390618,0.9862859403269567,0.9864831975150221,-0.00013172584208775984,0.00013537763158266714,-0.00026710347367042697,-0.0015728345538502664,-1
2011-07-29,1.0126614938838348,1.0128640261826116,0.9869600830412782,0.9871574750578865,-0.000665256422714533,0.0006835165003955535,-0.0013487729231100865,-0.002237044638276009,-1
2011-08-01,1.011799897664638,1.012002257644171,0.9878216980272794,0.9880192623668848,-0.0008508235223719796,0.0008729988180942172,-0.0017238223404661968,-0.003085964830449095,-1
2011-08-02,1.0120640573845896,1.0122664701960664,0.9875575325535493,0.98775504406006,0.0002610790143005026,-0.0002674222223075784,0.000528501236608081,-0.002825691496804894,-1
2011-08-03,1.0154877188446065,1.0156908163883753,0.9841337965212643,0.9843306232805685,0.003382850556776562,-0.0034668724802615625,0.006849723037038125,0.0,-1
2011-08-04,1.014292845846116,1.0144957044152854,0.9853286955458064,0.9855257612849155,-0.0011766493836578018,0.0012141631846867007,-0.0023908125683445025,-0.0011766493836578018,-1
2011-08-05,1.0108322588338479,1.0110344252856147,0.9887893579346341,0.988987115806221,-0.0034118223612050746,0.0035121908094950527,-0.006924013170700127,-0.004584457226184391,-1
2011-08-08,1.0090986514961018,1.0093004712264007,0.9905230030328404,0.9907211076334469,-0.0017150296922122665,0.0017533007250680743,-0.003468330417280341,-0.006291624438131138,-1
2011-08-09,1.0067865438397516,1.0069879011485194,0.9928351610502186,0.9930337280824286,-0.0022912602775974067,0.0023342799816852278,-0.0046255402592826345,-0.00856846896657193,-1
2011-08-10,1.0065659373352762,1.0067672505227432,0.9930557723598209,0.9932543835142928,-0.0002191194407843433,0.0002222033608971774,-0.0004413228016815207,-0.008785710889227971,-1
2011-08-11,1.0038997231009268,1.0041005030455468,0.995722044668149,0.9959211890770826,-0.002648822233551673,0.002684916983053398,-0.005333739216605071,-0.01141126133643866,-1
2011-08-12,1.0041695636750707,1.0043703975878056,0.9954521982164894,0.9956512886561327,0.00026879235837462545,-0.00027100580237671146,0.0005397981607513369,-0.011145536237910703,-1
2011-08-15,1.0038646911667395,1.0040654641049729,0.995757077365382,0.9959562287808551,-0.0003036066012750416,0.00030627201330091225,-0.0006098786145759538,-0.011445758980809129,-1
2011-08-16,1.0056475325741543,1.005848662080669,0.9939741971251187,0.9941729919645437,0.0017759778016923633,-0.0017904770960609495,0.003566454897753313,-0.009690108592990354,-1
2011-08-17,1.0049620428349253,1.0051630352434922,0.9946597017952995,0.9948586337356585,-0.0006816401542539818,0.0006896604279702512,-0.001371300582224233,-0.010365143580128189,-1
2011-08-18,1.0058946497315282,1.0060958286614745,0.9937270745851777,0.9939258200000948,0.0009280021103803548,-0.0009376344577330942,0.001865636568113449,-0.00944676034486469,-1
2011-08-19,1.003489754790034,1.0036904527409922,0.9961320219087406,0.9963312483131224,-0.0023908020011200737,0.002420128609826655,-0.004810930610946729,-0.011814977012448158,-1
2011-08-22,1.0040104997576806,1.004211301857632,0.9956112655985204,0.9958103878516401,0.0005189340151814381,-0.0005227784056397455,0.0010417124208211836,-0.011302174190727099,-1
2011-08-23,1.0048654683136526,1.0050664414073154,0.9947562784201041,0.9949552296757881,0.0008515534012625281,-0.0008587560305500785,0.0017103094318126066,-0.010460245194338302,-1
2011-08-24,1.005396628180652,1.005597707506288,0.9942251069836794,0.994423952005076,0.0005285880386463049,-0.0005339714339559487,0.0010625594726022536,-0.009937186316183122,-1
2011-08-25,1.0073811399119008,1.007582616139883,0.9922405520269124,0.9924390001373178,0.001973859545202572,-0.001996082117447062,0.003969941662649634,-0.007982941381043163,-1
2011-08-26,1.0077802521104313,1.008180172126428,0.9916431025146415,0.9918414311351444,0.00039618788035422625,-0.0006021216438397703,0.0009983095241939965,-0.007589916245313688,0
2011-08-29,1.0077802521104313,1.008180172126428,0.9856468303098681,0.9858439596759301,0.0,-0.0060468047320330065,0.0060468047320330065,-0.007589916245313688,0
2011-08-30,1.0077802521104313,1.008180172126428,0.9823367138361768,0.9825331811789441,0.0,-0.003358318996116161,0.003358318996116161,-0.007589916245313688,0
2011-08-31,1.0077802521104313,1.008180172126428,0.9831850732070084,0.9833817102216498,0.0,0.0008636136254325244,-0.0008636136254325244,-0.007589916245313688,0
2011-09-01,1.0077802521104313,1.008180172126428,0.9849386017279685,0.9851355894483141,0.0,0.0017835182497638602,-0.0017835182497638602,-0.007589916245313688,0
2011-09-02,1.0077802521104313,1.008180172126428,0.9852368530692764,0.9854339004398903,0.0,0.00030281211517624307,-0.00030281211517624307,-0.007589916245313688,0
2011-09-05,1.0077802521104313,1.008180172126428,0.9863730486552118,0.9865703232649429,0.0,0.001153220753360884,-0.001153220753360884,-0.007589916245313688,0
2011-09-06,1.0077802521104313,1.008180172126428,0.9885242456312492,0.9887219504803754,0.0,0.0021809162151888994,-0.0021809162151888994,-0.007589916245313688,0
2011-09-07,1.0077802521104313,1.008180172126428,0.9865415843337921,0.9867388926506588,0.0,-0.002005677965127628,0.002005677965127628,-0.007589916245313688,0
2011-09-08,1.0077802521104313,1.008180172126428,0.9857888547581101,0.9859860125290617,0.0,-0.0007629983242828375,0.0007629983242828375,-0.007589916245313688,0
2011-09-09,1.0077802521104313,1.008180172126428,0.9877412175066088,0.9879387657501101,0.0,0.001980508035849038,-0.001980508035849038,-0.007589916245313688,0
2011-09-13,1.0075787363631588,1.008180172126428,0.988876466262889,0.9890742415561417,-0.00019996000799837876,0.001149338243822573,-0.0013492982518209518,-0.007788358573598941,-1
2011-09-14,1.0079694547301445,1.0085711237178667,0.988493000252636,0.9886906988526865,0.00038777948847568133,-0.00038777948847568133,0.0007755589769513627,-0.007403599250827009,-1
2011-09-15,1.0094127008462213,1.0100152313247608,0.9870765430888366,0.9872739583974544,0.0014318351705042698,-0.0014329460739097577,0.0028647812444140275,-0.005982364814118402,-1
2011-09-16,1.0108636648559666,1.0114670614322265,0.9856525112877979,0.9858496417900554,0.0014374338746965254,-0.0014426761642847286,0.002880110038981254,-0.004553530193256328,-1
2011-09-19,1.0113296326862238,1.0119333074042385,0.985195192564459,0.9853922316029718,0.0004609601140659336,-0.00046397560813937755,0.0009249357222053112,-0.004094669074987678,-1
2011-09-20,1.0114434341860552,1.0122479993025324,0.9848865260969465,0.9850835034021659,0.00011252661462024527,-0.00031330488601855055,0.0004258315006387958,-0.003982603219616299,0
2011-09-21,1.0114434341860552,1.0122479993025324,0.9854697731643933,0.9856668671190262,0.0,0.0005921972247484586,-0.0005921972247484586,-0.003982603219616299,0
2011-09-22,1.0114434341860552,1.0122479993025324,0.98631529204626,0.9865125551046693,0.0,0.0008579856073633874,-0.0008579856073633874,-0.003982603219616299,0
2011-09-23,1.0114434341860552,1.0122479993025324,0.9926846151350822,0.9928831520581092,0.0,0.006457694755607202,-0.006457694755607202,-0.003982603219616299,0
2011-09-26,1.0114434341860552,1.0122479993025324,0.9982188344682417,0.9984184782351353,0.0,0.005575002622969505,-0.005575002622969505,-0.003982603219616299,0
2011-09-27,1.0114434341860552,1.0122479993025324,0.9968904324623525,0.9970898105488449,0.0,-0.0013307723316969833,0.0013307723316969833,-0.003982603219616299,0
2011-09-28,1.0114434341860552,1.0122479993025324,0.9960449135804856,0.9962441225632017,0.0,-0.000848156281105461,0.000848156281105461,-0.003982603219616299,0
2011-09-29,1.0114434341860552,1.0122479993025324,0.9983191984116662,0.9985188622513484,0.0,0.002283315541470099,-0.002283315541470099,-0.003982603219616299,0
2011-09-30,1.0114434341860552,1.0122479993025324,1.0000812483995207,1.0002812646492005,0.0,0.001765016630610683,-0.001765016630610683,-0.003982603219616299,0
2011-10-08,1.0114434341860552,1.0122479993025324,1.001126548338581,1.0013267736482487,0.0,0.0010452150170128238,-0.0010452150170128238,-0.003982603219616299,0
2011-10-09,1.0114434341860552,1.0122479993025324,1.0049081859804354,1.0051091676176316,0.0,0.003777382238169924,-0.003777382238169924,-0.003982603219616299,0
2011-10-10,1.0114434341860552,1.0122479993025324,1.0063483138856086,1.0065495835483858,0.0,0.001433094013228775,-0.001433094013228775,-0.003982603219616299,0
2011-10-11,1.0114434341860552,1.0122479993025324,1.0074400084777613,1.0076414964794569,0.0,0.0010848078911540604,-0.0010848078911540604,-0.003982603219616299,0
2011-10-12,1.0114434341860552,1.0122479993025324,1.006812260416532,1.0070136228686153,0.0,-0.0006231121019085739,0.0006231121019085739,-0.003982603219616299,0
2011-10-13,1.0114434341860552,1.0122479993025324,1.0053361529844713,1.005537220215068,0.0,-0.0014661198418958188,0.0014661198418958188,-0.003982603219616299,0
2011-10-14,1.0114434341860552,1.0122479993025324,1.0069864770730421,1.0071878743684568,0.0,0.0016415644495342274,-0.0016415644495342274,-0.003982603219616299,0
2011-10-17,1.0114434341860552,1.0122479993025324,1.0061778845477183,1.0063791201246277,0.0,-0.0008029825064524987,0.0008029825064524987,-0.003982603219616299,0
2011-10-18,1.0114434341860552,1.0122479993025324,1.0097493260061747,1.009951275871376,0.0,0.003549512977083502,-0.003549512977083502,-0.003982603219616299,0
2011-10-19,1.0114434341860552,1.0122479993025324,1.0105673868280483,1.0107695003054138,0.0,0.0008101622856329094,-0.0008101622856329094,-0.003982603219616299,0
2011-10-20,1.0114434341860552,1.0122479993025324,1.0112992861513215,1.0115015460085517,0.0,0.0007242459363057119,-0.0007242459363057119,-0.003982603219616299,0
2011-10-21,1.0114434341860552,1.0122479993025324,1.0105475034052942,1.0107496129059752,0.0,-0.000743383048245061,0.000743383048245061,-0.003982603219616299,0
2011-10-24,1.0114434341860552,1.0122479993025324,1.009852530438564,1.0100545009446515,0.0,-0.0006877192456449244,0.0006877192456449244,-0.003982603219616299,0
2011-10-25,1.0114434341860552,1.0122479993025324,1.007689024677012,1.0078905624819474,0.0,-0.00214239772277669,0.00214239772277669,-0.003982603219616299,0
2011-10-26,1.0114434341860552,1.0122479993025324,1.007146491284728,1.007347920582985,0.0,-0.0005383936700688041,0.0005383936700688041,-0.003982603219616299,0
2011-10-27,1.0114434341860552,1.0122479993025324,1.006481816866956,1.0066831132303293,0.0,-0.0006599580334377686,0.0006599580334377686,-0.003982603219616299,0
2011-10-28,1.0114434341860552,1.0122479993025324,1.006743141851721,1.0069444904800913,0.0,0.00025964203265838037,-0.00025964203265838037,-0.003982603219616299,0
2011-10-31,1.0114434341860552,1.0122479993025324,1.0074911372791284,1.0076926355065843,0.0,0.0007429853716527379,-0.0007429853716527379,-0.003982603219616299,0
2011-11-01,1.0114434341860552,1.0122479993025324,1.0103183706287973,1.010520434302923,0.0,0.002806211633091138,-0.002806211633091138,-0.003982603219616299,0
2011-11-02,1.0114434341860552,1.0122479993025324,1.011726306325702,1.0119286515869672,0.0,0.001393556464808654,-0.001393556464808654,-0.003982603219616299,0
2011-11-03,1.0114434341860552,1.0122479993025324,1.0117906907422383,1.0119930488803868,0.0,6.363817579280173e-05,-6.363817579280173e-05,-0.003982603219616299,0
2011-11-04,1.0114434341860552,1.0122479993025324,1.0121145064842298,1.0123169293855268,0.0,0.0003200422231144362,-0.0003200422231144362,-0.003982603219616299,0
2011-11-07,1.0114434341860552,1.0122479993025324,1.0119668010580583,1.0121691944182698,0.0,-0.00014593746579594224,0.00014593746579594224,-0.003982603219616299,0
2011-11-08,1.0114434341860552,1.0122479993025324,1.013465632401838,1.0136683255283183,0.0,0.0014811072282339133,-0.0014811072282339133,-0.003982603219616299,0
2011-11-09,1.0114434341860552,1.0122479993025324,1.0164898063197358,1.0166931042809997,0.0,0.0029839925708488035,-0.0029839925708488035,-0.003982603219616299,0
2011-11-10,1.0114434341860552,1.0122479993025324,1.0235872414132112,1.0237919588614939,0.0,0.006982298346081883,-0.006982298346081883,-0.003982603219616299,0
2011-11-11,1.0114434341860552,1.0122479993025324,1.022537207325876,1.0227417147673412,0.0,-0.0010258374126327352,0.0010258374126327352,-0.003982603219616299,0
2011-11-14,1.0114434341860552,1.0122479993025324,1.022276829170766,1.0224812845366,0.0,-0.000254639296491721,0.000254639296491721,-0.003982603219616299,0
2011-11-15,1.0114434341860552,1.0122479993025324,1.0190822259149779,1.0192860423601608,0.0,-0.0031249884225386104,0.0031249884225386104,-0.003982603219616299,0
2011-11-16,1.0114434341860552,1.0122479993025324,1.0195906734396838,1.0197945915743718,0.0,0.0004989268890931431,-0.0004989268890931431,-0.003982603219616299,0
2011-11-17,1.0114434341860552,1.0122479993025324,1.0182395475220758,1.0184431954315802,0.0,-0.0013251650420161853,0.0013251650420161853,-0.003982603219616299,0
2011-11-18,1.0114434341860552,1.0122479993025324,1.0182272387365616,1.0184308841843088,0.0,-1.2088300384793804e-05,1.2088300384793804e-05,-0.003982603219616299,0
2011-11-21,1.0114434341860552,1.0122479993025324,1.016800366446558,1.0170037265198473,0.0,-0.001401329915092675,0.001401329915092675,-0.003982603219616299,0
2011-11-22,1.0114434341860552,1.0122479993025324,1.017304079822989,1.0175075406389538,0.0,0.0004953906322748836,-0.0004953906322748836,-0.003982603219616299,0
2011-11-23,1.0114434341860552,1.0122479993025324,1.0203329878891616,1.0205370544867394,0.0,0.0029773871217537717,-0.0029773871217537717,-0.003982603219616299,0
2011-11-24,1.0114434341860552,1.0122479993025324,1.0203159449553727,1.0205200081443637,0.0,-1.6703305676823987e-05,1.6703305676823987e-05,-0.003982603219616299,0
2011-11-25,1.0114434341860552,1.0122479993025324,1.0196607388341499,1.0198646709819166,0.0,-0.0006421600333330613,0.0006421600333330613,-0.003982603219616299,0
2011-11-28,1.0114434341860552,1.0122479993025324,1.0197412193548203,1.0199451675986912,0.0,7.892872364823056e-05,-7.892872364823056e-05,-0.003982603219616299,0
2011-11-29,1.0114434341860552,1.0122479993025324,1.0190888537225624,1.0192926714933068,0.0,-0.0006397364545788209,0.0006397364545788209,-0.003982603219616299,0
2011-11-30,1.0114434341860552,1.0122479993025324,1.019869988187893,1.0200739621855306,0.0,0.0007665028054002487,-0.0007665028054002487,-0.003982603219616299,0
2011-12-01,1.0114434341860552,1.0122479993025324,1.0281954613438338,1.0284011004361024,0.0,0.008163269095439851,-0.008163269095439851,-0.003982603219616299,0
2011-12-02,1.0114434341860552,1.0122479993025324,1.030150664581297,1.0303566947142133,0.0,0.0019015871115670713,-0.0019015871115670713,-0.003982603219616299,0
2011-12-05,1.0114434341860552,1.0122479993025324,1.0318596921084746,1.0320660640468964,0.0,0.001659007352941222,-0.001659007352941222,-0.003982603219616299,0
2011-12-06,1.0114434341860552,1.0122479993025324,1.031401426555481,1.031607706840792,0.0,-0.00044411614921913145,0.00044411614921913145,-0.003982603219616299,0
2011-12-07,1.0114434341860552,1.0122479993025324,1.0301752821523258,1.0303813172087561,0.0,-0.0011888139492399752,0.0011888139492399752,-0.003982603219616299,0
2011-12-08,1.0114434341860552,1.0122479993025324,1.029910169848941,1.0301161518829107,0.0,-0.00025734679134492566,0.00025734679134492566,-0.003982603219616299,0
2011-12-09,1.0114434341860552,1.0122479993025324,1.0303551797867656,1.0305612508227229,0.0,0.00043208616717493875,-0.00043208616717493875,-0.003982603219616299,0
2011-12-12,1.0114434341860552,1.0122479993025324,1.0298751371517079,1.0300811121791382,0.0,-0.00046590015217573555,0.00046590015217573555,-0.003982603219616299,0
2011-12-13,1.0114434341860552,1.0122479993025324,1.029419712087679,1.0296255960300964,0.0,-0.00044221386418596964,0.00044221386418596964,-0.003982603219616299,0
2011-12-14,1.0114434341860552,1.0122479993025324,1.0297776136972483,1.0299835692199877,0.0,0.0003476731651501641,-0.0003476731651501641,-0.003982603219616299,0
2011-12-15,1.0114434341860552,1.0122479993025324,1.0296327487600416,1.0298386753097937,0.0,-0.00014067594331024225,0.00014067594331024225,-0.003982603219616299,0
2011-12-16,1.0114434341860552,1.0122479993025324,1.030276592925405,1.03048264824399,0.0,0.0006253143814032303,-0.0006253143814032303,-0.003982603219616299,0
2011-12-19,1.0114434341860552,1.0122479993025324,1.030891085371465,1.0310972635885394,0.0,0.0005964344432161095,-0.0005964344432161095,-0.003982603219616299,0
2011-12-20,1.0114434341860552,1.0122479993025324,1.0307784126425261,1.0309845683250547,0.0,-0.00010929644318180554,0.00010929644318180554,-0.003982603219616299,0
2011-12-21,1.0114434341860552,1.0122479993025324,1.030503832042592,1.0307099328090006,0.0,-0.0002663817912427202,0.0002663817912427202,-0.003982603219616299,0
2011-12-22,1.0114434341860552,1.0122479993025324,1.0297122824510572,1.0299182249075474,0.0,-0.0007681190180205411,0.0007681190180205411,-0.003982603219616299,0
2011-12-23,1.0114434341860552,1.0122479993025324,1.0297634112524243,1.0299693639346748,0.0,4.965348305407957e-05,-4.965348305407957e-05,-0.003982603219616299,0
2011-12-26,1.0114434341860552,1.0122479993025324,1.0304886827681128,1.0306947805046665,0.0,0.0007043088808198483,-0.0007043088808198483,-0.003982603219616299,0
2011-12-27,1.0114434341860552,1.0122479993025324,1.0318047759884879,1.0320111369436855,0.0,0.0012771544631036136,-0.0012771544631036136,-0.003982603219616299,0
2011-12-28,1.0114434341860552,1.0122479993025324,1.0313512445837687,1.0315575148326854,0.0,-0.000439551565638574,0.000439551565638574,-0.003982603219616299,0
2011-12-29,1.0114434341860552,1.0122479993025324,1.0323709801221457,1.03257745431817,0.0,0.00098873739061478,-0.00098873739061478,-0.003982603219616299,0
2011-12-30,1.0114434341860552,1.0122479993025324,1.0333339058812259,1.033540572662402,0.0,0.0009327323003269772,-0.0009327323003269772,-0.003982603219616299,0
2011-12-31,1.0114434341860552,1.0122479993025324,1.0349643465470428,1.0351713394163522,0.0,0.0015778449313792464,-0.0015778449313792464,-0.003982603219616299,0
2012-01-04,1.0114434341860552,1.0122479993025324,1.0333206502660566,1.0335273143961097,0.0,-0.0015881670576094464,0.0015881670576094464,-0.003982603219616299,0
2012-01-05,1.0114434341860552,1.0122479993025324,1.0332335419378016,1.033440188646189,0.0,-8.429941686793896e-05,8.429941686793896e-05,-0.003982603219616299,0
2012-01-06,1.0114434341860552,1.0122479993025324,1.0347011279029679,1.0349080681285485,0.0,0.0014203816519680057,-0.0014203816519680057,-0.003982603219616299,0
2012-01-09,1.0112411859488655,1.0122479993025324,1.0361403089784857,1.0363475370402815,-0.00019996000799837876,0.001390914764377138,-0.0015908747723755168,-0.004181766866243053,-1
2012-01-10,1.010939936936579,1.0119464503602862,1.0364489754459982,1.0366562652410873,-0.0002979002600688174,0.00029790026006892845,-0.0005958005201377459,-0.004478421376874819,-1
2012-01-11,1.012436017154038,1.0134440201072088,1.0349160582346404,1.0351230414462873,0.0014798903107859918,-0.0014790088539555768,0.0029588991647415686,-0.003005158638492045,-1
2012-01-12,1.0119785991752597,1.012986146713307,1.035384738913839,1.0355918158616217,-0.00045179939376738254,0.0004528683031532754,-0.000904667696920658,-0.0034556003034083016,-1
2012-01-13,1.0121061217632827,1.0131137962655463,1.0352540764214564,1.0354611272367407,0.00012601312728044434,-0.00012619704296568113,0.00025221017024612546,-0.0033300226271286704,-1
2012-01-16,1.0125395137472162,1.0135476197438087,1.0348100133132867,1.0350169753159493,0.00042820804519827504,-0.00042894118292646777,0.0008571492281247428,-0.0029032405244100445,-1
2012-01-17,1.0119573454105892,1.012964871787934,1.0354065159959025,1.0356135972991016,-0.0005749586349202973,0.0005764369062355446,-0.0011513955411558419,-0.0034765299161215735,-1
2012-01-18,1.0118556969708605,1.0128631221448445,1.0355106672579468,1.0357177693913984,-0.00010044735599745724,0.0001005897301544767,-0.00020103708615193394,-0.0035766280638809267,-1
2012-01-19,1.0099567193013865,1.0109622538125864,1.0374564021988608,1.0376638934793005,-0.0018767277539266658,0.0018790100405883248,-0.0037557377945149906,-0.005446643460654599,-1
2012-01-20,1.0101175086515026,1.0111232032480186,1.0372916538389,1.037499112169668,0.00015920419859893897,-0.00015880027306358624,0.0003180044716625252,-0.005288306390562769,-1
2012-01-21,1.0096961296649916,1.010701404727576,1.0377234081615556,1.037930952843188,-0.0004171583829624126,0.0004162323306637905,-0.0008333907136262031,-0.0057032587121826905,-1
2012-01-29,1.0096453054451273,1.0106505299060313,1.0377754837925777,1.037983038889336,-5.0336153988306265e-05,5.0182573325896485e-05,-0.00010051872731420275,-0.005753307786062201,-1
2012-01-30,1.0105924840880522,1.011598651580272,1.0368049833962578,1.037012344392937,0.0009381300916437851,-0.0009351737552838468,0.001873303846927632,-0.00482057504557909,-1
2012-01-31,1.0108271995761526,1.0118336007561326,1.0365644886639018,1.0367718015616345,0.00023225532724224784,-0.00023195753898497262,0.00046421286622722047,-0.004589439322571498,-1
2012-02-01,1.0127400383964988,1.013748344039721,1.0346045512781634,1.034811472188419,0.0018923499695577828,-0.001890801206459125,0.003783151176016908,-0.0027057741783760303,-1
2012-02-02,1.0141889907009929,1.0151987389521204,1.033119922379208,1.0333265463636838,0.0014307248154108443,-0.00143497232553369,0.002865697140944534,-0.0012789205812270277,-1
2012-02-03,1.014322057749365,1.0153319384848918,1.0329835789088957,1.0331901756246775,0.00013120537650501696,-0.00013197254970975791,0.00026317792621477487,-0.0011478830059784562,-1
2012-02-06,1.0159188623298279,1.0169303328781483,1.0313474572651489,1.031553726756602,0.0015742579669477674,-0.0015838796251484988,0.003158137592096266,0.0,-1
2012-02-07,1.0166405662519005,1.017652755344082,1.030607983304636,1.0308141049012969,0.00071039523807781,-0.0007169978994990833,0.0014273931375768933,0.0,-1
2012-02-08,1.0181080000908906,1.0191216501915885,1.0291044178125817,1.0293102386961441,0.0014434146026656158,-0.0014589111635183727,0.0029023257661839885,0.0,-1
2012-02-09,1.020333176844221,1.0213490423784874,1.0268244520034717,1.0270298168938723,0.0021855999099620327,-0.0022154853964733157,0.004401085306435348,0.0,-1
2012-02-10,1.0200115981439888,1.0210271435076232,1.0271539487233932,1.0273593795131377,-0.00031517028704952654,0.00032088904707960886,-0.0006360593341291354,-0.00031517028704952654,-1
2012-02-13,1.0197158935920512,1.020731144545909,1.0274569342129756,1.0276624255998181,-0.00028990312705823307,0.00029497573363657104,-0.0005848788606948041,-0.0006049820452560528,-1
2012-02-14,1.0184868715480606,1.0195008988612848,1.0287162176540539,1.0289219608975846,-0.0012052592802699325,0.001225631361418511,-0.0024308906416884435,-0.0018095121653015633,-1
2012-02-15,1.0206824778461971,1.0216986911520123,1.026466550393902,1.0266718437039808,0.0021557531662625973,-0.0021868686636262735,0.004342621829888871,0.0,-1
2012-02-16,1.0208173930480187,1.0218337406782945,1.02632831326428,1.0265335789269328,0.00013218136369519407,-0.00013467280504086965,0.0002668541687360637,0.0,-1
2012-02-17,1.0212258349603824,1.0222425892441622,1.0259098145567938,1.0261149965197052,0.0004001126108796882,-0.00040776299560052465,0.0008078756064802128,0.0,-1
2012-02-20,1.0195449393979623,1.0205600201461682,1.0276320976991407,1.0278376241186804,-0.0016459587143967669,0.0016787861056684061,-0.003324744820065173,-0.0016459587143967669,-1
2012-02-21,1.019063495424339,1.0200780968366272,1.0281253959493677,1.0283310210285574,-0.0004722145684992185,0.0004800339064257031,-0.0009522484749249216,-0.0021173960372118383,-1
2012-02-22,1.0193555036693773,1.02037039581132,1.0278261977784047,1.0280317630179603,0.00028654568272679093,-0.00029101330649139445,0.0005775589892181854,-0.0018314570851780676,-1
2012-02-23,1.0196447396842412,1.0206599197957467,1.0275298400964066,1.0277353460644258,0.0002837440067009478,-0.0002883344310922187,0.0005720784377931665,-0.0015482327434485077,-1
2012-02-24,1.0197260584360242,1.0207413195102182,1.0274465190867712,1.0276520083905885,7.975204364618627e-05,-8.108865201184035e-05,0.0001608406956580266,-0.0014686041745276546,-1
2012-02-27,1.020910724797224,1.0219271653505855,1.0262326834691304,1.0264379300058242,0.0011617496203017996,-0.0011814100248446202,0.00234315964514642,-0.0003085607045679728,-1
2012-02-28,1.0211860996612159,1.0222028143836819,1.0259505282319565,1.0261557183376029,0.0002697345196824852,-0.00027494275101436205,0.0005446772706968472,-3.8909414359022954e-05,-1
2012-02-29,1.0204717883529417,1.021487791891791,1.0266824275552298,1.0268877640407408,-0.0006994918051774768,0.000713386565075913,-0.0014128783702533898,-0.0007383740027199215,-1
2012-03-01,1.0209606249403635,1.0219771151753747,1.0261815546677633,1.0263867909786968,0.00047902998691506937,-0.0004878557127535599,0.0009668856996686293,-0.0002596977190938432,-1
2012-03-02,1.0220630484730557,1.0230806363045153,1.0250519868894126,1.0252569972867904,0.001079790450054352,-0.0011007484720542138,0.002180538922108566,0.0,-1
2012-03-05,1.0226720150347022,1.0236902091662954,1.0244280261468033,1.0246329117520325,0.0005958209354659516,-0.000608711314733168,0.0012045322501991196,0.0,-1
2012-03-06,1.0214466892976108,1.0224636634686923,1.0256835222692617,1.0258886589737155,-0.00119816101259973,0.0012255581557845119,-0.002423719168384242,-0.00119816101259973,-1
2012-03-07,1.020673237078949,1.0216894411844588,1.0264760186904516,1.0266813138941897,-0.0007572125170757227,0.0007726519964330603,-0.001529864513508783,-0.0019544662671592272,-1
2012-03-08,1.0201096404667065,1.0213259174596037,1.0268481227448454,1.0270534923693944,-0.0005521812385866909,0.00036250633002476995,-0.0009146875686114608,-0.0025055682861417905,0
2012-03-09,1.0201096404667065,1.0213259174596037,1.0268149837069223,1.0270203467036636,0.0,-3.227257974092179e-05,3.227257974092179e-05,-0.0025055682861417905,0
2012-03-12,1.0201096404667065,1.0213259174596037,1.027253365837162,1.0274588165103296,0.0,0.0004269339045455123,-0.0004269339045455123,-0.0025055682861417905,0
2012-03-13,1.0201096404667065,1.0213259174596037,1.0268594847007046,1.0270648565976448,0.0,-0.00038343134182527994,0.00038343134182527994,-0.0025055682861417905,0
2012-03-14,1.0201096404667065,1.0213259174596037,1.0264504542897679,1.026655744380626,0.0,-0.00039833143388257053,0.00039833143388257053,-0.0025055682861417905,0
2012-03-15,1.0201096404667065,1.0213259174596037,1.0258208125692287,1.0260259767317426,0.0,-0.0006134165735011132,0.0006134165735011132,-0.0025055682861417905,0
2012-03-16,1.0201096404667065,1.0213259174596037,1.0259751458029849,1.0261803408321455,0.0,0.00015044853044998696,-0.00015044853044998696,-0.0025055682861417905,0
2012-03-19,1.0201096404667065,1.0213259174596037,1.0253758026314042,1.0255808777919304,0.0,-0.0005841692891221939,0.0005841692891221939,-0.0025055682861417905,0
2012-03-20,1.0201096404667065,1.0213259174596037,1.0254922626789627,1.0256973611314983,0.0,0.0001135779167595885,-0.0001135779167595885,-0.0025055682861417905,0
2012-03-21,1.0201096404667065,1.0213259174596037,1.0251144776466392,1.0253195005421685,0.0,-0.0003683938397901487,0.0003683938397901487,-0.0025055682861417905,0
2012-03-22,1.0201096404667065,1.0213259174596037,1.0256333402975497,1.025838466965609,0.0,0.0005061509345782866,-0.0005061509345782866,-0.0025055682861417905,0
2012-03-23,1.0201096404667065,1.0213259174596037,1.0268613783600145,1.0270667506356865,0.0,0.0011973460828687,-0.0011973460828687,-0.0025055682861417905,0
2012-03-26,1.0201096404667065,1.0213259174596037,1.0270393823351445,1.0272447902116115,0.0,0.00017334761914433727,-0.00017334761914433727,-0.0025055682861417905,0
2012-03-27,1.0201096404667065,1.0213259174596037,1.026991094022742,1.0271964922415466,0.0,-4.701700171672041e-05,4.701700171672041e-05,-0.0025055682861417905,0
2012-03-28,1.0201096404667065,1.0213259174596037,1.0272543126668172,1.0274597635293505,0.0,0.0002563008049507598,-0.0002563008049507598,-0.0025055682861417905,0
2012-03-29,1.0201096404667065,1.0213259174596037,1.0279284553811385,1.0281340410722148,0.0,0.0006562568840147165,-0.0006562568840147165,-0.0025055682861417905,0
2012-03-30,1.0201096404667065,1.0213259174596037,1.0287237922912933,1.0289295370497515,0.0,0.0007737278854293983,-0.0007737278854293983,-0.0025055682861417905,0
2012-03-31,1.0201096404667065,1.0213259174596037,1.0290201499732916,1.0292259540032862,0.0,0.0002880828500506638,-0.0002880828500506638,-0.0025055682861417905,0
2012-04-01,1.0201096404667065,1.0213259174596037,1.0279019441508004,1.0281075245396305,0.0,-0.0010866704821282935,0.0010866704821282935,-0.0025055682861417905,0
2012-04-05,1.0201096404667065,1.0213259174596037,1.0277892714218617,1.027994829276146,0.0,-0.00010961427749001107,0.00010961427749001107,-0.0025055682861417905,0
2012-04-06,1.0201096404667065,1.0213259174596037,1.027784537273587,1.0279900941810416,0.0,-4.606146810748335e-06,4.606146810748335e-06,-0.0025055682861417905,0
2012-04-09,1.0201096404667065,1.0213259174596037,1.0271548955530478,1.0273603265321585,0.0,-0.0006126203476551906,0.0006126203476551906,-0.0025055682861417905,0
2012-04-10,1.0201096404667065,1.0213259174596037,1.0271709916571818,1.0273764258555134,0.0,1.567057140428041e-05,-1.567057140428041e-05,-0.0025055682861417905,0
2012-04-11,1.0201096404667065,1.0213259174596037,1.0273253248909382,1.0275307899559163,0.0,0.0001502507713027068,-0.0001502507713027068,-0.0025055682861417905,0
2012-04-12,1.0201096404667065,1.0213259174596037,1.0270469569723841,1.0272523663637785,0.0,-0.0002709637461566494,0.0002709637461566494,-0.0025055682861417905,0
2012-04-13,1.0201096404667065,1.0213259174596037,1.0276917479674024,1.0278972863169957,0.0,0.000627810627976455,-0.000627810627976455,-0.0025055682861417905,0
2012-04-16,1.0201096404667065,1.0213259174596037,1.027595171342598,1.0278006903768664,0.0,-9.397431184543503e-05,9.397431184543503e-05,-0.0025055682861417905,0
2012-04-17,1.0201096404667065,1.0213259174596037,1.0279142529363148,1.028119835786902,0.0,0.0003105129360425618,-0.0003105129360425618,-0.0025055682861417905,0
2012-04-18,1.0201096404667065,1.0213259174596037,1.0275705537715694,1.0277760678823236,0.0,-0.00033436559884603145,0.00033436559884603145,-0.0025055682861417905,0
2012-04-19,1.0201096404667065,1.0213259174596037,1.0269513271772344,1.02715671744267,0.0,-0.0006026122411373347,0.0006026122411373347,-0.0025055682861417905,0
2012-04-20,1.0201096404667065,1.0213259174596037,1.0271908750799357,1.0273963132549517,0.0,0.00023326120368305503,-0.00023326120368305503,-0.0025055682861417905,0
2012-04-23,1.0201096404667065,1.0213259174596037,1.0270800960103073,1.0272855120295092,0.0,-0.00010784662550644697,0.00010784662550644697,-0.0025055682861417905,0
2012-04-24,1.0201096404667065,1.0213259174596037,1.0277087909011915,1.0279143326593716,0.0,0.0006121186588332606,-0.0006121186588332606,-0.0025055682861417905,0
2012-04-25,1.0201096404667065,1.0213259174596037,1.0275535108377802,1.0277590215399477,0.0,-0.00015109344669039793,0.00015109344669039793,-0.0025055682861417905,0
2012-04-26,1.0201096404667065,1.0213259174596037,1.0276529279515494,1.0278584585371398,0.0,9.675127642561065e-05,-9.675127642561065e-05,-0.0025055682861417905,0
2012-04-27,1.0201096404667065,1.0213259174596037,1.0280202978576687,1.0282259019172402,0.0,0.0003574844153382273,-0.0003574844153382273,-0.0025055682861417905,0
2012-04-28,1.0201096404667065,1.0213259174596037,1.0278849012170113,1.0280904781972546,0.0,-0.00013170619387536942,0.00013170619387536942,-0.0025055682861417905,0
2012-05-02,1.0201096404667065,1.0213259174596037,1.0277012162639518,1.0279067565072046,0.0,-0.0001787018690925235,0.0001787018690925235,-0.0025055682861417905,0
2012-05-03,1.0201096404667065,1.0213259174596037,1.0280089359018092,1.0282145376889895,0.0,0.0002994251957548766,-0.0002994251957548766,-0.0025055682861417905,0
2012-05-04,1.0201096404667065,1.0213259174596037,1.027589490364668,1.027795008262741,0.0,-0.0004080174038304518,0.0004080174038304518,-0.0025055682861417905,0
2012-05-07,1.0201096404667065,1.0213259174596037,1.0279284553811385,1.0281340410722148,0.0,0.000329864230462551,-0.000329864230462551,-0.0025055682861417905,0
2012-05-08,1.0201096404667065,1.0213259174596037,1.0279549666114773,1.0281605576047996,0.0,2.5790929514712957e-05,-2.5790929514712957e-05,-0.0025055682861417905,0
2012-05-09,1.0201096404667065,1.0213259174596037,1.0279559134411322,1.0281615046238204,0.0,9.210808700199635e-07,-9.210808700199635e-07,-0.0025055682861417905,0
2012-05-10,1.0201096404667065,1.0213259174596037,1.0287389415657726,1.0289446893540857,0.0,0.0007617331778551062,-0.0007617331778551062,-0.0025055682861417905,0
2012-05-11,1.0201096404667065,1.0213259174596037,1.029769092230354,1.0299750460488,0.0,0.001001372284997304,-0.001001372284997304,-0.0025055682861417905,0
2012-05-14,1.0201096404667065,1.0213259174596037,1.034329023848574,1.0345358896533436,0.0,0.004428110780003935,-0.004428110780003935,-0.0025055682861417905,0
2012-05-15,1.0201096404667065,1.0213259174596037,1.0377035247388018,1.0379110654437496,0.0,0.0032625023686096988,-0.0032625023686096988,-0.0025055682861417905,0
2012-05-16,1.0201096404667065,1.0213259174596037,1.0396568343169554,1.039864765683819,0.0,0.0018823387717077367,-0.0018823387717077367,-0.0025055682861417905,0
2012-05-17,1.0201096404667065,1.0213259174596037,1.0383379006076157,1.0385455681877371,0.0,-0.0012686240938398763,0.0012686240938398763,-0.0025055682861417905,0
2012-05-18,1.0201096404667065,1.0213259174596037,1.0398272636548458,1.0400352291075767,0.0,0.001434372227343994,-0.001434372227343994,-0.0025055682861417905,0
2012-05-21,1.0201096404667065,1.0213259174596037,1.0380813097711252,1.0382889260330794,0.0,-0.0016790806942142966,0.0016790806942142966,-0.0025055682861417905,0
2012-05-22,1.0201096404667065,1.0213259174596037,1.0382962401027982,1.0385038993508187,0.0,0.00020704575802477088,-0.00020704575802477088,-0.0025055682861417905,0
2012-05-23,1.0201096404667065,1.0213259174596037,1.0383757737938133,1.0385834489485721,0.0,7.660019168254095e-05,-7.660019168254095e-05,-0.0025055682861417905,0
2012-05-24,1.0201096404667065,1.0213259174596037,1.0402381877250921,1.0404462353626371,0.0,0.001793583766380058,-0.001793583766380058,-0.0025055682861417905,0
2012-05-25,1.0201096404667065,1.0213259174596037,1.0444307494371934,1.0446396355870808,0.0,0.004030386272657394,-0.004030386272657394,-0.0025055682861417905,0
2012-05-28,1.0201096404667065,1.0213259174596037,1.0417957225074785,1.04200408165198,0.0,-0.002522931205476975,0.002522931205476975,-0.0025055682861417905,0
2012-05-29,1.0201096404667065,1.0213259174596037,1.040734326464284,1.040942473329577,0.0,-0.0010188139769280458,0.0010188139769280458,-0.0025055682861417905,0
2012-05-30,1.0201096404667065,1.0213259174596037,1.0400592369203077,1.0402672487676916,0.0,-0.0006486665490028631,0.0006486665490028631,-0.0025055682861417905,0
2012-05-31,1.0201096404667065,1.0213259174596037,1.0409378948400976,1.0411460824190655,0.0,0.0008448152649378482,-0.0008448152649378482,-0.0025055682861417905,0
2012-06-01,1.0201096404667065,1.0213259174596037,1.0414359272385991,1.0416442144240468,0.0,0.0004784458332915964,-0.0004784458332915964,-0.0025055682861417905,0
2012-06-04,1.0201096404667065,1.0213259174596037,1.0414027882006758,1.041611068758316,0.0,-3.182052496619736e-05,3.182052496619736e-05,-0.0025055682861417905,0
2012-06-05,1.0201096404667065,1.0213259174596037,1.0406074512905212,1.0408155727807793,0.0,-0.0007637169010549227,0.0007637169010549227,-0.0025055682861417905,0
2012-06-06,1.0201096404667065,1.0213259174596037,1.040264698955431,1.040472751895222,0.0,-0.00032937716779291026,0.00032937716779291026,-0.0025055682861417905,0
2012-06-07,1.0201096404667065,1.0213259174596037,1.0398310509734656,1.0400390171836602,0.0,-0.0004168631141677759,0.0004168631141677759,-0.0025055682861417905,0
2012-06-08,1.0201096404667065,1.0213259174596037,1.0438976843414587,1.044106463878327,0.0,0.003910859715321902,-0.003910859715321902,-0.0025055682861417905,0
2012-06-11,1.0201096404667065,1.0213259174596037,1.0416735814819904,1.0418819161982869,0.0,-0.0021305755274966254,0.0021305755274966254,-0.0025055682861417905,0
2012-06-12,1.0201096404667065,1.0213259174596037,1.0408990748242446,1.0411072546392095,0.0,-0.0007435214557749426,0.0007435214557749426,-0.0025055682861417905,0
2012-06-13,1.0201096404667065,1.0213259174596037,1.0399721285920525,1.0401801230177707,0.0,-0.0008905245999460965,0.0008905245999460965,-0.0025055682861417905,0
2012-06-14,1.0201096404667065,1.0213259174596037,1.0388851681481746,1.039092945181804,0.0,-0.0010451822832496793,0.0010451822832496793,-0.0025055682861417905,0
2012-06-15,1.0201096404667065,1.0213259174596037,1.0387914320123348,1.0389991902987372,0.0,-9.022761967703019e-05,9.022761967703019e-05,-0.0025055682861417905,0
2012-06-18,1.0201096404667065,1.0213259174596037,1.0375198397857421,1.0377273437536993,0.0,-0.001224107349566128,0.001224107349566128,-0.0025055682861417905,0
2012-06-19,1.0201096404667065,1.0213259174596037,1.0372575679713223,1.0374650194849164,0.0,-0.000252787276312727,0.000252787276312727,-0.0025055682861417905,0
2012-06-20,1.0201096404667065,1.0213259174596037,1.037187502576856,1.0373949400773714,0.0,-6.754869439351552e-05,6.754869439351552e-05,-0.0025055682861417905,0
2012-06-21,1.0201096404667065,1.0213259174596037,1.0373389953216476,1.0375464631207119,0.0,0.00014606109735737505,-0.00014606109735737505,-0.0025055682861417905,0
2012-06-25,1.0201096404667065,1.0213259174596037,1.0397562514307246,1.0399642026810108,0.0,0.002330247026264942,-0.002330247026264942,-0.0025055682861417905,0
2012-06-26,1.0201096404667065,1.0213259174596037,1.0404228195078067,1.0406309040717083,0.0,0.0006410810958481505,-0.0006410810958481505,-0.0025055682861417905,0
2012-06-27,1.0201096404667065,1.0213259174596037,1.0423060636914945,1.0425145249042327,0.0,0.0018100758156944785,-0.0018100758156944785,-0.0025055682861417905,0
2012-06-28,1.0201096404667065,1.0213259174596037,1.0430834108382052,1.0432920275203728,0.0,0.0007457954758103291,-0.0007457954758103291,-0.0025055682861417905,0
2012-06-29,1.0201096404667065,1.0213259174596037,1.0441627966448435,1.0443716292041725,0.0,0.0010348029653457491,-0.0010348029653457491,-0.0025055682861417905,0
2012-07-02,1.0201096404667065,1.0213259174596037,1.0437887989311398,1.043997556690926,0.0,-0.0003581795050593417,0.0003581795050593417,-0.0025055682861417905,0
2012-07-03,1.0201096404667065,1.0213259174596037,1.0443209171972196,1.044529781380659,0.0,0.0005097949572028249,-0.0005097949572028249,-0.0025055682861417905,0
2012-07-04,1.0201096404667065,1.0213259174596037,1.0438181506504434,1.0440269142805734,0.0,-0.00048142916463422836,0.00048142916463422836,-0.0025055682861417905,0
2012-07-05,1.0201096404667065,1.0213259174596037,1.0441902547048372,1.044399092755778,0.0,0.0003564836022078577,-0.0003564836022078577,-0.0025055682861417905,0
2012-07-06,1.0201096404667065,1.0213259174596037,1.0458604622161618,1.0460696343086051,0.0,0.0015995241325028609,-0.0015995241325028609,-0.0025055682861417905,0
2012-07-09,1.0201096404667065,1.0213259174596037,1.0481300128990674,1.0483396389016473,0.0,0.0021700320118196448,-0.0021700320118196448,-0.0025055682861417905,0
2012-07-10,1.0201096404667065,1.0213259174596037,1.049037075708506,1.0492468831236477,0.0,0.0008654105867358375,-0.0008654105867358375,-0.0025055682861417905,0
2012-07-11,1.0201096404667065,1.0213259174596037,1.0499488726662192,1.0501588624407523,0.0,0.0008691751500751188,-0.0008691751500751188,-0.0025055682861417905,0
2012-07-12,1.0201096404667065,1.0213259174596037,1.0506258558695054,1.0508359810406793,0.0,0.0006447773038387172,-0.0006447773038387172,-0.0025055682861417905,0
2012-07-13,1.0199056593348395,1.0213259174596037,1.0503020401275136,1.0505121005355391,-0.00019996000799848979,-0.00030821223386301444,0.00010825222586452465,-0.002705027280685779,-1
2012-07-16,1.0209455322083152,1.0223672383963227,1.0492311757877697,1.0494410220229273,0.0010195775108787775,-0.0010195775108785554,0.002039155021757333,-0.0016882077547887286,-1
2012-07-17,1.0223274322338094,1.0237510627711144,1.047808090816386,1.0480176524345493,0.00135354921677866,-0.001356312130465609,0.002709861347244269,-0.00033694361029434905,-1
2012-07-18,1.0232073246652118,1.0246321804868,1.0469019748366026,1.0471113552315698,0.0008606757518769825,-0.0008647728412531919,0.0017254485931301744,0.0,-1
2012-07-19,1.023496025003206,1.024921282851194,1.0466046703249494,1.0468139912590144,0.00028215233710193743,-0.000283985051895308,0.0005661373889972454,0.0,-1
2012-07-20,1.0226712982414838,1.0240954076255202,1.0474539765254363,1.0476634673207412,-0.0008057938102099538,0.0008114871111966071,-0.0016172809214065609,-0.0008057938102099538,-1
2012-07-23,1.0227439330398964,1.0241681435707022,1.0473791769826954,1.047588652818092,7.102457899965664e-05,-7.141081557482387e-05,0.0001424353945744805,-0.0007348264623764367,-1
2012-07-24,1.0226308434170515,1.0240548964661782,1.0474956370302537,1.0477051361576597,-0.0001105747188436812,0.00011119186834873673,-0.00022176658719241793,-0.0008453199279906398,-1
2012-07-25,1.0225821137421671,1.0240060989333346,1.047545819001966,1.0477553281657663,-4.765128609018898e-05,4.790661644626937e-05,-9.555790253645835e-05,-0.0008929309334991808,-1
2012-07-26,1.0232716846131722,1.02469663005848,1.0468356967607564,1.0470450639001085,0.0006743427855211426,-0.0006778913421525701,0.0013522341276737126,-0.00021919028951089548,-1
2012-07-27,1.0227724353025647,1.0241966855238749,1.0473498252633922,1.0475592952284447,-0.00048789516813052547,0.0004911262619593515,-0.000979021430089877,-0.0007069785157582942,-1
2012-07-30,1.022984823130834,1.0244093691104197,1.0471311076130996,1.0473405338346222,0.00020765892874941017,-0.00020882960498658232,0.0004164885337359925,-0.0004994663974100533,-1
2012-07-31,1.0235199301267341,1.0249452212635324,1.0465800527539209,1.0467893687644716,0.0005230840026173578,-0.0005262520186558595,0.0010493360212732172,0.0,-1
2012-08-01,1.0235796929355545,1.0250050672943785,1.0465185088263496,1.0467278125281148,5.838949204717281e-05,-5.880479702369268e-05,0.00011719428907086549,0.0,-1
2012-08-02,1.0236891048470873,1.0251146315662347,1.046405836097411,1.0466151172646303,0.00010689144410336304,-0.00010766434419307025,0.0002145557882964333,0.0,-1
2012-08-03,1.0242140981368792,1.0256403559295122,1.0458651963644368,1.0460743694037096,0.000512844463525175,-0.0005166635298886613,0.0010295079934138363,0.0,-1
2012-08-06,1.0242361644047513,1.0256624529255167,1.045842472452718,1.0460516409472085,2.154458517233948e-05,-2.172738111727579e-05,4.327196628961527e-05,0.0,-1
2012-08-07,1.0249266547035845,1.0263539047588293,1.0451314033818533,1.0453404296625297,0.00067415145337546,-0.0006799007399241885,0.0013540521932996485,0.0,-1
2012-08-08,1.025949977876156,1.027378652948545,1.0440775819758985,1.0442863974922936,0.000998435515239482,-0.0010083147463991748,0.0020067502616386568,0.0,-1
2012-08-09,1.0262667862261656,1.0278988530628212,1.043542623220854,1.043751331745498,0.00030879512338932713,-0.000512374524920034,0.0008211696483093611,0.0,0
2012-08-10,1.0262667862261656,1.0278988530628212,1.0438683326221554,1.0440771062886798,0.0,0.00031211892456872725,-0.00031211892456872725,0.0,0
2012-08-13,1.0262667862261656,1.0278988530628212,1.0444345367558132,1.0446434236631643,0.0,0.000542409531895105,-0.000542409531895105,0.0,0
2012-08-14,1.0262667862261656,1.0278988530628212,1.0443228108565297,1.0445316754187008,0.0,-0.00010697262044834233,0.00010697262044834233,0.0,0
2012-08-15,1.0262667862261656,1.0278988530628212,1.0436676047353068,1.043876338256254,0.0,-0.0006273980750123309,0.0006273980750123309,0.0,0
2012-08-16,1.0262667862261656,1.0278988530628212,1.043050271800282,1.0432588818546422,0.0,-0.0005915033984228435,0.0005915033984228435,0.0,0
2012-08-17,1.0262667862261656,1.0278988530628212,1.0428665868472227,1.043075160164592,0.0,-0.00017610364334830209,0.00017610364334830209,0.0,0
2012-08-20,1.0262667862261656,1.0278988530628212,1.041457704320663,1.041665995861527,0.0,-0.001350971010413704,0.001350971010413704,0.0,0
2012-08-21,1.0262667862261656,1.0278988530628212,1.0406055576312114,1.0408136787427376,0.0,-0.0008182249609526293,0.0008182249609526293,0.0,0
2012-08-22,1.0260615739113834,1.0278988530628212,1.0387563993151017,1.0389641505949647,-0.00019996000799837876,-0.0017770021527840907,0.001577042144785712,-0.00019996000799837876,-1
2012-08-23,1.0262598486672776,1.0280974828520628,1.0385556714282533,1.0387633825625389,0.00019323865247034,-0.00019323865247011796,0.00038647730494045796,-6.759995530569718e-06,-1
2012-08-24,1.0242733600752056,1.026107437227774,1.0405667376153585,1.0407748509628816,-0.0019356584929749454,0.0019364067256399942,-0.0038720652186149396,-0.001942405403462688,-1
2012-08-27,1.0235008367338443,1.0253335305961062,1.0413488189103441,1.041557088674126,-0.0007542159851786634,0.0007515916728013661,-0.0015058076579800295,-0.002695156395436382,-1
2012-08-28,1.0237065935559986,1.0255396558490928,1.041140516386256,1.041348744489533,0.00020103239271485052,-0.00020003145949321066,0.0004010638522080612,-0.0024946658164604063,-1
2012-08-29,1.0241349418493926,1.0259687711484922,1.0407068684042906,1.0409150097779714,0.0004184287725510494,-0.0004165124449008184,0.0008349412174518678,-0.0020772808838648293,-1
2012-08-30,1.024671780103559,1.0265065706721936,1.0401633881823518,1.0403714208599881,0.000524187030663148,-0.0005222221918955716,0.0010464092225587196,-0.0015541827369001115,-1
2012-08-31,1.0243378928966995,1.0261720856025744,1.0405014063691673,1.040709506650441,-0.0003258479576998541,0.0003249664337889868,-0.0006508143914888409,-0.0018795242673292911,-1
2012-09-03,1.0244482533740369,1.0262826436928127,1.0403896804698836,1.0405977584059776,0.00010773835284494382,-0.00010737698055940381,0.00021511533340434763,-0.0017719884113329698,-1
2012-09-04,1.0243799795194128,1.0262142475861398,1.0404587990346947,1.0406668907945016,-6.664451269178251e-05,6.643526565919267e-05,-0.00013307977835097518,-0.0018385148307206167,-1
2012-09-05,1.0249607749128578,1.026796082959343,1.0398708178189733,1.040078791982537,0.0005669726127577324,-0.0005651172504542723,0.0011320898632120047,-0.001272584605519933,-1
2012-09-06,1.0250636533239348,1.0268991455858363,1.0397666665569292,1.0399746198902406,0.00010037302265120118,-0.00010015788524819769,0.00020053090789939887,-0.0011723393160321116,-1
2012-09-07,1.0273438130167183,1.029183388162115,1.0374582958581706,1.0376657875173423,0.0022244079042210707,-0.0022200853066414172,0.004444493210862488,0.0,-1
2012-09-10,1.030968874119765,1.0328149403465516,1.0337883841156,1.033995141792423,0.0035285763705550366,-0.0035374065224810236,0.00706598289303606,0.0,-1
2012-09-11,1.0313027613266246,1.033149425416171,1.0334503659287841,1.0336570560019698,0.00032385769856024815,-0.0003269703858250761,0.0006508280843853242,0.0,-1
2012-09-12,1.033656806423727,1.0355076856969314,1.031067195687285,1.0312734091264224,0.002282593613997852,-0.0023060326069528347,0.004588626220950687,0.0,-1
2012-09-13,1.0335716979200176,1.0354224247968322,1.0311533571858849,1.031359587857322,-8.233729336526441e-05,8.356535729214798e-05,-0.0001659026506574124,-8.233729336526441e-05,-1
2012-09-14,1.037667193939172,1.039525254264234,1.0270071901268765,1.0272125915649017,0.003962469200149643,-0.004020902448810926,0.007983371648960569,0.0,-1
2012-09-17,1.038003886920879,1.0398625501327574,1.0266663314510958,1.026871664717386,0.0003244710670951001,-0.0003318951211418453,0.0006563661882369454,0.0,-1
2012-09-18,1.0369620091941518,1.0388188068062707,1.0277210996867057,1.027926643906643,-0.0010037320089597568,0.0010273719935074421,-0.002031104002467199,-0.0010037320089597568,-1
2012-09-19,1.0365486250332783,1.0384046824343613,1.028139598394192,1.0283452263138706,-0.0003986492824310517,0.00040721038773439133,-0.000805859670165443,-0.001401981154345755,-1
2012-09-20,1.0354169625114291,1.037270993542935,1.0292852622766766,1.0294911193291318,-0.0010917601881077488,0.001114307711009399,-0.002206067899117148,-0.002492210715244636,-1
2012-09-21,1.0346182519381573,1.0364708527881596,1.0300938548020004,1.0302998735729607,-0.0007713902728950783,0.0007855864209453944,-0.0015569766938404728,-0.003261678521035982,-1
2012-09-24,1.0347950157535537,1.0366479331191345,1.0299149039972155,1.030120886978015,0.00017084931090805,-0.00017372281559657754,0.00034457212650462754,-0.0030913864656557655,-1
2012-09-25,1.0339121319348548,1.0357634683972283,1.0308087111914848,1.031014872933723,-0.0008531968218420394,0.0008678456742399199,-0.0017210424960819592,-0.0039419457263902835,-1
2012-09-26,1.0332873794021316,1.0351375971745236,1.0314411934009886,1.0316474816396688,-0.0006042607620379004,0.0006135786423193679,-0.0012178394043572682,-0.004543824525299667,-1
2012-09-27,1.0318826214617869,1.033730323856406,1.0328633315427176,1.0330699042090261,-0.0013595036273040817,0.0013787874198041283,-0.00273829104710821,-0.00589715080667963,-1
2012-09-28,1.0313672941481185,1.0332140737909714,1.0333850346825928,1.0335917116895292,-0.00049940497392853,0.0005051037479431031,-0.001004508721871633,-0.006393610714163334,-1
2012-09-29,1.0314683020426305,1.0333152625515285,1.0332827770798585,1.0334894336352745,9.793591001505675e-05,-9.89540193657712e-05,0.00019688992938082794,-0.0062963009682319715,-1
2012-10-08,1.033068528964022,1.0349183548599832,1.031662751540246,1.031869084090554,0.0015514067841178036,-0.0015678433586118201,0.0031192501427296238,-0.004754662308151025,-1
2012-10-09,1.0338597574710338,1.0357110001510135,1.0308617336521617,1.031067905998892,0.0007659012784033692,-0.0007764338558199357,0.001542335134223305,-0.003992402631687875,-1
2012-10-10,1.034482639487192,1.0363349975077822,1.0302311451019674,1.0304371913309878,0.0006024821177699202,-0.0006117101155362903,0.0012141922333062105,-0.0033923258651105126,-1
2012-10-11,1.0340692553263182,1.0359208731358727,1.0306496438094537,1.0308557737382156,-0.00039960473486411185,0.0004062182641981771,-0.0008058229990622889,-0.003790575010496733,-1
2012-10-12,1.0334276681445096,1.0352781371197417,1.0312991689527466,1.0315054287865373,-0.0006204489481762554,0.0006302094481809295,-0.001250658396357185,-0.0044086721003947504,-1
2012-10-15,1.0331536374677313,1.0350036157600824,1.0315765900416458,1.0317829053596541,-0.0002651667699882232,0.00026900156351428173,-0.0005341683335025049,-0.004672669837042176,-1
2012-10-16,1.0345574601497936,1.0364099521452317,1.030155398729572,1.0303614298093178,0.0013587743692244914,-0.0013776886038258107,0.002736462973050302,-0.0033202445718280016,-1
2012-10-17,1.035171924841409,1.0370255171052871,1.0295333316462725,1.0297392383126016,0.0005939396459686552,-0.000603857519037021,0.0011977971650056762,-0.0027282769507449567,-1
2012-10-18,1.036190421111073,1.038045837107571,1.0285022341520362,1.0287079345988666,0.0009838909317598787,-0.001001519292811448,0.0019854102245713268,-0.0017470703459361303,-1
2012-10-19,1.0366440213780952,1.0385002495971096,1.0280430217693872,1.028248630373741,0.00043775763390652145,-0.0004464865193293255,0.0008842441532358469,-0.0013100775054105673,-1
2012-10-22,1.0364719338541115,1.0383278539309753,1.0282172384258972,1.0284228818735823,-0.00016600445324987945,0.00016946436367049067,-0.0003354688169203701,-0.0014758644799605092,-1
2012-10-23,1.0371855359236744,1.0390427337856516,1.0274948073991732,1.0277003063606531,0.0006884914547655718,-0.0007026054414628335,0.0013910968962284054,-0.0007883891452777902,-1
2012-10-24,1.0374960416734709,1.0393537955310677,1.0271804599537313,1.027385896045722,0.00029937338985353,-0.00030593579955662253,0.0006053091894101525,-0.0004892517781552863,-1
2012-10-25,1.0379328072914076,1.0397913432271801,1.0267382905048716,1.0269436381629726,0.0004209805150023893,-0.0004304691007065431,0.0008514496157089324,-6.84772286183577e-05,-1
2012-10-26,1.0384630987375962,1.0403225842201047,1.0262014380905173,1.0264066783781354,0.0005109111519199239,-0.000522871718449669,0.0010337828703695928,0.0,-1
2012-10-29,1.0385566245658482,1.0404162775169168,1.0261067551250225,1.0263119764760475,9.006177337034238e-05,-9.22654773034548e-05,0.00018232725067379718,0.0,-1
2012-10-30,1.0383125221541105,1.0401717380122373,1.0263538776649637,1.0265591484404966,-0.00023504006037200487,0.00024083511652839285,-0.0004758751769003977,-0.00023504006037200487,-1
2012-10-31,1.0386286394536022,1.0404884213554622,1.0260338492415917,1.02623905601144,0.00030445293950220886,-0.0003118109945665637,0.0006162639340687726,0.0,-1
2012-11-01,1.0396878563077323,1.0417523439294574,1.0247565760370696,1.024961527352277,0.0010198224985278337,-0.0012448645875242637,0.0022646870860520973,0.0,0
2012-11-02,1.0396878563077323,1.0417523439294574,1.024607923781243,1.0248128453659993,0.0,-0.00014506104113165552,0.00014506104113165552,0.0,0
2012-11-05,1.0396878563077323,1.0417523439294574,1.0250036985770103,1.0252086993167258,0.0,0.00038626950522369086,-0.00038626950522369086,0.0,0
2012-11-06,1.0396878563077323,1.0417523439294574,1.0250444122521731,1.0252494211346235,0.0,3.972051536926813e-05,-3.972051536926813e-05,0.0,0
2012-11-07,1.0396878563077323,1.0417523439294574,1.025115424476294,1.0253204475611892,0.0,6.927721693994471e-05,-6.927721693994471e-05,0.0,0
2012-11-08,1.0396878563077323,1.0417523439294574,1.025781045723721,1.0259862019328658,0.0,0.0006493134641567533,-0.0006493134641567533,0.0,0
2012-11-09,1.0396878563077323,1.0417523439294574,1.0262932805670468,1.0264985392231603,0.0,0.0004993607997156868,-0.0004993607997156868,0.0,0
2012-11-12,1.0396878563077323,1.0417523439294574,1.0264267835483945,1.026632068905104,0.0,0.00013008268092118414,-0.00013008268092118414,0.0,0
2012-11-13,1.0396878563077323,1.0417523439294574,1.0268888364200082,1.027094214187292,0.0,0.0004501566785080069,-0.0004501566785080069,0.0,0
2012-11-14,1.0396878563077323,1.0417523439294574,1.0279483388038926,1.0281539284716534,0.0,0.0010317595695927828,-0.0010317595695927828,0.0,0
2012-11-15,1.0396878563077323,1.0417523439294574,1.0284937126851417,1.0286994114276786,0.0,0.0005305460018385499,-0.0005305460018385499,0.0,0
2012-11-16,1.0396878563077323,1.0417523439294574,1.0297378468517406,1.029943794421111,0.0,0.0012096662830838323,-0.0012096662830838323,0.0,0
2012-11-19,1.0396878563077323,1.0417523439294574,1.0306316540460099,1.030837780376819,0.0,0.0008679948950132133,-0.0008679948950132133,0.0,0
2012-11-20,1.0396878563077323,1.0417523439294574,1.030255762672996,1.0304618138255306,0.0,-0.00036471941409732533,0.00036471941409732533,0.0,0
2012-11-21,1.0396878563077323,1.0417523439294574,1.0298940737448068,1.0301000525595558,0.0,-0.00035106712458543576,0.00035106712458543576,0.0,0
2012-11-22,1.0396878563077323,1.0417523439294574,1.0291782705256676,1.0293841061797726,0.0,-0.0006950260588804991,0.0006950260588804991,0.0,0
2012-11-23,1.0396878563077323,1.0417523439294574,1.029033405588461,1.0292392122695786,0.0,-0.00014075786611067453,0.00014075786611067453,0.0,0
2012-11-26,1.0396878563077323,1.0417523439294574,1.0282191320852072,1.0284247759116243,0.0,-0.000791299387203126,0.000791299387203126,0.0,0
2012-11-27,1.0396878563077323,1.0417523439294574,1.027747610917044,1.0279531604392274,0.0,-0.00045858042653512676,0.00045858042653512676,0.0,0
2012-11-28,1.0396878563077323,1.0417523439294574,1.0278517621790881,1.0280573325315239,0.0,0.00010133933753553315,-0.00010133933753553315,0.0,0
2012-11-29,1.0396878563077323,1.0417523439294574,1.0285230644044447,1.0287287690173257,0.0,0.0006531119078234671,-0.0006531119078234671,0.0,0
2012-11-30,1.0396878563077323,1.0417523439294574,1.0287181113133639,1.0289238549356265,0.0,0.0001896378561350165,-0.0001896378561350165,0.0,0
2012-12-03,1.0396878563077323,1.0417523439294574,1.0283431667700051,1.0285488354033592,0.0,-0.0003644774396749373,0.0003644774396749373,0.0,0
2012-12-04,1.0396878563077323,1.0417523439294574,1.0278621773052925,1.0280677497407535,0.0,-0.0004677324459921861,0.0004677324459921861,0.0,0
2012-12-05,1.0396878563077323,1.0417523439294574,1.0275080630143427,1.0277135646269455,0.0,-0.0003445153433684345,0.0003445153433684345,0.0,0
2012-12-06,1.0396878563077323,1.0417523439294574,1.0266189899683487,1.0268243137663422,0.0,-0.0008652711136746261,0.0008652711136746261,0.0,0
2012-12-07,1.0396878563077323,1.0417523439294574,1.0265404031069878,1.0267457111876093,0.0,-7.654919900057511e-05,7.654919900057511e-05,0.0,0
2012-12-10,1.0396878563077323,1.0417523439294574,1.0263245259456601,1.0265297908508493,0.0,-0.00021029582535114777,0.00021029582535114777,0.0,0
2012-12-11,1.0396878563077323,1.0417523439294574,1.0264703377125217,1.0266756317800643,0.0,0.0001420717942282046,-0.0001420717942282046,0.0,0
2012-12-12,1.0396878563077323,1.0417523439294574,1.0264021659773659,1.0266074464105612,0.0,-6.641374100269104e-05,6.641374100269104e-05,0.0,0
2012-12-13,1.0396878563077323,1.0417523439294574,1.0263756547470273,1.0265809298779767,0.0,-2.5829281364964096e-05,2.5829281364964096e-05,0.0,0
2012-12-14,1.0396878563077323,1.0417523439294574,1.025783886212686,1.0259890429899285,0.0,-0.0005765613512015433,0.0005765613512015433,0.0,0
2012-12-17,1.0396878563077323,1.0417523439294574,1.0258691008816312,1.0260742747018075,0.0,8.307273109919855e-05,-8.307273109919855e-05,0.0,0
2012-12-18,1.0396878563077323,1.0417523439294574,1.0257346510706289,1.025939798000843,0.0,-0.00013105942160340778,0.00013105942160340778,0.0,0
2012-12-19,1.0396878563077323,1.0417523439294574,1.0252650235617755,1.025470076566488,0.0,-0.0004578450268430956,0.0004578450268430956,0.0,0
2012-12-20,1.0396878563077323,1.0417523439294574,1.0246732550274342,1.0248781896784398,0.0,-0.0005771859185106365,0.0005771859185106365,0.0,0
2012-12-21,1.0396878563077323,1.0417523439294574,1.0246334881819266,1.0248384148795628,0.0,-3.8809293901764796e-05,3.8809293901764796e-05,0.0,0
2012-12-24,1.0396878563077323,1.0417523439294574,1.0246751486867443,1.0248800837164815,0.0,4.0658933460724356e-05,-4.0658933460724356e-05,0.0,0
2012-12-25,1.0396878563077323,1.0417523439294574,1.0249440483087489,1.0251490371184107,0.0,0.0002624242642648156,-0.0002624242642648156,0.0,0
2012-12-26,1.0396878563077323,1.0417523439294574,1.0249904429618413,1.0251954410504336,0.0,4.526554709882724e-05,-4.526554709882724e-05,0.0,0
2012-12-27,1.0396878563077323,1.0417523439294574,1.0258567920961168,1.026061963454536,0.0,0.0008452265484271138,-0.0008452265484271138,0.0,0
2012-12-28,1.0396878563077323,1.0417523439294574,1.0259893482478093,1.0261945461174589,0.0,0.0001292150646305945,-0.0001292150646305945,0.0,0
2012-12-31,1.0396878563077323,1.0417523439294574,1.025962837017471,1.0261680295848743,0.0,-2.5839674050898154e-05,2.5839674050898154e-05,0.0,0
2013-01-04,1.0396878563077323,1.0417523439294574,1.0245691037653901,1.0247740175861433,0.0,-0.0013584636809385042,0.0013584636809385042,0.0,0
2013-01-05,1.0396878563077323,1.0417523439294574,1.024871142425318,1.0250761166538032,0.0,0.00029479579153601776,-0.00029479579153601776,0.0,0
2013-01-06,1.0396878563077323,1.0417523439294574,1.0249734000280522,1.0251783947080577,0.0,9.977605818045632e-05,-9.977605818045632e-05,0.0,0
2013-01-07,1.0396878563077323,1.0417523439294574,1.025205373293514,1.0254104143681726,0.0,0.0002263212542448212,-0.0002263212542448212,0.0,0
2013-01-08,1.0396878563077323,1.0417523439294574,1.0255519129472241,1.0257570233298137,0.0,0.0003380197399833751,-0.0003380197399833751,0.0,0
2013-01-09,1.0396878563077323,1.0417523439294574,1.0259154955347234,1.0261206786338304,0.0,0.0003545238255704408,-0.0003545238255704408,0.0,0
2013-01-10,1.0396878563077323,1.0417523439294574,1.0250415717632084,1.025246580077561,0.0,-0.0008518477158389048,0.0008518477158389048,0.0,0
2013-01-11,1.0396878563077323,1.0417523439294574,1.0244043554054296,1.0246092362765107,0.0,-0.000621649282655623,0.000621649282655623,0.0,0
2013-01-14,1.0396878563077323,1.0417523439294574,1.024379737834401,1.0245846137819679,0.0,-2.4031107344169023e-05,2.4031107344169023e-05,0.0,0
2013-01-15,1.0394799603156692,1.0417523439294574,1.024500932030234,1.02470583221664,-0.00019996000799837876,0.0001183098331183352,-0.00031826984111671397,-0.00019996000799837876,-1
2013-01-16,1.0393224099327403,1.0415944491292022,1.0246562120936453,1.024861143336064,-0.00015156654187076235,0.00015156654187076235,-0.0003031330837415247,-0.0003514962426220958,-1
2013-01-17,1.0390370900319483,1.041308505497033,1.0249374205011643,1.0251424079852645,-0.00027452491937551837,0.00027444171440138554,-0.0005489666337769039,-0.0006259246675199837,-1
2013-01-18,1.038178248310372,1.0404477862810082,1.025783886212686,1.0259890429899285,-0.0008265746524503959,0.0008258706283821304,-0.0016524452808325263,-0.0014519819465058648,-1
2013-01-21,1.038061046196242,1.0403303279539893,1.0258993994305894,1.0261045793104755,-0.0001128920918164189,0.00011260970215642985,-0.00022550179397284875,-0.0015647101210429781,-1
2013-01-22,1.0381321360031734,1.0404015731687384,1.0258293340361233,1.0260344999029305,6.848326232056223e-05,-6.829655471574103e-05,0.00013677981703630326,-0.0014963340151761262,-1
2013-01-23,1.0376758162965194,1.039944255911902,1.0262790781222226,1.026484333937847,-0.0004395584057448332,0.0004384199897362606,-0.0008779783954810938,-0.001935234694726895,-1
2013-01-24,1.0383338773471678,1.0406037555349188,1.0256304998085848,1.0258356259085464,0.0006341682443722352,-0.0006319707060817858,0.001266138950454021,-0.00130229371474333,-1
2013-01-25,1.0383799896543664,1.0406499686471884,1.0255850519851475,1.0257901689955444,4.4409903408482165e-05,-4.43120826123522e-05,8.872198602083436e-05,-0.0012579416460730686,-1
2013-01-28,1.038527393792635,1.0410061947209348,1.0252347250128173,1.0254397719578199,0.00014195587331911064,-0.00034158743992229734,0.000483543313241408,-0.0011161643449588698,0
2013-01-29,1.038527393792635,1.0410061947209348,1.0249885493025315,1.0251935470123918,0.0,-0.00024011643800181393,0.00024011643800181393,-0.0011161643449588698,0
2013-01-30,1.038527393792635,1.0410061947209348,1.0250150605328698,1.0252200635449764,0.0,2.5864903911765325e-05,-2.5864903911765325e-05,-0.0011161643449588698,0
2013-01-31,1.038527393792635,1.0410061947209348,1.0246704145384693,1.024875348621377,0.0,-0.0003362350541672443,0.0003362350541672443,-0.0011161643449588698,0
2013-02-01,1.038527393792635,1.0410061947209348,1.025481847552758,1.0256869439222687,0.0,0.0007918965969699876,-0.0007918965969699876,-0.0011161643449588698,0
2013-02-04,1.038527393792635,1.0410061947209348,1.0254771134044833,1.0256822088271642,0.0,-4.616511044108762e-06,4.616511044108762e-06,-0.0011161643449588698,0
2013-02-05,1.038527393792635,1.0410061947209348,1.0257876735313058,1.025992831066012,0.0,0.00030284452257678396,-0.00030284452257678396,-0.0011161643449588698,0
2013-02-06,1.038527393792635,1.0410061947209348,1.0258795160078356,1.0260846919110371,0.0,8.953361294894435e-05,-8.953361294894435e-05,-0.0011161643449588698,0
2013-02-07,1.038527393792635,1.0410061947209348,1.025764002789932,1.02596915559049,0.0,-0.00011259920497597165,0.00011259920497597165,-0.0011161643449588698,0
2013-02-08,1.038527393792635,1.0410061947209348,1.0259278043202378,1.0261329898811018,0.0,0.0001596873451010783,-0.0001596873451010783,-0.0011161643449588698,0
2013-02-16,1.038527393792635,1.0410061947209348,1.0258406959919828,1.0260458641311812,0.0,-8.490687930295948e-05,8.490687930295948e-05,-0.0011161643449588698,0
2013-02-17,1.038527393792635,1.0410061947209348,1.026202384920172,1.0264076253971561,0.0,0.0003525780655830868,-0.0003525780655830868,-0.0011161643449588698,0
2013-02-18,1.038527393792635,1.0410061947209348,1.0260679351091697,1.0262731486961916,0.0,-0.00013101685688710063,0.00013101685688710063,-0.0011161643449588698,0
2013-02-19,1.038527393792635,1.0410061947209348,1.0259855609291895,1.0261907580413754,0.0,-8.028140940929962e-05,8.028140940929962e-05,-0.0011161643449588698,0
2013-02-20,1.038527393792635,1.0410061947209348,1.0272675682819865,1.027473021795643,0.0,0.0012495374219847477,-0.0012495374219847477,-0.0011161643449588698,0
2013-02-21,1.038527393792635,1.0410061947209348,1.0271387994489138,1.0273442272088036,0.0,-0.00012535082100184614,0.00012535082100184614,-0.0011161643449588698,0
2013-02-22,1.038527393792635,1.0410061947209348,1.0266483416876517,1.0268536713559893,0.0,-0.00047749901135585304,0.00047749901135585304,-0.0011161643449588698,0
2013-02-25,1.038527393792635,1.0410061947209348,1.0257943013388904,1.0259994601991582,0.0,-0.0008318723306536269,0.0008318723306536269,-0.0011161643449588698,0
2013-02-26,1.038527393792635,1.0410061947209348,1.0259855609291895,1.0261907580413754,0.0,0.00018645023670882388,-0.00018645023670882388,-0.0011161643449588698,0
2013-02-27,1.038527393792635,1.0410061947209348,1.0259969228850487,1.0262021222696258,0.0,1.1074186900827954e-05,-1.1074186900827954e-05,-0.0011161643449588698,0
2013-02-28,1.038527393792635,1.0410061947209348,1.0255661153920483,1.0257712286151268,0.0,-0.0004198916033675282,0.0004198916033675282,-0.0011161643449588698,0
2013-03-01,1.0383197298466655,1.0410061947209348,1.025905080408519,1.0261102614246007,-0.00019996000799848979,0.00033051503104819524,-0.000530475039046685,-0.0013159011647259078,-1
2013-03-04,1.0381635290005635,1.0408495897333392,1.0260594136422754,1.0262646255250039,-0.0001504361726084591,0.00015043617260857012,-0.0003008723452170292,-0.0014661393781997267,-1
2013-03-05,1.0376997178992546,1.040384578604528,1.026517679195269,1.0267229827311082,-0.00044676112033659177,0.000446626722488741,-0.0008933878428253328,-0.0019122454844651138,-1
2013-03-06,1.0378300449855729,1.0405152428886568,1.0263889103621964,1.0265941881442688,0.00012559229232711466,-0.00012544239196510265,0.0002510346842922173,-0.0017868933554318067,-1
2013-03-07,1.038266065752299,1.040952391780411,1.025958102869196,1.0261632944897698,0.0004201273308985787,-0.0004197312428564359,0.0008398585737550146,-0.001367516747269204,-1
2013-03-08,1.038544927385524,1.0412319749177747,1.0256825754396068,1.0258877119546947,0.0002685839809499768,-0.00026855621961419107,0.0005371402005641679,-0.001099300059411279,-1
2013-03-11,1.0386158406530797,1.0413030716606095,1.0256125100451408,1.0258176325471497,6.828136721459543e-05,-6.831099225412807e-05,0.0001365923594687235,-0.0010310937539077525,-1
2013-03-12,1.0386589635860526,1.0413463061663877,1.0255699027106682,1.0257750166912103,4.1519618019458804e-05,-4.1543306127045376e-05,8.306292414650418e-05,-0.0009896169465070104,-1
2013-03-13,1.0385075541769477,1.0411945050127673,1.0257195017961496,1.0259246456965088,-0.00014577393967896146,0.00014586922362491705,-0.0002916431633038785,-0.0011352466258249816,-1
2013-03-14,1.038844871341536,1.04153269492463,1.0253862177576085,1.02559129500116,0.0003248095434948972,-0.0003249270760256051,0.0006497366195205023,-0.0008108058212684677,-1
2013-03-15,1.0389972390380402,1.0416854568450453,1.0252356718424722,1.0254407189768406,0.00014667030728809927,-0.00014681874256661231,0.0002934890498547116,-0.0006642544351193047,-1
2013-03-18,1.039222436576899,1.0419112370418853,1.02501316687356,1.0252181695069347,0.00021674507919500208,-0.00021702811853230308,0.00043377319772730516,-0.0004476533298044538,-1
2013-03-19,1.0389972390380402,1.0416854568450453,1.0252356718424722,1.0254407189768406,-0.00021669811094582325,0.0002170752299610612,-0.00043377334090688446,-0.0006642544351193047,-1
2013-03-20,1.038698253369428,1.0413856976049851,1.0255310826948154,1.0257361889113543,-0.00028776367961191873,0.00028813945949845987,-0.0005759031391103786,-0.0009518269664308132,-1
2013-03-21,1.038866911951722,1.0415547925609165,1.0253644406755449,1.02556951356368,0.00016237495513915512,-0.00016249338716545214,0.00032486834230460726,-0.0007896065641526118,-1
2013-03-22,1.0389320754948812,1.0416201247029808,1.0253000562590087,1.0255051162702604,6.272559305675607e-05,-6.279173919254699e-05,0.00012551733224930306,-0.0007269304996359027,-1
2013-03-25,1.0388228307313498,1.0415105972883436,1.0254079948396724,1.0256130764386402,-0.00010515101622921019,0.0001052751143479913,-0.0002104261305772015,-0.0008320050783842126,-1
2013-03-26,1.0389368669318781,1.0416249285369563,1.025295322110734,1.025500381175156,0.0001097744458002925,-0.00010988087620289466,0.00021965532200318716,-0.000722321965480277,-1
2013-03-27,1.038857329077728,1.0415451848929658,1.0253739089720944,1.0255789837538887,-7.655696576147619e-05,7.664802488194233e-05,-0.00015320499064341853,-0.0007988236324637521,-1
2013-03-28,1.0381082319844686,1.0410023516537545,1.0259088677271389,1.0261140495006842,-0.0007210779308113313,0.0005217206624468229,-0.0012427985932581542,-0.0015193255491831037,0
2013-03-29,1.0381082319844686,1.0410023516537545,1.025834068184398,1.026039234998035,0.0,-7.291051388080838e-05,7.291051388080838e-05,-0.0015193255491831037,0
2013-04-01,1.0381082319844686,1.0410023516537545,1.0274200078564328,1.0276254918580041,0.0,0.0015460001975189375,-0.0015460001975189375,-0.0015193255491831037,0
2013-04-02,1.0381082319844686,1.0410023516537545,1.0290220436326014,1.029227848041328,0.0,0.0015592802981430065,-0.0015592802981430065,-0.0015193255491831037,0
2013-04-03,1.0381082319844686,1.0410023516537545,1.0296535790124506,1.029859509728253,0.0,0.0006137238592283101,-0.0006137238592283101,-0.0015193255491831037,0
2013-04-07,1.0381082319844686,1.0410023516537545,1.0310189073748826,1.0312251111563575,0.0,0.0013260074944250189,-0.0013260074944250189,-0.0015193255491831037,0
2013-04-08,1.0381082319844686,1.0410023516537545,1.0304299793295062,1.030636065325372,0.0,-0.0005712097432586383,0.0005712097432586383,-0.0015193255491831037,0
2013-04-09,1.0381082319844686,1.0410023516537545,1.0307253901818492,1.0309315352598856,0.0,0.0002866869736604105,-0.0002866869736604105,-0.0015193255491831037,0
2013-04-10,1.0381082319844686,1.0410023516537545,1.0311495698672652,1.0313557997812386,0.0,0.00041153510862979026,-0.00041153510862979026,-0.0015193255491831037,0
2013-04-11,1.0381082319844686,1.0410023516537545,1.0309564166176561,1.0311626079009797,0.0,-0.0001873183631682096,0.0001873183631682096,-0.0015193255491831037,0
2013-04-12,1.0381082319844686,1.0410023516537545,1.0309024473273243,1.0311086278167898,0.0,-5.234876029858171e-05,5.234876029858171e-05,-0.0015193255491831037,0
2013-04-15,1.0381082319844686,1.0410023516537545,1.0332269141302168,1.0334335595130428,0.0,0.002254788325431578,-0.002254788325431578,-0.0015193255491831037,0
2013-04-16,1.0381082319844686,1.0410023516537545,1.0359017079054393,1.0361088882470204,0.0,0.0025887767136556494,-0.0025887767136556494,-0.0015193255491831037,0
2013-04-17,1.0381082319844686,1.0410023516537545,1.0351669680932014,1.03537400148682,0.0,-0.0007092756065858463,0.0007092756065858463,-0.0015193255491831037,0
2013-04-18,1.0381082319844686,1.0410023516537545,1.0337353616549227,1.0339421087272538,0.0,-0.0013829715228603767,0.0013829715228603767,-0.0015193255491831037,0
2013-04-19,1.0381082319844686,1.0410023516537545,1.0328671188613374,1.0330736922851096,0.0,-0.0008399081871354186,0.0008399081871354186,-0.0015193255491831037,0
2013-04-22,1.0381082319844686,1.0410023516537545,1.0311940708610476,1.0314003096752198,0.0,-0.0016198095280002267,0.0016198095280002267,-0.0015193255491831037,0
2013-04-23,1.0381082319844686,1.0410023516537545,1.0328585973944429,1.0330651691139217,0.0,0.0016141738790307336,-0.0016141738790307336,-0.0015193255491831037,0
2013-04-24,1.0381082319844686,1.0410023516537545,1.033543155234969,1.0337498638660159,0.0,0.000662779825092219,-0.000662779825092219,-0.0015193255491831037,0
2013-04-25,1.0381082319844686,1.0410023516537545,1.0345505819878316,1.034757492104229,0.0,0.0009747311931387337,-0.0009747311931387337,-0.0015193255491831037,0
2013-04-26,1.0379006518540979,1.0410023516537545,1.034716277177447,1.0349232204328824,-0.00019996000799826774,0.00016016151602471496,-0.0003601215240229827,-0.0017189817528324713,-1
2013-04-27,1.0374894128945484,1.0405898837328433,1.0351262544180386,1.0353332796689223,-0.00039622189157972887,0.0003962218915798399,-0.0007924437831595688,-0.0021145225462103623,-1
2013-04-28,1.0379016015976534,1.0410033042355582,1.0347153303477918,1.0349222734138614,0.00039729437041202686,-0.0003969796616527521,0.000794274032064779,-0.0017180682637021327,-1
2013-05-02,1.0360040139736815,1.0391000457921848,1.0366070959983742,1.0368144174175737,-0.0018282924133183887,0.0018282957593238613,-0.00365658817264225,-0.003543219545848464,-1
2013-05-03,1.0357494827007963,1.0388447538688492,1.0368608463458997,1.037068218515169,-0.0002456856049320999,0.0002447893213397556,-0.0004904749262718555,-0.0037880346327430203,-1
2013-05-06,1.0369737021438894,1.0400726318135483,1.0356403829206744,1.0358475109972585,0.0011819648124764548,-0.0011770754287100393,0.002359040241186494,-0.0026105471439108463,-1
2013-05-07,1.036305082680788,1.0394020142238911,1.0363069509977563,1.0365142123879558,-0.0006447795751416407,0.0006436288967430759,-0.0012884084718847166,-0.0032536434915740875,-1
2013-05-08,1.0367229698452265,1.0398211502174268,1.03589034594958,1.03609752401877,0.0004032472400476994,-0.00040200931565215203,0.0008052565556998514,-0.0028517082742844924,-1
2013-05-09,1.0364105042154532,1.0395077508040786,1.0362018529060573,1.0364090932766385,-0.00030139742135737446,0.00030071421912092333,-0.0006021116404782978,-0.003152246198121489,-1
2013-05-10,1.036110385251902,1.0392067349541758,1.03650105107702,1.0367083512872355,-0.0002895753780287613,0.0002887450646065215,-0.0005783204426352828,-0.0034409087632657487,-1
2013-05-13,1.036099938072791,1.0391962565543373,1.0365114662032247,1.0367187684964654,-1.0083075374645034e-05,1.0048350837399411e-05,-2.0131426212044445e-05,-0.003450957143697919,-1
2013-05-14,1.0360268078190145,1.0391229077554685,1.0365843720866557,1.0367916889610729,-7.058223930855867e-05,7.033774908249413e-05,-0.0001409199883910528,-0.0035212958067235567,-1
2013-05-15,1.0359441801296823,1.0390400331385647,1.036666746266636,1.0368740796158893,-7.975439313789856e-05,7.946693216531742e-05,-0.00015922132530321598,-0.003600769361051359,-1
2013-05-16,1.0356592570630199,1.0387542585975178,1.0369507951631194,1.037158185322152,-0.00027503708416676265,0.0002740021299094675,-0.0005490392140762301,-0.0038748161001123105,-1
2013-05-17,1.0360685965354581,1.0391648213548221,1.0365427115818378,1.0367500201241542,0.00039524531803936114,-0.0003935418953195935,0.0007887872133589546,-0.0034811022849947637,-1
2013-05-20,1.0364874334434522,1.0395849099301613,1.0361251597040066,1.0363323847359474,0.0004042559627757125,-0.00040283132876783867,0.0008070872915435512,-0.00307825357857483,-1
2013-05-21,1.0363896098572314,1.0394867940044017,1.036222683158466,1.0364299276950977,-9.437990569338695e-05,9.41232374738199e-05,-0.00018850314316720684,-0.00317234295898583,-1
2013-05-22,1.0361379278150127,1.0392343598264768,1.0364735930170268,1.0366808877356302,-0.0002428450071526589,0.00024213893658076024,-0.00048498394373341913,-0.0034144175784899256,-1
2013-05-23,1.0364912324176743,1.0395887202573753,1.0361213723853868,1.0363285966598639,0.00034098221209477586,-0.0003398259579530105,0.0006808081700477864,-0.0030745996220541416,-1
2013-05-24,1.0360970888421244,1.0391933988089268,1.0365143066921894,1.0367216095535279,-0.0003802671582957551,0.00037923578962373306,-0.0007595029479194881,-0.003453697611088713,-1
2013-05-27,1.0360885411501246,1.0391848255726954,1.036522828159084,1.0367301327247158,-8.249894813738834e-06,8.221272817410252e-06,-1.6471167631149086e-05,-0.0034619190132604283,-1
2013-05-28,1.0360904406372355,1.0391867307363023,1.0365209344997741,1.036728238686674,1.8333250833002523e-06,-1.8269344951304944e-06,3.6602595784307468e-06,-0.003460092035000195,-1
2013-05-29,1.0365387195954512,1.0396363493475498,1.0360740309026397,1.0362812457088202,0.00043266392646179597,-0.0004311573285782355,0.0008638212550400315,-0.003028925165544094,-1
2013-05-30,1.0370183400909998,1.0401174031583122,1.035595881926892,1.0358030011032773,0.00046271353542470806,-0.0004615007822665884,0.0009242143176912965,-0.0025676131547912595,-1
2013-05-31,1.0369547072727785,1.0400535801774784,1.035659319513773,1.0358664513776759,-6.13613238660271e-05,6.125708685034148e-05,-0.0001226184107163686,-0.002628816926514954,-1
2013-06-03,1.0378968528798758,1.0409985413265406,1.0347200644960668,1.034927008508966,0.0009085696805168908,-0.0009069150443673513,0.001815484724884242,-0.0017226357093531597,-1
2013-06-04,1.0386148590078654,1.0417186931699793,1.0340042612769276,1.034211062129183,0.0006917894837019656,-0.0006917844194775924,0.001383573903179558,-0.0010320379269191937,-1
2013-06-05,1.039084032324303,1.0421892685809033,1.0335365274273842,1.0337432347328697,0.0004517298326405239,-0.00045235195546078355,0.0009040817881013075,-0.0005807742965987517,-1
2013-06-06,1.039336664110077,1.0424426553406319,1.0332846707391685,1.0334913276733164,0.00024312931188918974,-0.00024368436096067203,0.00048681367284986177,-0.00033778618796465043,-1
2013-06-07,1.0403272466385067,1.043436198161672,1.0322971274090598,1.0325035868345416,0.0009530911038126977,-0.0009557321017859,0.0019088232055985976,0.0,-1
2013-06-08,1.0407033450865013,1.0438134205558542,1.031922182865701,1.0321285673022742,0.0003615193673047745,-0.00036321378157833095,0.0007247331488831055,0.0,-1
2013-06-09,1.0374229308456606,1.0405232030065992,1.0351925324938849,1.0353995710003836,-0.003152112709475352,0.0031691824078263764,-0.0063212951173017284,-0.003152112709475352,-1
2013-06-13,1.038770616950974,1.0418749165857517,1.0338489812135163,1.034055751009759,0.001299071058912249,-0.0012978757460042623,0.002596946804916511,-0.0018571364689584646,-1
2013-06-14,1.040082212801177,1.0431904320563716,1.0325414094600358,1.0327479177419279,0.0012626424244197576,-0.001264760886010352,0.0025274033104301097,-0.000596838943832334,-1
2013-06-17,1.0406349635505023,1.043744834666003,1.0319903546008573,1.0321967526717775,0.0005314490936600968,-0.0005336879026156538,0.0010651369962757506,-6.570703968789005e-05,-1
2013-06-18,1.0415476671073778,1.044660265779157,1.031080451302454,1.0312866673927146,0.0008770640895645609,-0.0008816974832629443,0.0017587615728275052,0.0,-1
2013-06-19,1.046414153085973,1.0495412949402407,1.0262288961505106,1.0264341419297407,0.004672360307916179,-0.0047053119335305205,0.0093776722414467,0.0,-1
2013-06-20,1.0548611722689603,1.0580135575004825,1.0178077931994205,1.0180113547580603,0.008072347987721828,-0.008205871986920799,0.016278219974642627,0.0,-1
2013-06-21,1.0518523846850043,1.0549957783470256,1.0208073495462895,1.0210115110161988,-0.002852306694997808,0.002947075436944724,-0.005799382131942532,-0.002852306694997808,-1
2013-06-24,1.051778304687672,1.0549214769663533,1.0208812022593754,1.0210853784998273,-7.042813080126997e-05,7.23473563535304e-05,-0.00014277548715480037,-0.0029225339431699915,-1
2013-06-25,1.0507696770316868,1.0539098350910467,1.021886735352928,1.0220911126999985,-0.0009589736273223348,0.0009849658229843516,-0.0019439394503066865,-0.0038787049375159643,-1
2013-06-26,1.045477705940209,1.0486020492819994,1.0271624701902875,1.0273679026843254,-0.005036280744631916,0.005162739327991606,-0.010199020072623521,-0.00889545143515702,-1
2013-06-27,1.0440692362473407,1.0471893704674233,1.0285666185685725,1.0287723318922861,-0.0013472020348836988,0.0013670168245387693,-0.002714218859422468,-0.010230669499766032,-1
2013-06-28,1.043238210636242,1.0463558613893695,1.0293950945166503,1.0296009735355536,-0.0007959487572737345,0.0008054664939747269,-0.0016014152512484614,-0.011018475168365405,-1
2013-07-01,1.0436076608793476,1.0467264157109273,1.029026777780876,1.0292325831364322,0.00035413795175354146,-0.00035779919463030385,0.0007119371463838453,-0.010668239276839464,-1
2013-07-02,1.0437273285673458,1.046846441018167,1.028907477244353,1.0291132587398018,0.00011466731462794755,-0.00011593530809783648,0.00023060262272578402,-0.010554795260561134,-1
2013-07-03,1.0440426434277856,1.0471626981769258,1.0285931297989108,1.0287988484248707,0.00030210463193736103,-0.0003055157556868249,0.0006076203876241859,-0.010255879281161229,-1
2013-07-04,1.0438916342024545,1.0470112376701708,1.0287436757140473,1.0289494244491901,-0.0001446389438992668,0.00014636099617537646,-0.00029099994007464325,-0.01039903482551241,-1
2013-07-05,1.0437681675402342,1.046887402035717,1.0288667635691902,1.029072536921904,-0.0001182753632417155,0.00011964871138325783,-0.00023792407462497334,-0.010516080239132863,-1
2013-07-08,1.0447331069926644,1.047855225148063,1.027904784639765,1.028110365596693,0.0009244767970881806,-0.0009349888279877039,0.0018594656250758845,-0.009601325314221976,-1
2013-07-09,1.0449486987797723,1.0480714612174553,1.0276898543080923,1.027895392278954,0.00020636063475421018,-0.00020909556496329085,0.00041545619971750103,-0.00939694601505403,-1
2013-07-10,1.0487809140263826,1.0519151287945383,1.0238693966503851,1.0240741705297152,0.0036673716624417985,-0.003717520068619695,0.007384891731061494,-0.0057640364461413185,-1
2013-07-11,1.0501494944899181,1.0532877991733676,1.0225050151176078,1.0227095161206314,0.0013049250279368874,-0.001332573800175041,0.0026374988281119283,-0.0044666330536249355,-1
2013-07-12,1.0509539272814619,1.0540946359609238,1.0217030503998683,1.0219073910099483,0.0007660174058690128,-0.0007843137254903709,0.0015503311313593837,-0.0037040371664207594,-1
2013-07-15,1.051432598033455,1.0545747371898828,1.0212258482537757,1.0214300934234264,0.0004554631174282786,-0.00046706540213015124,0.0009225285195584298,-0.003250261101307439,-1
2013-07-16,1.052539049275661,1.055684494990949,1.0201227917057634,1.0203268162641046,0.0010523273144427137,-0.0010801298751872412,0.002132457189629955,-0.0022013541254006785,-1
2013-07-17,1.055660856342726,1.0588156313790211,1.017010562629956,1.0172139647424818,0.002965977432584088,-0.0030508377041585932,0.006016815136742681,0.0,-1
2013-07-18,1.0560018142791656,1.0591576082464742,1.0166706507838301,1.016873984913987,0.0003229805617883663,-0.0003342264658950933,0.0006572070276834596,0.0,-1
2013-07-19,1.0568717793760416,1.0600301731784711,1.0158033548198997,1.0160065154908637,0.0008238291687687749,-0.00085307465427642,0.001676903823045195,0.0,-1
2013-07-22,1.0593591577480053,1.062524984921812,1.013323607953596,1.0135262726751868,0.0023535289904630385,-0.0024411682187673867,0.004794697209230425,0.0,-1
2013-07-23,1.0605833771910984,1.0637528628665107,1.0121031445283706,1.0123055651572763,0.0011556226555831106,-0.0012044162552279358,0.0023600389108110464,0.0,-1
2013-07-24,1.0644801749994857,1.067661306006231,1.008218302454127,1.0084199461146177,0.003674202228878709,-0.003838385539305822,0.007512587768184531,0.0,-1
2013-07-25,1.0591017772444535,1.0622668352530662,1.0135801987900863,1.0137829148298443,-0.005052604906460312,0.005318189843318555,-0.010370794749778867,-0.005052604906460312,-1
2013-07-26,1.0590001546840104,1.0621649090000926,1.0136815095631655,1.013884245865078,-9.595164754372387e-05,9.99533862244828e-05,-0.00019590503376820667,-0.005148071748238836,-1
2013-07-29,1.059753301323555,1.0629203063702604,1.0129306736467936,1.0131332597815228,0.0007111865245847948,-0.0007407019949446925,0.0014518885195294873,-0.004440546462909034,-1
2013-07-30,1.059365805952894,1.0625316529944364,1.0133169801460113,1.0135196435420406,-0.00036564676908945604,0.0003813750627443824,-0.0007470218318338384,-0.004804569560531324,-1
2013-07-31,1.058729477770681,1.061893423186098,1.0139513560148252,1.0141541462860282,-0.0006006689838744528,0.0006260389209331585,-0.0012267079048076113,-0.005402352588489867,-1
2013-08-01,1.057805377291139,1.060966561091302,1.0148726212690877,1.0150755957933415,-0.0008728390952973397,0.0009085892028226628,-0.0017814282981200025,-0.006270476299241379,-1
2013-08-02,1.0574625198675887,1.060622679060242,1.0152144267745233,1.0154174696598781,-0.0003241214602524023,0.00033679645925244195,-0.0006609179195048442,-0.006592565363559122,-1
2013-08-05,1.0581567824066895,1.0613190163585935,1.0145222942967576,1.014725198755617,0.0006565363084336528,-0.00068175989181396,0.0013382962002476129,-0.005940357313652389,-1
2013-08-06,1.0587902613582358,1.0619543884215212,1.0138907589169088,1.014093537068692,0.0005986626576315324,-0.0006224953196188876,0.00122115797725042,-0.005345250926117595,-1
2013-08-07,1.0621457053399643,1.0653198599332523,1.0105456097459844,1.0107477188679335,0.00316913000070862,-0.003299319124377753,0.006468449125086373,-0.002193060720480311,-1
2013-08-08,1.0658088662336884,1.068993967949314,1.0068936877668573,1.0070950665044107,0.003448830866902286,-0.0036138121267431655,0.0070626429936454516,0.0,-1
2013-08-09,1.0664527923643456,1.0696398184120803,1.006251737260804,1.0064529876082562,0.000604166610972845,-0.0006375553982039817,0.0012417220091768266,0.0,-1
2013-08-12,1.0679514876949903,1.0711429924979876,1.004757640065299,1.0049585915933121,0.0014053086469227871,-0.001484814525212208,0.002890123172134995,0.0,-1
2013-08-13,1.0727372454713644,1.0759430522057747,0.999986565434026,1.0001865627471127,0.004481250161187944,-0.004748483058026887,0.00922973321921483,0.0,-1
2013-08-14,1.0752426689708832,1.0784559630033819,0.9974888288042784,0.9976883265700391,0.0023355425665469998,-0.0024977701862060053,0.004833312752753005,0.0,-1
2013-08-15,1.0763215776499784,1.0795380959321468,0.9964132303162596,0.9966125129623229,0.0010034094723267994,-0.0010783062997388182,0.0020817157720656176,0.0,-1
2013-08-16,1.0756016720348778,1.0788160389251011,0.9971309271947089,0.9973303533801477,-0.0006688573657256391,0.0007202803582018191,-0.0013891377239274583,-0.0006688573657256391,-1
2013-08-19,1.078903930377496,1.0821281658558366,0.9938388004844614,0.9940375682445582,0.003070149878412698,-0.0033015992388375492,0.006371749117250247,0.0,-1
2013-08-20,1.0822413292316693,1.085475538313301,0.990511641076981,0.9907097434051964,0.0030933234741350457,-0.0033477857836285985,0.006441109257763644,0.0,-1
2013-08-21,1.0808964923570223,1.084126682479559,0.9918523518683846,0.9920507223387582,-0.0012426404705886407,0.0013535537956381738,-0.0025961942662268145,-0.0012426404705886407,-1
2013-08-22,1.0808509046663564,1.0840809585529914,0.991897799691822,0.9920961792517603,-4.2175815157419194e-05,4.582115811069265e-05,-8.799697326811184e-05,-0.001284763876371331,-1
2013-08-23,1.0783616268072818,1.0815842416460435,0.9943794402174356,0.9945783161054791,-0.0023030723741153114,0.002501911513852262,-0.004804983887967573,-0.003584877346295645,-1
2013-08-26,1.0768287407086374,1.0800467746152105,0.9959076232805185,0.9961068048051746,-0.0014214954061215757,0.001536820856582466,-0.0029583162627040416,-0.005001276865737925,-1
2013-08-27,1.0774897622232946,1.0807097715504397,0.9952486298406761,0.9954476795666442,0.0006138594649900408,-0.0006617013711288644,0.0012755608361189053,-0.004390487481889083,-1
2013-08-28,1.0802025960390367,1.0836303873599407,0.9923456501186113,0.9925441192486351,0.0025177351199554554,-0.0029168387024350872,0.005434573822390543,-0.0018838064464604676,0
2013-08-29,1.0802025960390367,1.0836303873599407,0.9918949592028572,0.9920933381946977,0.0,-0.0004541672709506006,0.0004541672709506006,-0.0018838064464604676,0
2013-08-30,1.0802025960390367,1.0836303873599407,0.9922377115379476,0.9924361590802552,0.0,0.00034555305671268854,-0.00034555305671268854,-0.0018838064464604676,0
2013-09-02,1.0802025960390367,1.0836303873599407,0.9917207425463471,0.9919190866948564,0.0,-0.0005210132467140527,0.0005210132467140527,-0.0018838064464604676,0
2013-09-03,1.0802025960390367,1.0836303873599407,0.9917661903697844,0.9919645436078584,0.0,4.5827238946971605e-05,-4.5827238946971605e-05,-0.0018838064464604676,0
2013-09-04,1.0802025960390367,1.0836303873599407,0.9904624059349237,0.9906604984161107,0.0,-0.0013146086724075134,0.0013146086724075134,-0.0018838064464604676,0
2013-09-05,1.0802025960390367,1.0836303873599407,0.9906271542948843,0.9908252797257433,0.0,0.00016633479370176119,-0.00016633479370176119,-0.0018838064464604676,0
2013-09-06,1.0802025960390367,1.0836303873599407,0.9912246038071554,0.9914228487279168,0.0,0.0006031022970456323,-0.0006031022970456323,-0.0018838064464604676,0
2013-09-09,1.0802025960390367,1.0836303873599407,0.9898422325109341,0.9900402009574363,0.0,-0.0013946095475352305,0.0013946095475352305,-0.0018838064464604676,0
2013-09-10,1.0802025960390367,1.0836303873599407,0.9882941660250973,0.9884918248583023,0.0,-0.0015639527542785636,0.0015639527542785636,-0.0018838064464604676,0
2013-09-11,1.0802025960390367,1.0836303873599407,0.9857784396319057,0.985975595319832,0.0,-0.0025455238730284213,0.0025455238730284213,-0.0018838064464604676,0
2013-09-12,1.0802025960390367,1.0836303873599407,0.9846431908756254,0.9848401195138005,0.0,-0.0011516266846982592,0.0011516266846982592,-0.0018838064464604676,0
2013-09-13,1.0802025960390367,1.0836303873599407,0.984088348697827,0.9842851663675666,0.0,-0.0005634956732954999,0.0005634956732954999,-0.0018838064464604676,0
2013-09-16,1.0802025960390367,1.0836303873599407,0.9846687552763088,0.984865689027364,0.0,0.0005897911292718216,-0.0005897911292718216,-0.0018838064464604676,0
2013-09-17,1.0802025960390367,1.0836303873599407,0.9873823690673843,0.9875798455411977,0.0,0.0027558646260832376,-0.0027558646260832376,-0.0018838064464604676,0
2013-09-18,1.0802025960390367,1.0836303873599407,0.9879428922231124,0.988140480801557,0.0,0.0005676860082659552,-0.0005676860082659552,-0.0018838064464604676,0
2013-09-22,1.0802025960390367,1.0836303873599407,0.9925416438571852,0.9927401521859567,0.0,0.0046548759753961555,-0.0046548759753961555,-0.0018838064464604676,0
2013-09-23,1.0802025960390367,1.0836303873599407,0.9918372025939055,0.9920355700344242,0.0,-0.0007097347175702984,0.0007097347175702984,-0.0018838064464604676,0
2013-09-24,1.0802025960390367,1.0836303873599407,0.9909954710306583,0.9911936701248645,0.0,-0.0008486589946876677,0.0008486589946876677,-0.0018838064464604676,0
2013-09-25,1.0802025960390367,1.0836303873599407,0.9915559941863864,0.9917543053852237,0.0,0.0005656162637606155,-0.0005656162637606155,-0.0018838064464604676,0
2013-09-26,1.0802025960390367,1.0836303873599407,0.9931551894735903,0.993353820511485,0.0,0.0016128138971274186,-0.0016128138971274186,-0.0018838064464604676,0
2013-09-27,1.0802025960390367,1.0836303873599407,0.9925340692199458,0.9927325760337897,0.0,-0.0006254010050269487,0.0006254010050269487,-0.0018838064464604676,0
2013-09-29,1.0802025960390367,1.0836303873599407,0.9922045725000245,0.9924030134145244,0.0,-0.0003319752239641094,0.0003319752239641094,-0.0018838064464604676,0
2013-09-30,1.0802025960390367,1.0836303873599407,0.9925672082578688,0.9927657216995204,0.0,0.0003654848686400758,-0.0003654848686400758,-0.0018838064464604676,0
2013-10-08,1.0802025960390367,1.0836303873599407,0.992455482358585,0.9926539734550568,0.0,-0.00011256255330038822,0.00011256255330038822,-0.0018838064464604676,0
2013-10-09,1.0802025960390367,1.0836303873599407,0.9918087977042571,0.9920071594637979,0.0,-0.0006516006670557184,0.0006516006670557184,-0.0018838064464604676,0
2013-10-10,1.0802025960390367,1.0836303873599407,0.9923295540144773,0.9925280199252802,0.0,0.0005250571596315812,-0.0005250571596315812,-0.0018838064464604676,0
2013-10-11,1.0802025960390367,1.0836303873599407,0.992107049045565,0.9923054704553741,0.0,-0.00022422487369455624,0.00022422487369455624,-0.0018838064464604676,0
2013-10-12,1.0802025960390367,1.0836303873599407,0.9921326134462486,0.9923310399689378,0.0,2.5767784543218042e-05,-2.5767784543218042e-05,-0.0018838064464604676,0
2013-10-14,1.0802025960390367,1.0836303873599407,0.9896405577944306,0.9898384859059894,0.0,-0.0025118170878000168,0.0025118170878000168,-0.0018838064464604676,0
2013-10-15,1.0802025960390367,1.0836303873599407,0.9886975154581042,0.9888952549611959,0.0,-0.0009529139937717312,0.0009529139937717312,-0.0018838064464604676,0
2013-10-16,1.0802025960390367,1.0836303873599407,0.9877497389735034,0.987947288921298,0.0,-0.000958611172560464,0.000958611172560464,-0.0018838064464604676,0
2013-10-17,1.0802025960390367,1.0836303873599407,0.9870206801391949,0.9872180842752227,0.0,-0.0007381007612983215,0.0007381007612983215,-0.0018838064464604676,0
2013-10-18,1.0802025960390367,1.0836303873599407,0.9860795314621785,0.9862767473684709,0.0,-0.0009535247801328861,0.0009535247801328861,-0.0018838064464604676,0
2013-10-21,1.0802025960390367,1.0836303873599407,0.9854025482588921,0.9855996287685438,0.0,-0.000686540164039906,0.000686540164039906,-0.0018838064464604676,0
2013-10-22,1.0802025960390367,1.0836303873599407,0.9847189372480211,0.9849158810354707,0.0,-0.0006937378151485873,0.0006937378151485873,-0.0018838064464604676,0
2013-10-23,1.0802025960390367,1.0836303873599407,0.9835230913938242,0.9837197960121029,0.0,-0.0012144032261011128,0.0012144032261011128,-0.0018838064464604676,0
2013-10-24,1.0802025960390367,1.0836303873599407,0.9818443624156048,0.9820407312880879,0.0,-0.0017068526330584755,0.0017068526330584755,-0.0018838064464604676,0
2013-10-25,1.0802025960390367,1.0836303873599407,0.9814268105377736,0.9816230958998812,0.0,-0.0004252729799292254,0.0004252729799292254,-0.0018838064464604676,0
2013-10-28,1.0802025960390367,1.0836303873599407,0.98131508463849,0.9815113476554177,0.0,-0.00011384027630378935,0.00011384027630378935,-0.0018838064464604676,0
2013-10-29,1.0802025960390367,1.0836303873599407,0.9804676720973133,0.9806637656317327,0.0,-0.0008635478598485458,0.0008635478598485458,-0.0018838064464604676,0
2013-10-30,1.0802025960390367,1.0836303873599407,0.9793693496975759,0.9795652235675154,0.0,-0.0011202025635256296,0.0011202025635256296,-0.0018838064464604676,0
2013-10-31,1.0802025960390367,1.0836303873599407,0.980947714732371,0.9811439042753174,0.0,0.0016116136729031894,-0.0016116136729031894,-0.0018838064464604676,0
2013-11-01,1.0802025960390367,1.0836303873599407,0.9823253518803174,0.9825218169506935,0.0,0.0014043940642873842,-0.0014043940642873842,-0.0018838064464604676,0
2013-11-04,1.0802025960390367,1.0836303873599407,0.9816067081722134,0.9818030295138478,0.0,-0.0007315740215076971,0.0007315740215076971,-0.0018838064464604676,0
2013-11-05,1.0802025960390367,1.0836303873599407,0.980351212049755,0.9805472822921649,0.0,-0.0012790215388770454,0.0012790215388770454,-0.0018838064464604676,0
2013-11-06,1.0802025960390367,1.0836303873599407,0.9789233929300962,0.9791191776086823,0.0,-0.0014564363282352222,0.0014564363282352222,-0.0018838064464604676,0
2013-11-07,1.0802025960390367,1.0836303873599407,0.9746172116594016,0.9748121351017335,0.0,-0.004398895053274177,0.004398895053274177,-0.0018838064464604676,0
2013-11-08,1.0802025960390367,1.0836303873599407,0.9726203479171205,0.9728148719867039,0.0,-0.0020488697699903025,0.0020488697699903025,-0.0018838064464604676,0
2013-11-11,1.0802025960390367,1.0836303873599407,0.9668011328578221,0.9669944930843937,0.0,-0.005983028292344761,0.005983028292344761,-0.0018838064464604676,0
2013-11-12,1.0802025960390367,1.0836303873599407,0.9666572147502702,0.9668505461932203,0.0,-0.00014886009403658473,0.00014886009403658473,-0.0018838064464604676,0
2013-11-13,1.0802025960390367,1.0836303873599407,0.962608571145721,0.9628010928599501,0.0,-0.0041882929571835925,0.0041882929571835925,-0.0018838064464604676,0
2013-11-14,1.0802025960390367,1.0836303873599407,0.9601524950207909,0.9603445255197951,0.0,-0.0025514795925895006,0.0025514795925895006,-0.0018838064464604676,0
2013-11-15,1.0802025960390367,1.0836303873599407,0.9557771951852853,0.9559683506243223,0.0,-0.004556880139556241,0.004556880139556241,-0.0018838064464604676,0
2013-11-18,1.0802025960390367,1.0836303873599407,0.9540369222794944,0.9542277296639503,0.0,-0.0018207935014116217,0.0018207935014116217,-0.0018838064464604676,0
2013-11-19,1.079986598719293,1.0836303873599407,0.9516064105552479,0.9517967318373589,-0.00019996000799826774,-0.0025476076108661427,0.002347647602867875,-0.0020833897685067493,-1
2013-11-20,1.0836831037510022,1.087339364104781,0.9483493165422336,0.948538986405542,0.003422732315468302,-0.003422732315468302,0.006845464630936604,0.0,-1
2013-11-21,1.0838733018296687,1.0875302038965942,0.9481817276933081,0.9483713640388467,0.0001755107909389153,-0.00017671637022587117,0.0003522271611647865,0.0,-1
2013-11-22,1.0783715268987524,1.0820098664159012,0.9530294955266317,0.9532201014257371,-0.005076031415875648,0.005112699065733972,-0.01018873048160962,-0.005076031415875648,-1
2013-11-25,1.0785918128090721,1.0822308955533118,0.9528353954473678,0.9530259625264573,0.00020427645280407525,-0.0002036663924621651,0.00040794284526624036,-0.004872791876763594,-1
2013-11-26,1.078303829277532,1.0819419403883068,0.9530891457948935,0.9532797636240524,-0.00026699955267606157,0.00026631079065486674,-0.0005333103433309283,-0.0051384903961883,-1
2013-11-27,1.075349848948413,1.0789779935651769,0.9556919805163402,0.9558831189124435,-0.0027394693860061103,0.0027309457178592567,-0.005470415103865367,-0.007863883045063802,-1
2013-11-28,1.069759959653369,1.07336924442952,0.9606173883813695,0.9608095118590457,-0.005198205310123494,0.005153760798922047,-0.01035196610904554,-0.013021210276584205,-1
2013-11-29,1.0642850488578575,1.0678758617216821,0.9654414854733195,0.9656345737704142,-0.005117887191520509,0.005021871507113307,-0.010139758698633816,-0.018072456382812074,-1
2013-12-02,1.0698727890220692,1.0734824544755106,0.9605179712676002,0.9607100748618537,0.005250228940271384,-0.005099754133007339,0.010349983073278723,-0.012917111976063489,-1
2013-12-03,1.066861856725892,1.0704613635339284,0.963170987960759,0.963363622158351,-0.002814290004449327,0.002762068771766435,-0.005576358776215762,-0.01569504948139222,-1
2013-12-04,1.0679686591045725,1.0715719001755522,0.9621957534161645,0.9623881925668477,0.0010374373886392618,-0.0010125248338919146,0.0020499622225311764,-0.01467389472390157,-1
2013-12-05,1.070528273925948,1.0741401509331714,0.959940405178083,0.9601323932591186,0.0023967134237081744,-0.0023439598751856527,0.004740673298893827,-0.01231235042065626,-1
2013-12-06,1.0707012789579553,1.0743137396703573,0.9597879656036367,0.9599799231967574,0.00016160715809276915,-0.00015880108142551919,0.00032040823951828834,-0.01215273302652431,-1
2013-12-09,1.073654184721658,1.0772766083025729,0.9571860777118449,0.9573775149273873,0.0027579174712266674,-0.0027108986411965574,0.005468816112423225,-0.009428331790034772,-1
2013-12-10,1.0784531938703832,1.0820918089253804,0.952957536472856,0.9531481279801505,0.004469790382244154,-0.004417679422476839,0.008887469804720993,-0.0050006840745462355,-1
2013-12-11,1.0815038850869596,1.0851527929307878,0.9502694870824642,0.9504595409798806,0.002828765526325716,-0.0028207441439006553,0.005649509670226371,-0.0021860643109385958,-1
2013-12-12,1.0802778059470814,1.0839225770976881,0.9513498197187575,0.9515400896827013,-0.0011336798293420935,0.0011368697521902948,-0.0022705495815323884,-0.0033172658432657487,-1
2013-12-13,1.0755411215924957,1.079169911547904,0.9555234448377598,0.9557145495267273,-0.0043846909827357505,0.0043870561937311425,-0.008771747176466893,-0.007687411640371233,-1
2013-12-16,1.0763964756637867,1.0800281515156056,0.9547697684324227,0.9549607223861092,0.0007952778876780808,-0.0007887576274646646,0.0015840355151427454,-0.006898247381184164,-1
2013-12-17,1.0764727698083365,1.0801047030705135,0.9547025435269215,0.9548934840356269,7.087922180604167e-05,-7.040954555104229e-05,0.00014128876735708396,-0.0068278571017843515,-1
2013-12-18,1.0772174436417592,1.0808518893740526,0.954046390576044,0.9542371998541592,0.000691772104514321,-0.0006872852233675841,0.0013790573278819052,-0.0061408083183466244,-1
2013-12-19,1.0787433265327557,1.0823829204722137,0.9527018924660204,0.9528924328445136,0.0014165040679605667,-0.0014092586307168364,0.002825762698677403,-0.004733002730349711,-1
2013-12-20,1.0791247972555047,1.0827656782467538,0.9523657679385147,0.9525562410921024,0.00035362510558933913,-0.0003528118608390196,0.0007064369664283587,-0.0043810513333506496,-1
2013-12-23,1.0798565763039332,1.0834999262593226,0.9517209769434964,0.9519113211388851,0.0006781227252765643,-0.0006770413392891417,0.001355164064565706,-0.003705899498543719,-1
2013-12-24,1.0786304971640552,1.0822697104262229,0.9528013095797899,0.9529918698417058,-0.001135409244878094,0.0011351358880025142,-0.002270545132880608,-0.00483710103087065,-1
2013-12-25,1.0782887853617054,1.081926845715508,0.9531024014100626,0.9532930218903446,-0.00031680153977498016,0.00031600694420275133,-0.0006328084839777315,-0.005152370169591025,-1
2013-12-26,1.0778987181156265,1.0815354624136542,0.9534461005748083,0.9536367897949232,-0.0003617465482106397,0.00036061095244033226,-0.0007223575006509719,-0.0055122528656776915,-1
2013-12-27,1.0783210223241912,1.081959191442934,0.9530739965204142,0.9532646113197183,0.0003917846839107675,-0.0003902727738565037,0.0007820574577672712,-0.005122627798013535,-1
2013-12-30,1.0780029509609976,1.0816400469323315,0.9533542580982783,0.953544928949898,-0.00029496908305470804,0.00029406066988224566,-0.0005890297529369537,-0.005416085864243914,-1
2013-12-31,1.078408062122903,1.082046524906984,0.9529973033183636,0.9531879027790273,0.0003757978227649783,-0.00037441987265751653,0.0007502176954224948,-0.005042323394754522,-1
2014-01-02,1.0798673219580952,1.0835107081684645,0.9517115086469471,0.9519018509486764,0.001353161095920763,-0.0013492112379954735,0.0027023723339162364,-0.0036959853746845184,-1
2014-01-03,1.0811503530650315,1.084798068120017,0.9505809940389413,0.9507711102377491,0.0011881377284477246,-0.0011878753148767407,0.0023760130433244653,-0.002512238985904136,-1
2014-01-06,1.0816801138152154,1.0853296162407162,0.950114207019053,0.9503042298604568,0.0004899972965666244,-0.0004910544422994656,0.00098105173886609,-0.0020234726796489744,-1
2014-01-07,1.0824763667886157,1.0861285557081368,0.949412606244738,0.949602488765987,0.0007361261090321758,-0.0007384383573384445,0.0014745644663706203,-0.001288836101687174,-1
2014-01-08,1.0810267780421692,1.0846740761648839,0.9506898794492602,0.95088001742515,-0.001339141242175157,0.0013453299399239782,-0.002684471182099135,-0.002626251410284164,-1
2014-01-09,1.0800403269901024,1.0836842969056504,0.9515590690725007,0.9517493808863151,-0.0009125130589764385,0.0009142725109727579,-0.0018267855699491964,-0.0035363679805525683,-1
2014-01-10,1.0790237881063824,1.0826643283008193,0.9524547699260796,0.9526452608800647,-0.0009412045627527066,0.0009412982154139993,-0.0018825027781667059,-0.004474244097626423,-1
2014-01-13,1.0790904111621864,1.0827311761374996,0.952396066487473,0.9525865457007705,6.174382487045271e-05,-6.163383339574668e-05,0.0001233776582661994,-0.004412776529699847,-1
2014-01-14,1.0793407849041599,1.0829823946205077,0.9521754551778705,0.9523658902689061,0.00023202295135194007,-0.00023163819902793925,0.0004636611503798793,-0.004181777443782009,-1
2014-01-15,1.0781061092409523,1.0817435532600943,0.9532633624514035,0.9534540151238938,-0.0011439164353612696,0.0011425491674008637,-0.0022864656027621333,-0.005320910275196211,-1
2014-01-16,1.078685300000281,1.082324698162847,0.9527530212673877,0.9529435718716411,0.0005372298277175336,-0.0005353622137573844,0.001072592041474918,-0.004786538999189238,-1
2014-01-17,1.079004445928891,1.0826449208643638,0.9524718128598687,0.9526623072224406,0.00029586565109385177,-0.0002951535195815369,0.0005910191706753887,-0.004492089520572784,-1
2014-01-20,1.0790560250688683,1.0826966740282453,0.9524263650364312,0.9526168503094384,4.7802527757934143e-05,-4.7715662368053025e-05,9.551819012598717e-05,-0.004444501726048933,-1
2014-01-21,1.0772625753892395,1.080897173392449,0.9540066237305361,0.9541974250552823,-0.0016620542751840661,0.001659192513055352,-0.003321246788239418,-0.006099168998138116,-1
2014-01-22,1.075072611071035,1.0786998203093139,0.9559362625673162,0.9561274498198297,-0.0020328974274571587,0.0020226681752317788,-0.0040555656026889375,-0.008119667440629308,-1
2014-01-23,1.073503745563391,1.0771256615745852,0.9573186338635374,0.9575100975903101,-0.0014593112051111135,0.0014460914920295664,-0.00290540269714068,-0.009567129524062579,-1
2014-01-24,1.0748200881982293,1.0784464454444775,0.9561587675362285,0.9563499992897357,0.0012262114969590066,-0.0012115781373939205,0.002437789634352927,-0.008352649351318853,-1
2014-01-26,1.0723808247034674,1.0759989520692483,0.958308070852956,0.9584997324671266,-0.002269462137473588,0.00224785191508059,-0.004517314052554178,-0.01060315546734203,-1
2014-01-27,1.0717586513274908,1.075374679529928,0.9588562852231699,0.9590480564802145,-0.0005801795049334979,0.0005720648577298704,-0.0011522443626633683,-0.011177183238785693,-1
2014-01-28,1.0703563434593568,1.0739676403868998,0.9600918979228744,0.960283916302459,-0.00130841758673661,0.0012886317988904938,-0.0025970493856271037,-0.012470976402402467,-1
2014-01-29,1.0708205557191528,1.0744334188618332,0.9596828675119378,0.9598748040854401,0.00043369879819254997,-0.0004260325619053207,0.0008597313600978707,-0.012042686251688028,-1
2014-01-30,1.0714749660576155,1.0750900371285796,0.9591062482520755,0.9592980695017259,0.0006111297873090393,-0.0006008435488248365,0.0012119733361338758,-0.011438916108666763,-1
2014-02-07,1.0694397391593429,1.073047943537089,0.9608995436185435,0.9610917235272671,-0.0018994628551715076,0.0018697567341847687,-0.0037692195893562763,-0.013316651167586402,-1
2014-02-08,1.0691023256186578,1.072709391590031,0.9611968481301965,0.9613890874998224,-0.00031550495865273476,0.0003094022820882003,-0.0006249072407409351,-0.013627954656763142,-1
2014-02-10,1.0698867583724798,1.0734964709573953,0.9605056624820859,0.9606977636145823,0.0007337302847676419,-0.0007190885503370881,0.00145281883510473,-0.012904223615046506,-1
2014-02-11,1.06997702186744,1.073587038994188,0.9604261287910705,0.9606182140168287,8.436733537808827e-05,-8.280397932258765e-05,0.00016717131470067592,-0.012820944974629933,-1
2014-02-12,1.0702639308335642,1.0738749159682788,0.9601733252731999,0.9603653599382544,0.00026814497906069157,-0.0002632201585236471,0.0005313651375843387,-0.01255623786759097,-1
2014-02-13,1.0699619779516134,1.0735719443213891,0.9604393844062397,0.9606314722831208,-0.0002821293638435307,0.00027709490155247707,-0.0005592242653960078,-0.012834824748032658,-1
2014-02-14,1.069842701190416,1.0734522651299132,0.9605444824979386,0.9607365913944381,-0.00011147756990936841,0.00010942709493733105,-0.00022090466484669946,-0.01294487152286894,-1
2014-02-17,1.070312286277293,1.0739234345594177,0.9601307179387272,0.9603227440823149,0.0004389290933652923,-0.0004307604350975991,0.0008696895284628914,-0.0125116243102249,-1
2014-02-18,1.0713234523339321,1.0749380122096779,0.959239751233423,0.9594315991836696,0.0009447392780626007,-0.0009279639622581382,0.0018727032403207389,-0.011578705255080424,-1
2014-02-19,1.0721992231481305,1.075816737804749,0.958468085064642,0.9586597786816549,0.0008174662958142509,-0.0008044559952700148,0.0016219222910842657,-0.010770704160561362,-1
2014-02-20,1.0723260218672415,1.0759439643326243,0.9583563591653583,0.9585480304371914,0.00011826040942142235,-0.00011656715651220395,0.0002348275659336263,-0.010653717499023552,-1
2014-02-21,1.0719295072286656,1.0755461118852854,0.9587057393080334,0.958897480455895,-0.0003697706019344382,0.00036456182435040674,-0.000734332426284845,-0.01101954866942556,-1
2014-02-24,1.0708785822516276,1.0744916411712,0.9596317387105705,0.9598236650583126,-0.0009804049333012044,0.0009658849056286556,-0.00194628983892986,-0.011989149982848502,-1
2014-02-25,1.062283133487487,1.0658671920485316,0.967205429120484,0.9673988702063081,-0.008026539055499549,0.007892288368963385,-0.015918827424462934,-0.01991945765776848,-1
2014-02-26,1.0635468224169318,1.0671351445636281,0.9660919574462675,0.9662851758377567,0.001189597094793493,-0.0011512256245593822,0.0023408227193528752,-0.01875355669193446,-1
2014-02-27,1.0583599024600052,1.062151746158206,0.9704682041114282,0.9706622977522504,-0.004877001978285445,0.004529844836643315,-0.00940684681492876,-0.023539097537133458,0
2014-02-28,1.0583599024600052,1.062151746158206,0.9688529127200901,0.9690466833026341,0.0,-0.0016644454547761756,0.0016644454547761756,-0.023539097537133458,0
2014-03-03,1.0583599024600052,1.062151746158206,0.967151459830152,0.9673448901221181,0.0,-0.0017561519066513487,0.0017561519066513487,-0.023539097537133458,0
2014-03-04,1.0583599024600052,1.062151746158206,0.9635023783399901,0.9636950788156581,0.0,-0.0037730196786373016,0.0037730196786373016,-0.023539097537133458,0
2014-03-05,1.0583599024600052,1.062151746158206,0.9632978631345217,0.9634905227071486,0.0,-0.0002122622736238089,0.0002122622736238089,-0.023539097537133458,0
2014-03-06,1.0583599024600052,1.062151746158206,0.9625536550257342,0.9627461657567393,0.0,-0.0007725628149592989,0.0007725628149592989,-0.023539097537133458,0
2014-03-07,1.0583599024600052,1.062151746158206,0.9630242293642424,0.9632168342101152,0.0,0.0004888811507297586,-0.0004888811507297586,-0.023539097537133458,0
2014-03-10,1.0583599024600052,1.062151746158206,0.964520220219057,0.9647131242631009,0.0,0.0015534301310387022,-0.0015534301310387022,-0.023539097537133458,0
2014-03-11,1.0583599024600052,1.062151746158206,0.963838502867496,0.9640312705680695,0.0,-0.0007067942561186369,0.0007067942561186369,-0.023539097537133458,0
2014-03-12,1.0583599024600052,1.062151746158206,0.9654064527760866,0.9655995340666418,0.0,0.0016267765854194316,-0.0016267765854194316,-0.023539097537133458,0
2014-03-13,1.0583599024600052,1.062151746158206,0.9662604931248479,0.9664537452234728,0.0,0.0008846432984837005,-0.0008846432984837005,-0.023539097537133458,0
2014-03-14,1.0583599024600052,1.062151746158206,0.9666818323212989,0.9668751686877631,0.0,0.00043605135411106666,-0.00043605135411106666,-0.023539097537133458,0
2014-03-17,1.0583599024600052,1.062151746158206,0.9680784060623444,0.9682720217435569,0.0,0.001444708790783844,-0.001444708790783844,-0.023539097537133458,0
2014-03-18,1.0583599024600052,1.062151746158206,0.9673777521176842,0.9675712276681077,0.0,-0.0007237574356298015,0.0007237574356298015,-0.023539097537133458,0
2014-03-19,1.0583599024600052,1.062151746158206,0.9667083435516374,0.9669016852203477,0.0,-0.0006919825937503621,0.0006919825937503621,-0.023539097537133458,0
2014-03-20,1.0583599024600052,1.062151746158206,0.9664470185668723,0.9666403079705856,0.0,-0.00027032453635911224,0.00027032453635911224,-0.023539097537133458,0
2014-03-21,1.0583599024600052,1.062151746158206,0.9666903537881935,0.9668836918589511,0.0,0.0002517833017705584,-0.0002517833017705584,-0.023539097537133458,0
2014-03-24,1.0583599024600052,1.062151746158206,0.9667642065012791,0.9669575593425794,0.0,7.639748632670695e-05,-7.639748632670695e-05,-0.023539097537133458,0
2014-03-25,1.0583599024600052,1.062151746158206,0.9666013518006284,0.9667946720709886,0.0,-0.0001684533824851675,0.0001684533824851675,-0.023539097537133458,0
2014-03-26,1.0583599024600052,1.062151746158206,0.9666846728102637,0.9668780097448257,0.0,8.619997218084485e-05,-8.619997218084485e-05,-0.023539097537133458,0
2014-03-27,1.0583599024600052,1.062151746158206,0.9665104561537536,0.9667037582449843,0.0,-0.00018022077044377305,0.00018022077044377305,-0.023539097537133458,0
2014-03-28,1.0583599024600052,1.062151746158206,0.9655551050319131,0.9657482160529195,0.0,-0.0009884539952546012,0.0009884539952546012,-0.023539097537133458,0
2014-03-31,1.0583599024600052,1.062151746158206,0.9666004049709735,0.9667937250519677,0.0,0.0010825896249866407,-0.0010825896249866407,-0.023539097537133458,0
2014-04-01,1.0583599024600052,1.062151746158206,0.966593777163389,0.9667870959188216,0.0,-6.856822685419317e-06,6.856822685419317e-06,-0.023539097537133458,0
2014-04-02,1.0583599024600052,1.062151746158206,0.965943305190441,0.966136493851479,0.0,-0.0006729527835952487,0.0006729527835952487,-0.023539097537133458,0
2014-04-03,1.0583599024600052,1.062151746158206,0.9650532853147917,0.9652462959718546,0.0,-0.0009213997041719324,0.0009213997041719324,-0.023539097537133458,0
2014-04-04,1.0583599024600052,1.062151746158206,0.9643857704080548,0.9645786475621364,0.0,-0.0006916870984167156,0.0006916870984167156,-0.023539097537133458,0
2014-04-08,1.0583599024600052,1.062151746158206,0.964328013799103,0.9645208794018628,0.0,-5.988952836510908e-05,5.988952836510908e-05,-0.023539097537133458,0
2014-04-09,1.0583599024600052,1.062151746158206,0.9640032512274564,0.964196051877702,0.0,-0.00033677604196846733,0.00033677604196846733,-0.023539097537133458,0
2014-04-10,1.0583599024600052,1.062151746158206,0.9645505187680153,0.9647434288717689,0.0,0.0005677030029329622,-0.0005677030029329622,-0.023539097537133458,0
2014-04-11,1.0583599024600052,1.062151746158206,0.9653335468926558,0.9655266136020343,0.0,0.0008118062345148225,-0.0008118062345148225,-0.023539097537133458,0
2014-04-14,1.0583599024600052,1.062151746158206,0.9669933392777761,0.9671867379456316,0.0,0.0017193978086258443,-0.0017193978086258443,-0.023539097537133458,0
2014-04-15,1.0583599024600052,1.062151746158206,0.9676371834431393,0.967830710879828,0.0,0.0006658206827403479,-0.0006658206827403479,-0.023539097537133458,0
2014-04-16,1.0583599024600052,1.062151746158206,0.9684135837601953,0.9686072664769473,0.0,0.0008023671788772724,-0.0008023671788772724,-0.023539097537133458,0
2014-04-17,1.0583599024600052,1.062151746158206,0.9724253010082016,0.9726197860684032,0.0,0.004142566064004871,-0.004142566064004871,-0.023539097537133458,0
2014-04-18,1.0583599024600052,1.062151746158206,0.9723069473013334,0.9725014086907936,0.0,-0.00012170981847703377,0.00012170981847703377,-0.023539097537133458,0
2014-04-21,1.0583599024600052,1.062151746158206,0.9728049796998349,0.9729995406957749,0.0,0.000512217258021197,-0.000512217258021197,-0.023539097537133458,0
2014-04-22,1.0583599024600052,1.062151746158206,0.9728258099522437,0.9730203751142341,0.0,2.1412567619893963e-05,-2.1412567619893963e-05,-0.023539097537133458,0
2014-04-23,1.0583599024600052,1.062151746158206,0.9715835694449546,0.9717778861588435,0.0,-0.001276940326398246,0.001276940326398246,-0.023539097537133458,0
2014-04-24,1.0583599024600052,1.062151746158206,0.971770094886979,0.9719644489059563,0.0,0.00019198085258986808,-0.00019198085258986808,-0.023539097537133458,0
2014-04-25,1.0583599024600052,1.062151746158206,0.9713695859429369,0.9715638598601254,0.0,-0.0004121437222130986,0.0004121437222130986,-0.023539097537133458,0
2014-04-28,1.0583599024600052,1.062151746158206,0.9714055654698247,0.9715998465829186,0.0,3.703999734860908e-05,-3.703999734860908e-05,-0.023539097537133458,0
2014-04-29,1.0583599024600052,1.062151746158206,0.9720465691462232,0.9722409784600524,0.0,0.0006598723532003081,-0.0006598723532003081,-0.023539097537133458,0
2014-04-30,1.0583599024600052,1.062151746158206,0.9727055625860657,0.9729001036985828,0.0,0.0006779443092126414,-0.0006779443092126414,-0.023539097537133458,0
2014-05-04,1.0583599024600052,1.062151746158206,0.9743880788829048,0.9745829564986813,0.0,0.0017297282564787686,-0.0017297282564787686,-0.023539097537133458,0
2014-05-05,1.0583599024600052,1.062151746158206,0.9744685594035752,0.9746634531154559,0.0,8.259596193194163e-05,-8.259596193194163e-05,-0.023539097537133458,0
2014-05-06,1.0583599024600052,1.062151746158206,0.9757543540749919,0.9759495049458069,0.0,0.001319482972548247,-0.001319482972548247,-0.023539097537133458,0
2014-05-07,1.0583599024600052,1.062151746158206,0.9771613429422418,0.9773567752108302,0.0,0.0014419498733200253,-0.0014419498733200253,-0.023539097537133458,0
2014-05-08,1.0583599024600052,1.062151746158206,0.9797149425216313,0.9799108855101356,0.0,0.002613283464223626,-0.002613283464223626,-0.023539097537133458,0
2014-05-09,1.0583599024600052,1.062151746158206,0.9885005748898755,0.9886982750048535,0.0,0.008967539420835502,-0.008967539420835502,-0.023539097537133458,0
2014-05-12,1.0583599024600052,1.062151746158206,0.9874306573797865,0.9876281435112625,0.0,-0.0010823640747079644,0.0010823640747079644,-0.023539097537133458,0
2014-05-13,1.0583599024600052,1.062151746158206,0.9861486500269896,0.986345879756995,0.0,-0.0012983264629425895,0.0012983264629425895,-0.023539097537133458,0
2014-05-14,1.0583599024600052,1.062151746158206,0.9855701371078176,0.9857672511352391,0.0,-0.0005866386565109849,0.0005866386565109849,-0.023539097537133458,0
2014-05-15,1.0583599024600052,1.062151746158206,0.9846706489356188,0.9848675830654059,0.0,-0.0009126576976432599,0.0009126576976432599,-0.023539097537133458,0
2014-05-16,1.0583599024600052,1.062151746158206,0.9841839784929766,0.9843808152886752,0.0,-0.0004942469273033767,0.0004942469273033767,-0.023539097537133458,0
2014-05-19,1.0583599024600052,1.062151746158206,0.9842833956067458,0.9844802522858671,0.0,0.00010101476547252908,-0.00010101476547252908,-0.023539097537133458,0
2014-05-20,1.0583599024600052,1.062151746158206,0.9850001456555402,0.9851971456846712,0.0,0.0007281947983615034,-0.0007281947983615034,-0.023539097537133458,0
2014-05-21,1.0583599024600052,1.062151746158206,0.9849575383210675,0.9851545298287316,0.0,-4.3256170733196875e-05,4.3256170733196875e-05,-0.023539097537133458,0
2014-05-22,1.0583599024600052,1.062151746158206,0.9849736344252015,0.9851706291520865,0.0,1.634192694388581e-05,-1.634192694388581e-05,-0.023539097537133458,0
2014-05-23,1.0583599024600052,1.062151746158206,0.986263216415238,0.986460469058521,0.0,0.0013092553393969641,-0.0013092553393969641,-0.023539097537133458,0
2014-05-26,1.0583599024600052,1.062151746158206,0.9857112147264044,0.9859083569693498,0.0,-0.0005596900296452878,0.0005596900296452878,-0.023539097537133458,0
2014-05-27,1.0583599024600052,1.062151746158206,0.9860075724084026,0.9862047739228843,0.0,0.00030065365755271856,-0.00030065365755271856,-0.023539097537133458,0
2014-05-28,1.0583599024600052,1.062151746158206,0.9872412914487974,0.9874387397070871,0.0,0.0012512267399542587,-0.0012512267399542587,-0.023539097537133458,0
2014-05-29,1.0583599024600052,1.062151746158206,0.9892125907903949,0.9894104333085529,0.0,0.0019967756197722952,-0.0019967756197722952,-0.023539097537133458,0
2014-05-30,1.0583599024600052,1.062151746158206,0.9913514789809182,0.9915497492767144,0.0,0.002162212865501667,-0.002162212865501667,-0.023539097537133458,0
2014-06-03,1.0583599024600052,1.062151746158206,0.9950261248717637,0.995225130096738,0.0,0.003706703393051791,-0.003706703393051791,-0.023539097537133458,0
2014-06-04,1.0583599024600052,1.062151746158206,0.996478561562451,0.9966778572747634,0.0,0.0014596970414968435,-0.0014596970414968435,-0.023539097537133458,0
2014-06-05,1.0583599024600052,1.062151746158206,0.995372664525474,0.995571739058379,0.0,-0.0011098051474814907,0.0011098051474814907,-0.023539097537133458,0
2014-06-06,1.0583599024600052,1.062151746158206,0.9947524911014843,0.9949514415997046,0.0,-0.0006230565155065371,0.0006230565155065371,-0.023539097537133458,0
2014-06-09,1.0583599024600052,1.062151746158206,0.99377346923827,0.9939722239321177,0.0,-0.0009841863900539316,0.0009841863900539316,-0.023539097537133458,0
2014-06-10,1.0583599024600052,1.062151746158206,0.9945886895711786,0.9947876073090929,0.0,0.0008203281312526567,-0.0008203281312526567,-0.023539097537133458,0
2014-06-11,1.0583599024600052,1.062151746158206,0.9943860680250202,0.9945849452386252,0.0,-0.00020372395974643798,0.00020372395974643798,-0.023539097537133458,0
2014-06-12,1.0583599024600052,1.062151746158206,0.9943093748229695,0.9945082366979341,0.0,-7.712618319655196e-05,7.712618319655196e-05,-0.023539097537133458,0
2014-06-13,1.0583599024600052,1.062151746158206,0.9933852690797422,0.9935839461335582,0.0,-0.0009293945794203173,0.0009293945794203173,-0.023539097537133458,0
2014-06-16,1.0583599024600052,1.062151746158206,0.9941910211161012,0.9943898593203244,0.0,0.0008111173594365084,-0.0008111173594365084,-0.023539097537133458,0
2014-06-17,1.0583599024600052,1.062151746158206,0.994705149618737,0.9949040906486607,0.0,0.0005171325144925909,-0.0005171325144925909,-0.023539097537133458,0
2014-06-18,1.0583599024600052,1.062151746158206,0.9947714276945833,0.9949703819801221,0.0,6.663087636749054e-05,-6.663087636749054e-05,-0.023539097537133458,0
2014-06-19,1.0583599024600052,1.062151746158206,0.9945754339560093,0.9947743490428005,0.0,-0.00019702389224041106,0.00019702389224041106,-0.023539097537133458,0
2014-06-20,1.0583599024600052,1.062151746158206,0.995214543973098,0.9954135868818926,0.0,0.0006425958205569238,-0.0006425958205569238,-0.023539097537133458,0
2014-06-23,1.0583599024600052,1.062151746158206,0.9950355931683132,0.9952346002869469,0.0,-0.00017981128377642097,0.00017981128377642097,-0.023539097537133458,0
2014-06-24,1.0583599024600052,1.062151746158206,0.9955298382481951,0.9957289442158447,0.0,0.0004967109551408111,-0.0004967109551408111,-0.023539097537133458,0
2014-06-25,1.0583599024600052,1.062151746158206,0.9954370489420103,0.9956361363517987,0.0,-9.32059518657935e-05,9.32059518657935e-05,-0.023539097537133458,0
2014-06-26,1.0583599024600052,1.062151746158206,0.9956481919550634,0.9958473215934543,0.0,0.0002121108645467551,-0.0002121108645467551,-0.023539097537133458,0
2014-06-27,1.0583599024600052,1.062151746158206,0.9951823517648299,0.9953813882351829,0.0,-0.0004678762980714346,0.0004678762980714346,-0.023539097537133458,0
2014-06-30,1.0583599024600052,1.062151746158206,0.9945612315111853,0.9947601437574874,0.0,-0.0006241270783622355,0.0006241270783622355,-0.023539097537133458,0
2014-07-01,1.0583599024600052,1.062151746158206,0.9934354510514544,0.9936341381416647,0.0,-0.0011319368019405696,0.0011319368019405696,-0.023539097537133458,0
2014-07-02,1.0583599024600052,1.062151746158206,0.9906763894369416,0.990874524714829,0.0,-0.0027772932922743854,0.0027772932922743854,-0.023539097537133458,0
2014-07-03,1.0583599024600052,1.062151746158206,0.9887145583918933,0.9889123013035717,0.0,-0.0019802945401407035,0.0019802945401407035,-0.023539097537133458,0
2014-07-04,1.0583599024600052,1.062151746158206,0.9878387409610682,0.9880363087092604,0.0,-0.0008858142356572563,0.0008858142356572563,-0.023539097537133458,0
2014-07-07,1.0583599024600052,1.062151746158206,0.9889351697014959,0.9891329567354361,0.0,0.0011099268483447666,-0.0011099268483447666,-0.023539097537133458,0
2014-07-08,1.0583599024600052,1.062151746158206,0.9893214762007136,0.9895193404959538,0.0,0.0003906287399348951,-0.0003906287399348951,-0.023539097537133458,0
2014-07-09,1.0583599024600052,1.062151746158206,0.9895487153179008,0.9897466250609643,0.0,0.00022969188747401503,-0.00022969188747401503,-0.023539097537133458,0
2014-07-10,1.0583599024600052,1.062151746158206,0.9890383741338848,0.9892361818087116,0.0,-0.0005157312380037471,0.0005157312380037471,-0.023539097537133458,0
2014-07-11,1.0583599024600052,1.062151746158206,0.9891538873517883,0.9893517181292587,0.0,0.0001167934641612689,-0.0001167934641612689,-0.023539097537133458,0
2014-07-14,1.0583599024600052,1.062151746158206,0.9885128836753899,0.9887105862521249,0.0,-0.0006480323078086325,0.0006480323078086325,-0.023539097537133458,0
2014-07-15,1.0583599024600052,1.062151746158206,0.9874685305659844,0.9876660242720976,0.0,-0.0010564891228554973,0.0010564891228554973,-0.023539097537133458,0
2014-07-16,1.058148272805444,1.062151746158206,0.9833233103366305,0.9835199749986978,-0.00019996000799837876,-0.004197825146871281,0.0039978651388729025,-0.023734350667000026,-1
2014-07-17,1.0612283400040972,1.0652434667019255,0.9804610442897287,0.9806571364985867,0.0029108087002656102,-0.002910808700265499,0.005821617400531109,-0.020892628121151224,-1
2014-07-18,1.062351143197255,1.066370517988455,0.979417638009978,0.9796135215375801,0.0010580222472700296,-0.0010641996291719247,0.0021222218764419543,-0.019856710739237227,-1
2014-07-21,1.0621331033757162,1.0661516532195645,0.9796202595561366,0.9798161836080478,-0.00020524270429322922,0.00020687961733090177,-0.000412122321624131,-0.02005787799851999,-1
2014-07-22,1.0613444920585617,1.0653600582143252,0.9803531057090648,0.9805491763302066,-0.0007424788048202569,0.0007480920752498399,-0.0014905708800700967,-0.020785464254056696,-1
2014-07-23,1.0614789839110998,1.065495058912893,0.980228124194612,0.9804241698194509,0.0001267183780049308,-0.00012748622279556976,0.00025420460080050056,-0.02066137977636806,-1
2014-07-24,1.061631815561711,1.0656484687976295,0.9800860997463701,0.9802821169663193,0.00014397991192249826,-0.0001448891790966078,0.00028886909101910607,-0.020520374688085874,-1
2014-07-25,1.061205924695341,1.0652209665854975,0.9804818745421375,0.9806779709170459,-0.00040116626134156785,0.0004038163543691464,-0.0008049826157107143,-0.02091330886743248,-1
2014-07-28,1.0603031990790635,1.0643148255329882,0.9813207656164197,0.9815170297695429,-0.0008506601737421349,0.0008555905989326984,-0.0017062507726748333,-0.02174617892221986,-1
2014-07-29,1.0606669384075182,1.0646799410586607,0.980982747429604,0.9811789439790899,0.00034305218429109274,-0.0003444522919102688,0.0006875044762013616,-0.021410586812108168,-1
2014-07-30,1.0610724517204737,1.0650869886194945,0.9806059092269355,0.9808020304087808,0.00038231917887854294,-0.0003841435577291996,0.0007664627366077426,-0.021036453311199077,-1
2014-07-31,1.0604030490907963,1.0644150533243493,0.981227976310235,0.9814242219054969,-0.000630873630346307,0.0006343701148914249,-0.0012652437452377319,-0.021654055597875366,-1
2014-08-01,1.0605956169705666,1.0646083497791172,0.9810490255054501,0.9812452353105512,0.00018159876090084737,-0.00018237434021983745,0.0003639731011206848,-0.021476389186639633,-1
2014-08-04,1.058634277454388,1.0626395895916674,0.9828716725912213,0.9830682469257396,-0.0018492811820031152,0.001857855253290852,-0.0037071364352939673,-0.023285954486262472,-1
2014-08-05,1.059289415796675,1.0632972066309039,0.982262861123091,0.9824593136953156,0.0006188523801273771,-0.0006194211158057072,0.0012382734959330843,-0.022681512674492477,-1
2014-08-06,1.0594035300957982,1.0634117526781737,0.982156816201737,0.9823532475649773,0.00010772721545349029,-0.00010795981966860158,0.00021568703512209186,-0.022576228875241577,-1
2014-08-07,1.0598070056534121,1.0638167547738775,0.9817818716583784,0.9819782280327101,0.0003808516265537687,-0.00038175629102554787,0.0007626079175793166,-0.022203975442176338,-1
2014-08-08,1.0601574995721474,1.0641685747762062,0.981456162257077,0.9816524534895283,0.00033071485361557684,-0.0003317533259716843,0.0006624681795872611,-0.0218806037730489,-1
2014-08-11,1.0614178512508552,1.0654336949589986,0.9802849339739087,0.9804809909607035,0.0011888343752852748,-0.001193357715004617,0.002382192090289892,-0.020717781811681157,-1
2014-08-12,1.0614555497246727,1.0654715360639002,0.9802499012766758,0.9804459512569311,3.5517090440029264e-05,-3.573725966687924e-05,7.12543501069085e-05,-0.020683000556571463,-1
2014-08-13,1.0610520741670588,1.0650665339681962,0.9806248458200343,0.9808209707891983,-0.00038011535925219775,0.0003824989350880159,-0.0007626142943402137,-0.021055253989636702,-1
2014-08-14,1.0582848024133233,1.0622887923219035,0.9831964351628679,0.9833930744499004,-0.0026080451856312914,0.0026223987224014422,-0.005230443908032734,-0.023608386121468095,-1
2014-08-15,1.0574106053718269,1.0614112877812119,0.9840088150068115,0.9842056167698128,-0.0008260508319716253,0.0008262640250613629,-0.0016523148570329882,-0.024414935226442558,-1
2014-08-18,1.0579139309411734,1.0619165176682768,0.9835410811572682,0.9837377893734996,0.0004759982231967719,-0.00047533501977825576,0.0009513332429750276,-0.023950558469032934,-1
2014-08-19,1.0582409906734815,1.0622448148216124,0.9832371488380306,0.9834337962677981,0.0003091553317737805,-0.0003090184284727515,0.000618173760246532,-0.0236488075801089,-1
2014-08-20,1.0586892968486081,1.0626948171501724,0.9828205437898542,0.9830171078986121,0.0004236333491876021,-0.0004237075955365599,0.000847340944724162,-0.02323519265448082,-1
2014-08-21,1.0592496795675161,1.0632573200608724,0.9822997874796339,0.9824962474371298,0.0005293174499600983,-0.0005298589997032588,0.0010591764496633571,-0.0227181739974458,-1
2014-08-22,1.060087197012866,1.0640980062292276,0.9815214935032682,0.9817177978019689,0.0007906704731710512,-0.0007923181764729614,0.0015829886496440126,-0.021945466113658996,-1
2014-08-25,1.059025526479953,1.0630323188965924,0.982508090003722,0.9827045916217227,-0.0010014935902485922,0.0010051705510110143,-0.0020066641412596065,-0.022924981460259675,-1
2014-08-26,1.0585201631552648,1.0625250435443976,0.9829777175125753,0.9831743130560778,-0.0004771965472523121,0.0004779884396184375,-0.0009551849868707496,-0.02339123828551337,-1
2014-08-27,1.0578018543973917,1.0618040170861367,0.9836452324193122,0.983841961465796,-0.000678597142384052,0.0006790743013240785,-0.0013576714437081305,-0.024053962200439982,-1
2014-08-28,1.0572363772901299,1.0612364005126125,0.9841707228778073,0.9843675570223828,-0.0005345775344514081,0.0005342276271727009,-0.001068805161624109,-0.024575681027084517,-1
2014-08-29,1.0574798890534374,1.0614808335956256,0.9839444305902751,0.9841412194763932,0.0002303285892713003,-0.00022993194399278938,0.00046026053326408967,-0.02435101291975461,-1
2014-09-01,1.0578110242964285,1.0618132216792209,0.9836367109524177,0.9838334382946081,0.0003131362084696221,-0.0003127408706128376,0.0006258770790824597,-0.024045501895142984,-1
2014-09-02,1.0581818957685785,1.0621854963328479,0.9832920649580174,0.9834887233710089,0.0003506027670647782,-0.00035037935303028345,0.0007009821200950617,-0.023703329547578145,-1
2014-09-03,1.058617975411656,1.0626232258706287,0.9828868218657004,0.9830833992300736,0.000412102725269925,-0.0004121289154654928,0.0008242316407354178,-0.023300995029012617,-1
2014-09-04,1.0593087744724192,1.063316638549637,0.9822448713596469,0.9824413203339188,0.0006525480171395426,-0.0006531275949299697,0.0013056756120695123,-0.022663652029976666,-1
2014-09-05,1.0600209699642678,1.0640315286125084,0.9815830374308399,0.981779354038326,0.0006723209596779522,-0.0006737972863029018,0.001346118245980854,-0.022006568318581277,-1
2014-09-09,1.0601615750828304,1.0641726657064658,0.9814523749384572,0.9816486654134449,0.00013264371417798237,-0.00013311404883753486,0.00026575776301551723,-0.02187684363736142,-1
2014-09-10,1.0602917403732273,1.0645152811157104,0.9811351870040503,0.9813314140414511,0.00012277872869215223,-0.00032318219661620073,0.00044596092530835296,-0.02175675091971896,0
2014-09-11,1.0602917403732273,1.0645152811157104,0.9812071460578261,0.9814033874870377,0.0,7.334264913638755e-05,-7.334264913638755e-05,-0.02175675091971896,0
2014-09-12,1.0602917403732273,1.0645152811157104,0.981684348203919,0.9818806850735597,0.0,0.0004863418983547252,-0.0004863418983547252,-0.02175675091971896,0
2014-09-15,1.0602917403732273,1.0645152811157104,0.9819731312486774,0.9821695258749271,0.0,0.0002941709779591406,-0.0002941709779591406,-0.02175675091971896,0
2014-09-16,1.0602917403732273,1.0645152811157104,0.9821842742617304,0.9823807111165828,0.0,0.0002150191347747299,-0.0002150191347747299,-0.02175675091971896,0
2014-09-17,1.0602917403732273,1.0645152811157104,0.9846744362542386,0.9848713711414894,0.0,0.002535330749802389,-0.002535330749802389,-0.02175675091971896,0
2014-09-18,1.0602917403732273,1.0645152811157104,0.990247475603251,0.9904455250983716,0.0,0.005659778647461033,-0.005659778647461033,-0.02175675091971896,0
2014-09-19,1.0602917403732273,1.0645152811157104,0.9956311490212743,0.9958302752510785,0.0,0.005436694917847262,-0.005436694917847262,-0.02175675091971896,0
2014-09-22,1.0602917403732273,1.0645152811157104,0.9972805262801901,0.9974799823854462,0.0,0.0016566147619399008,-0.0016566147619399008,-0.02175675091971896,0
2014-09-23,1.0602917403732273,1.0645152811157104,0.9981677056668746,0.998367339208008,0.0,0.000889598626771182,-0.000889598626771182,-0.02175675091971896,0
2014-09-24,1.0602917403732273,1.0645152811157104,0.997425391217397,0.9976248762956405,0.0,-0.0007436770847857321,0.0007436770847857321,-0.02175675091971896,0
2014-09-25,1.0602917403732273,1.0645152811157104,0.9979035401931448,0.9981031209011834,0.0,0.0004793831999445608,-0.0004793831999445608,-0.02175675091971896,0
2014-09-26,1.0602917403732273,1.0645152811157104,0.9973969863277486,0.9975964657250141,0.0,-0.0005076180662693108,0.0005076180662693108,-0.02175675091971896,0
2014-09-28,1.0602917403732273,1.0645152811157104,0.9975541600504696,0.9977536708824797,0.0,0.00015758391580833475,-0.00015758391580833475,-0.02175675091971896,0
2014-09-29,1.0602917403732273,1.0645152811157104,0.998459329200598,0.9986590210664381,0.0,0.0009073884771153562,-0.0009073884771153562,-0.02175675091971896,0
2014-09-30,1.0602917403732273,1.0645152811157104,0.9994260422782981,0.9996259274867537,0.0,0.0009682047625054757,-0.0009682047625054757,-0.02175675091971896,0
2014-10-08,1.0602917403732273,1.0645152811157104,0.9988484761887809,0.9990482458840186,0.0,-0.0005778977784094419,0.0005778977784094419,-0.02175675091971896,0
2014-10-09,1.0602917403732273,1.0645152811157104,0.9982964744999473,0.9984961337948473,0.0,-0.0005526380647241647,0.0005526380647241647,-0.02175675091971896,0
2014-10-10,1.0602917403732273,1.0645152811157104,0.9979650841207162,0.9981646771375403,0.0,-0.000331955874528278,0.000331955874528278,-0.02175675091971896,0
2014-10-11,1.0602917403732273,1.0645152811157104,0.9981847486006638,0.9983843855503839,0.0,0.00022011239014552153,-0.00022011239014552153,-0.02175675091971896,0
2014-10-13,1.0602917403732273,1.0645152811157104,0.9992395168362737,0.9994393647396409,0.0,0.0010566863870526966,-0.0010566863870526966,-0.02175675091971896,0
2014-10-14,1.0602917403732273,1.0645152811157104,1.005236735870702,1.005437783217876,0.0,0.006001783289572238,-0.006001783289572238,-0.02175675091971896,0
2014-10-15,1.0602917403732273,1.0645152811157104,1.0101526754391816,1.0103547059742695,0.0,0.0048903302008971306,-0.0048903302008971306,-0.02175675091971896,0
2014-10-16,1.0602917403732273,1.0645152811157104,1.0108836279328,1.0110858046583866,0.0,0.0007236059571891218,-0.0007236059571891218,-0.02175675091971896,0
2014-10-17,1.0602917403732273,1.0645152811157104,1.0118465536918804,1.0120489230026186,0.0,0.0009525584671399301,-0.0009525584671399301,-0.02175675091971896,0
2014-10-20,1.0602917403732273,1.0645152811157104,1.0161820866818783,1.0163853230992146,0.0,0.0042847731942941,-0.0042847731942941,-0.02175675091971896,0
2014-10-21,1.0602917403732273,1.0645152811157104,1.0172037158795648,1.0174071566227407,0.0,0.0010053603690480806,-0.0010053603690480806,-0.02175675091971896,0
2014-10-22,1.0602917403732273,1.0645152811157104,1.0147182880353316,1.0149212316929386,0.0,-0.00244339241533742,0.00244339241533742,-0.02175675091971896,0
2014-10-23,1.0602917403732273,1.0645152811157104,1.0127877023688965,1.0129902599093703,0.0,-0.0019025829032539576,0.0019025829032539576,-0.02175675091971896,0
2014-10-24,1.0602917403732273,1.0645152811157104,1.011865490284979,1.012067863383036,0.0,-0.0009105680112034831,0.0009105680112034831,-0.02175675091971896,0
2014-10-27,1.0602917403732273,1.0645152811157104,1.0138074379072735,1.014010199394855,0.0,0.0019191756621204092,-0.0019191756621204092,-0.02175675091971896,0
2014-10-28,1.0602917403732273,1.0645152811157104,1.0150023369318155,1.0152053373992018,0.0,0.0011786252298646716,-0.0011786252298646716,-0.02175675091971896,0
2014-10-29,1.0602917403732273,1.0645152811157104,1.0174129652333082,1.0176164478263547,0.0,0.0023749977845168857,-0.0023749977845168857,-0.02175675091971896,0
2014-10-30,1.0602917403732273,1.0645152811157104,1.0159340173122824,1.0161372041157448,0.0,-0.00145363581118374,0.00145363581118374,-0.02175675091971896,0
2014-10-31,1.0602917403732273,1.0645152811157104,1.015724767958539,1.0159279129121308,0.0,-0.00020596746459666804,0.00020596746459666804,-0.02175675091971896,0
2014-11-03,1.0602917403732273,1.0645152811157104,1.0190206819874064,1.0192244861238038,0.0,0.0032448889038037,-0.0032448889038037,-0.02175675091971896,0
2014-11-04,1.0602917403732273,1.0645152811157104,1.0243200875661393,1.0245249515836525,0.0,0.005200488736300635,-0.005200488736300635,-0.02175675091971896,0
2014-11-05,1.0602917403732273,1.0645152811157104,1.0270687340544478,1.0272741478012586,0.0,0.0026833862985538026,-0.0026833862985538026,-0.02175675091971896,0
2014-11-06,1.0602917403732273,1.0645152811157104,1.0249610912425378,1.0251660834607863,0.0,-0.0020520951928795217,0.0020520951928795217,-0.02175675091971896,0
2014-11-07,1.0602917403732273,1.0645152811157104,1.0304394476260557,1.0306455355155808,0.0,0.005344940827828548,-0.005344940827828548,-0.02175675091971896,0
2014-11-10,1.0602917403732273,1.0645152811157104,1.0339569197941803,1.034163711178139,0.0,0.0034135651310984727,-0.0034135651310984727,-0.02175675091971896,0
2014-11-11,1.0602917403732273,1.0645152811157104,1.03440098290235,1.0346078630989304,0.0,0.0004294793135657393,-0.0004294793135657393,-0.02175675091971896,0
2014-11-12,1.0602917403732273,1.0645152811157104,1.0319117677394969,1.0321181500930448,0.0,-0.002406431552171129,0.002406431552171129,-0.02175675091971896,0
2014-11-13,1.0602917403732273,1.0645152811157104,1.0282238662334822,1.0284295110067287,0.0,-0.003573853522470638,0.003573853522470638,-0.02175675091971896,0
2014-11-14,1.0602917403732273,1.0645152811157104,1.025396632883813,1.0256017122103898,0.0,-0.002749628210854116,0.002749628210854116,-0.02175675091971896,0
2014-11-17,1.0602917403732273,1.0645152811157104,1.0228581825789027,1.0230627542154185,0.0,-0.002475578935510314,0.002475578935510314,-0.02175675091971896,0
2014-11-18,1.0602917403732273,1.0645152811157104,1.0256219783416904,1.0258271027373587,0.0,0.0027020322170365763,-0.0027020322170365763,-0.02175675091971896,0
2014-11-19,1.0602917403732273,1.0645152811157104,1.0252858538141842,1.025490910984947,0.0,-0.0003277275005842961,0.0003277275005842961,-0.02175675091971896,0
2014-11-20,1.0602917403732273,1.0645152811157104,1.0236819243787059,1.0238866607635815,0.0,-0.0015643729302531328,0.0015643729302531328,-0.02175675091971896,0
2014-11-21,1.0602917403732273,1.0645152811157104,1.022572240023109,1.0227767544711135,0.0,-0.0010840128453672992,0.0010840128453672992,-0.02175675091971896,0
2014-11-24,1.0602917403732273,1.0645152811157104,1.0358950800978548,1.0361022591138744,0.0,0.013028751958340523,-0.013028751958340523,-0.02175675091971896,0
2014-11-25,1.0602917403732273,1.0645152811157104,1.0329845257385506,1.0331911226436983,0.0,-0.002809699954390399,0.002809699954390399,-0.02175675091971896,0
2014-11-26,1.0602917403732273,1.0645152811157104,1.0330006218426846,1.0332072219670532,0.0,1.5582134807345938e-05,-1.5582134807345938e-05,-0.02175675091971896,0
2014-11-27,1.0602917403732273,1.0645152811157104,1.032939077915113,1.033145665730696,0.0,-5.9577822384748735e-05,5.9577822384748735e-05,-0.02175675091971896,0
2014-11-28,1.0602917403732273,1.0645152811157104,1.0333594702819093,1.0335661421759657,0.0,0.00040698660335780623,-0.00040698660335780623,-0.02175675091971896,0
2014-12-01,1.0602917403732273,1.0645152811157104,1.0338300446204174,1.0340368106293414,0.0,0.00045538300276048993,-0.00045538300276048993,-0.02175675091971896,0
2014-12-02,1.0602917403732273,1.0645152811157104,1.0326398797441503,1.0328464077200992,0.0,-0.0011512190833108393,0.0011512190833108393,-0.02175675091971896,0
2014-12-03,1.0602917403732273,1.0645152811157104,1.0267780573503793,1.0269834129618494,0.0,-0.005676540785179984,0.005676540785179984,-0.02175675091971896,0
2014-12-04,1.0602917403732273,1.0645152811157104,1.0231592744091755,1.0233639062640574,0.0,-0.003524406190118734,0.003524406190118734,-0.02175675091971896,0
2014-12-05,1.0602917403732273,1.0645152811157104,1.0140725502106582,1.0142753647207003,0.0,-0.008881045625828365,0.008881045625828365,-0.02175675091971896,0
2014-12-08,1.0602917403732273,1.0645152811157104,1.0138917057465637,1.014094484087713,0.0,-0.00017833483813056716,0.00017833483813056716,-0.02175675091971896,0
2014-12-09,1.0602917403732273,1.0645152811157104,1.014344290321628,1.0145471591796922,0.0,0.0004463835461905319,-0.0004463835461905319,-0.02175675091971896,0
2014-12-10,1.0602917403732273,1.0645152811157104,1.0174243271891674,1.0176278120546052,0.0,0.003036480706726241,-0.003036480706726241,-0.02175675091971896,0
2014-12-11,1.0602917403732273,1.0645152811157104,1.0164746570452565,1.0166779519766656,0.0,-0.000933406169414619,0.000933406169414619,-0.02175675091971896,0
2014-12-12,1.0600797244283415,1.0645152811157104,1.0157512791888776,1.0159544294447154,-0.00019996000799848979,-0.0007116536072642177,0.0005116935992657279,-0.021952360447629493,-1
2014-12-15,1.0618336911906407,1.0662765867779267,1.0140706565513484,1.0142734706826586,0.0016545611824101414,-0.0016545611824100304,0.0033091223648201717,-0.020334120788678134,-1
2014-12-16,1.0605085816536024,1.0649459327536832,1.015340355118631,1.0155434231896547,-0.001247944520909372,0.0012520809660350185,-0.0025000254869443905,-0.021556689454961808,-1
2014-12-17,1.0596311041973083,1.0640647837801351,1.0161811398522231,1.0163843760801936,-0.0008274119337401409,0.0008280816667567414,-0.0016554936004968823,-0.02236626512659501,-1
2014-12-18,1.0597556111336746,1.0641898116750304,1.0160618393157002,1.0162650516835632,0.00011750026577450612,-0.00011740085683964452,0.00023490112261415064,-0.022251392902917222,-1
2014-12-19,1.0569808851232319,1.0614034757316482,1.0187205369867884,1.0189242810941859,-0.002618269704158016,0.0026166691516325002,-0.005234938855790516,-0.024811402459162135,-1
2014-12-22,1.0564828573777678,1.0609033641520669,1.0191977391328813,1.0194015786807078,-0.0004711795193969026,0.0004684328319366493,-0.0009396123513335519,-0.025270891353872726,-1
2014-12-23,1.0535796718298047,1.0579880311742687,1.0219795246591128,1.0221839205640446,-0.002747972224716344,0.0027293874578235844,-0.0054773596825399284,-0.027949419871054815,-1
2014-12-24,1.0495974261666694,1.0539891231073775,1.0257952481685453,1.026000407218179,-0.003779729022504008,0.003733659449493665,-0.007513388471997673,-0.03162350766011002,-1
2014-12-25,1.0503671952415037,1.0547621130289924,1.0250576678673424,1.0252626794009159,0.0007333945907677109,-0.0007190326749122455,0.0014524272656799564,-0.030913305578801453,-1
2014-12-26,1.0487762732768269,1.0531645343719962,1.0265820636118057,1.026787380024528,-0.0015146340935666691,0.001487131692439192,-0.003001765786005861,-0.03238111732579363,-1
2014-12-29,1.049777269519198,1.0541697189555597,1.0256229251713451,1.0258280497563794,0.0009544421130387448,-0.0009343027454483677,0.0018887448584871125,-0.031457581114797906,-1
2014-12-30,1.0501656125826253,1.0545596869134477,1.0252508211169513,1.0254558712811748,0.00036992900751720015,-0.00036280785585174335,0.0007327368633689435,-0.03109928917904148,-1
2014-12-31,1.0512239215417365,1.0556224240200582,1.024236766556504,1.0244416139098154,0.0010077543450586202,-0.0009890794911460166,0.0019968338362046367,-0.030122875277781347,-1
2015-01-04,1.0504511880160363,1.0548464572438028,1.0249771873466722,1.0251821827841414,-0.0007350798529840441,0.0007229000308761613,-0.0014579798838602054,-0.030835812412034702,-1
2015-01-05,1.0512575186515496,1.0556561617059823,1.024204574348236,1.0244094152631056,0.0007676040968986886,-0.000753785555399844,0.0015213896522985326,-0.030091878011074602,-1
2015-01-06,1.0518889466859773,1.0562902317443803,1.0235995501987254,1.023804270108765,0.0006006406833956035,-0.0005907258810043947,0.0011913665643999982,-0.029509311733852184,-1
2015-01-07,1.0518849940848227,1.0562862626048597,1.0236033375173452,1.0238080581848488,-3.7576221016966116e-06,3.7000002774956187e-06,-7.45762237919223e-06,-0.029512958471111905,-1
2015-01-08,1.0513523810792569,1.0557514210544738,1.0241136787013612,1.0243185014371015,-0.0005063414808281763,0.0004985731926721026,-0.001004914673500279,-0.030004356316844172,-1
2015-01-09,1.0517259018883551,1.05612650473916,1.0237557770917916,1.02396052824721,0.0003552765141547898,-0.0003494744939092076,0.0007047510080639974,-0.029659739645811034,-1
2015-01-12,1.0516419091138225,1.0560421605243497,1.023836257612462,1.0240410248639844,-7.986184839781085e-05,7.861300758582601e-05,-0.00015847485598363686,-0.029737232812577674,-1
2015-01-13,1.0490499909067743,1.05343939728379,1.0263197917973854,1.0265250557557448,-0.002464639517107403,0.0024257142355115224,-0.004890353752618926,-0.032128580770565796,-1
2015-01-14,1.0459264478444492,1.0503027847777247,1.0293127203366699,1.0295185828807372,-0.0029774968680236213,0.0029161754096576065,-0.005893672277681228,-0.03501041488997103,-1
2015-01-15,1.0443849333942032,1.0487548203647346,1.0307897745983856,1.0309959325533053,-0.001473826819680224,0.0014349907783444138,-0.002908817598024638,-0.03643264242121824,-1
2015-01-16,1.0418859013142854,1.0462453319029064,1.0331843067957442,1.0333909436571034,-0.002392826629350253,0.002323007325418569,-0.004715833954768822,-0.03873829205360535,-1
2015-01-19,1.040298931950763,1.0446517223854306,1.0347049152215877,1.034911856204632,-0.0015231700146057792,0.001471768798501527,-0.0029949388131073063,-0.040202457063338026,-1
2015-01-20,1.0396694802169124,1.044019636916793,1.0353080457117882,1.0355151073209306,-0.0006050681342815167,0.0005829009617408509,-0.0011879690960223677,-0.040783199971930806,-1
2015-01-21,1.0391497131650989,1.043497695069849,1.0358060781102898,1.0360132393259118,-0.0004999348944100257,0.00048104754962974283,-0.0009809824440397685,-0.04126274592156909,-1
2015-01-22,1.0382040533388903,1.0425480784395722,1.0367121940900732,1.0369195365288912,-0.0009100323218376172,0.0008747930707613261,-0.0017848253925989432,-0.042135227810930376,-1
2015-01-23,1.0370696568075555,1.0414089353971923,1.037799154533951,1.038006714364858,-0.0010926527667529662,0.0010484688518899166,-0.0021411216186428828,-0.043181841404437926,-1
2015-01-26,1.0365113518944857,1.0408482944399235,1.0383341132889958,1.0385417801116537,-0.0005383485182551828,0.0005154742636930276,-0.0010538227819482104,-0.043696943042357494,-1
2015-01-27,1.0371012776167912,1.0414406885133562,1.0377688559849931,1.03797640975619,0.0005691454524132666,-0.0005443886479008508,0.0011135341003141175,-0.04315266750636115,-1
2015-01-28,1.0380973331077195,1.042440911672519,1.0368144516928075,1.037021814583146,0.0009604225859378701,-0.0009196694299327124,0.0018800920158705825,-0.04223368971693975,-1
2015-01-29,1.0404402374420354,1.044793619123288,1.0345695185809303,1.0347764324846465,0.002256921638842835,-0.0021652216635406063,0.004422143302383441,-0.0400720862063072,-1
2015-01-30,1.040713955071983,1.0450684820350817,1.0343072467665102,1.0345141082158635,0.00026307866621988474,-0.0002535081593935118,0.0005165868256133965,-0.039819549651079145,-1
2015-02-02,1.039496553916404,1.0438459870627717,1.0354737409014039,1.0356808356495841,-0.0011697749892234377,0.0011278023416547711,-0.002297577330878209,-0.04094274472703863,-1
2015-02-03,1.0379076082523047,1.0422503929755358,1.036996242986557,1.0372036422351543,-0.0015285723248555927,0.0014703435007705767,-0.0029989158256261694,-0.04240873310540083,-1
2015-02-04,1.0382099822406219,1.042554032148853,1.0367065131121436,1.036913854414766,0.0002913303514813226,-0.00027939336942905957,0.0005707237209103821,-0.042129757705041126,-1
2015-02-05,1.0366981122990346,1.0410358362822665,1.038155162484211,1.0383627935167077,-0.0014562275141338787,0.0013973572594991879,-0.0028535847736330666,-0.04352463470684109,-1
2015-02-06,1.0372465357092182,1.041586554390734,1.0376296720257159,1.037837197960121,0.0005290097509365044,-0.000506177185727763,0.0010351869366642674,-0.043018649912070495,-1
2015-02-09,1.0356141114324195,1.0399472997687729,1.0391938346156868,1.03940167338261,-0.0015738054749756536,0.0015074381854534025,-0.003081243660429056,-0.044524752400288525,-1
2015-02-10,1.03488386836913,1.0392140012423627,1.0398935417306918,1.040101520439038,-0.0007051304682200721,0.0006733172308164281,-0.0013784476990365002,-0.045198487109001095,-1
2015-02-11,1.0337247680805797,1.0380500510779798,1.0410041729159436,1.0412123737505268,-0.001120029332737471,0.001068023928106454,-0.002188053260843925,-0.04626789281038113,-1
2015-02-12,1.0319846354223212,1.0363026374040851,1.0426715399383037,1.0428800742462914,-0.0016833616761350312,0.0016016910073373136,-0.003285052683472345,-0.047873368888923684,-1
2015-02-13,1.02983145594342,1.0341404486502996,1.044734681756431,1.0449436286927822,-0.002086445287065697,0.0019787073292987234,-0.00406515261636442,-0.04985992901109515,-1
2015-02-15,1.0283956735740563,1.0326986587194824,1.0461104252450677,1.0463196473301166,-0.0013941916039538205,0.0013168352813979212,-0.0027110268853517416,-0.05118460632064792,-1
2015-02-16,1.0277346010309703,1.032034820134681,1.0467438542842267,1.0469532030550834,-0.0006428192572889291,0.0006055087721839048,-0.0012483280294728338,-0.05179452312731725,-1
2015-02-17,1.027073528487884,1.0313709815498795,1.0473772833233854,1.04758675878005,-0.0006432327396811433,0.0006051423531805433,-0.0012483750928616866,-0.05240443993398669,-1
2015-02-25,1.0261555368697568,1.0304491488962462,1.0482568880728302,1.0484665394504449,-0.0008937934750190557,0.0008398165240455224,-0.0017336099990645781,-0.05325139466253059,-1
2015-02-26,1.0280962640366047,1.0323979964008054,1.0463973146305163,1.0466065940934424,0.0018912602399125955,-0.0017739673008327905,0.003665227540745386,-0.051460846668063165,-1
2015-02-27,1.0281782805105601,1.0324803560458558,1.046318727769156,1.0465279915147097,7.977509190970622e-05,-7.51023155942665e-05,0.00015487740750397272,-0.051385176869926275,-1
2015-02-28,1.02752708947036,1.0318264403098554,1.0469426885117652,1.0471520770494676,-0.0006333444817339107,0.0005963390753214171,-0.0012296835570553277,-0.051985976833446745,-1
2015-03-02,1.0294569469840333,1.0337643726807333,1.0450935301956557,1.0453025489016947,0.0018781573093786808,-0.0017662459811799147,0.0036444032905585955,-0.05020545736644311,-1
2015-03-03,1.0317079533415079,1.0360247976376509,1.0429366522416885,1.0431452395721368,0.0021865959174585115,-0.002063813325457464,0.004250409242915976,-0.0481286404970962,-1
2015-03-04,1.0325044024741348,1.0368245792510293,1.042173507539802,1.0423819422413099,0.0007719714964369295,-0.0007317268026262314,0.0015036982990631609,-0.0473938229392854,-1
2015-03-05,1.0359609521837247,1.0402955917616956,1.0388614974068007,1.039069269706282,0.0033477336283576076,-0.0031779834250630357,0.006525717053420643,-0.04420475120575795,-1
2015-03-06,1.0363502833974407,1.0406865520044637,1.038488446522752,1.0386961442120566,0.0003758164947196274,-0.0003590958804228217,0.0007349123751424491,-0.043845547585686595,-1
2015-03-09,1.0400686929335148,1.0444205200083623,1.03492552653119,1.0351325116364962,0.0035879852552209712,-0.0034308710929734643,0.0070188563481944355,-0.040414879508710144,-1
2015-03-10,1.0395212576736197,1.0438707941847747,1.03545007016003,1.035657160174062,-0.0005263452920124534,0.0005068419083236186,-0.001033187200336072,-0.04091995261916592,-1
2015-03-11,1.0342702270398973,1.038597792331807,1.0404815229464135,1.0406896192510027,-0.005051393220638745,0.004859194017540425,-0.00991058723817917,-0.04576464306855532,-1
2015-03-12,1.0344648926467555,1.0387932724531912,1.0402949975043891,1.04050305650389,0.0001882154216266141,-0.00017926838479187523,0.0003674838064184893,-0.045585041258519476,-1
2015-03-13,1.0359392128773752,1.040273761494333,1.0388823276592096,1.0390901041247413,0.001425200836780105,-0.001357951204772112,0.002783152041552217,-0.044224808260685755,-1
2015-03-16,1.039769283396063,1.0441198576896853,1.0352124159166387,1.035419458399822,0.003697196197496533,-0.0035325576774800638,0.007229753874976597,-0.04069111985612561,-1
2015-03-17,1.0406922157656333,1.045046651767719,1.0343280770189192,1.0345349426343229,0.0008876318855619569,-0.0008542583957867889,0.0017418902813487458,-0.03983960670600717,-1
2015-03-18,1.041757441776765,1.0461163348684905,1.033307394650887,1.0335140561298173,0.0010235744968534188,-0.0009868071753150742,0.002010381672168493,-0.038856811014542525,-1
2015-03-19,1.0414837241468173,1.0458414719566966,1.0335696664653073,1.0337763803986004,-0.0002627460279821525,0.0002538178046320727,-0.0005165638326142252,-0.03910934756977058,-1
2015-03-20,1.0403127660548035,1.0446656143737523,1.0346916596064184,1.0348985979383396,-0.0011243172263427637,0.001085551538047902,-0.0022098687643906656,-0.040189693482929556,-1
2015-03-23,1.0399906290607137,1.0443421295028326,1.0350003260739309,1.0352073261391457,-0.0003096539854177127,0.0002983173437678399,-0.0006079713291855526,-0.040486902569587535,-1
2015-03-24,1.039839442066555,1.044190309916174,1.0351451910111376,1.0353522200493397,-0.0001453734196578127,0.00013996607880906176,-0.00028533949846687445,-0.04062639026976744,-1
2015-03-25,1.0403058490027832,1.0446586683795915,1.034698287414003,1.0349052270714858,0.0004485374543028442,-0.0004317303514670412,0.0008802678057698854,-0.04019607527313385,-1
2015-03-26,1.045386917786863,1.0497609972331783,1.0298296893282703,1.030035655266136,0.004884206686860848,-0.004705331153007419,0.009589537839868267,-0.03550819452590759,-1
2015-03-27,1.0455845478445869,1.0499594542092026,1.0296403233972813,1.0298462514619606,0.0001890496756380422,-0.0001838808231607869,0.0003729304987988291,-0.035325857662927174,-1
2015-03-30,1.0480193501557444,1.0524044441538227,1.0273073351274942,1.0275127965945197,0.002328651772997903,-0.0022658283837305726,0.004594480156728475,-0.03307946751100865,-1
2015-03-31,1.0535233472633534,1.0579314709361016,1.0220334939494446,1.0222379006482345,0.005251808668218727,-0.005133654747432548,0.010385463415651275,-0.028001385877004292,-1
2015-04-01,1.0504551406171907,1.0548504263833232,1.0249734000280522,1.0251783947080577,-0.00291232904722305,0.0028765261569332345,-0.005788855204156285,-0.030832165674775203,-1
2015-04-02,1.047215983971097,1.0515977165462838,1.0280771076369655,1.0282827230584928,-0.0030835744629613693,0.0030280860057718684,-0.006111660468733238,-0.03382066685902407,-1
2015-04-03,1.0483829894619563,1.0527696049897077,1.026958901814474,1.0271642935948369,0.001114388539443345,-0.001087667271438053,0.002202055810881398,-0.03274396768312471,-1
2015-04-07,1.0496665966868728,1.0540585830489861,1.0257289700926993,1.0259341158867177,0.0012243686112984875,-0.001197644540206655,0.0024220131515051424,-0.03155968975806689,-1
2015-04-08,1.0571636929266264,1.0615870484344707,1.0185453735006236,1.0187490825753236,0.007142359548657717,-0.007003406164326709,0.014145765712984426,-0.024642740860905232,-1
2015-04-09,1.0572783183601062,1.0617021534805648,1.0184355412606498,1.0186392283689019,0.00010842732705151903,-0.00010783244696921379,0.00021625977402073282,-0.02453698548037664,-1
2015-04-10,1.0557200053549538,1.0601373202246127,1.0199286916264996,1.020132677364825,-0.0014738910068348154,0.0014661216202269678,-0.0029400126270617832,-0.02597471164497711,-1
2015-04-13,1.054325725297712,1.0587372062587606,1.0212646682696285,1.0214689212032824,-0.0013206911398566668,0.0013098725960913882,-0.002630563735948055,-0.027261098213303914,-1
2015-04-14,1.0521131307135168,1.0567298139462742,1.0231801046615845,1.0233847406825167,-0.00209858730666046,0.0018755533716852124,-0.003974140678345672,-0.029302475725288324,0
2015-04-15,1.0521131307135168,1.0567298139462742,1.0254098884989824,1.0256149704766822,0.0,0.0021792681730608,-0.0021792681730608,-0.029302475725288324,0
2015-04-16,1.0521131307135168,1.0567298139462742,1.0265243070028538,1.0267296118642544,0.0,0.0010868029617918662,-0.0010868029617918662,-0.029302475725288324,0
2015-04-17,1.0521131307135168,1.0567298139462742,1.0272846112157754,1.0274900681380186,0.0,0.0007406587527785113,-0.0007406587527785113,-0.029302475725288324,0
2015-04-20,1.0521131307135168,1.0567298139462742,1.035364855491085,1.0355719284621832,0.0,0.007865633522677662,-0.007865633522677662,-0.029302475725288324,0
2015-04-21,1.0521131307135168,1.0567298139462742,1.0388169964130183,1.0390247598123008,0.0,0.0033342264841469405,-0.0033342264841469405,-0.029302475725288324,0
2015-04-22,1.0521131307135168,1.0567298139462742,1.0376060012843424,1.0378135224845992,0.0,-0.0011657444312688225,0.0011657444312688225,-0.029302475725288324,0
2015-04-23,1.0521131307135168,1.0567298139462742,1.035662160002738,1.0358692924347386,0.0,-0.0018733905540236906,0.0018733905540236906,-0.029302475725288324,0
2015-04-24,1.0521131307135168,1.0567298139462742,1.035469953582784,1.0356770475735007,0.0,-0.00018558795269052464,0.00018558795269052464,-0.029302475725288324,0
2015-04-27,1.0521131307135168,1.0567298139462742,1.0367595355728205,1.0369668874799352,0.0,0.0012454074457441955,-0.0012454074457441955,-0.029302475725288324,0
2015-04-28,1.0521131307135168,1.0567298139462742,1.0392354951205045,1.0394433422195286,0.0,0.0023881714734517168,-0.0023881714734517168,-0.029302475725288324,0
2015-04-29,1.0521131307135168,1.0567298139462742,1.0387601866337215,1.0389679386710482,0.0,-0.0004573635995063219,0.0004573635995063219,-0.029302475725288324,0
2015-04-30,1.0521131307135168,1.0567298139462742,1.0399588729768832,1.0401668647514786,0.0,0.0011539586890081388,-0.0011539586890081388,-0.029302475725288324,0
2015-05-04,1.0521131307135168,1.0567298139462742,1.0408072323477149,1.0410153937941844,0.0,0.000815762423761246,-0.000815762423761246,-0.029302475725288324,0
2015-05-05,1.0521131307135168,1.0567298139462742,1.0393576361459926,1.0395655076732218,0.0,-0.001392761461171288,0.001392761461171288,-0.029302475725288324,0
2015-05-06,1.0521131307135168,1.0567298139462742,1.0355523277627643,1.0357594382283168,0.0,-0.0036612117435714797,0.0036612117435714797,-0.029302475725288324,0
2015-05-07,1.0521131307135168,1.0567298139462742,1.0353421315793663,1.035549200005682,0.0,-0.00020297977973948722,0.00020297977973948722,-0.029302475725288324,0
2015-05-08,1.0521131307135168,1.0567298139462742,1.037614522751237,1.0378220456557872,0.0,0.002194821501569022,-0.002194821501569022,-0.029302475725288324,0
2015-05-11,1.0521131307135168,1.0567298139462742,1.036732077512827,1.0369394239283296,0.0,-0.0008504557512072353,0.0008504557512072353,-0.029302475725288324,0
2015-05-12,1.0521131307135168,1.0567298139462742,1.037345623129232,1.0375530922538578,0.0,0.0005918073046189409,-0.0005918073046189409,-0.029302475725288324,0
2015-05-13,1.0521131307135168,1.0567298139462742,1.0381769395662748,1.038384574954188,0.0,0.0008013880991131206,-0.0008013880991131206,-0.029302475725288324,0
2015-05-14,1.0521131307135168,1.0567298139462742,1.0389722764764295,1.0391800709317247,0.0,0.0007660899407830879,-0.0007660899407830879,-0.029302475725288324,0
2015-05-15,1.0521131307135168,1.0567298139462742,1.0394580000894167,1.0396658916894346,0.0,0.00046750392092698156,-0.00046750392092698156,-0.029302475725288324,0
2015-05-18,1.0521131307135168,1.0567298139462742,1.0392657936694625,1.0394736468281964,0.0,-0.00018491023200328804,0.00018491023200328804,-0.029302475725288324,0
2015-05-19,1.0521131307135168,1.0567298139462742,1.0380936185566396,1.0383012372803508,0.0,-0.0011278877068435778,0.0011278877068435778,-0.029302475725288324,0
2015-05-20,1.0521131307135168,1.0567298139462742,1.0375103714891927,1.0377178735634904,0.0,-0.0005618443818755647,0.0005618443818755647,-0.029302475725288324,0
2015-05-21,1.0521131307135168,1.0567298139462742,1.037224428933399,1.0374318738191857,0.0,-0.0002756045275801311,0.0002756045275801311,-0.029302475725288324,0
2015-05-22,1.0521131307135168,1.0567298139462742,1.0376968969312172,1.0379044363106034,0.0,0.00045551183007153107,-0.00045551183007153107,-0.029302475725288324,0
2015-05-25,1.0521131307135168,1.0567298139462742,1.0374166353533532,1.0376241186804238,0.0,-0.000270080385412097,0.000270080385412097,-0.029302475725288324,0
2015-05-26,1.0521131307135168,1.0567298139462742,1.031784892565734,1.0319912495442471,0.0,-0.0054286220171329,0.0054286220171329,-0.029302475725288324,0
2015-05-27,1.0521131307135168,1.0567298139462742,1.0317214549788527,1.0319277992698483,0.0,-6.148334535460709e-05,6.148334535460709e-05,-0.029302475725288324,0
2015-05-28,1.0521131307135168,1.0567298139462742,1.0267430246531462,1.0269483732580769,0.0,-0.004825362796985311,0.004825362796985311,-0.029302475725288324,0
2015-05-29,1.0521131307135168,1.0567298139462742,1.0261929166236228,1.0263981552069474,0.0,-0.0005357796608447263,0.0005357796608447263,-0.029302475725288324,0
2015-06-01,1.0521131307135168,1.0567298139462742,1.0214019585695957,1.0216062389613096,0.0,-0.004668671919691558,0.004668671919691558,-0.029302475725288324,0
2015-06-02,1.0521131307135168,1.0567298139462742,1.0236109121545849,1.0238156343370157,0.0,0.0021626682487301263,-0.0021626682487301263,-0.029302475725288324,0
2015-06-03,1.0521131307135168,1.0567298139462742,1.024798236541887,1.0250031961891954,0.0,0.0011599372116921636,-0.0011599372116921636,-0.029302475725288324,0
2015-06-04,1.0521131307135168,1.0567298139462742,1.0253208865114174,1.0255259506887195,0.0,0.000510002799471998,-0.000510002799471998,-0.029302475725288324,0
2015-06-05,1.0521131307135168,1.0567298139462742,1.0255670622217032,1.0257721756341476,0.0,0.00024009626013121732,-0.00024009626013121732,-0.029302475725288324,0
2015-06-08,1.0521131307135168,1.0567298139462742,1.0275014352067582,1.0277069354937995,0.0,0.0018861496788562526,-0.0018861496788562526,-0.029302475725288324,0
2015-06-09,1.0521131307135168,1.0567298139462742,1.0279729563749211,1.028178550966196,0.0,0.00045890073921706076,-0.00045890073921706076,-0.029302475725288324,0
2015-06-10,1.0521131307135168,1.0567298139462742,1.027595171342598,1.0278006903768664,0.0,-0.0003675048355896715,0.0003675048355896715,-0.029302475725288324,0
2015-06-11,1.0521131307135168,1.0567298139462742,1.0264192089111548,1.026624492752937,0.0,-0.0011443829868397204,0.0011443829868397204,-0.029302475725288324,0
2015-06-12,1.0521131307135168,1.0567298139462742,1.0254089416693273,1.0256140234576612,0.0,-0.0009842637716214186,0.0009842637716214186,-0.029302475725288324,0
2015-06-15,1.0521131307135168,1.0567298139462742,1.0238675029910753,1.0240722764916734,0.0,-0.0015032428679064846,0.0015032428679064846,-0.029302475725288324,0
2015-06-16,1.0521131307135168,1.0567298139462742,1.0232643725008745,1.0234690253753747,0.0,-0.0005890708401612432,0.0005890708401612432,-0.029302475725288324,0
2015-06-17,1.0521131307135168,1.0567298139462742,1.0242689587647722,1.0244738125565251,0.0,0.0009817465465375985,-0.0009817465465375985,-0.029302475725288324,0
2015-06-18,1.0521131307135168,1.0567298139462742,1.0261219043995016,1.0263271287803815,0.0,0.0018090420673921859,-0.0018090420673921859,-0.029302475725288324,0
2015-06-19,1.0521131307135168,1.0567298139462742,1.0272278014364786,1.027433246996766,0.0,0.0010777443033187506,-0.0010777443033187506,-0.029302475725288324,0
2015-06-23,1.0521131307135168,1.0567298139462742,1.0260878185319238,1.0262930360956302,0.0,-0.0011097664052323042,0.0011097664052323042,-0.029302475725288324,0
2015-06-24,1.0521131307135168,1.0567298139462742,1.0255225612279208,1.0257276657401664,0.0,-0.000550885892799724,0.000550885892799724,-0.029302475725288324,0
2015-06-25,1.0521131307135168,1.0567298139462742,1.0250567210376873,1.0252617323818949,0.0,-0.00045424665223914307,0.00045424665223914307,-0.029302475725288324,0
2015-06-26,1.0521131307135168,1.0567298139462742,1.025697724714086,1.0259028642590287,0.0,0.0006253348358613575,-0.0006253348358613575,-0.029302475725288324,0
2015-06-29,1.0521131307135168,1.0567298139462742,1.0253710684831294,1.025576142696826,0.0,-0.00031847221952996385,0.00031847221952996385,-0.029302475725288324,0
2015-06-30,1.0521131307135168,1.0567298139462742,1.0257166613071849,1.0259218046394463,0.0,0.00033704171560700047,-0.00033704171560700047,-0.029302475725288324,0
2015-07-01,1.0521131307135168,1.0567298139462742,1.0245444861943616,1.0247493950916005,0.0,-0.0011427864604728333,0.0011427864604728333,-0.029302475725288324,0
2015-07-02,1.0521131307135168,1.0567298139462742,1.0243039914620053,1.0245088522602976,0.0,-0.00023473332353729504,0.00023473332353729504,-0.029302475725288324,0
2015-07-03,1.0521131307135168,1.0567298139462742,1.026398378658746,1.0266036583344778,0.0,0.002044692995632369,-0.002044692995632369,-0.029302475725288324,0
2015-07-06,1.0521131307135168,1.0567298139462742,1.0314894817133908,1.0316957796097335,0.0,0.004960162798871126,-0.004960162798871126,-0.029302475725288324,0
2015-07-07,1.0521131307135168,1.0567298139462742,1.0351073178249397,1.0353143392885047,0.0,0.0035073902116182776,-0.0035073902116182776,-0.029302475725288324,0
2015-07-08,1.0521131307135168,1.0567298139462742,1.035173595900786,1.035380630619966,0.0,6.40301490530959e-05,-6.40301490530959e-05,-0.029302475725288324,0
2015-07-09,1.0521131307135168,1.0567298139462742,1.0367093536011083,1.0369166954718285,0.0,0.0014835750316699592,-0.0014835750316699592,-0.029302475725288324,0
2015-07-10,1.0521131307135168,1.0567298139462742,1.0327743295551528,1.0329808844210637,0.0,-0.0037956868357430507,0.0037956868357430507,-0.029302475725288324,0
2015-07-13,1.0521131307135168,1.0567298139462742,1.0330006218426846,1.0332072219670532,0.0,0.0002191110691425191,-0.0002191110691425191,-0.029302475725288324,0
2015-07-14,1.0521131307135168,1.0567298139462742,1.0306572184466931,1.0308633498903825,0.0,-0.002268540160035193,0.002268540160035193,-0.029302475725288324,0
2015-07-15,1.0521131307135168,1.0567298139462742,1.0296346424193517,1.0298405693478354,0.0,-0.0009921591864292534,0.0009921591864292534,-0.029302475725288324,0
2015-07-16,1.0521131307135168,1.0567298139462742,1.0295437467724768,1.0297496555218313,0.0,-8.827951501444442e-05,8.827951501444442e-05,-0.029302475725288324,0
2015-07-17,1.0521131307135168,1.0567298139462742,1.0304328198184711,1.0306389063824348,0.0,0.0008635602409139409,-0.0008635602409139409,-0.029302475725288324,0
2015-07-20,1.0521131307135168,1.0567298139462742,1.0316457086064568,1.0318520377481781,0.0,0.0011770673106077378,-0.0011770673106077378,-0.029302475725288324,0
2015-07-21,1.0521131307135168,1.0567298139462742,1.0314260441265095,1.0316323293353349,0.0,-0.00021292627702973466,0.00021292627702973466,-0.029302475725288324,0
2015-07-22,1.0521131307135168,1.0567298139462742,1.0307282306708143,1.0309343763169485,0.0,-0.0006765520995605234,0.0006765520995605234,-0.029302475725288324,0
2015-07-23,1.0521131307135168,1.0567298139462742,1.0317934140326286,1.031999772715435,0.0,0.0010334279494033094,-0.0010334279494033094,-0.029302475725288324,0
2015-07-24,1.0521131307135168,1.0567298139462742,1.033804480219734,1.0340112411157778,0.0,0.0019490977164171586,-0.0019490977164171586,-0.029302475725288324,0
2015-07-27,1.0521131307135168,1.0567298139462742,1.0348109601429414,1.03501792233497,0.0,0.0009735689315193419,-0.0009735689315193419,-0.029302475725288324,0
2015-07-28,1.0521131307135168,1.0567298139462742,1.0359234849875032,1.0361306696845007,0.0,0.0010750995953967557,-0.0010750995953967557,-0.029302475725288324,0
2015-07-29,1.0521131307135168,1.0567298139462742,1.036173448016409,1.0363806827060122,0.0,0.00024129487604862554,-0.00024129487604862554,-0.029302475725288324,0
2015-07-30,1.0521131307135168,1.0567298139462742,1.0364442412977233,1.0366515301459829,0.0,0.0002613397224495717,-0.0002613397224495717,-0.029302475725288324,0
2015-07-31,1.0521131307135168,1.0567298139462742,1.0335365274273842,1.0337432347328697,0.0,-0.002805470622035955,0.002805470622035955,-0.029302475725288324,0
2015-08-03,1.0521131307135168,1.0567298139462742,1.0327052109903416,1.0329117520325397,0.0,-0.0008043416124942082,0.0008043416124942082,-0.029302475725288324,0
2015-08-04,1.0521131307135168,1.0567298139462742,1.0336880201721754,1.0338947577762099,0.0,0.000951684150882981,-0.000951684150882981,-0.029302475725288324,0
2015-08-05,1.0521131307135168,1.0567298139462742,1.0342636926023827,1.034470545340903,0.0,0.0005569111946479577,-0.0005569111946479577,-0.029302475725288324,0
2015-08-06,1.0521131307135168,1.0567298139462742,1.0345912956629941,1.0347982139221268,0.0,0.000316750034787594,-0.000316750034787594,-0.029302475725288324,0
2015-08-07,1.0521131307135168,1.0567298139462742,1.0348081196539767,1.0350150812779075,0.0,0.00020957453623626776,-0.00020957453623626776,-0.029302475725288324,0
2015-08-10,1.0521131307135168,1.0567298139462742,1.0347058620512426,1.0349128032236528,0.0,-9.881793618726764e-05,9.881793618726764e-05,-0.029302475725288324,0
2015-08-11,1.0521131307135168,1.0567298139462742,1.0316542300733513,1.031860560919366,0.0,-0.0029492748517356837,0.0029492748517356837,-0.029302475725288324,0
2015-08-12,1.0521131307135168,1.0567298139462742,1.0309232775797332,1.0311294622352492,0.0,-0.0007085246900661035,0.0007085246900661035,-0.029302475725288324,0
2015-08-13,1.0521131307135168,1.0567298139462742,1.0304328198184711,1.0306389063824348,0.0,-0.00047574613157785883,0.00047574613157785883,-0.029302475725288324,0
2015-08-14,1.0521131307135168,1.0567298139462742,1.0314184694892699,1.0316247531831677,0.0,0.000956539477238616,-0.000956539477238616,-0.029302475725288324,0
2015-08-17,1.0521131307135168,1.0567298139462742,1.0309668317438607,1.0311730251102094,0.0,-0.00043788021910518005,0.00043788021910518005,-0.029302475725288324,0
2015-08-18,1.0521131307135168,1.0567298139462742,1.0307253901818492,1.0309315352598856,0.0,-0.00023418945651543233,0.00023418945651543233,-0.029302475725288324,0
2015-08-19,1.0521131307135168,1.0567298139462742,1.030030417215119,1.030236423298562,0.0,-0.0006742561824422122,0.0006742561824422122,-0.029302475725288324,0
2015-08-20,1.0521131307135168,1.0567298139462742,1.030047460148908,1.0302534696409378,0.0,1.6546049033339116e-05,-1.6546049033339116e-05,-0.029302475725288324,0
2015-08-21,1.0521131307135168,1.0567298139462742,1.0304962574053524,1.0307023566568334,0.0,0.00043570541534032614,-0.00043570541534032614,-0.029302475725288324,0
2015-08-24,1.0521131307135168,1.0567298139462742,1.031535876366483,1.0317421835417564,0.0,0.0010088527286340465,-0.0010088527286340465,-0.029302475725288324,0
2015-08-25,1.0521131307135168,1.0567298139462742,1.032696689523447,1.0329032288613518,0.0,0.0011253250454583696,-0.0011253250454583696,-0.029302475725288324,0
2015-08-26,1.0521131307135168,1.0567298139462742,1.0331341248240322,1.033340751648997,0.0,0.00042358545836629347,-0.00042358545836629347,-0.029302475725288324,0
2015-08-27,1.0521131307135168,1.0567298139462742,1.0385783953399719,1.03878611101904,0.0,0.005269664785167105,-0.005269664785167105,-0.029302475725288324,0
2015-08-28,1.0521131307135168,1.0567298139462742,1.0390224584481416,1.0392302629398311,0.0,0.0004275682126280156,-0.0004275682126280156,-0.029302475725288324,0
2015-08-31,1.0521131307135168,1.0567298139462742,1.0423401495590727,1.0425486175889844,0.0,0.0031930889308076083,-0.0031930889308076083,-0.029302475725288324,0
2015-09-01,1.0521131307135168,1.0567298139462742,1.0439952077959183,1.0442040068374774,0.0,0.0015878293065325622,-0.0015878293065325622,-0.029302475725288324,0
2015-09-02,1.0521131307135168,1.0567298139462742,1.044439270904088,1.0446481587582688,0.0,0.0004253497572150877,-0.0004253497572150877,-0.029302475725288324,0
2015-09-06,1.0521131307135168,1.0567298139462742,1.0441514346889842,1.044360264975922,0.0,-0.00027558923062576124,0.00027558923062576124,-0.029302475725288324,0
2015-09-07,1.0521131307135168,1.0567298139462742,1.0431326459802623,1.0433412725094584,0.0,-0.0009757097245433055,0.0009757097245433055,-0.029302475725288324,0
2015-09-08,1.0521131307135168,1.0567298139462742,1.042733083865875,1.0429416304826482,0.0,-0.00038304056145399556,0.00038304056145399556,-0.029302475725288324,0
2015-09-09,1.0521131307135168,1.0567298139462742,1.0421346875239494,1.0423431144614541,0.0,-0.0005738729797534203,0.0005738729797534203,-0.029302475725288324,0
2015-09-10,1.0521131307135168,1.0567298139462742,1.0421072294639557,1.0423156509098486,0.0,-2.634789948208205e-05,2.634789948208205e-05,-0.029302475725288324,0
2015-09-11,1.0521131307135168,1.0567298139462742,1.0423212129659736,1.0425296772085668,0.0,0.0002053373165138428,-0.0002053373165138428,-0.029302475725288324,0
2015-09-14,1.0521131307135168,1.0567298139462742,1.0423827568935449,1.0425912334449237,0.0,5.904506864662373e-05,-5.904506864662373e-05,-0.029302475725288324,0
2015-09-15,1.0521131307135168,1.0567298139462742,1.043068261563726,1.0432768752160386,0.0,0.0006576323962073083,-0.0006576323962073083,-0.029302475725288324,0
2015-09-16,1.0521131307135168,1.0567298139462742,1.043369353393999,1.0435780272646777,0.0,0.00028865975638225905,-0.00028865975638225905,-0.029302475725288324,0
2015-09-17,1.0521131307135168,1.0567298139462742,1.0433125436147022,1.0435212061234251,0.0,-5.444838791934803e-05,5.444838791934803e-05,-0.029302475725288324,0
2015-09-18,1.0521131307135168,1.0567298139462742,1.0439791116917843,1.0441879075141225,0.0,0.0006388958717706839,-0.0006388958717706839,-0.029302475725288324,0
2015-09-21,1.0521131307135168,1.0567298139462742,1.043525580287065,1.0437342854031224,0.0,-0.000434425746300815,0.000434425746300815,-0.029302475725288324,0
2015-09-22,1.0521131307135168,1.0567298139462742,1.0431780938036999,1.0433867294224606,0.0,-0.00033299277941001293,0.00033299277941001293,-0.029302475725288324,0
2015-09-23,1.0521131307135168,1.0567298139462742,1.0425020574300683,1.0427105578415543,0.0,-0.0006480546108541541,0.0006480546108541541,-0.029302475725288324,0
2015-09-24,1.0521131307135168,1.0567298139462742,1.0436619237573772,1.0438706561421287,0.0,0.0011125794131938704,-0.0011125794131938704,-0.029302475725288324,0
2015-09-25,1.0521131307135168,1.0567298139462742,1.0434886539305221,1.0436973516613082,0.0,-0.00016602102933027663,0.00016602102933027663,-0.029302475725288324,0
2015-09-28,1.0521131307135168,1.0567298139462742,1.0450840618991062,1.045293078711486,0.0,0.0015289174085166835,-0.0015289174085166835,-0.029302475725288324,0
2015-09-29,1.0521131307135168,1.0567298139462742,1.0467599503883607,1.0469693023784383,0.0,0.001603592046183433,-0.001603592046183433,-0.029302475725288324,0
2015-09-30,1.0521131307135168,1.0567298139462742,1.0482531007542106,1.0484627513743614,0.0,0.001426449650940409,-0.001426449650940409,-0.029302475725288324,0
2015-10-08,1.0521131307135168,1.0567298139462742,1.0488344541623473,1.0490442210531798,0.0,0.0005545925957370912,-0.0005545925957370912,-0.029302475725288324,0
2015-10-09,1.0521131307135168,1.0567298139462742,1.0558211101861943,1.0560322744082316,0.0,0.0066613525100363,-0.0066613525100363,-0.029302475725288324,0
2015-10-10,1.0521131307135168,1.0567298139462742,1.0560133166061483,1.0562245192694695,0.0,0.00018204449418535162,-0.00018204449418535162,-0.029302475725288324,0
2015-10-12,1.0521131307135168,1.0567298139462742,1.0550920513518858,1.0553030697621562,0.0,-0.0008723992773341793,0.0008723992773341793,-0.029302475725288324,0
2015-10-13,1.0521131307135168,1.0567298139462742,1.0593471038212134,1.0595589732419777,0.0,0.004032873211276433,-0.004032873211276433,-0.029302475725288324,0
2015-10-14,1.0521131307135168,1.0567298139462742,1.064879429495063,1.065092405380962,0.0,0.005222391842950813,-0.005222391842950813,-0.029302475725288324,0
2015-10-15,1.0521131307135168,1.0567298139462742,1.061320296822121,1.0615325608814854,0.0,-0.003342286999223676,0.003342286999223676,-0.029302475725288324,0
2015-10-16,1.0521131307135168,1.0567298139462742,1.0580120740077394,1.058223676422541,0.0,-0.0031170823966027994,0.0031170823966027994,-0.029302475725288324,0
2015-10-19,1.0521131307135168,1.0567298139462742,1.057933487146379,1.0581450738438083,0.0,-7.427784927138692e-05,7.427784927138692e-05,-0.029302475725288324,0
2015-10-20,1.0521131307135168,1.0567298139462742,1.0615939305924003,1.0618062493785188,0.0,0.003459993932033223,-0.003459993932033223,-0.029302475725288324,0
2015-10-21,1.0521131307135168,1.0567298139462742,1.0612578060648947,1.0614700576261076,0.0,-0.00031662250302988415,0.00031662250302988415,-0.029302475725288324,0
2015-10-22,1.0521131307135168,1.0567298139462742,1.0614197139358903,1.0616319978786775,0.0,0.00015256224271831265,-0.00015256224271831265,-0.029302475725288324,0
2015-10-23,1.0521131307135168,1.0567298139462742,1.0629829296962063,1.0631955262821455,0.0,0.0014727593051002685,-0.0014727593051002685,-0.029302475725288324,0
2015-10-26,1.0521131307135168,1.0567298139462742,1.0660790626678798,1.0662922784804134,0.0,0.0029126836237702847,-0.0029126836237702847,-0.029302475725288324,0
2015-10-27,1.0521131307135168,1.0567298139462742,1.068600470039001,1.0688141901330088,0.0,0.0023651223060430215,-0.0023651223060430215,-0.029302475725288324,0
2015-10-28,1.0521131307135168,1.0567298139462742,1.0677521106681693,1.067965661090303,0.0,-0.0007938976208767823,0.0007938976208767823,-0.029302475725288324,0
2015-10-29,1.0521131307135168,1.0567298139462742,1.0652070325556744,1.0654200739621855,0.0,-0.0023835851852377354,0.0023835851852377354,-0.029302475725288324,0
2015-10-30,1.0521131307135168,1.0567298139462742,1.0635036860064264,1.0637163867436277,0.0,-0.0015990755760983966,0.0015990755760983966,-0.029302475725288324,0
2015-11-02,1.0521131307135168,1.0567298139462742,1.0640708369697391,1.064283651137133,0.0,0.0005332853762287648,-0.0005332853762287648,-0.029302475725288324,0
2015-11-03,1.0521131307135168,1.0567298139462742,1.0617851901826993,1.061997547220736,0.0,-0.0021480212666563636,0.0021480212666563636,-0.029302475725288324,0
2015-11-04,1.0521131307135168,1.0567298139462742,1.0593802428591366,1.0595921189077084,0.0,-0.0022650036427320774,0.0022650036427320774,-0.029302475725288324,0
2015-11-05,1.0521131307135168,1.0567298139462742,1.0580130208373943,1.0582246234415618,0.0,-0.00129058667174331,0.00129058667174331,-0.029302475725288324,0
2015-11-06,1.0521131307135168,1.0567298139462742,1.058038585238078,1.0582501929551256,0.0,2.4162652235926174e-05,-2.4162652235926174e-05,-0.029302475725288324,0
2015-11-09,1.0521131307135168,1.0567298139462742,1.0510755999556047,1.051285815075596,0.0,-0.006581031523445358,0.006581031523445358,-0.029302475725288324,0
2015-11-10,1.0521131307135168,1.0567298139462742,1.052671954753844,1.0528824891447945,0.0,0.00151878209170353,-0.00151878209170353,-0.029302475725288324,0
2015-11-11,1.0521131307135168,1.0567298139462742,1.0558741326468712,1.0560853074734007,0.0,0.0030419523181617336,-0.0030419523181617336,-0.029302475725288324,0
2015-11-12,1.0521131307135168,1.0567298139462742,1.056107052741988,1.0563182741525363,0.0,0.0002205945651239105,-0.0002205945651239105,-0.029302475725288324,0
2015-11-13,1.0521131307135168,1.0567298139462742,1.0566609480901314,1.0568722802797494,0.0,0.0005244689415768722,-0.0005244689415768722,-0.029302475725288324,0
2015-11-16,1.0521131307135168,1.0567298139462742,1.056388261149507,1.0565995388017368,0.0,-0.00025806474736977947,0.00025806474736977947,-0.029302475725288324,0
2015-11-17,1.0521131307135168,1.0567298139462742,1.0564062509129508,1.0566175321631335,0.0,1.7029499574494622e-05,-1.7029499574494622e-05,-0.029302475725288324,0
2015-11-18,1.0521131307135168,1.0567298139462742,1.0552539592228818,1.0554650100147263,0.0,-0.0010907656870386973,0.0010907656870386973,-0.029302475725288324,0
2015-11-19,1.0521131307135168,1.0567298139462742,1.0542058187948564,1.0544166599586153,0.0,-0.0009932589391061786,0.0009932589391061786,-0.029302475725288324,0
2015-11-20,1.0521131307135168,1.0567298139462742,1.055299407046319,1.0555104669277284,0.0,0.001037357441939335,-0.001037357441939335,-0.029302475725288324,0
2015-11-23,1.0521131307135168,1.0567298139462742,1.055250171904262,1.0554612219386428,0.0,-4.66551404543214e-05,4.66551404543214e-05,-0.029302475725288324,0
2015-11-24,1.0521131307135168,1.0567298139462742,1.0563797396826125,1.056591015630549,0.0,0.0010704265286327619,-0.0010704265286327619,-0.029302475725288324,0
2015-11-25,1.0521131307135168,1.0567298139462742,1.0578340700326094,1.058045636846616,0.0,0.00137671170258713,-0.00137671170258713,-0.029302475725288324,0
2015-11-26,1.0521131307135168,1.0567298139462742,1.0602740500534056,1.0604861048634162,0.0,0.0023065810507700846,-0.0023065810507700846,-0.029302475725288324,0
2015-11-27,1.0521131307135168,1.0567298139462742,1.0599047864879765,1.060116767445274,0.0,-0.0003482718127548745,0.0003482718127548745,-0.029302475725288324,0
2015-11-30,1.0521131307135168,1.0567298139462742,1.06168766672824,1.0619000042615856,0.0,0.0016821135850995095,-0.0016821135850995095,-0.029302475725288324,0
2015-12-01,1.0521131307135168,1.0567298139462742,1.0615816218068863,1.0617939381312476,0.0,-9.988335051536179e-05,9.988335051536179e-05,-0.029302475725288324,0
2015-12-02,1.0521131307135168,1.0567298139462742,1.0620294722336754,1.0622418781281222,0.0,0.00042187093068424275,-0.00042187093068424275,-0.029302475725288324,0
2015-12-03,1.0521131307135168,1.0567298139462742,1.06273864764523,1.062951195374759,0.0,0.0006677549259184179,-0.0006677549259184179,-0.029302475725288324,0
2015-12-04,1.0521131307135168,1.0567298139462742,1.0635103138140112,1.0637230158767739,0.0,0.000726110949753167,-0.000726110949753167,-0.029302475725288324,0
2015-12-07,1.0521131307135168,1.0567298139462742,1.0633654488768045,1.0635781219665799,0.0,-0.00013621394670559894,0.00013621394670559894,-0.029302475725288324,0
2015-12-08,1.0521131307135168,1.0567298139462742,1.0643170126800252,1.0645298760825612,0.0,0.0008948605620258121,-0.0008948605620258121,-0.029302475725288324,0
2015-12-09,1.0521131307135168,1.0567298139462742,1.0655583063576592,1.0657714180189308,0.0,0.0011662819092859156,-0.0011662819092859156,-0.029302475725288324,0
2015-12-10,1.0521131307135168,1.0567298139462742,1.0654001858052835,1.0656132658424446,0.0,-0.00014839221038620565,0.00014839221038620565,-0.029302475725288324,0
2015-12-11,1.0521131307135168,1.0567298139462742,1.0663271320374756,1.0665403974638832,0.0,0.0008700451197045656,-0.0008700451197045656,-0.029302475725288324,0
2015-12-14,1.0521131307135168,1.0567298139462742,1.0646569245261508,1.064869855911056,0.0,-0.001566318122407262,0.001566318122407262,-0.029302475725288324,0
2015-12-15,1.0521131307135168,1.0567298139462742,1.0640509535469853,1.0642637637376946,0.0,-0.00056917018544278,0.00056917018544278,-0.029302475725288324,0
2015-12-16,1.0521131307135168,1.0567298139462742,1.0655687214838638,1.0657818352281605,0.0,0.0014264053162296175,-0.0014264053162296175,-0.029302475725288324,0
2015-12-17,1.0521131307135168,1.0567298139462742,1.0656993839762463,1.0659125238530416,0.0,0.00012262230464177293,-0.00012262230464177293,-0.029302475725288324,0
2015-12-18,1.0521131307135168,1.0567298139462742,1.0697016329277034,1.0699155732542889,0.0,0.0037555139954423833,-0.0037555139954423833,-0.029302475725288324,0
2015-12-21,1.0521131307135168,1.0567298139462742,1.0749139301781814,1.075128912964217,0.0,0.004872664573028818,-0.004872664573028818,-0.029302475725288324,0
2015-12-22,1.0521131307135168,1.0567298139462742,1.0768208451032428,1.0770362092722634,0.0,0.0017740163854285118,-0.0017740163854285118,-0.029302475725288324,0
2015-12-23,1.0521131307135168,1.0567298139462742,1.0762944078150927,1.0765096666966556,0.0,-0.0004888810339659377,0.0004888810339659377,-0.029302475725288324,0
2015-12-24,1.0521131307135168,1.0567298139462742,1.0803648285017056,1.080580901467406,0.0,0.0037818840802823495,-0.0037818840802823495,-0.029302475725288324,0
2015-12-25,1.0521131307135168,1.0567298139462742,1.0789247005965328,1.079140485536652,0.0,-0.0013330014705957849,0.0013330014705957849,-0.029302475725288324,0
2015-12-28,1.0521131307135168,1.0567298139462742,1.0809007340864052,1.0811169142332224,0.0,0.0018314841515629787,-0.0018314841515629787,-0.029302475725288324,0
2015-12-29,1.0521131307135168,1.0567298139462742,1.0797285589735819,1.0799445046853766,0.0,-0.0010844428871760181,0.0010844428871760181,-0.029302475725288324,0
2015-12-30,1.0521131307135168,1.0567298139462742,1.0796736428535951,1.0798895775821657,0.0,-5.086104237062017e-05,5.086104237062017e-05,-0.029302475725288324,0
2015-12-31,1.0521131307135168,1.0567298139462742,1.0796263013708478,1.079842226631122,0.0,-4.384795633449734e-05,4.384795633449734e-05,-0.029302475725288324,0
2016-01-04,1.0521131307135168,1.0567298139462742,1.0758531851958877,1.076068355832927,0.0,-0.003494835361244175,0.003494835361244175,-0.029302475725288324,0
2016-01-05,1.0521131307135168,1.0567298139462742,1.0743950675272709,1.0746099465407764,0.0,-0.0013553128704557604,0.0013553128704557604,-0.029302475725288324,0
2016-01-06,1.0521131307135168,1.0567298139462742,1.0746620734899655,1.0748770059046635,0.0,0.00024851748743515145,-0.00024851748743515145,-0.029302475725288324,0
2016-01-07,1.0521131307135168,1.0567298139462742,1.076182681915809,1.0763979184521921,0.0,0.0014149642602583334,-0.0014149642602583334,-0.029302475725288324,0
2016-01-08,1.0521131307135168,1.0567298139462742,1.077672044963039,1.0778875793720317,0.0,0.0013839314386463464,-0.0013839314386463464,-0.029302475725288324,0
2016-01-11,1.0521131307135168,1.0567298139462742,1.077620916161672,1.0778364403449043,0.0,-4.744374840737198e-05,4.744374840737198e-05,-0.029302475725288324,0
2016-01-12,1.0521131307135168,1.0567298139462742,1.0799131907562964,1.0801291733944476,0.0,0.002127162307492103,-0.002127162307492103,-0.029302475725288324,0
2016-01-13,1.0521131307135168,1.0567298139462742,1.0844740692041717,1.0846909640180125,0.0,0.004223375070250945,-0.004223375070250945,-0.029302475725288324,0
2016-01-14,1.0521131307135168,1.0567298139462742,1.0823938844522552,1.0826103632291455,0.0,-0.0019181507525053432,0.0019181507525053432,-0.029302475725288324,0
2016-01-15,1.0521131307135168,1.0567298139462742,1.0825908250204839,1.0828073431854879,0.0,0.00018194907700208596,-0.00018194907700208596,-0.029302475725288324,0
2016-01-18,1.0521131307135168,1.0567298139462742,1.080781433549882,1.080997589836592,0.0,-0.0016713530438128288,0.0016713530438128288,-0.029302475725288324,0
2016-01-19,1.0521131307135168,1.0567298139462742,1.0792636656130035,1.079479518346126,0.0,-0.0014043245838275542,0.0014043245838275542,-0.029302475725288324,0
2016-01-20,1.0521131307135168,1.0567298139462742,1.077864251382993,1.0780798242332696,0.0,-0.0012966379528913663,0.0012966379528913663,-0.029302475725288324,0
2016-01-21,1.0519027501634841,1.0567298139462742,1.0791206943351066,1.0793365184739736,-0.00019996000799837876,0.0011656782850915093,-0.001365638293089888,-0.029496576410006248,-1
2016-01-22,1.0511930028440761,1.056016809675993,1.07984880633976,1.080064776101028,-0.0006747271259607279,0.0006747271259606169,-0.0013494542519213448,-0.03015140139574013,-1
2016-01-25,1.0542304260276545,1.0590681712540098,1.0767327899453327,1.0769481365033218,0.0028895009530698346,-0.0028856043328781,0.005775105285947935,-0.0273490229457396,-1
2016-01-26,1.0550204698578407,1.0598618405067544,1.0759223037606989,1.076137488221451,0.0007494033663617561,-0.0007527273174944282,0.0015021306838561843,-0.02662011502924,-1
2016-01-27,1.056535028181831,1.0613833489690836,1.0743685562969325,1.0745834300081918,0.0014355724531054381,-0.0014441074958065903,0.0028796799489120284,-0.025222757679968955,-1
2016-01-28,1.0571589413000624,1.062010125154662,1.073728499450189,1.073943245150079,0.0005905276224538181,-0.0005957516561631016,0.0011862792786169196,-0.024647124792639752,-1
2016-01-29,1.054945711037461,1.0597867386265296,1.0759989969627497,1.0762141967621421,-0.0020935643413086957,0.002114591829986079,-0.004208156171294775,-0.026689088792366755,-1
2016-02-01,1.0546549822915396,1.0594946757589894,1.0762972483040576,1.0765125077537183,-0.0002755864523449336,0.00027718551982824913,-0.0005527719721731827,-0.026957320093415005,-1
2016-02-02,1.0555603946716947,1.0604042429750435,1.0753684084125554,1.0755834820942378,0.0008584915402265469,-0.0008629956946983874,0.0017214872349249344,-0.02612197118443582,-1
2016-02-03,1.056605172260212,1.0614538149307757,1.0742965972431564,1.074511456562605,0.0009897847567901241,-0.0009966920740969165,0.0019864768308870406,-0.025158041556541444,-1
2016-02-04,1.0576370285711332,1.0624904063146174,1.073238041688927,1.0734526892972647,0.0009765770015244257,-0.0009853475818000224,0.001961924583324448,-0.024206033319804532,-1
2016-02-05,1.0568654437089418,1.0617152807360024,1.0740295912804616,1.0742443971987177,-0.0007295365435850965,0.0007375340425774812,-0.0014670705861625777,-0.024917910677507593,-1
2016-02-06,1.0565820985502183,1.0614306353381138,1.0743202679845303,1.0745351320381271,-0.0002680995583780321,0.000270641243433678,-0.0005387408018117101,-0.02517932975503734,-1
2016-02-14,1.053089661805563,1.0579221721928038,1.077903071398846,1.0781186520131258,-0.0033054097258012893,0.0033349491032474976,-0.006640358829048787,-0.028401511479377084,-1
2016-02-15,1.0545534579675673,1.059392685551277,1.0764013995661015,1.0766166798460146,0.001390001454856682,-0.0013931418070789459,0.0027831432619356278,-0.027050988166796852,-1
2016-02-16,1.0551210712334136,1.0599629035307603,1.0758190993283097,1.0760342631481754,0.0005382498739705532,-0.0005409694171956136,0.0010792192911661669,-0.026527298483797757,-1
2016-02-17,1.055474560470518,1.0603180148903413,1.0754564635704653,1.0756715548631794,0.0003350224412552727,-0.00033707875057320535,0.000672101191828478,-0.0262011632828405,-1
2016-02-18,1.0555336291681021,1.0603773546475557,1.075395866472549,1.0756109456458434,5.596411301267423e-05,-5.634546815147523e-05,0.00011230958116414946,-0.026146665494690913,-1
2016-02-19,1.0549004865658733,1.0597413066249124,1.0760453916158417,1.0762606006941648,-0.000599831767300274,0.0006039870186811402,-0.0012038187859814142,-0.026730813661418606,-1
2016-02-22,1.0552364397833824,1.06007880149407,1.0757007456214416,1.0759158857705657,0.000318469108496533,-0.0003202894571970871,0.0006387585656936201,-0.026420857491318284,-1
2016-02-23,1.055056464845431,1.0598980006713068,1.075885377404156,1.0761005544796367,-0.0001705541347570838,0.00017163861182201146,-0.00034219274657909526,-0.026586905439586306,-1
2016-02-24,1.0560310983555674,1.060877106665347,1.074885525288533,1.0751005023935907,0.0009237737908929233,-0.0009293295890268061,0.0018531033799197294,-0.02568769193511944,-1
2016-02-25,1.0562009208611216,1.0610477084673389,1.0747113086320228,1.0749262508937492,0.0001608120308376204,-0.00016207926556965901,0.0003228912964072794,-0.025531010794189513,-1
2016-02-26,1.0558769659728091,1.0607222669863652,1.075043645840909,1.075258654570077,-0.00030671710459062584,0.0003092339367947172,-0.0006159510413853431,-0.025829897101072086,-1
2016-02-29,1.0557523679388428,1.0605970971859908,1.0751714678443265,1.0753865021378954,-0.00011800431109088017,0.0001188993618184142,-0.00023690367290929437,-0.02594485337295005,-1
2016-03-01,1.055053696000232,1.0598952191201876,1.0758882178931208,1.0761033955366994,-0.0006617763405777355,0.0006666378993773758,-0.0013284142399551113,-0.026589460023405787,-1
2016-03-02,1.0558695823856112,1.0607148495167136,1.0750512204781484,1.075266230722244,0.0007733126650069089,-0.0007779594581038829,0.0015512721231107918,-0.02583670932459059,-1
2016-03-03,1.0562341470035126,1.0610810870807719,1.0746772227644448,1.0748921582089976,0.00034527428764219437,-0.0003478882741394518,0.0006931625617816461,-0.02550035578835541,-1
2016-03-04,1.0571940133392528,1.0620453581355083,1.073692519923301,1.0739072584272855,0.0009087628329980113,-0.0009162777625553176,0.0018250405955533289,-0.024614766730925997,-1
2016-03-07,1.0590103757899616,1.0638700556698557,1.071829159162367,1.0720435249941995,0.0017180975561634781,-0.001735469630604336,0.003453567186767814,-0.022938959745328558,-1
2016-03-08,1.0585304426220914,1.0633879201424874,1.0723215105829391,1.0725359748850556,-0.00045319024141965425,0.00045935624755433224,-0.0009125464889739865,-0.02338175427404332,-1
2016-03-09,1.0573906013483998,1.062242848264988,1.0734908452067973,1.0737055433758387,-0.001076814825342276,0.0010904701736538236,-0.0021672849989960996,-0.024433391279740757,-1
2016-03-10,1.0561178691647803,1.0611747326351262,1.0745815929692952,1.074796509287889,-0.0012036537699469108,0.0010160755141679356,-0.0022197292841148464,-0.025607635706161314,0
2016-03-11,1.0561178691647803,1.0611747326351262,1.075356099627041,1.0755711708469664,0.0,0.0007207518375647037,-0.0007207518375647037,-0.025607635706161314,0
2016-03-14,1.0561178691647803,1.0611747326351262,1.0758011095648656,1.0760162697867786,0.0,0.0004138256508507965,-0.0004138256508507965,-0.025607635706161314,0
2016-03-15,1.0561178691647803,1.0611747326351262,1.076834100718412,1.0770494675385556,0.0,0.0009602064399840682,-0.0009602064399840682,-0.025607635706161314,0
2016-03-16,1.0561178691647803,1.0611747326351262,1.077464689268606,1.0776801822064597,0.0,0.0005855948931905441,-0.0005855948931905441,-0.025607635706161314,0
2016-03-17,1.0561178691647803,1.0611747326351262,1.0781757583394707,1.0783913934911384,0.0,0.0006599465188481535,-0.0006599465188481535,-0.025607635706161314,0
2016-03-18,1.0561178691647803,1.0611747326351262,1.0779333699478042,1.0781489566217937,0.0,-0.00022481343119773456,0.00022481343119773456,-0.025607635706161314,0
2016-03-21,1.0561178691647803,1.0611747326351262,1.0777155991271667,1.0779311422469922,0.0,-0.00020202623530241048,0.00020202623530241048,-0.025607635706161314,0
2016-03-22,1.0561178691647803,1.0611747326351262,1.0778367933229998,1.0780523606816643,0.0,0.00011245471062237833,-0.00011245471062237833,-0.025607635706161314,0
2016-03-23,1.055906687827215,1.0611747326351262,1.0774684765872258,1.0776839702825431,-0.00019996000799837876,-0.00034171846614960977,0.000141758458151231,-0.025802475211119003,-1
2016-03-24,1.0557814237371805,1.0610488435875587,1.0775962985906435,1.0778118178503617,-0.000118631780135936,0.00011863178013582498,-0.000237263560271761,-0.025918045997688766,-1
2016-03-25,1.0550400459006077,1.0603037669282511,1.0783528154849453,1.0785684860480422,-0.0007022076917668763,0.0007020411032323537,-0.00140424879499923,-0.026602053838200468,-1
2016-03-28,1.0559725674597513,1.0612409409490322,1.0774012516817246,1.0776167319320609,0.000883873140898217,-0.0008824234420835575,0.0017662965829817745,-0.025741693538182564,-1
2016-03-29,1.0558797792449113,1.061147689802686,1.077495934647219,1.0777114338341485,-8.786991035503178e-05,8.78808757152072e-05,-0.00017575078607023897,-0.02582730152823398,-1
2016-03-30,1.0560143221564295,1.0612829039648881,1.077358644347252,1.0775741160761214,0.00012742256662456874,-0.0001274160723511164,0.00025483863897568515,-0.0257031699426592,-1
2016-03-31,1.0553378960702446,1.060603103108023,1.0780488831657078,1.0782644929423408,-0.0006405463183525306,0.0006406769204270191,-0.0012812232387795497,-0.026327252190134987,-1
2016-04-01,1.0556060540111327,1.060872598920964,1.0777752493954282,1.0779908044453073,0.00025409676074983345,-0.0002538231564008786,0.000507919917150712,-0.026079845098886056,-1
2016-04-05,1.055447386163756,1.0607131394607119,1.0779371572664238,1.0781527446978771,-0.00015030971712759467,0.00015022415024512625,-0.0003005338673727209,-0.026226234761874134,-1
2016-04-06,1.0556533760007012,1.0609201570056006,1.077726961083026,1.0779425064752426,0.00019516826669474518,-0.00019499855068627614,0.0003901668173810213,-0.026036185023959768,-1
2016-04-07,1.0566916761247624,1.0619636373332166,1.0766674586991414,1.0768827921908812,0.0009835616004894021,-0.0009830898011681244,0.0019666514016575265,-0.02507823161528322,-1
2016-04-08,1.0571055115629495,1.0623795374459213,1.0762451726730353,1.07646042170757,0.00039163310125123196,-0.00039221583479109867,0.0007838489360423306,-0.02469641997965344,-1
2016-04-11,1.057526770058324,1.0628028976503339,1.07581531200969,1.076030475072092,0.00039850184372958175,-0.0003994077504455573,0.0007979095941751391,-0.024307759704819354,-1
2016-04-12,1.0569895262943994,1.0622629735129885,1.0763635263799036,1.0765787990851796,-0.0005080190678246055,0.0005095803750827521,-0.0010175994429073576,-0.02480342996721785,-1
2016-04-13,1.0579953505432667,1.063273815939383,1.0753371630339423,1.075552230466549,0.0009515933922197295,-0.0009535471249320082,0.0019051405171517377,-0.023875439355059203,-1
2016-04-14,1.0592275780363438,1.064512191162863,1.0740797732521739,1.0742945892068243,0.001164681387724853,-0.0011692981745565767,0.0023339795622814297,-0.02273856524717499,-1
2016-04-15,1.0597017258141772,1.064988704520693,1.0735959432984963,1.073810662487156,0.000447635416283676,-0.00045045998046555624,0.0008980953967492322,-0.022301108418011473,-1
2016-04-18,1.0590410737245153,1.0643247563587068,1.074270086012818,1.0744849400300205,-0.0006234321163857137,0.0006279296401312529,-0.0012513617565169666,-0.02291063730717835,-1
2016-04-19,1.0586448680471479,1.0639265739638077,1.0746743822754798,1.074889317151935,-0.0003741173852436219,0.0003763450811167246,-0.0007504624663603465,-0.023276183424698393,-1
2016-04-20,1.059759254507378,1.0650465202314277,1.07353723985989,1.0737519473078618,0.0010526537216259957,-0.001058127405235254,0.0021107811268612497,-0.02224803146417964,-1
2016-04-21,1.060124840073848,1.0654139297480323,1.073164188975841,1.0733788218136362,0.0003449703929596648,-0.0003474969197133637,0.0006924673126730285,-0.021910735983376672,-1
2016-04-22,1.0629103422833495,1.0682133291613505,1.070321806351693,1.0705358707129633,0.0026275228201495526,-0.0026485999564153095,0.005276122776564862,-0.019340784122029775,-1
2016-04-25,1.0654406769020406,1.070756287922216,1.0677398018826552,1.0679533498430316,0.002380572018196192,-0.0024123627620359356,0.004792934780232128,-0.017006254233324358,-1
2016-04-26,1.0645183620465293,1.069829371527533,1.0686809505596715,1.0688946867497835,-0.0008656651426085515,0.0008814400993171212,-0.0017471052419256727,-0.01785719765443683,-1
2016-04-27,1.063082000480804,1.0683858437820912,1.070146642865528,1.070360672194101,-0.0013493065192073939,0.001371496614671397,-0.002720803133878791,-0.019182409340434248,-1
2016-04-28,1.0625503240097698,1.0678515147135264,1.0706891762578121,1.0709033140930637,-0.0005001274321206894,0.0005069710734515454,-0.0010070985055722348,-0.019672943123429598,-1
2016-04-29,1.0624937231987173,1.0677946315142552,1.0707469328667638,1.070961082253337,-5.326882856604431e-05,5.394339480813137e-05,-0.00010721222337417569,-0.019725163997361017,-1
2016-05-03,1.0621680365646284,1.0674673199905795,1.0710792700756497,1.0712934859296648,-0.00030653040764172523,0.0003103788567444532,-0.0006169092643861784,-0.02002564804244178,-1
2016-05-04,1.0613487166275897,1.0666439123683409,1.0719153206609673,1.0721297037250994,-0.0007713656491572518,0.000780568356307132,-0.0015519340054643838,-0.020781566594596956,-1
2016-05-05,1.0608402372102657,1.066132896086363,1.0724341833118778,1.07264867014854,-0.00047908798433349276,0.0004840519030837598,-0.0009631398874172525,-0.021250698380079425,-1
2016-05-06,1.062019575420884,1.0673181181564253,1.0712307628204412,1.0714450089730052,0.00111170199739008,-0.0011221392512128503,0.00223384124860293,-0.020162620826524313,-1
2016-05-09,1.0613255195738798,1.0666205995817544,1.0719389914023407,1.0721533792006213,-0.0006535245329439832,0.0006611354028285277,-0.0013146599357725108,-0.020802968592109727,-1
2016-05-10,1.061486043185553,1.0667819240649337,1.0717751898720353,1.0719895449100096,0.00015124823507273177,-0.00015280863147915102,0.0003040568665518828,-0.020654866769320823,-1
2016-05-11,1.0611928324266582,1.0664872504424792,1.0720743880429981,1.0722888029206068,-0.0002762266737064145,0.0002791613146022609,-0.0005553879883086754,-0.020925388017883573,-1
2016-05-12,1.0613347983953636,1.066629924696389,1.0719295231057915,1.0721439090104126,0.0001337796151343884,-0.00013512582598962375,0.00026890544112401216,-0.02079440779310482,-1
2016-05-13,1.0605423870406288,1.0658335599065911,1.0727381156311153,1.0729526632542414,-0.0007466177081283387,0.0007543336645687848,-0.0015009513726971235,-0.021525500028144795,-1
2016-05-16,1.061948128495457,1.0672463147737385,1.071303668703872,1.0715179294376127,0.0013254929477650723,-0.0013371827721432306,0.002662675719908303,-0.02022853897886412,-1
2016-05-17,1.0620288542423681,1.06732744327106,1.0712212945238917,1.0714355387827965,7.601665725931461e-05,-7.689153167922402e-05,0.00015290818893853864,-0.020154060027519183,-1
2016-05-18,1.0632610817354453,1.0685658184945397,1.0699639047421234,1.0701778975230718,0.0011602580176186539,-0.0011737908760739435,0.0023340488936925974,-0.01901718591963486,-1
2016-05-19,1.0646389867258217,1.0699505980177835,1.0685578627045285,1.0687715742770694,0.0012959234698286526,-0.0013141023088379944,0.002610025778666647,-0.017745907267369576,-1
2016-05-20,1.0637380131597236,1.06904512938676,1.0694772342994812,1.069691129746341,-0.000846271437859869,0.000860385410131892,-0.001706656847991761,-0.018577160850770102,-1
2016-05-23,1.0638103879672989,1.0691178652809101,1.0694033815863955,1.0696172622627127,6.803818861400579e-05,-6.905496509612696e-05,0.00013709315371013275,-0.018510386618529995,-1
2016-05-24,1.0630421015484226,1.0683457457891623,1.0701873565406905,1.0704013940119987,-0.0007222024033289864,0.000733095637992065,-0.0014552980413210514,-0.019219220776156454,-1
2016-05-25,1.0631775884872385,1.0686926400535708,1.0698351359090508,1.0700491029362325,0.0001274520911433985,-0.0003291205315472112,0.0004565726226906097,-0.01909421821489099,0
2016-05-26,1.0631775884872385,1.0686926400535708,1.069481968447756,1.0696958648414454,0.0,-0.0003301139114250118,0.0003301139114250118,-0.01909421821489099,0
2016-05-27,1.0631775884872385,1.0686926400535708,1.0692831342202174,1.0694969908470613,0.0,-0.0001859163907429462,0.0001859163907429462,-0.01909421821489099,0
2016-05-30,1.0631775884872385,1.0686926400535708,1.0679301146432991,1.0681437006662278,0.0,-0.0012653520228811388,0.0012653520228811388,-0.01909421821489099,0
2016-05-31,1.0631775884872385,1.0686926400535708,1.0683400918838908,1.0685537599022676,0.0,0.0003838989414850502,-0.0003838989414850502,-0.01909421821489099,0
2016-06-01,1.0631775884872385,1.0686926400535708,1.0677682067723036,1.0679817604136579,0.0,-0.0005353024902199355,0.0005353024902199355,-0.01909421821489099,0
2016-06-02,1.0631775884872385,1.0686926400535708,1.0662712690878338,1.0664845233416513,0.0,-0.0014019313133463163,0.0014019313133463163,-0.01909421821489099,0
2016-06-03,1.0631775884872385,1.0686926400535708,1.0653547379818462,1.0655678089294425,0.0,-0.0008595665404842467,0.0008595665404842467,-0.01909421821489099,0
2016-06-06,1.0631775884872385,1.0686926400535708,1.0668583034739005,1.0670716751345952,0.0,0.0014113284884831323,-0.0014113284884831323,-0.01909421821489099,0
2016-06-07,1.0631775884872385,1.0686926400535708,1.0665127106498449,1.066726013191975,0.0,-0.00032393507453643,0.00032393507453643,-0.01909421821489099,0
2016-06-08,1.0631775884872385,1.0686926400535708,1.0670959577172918,1.0673093769088353,0.0,0.0005468730579794023,-0.0005468730579794023,-0.01909421821489099,0
2016-06-12,1.0631775884872385,1.0686926400535708,1.0669785508400784,1.0671919465502464,0.0,-0.00011002466682052958,0.00011002466682052958,-0.01909421821489099,0
2016-06-13,1.0631775884872385,1.0686926400535708,1.0667304814704825,1.0669438275667766,0.0,-0.00023249705385408603,0.00023249705385408603,-0.01909421821489099,0
2016-06-14,1.0631775884872385,1.0686926400535708,1.0677890370247123,1.0680025948321172,0.0,0.0009923364641934995,-0.0009923364641934995,-0.01909421821489099,0
2016-06-15,1.0631775884872385,1.0686926400535708,1.0693172200877952,1.0695310835318128,0.0,0.0014311657172854098,-0.0014311657172854098,-0.01909421821489099,0
2016-06-16,1.0631775884872385,1.0686926400535708,1.0697556022180352,1.0699695533384788,0.0,0.00040996452877095635,-0.00040996452877095635,-0.01909421821489099,0
2016-06-17,1.0631775884872385,1.0686926400535708,1.0692641976271182,1.0694780504666437,0.0,-0.00045936154940262597,0.00045936154940262597,-0.01909421821489099,0
2016-06-20,1.0631775884872385,1.0686926400535708,1.0697461339214858,1.06996008314827,0.0,0.0004507176948755909,-0.0004507176948755909,-0.01909421821489099,0
2016-06-21,1.0631775884872385,1.0686926400535708,1.0691875044250678,1.0694013419259527,0.0,-0.0005222075394375469,0.0005222075394375469,-0.01909421821489099,0
2016-06-22,1.0631775884872385,1.0686926400535708,1.0700008310986664,1.070214831264886,0.0,0.0007606960147144015,-0.0007606960147144015,-0.01909421821489099,0
2016-06-23,1.0631775884872385,1.0686926400535708,1.0702214424082686,1.0704354866967503,0.0,0.00020617863387606405,-0.00020617863387606405,-0.01909421821489099,0
2016-06-24,1.0631775884872385,1.0686926400535708,1.071285678940428,1.071499936076216,0.0,0.0009944077832757525,-0.0009944077832757525,-0.01909421821489099,0
2016-06-27,1.0631775884872385,1.0686926400535708,1.0753049708256741,1.0755200318198392,0.0,0.0037518394619271422,-0.0037518394619271422,-0.01909421821489099,0
2016-06-28,1.0631775884872385,1.0686926400535708,1.0755047518828678,1.0757198528332443,0.0,0.00018579013639286046,-0.00018579013639286046,-0.01909421821489099,0
2016-06-29,1.0631775884872385,1.0686926400535708,1.0759535491393122,1.07616873984914,0.0,0.0004172898870589137,-0.0004172898870589137,-0.01909421821489099,0
2016-06-30,1.0631775884872385,1.0686926400535708,1.0751676805257069,1.075382714061812,0.0,-0.0007303926960731122,0.0007303926960731122,-0.01909421821489099,0
2016-07-01,1.0631775884872385,1.0686926400535708,1.0779428382443537,1.0781584268120026,0.0,0.002581139452861869,-0.002581139452861869,-0.01909421821489099,0
2016-07-04,1.0631775884872385,1.0686926400535708,1.0781217890491386,1.0783374134069483,0.0,0.00016601140472016773,-0.00016601140472016773,-0.01909421821489099,0
2016-07-05,1.0631775884872385,1.0686926400535708,1.0771437140155793,1.0773591427583824,0.0,-0.0009072027330251364,0.0009072027330251364,-0.01909421821489099,0
2016-07-06,1.0631775884872385,1.0686926400535708,1.0773368672651884,1.0775523346386413,0.0,0.00017931985035590792,-0.00017931985035590792,-0.01909421821489099,0
2016-07-07,1.0631775884872385,1.0686926400535708,1.0777913454995622,1.0780069037686622,0.0,0.0004218534129696305,-0.0004218534129696305,-0.01909421821489099,0
2016-07-08,1.0631775884872385,1.0686926400535708,1.078023318765024,1.078238923428777,0.0,0.00021523021726843616,-0.00021523021726843616,-0.01909421821489099,0
2016-07-11,1.0631775884872385,1.0686926400535708,1.0781000119670745,1.078315631969468,0.0,7.114243329930936e-05,-7.114243329930936e-05,-0.01909421821489099,0
2016-07-12,1.0631775884872385,1.0686926400535708,1.077448593164472,1.0776640828831048,0.0,-0.0006042285459342267,0.0006042285459342267,-0.01909421821489099,0
2016-07-13,1.0631775884872385,1.0686926400535708,1.077250705766588,1.0774661559077414,0.0,-0.00018366296001426363,0.00018366296001426363,-0.01909421821489099,0
2016-07-14,1.0631775884872385,1.0686926400535708,1.0772459716183134,1.077461420812637,0.0,-4.394657853956652e-06,4.394657853956652e-06,-0.01909421821489099,0
2016-07-15,1.0631775884872385,1.0686926400535708,1.077465636098261,1.0776811292254806,0.0,0.0002039130205497841,-0.0002039130205497841,-0.01909421821489099,0
2016-07-18,1.0629649954881408,1.0686926400535708,1.0774220819341334,1.0776375663505202,-0.00019996000799848979,-4.0422787204064115e-05,-0.00015953722079442567,-0.01929036014286256,-1
2016-07-19,1.0629351034917758,1.0686625869881854,1.0774523804830916,1.0776678709591883,-2.812133653684601e-05,2.8121336536734987e-05,-5.6242673073580995e-05,-0.019317939008689944,-1
2016-07-20,1.062293359694815,1.0680173852406931,1.0781028524560397,1.078318473026531,-0.000603746921945314,0.0006037129665594776,-0.0012074598885047916,-0.019910022784420445,-1
2016-07-21,1.0607165568865622,1.066432086041615,1.0797011009135884,1.079917041133771,-0.00148433838342521,0.0014824638056636363,-0.0029668021890888463,-0.02136480795681195,-1
2016-07-22,1.0602476261935865,1.0659606285783818,1.0801764094003714,1.0803924446822515,-0.00044208859561134517,0.0004402222859463123,-0.0008823108815576575,-0.021797451414478086,-1
2016-07-25,1.0611938947035153,1.0669119959294875,1.0792172709599113,1.0794331144141032,0.0008924976454096623,-0.0008879461096475971,0.0017804437550572594,-0.020924407943131884,-1
2016-07-26,1.0607193592612214,1.0664349035164948,1.0796982604246237,1.0799142000767086,-0.0004471712894904556,0.0004456836242849871,-0.0008928549137754427,-0.021362222438140566,-1
2016-07-27,1.0614675932952324,1.0671871693094224,1.0789398498710119,1.0791556378409861,0.0007054024492700872,-0.0007024282444555441,0.0014078306937256313,-0.020671888952900286,-1
2016-07-28,1.0608884358656607,1.0666048911675807,1.0795268842570784,1.0797427896339298,-0.0005456195113539009,0.0005440844419053459,-0.0010897039532592467,-0.02120622947830486,-1
2016-07-29,1.060729634634972,1.066445234257721,1.0796878452984193,1.079903782867479,-0.0001496870220469848,0.00014910331895223727,-0.0002987903409992221,-0.02135274220301242,-1
2016-08-01,1.0601373994569907,1.0658498078997733,1.080288135299655,1.080504192926715,-0.0005583281155193687,0.0005559847726819278,-0.0011143128882012965,-0.021899148482216302,-1
2016-08-02,1.0598123239965214,1.0655229808137074,1.0806176320195762,1.0808337555459802,-0.00030663521599727517,0.0003050081817568273,-0.0006116433977541025,-0.022199068648088627,-1
2016-08-03,1.0601738303275605,1.0658864350732118,1.0802512089431122,1.0804672591849007,0.00034110410197518704,-0.00033908670893989523,0.0006801908109150823,-0.021865536739489322,-1
2016-08-04,1.0597506717540186,1.06546099636635,1.0806801227768028,1.0808962588013582,-0.00039914074601443694,0.0003970500844059366,-0.0007961908304203735,-0.0222559500588575,-1
2016-08-05,1.057932864725073,1.0636333943276022,1.0825226532853278,1.0827391578159848,-0.0017153157600144908,0.0017049730717639822,-0.003420288831778473,-0.023933089836981947,-1
2016-08-08,1.0581000730797396,1.0638015036621016,1.0823531707770924,1.0825696414112478,0.00015805195229479096,-0.0001565625511125157,0.0003146145034073067,-0.02377882055626035,-1
2016-08-09,1.0567483943691105,1.0624425416117067,1.0837232332877995,1.083939977934457,-0.0012774582905895615,0.0012658183555036562,-0.0025432766460932177,-0.02502590239538982,-1
2016-08-10,1.0563317746697736,1.0620236770128981,1.0841455193139053,1.084362348417768,-0.00039424682503130803,0.0003896622432137953,-0.0007839090682451033,-0.025410282837858178,-1
2016-08-11,1.0553275904168873,1.0610140818476084,1.0851633611929723,1.085380393865211,-0.000950633387128974,0.0009388424901770609,-0.001889475877306035,-0.02633676036174515,-1
2016-08-12,1.0542066405532007,1.0598870918956569,1.0862995567789075,1.0865168166902632,-0.0010621818986499276,0.0010470272279430315,-0.002109209126592959,-0.0273709678302696,-1
2016-08-15,1.0524990602608508,1.0581703105355176,1.0880303613881488,1.0882479674604264,-0.0016197775907138556,0.001593303245352784,-0.0032130808360666396,-0.028946410540655942,-1
2016-08-16,1.0515929591210371,1.0572593269910235,1.0889487861534466,1.0891665759106772,-0.0008609044644554142,0.0008441168536197363,-0.0017050213180751506,-0.02978239491104695,-1
2016-08-17,1.0523393249052755,1.0580097144673646,1.0881922692591448,1.0884099077129965,0.0007097477952517917,-0.0006947221980696527,0.0014044699933214444,-0.029093785104920666,-1
2016-08-18,1.053555555507376,1.059232498565232,1.0869594970484047,1.0871768889478144,0.0011557399531847423,-0.0011328624964220824,0.0022886024496068247,-0.02797167000157108,-1
2016-08-19,1.0539002475904593,1.0595790479754568,1.0866101169057298,1.086827438929111,0.0003271702961287204,-0.00032142885141861477,0.0006485991475473352,-0.027653651205000074,-1
2016-08-22,1.0545560032607162,1.0602383370973485,1.0859454424879575,1.0861626315764552,0.0006222179677404238,-0.0006116954070564118,0.0012339133747968356,-0.02704863983591299,-1
2016-08-23,1.0559403763423696,1.0616301696880084,1.0845422409393277,1.0847591493875155,0.0013127544458264584,-0.0012921473710640896,0.002604901816890548,-0.025771393612284754,-1
2016-08-24,1.0578207697387043,1.063520695332407,1.0826362728439214,1.08285280009849,0.00178077611053018,-0.001757394063098494,0.003538170173628674,-0.02403651058383438,-1
2016-08-25,1.0571379244467418,1.06283417062001,1.0833284053216867,1.083545071002751,-0.0006455207833848675,0.0006393028712654569,-0.0012848236546503244,-0.024666515300077352,-1
2016-08-26,1.0574443174094827,1.06314221454021,1.0830178451948644,1.0832344487639034,0.0002898325333482443,-0.0002866721903502789,0.0005765047236985232,-0.02438383192534732,-1
2016-08-29,1.0570996253263991,1.0627956651299848,1.0833672253375397,1.0835838987826072,-0.00032596712413945905,0.0003225986942185788,-0.0006485658183580378,-0.02470185072191866,-1
2016-08-30,1.0587212661291996,1.0644260439271414,1.0817235290565532,1.0819398737623644,0.0015340472779941106,-0.0015172106397018936,0.003051257917696004,-0.023205697250786028,-1
2016-08-31,1.0596964925106072,1.065406525185339,1.0807350388967896,1.0809511859045688,0.0009211361031531418,-0.0009138103528411046,0.0018349464559942463,-0.022305936753169386,-1
2016-09-01,1.0597161091332217,1.0654262475094982,1.0807151554740357,1.0809312985051305,1.851154812082534e-05,-1.8398055062762708e-05,3.690960318358805e-05,-0.02228783812247026,-1
2016-09-02,1.059718911507881,1.065429064984378,1.080712314985071,1.080928457448068,2.6444579213080743e-06,-2.6283419366501803e-06,5.272799857958255e-06,-0.02228525260379899,-1
2016-09-05,1.060267242816201,1.065980350902541,1.0801565259776176,1.0803725572828131,0.0005174308982933695,-0.0005142802573330219,0.0010317111556263914,-0.02177935278377896,-1
2016-09-06,1.06066518001781,1.0663804323354837,1.0797531765446104,1.0799691271799194,0.00037531783076882874,-0.00037341757727382685,0.0007487354080426556,-0.021412209132452564,-1
2016-09-07,1.0606763895164468,1.0663917022350033,1.079741814588751,1.0799577629516688,1.0568366764607262e-05,-1.052273436774609e-05,2.109110113235335e-05,-0.021401867057767254,-1
2016-09-08,1.0610322910981673,1.0667495215447478,1.0793810724902169,1.0795969487047148,0.00033554209864394835,-0.00033410033182001975,0.0006696424304639681,-0.021073506186510715,-1
2016-09-09,1.0607567242566776,1.0664724698482264,1.0796603872384256,1.0798763193158734,-0.00025971579168859726,0.0002587730647938269,-0.0005184888564824242,-0.021327748855856532,-1
2016-09-12,1.0617160705150164,1.0674369854154382,1.0786879931827964,1.0789037307814329,0.0009043979985241535,-0.0009006480807510764,0.0018050460792752299,-0.02044263963071058,-1
2016-09-13,1.0615180360390983,1.06723788385726,1.0788887210696447,1.0791044988138587,-0.0001865230087568781,0.00018608521473950645,-0.00037260822349638456,-0.020625349616816613,-1
2016-09-14,1.0610182792248712,1.0667354341703483,1.079395274935041,1.079611153990028,-0.00047079446345710263,0.0004695144693829256,-0.0009403089328400283,-0.021086433779867297,-1
2016-09-18,1.0601644890786963,1.065877043490279,1.0802606772396615,1.0804767293751094,-0.0008046893846151981,0.0008017473530930186,-0.0016064367377082167,-0.021874155135060414,-1
2016-09-19,1.06018690807597,1.0658995832893179,1.080237953327943,1.0804540009186085,2.1146715915021375e-05,-2.103558168631281e-05,4.2182297601334184e-05,-0.021853470985689905,-1
2016-09-20,1.0593611416763875,1.065069367358047,1.0810749507429152,1.0812911657330637,-0.0007788875652889882,0.0007748268910507949,-0.0015537144563397831,-0.022615337154169746,-1
2016-09-21,1.0594554882899143,1.0651642223456694,1.0809793209477656,1.0811955168119551,8.905991527830004e-05,-8.845806212032237e-05,0.0001775179773986224,-0.02252829135890244,-1
2016-09-22,1.0593041600583166,1.065012078702156,1.081132707351867,1.0813489338933373,-0.00014283585603203086,0.00014189578017731463,-0.0002847316362093455,-0.02266790936715324,-1
2016-09-23,1.0596535227658326,1.0653633239038476,1.080778593060917,1.0809947487795293,0.00032980396064585804,-0.0003275400776814319,0.0006573440383272899,-0.022345581372796186,-1
2016-09-26,1.0586726916351064,1.0643772076958902,1.0817727641986103,1.08198911875145,-0.0009256149388964241,0.0009198656820890161,-0.0018454806209854402,-0.023250512907755483,-1
2016-09-27,1.0591855261977432,1.064892805598908,1.0812529547180452,1.0814692053089887,0.00048441276202626504,-0.00048051633186596554,0.0009649290938922306,-0.02277736299090538,-1
2016-09-28,1.0589164982304582,1.0646223280104397,1.0815256416586696,1.0817419467870013,-0.0002539951317601652,0.0002521953252794251,-0.0005061904570395903,-0.02302557278335149,-1
2016-09-29,1.0595152722826444,1.0652243284764402,1.0809187238498492,1.081134907594619,0.0005654591775525741,-0.000561168210389873,0.001126627387942447,-0.022473133627247677,-1
2016-09-30,1.05857554264692,1.0642795352333876,1.0818712344827248,1.0820876087296214,-0.0008869429826148245,0.0008812046751147662,-0.0017681476577295907,-0.023340144221694392,-1
2016-10-08,1.0583961906687303,1.0640992168410754,1.0820530257764747,1.0822694363816299,-0.00016942766100702666,0.0001680341319332257,-0.00033746179294025236,-0.023505617416658353,-1
2016-10-09,1.0565578328922838,1.0622509533198752,1.0839163865374082,1.0841331698147156,-0.0017369278089379714,0.0017220604873744438,-0.0034589882963124152,-0.02520171766503898,-1
2016-10-10,1.0558254789813417,1.0615146532179334,1.084658700986886,1.0848756327270834,-0.0006931508036216449,0.0006848447525082957,-0.0013779955561299406,-0.02587739987780846,-1
2016-10-11,1.055892735973163,1.0615822726150506,1.08459052925173,1.0848074473575802,6.370086075779824e-05,-6.285086275892304e-05,0.00012655172351672128,-0.025815347429697044,-1
2016-10-12,1.0564093070353453,1.0621016271512416,1.084066932452545,1.0842837458390353,0.0004892268358169805,-0.0004827598850104531,0.0009719867208274335,-0.025338750154618506,-1
2016-10-13,1.0559282327188464,1.0616179606301956,1.0845545497248419,1.084771460634787,-0.00045538629136931963,0.00044980365851921,-0.0009051899498885296,-0.025782597526527007,-1
2016-10-14,1.0552145613056323,1.06090044369412,1.0852779275812205,1.0854949831667369,-0.0006758711350831614,0.0006669815331670215,-0.001342852668250183,-0.026441042948154636,-1
2016-10-17,1.0555274931425782,1.061215061722373,1.0849607396468137,1.085177731794743,0.00029655754234347853,-0.00029226424526462846,0.000588821787608107,-0.026152326696524786,-1
2016-10-18,1.0550959274450586,1.0607811705908716,1.0853981749473989,1.0856152545823883,-0.0004088625832328052,0.0004031807646123209,-0.0008120433478451261,-0.02655049657190689,-1
2016-10-19,1.0539572292085302,1.0596363366313477,1.0865523602967782,1.0867696707688375,-0.0010792366901517525,0.001063375059972893,-0.0021426117501246456,-0.02760107899201658,-1
2016-10-20,1.0525784608761954,1.0582501389904475,1.0879498808674786,1.088167470843652,-0.0013081824329532754,0.0012861971698434616,-0.002594379602796737,-0.02887315417830194,-1
2016-10-21,1.050772797470773,1.0564347460095123,1.0897801025904894,1.0899980586110074,-0.0017154668013246166,0.0016822665778974955,-0.003397733379222112,-0.030539090042184136,-1
2016-10-24,1.050158143295518,1.0558167798525258,1.0904031165034436,1.0906211971267443,-0.0005849544037821452,0.0005716877299128953,-0.0011566421336950405,-0.031106180470758527,-1
2016-10-25,1.0506336128626985,1.0562948114238118,1.0899211802090762,1.090139164445118,0.00045275996783522565,-0.0004419799311585759,0.0008947398989938016,-0.03066750413619268,-1
2016-10-26,1.0522038767967468,1.057873536514837,1.0883295595591118,1.0885472254710236,0.0014945875658496366,-0.0014603080285668923,0.002954895594416529,-0.029218751840700663,-1
2016-10-27,1.053905852339778,1.0595846829252167,1.0866044359278,1.0868217568149856,0.001617533997510634,-0.0015851114362920304,0.0032026454338026644,-0.027648480167657197,-1
2016-10-28,1.052998817075078,1.0586727602224293,1.0875238075227527,1.0877413122842572,-0.0008606416433558639,0.0008460959338598695,-0.0017067375772157334,-0.028485326377605258,-1
2016-10-31,1.054686780744813,1.0603698192584095,1.085812886336265,1.0860300489135324,0.0016030062354901453,-0.001573226420104712,0.0031762326555948572,-0.026927982297918374,-1
2016-11-01,1.054797007481409,1.060480639937018,1.0857011604369815,1.085918300669069,0.00010451134745248503,-0.00010289608890212687,0.0002074074363546119,-0.026826285230179936,-1
2016-11-02,1.0552080224314275,1.0608938695860668,1.0852845553888053,1.085501612299883,0.00038966260531947405,-0.0003837198147679244,0.0007733824200873984,-0.026447075825054234,-1
2016-11-03,1.0552687405490437,1.060954914875131,1.0852230114612338,1.085440056063526,5.7541372246561195e-05,-5.6707641572839584e-05,0.00011424901381940078,-0.026391056253842637,-1
2016-11-04,1.055229507303815,1.0609154702268127,1.0852627783067417,1.085479830862403,-3.7178439691532006e-05,3.664393870006499e-05,-7.3822378391597e-05,-0.02642725351524078,-1
2016-11-07,1.055732066492701,1.0614207373886042,1.0847533839523806,1.084970334629171,0.00047625581487964475,-0.0004693742055318362,0.0009456300204114809,-0.025963583833519044,-1
2016-11-08,1.0568847766025258,1.0625796587225276,1.0835849961581772,1.0838017131574087,0.001091858575115845,-0.0010770999302591733,0.0021689585053750182,-0.02490007382005255,-1
2016-11-09,1.0573714556683431,1.0630689601933332,1.0830916979079503,1.0833083162475319,0.0004604845074804853,-0.0004552464753349028,0.0009157309828153881,-0.024451055410801503,-1
2016-11-10,1.058497076156462,1.064200645936751,1.0819507681737404,1.082167158327375,0.001064545938028516,-0.0010534008675476825,0.0021179468055761985,-0.023412538744491118,-1
2016-11-11,1.0596451156418547,1.065354871479208,1.0807871145278116,1.0810032719507172,0.0010845939126835624,-0.0010755144135559114,0.002160108326239474,-0.022353337928810335,-1
2016-11-14,1.0623596825617498,1.068084065479517,1.0780356275505383,1.0782512346760484,0.002561769860327967,-0.002545817710341125,0.005107587570669092,-0.01984883217586597,-1
2016-11-15,1.0631723712129229,1.0689011331946818,1.0772118857507353,1.0774273281278854,0.0007649844629018521,-0.0007641137071457971,0.0015290981700476491,-0.019099031761185437,-1
2016-11-16,1.0643914041896825,1.070126734767429,1.0759762730510307,1.0761914683056408,0.0011465995635016046,-0.0011470470350811723,0.002293646598582777,-0.01797433113916458,-1
2016-11-17,1.0656029641673506,1.0713448230738298,1.0747482349885658,1.0749631846355634,0.0011382654659735092,-0.00114132448198212,0.002279589947955629,-0.016856525233600927,-1
2016-11-18,1.0659308420024791,1.0716744676347756,1.0744158977796796,1.0746307809592355,0.0003076923076923421,-0.0003092233120900456,0.0006169156197823877,-0.01655401954905722,-1
2016-11-21,1.0670994322353726,1.0728493546596851,1.0732314138813421,1.0734460601641185,0.001096309616764879,-0.001102444501040245,0.002198754117805124,-0.015475858263120146,-1
2016-11-22,1.0661662414738533,1.0719111355246855,1.0741772967066334,1.0743921321659746,-0.0008745115340980103,0.0008813409792678417,-0.001755852513365852,-0.01633683598066704,-1
2016-11-23,1.0644661341805948,1.0702018674308924,1.0759005266786352,1.0761157067839708,-0.0015945986912024868,0.0016042323527829527,-0.0031988310439854395,-0.01790538397459651,-1
2016-11-24,1.0642531537064943,1.0699877393400217,1.0761164038399629,1.0763316271207308,-0.00020008196340071116,0.00020064788144869006,-0.0004007298448494012,-0.01810188339361618,-1
2016-11-25,1.0664726344365942,1.0722191794448854,1.0738667365798111,1.074081509927127,0.002085481938550071,-0.002090542670034723,0.004176024608584794,-0.016054152605937122,-1
2016-11-28,1.0654675160588218,1.0712086451213023,1.074885525288533,1.0751005023935907,-0.0009424699193555375,0.0009487105559919939,-0.0018911804753475314,-0.016981491969380813,-1
2016-11-29,1.0689172392643183,1.0746769566984329,1.0713888833728173,1.0716031611494918,0.003237755401738651,-0.00325303656384901,0.006490791965587661,-0.013798718484995698,-1
2016-11-30,1.0717560447941052,1.07753105875175,1.0685114680514363,1.0687251703450464,0.002655776729488135,-0.0026856871170090058,0.005341463846497141,-0.011179588070956759,-1
2016-12-01,1.074216529744898,1.0800048016962833,1.0660175187403083,1.0662307222440564,0.0022957509432712797,-0.0023340407526706297,0.004629791695941909,-0.008909502677544756,-1
2016-12-02,1.0747798070514005,1.0805711141471388,1.0654465804583757,1.0656596697744674,0.0005243610491045825,-0.000535580580896311,0.0010599416300008935,-0.008389813424611092,-1
2016-12-05,1.0775989959585732,1.0834054938762967,1.0625890485597487,1.0628015663694605,0.0026230385876964135,-0.002682003913699438,0.005305042501395851,-0.005788781641271057,-1
2016-12-06,1.083904338941812,1.0897448123560236,1.0561979483888628,1.0564091879785407,0.005851288843889302,-0.006014649011815476,0.011865937855704778,0.0,-1
2016-12-07,1.0819090481844493,1.08773877024155,1.0582203765318277,1.058432020607134,-0.0018408365809390315,0.0019148192306659428,-0.0037556558116049743,-0.0018408365809390315,-1
2016-12-08,1.0806143510918909,1.086437096847046,1.0595326824335827,1.0597445889700694,-0.0011966783111122536,0.0012401064379954363,-0.00243678474910769,-0.0030353120028405733,-1
2016-12-09,1.0810113541686133,1.0868362391216957,1.0591302798302307,1.0593421058861967,0.0003673864559741169,-0.00037979253497655296,0.0007471789909506699,-0.0026690406793860033,-1
2016-12-12,1.0850617196760686,1.0909084294814135,1.0550248264463846,1.0552358314116739,0.003746829755151282,-0.0038762496569393345,0.0076230794120906165,0.0,-1
2016-12-13,1.0876044076168652,1.0934648183557565,1.0524475561256215,1.0526580456368466,0.0023433578889462403,-0.0024428527710045334,0.004786210659950774,0.0,-1
2016-12-14,1.088646890990094,1.0945129190110714,1.0513908942307018,1.051601172409548,0.0009585133766725207,-0.0010040043218966233,0.001962517698569144,0.0,-1
2016-12-15,1.098114246713816,1.1040312883135945,1.0417947756778234,1.042003134632959,0.008696443081844363,-0.009127070250974367,0.01782351333281873,0.0,-1
2016-12-16,1.095583702396543,1.101487108497064,1.0443597372130724,1.044568609160515,-0.0023044453934060183,0.0024620602782157164,-0.004766505671621735,-0.0023044453934060183,-1
2016-12-19,1.0988587442482813,1.1047797974733489,1.0410401524428317,1.0412483604733203,0.002989312313221193,-0.0031785836354618624,0.006167895948683055,0.0,-1
2016-12-20,1.1003897749371006,1.1063190779160559,1.0394882986383749,1.0396961962981026,0.0013932916280940955,-0.0014906762249422556,0.002883967853036351,0.0,-1
2016-12-21,1.0957462401267775,1.1016505220400972,1.044194988853112,1.0444038278508825,-0.004219899999151178,0.004527891483629309,-0.008747791482780487,-0.004219899999151178,-1
2016-12-22,1.0897613019795758,1.0956333348549696,1.0502613264523513,1.0504713787176416,-0.005461974614222043,0.005809583137247554,-0.011271557751469596,-0.009658825626703282,-1
2016-12-23,1.087599736992433,1.0934601225642901,1.0524522902738964,1.052662780731951,-0.0019835215135792783,0.00208611301431616,-0.004069634527895438,-0.011623188651856187,-1
2016-12-26,1.0840014879299982,1.089842484818526,1.0560994781047484,1.0563106980003694,-0.0033084313466139603,0.0034654186841123202,-0.0067738500307262806,-0.014893165476786763,-1
2016-12-27,1.0860743110529323,1.0919264770713428,1.053998463100423,1.0542092627930433,0.001912195828155605,-0.001989410134067726,0.0039016059622233312,-0.01300944829752404,-1
2016-12-28,1.0839006024422662,1.0897410557228504,1.0562017357074827,1.0564129760546241,-0.0020014363552699477,0.002090394515926075,-0.004091830871196023,-0.014984847070009244,-1
2016-12-29,1.0790889251523903,1.0849034513540987,1.0610788552601098,1.0612910710311618,-0.004439223743426424,0.004617602289169076,-0.0090568260325955,-0.019357549724530854,-1
2016-12-30,1.0769619227860443,1.082764987920271,1.0632347863844218,1.0634474333416988,-0.0019711094394242457,0.0020318293156293965,-0.004002938755053642,-0.021290503314968956,-1
2016-12-31,1.077000221906387,1.0828034934102961,1.063195966368569,1.0634086055618428,3.556218612033035e-05,-3.651123566483783e-05,7.207342178516818e-05,-0.02125569826568996,-1
2017-01-03,1.0819669639274065,1.0877969980557343,1.0581616730932208,1.0583733054278395,0.0046116443803772,-0.004735056785950098,0.009346701166327298,-0.016742077606770822,-1
2017-01-04,1.0859071026982658,1.0917583677368434,1.0541679456086586,1.0543787791977803,0.0036416442481359557,-0.003774212945067079,0.007415857193203035,-0.013161402049253423,-1
2017-01-05,1.089340011655807,1.0952097744646947,1.0506883466267318,1.0508984842960571,0.0031613283944924575,-0.003300801353732785,0.006462129748225243,-0.010041681168770578,-1
2017-01-06,1.0885404007530437,1.0944058549656361,1.0514988328113655,1.0517091325779278,-0.0007340324363445117,0.0007713859083293695,-0.0015054183446738811,-0.010768342685421817,-1
2017-01-09,1.086510547374884,1.0923650639943105,1.0535562936515634,1.0537670049102936,-0.0018647478557116681,0.0019566934132462244,-0.0038214412689578925,-0.012613010297201188,-1
2017-01-10,1.0863339977713533,1.0921875630768783,1.0537352444563481,1.0539459915052394,-0.00016249230525855474,0.00016985405133351783,-0.00033234635659207257,-0.01277345308534028,-1
2017-01-11,1.0885011675078147,1.0943664103173179,1.0515385996568734,1.0517489073768047,0.0019949387029287724,-0.0020846268652692235,0.004079565568197996,-0.010803996638341529,-1
2017-01-12,1.0870925071791147,1.092950159611032,1.052966418776532,1.0531770120602872,-0.0012941284499723427,0.0013578380480987473,-0.00265196649807109,-0.01208414332889085,-1
2017-01-13,1.0872550449093492,1.093113573154065,1.0528016704165712,1.0530122307506546,0.00014951600637580498,-0.0001564611720021869,0.0003059771783779919,-0.011936434095366044,-1
2017-01-16,1.089283030037736,1.0951524858088038,1.0507461032356835,1.0509562524563307,0.0018652340477811613,-0.0019524733277392903,0.0038177073755204516,-0.010093464290868548,-1
2017-01-17,1.091043855448611,1.0969227991916608,1.0489613293361102,1.0491711216019775,0.001616499442586461,-0.0016985777002429536,0.0033150771428294146,-0.008493280927681979,-1
2017-01-18,1.0915996597560225,1.09748159837617,1.0483979656914173,1.0486076452845556,0.0005094243504839557,-0.0005370680776664027,0.0010464924281503585,-0.007988183261318005,-1
2017-01-19,1.0928448482296012,1.0987334963811295,1.0471358417613743,1.0473452689297265,0.0011407006794570407,-0.001203859575605537,0.0023445602550625777,-0.006856594707934871,-1
2017-01-20,1.091562294760566,1.0974440320444383,1.0484358388776152,1.0486455260453906,-0.001173591540567509,0.0012414789604127119,-0.002415070500980221,-0.008022139406956064,-1
2017-01-22,1.091925669341378,1.0978093646205294,1.0480675221418412,1.0482771356462695,0.0003328940387150592,-0.0003513011689568746,0.0006841952076719338,-0.007691915890627454,-1
2017-01-23,1.0920209500797913,1.0979051587664452,1.0479709455170367,1.0481805397061401,8.725936305786774e-05,-9.214733093443339e-05,0.00017940669399230114,-0.007605327719250821,-1
2017-01-24,1.0944767644061522,1.100374205919512,1.0454817303541835,1.0456908267002543,0.002248871073564418,-0.0023752711594740017,0.00462414223303842,-0.005373560047199133,-1
2017-01-25,1.0981572164585907,1.104074489595086,1.0417512215136961,1.0419595717579988,0.003362750285919036,-0.0035682200197065805,0.006930970305625617,-0.0020288797018651605,-1
2017-01-26,1.098908252867261,1.1048295728628934,1.0409899704711194,1.0411981684652136,0.0006839060905070582,-0.0007307416846323855,0.0014146477751394437,-0.0013463611745432313,-1
2017-02-03,1.1023234134519604,1.1082631355831722,1.0375283612526367,1.0377358669248873,0.0031077759001161276,-0.0033253050621766533,0.006433080962292781,0.0,-1
2017-02-04,1.1016415022848842,1.1075775500290683,1.0382195469007474,1.0384271908101275,-0.000618612612917957,0.0006661848233970868,-0.0012847974363150438,-0.000618612612917957,-1
2017-02-06,1.1051790332297027,1.1111341424857684,1.0346339029974665,1.034840829778066,0.003211145311320829,-0.003453647076848587,0.006664792388169416,0.0,-1
2017-02-07,1.1055999375730687,1.1117624393839813,1.0340004739583077,1.0342072740530994,0.00038084720277042905,-0.0006122252879241508,0.0009930724906945798,0.0,0
2017-02-08,1.1055999375730687,1.1117624393839813,1.0358496322744175,1.0360568022008723,0.0,0.0017883534511651256,-0.0017883534511651256,0.0,0
2017-02-09,1.1055999375730687,1.1117624393839813,1.0387062173433894,1.038913958586858,0.0,0.0027577217580312396,-0.0027577217580312396,0.0,0
2017-02-10,1.1055999375730687,1.1117624393839813,1.0366402350362973,1.0368475630833045,0.0,-0.0019889958032369703,0.0019889958032369703,0.0,0
2017-02-13,1.1055999375730687,1.1117624393839813,1.0370426376396495,1.0372500461671774,0.0,0.0003881796111628866,-0.0003881796111628866,0.0,0
2017-02-14,1.1055999375730687,1.1117624393839813,1.0376912159532876,1.0378987541964781,0.0,0.0006254114248516185,-0.0006254114248516185,0.0,0
2017-02-15,1.1055999375730687,1.1117624393839813,1.0379165614111647,1.0381241447234468,0.0,0.0002171604176779418,-0.0002171604176779418,0.0,0
2017-02-16,1.1053788618007085,1.1117624393839813,1.0402315599175076,1.0404396062294912,-0.00019996000799848979,0.002230428333463985,-0.002430388341462475,-0.00019996000799848979,-1
2017-02-17,1.1034511216810796,1.1098235665396012,1.0420456855363842,1.0422540946734915,-0.0017439632566236263,0.0017439632566238483,-0.0034879265132474746,-0.0019435745417153427,-1
2017-02-20,1.101770888904576,1.108133630396535,1.0436268910601443,1.0438356164383562,-0.0015227070266091713,0.001517405182620335,-0.0030401122092295063,-0.0034633220737131376,-1
2017-02-21,1.1027236915628686,1.1090919355028126,1.0427302433769103,1.0429387894255857,0.0008647920070206094,-0.0008591649859875927,0.0017239569930082022,-0.0026015251199397182,-1
2017-02-22,1.1021894379075852,1.108554596525586,1.0432330099236868,1.0434416565256714,-0.0004844855147043692,0.00048216357966968104,-0.0009666490943740502,-0.003084750233407263,-1
2017-02-23,1.1015847553335263,1.1079464219016444,1.0438020545463091,1.0440108149572185,-0.0005486194598333105,0.0005454626312715316,-0.0010940820911048421,-0.003631677339233863,-1
2017-02-24,1.1026281094588162,1.1089958014108419,1.04282019219413,1.0430287562325689,0.0009471392194184691,-0.0009406595320469169,0.001887798751465386,-0.0026879778238556584,-1
2017-02-27,1.1016883864568676,1.108050651496097,1.0437045310918498,1.0439132719980682,-0.0008522574328435617,0.000848026250680034,-0.0017002836835235957,-0.0035379444076195643,-1
2017-02-28,1.1016481413604242,1.108010173983688,1.0437424042780477,1.0439511527589032,-3.653038094808547e-05,3.628726815829708e-05,-7.281764910638255e-05,-0.003574345546110691,-1
2017-03-01,1.1023182222162036,1.1086841245652943,1.0431118157278536,1.043320438090999,0.0006082530624995641,-0.0006041610914814255,0.0012124141539809896,-0.0029682665902359684,-1
2017-03-02,1.102751863130379,1.1091202697614988,1.0427037321465717,1.0429122728930011,0.0003933899534960261,-0.000391217485152473,0.0007846074386484991,-0.002576044322995963,-1
2017-03-03,1.1031261425273007,1.1094967106269003,1.042351511514932,1.0425599818172349,0.00033940491005757245,-0.00033779550296098027,0.0006772004130185527,-0.0022375137350300056,-1
2017-03-06,1.1034772809937676,1.1098498769226668,1.0420210679653559,1.042229472178949,0.0003183121611662898,-0.00031701738417955205,0.0006353295453458419,-0.0019199138016963158,-1
2017-03-07,1.1034903606501116,1.1098630321141996,1.0420087591798415,1.0422171609316775,1.1853126991701046e-05,-1.1812415211975846e-05,2.3665542203676893e-05,-0.0019080834316868023,-1
2017-03-08,1.105094127743373,1.1114760609836891,1.0404995127098573,1.0407076126123993,0.0014533584981353265,-0.0014484009435506984,0.002901759441686025,-0.00045749806282191496,-1
2017-03-09,1.1057591779620968,1.112144951876244,1.039873658307938,1.0400816330395997,0.0006018041377904293,-0.0006014941807029883,0.0012032983184934176,0.0,-1
2017-03-10,1.1052631571484344,1.111646066535806,1.0403404453278264,1.040548513416892,-0.0004485794226700701,0.0004488882049844545,-0.0008974676276545246,-0.0004485794226700701,-1
2017-03-13,1.1051756240636705,1.1115580279463169,1.0404228195078067,1.0406309040717083,-7.919660055411004e-05,7.918002260720591e-05,-0.00015837662316131595,-0.0005277404972587885,-1
2017-03-14,1.103874701321144,1.1102495923577034,1.041647070251652,1.0418553996657023,-0.001177118563059687,0.0011766857866732927,-0.0023538043497329797,-0.0017042378471827657,-1
2017-03-15,1.103958209896264,1.1103335831959515,1.0415684833902916,1.0417767970869696,7.565041124668603e-05,-7.544480621579641e-05,0.00015109521746248245,-0.0016287163622299428,-1
2017-03-16,1.101013274964033,1.1073716412254397,1.0443398537903184,1.0445487217610765,-0.002667614503729987,0.002660766377075907,-0.005328380880805894,-0.004291986078569621,-1
2017-03-17,1.1012396536315259,1.1075993272327391,1.0441268171179556,1.0443356424813792,0.00020560938967828513,-0.00020399170977680736,0.0004096010994550925,-0.004087259161529522,-1
2017-03-20,1.1029641560141168,1.109333788639455,1.042503951089378,1.042712451879596,0.001565964662554764,-0.0015542805739412469,0.003120245236496011,-0.0025276950023884748,-1
2017-03-21,1.1048466204002474,1.1112271242823752,1.040732432804974,1.040940579291535,0.0017067321506925026,-0.0016992916741973563,0.003406023824889859,-0.0008252769500237678,-1
2017-03-22,1.1041040983708703,1.1104803141784334,1.0414311930903242,1.0416394793289423,-0.0006720589226295592,0.0006714120395641121,-0.0013434709621936713,-0.0014967812379154122,-1
2017-03-23,1.1034269746232135,1.1097992800321559,1.042068409448103,1.0422768231299926,-0.0006132789006543238,0.0006118660186160696,-0.0012251449192703934,-0.0021091421942176503,-1
2017-03-24,1.1003924943513967,1.1067472755965346,1.0449240476874202,1.0451330324969577,-0.002750050833996487,0.0027403558282987905,-0.005490406662295277,-0.004853392779963883,-1
2017-03-27,1.0996721071250635,1.1060227281244175,1.0456019777203616,1.0458110981159057,-0.0006546638858691001,0.0006487840283144752,-0.0013034479141835753,-0.0055048793248559935,-1
2017-03-28,1.1008462578137936,1.1072036595489434,1.0444970275130396,1.0447059269185421,0.001067727990118561,-0.0010567598673932865,0.0021244878575118475,-0.0044430290484747115,-1
2017-03-29,1.101756803120821,1.1081194632671918,1.0436401466753134,1.0438488747046484,0.0008271321272741439,-0.0008203765210960112,0.001647508648370155,-0.0036195718932690024,-1
2017-03-30,1.1022145910928625,1.1085798949708416,1.043209339182313,1.0434179810501494,0.00041550727959638323,-0.00041279313983155763,0.0008283004194279409,-0.003205568572143269,-1
2017-03-31,1.10239871240909,1.1087650795901118,1.0430360693554577,1.0432446765693288,0.00016704670552836198,-0.00016609305567671928,0.00033313976120508126,-0.0030390573462841797,-1
2017-04-01,1.1016370739589025,1.1079990426677757,1.043752819404252,1.0439615699681328,-0.000690891999069021,0.0006871766661311618,-0.0013780686652001828,-0.0037278496849478815,-1
2017-04-05,1.1029862908171606,1.1093560512712797,1.0424831208369694,1.0426916174611367,0.001224738064968589,-0.0012164743832810965,0.0024412124482496855,-0.0025076772593889407,-1
2017-04-06,1.1022920629035156,1.1086578141822285,1.0431364332988822,1.0433450605855419,-0.0006294075632895524,0.0006266887672849997,-0.001256096330574552,-0.0031355064716451775,-1
2017-04-07,1.1027448202385015,1.1091131861968273,1.0427103599541563,1.0429189020261471,0.0004107417173933037,-0.00040845409202938665,0.0008191958094226903,-0.0027260526375649796,-1
2017-04-10,1.1035426792754877,1.1099156528803311,1.0419595240377844,1.0421679159425918,0.0007235210017251248,-0.0007200809977614409,0.0014436019994865656,-0.0020045039921749996,-1
2017-04-11,1.1032549268359189,1.1096262386666083,1.0422303173190988,1.0424387633825625,-0.00026075334010433604,0.00025988848421398814,-0.0005206418243183242,-0.0022647346511680544,-1
2017-04-12,1.1036986290242052,1.110072503240915,1.0418127654412677,1.0420211279943559,0.00040217557836697004,-0.0004006330183381479,0.000802808596705118,-0.0018634698937693983,-1
2017-04-13,1.1046061559489992,1.1109852711457329,1.0409587250925063,1.0411669168375248,0.0008222597192100167,-0.0008197637589895113,0.001642023478199528,-0.0010427424307908328,-1
2017-04-14,1.1085401141263216,1.1149419479836902,1.0372566211416672,1.0374640724658954,0.0035614125053853307,-0.003556436832315435,0.007117849337700766,0.0,-1
2017-04-17,1.1131441531594233,1.1195725754032537,1.032923928640634,1.0331305134263622,0.004153245312850329,-0.00417706902296211,0.008330314335812439,0.0,-1
2017-04-18,1.1136200514248642,1.1200512219874874,1.0324760782138447,1.0326825734294873,0.00042752617806973703,-0.00043357542058175547,0.0008611015986514925,0.0,-1
2017-04-19,1.1135767879461878,1.120007708661648,1.0325167918890072,1.032723295247385,-3.884940704967921e-05,3.9433044524361804e-05,-7.828245157404101e-05,-3.884940704967921e-05,-1
2017-04-20,1.1155538283089599,1.1219961664587288,1.0306562716170382,1.0308624028713615,0.001775396527812445,-0.0018019273745322195,0.0035773239023446646,0.0,-1
2017-04-21,1.118793558572637,1.125254606207635,1.027607480128112,1.0278130016241378,0.002904145171181982,-0.0029581069585330466,0.005862252129715029,0.0,-1
2017-04-24,1.1207122435455665,1.1271843716117231,1.02580187597613,1.0260070363513252,0.0017149589021387968,-0.0017570951816708869,0.0034720540838096836,0.0,-1
2017-04-25,1.1178015169453124,1.1242568355267588,1.0285410541678888,1.0287467623787223,-0.002597211386792364,0.002670279959424038,-0.005267491346216402,-0.002597211386792364,-1
2017-04-26,1.1176294691580175,1.1240837941612112,1.0287029620388846,1.0289087026312924,-0.00015391622277005634,0.00015741507870759008,-0.00031133130147764643,-0.0027507278565960247,-1
2017-04-27,1.1175409299458425,1.123994743633912,1.02878628304852,1.0289920403051296,-7.92205418864711e-05,8.099617937351589e-05,-0.00016021672125998698,-0.0028297304843311055,-1
2017-04-28,1.1182995500137969,1.1247577447428172,1.0280723734886905,1.0282779879633883,0.0006788297838820068,-0.0006939337854641181,0.0013727635693461249,-0.00215282160578234,-1
2017-05-02,1.1199546296050233,1.126422382440628,1.0265148387063043,1.0267201416740455,0.0014799966531382491,-0.001515004996292979,0.002995001649431228,-0.0006760111214153541,-1
2017-05-03,1.1225293096499767,1.129011931296979,1.0240919016192973,1.0242967199996211,0.00229891459608611,-0.0023603527154664183,0.0046592673115525285,0.0,-1
2017-05-04,1.1249701747492566,1.131466892424571,1.0217948928763985,1.0219992518549736,0.002174433289444444,-0.0022429712990277295,0.0044174045884721735,0.0,-1
2017-05-05,1.1257096783964005,1.1322106667150822,1.0210989730800129,1.0213031928746288,0.0006573540025704983,-0.0006810758218085411,0.0013384298243790393,0.0,-1
2017-05-08,1.1287290667570513,1.1352474920835502,1.0182575372855198,1.0184611887929769,0.0026822087600348876,-0.0027827231927598506,0.005464931952794738,0.0,-1
2017-05-09,1.130829860791386,1.1373604182312882,1.0162805569659925,1.0164838130773857,0.0018612030966567161,-0.001941532713617411,0.003802735810274127,0.0,-1
2017-05-10,1.1354198140407326,1.1419768785215085,1.0119611200801286,1.0121635123041446,0.004058924696359156,-0.004250240601629929,0.008309165297989085,0.0,-1
2017-05-11,1.132520154842,1.1390604737524566,1.0146898831456832,1.0148928211223123,-0.00255382120593195,0.002696509788180812,-0.005250330994112762,-0.00255382120593195,-1
2017-05-12,1.132782754096292,1.1393245895209236,1.0144427606057425,1.0146456491578635,0.00023187159466364626,-0.00024354489390854273,0.000475416488572189,-0.002322541769863795,-1
2017-05-15,1.1311769747482086,1.1377095367758137,1.0159539007350362,1.0161570915151832,-0.00141755278518918,0.001489625820180862,-0.002907178605370042,-0.0037368022294983483,-1
2017-05-16,1.1318349820750548,1.1383713441036971,1.0153346741407014,1.0155377410755295,0.0005817014857403269,-0.0006095026495658296,0.0011912041353061564,-0.003157274447166847,-1
2017-05-17,1.1344207295215303,1.1409720242759607,1.01290132192749,1.0131039021918755,0.002284562226319231,-0.0023966011160515555,0.004681163342370787,-0.0008799252107876132,-1
2017-05-18,1.1340766339469408,1.1406259415448659,1.0132251376694816,1.0134277826970155,-0.000303322714082066,0.000319691301592373,-0.000623014015674439,-0.0011829810235666205,-1
2017-05-19,1.135550610604173,1.142108430436837,1.0118380322249858,1.0120403998314307,0.001299715215983488,-0.001369000228010786,0.002668715443994274,0.0,-1
2017-05-22,1.138271179123733,1.14484471027567,1.0092778048380115,1.009479660398979,0.0023958144129854198,-0.002530273922738857,0.004926088335724277,0.0,-1
2017-05-23,1.1373425235233063,1.1439106916768376,1.0101517286095267,1.0103537589552487,-0.0008158474162032192,0.0008658902111251532,-0.0016817376273283724,-0.0008158474162032192,-1
2017-05-24,1.1360466314178355,1.1426073157772751,1.0113712452050971,1.0115735194541382,-0.0011394035470126962,0.001207260811451727,-0.002346664358464423,-0.0019543213837760476,-1
2017-05-25,1.134757782204242,1.1413110234423842,1.0125841339930832,1.0127866508198817,-0.001134503794078312,0.0011992518016865628,-0.002333755595764875,-0.003086607992829671,-1
2017-05-26,1.134921780972248,1.14147596930545,1.0124298007593269,1.0126322867194788,0.00014452314897317464,-0.00015241522020270626,0.0002969383691758809,-0.0029425309301631675,-1
2017-05-27,1.134330178054533,1.140880949873041,1.0129865365964352,1.0131891339037544,-0.0005212719745393279,0.0005499006812035301,-0.001071172655742858,-0.003462269045794386,-1
2017-05-31,1.131333930624337,1.137867399074208,1.0158061953088644,1.0160093565479262,-0.0026414244178309954,0.002783510550794732,-0.0054249349686257275,-0.006094548141626799,-1
2017-06-01,1.1316886342026724,1.1384411678126023,1.01526934289451,1.015472396763089,0.00031352686305408106,-0.0005284988581814032,0.0008420257212354842,-0.005782932083133296,0
2017-06-02,1.1316886342026724,1.1384411678126023,1.0148593656539187,1.0150623375270493,0.0,-0.0004038113072759586,0.0004038113072759586,-0.005782932083133296,0
2017-06-05,1.1316886342026724,1.1384411678126023,1.0153981117275828,1.0156011913499283,0.0,0.0005308578625737859,-0.0005308578625737859,-0.005782932083133296,0
2017-06-06,1.1316886342026724,1.1384411678126023,1.0148432695497844,1.0150462382036944,0.0,-0.0005464282150912103,0.0005464282150912103,-0.005782932083133296,0
2017-06-07,1.1316886342026724,1.1384411678126023,1.0135887202569809,1.0137914380010322,0.0,-0.0012362000423573605,0.0012362000423573605,-0.005782932083133296,0
2017-06-08,1.1316886342026724,1.1384411678126023,1.0136606793107568,1.013863411446619,0.0,7.099433166302127e-05,-7.099433166302127e-05,-0.005782932083133296,0
2017-06-09,1.1316886342026724,1.1384411678126023,1.0149900281463011,1.0151930261519304,0.0,0.0013114337595183656,-0.0013114337595183656,-0.005782932083133296,0
2017-06-12,1.1316886342026724,1.1384411678126023,1.018677929652316,1.0188816652382464,0.0,0.0036334361951813055,-0.0036334361951813055,-0.005782932083133296,0
2017-06-13,1.1314623417343255,1.1384411678126023,1.0192223567039098,1.0194262011752506,-0.00019996000799848979,0.0005344447305142275,-0.0007344047385127173,-0.005981735735986149,-1
2017-06-14,1.1294158548492292,1.1363820582572537,1.02106583404209,1.0212700472088982,-0.0018087096756215226,0.0018087096756216337,-0.0036174193512431563,-0.007779626188304967,-1
2017-06-15,1.1302788059189077,1.137250331983469,1.0202884868953792,1.0204925445927582,0.0007640684925516172,-0.000761309526569387,0.0015253780191210042,-0.007021501863007651,-1
2017-06-16,1.1312773485695709,1.1382550336155086,1.0193889987231803,1.019592876522925,0.0008834480885901996,-0.0008816018055206598,0.0017650498941108594,-0.0061442569068174135,-1
2017-06-19,1.126139583857527,1.133085579323499,1.0240171020765567,1.024221905496972,-0.004541560669043876,0.004540075828926238,-0.009081636497970114,-0.010657913060352797,-1
2017-06-20,1.1259840214235288,1.132929057385034,1.0241572328654887,1.0243620643120617,-0.0001381377905794734,0.00013684418809778442,-0.0002749819786772578,-0.010794578590369919,-1
2017-06-21,1.1299771409286548,1.1369468063325265,1.0205602270063485,1.0207643390517498,0.0035463376292654836,-0.0035121617498868885,0.007058499379152372,-0.007286522181351507,-1
2017-06-22,1.131124939428154,1.1381016844190395,1.0195262890231473,1.019730194280952,0.001015771432823831,-0.001013108247647554,0.002028879680471385,-0.006278152189604258,-1
2017-06-23,1.1304312150603246,1.1374036811799382,1.0201511965954118,1.020355226834731,-0.0006133048115621875,0.0006129391453586486,-0.001226243956920836,-0.006887606580220806,-1
2017-06-26,1.1282239102535954,1.1351827617827983,1.0221395388707986,1.0223439667785728,-0.00195262195286372,0.0019490662580434748,-0.003901688210907195,-0.00882677964127343,-1
2017-06-27,1.1273641124764981,1.134317660798579,1.0229140455285446,1.0231186283376503,-0.0007620807973338639,0.0007577308462225485,-0.0015198116435564124,-0.009582133719340358,-1
2017-06-28,1.128953371937343,1.1359167227645197,1.0214824390902661,1.021686735578084,0.0014097126591636755,-0.001399537375145421,0.0028092500343090965,-0.00818592911538274,-1
2017-06-29,1.1297259286196983,1.1366940445535187,1.020786519293881,1.0209906765977397,0.0006843123033766219,-0.0006812841511059098,0.0013655964544825316,-0.00750721854401426,-1
2017-06-30,1.13150648783046,1.138485586200545,1.019182589858402,1.0193864263763737,0.0015760983842665333,-0.0015712682379352971,0.0031473666222018304,-0.005942952274765156,-1
2017-07-03,1.1343160715201681,1.1413124993189045,1.0166517141907314,1.0168550445335696,0.002483046911286646,-0.0024832406801829077,0.004966287591469554,-0.0034746619927683575,-1
2017-07-04,1.1340596037235766,1.14105444963657,1.0168827406265382,1.0170861171746635,-0.0002260990591871348,0.00022724245932215226,-0.00045334151850928706,-0.0036999754341479063,-1
2017-07-05,1.131592677827675,1.1385723078151,1.0191049498266966,1.019308770816662,-0.0021753053259296884,0.0021853150922683806,-0.004360620418198069,-0.005867232183809801,-1
2017-07-06,1.130686631759389,1.1376606732816072,1.0199211169892601,1.020125101212658,-0.0008006821589066071,0.0008008666454837332,-0.0016015488043903403,-0.006663216554584683,-1
2017-07-07,1.1317703133097403,1.1387510389475364,1.0189449356150109,1.0191487246021338,0.0009584278436767235,-0.0009571145826756666,0.0019155424263523901,-0.005711174923182405,-1
2017-07-10,1.132335803779274,1.1393200173454703,1.0184355412606498,1.0186392283689019,0.0004996512657058361,-0.00049992333889326,0.000999574604599096,-0.005214377253255464,-1
2017-07-11,1.131739831481457,1.1387203691082426,1.0189723936750041,1.0191761881537391,-0.0005263211635874177,0.0005271344062578454,-0.001053455569845263,-0.005737953979739641,-1
2017-07-12,1.1310208807729796,1.1379969839331743,1.019620025158987,1.0198239491640189,-0.0006352614695344094,0.0006355731401586073,-0.0012708346096930168,-0.00636957034819674,-1
2017-07-13,1.1298352427625078,1.1368040329427105,1.0206880490097665,1.0208921866195684,-0.001048290116148376,0.0010474724156313009,-0.002095762531779677,-0.007411183306704983,-1
2017-07-14,1.1298767083497292,1.1370737160123632,1.020446607447755,1.0206506967692446,3.6700560977376284e-05,-0.00023654784852800148,0.00027324840950537777,-0.007374754740312461,0
2017-07-17,1.1298767083497292,1.1370737160123632,1.0207779978269864,1.0209821534265517,0.0,0.00032475033658085906,-0.00032475033658085906,-0.007374754740312461,0
2017-07-18,1.1298767083497292,1.1370737160123632,1.0186296413399138,1.0188333672681817,0.0,-0.0021046265609622195,0.0021046265609622195,-0.007374754740312461,0
2017-07-19,1.1298767083497292,1.1370737160123632,1.0185226495889048,1.0187263541188225,0.0,-0.00010503498687541857,0.00010503498687541857,-0.007374754740312461,0
2017-07-20,1.1298767083497292,1.1370737160123632,1.018887179006059,1.0190909564418602,0.0,0.00035790015794079366,-0.00035790015794079366,-0.007374754740312461,0
2017-07-21,1.1298767083497292,1.1370737160123632,1.0185387456930388,1.0187424534421774,0.0,-0.0003419743816582832,0.0003419743816582832,-0.007374754740312461,0
2017-07-24,1.1298767083497292,1.1370737160123632,1.0184715207875377,1.0186752150916951,0.0,-6.600132374479095e-05,6.600132374479095e-05,-0.007374754740312461,0
2017-07-25,1.1298767083497292,1.1370737160123632,1.0178731244456116,1.0180766990705008,0.0,-0.0005875435195903389,0.0005875435195903389,-0.007374754740312461,0
2017-07-26,1.1298767083497292,1.1370737160123632,1.0160855100570736,1.016288727159085,0.0,-0.0017562251577392107,0.0017562251577392107,-0.007374754740312461,0
2017-07-27,1.1298767083497292,1.1370737160123632,1.0169253479610108,1.017128733030603,0.0,0.000826542545508735,-0.000826542545508735,-0.007374754740312461,0
2017-07-28,1.1298767083497292,1.1370737160123632,1.0169490187023844,1.0171524085061248,0.0,2.3276773876368395e-05,-2.3276773876368395e-05,-0.007374754740312461,0
2017-07-31,1.1298767083497292,1.1370737160123632,1.0160656266343198,1.0162688397596467,0.0,-0.0008686689812551496,0.0008686689812551496,-0.007374754740312461,0
2017-08-01,1.1298767083497292,1.1370737160123632,1.0148943983511514,1.0150973772308216,0.0,-0.0011527092861590704,0.0011527092861590704,-0.007374754740312461,0
2017-08-02,1.1298767083497292,1.1370737160123632,1.0155770625323677,1.015780177944874,0.0,0.0006726455307324297,-0.0006726455307324297,-0.007374754740312461,0
2017-08-03,1.1298767083497292,1.1370737160123632,1.015866792406781,1.0160699657652623,0.0,0.0002852859572182176,-0.0002852859572182176,-0.007374754740312461,0
2017-08-04,1.1298767083497292,1.1370737160123632,1.0162303749942805,1.0164336210692793,0.0,0.0003579038021688241,-0.0003579038021688241,-0.007374754740312461,0
2017-08-07,1.1298767083497292,1.1370737160123632,1.0138045974183085,1.0140073583377922,0.0,-0.0023870351011556767,0.0023870351011556767,-0.007374754740312461,0
2017-08-08,1.1298767083497292,1.1370737160123632,1.0140706565513484,1.0142734706826586,0.0,0.0002624363054946066,-0.0002624363054946066,-0.007374754740312461,0
2017-08-09,1.1298767083497292,1.1370737160123632,1.0135565280487127,1.0137592393543224,0.0,-0.000506994753584733,0.000506994753584733,-0.007374754740312461,0
2017-08-10,1.1298767083497292,1.1370737160123632,1.014835694912545,1.0150386620515275,0.0,0.0012620577426449842,-0.0012620577426449842,-0.007374754740312461,0
2017-08-11,1.1298767083497292,1.1370737160123632,1.0162606735432387,1.0164639256779473,0.0,0.0014041471322276955,-0.0014041471322276955,-0.007374754740312461,0
2017-08-14,1.1298767083497292,1.1370737160123632,1.0173097608009187,1.017513222753079,0.0,0.0010323013425506122,-0.0010323013425506122,-0.007374754740312461,0
2017-08-15,1.1298767083497292,1.1370737160123632,1.017064531920288,1.017267944826672,0.0,-0.000241056254525307,0.000241056254525307,-0.007374754740312461,0
2017-08-16,1.1298767083497292,1.1370737160123632,1.0158241850723086,1.016027349909323,0.0,-0.001219536036358937,0.001219536036358937,-0.007374754740312461,0
2017-08-17,1.1298767083497292,1.1370737160123632,1.0159823056246846,1.0161855020858095,0.0,0.00015565740085698998,-0.00015565740085698998,-0.007374754740312461,0
2017-08-18,1.1298767083497292,1.1370737160123632,1.015866792406781,1.0160699657652623,0.0,-0.00011369609220956978,0.00011369609220956978,-0.007374754740312461,0
2017-08-21,1.1298767083497292,1.1370737160123632,1.0143679610630014,1.014570834655214,0.0,-0.0014754211427943087,0.0014754211427943087,-0.007374754740312461,0
2017-08-22,1.1298767083497292,1.1370737160123632,1.0142249897851046,1.0144278347830615,0.0,-0.0001409461688310909,0.0001409461688310909,-0.007374754740312461,0
2017-08-23,1.1298767083497292,1.1370737160123632,1.0147665763477338,1.0149695296630032,0.0,0.0005339905524750499,-0.0005339905524750499,-0.007374754740312461,0
2017-08-24,1.1296507781940903,1.1370737160123632,1.0139494623555154,1.0141522522479864,-0.00019996000799848979,-0.0008052235965035903,0.0006052635885051005,-0.007573240092294098,-1
2017-08-25,1.1299978310688756,1.1374230493723736,1.013637955399038,1.0138406829901179,0.00030722138335548266,-0.00030722138335548266,0.0006144427667109653,-0.00726834537023624,-1
2017-08-28,1.1313016528112296,1.1387354385303452,1.0124676739455247,1.0126701674803138,0.0011538267654200851,-0.0011545359438051017,0.002308362709225187,-0.006122905016244573,-1
2017-08-29,1.1304925660180374,1.1379210352260052,1.0131938922908685,1.0133965310693267,-0.0007151821896324018,0.0007172755871935887,-0.0014324577768259905,-0.00683370821326057,-1
2017-08-30,1.1303353900960222,1.137762826500651,1.0133349699094554,1.0135376369034372,-0.00013903313187524358,0.00013924049449998144,-0.000278273626375225,-0.006971791233280511,-1
2017-08-31,1.1298902341289725,1.137314745412735,1.0137345320238424,1.0139372789302472,-0.00039382644385921317,0.00039430408132745676,-0.0007881305251866699,-0.007362872001391074,-1
2017-09-01,1.130210915204762,1.1376375336845987,1.013446695808739,1.0136493851479007,0.0002838161319596022,-0.0002839364804204658,0.000567752612380068,-0.007081145571283032,-1
2017-09-04,1.130850167612421,1.1382809866212742,1.0128729170378417,1.0130754916212492,0.0005656045248361163,-0.0005661657127801201,0.0011317702376162364,-0.006519546174422963,-1
2017-09-05,1.1323934452896574,1.1398344051796179,1.0114877052526556,1.0116900027937061,0.0013647057067645019,-0.001367606697627033,0.0027323124043915348,-0.005163737729528051,-1
2017-09-06,1.1317162174914441,1.1391527273160111,1.012095569891131,1.0122979890051091,-0.0005980499101528869,0.0006009609759156653,-0.0011990108860685522,-0.005758699466795747,-1
2017-09-07,1.1291286165739727,1.136548123267059,1.0144181430347137,1.0146210266633207,-0.002286439725328937,0.0022948160358340353,-0.004581255761162972,-0.008031972272897647,-1
2017-09-08,1.1280653056384606,1.135477825312985,1.015372547326899,1.0155756218363645,-0.0009417093145139832,0.0009408391389080784,-0.0018825484534220616,-0.008966117804308338,-1
2017-09-11,1.1285632052035022,1.1359789965771943,1.0149256437297647,1.0151286288585106,0.00044137477019545734,-0.0004401375616377434,0.0008815123318332008,-0.008528700452298366,-1
2017-09-12,1.1283870415862098,1.1358016753883744,1.0150837642821406,1.015286781034997,-0.00015609548183037614,0.00015579520859754226,-0.0003118906904279184,-0.008683464642522343,-1
2017-09-13,1.1291876894037234,1.1366075842645074,1.0143651205740367,1.0145679935981515,0.0007095507020251635,-0.0007079649319503556,0.001417515633975519,-0.0079800752989303,-1
2017-09-14,1.1270473541972215,1.134453184910523,1.0162862379439221,1.0164894951915109,-0.0018954645242653667,0.0018939111084559368,-0.0037893756327213035,-0.009860413873565621,-1
2017-09-15,1.127081110099936,1.1344871626233508,1.016255939394964,1.0164591905828428,2.9950740391582187e-05,-2.9813007228596256e-05,5.976374762017844e-05,-0.009830758459870137,-1
2017-09-18,1.1286739667592847,1.1360904859474101,1.0148262266159953,1.0150291918613186,0.0014132582341011002,-0.001406843220832621,0.002820101454933721,-0.008431393626109784,-1
2017-09-19,1.128252017975351,1.1356657645370634,1.0152049584779739,1.0154079994696694,-0.0003738447030413594,0.00037319873299046513,-0.0007470434360318245,-0.008802086297304834,-1
2017-09-20,1.1287731247235089,1.1361902954788416,1.0147372246284305,1.0149401720733562,0.00046187087623650314,-0.0004607284919535548,0.0009225993681900579,-0.008344280848379126,-1
2017-09-21,1.130045300307068,1.1374708305310375,1.0135953480645654,1.0137980671341784,0.0011270427650116321,-0.0011252928700661302,0.0022523356350777624,-0.007226642444726927,-1
2017-09-22,1.1287456980525532,1.1361626885871692,1.014761842199459,1.014964794567899,-0.0011500443868592836,0.001150847956357559,-0.0023008923432168427,-0.008368375872006784,-1
2017-09-25,1.1273511573216535,1.1347589843259729,1.0160135510032977,1.0162167537134983,-0.0012354782244625717,0.0012335000704457588,-0.0024689782949083305,-0.009593515150305376,-1
2017-09-26,1.1280157266563486,1.135427920547269,1.0154170483206817,1.0156201317303457,0.0005894962988055585,-0.000587101109062016,0.0011765974078675745,-0.009009674193173556,-1
2017-09-27,1.1280368240955452,1.1354491566177864,1.0153981117275828,1.0156011913499283,1.8703142782516835e-05,-1.8649079341570562e-05,3.73522221240874e-05,-0.008991139559613948,-1
2017-09-28,1.1277815450812656,1.1351922001645267,1.0156272445040797,1.0158303699529805,-0.00022630379507715404,0.00022565806834817792,-0.00045196186342533196,-0.009215408625686705,-1
2017-09-29,1.1278406179110163,1.1352516611619752,1.0155742220434028,1.0157773368878114,5.23796740674598e-05,-5.220661513749558e-05,0.00010458628920495538,-0.009163511651719358,-1
2017-09-30,1.127544198890303,1.1349532943712064,1.0158402811764426,1.016043449232678,-0.00026281995523658175,0.0002619790137097233,-0.0005247989689463051,-0.009423923253233824,-1
2017-10-09,1.1296075284437372,1.1370301820678026,1.0139882823713682,1.0141910800278424,0.0018299323037314075,-0.001823120070538753,0.0036530523742701604,-0.007611236091091378,-1
2017-10-10,1.1293522494294574,1.1367732256145429,1.0142174151478651,1.0144202586308946,-0.00022598912263938065,0.00022597181888639462,-0.00045196094152577526,-0.007835505157164357,-1
2017-10-11,1.1295758822849422,1.1369983279620266,1.0140166872610166,1.0142194905984687,0.00019801869221747204,-0.00019791406048697002,0.00039593275270444206,-0.007639038041431068,-1
2017-10-12,1.1309672583999626,1.1383988468126454,1.0127678189461427,1.012970372509932,0.0012317686105389747,-0.0012316052887130224,0.002463373899251997,-0.006416678958166333,-1
2017-10-13,1.1306180957812575,1.1380473898455834,1.0130812195619299,1.0132838358058422,-0.0003087292015854226,0.0003094496190778617,-0.0006181788206632843,-0.006723427143580207,-1
2017-10-16,1.1335685726529119,1.1410172543074337,1.010432937017046,1.0106350236044492,0.002609614053289633,-0.0026140870976061326,0.005223701150895765,-0.004131358640250604,-1
2017-10-17,1.1363829710417475,1.1438501461144475,1.0079067954976497,1.0081083768567491,0.0024827773605693437,-0.002500058565839902,0.004982835926409246,-0.0016588385233816672,-1
2017-10-18,1.1365601895309996,1.144028529106793,1.0077477281156186,1.0079492776612418,0.0001559496171343877,-0.00015781953524041104,0.00031376915237479874,-0.0015031476014797374,-1
2017-10-19,1.1355886524559928,1.1430506080594696,1.008619758227824,1.0088214821794697,-0.0008548047731705699,0.0008653258031512401,-0.00172013057632181,-0.0023566674769058826,-1
2017-10-20,1.1358017365918793,1.1432650923716947,1.008428498637525,1.0086301843372525,0.00018764200877274817,-0.00018962506805852986,0.000377267076831278,-0.0021694676779523414,-1
2017-10-23,1.1359462540503764,1.1434105594547386,1.0082987829747971,1.0085004427313922,0.00012723827921834463,-0.00012863149236963523,0.00025586977158797986,-0.002042505438068276,-1
2017-10-24,1.1364378243836588,1.1439053598977926,1.0078575603555924,1.0080591318676635,0.0004327408374555919,-0.00043759114525854237,0.0008703319827141343,-0.0016106484761263529,-1
2017-10-25,1.140498026557058,1.1479922416688553,1.0042132130137051,1.004414055656308,0.0035727446643207816,-0.0036159349150503006,0.007188679579371082,0.0,-1
2017-10-26,1.1401140531636784,1.1476057451854396,1.0045578590081055,1.004758770579907,-0.00033667168591133834,0.00034320001961130053,-0.0006798717055226389,-0.00033667168591133834,-1
2017-10-27,1.1439020983714403,1.1514186816468286,1.0011577937171943,1.0013580252759378,0.0033225142671038377,-0.0033846385854453542,0.006707152852549192,0.0,-1
2017-10-30,1.1510098256367982,1.1585731138041215,0.9947780555021678,0.9949770111132682,0.006213580056787293,-0.006372360336265426,0.01258594039305272,0.0,-1
2017-10-31,1.1502598116733567,1.15781817149723,0.9954512513868344,0.9956503416371117,-0.0006516138670029648,0.0006767297297554098,-0.0013283435967583745,-0.0006516138670029648,-1
2017-11-01,1.1479042825870485,1.1554471642239685,0.9975655220063291,0.9977650351107303,-0.0020478235111782706,0.0021239318515589023,-0.004171755362737173,-0.002698102987984119,-1
2017-11-02,1.1482471159739944,1.1557922503698754,0.9972578023684715,0.9974572539289451,0.000298660256039307,-0.0003084706027516315,0.0006071308587909385,-0.00240024854807408,-1
2017-11-03,1.1489412217235648,1.156490917089896,0.996634788455517,0.9968341154132081,0.0006044916115304222,-0.0006247270379583503,0.0012292186494887725,-0.0017972078666564917,-1
2017-11-06,1.1486279247514941,1.1561755614427134,0.996915996863036,0.9971153800624086,-0.0002726832027148962,0.0002821579286378384,-0.0005548411313527346,-0.0020694010009743025,-1
2017-11-07,1.1495347287647881,1.1573116912153913,0.9959028891322438,0.9961020697100702,0.0007894671492425509,-0.0010162418237645854,0.0018057089730071363,-0.0012815675758406364,0
2017-11-08,1.1495347287647881,1.1573116912153913,0.9961216067825364,0.9963208311038928,0.0,0.0002196174473227952,-0.0002196174473227952,-0.0012815675758406364,0
2017-11-09,1.1495347287647881,1.1573116912153913,0.9954493577275246,0.9956484475990701,0.0,-0.0006748664524837134,0.0006748664524837134,-0.0012815675758406364,0
2017-11-10,1.1495347287647881,1.1573116912153913,0.9941872337974814,0.9943860712442409,0.0,-0.0012678936605318158,0.0012678936605318158,-0.0012815675758406364,0
2017-11-13,1.1495347287647881,1.1573116912153913,0.9907133157934844,0.9909114584566431,0.0,-0.0034942291410519077,0.0034942291410519077,-0.0012815675758406364,0
2017-11-14,1.1495347287647881,1.1573116912153913,0.990598749405236,0.990796869155117,0.0,-0.00011564030322608332,0.00011564030322608332,-0.0012815675758406364,0
2017-11-15,1.1495347287647881,1.1573116912153913,0.9909377144217066,0.991135901964591,0.0,0.0003421819547766436,-0.0003421819547766436,-0.0012815675758406364,0
2017-11-16,1.1495347287647881,1.1573116912153913,0.9926978707502513,0.9928964103244013,0.0,0.001776253242689263,-0.001776253242689263,-0.0012815675758406364,0
2017-11-17,1.1495347287647881,1.1573116912153913,0.9927016580688712,0.9929001984004849,0.0,3.815177539445713e-06,-3.815177539445713e-06,-0.0012815675758406364,0
2017-11-20,1.1495347287647881,1.1573116912153913,0.991475513665716,0.9916738087684491,0.0,-0.001235159015993359,0.001235159015993359,-0.0012815675758406364,0
2017-11-21,1.1493048677912299,1.1573116912153913,0.9908610212196561,0.9910591934239,-0.00019996000799837876,-0.0006197757156783945,0.00041981570768001575,-0.0014812713215762718,-1
2017-11-22,1.1527544165647963,1.1607852718439484,0.9878870292734705,0.9880846066793252,0.0030014218770306744,-0.0030014218770306744,0.006002843754061349,0.0,-1
2017-11-23,1.151107067580285,1.1591264463288782,0.9893072737558896,0.9895051352106408,-0.0014290545851217695,0.0014376588013951253,-0.0028667133865168948,-0.0014290545851217695,-1
2017-11-24,1.1485470872583547,1.156548631478459,0.9915143336815687,0.991712636548305,-0.0022239289411293273,0.0022309144835255257,-0.004454843424654853,-0.0036498054104007194,-1
2017-11-27,1.148908405802291,1.1569124672080977,0.9912028267250915,0.9914010672904365,0.0003145874887886535,-0.0003141729230686785,0.000628760411857332,-0.003336366104730648,-1
2017-11-28,1.1488622800307244,1.1568660200936758,0.9912425935705994,0.9914408420893135,-4.014747505853844e-05,4.011978621898393e-05,-8.026726127752237e-05,-0.0033763796331142126,-1
2017-11-29,1.145876185438134,1.1538591223766919,0.9938170234023975,0.994015786807078,-0.002599175414228494,0.002597174343088593,-0.005196349757317087,-0.005966779244411247,-1
2017-11-30,1.1442980251109722,1.1522699675332544,0.9951776176165551,0.9953766531400784,-0.0013772520515018538,0.001369059074375123,-0.002746311125876977,-0.007335813536957891,-1
2017-12-01,1.1441069326287692,1.1520775437735062,0.9953423659765157,0.995541434449711,-0.00016699537883457793,0.0001655466893992763,-0.00033254206823385424,-0.007501583868831818,-1
2017-12-04,1.143413947822618,1.1513797311735001,0.9959398154887867,0.9961390034518844,-0.0006056993331549076,0.0006002452348994325,-0.0012059445680543401,-0.008102739497639844,-1
2017-12-05,1.1426737390122443,1.1506343655753952,0.9965779786762202,0.9967772942719555,-0.0006473673089113507,0.0006407648107935593,-0.00128813211970491,-0.008744861357887768,-1
2017-12-06,1.142502414717855,1.1504618477218278,0.9967256841023919,0.9969250292392123,-0.00014993281856412466,0.00014821261289355014,-0.0002981454314576748,-0.008893483034740468,-1
2017-12-07,1.1433645273530828,1.151329966408048,0.9959824228232591,0.9961816193078238,0.0007545827685979667,-0.0007457029461442888,0.0015002857147422555,-0.008145611135193298,-1
2017-12-08,1.1447439075694466,1.152718956306,0.994793204776647,0.9949921634176023,0.0012064220844396623,-0.0011940150944040884,0.0024004371788437506,-0.006949016095918359,-1
2017-12-11,1.1477190198354739,1.155714795186217,0.9922282432413981,0.9924266888900464,0.002598932605235804,-0.0025783866666286848,0.005177319271864489,-0.0043681435151884385,-1
2017-12-12,1.1484768003683488,1.1564778549231494,0.9915749307794854,0.9917732457656413,0.0006602491722962345,-0.0006584296167366777,0.0013186787890329121,-0.003710778406032733,-1
2017-12-13,1.1483889417558417,1.1563893842290123,0.991650677151881,0.9918490072873114,-7.650011953119762e-05,7.638996312264723e-05,-0.00015289008265384485,-0.0037869946505724172,-1
2017-12-14,1.1473137719852842,1.1553067241095099,0.9925776233840733,0.99277613890875,-0.0009362418353782154,0.0009347507681378708,-0.0018709926035160862,-0.004719690943128407,-1
2017-12-15,1.1457949162215648,1.153777286984615,0.9938870887968636,0.9940858662146229,-0.0013238364262735391,0.0013192574383511513,-0.0026430938646246904,-0.006037279270610596,-1
2017-12-18,1.1455522068045136,1.1535328866920613,0.9940963381506066,0.9942951574182367,-0.00021182622964632802,0.00021053634371726027,-0.0004223625733635883,-0.006247826646151755,-1
2017-12-19,1.145401748930595,1.1533813806283517,0.9942260538133343,0.9944248990240969,-0.00013134091403688153,0.00013048600799492327,-0.0002618269220318048,-0.006378346964926118,-1
2017-12-20,1.145064591505098,1.1530418743396005,0.9945167305174027,0.9947156338635063,-0.0002943573517428799,0.0002923648027062242,-0.0005867221544491041,-0.006670826803347962,-1
2017-12-21,1.144561600948494,1.1525353796156657,0.994950378499368,0.9951493685750679,-0.00043926828262408346,0.00043603890076293617,-0.0008753071833870196,-0.007107164803338395,-1
2017-12-22,1.1433828269841888,1.151581002002662,0.9957674924915865,0.9959666459900848,-0.0010298912381198067,0.0008212610496725059,-0.0018511522877923126,-0.008129736434699386,0
2017-12-25,1.1433828269841888,1.151581002002662,0.9952988118123882,0.9954978715747507,0.0,-0.00047067280538104495,0.00047067280538104495,-0.008129736434699386,0
2017-12-26,1.1433828269841888,1.151581002002662,0.995020443893834,0.9952194479826127,0.0,-0.00027968275984102675,0.00027968275984102675,-0.008129736434699386,0
2017-12-27,1.1433828269841888,1.151581002002662,0.9947420759752799,0.9949410243904749,0.0,-0.00027976100417081984,0.00027976100417081984,-0.008129736434699386,0
2017-12-28,1.1433828269841888,1.151581002002662,0.99473828865666,0.9949372363143913,0.0,-3.8073373100910857e-06,3.8073373100910857e-06,-0.008129736434699386,0
2017-12-29,1.1431541961449598,1.151581002002662,0.9954768157875181,0.9956759111506756,-0.00019996000799837876,0.0007424336021641942,-0.000942393610162573,-0.008328070820535216,-1
2017-12-30,1.1431639817577268,1.1515908597504563,0.9954682943206236,0.9956673879794876,8.560186193662389e-06,-8.560186193662389e-06,1.7120372387324778e-05,-0.008319581924178476,-1
2017-12-31,1.14314984698373,1.1515766207814202,0.9954806031061378,0.995679699226759,-1.236460754749924e-05,1.2364819235832769e-05,-2.472942678333201e-05,-0.008331843663360483,-1
2018-01-02,1.143729372717595,1.1521604185118939,0.9949759429000514,0.9951749380886314,0.0005069551777434622,-0.0005069513203087572,0.0010139064980522194,-0.007829112356902423,-1
2018-01-03,1.1449188683139333,1.1533586825215334,0.9939401112575406,0.994138899279792,0.0010400149062466113,-0.0010410619974305924,0.0020810769036772037,-0.006797239844209768,-1
2018-01-04,1.1459365720416963,1.1543838882921207,0.9930538787005111,0.9932524894762512,0.0008888872005941018,-0.0008916357705980316,0.0017805229711921333,-0.0059143946231124955,-1
2018-01-05,1.1455886391433159,1.1540333905927747,0.9933568641900938,0.9935555355629319,-0.000303623173279588,0.0003051047844244703,-0.0006087279577040583,-0.006216222049128528,-1
2018-01-08,1.145423371016585,1.1538669041855854,0.9935007822976456,0.9936994824541051,-0.00014426480944706999,0.0001448805688468724,-0.0002891453782939424,-0.006359590076486232,-1
2018-01-09,1.1442480101942434,1.1526828791449815,0.9945243051546423,0.9947232100156732,-0.0010261365815319445,0.0010302184711215023,-0.002056355052653447,-0.007379200849997103,-1
2018-01-10,1.1451319772141915,1.1535733623623827,0.9937545326451712,0.9939532835517002,0.0007725309653787704,-0.0007740107561788889,0.0015465417215576593,-0.006612370545774793,-1
2018-01-11,1.1461159749424237,1.1545646136683463,0.9928976518074449,0.9930962313378064,0.0008592876173330044,-0.0008622660924578751,0.0017215537097908795,-0.0057587648565728955,-1
2018-01-12,1.1457593437215836,1.1542053535265162,0.9932082119342673,0.9934068535766541,-0.0003111650379516995,0.0003127816107300063,-0.0006239466486817058,-0.006068137968239573,-1
2018-01-15,1.1470412589940544,1.1554967184875449,0.9920918997710859,0.9922903181510401,0.0011188346658443926,-0.0011239457646120554,0.002242780430456448,-0.004956092545511215,-1
2018-01-16,1.147510968406868,1.1559698903816622,0.9916828693601492,0.9918812059340212,0.00040949652781074874,-0.00041229084828853235,0.0008217873760992811,-0.004548625520389371,-1
2018-01-17,1.1474500801496514,1.1559085532842766,0.9917358918208262,0.9919342389991903,-5.306115487602181e-05,5.3467153981578974e-05,-0.00010652830885760078,-0.004601445319942221,-1
2018-01-18,1.1495550741848535,1.1580290643653208,0.9899028296088506,0.9901008101747724,0.0018344972662580616,-0.0018483370694692969,0.0036828343357273585,-0.002775389392544514,-1
2018-01-19,1.1491886573512466,1.157659946475697,0.9902219112025674,0.9904199555848079,-0.00031874665410580594,0.00032233627803957,-0.0006410829321453759,-0.003093251400567709,-1
2018-01-22,1.1504412157854162,1.158921738193343,0.9891311634400695,0.9893289896727575,0.0010899502237140535,-0.001101518508283994,0.0021914687319980475,-0.0020066726669096813,-1
2018-01-23,1.1504118589471155,1.1588921649499606,0.9891567278407531,0.9893545591863213,-2.5517895132720625e-05,2.584530912441707e-05,-5.1363204257137696e-05,-0.0020321393559796785,-1
2018-01-24,1.150100893919188,1.15857890763117,0.9894275211220677,0.9896254066262921,-0.00027030756464230254,0.00027376175452564766,-0.0005440693191679502,-0.0023018976179817185,-1
2018-01-25,1.1493614362619629,1.158063018829945,0.9898734778895473,0.9900714525851252,-0.0006429502499604167,0.0004507220164786663,-0.001093672266439083,-0.0029433678622932113,0
2018-01-26,1.1493614362619629,1.158063018829945,0.9898157212805956,0.9900136844248517,0.0,-5.834746585475781e-05,5.834746585475781e-05,-0.0029433678622932113,0
2018-01-29,1.1493614362619629,1.158063018829945,0.9900988233474245,0.990296843112094,0.0,0.00028601492251767446,-0.00028601492251767446,-0.0029433678622932113,0
2018-01-30,1.1493614362619629,1.158063018829945,0.9901764633791301,0.9903744986718059,0.0,7.841644679773552e-05,-7.841644679773552e-05,-0.0029433678622932113,0
2018-01-31,1.1493614362619629,1.158063018829945,0.9912861477347269,0.9914844049642738,0.0,0.0011206935295249298,-0.0011206935295249298,-0.0029433678622932113,0
2018-02-01,1.1493614362619629,1.158063018829945,0.9918684479725186,0.9920668216621131,0.0,0.0005874189194738921,-0.0005874189194738921,-0.0029433678622932113,0
2018-02-02,1.1493614362619629,1.158063018829945,0.99193377921871,0.9921321659745537,0.0,6.586684587550629e-05,-6.586684587550629e-05,-0.0029433678622932113,0
2018-02-05,1.1493614362619629,1.158063018829945,0.9912757326085223,0.991473987755044,0.0,-0.0006633977226846444,0.0006633977226846444,-0.0029433678622932113,0
2018-02-06,1.1493614362619629,1.158063018829945,0.9936286043010634,0.9938273300219236,0.0,0.002373579434199913,-0.002373579434199913,-0.0029433678622932113,0
2018-02-07,1.1493614362619629,1.158063018829945,0.9943510353277872,0.9945499055348528,0.0,0.0007270634355700523,-0.0007270634355700523,-0.0029433678622932113,0
2018-02-08,1.1493614362619629,1.158063018829945,0.9940556244754439,0.994254435600339,0.0,-0.00029708909816328344,0.00029708909816328344,-0.0029433678622932113,0
2018-02-09,1.1493614362619629,1.158063018829945,0.9939808249327032,0.9941796210976898,0.0,-7.5246838204035e-05,7.5246838204035e-05,-0.0029433678622932113,0
2018-02-11,1.1493614362619629,1.158063018829945,0.9938028209575733,0.9940015815217649,0.0,-0.0001790819004400257,0.0001790819004400257,-0.0029433678622932113,0
2018-02-12,1.1493614362619629,1.158063018829945,0.9943557694760619,0.994554640629957,0.0,0.0005563966078860894,-0.0005563966078860894,-0.0029433678622932113,0
2018-02-13,1.1493614362619629,1.158063018829945,0.9944892724574094,0.9946881703119008,0.0,0.0001342607801408935,-0.0001342607801408935,-0.0029433678622932113,0
2018-02-14,1.1493614362619629,1.158063018829945,0.9949494316697131,0.995148421556047,0.0,0.0004627090759528052,-0.0004627090759528052,-0.0029433678622932113,0
2018-02-22,1.1493614362619629,1.158063018829945,0.9946615954546095,0.9948605277737004,0.0,-0.00028929733104177124,0.00028929733104177124,-0.0029433678622932113,0
2018-02-23,1.1493614362619629,1.158063018829945,0.9946436056911654,0.9948425344123036,0.0,-1.8086315513032858e-05,1.8086315513032858e-05,-0.0029433678622932113,0
2018-02-24,1.1493614362619629,1.158063018829945,0.9946492866690951,0.994848216526429,0.0,5.711571358091305e-06,-5.711571358091305e-06,-0.0029433678622932113,0
2018-02-26,1.1493614362619629,1.158063018829945,0.9962115555997563,0.9964107979108762,0.0,0.0015706731524363082,-0.0015706731524363082,-0.0029433678622932113,0
2018-02-27,1.1493614362619629,1.158063018829945,0.9979783397358856,0.9981779354038327,0.0,0.001773502953462236,-0.001773502953462236,-0.0029433678622932113,0
2018-02-28,1.1493614362619629,1.158063018829945,0.9978249533317843,0.9980245183224506,0.0,-0.00015369712747659303,0.00015369712747659303,-0.0029433678622932113,0
2018-03-01,1.1493614362619629,1.158063018829945,0.9975427980946102,0.9977423066542291,0.0,-0.0002827702757202122,0.0002827702757202122,-0.0029433678622932113,0
2018-03-02,1.1493614362619629,1.158063018829945,0.9969406144340647,0.9971400025569515,0.0,-0.0006036669922290239,0.0006036669922290239,-0.0029433678622932113,0
2018-03-05,1.1493614362619629,1.158063018829945,0.9964662527769367,0.996665546027492,0.0,-0.00047581736590929236,0.00047581736590929236,-0.0029433678622932113,0
2018-03-06,1.1493614362619629,1.158063018829945,0.997040978377489,0.9972403865731644,0.0,0.0005767637378091273,-0.0005767637378091273,-0.0029433678622932113,0
2018-03-07,1.1493614362619629,1.158063018829945,0.99798686120278,0.9981864585750205,0.0,0.000948690019572096,-0.000948690019572096,-0.0029433678622932113,0
2018-03-08,1.1493614362619629,1.158063018829945,0.9982093661716923,0.9984090080449266,0.0,0.00022295380586889735,-0.00022295380586889735,-0.0029433678622932113,0
2018-03-09,1.1493614362619629,1.158063018829945,0.9981601310296352,0.9983597630558411,0.0,-4.932346231723006e-05,4.932346231723006e-05,-0.0029433678622932113,0
2018-03-12,1.1493614362619629,1.158063018829945,0.9987462185860466,0.9989459678297639,0.0,0.0005871678683528891,-0.0005871678683528891,-0.0029433678622932113,0
2018-03-13,1.1493614362619629,1.158063018829945,0.9985833638853959,0.998783080558173,0.0,-0.0001630591411713178,0.0001630591411713178,-0.0029433678622932113,0
2018-03-14,1.1493614362619629,1.158063018829945,0.998389263806132,0.9985889416588932,0.0,-0.00019437543852995898,0.00019437543852995898,-0.0029433678622932113,0
2018-03-15,1.1493614362619629,1.158063018829945,0.9988797215673941,0.9990794975117075,0.0,0.0004912490338611075,-0.0004912490338611075,-0.0029433678622932113,0
2018-03-16,1.1493614362619629,1.158063018829945,0.9990331079714954,0.9992329145930896,0.0,0.00015355843230113742,-0.00015355843230113742,-0.0029433678622932113,0
2018-03-19,1.1493614362619629,1.158063018829945,0.9992840178300562,0.9994838746336221,0.0,0.00025115269610065383,-0.00025115269610065383,-0.0029433678622932113,0
2018-03-20,1.1493614362619629,1.158063018829945,1.0011596873765043,1.0013599193139795,0.0,0.0018770134546144401,-0.0018770134546144401,-0.0029433678622932113,0
2018-03-21,1.1493614362619629,1.158063018829945,1.0018745437659884,1.0020749186747415,0.0,0.000714028339831918,-0.000714028339831918,-0.0029433678622932113,0
2018-03-22,1.1493614362619629,1.158063018829945,1.0029103754084994,1.003110957483581,0.0,0.0010338935637763669,-0.0010338935637763669,-0.0029433678622932113,0
2018-03-23,1.1493614362619629,1.158063018829945,1.0056031589471661,1.0058042795789555,0.0,0.0026849692701302885,-0.0026849692701302885,-0.0029433678622932113,0
2018-03-26,1.1493614362619629,1.158063018829945,1.0055056354927066,1.0057067366198051,0.0,-9.698005976999102e-05,9.698005976999102e-05,-0.0029433678622932113,0
2018-03-27,1.1493614362619629,1.158063018829945,1.0047349161535806,1.0049358631368113,0.0,-0.0007664992735205711,0.0007664992735205711,-0.0029433678622932113,0
2018-03-28,1.1493614362619629,1.158063018829945,1.004657276121875,1.0048582075770993,0.0,-7.727414510760866e-05,7.727414510760866e-05,-0.0029433678622932113,0
2018-03-29,1.1493614362619629,1.158063018829945,1.0038742479972345,1.0040750228468338,0.0,-0.0007793982517732001,0.0007793982517732001,-0.0029433678622932113,0
2018-03-30,1.1493614362619629,1.158063018829945,1.0045001023991538,1.0047010024196337,0.0,0.0006234390444499471,-0.0006234390444499471,-0.0029433678622932113,0
2018-04-02,1.1493614362619629,1.158063018829945,1.0048078220370114,1.0050087836014188,0.0,0.0003063410716659387,-0.0003063410716659387,-0.0029433678622932113,0
2018-04-03,1.1493614362619629,1.158063018829945,1.0036773074290057,1.0038780428904914,0.0,-0.0011251053019409873,0.0011251053019409873,-0.0029433678622932113,0
2018-04-04,1.1493614362619629,1.158063018829945,1.004919547936295,1.0051205318458822,0.0,0.0012376891438059534,-0.0012376891438059534,-0.0029433678622932113,0
2018-04-08,1.1493614362619629,1.158063018829945,1.0057281404616187,1.005929286089711,0.0,0.0008046340893501647,-0.0008046340893501647,-0.0029433678622932113,0
2018-04-09,1.1493614362619629,1.158063018829945,1.007219397168159,1.0074208410475924,0.0,0.001482763230484574,-0.001482763230484574,-0.0029433678622932113,0
2018-04-10,1.1493614362619629,1.158063018829945,1.0061390645318653,1.0063402923447717,0.0,-0.001072589188940376,0.001072589188940376,-0.0029433678622932113,0
2018-04-11,1.1493614362619629,1.158063018829945,1.0071057776095653,1.0073071987650872,0.0,0.0009608145750208408,-0.0009608145750208408,-0.0029433678622932113,0
2018-04-12,1.1493614362619629,1.158063018829945,1.0074958714274034,1.0076973706016887,0.0,0.0003873414555957133,-0.0003873414555957133,-0.0029433678622932113,0
2018-04-13,1.1493614362619629,1.158063018829945,1.008094267769329,1.0082958866228828,0.0,0.0005939442124738292,-0.0005939442124738292,-0.0029433678622932113,0
2018-04-16,1.1493614362619629,1.158063018829945,1.011603218470559,1.011805539114253,0.0,0.0034807763652842105,-0.0034807763652842105,-0.0029433678622932113,0
2018-04-17,1.1493614362619629,1.158063018829945,1.0121400708849135,1.0123424988990906,0.0,0.0005306946484078257,-0.0005306946484078257,-0.0029433678622932113,0
2018-04-18,1.1493614362619629,1.158063018829945,1.022006982719106,1.02221138411565,0.0,0.009748563581289504,-0.009748563581289504,-0.0029433678622932113,0
2018-04-19,1.1493614362619629,1.158063018829945,1.0219369173246402,1.0221413047081052,0.0,-6.8556669035158e-05,6.8556669035158e-05,-0.0029433678622932113,0
2018-04-20,1.1493614362619629,1.158063018829945,1.0213754473392573,1.021579722428725,0.0,-0.0005494174599863788,0.0005494174599863788,-0.0029433678622932113,0
2018-04-23,1.1493614362619629,1.158063018829945,1.01799337181179,1.0181969704861522,0.0,-0.0033112951131514246,0.0033112951131514246,-0.0029433678622932113,0
2018-04-24,1.1491316099399749,1.158063018829945,1.0185974491316454,1.0188011686214717,-0.00019996000799837876,0.0005934000520850802,-0.0007933600600834589,-0.0031427393144303206,-1
2018-04-25,1.1513854416973992,1.16033436806998,1.0165996385597094,1.0168029584874212,0.0019613347487168475,-0.0019613347487166255,0.003922669497433473,-0.001187568529536942,-1
2018-04-26,1.1533903906114678,1.1623549000716604,1.0148224392973757,1.015025403785235,0.0017413359952795915,-0.0017481801044623158,0.0034895160997419072,0.0,-1
2018-04-27,1.1541530616421791,1.1631234988192363,1.0141464029237441,1.0143492322043288,0.0006612427473988713,-0.0006661622244967802,0.0013274049718956515,0.0,-1
2018-04-28,1.153676659289662,1.1626433937192098,1.0145686889498502,1.01477160268764,-0.00041277224689706404,0.0004163955272025177,-0.0008291677740995818,-0.00041277224689706404,-1
2018-05-02,1.156997589590056,1.1659901353245505,1.0116249955526229,1.0118273205517334,0.0028785624409171096,-0.0029014234613077283,0.005779985902224838,0.0,-1
2018-05-03,1.1556100410341823,1.1645918023090032,1.0128549272743976,1.0130574982598526,-0.001199266591700776,0.0012157980745650665,-0.0024150646662658426,-0.001199266591700776,-1
2018-05-04,1.1537076361242427,1.1626746113154,1.0145412308898567,1.0147441391360346,-0.0016462343198724305,0.0016649014286744812,-0.0033111357485469117,-0.002843526637751226,-1
2018-05-07,1.1545461469913412,1.1635196393501996,1.0137979696107242,1.0140007292046462,0.0007267966691417715,-0.0007326082533684053,0.0014594049225101768,-0.00211879663429837,-1
2018-05-08,1.1571738370971532,1.1661677526821839,1.0114687686595567,1.0116710624132885,0.0022759506951364195,-0.002297500114408324,0.0045734508095447435,0.0,-1
2018-05-09,1.158091392300768,1.1670924394107098,1.0106554419859581,1.0108575730743552,0.0007929277125005019,-0.0008041045841449268,0.0015970322966454287,0.0,-1
2018-05-10,1.157154610096379,1.1661483762431692,1.0114858115933458,1.0116881087556644,-0.0008089017936037113,0.0008216149370907644,-0.0016305167306944757,-0.0008089017936037113,-1
2018-05-11,1.1561932600576672,1.1651795542924432,1.0123379582827972,1.0125404258744537,-0.0008307878915434497,0.0008424702350584568,-0.0016732581266019064,-0.0016390176593316097,-1
2018-05-14,1.1565361415714743,1.1655251007882022,1.0120340259635596,1.0122364327687523,0.00029656072704487,-0.0003002281172516108,0.0005967888442964808,-0.0013429430005553744,-1
2018-05-15,1.1574932189433476,1.1664896168635916,1.0111856665927277,1.0113879037260463,0.000827537797973843,-0.0008382715887681469,0.0016658093867419899,-0.0005165165386750159,-1
2018-05-16,1.1576790799508316,1.1666769224407318,1.0110209182327674,1.0112231224164139,0.00016057200547026085,-0.0001629259248852044,0.00032349793035546526,-0.00035602747130114576,-1
2018-05-17,1.1574355379410246,1.1664314875465478,1.011236795394095,1.0114390427531739,-0.00021037091714348755,0.00021352393153750704,-0.0004238948486809946,-0.0005663234906189141,-1
2018-05-18,1.1573725161051536,1.1663679758853336,1.0112926583437367,1.0114949168754055,-5.444954280831027e-05,5.5242204294980723e-05,-0.00010969174710329099,-0.0006207421973720706,-1
2018-05-21,1.1564891422362484,1.1654777361595001,1.012075686468377,1.0122781016056708,-0.0007632580319756332,0.0007742843955012013,-0.0015375424274768346,-0.0013835264428798677,-1
2018-05-22,1.1551550020158585,1.1641332265856594,1.0132582767074048,1.0134609283627463,-0.0011536124047045737,0.001168480040415032,-0.0023220924451196057,-0.002535542794317669,-1
2018-05-23,1.1538870881314687,1.1628554580795354,1.0143821635078258,1.0145850399405274,-0.0010976136381500856,0.0011091809721734958,-0.0022067946103235814,-0.003630373386116603,-1
2018-05-24,1.1534584257809741,1.1626541584075514,1.0145592206533005,1.0147621324974312,-0.00037149419115933835,0.00017454678507200505,-0.0005460409762313434,-0.004000518914651141,0
2018-05-25,1.1534584257809741,1.1626541584075514,1.0167047366514084,1.0169080775987387,0.0,0.00211472721792072,-0.00211472721792072,-0.004000518914651141,0
2018-05-28,1.1534584257809741,1.1626541584075514,1.0172595788292067,1.0174630307449726,0.0,0.0005457259691989957,-0.0005457259691989957,-0.004000518914651141,0
2018-05-29,1.1534584257809741,1.1626541584075514,1.0173618364319408,1.0175653087992271,0.0,0.00010052262457116434,-0.00010052262457116434,-0.004000518914651141,0
2018-05-30,1.1534584257809741,1.1626541584075514,1.0180018932786845,1.0182054936573401,0.0,0.0006291339264195006,-0.0006291339264195006,-0.004000518914651141,0
2018-05-31,1.1534584257809741,1.1626541584075514,1.0172491637030023,1.017452613535743,0.0,-0.0007394186402324143,0.0007394186402324143,-0.004000518914651141,0
2018-06-01,1.1534584257809741,1.1626541584075514,1.0168723255003338,1.0170756999654338,0.0,-0.00037044827964938243,0.00037044827964938243,-0.004000518914651141,0
2018-06-04,1.1534584257809741,1.1626541584075514,1.014709766568437,1.0149127085217506,0.0,-0.002126676946226036,0.002126676946226036,-0.004000518914651141,0
2018-06-05,1.1534584257809741,1.1626541584075514,1.0143035766464652,1.0145064373617945,0.0,-0.00040030157918502507,0.00040030157918502507,-0.004000518914651141,0
2018-06-06,1.1534584257809741,1.1626541584075514,1.0142458200375133,1.0144486692015209,0.0,-5.694213279117122e-05,5.694213279117122e-05,-0.004000518914651141,0
2018-06-07,1.1534584257809741,1.1626541584075514,1.0136862437114402,1.0138889809601825,0.0,-0.0005517166696850095,0.0005517166696850095,-0.004000518914651141,0
2018-06-08,1.1534584257809741,1.1626541584075514,1.0151576169952266,1.0153606485186255,0.0,0.0014515075970638058,-0.0014515075970638058,-0.004000518914651141,0
2018-06-11,1.1534584257809741,1.1626541584075514,1.0141795419616673,1.0143823778700596,0.0,-0.000963471107525482,0.000963471107525482,-0.004000518914651141,0
2018-06-12,1.1534584257809741,1.1626541584075514,1.0124837700496587,1.0126862668036687,0.0,-0.0016720628269907278,0.0016720628269907278,-0.004000518914651141,0
2018-06-13,1.1534584257809741,1.1626541584075514,1.013463738742528,1.0136664314902766,0.0,0.00096788582874896,-0.00096788582874896,-0.004000518914651141,0
2018-06-14,1.1534584257809741,1.1626541584075514,1.0154766985889434,1.0156797939286613,0.0,0.0019862179271583624,-0.0019862179271583624,-0.004000518914651141,0
2018-06-15,1.1534584257809741,1.1626541584075514,1.0174612535457104,1.0176647457964194,0.0,0.0019543087099138656,-0.0019543087099138656,-0.004000518914651141,0
2018-06-19,1.1534584257809741,1.1626541584075514,1.0199031272258159,1.0201071078512611,0.0,0.0023999672435641717,-0.0023999672435641717,-0.004000518914651141,0
2018-06-20,1.1534584257809741,1.1626541584075514,1.018043553783502,1.0182471624942586,0.0,-0.001823284381303969,0.001823284381303969,-0.004000518914651141,0
2018-06-21,1.1534584257809741,1.1626541584075514,1.0195319700010772,1.0197358763950775,0.0,0.0014620358942833978,-0.0014620358942833978,-0.004000518914651141,0
2018-06-22,1.1534584257809741,1.1626541584075514,1.0201417282988625,1.0203457566445222,0.0,0.0005980766819746464,-0.0005980766819746464,-0.004000518914651141,0
2018-06-25,1.1534584257809741,1.1626541584075514,1.0195556407424509,1.0197595518705993,0.0,-0.0005745158149632612,0.0005745158149632612,-0.004000518914651141,0
2018-06-26,1.1534584257809741,1.1626541584075514,1.019640855411396,1.0198447835824782,0.0,8.358020449295012e-05,-8.358020449295012e-05,-0.004000518914651141,0
2018-06-27,1.153227780224929,1.1626541584075514,1.0208726807924808,1.0210768553286393,-0.00019996000799837876,0.0012080973163710595,-0.0014080573243694383,-0.004199678978855426,-1
2018-06-28,1.15107256614411,1.1604813278043602,1.0227805425471972,1.0229850986557065,-0.0018688537665982885,0.0018688537665982885,-0.003737707533196577,-0.006060684159575613,-1
2018-06-29,1.1471578844886272,1.1565346478998046,1.0262459390842997,1.0264511882721166,-0.0034008991010846534,0.003388211246639683,-0.006789110347724336,-0.009440971485350058,-1
2018-07-02,1.1468338001876404,1.156207914563444,1.0265328284697484,1.0267381350354423,-0.000282510633774935,0.0002795522735072886,-0.0005620629072822236,-0.009720814944287226,-1
2018-07-03,1.1481397636579531,1.157524552859472,1.0253767494610593,1.0255818248109514,0.0011387556506436969,-0.0011261977957514047,0.0022649534463951015,-0.008593128926590254,-1
2018-07-04,1.1488521073690328,1.1582427192027598,1.0247461609108652,1.0249511101430473,0.0006204329243071349,-0.0006149822984824471,0.001235415222789582,-0.007978027462391957,-1
2018-07-05,1.1487034350329366,1.1580928316326142,1.0248777702329026,1.0250827457869491,-0.00012940946457995484,0.0001284311442750763,-0.00025784060885503113,-0.008106404494709674,-1
2018-07-06,1.1495826340276927,1.1589792171193751,1.024099476256537,1.0243042961517883,0.0007653837952794618,-0.0007594017540147879,0.0015247855492942497,-0.007347225210068364,-1
2018-07-09,1.1512993181962856,1.1607099333070285,1.0225798146603486,1.0227843306232807,0.0014933108049643984,-0.0014839003743496448,0.0029772111793140432,-0.005864886095896749,-1
2018-07-10,1.1515774103357461,1.16099029854615,1.0223336389500626,1.0225381056778526,0.000241546342523824,-0.0002407398491117707,0.0004822861916355947,-0.005624756395158692,-1
2018-07-11,1.1491708437442607,1.1585640608999068,1.0244640056736911,1.0246688984748258,-0.002089800103654116,0.002083827277576944,-0.00417362738123106,-0.007702801882315202,-1
2018-07-12,1.149712053831057,1.1591096947883508,1.0239849098682885,1.0241897068502621,0.0004709570293595089,-0.0004676550886603126,0.0009386121180198215,-0.007235472541647914,-1
2018-07-13,1.147649209123945,1.1572635975215206,1.025605882237556,1.0258110034140036,-0.0017942272591109365,0.0015830041572351128,-0.0033772314163460493,-0.009016717718692058,0
2018-07-16,1.147649209123945,1.1572635975215206,1.0263302069235898,1.0265354729649745,0.0,0.0007062407680946681,-0.0007062407680946681,-0.009016717718692058,0
2018-07-17,1.147649209123945,1.1572635975215206,1.0265763826338759,1.0267816979104025,0.0,0.00023986014308596815,-0.00023986014308596815,-0.009016717718692058,0
2018-07-18,1.147649209123945,1.1572635975215206,1.0273319526985227,1.0275374190890625,0.0,0.0007360095921049581,-0.0007360095921049581,-0.009016717718692058,0
2018-07-19,1.147649209123945,1.1572635975215206,1.0287076961871593,1.0289134377263967,0.0,0.001339142119567871,-0.001339142119567871,-0.009016717718692058,0
2018-07-20,1.147649209123945,1.1572635975215206,1.0250444122521731,1.0252494211346235,0.0,-0.003561054270871944,0.003561054270871944,-0.009016717718692058,0
2018-07-23,1.147649209123945,1.1572635975215206,1.0247423735922454,1.0249473220669638,0.0,-0.00029465909605230767,0.00029465909605230767,-0.009016717718692058,0
2018-07-24,1.147649209123945,1.1572635975215206,1.0221707842494119,1.0223752184062618,0.0,-0.0025094983959907946,0.0025094983959907946,-0.009016717718692058,0
2018-07-25,1.147649209123945,1.1572635975215206,1.021802467513638,1.0220068280071406,0.0,-0.0003603279818298333,0.0003603279818298333,-0.009016717718692058,0
2018-07-26,1.147649209123945,1.1572635975215206,1.023324969598791,1.0235296345927107,0.0,0.0014900160584438993,-0.0014900160584438993,-0.009016717718692058,0
2018-07-27,1.147649209123945,1.1572635975215206,1.0243068319509703,1.0245116933173604,0.0,0.0009594824531296009,-0.0009594824531296009,-0.009016717718692058,0
2018-07-30,1.147649209123945,1.1572635975215206,1.0241430304206645,1.0243478590267485,0.0,-0.00015991451506169874,0.00015991451506169874,-0.009016717718692058,0
2018-07-31,1.147649209123945,1.1572635975215206,1.0267108324448782,1.026916174611367,0.0,0.0025072689535943216,-0.0025072689535943216,-0.009016717718692058,0
2018-08-01,1.147649209123945,1.1572635975215206,1.0272827175564656,1.0274881740999768,0.0,0.0005570069911755571,-0.0005570069911755571,-0.009016717718692058,0
2018-08-02,1.147649209123945,1.1572635975215206,1.0275762347494988,1.0277817499964486,0.0,0.00028572192252140916,-0.00028572192252140916,-0.009016717718692058,0
2018-08-03,1.147649209123945,1.1572635975215206,1.0289860641057136,1.0291918613185347,0.0,0.0013719949027026779,-0.0013719949027026779,-0.009016717718692058,0
2018-08-06,1.147649209123945,1.1572635975215206,1.0288099537898934,1.0290157157806514,0.0,-0.0001711493692320154,0.0001711493692320154,-0.009016717718692058,0
2018-08-07,1.147649209123945,1.1572635975215206,1.0276775455225782,1.0278830810316826,0.0,-0.0011006972309547391,0.0011006972309547391,-0.009016717718692058,0
2018-08-08,1.147649209123945,1.1572635975215206,1.025115424476294,1.0253204475611892,0.0,-0.0024931176685206724,0.0024931176685206724,-0.009016717718692058,0
2018-08-09,1.147649209123945,1.1572635975215206,1.0235096013815057,1.023714303301782,0.0,-0.001566480277680471,0.001566480277680471,-0.009016717718692058,0
2018-08-10,1.147649209123945,1.1572635975215206,1.0227786488878872,1.0229832046176648,0.0,-0.0007141628106194231,0.0007141628106194231,-0.009016717718692058,0
2018-08-13,1.147649209123945,1.1572635975215206,1.0207344436628587,1.0209385905515913,0.0,-0.0019986780397217574,0.0019986780397217574,-0.009016717718692058,0
2018-08-14,1.147649209123945,1.1572635975215206,1.0221376452114888,1.022342072740531,0.0,0.0013746979514033253,-0.0013746979514033253,-0.009016717718692058,0
2018-08-15,1.147649209123945,1.1572635975215206,1.020991981329004,1.0211961797252698,0.0,-0.0011208508832953878,0.0011208508832953878,-0.009016717718692058,0
2018-08-16,1.147649209123945,1.1572635975215206,1.0193028372245805,1.0195066977920253,0.0,-0.0016544146627134326,0.0016544146627134326,-0.009016717718692058,0
2018-08-17,1.147649209123945,1.1572635975215206,1.017341006179532,1.017544474380768,0.0,-0.0019246792743069507,0.0019246792743069507,-0.009016717718692058,0
2018-08-20,1.147649209123945,1.1572635975215206,1.0170882026616614,1.0172916203021938,0.0,-0.0002484943753716662,0.0002484943753716662,-0.009016717718692058,0
2018-08-21,1.147649209123945,1.1572635975215206,1.0166270966197029,1.0168304220390267,0.0,-0.00045335895230314005,0.00045335895230314005,-0.009016717718692058,0
2018-08-22,1.147649209123945,1.1572635975215206,1.0181013103924537,1.0183049306545322,0.0,0.0014501027738220706,-0.0014501027738220706,-0.009016717718692058,0
2018-08-23,1.147649209123945,1.1572635975215206,1.01834559244343,1.0185492615619185,0.0,0.00023993884349504668,-0.00023993884349504668,-0.009016717718692058,0
2018-08-24,1.147649209123945,1.1572635975215206,1.0179261469062888,1.01812973213567,0.0,-0.0004118891860028784,0.0004118891860028784,-0.009016717718692058,0
2018-08-27,1.147649209123945,1.1572635975215206,1.0173116544602288,1.0175151167911207,0.0,-0.000603670951893398,0.000603670951893398,-0.009016717718692058,0
2018-08-28,1.147649209123945,1.1572635975215206,1.0176496726470445,1.0178532025815739,0.0,0.00033226611071812684,-0.00033226611071812684,-0.009016717718692058,0
2018-08-29,1.147649209123945,1.1572635975215206,1.0176136931201565,1.0178172158587806,0.0,-3.535551364597378e-05,3.535551364597378e-05,-0.009016717718692058,0
2018-08-30,1.147649209123945,1.1572635975215206,1.0196351744334664,1.019839101468353,0.0,0.0019864918553835764,-0.0019864918553835764,-0.009016717718692058,0
2018-08-31,1.147649209123945,1.1572635975215206,1.0195632153796903,1.0197671280227663,0.0,-7.057333405169341e-05,7.057333405169341e-05,-0.009016717718692058,0
2018-09-03,1.147649209123945,1.1572635975215206,1.0185245432482146,1.0187282481568642,0.0,-0.0010187422572801585,0.0010187422572801585,-0.009016717718692058,0
2018-09-04,1.147649209123945,1.1572635975215206,1.01746504086433,1.017668533872503,0.0,-0.0010402325510053823,0.0010402325510053823,-0.009016717718692058,0
2018-09-05,1.147649209123945,1.1572635975215206,1.0172444295547276,1.0174478784406384,0.0,-0.00021682446152149204,0.00021682446152149204,-0.009016717718692058,0
2018-09-06,1.147649209123945,1.1572635975215206,1.0169442845541097,1.0171476734110205,0.0,-0.00029505691247611043,0.00029505691247611043,-0.009016717718692058,0
2018-09-07,1.147649209123945,1.1572635975215206,1.0163667184645926,1.0165699918082856,0.0,-0.0005679427066845877,0.0005679427066845877,-0.009016717718692058,0
2018-09-10,1.147649209123945,1.1572635975215206,1.014567742120195,1.0147706556686191,0.0,-0.001770007135923568,0.001770007135923568,-0.009016717718692058,0
2018-09-11,1.147649209123945,1.1572635975215206,1.0133292889315257,1.013531954789312,0.0,-0.0012206707716542198,0.0012206707716542198,-0.009016717718692058,0
2018-09-12,1.147649209123945,1.1572635975215206,1.0139617711410296,1.0141645634952579,0.0,0.0006241625663172545,-0.0006241625663172545,-0.009016717718692058,0
2018-09-13,1.147649209123945,1.1572635975215206,1.014450335242982,1.0146532253100304,0.0,0.00048183680672941875,-0.00048183680672941875,-0.009016717718692058,0
2018-09-14,1.147649209123945,1.1572635975215206,1.0152087457965937,1.015411787545753,0.0,0.0007476073763927893,-0.0007476073763927893,-0.009016717718692058,0
2018-09-17,1.147649209123945,1.1572635975215206,1.015430303935851,1.015633389996638,0.0,0.00021823899781647782,-0.00021823899781647782,-0.009016717718692058,0
2018-09-18,1.147649209123945,1.1572635975215206,1.0151216374683385,1.0153246617958323,0.0,-0.00030397602505660704,0.00030397602505660704,-0.009016717718692058,0
2018-09-19,1.147649209123945,1.1572635975215206,1.0133984074963367,1.013601087177836,0.0,-0.0016975600838333715,0.0016975600838333715,-0.009016717718692058,0
2018-09-20,1.147649209123945,1.1572635975215206,1.0119649073987484,1.0121673003802283,0.0,-0.0014145474149005466,0.0014145474149005466,-0.009016717718692058,0
2018-09-21,1.147649209123945,1.1572635975215206,1.0131730620384596,1.0133756966508674,0.0,0.0011938700945832714,-0.0011938700945832714,-0.009016717718692058,0
2018-09-25,1.147649209123945,1.1572635975215206,1.0134381743418444,1.0136408619767128,0.0,0.00026166536924243644,-0.00026166536924243644,-0.009016717718692058,0
2018-09-26,1.147649209123945,1.1572635975215206,1.0145828913946744,1.0147858079729533,0.0,0.0011295381226126278,-0.0011295381226126278,-0.009016717718692058,0
2018-09-27,1.147649209123945,1.1572635975215206,1.0164614014300872,1.0166646937103732,0.0,0.0018515096709650347,-0.0018515096709650347,-0.009016717718692058,0
2018-09-28,1.147649209123945,1.1572635975215206,1.0168221435286218,1.0170255079573274,0.0,0.00035489994802251346,-0.00035489994802251346,-0.009016717718692058,0
2018-09-29,1.147649209123945,1.1572635975215206,1.0171459592706134,1.0173493884624674,0.0,0.00031845858595080934,-0.00031845858595080934,-0.009016717718692058,0
2018-09-30,1.147649209123945,1.1572635975215206,1.0170512763051185,1.0172546865603795,0.0,-9.308690127696195e-05,9.308690127696195e-05,-0.009016717718692058,0
2018-10-08,1.147649209123945,1.1572635975215206,1.0169783704216877,1.017181766095772,0.0,-7.168358678599773e-05,7.168358678599773e-05,-0.009016717718692058,0
2018-10-09,1.147649209123945,1.1572635975215206,1.0169253479610108,1.017128733030603,0.0,-5.213725504793487e-05,5.213725504793487e-05,-0.009016717718692058,0
2018-10-10,1.147649209123945,1.1572635975215206,1.0172955583560945,1.0174990174677658,0.0,0.0003640487434264372,-0.0003640487434264372,-0.009016717718692058,0
2018-10-11,1.147649209123945,1.1572635975215206,1.0200290555699238,1.0202330613810378,0.0,0.0026870236396652203,-0.0026870236396652203,-0.009016717718692058,0
2018-10-12,1.147649209123945,1.1572635975215206,1.0197847735189478,1.0199887304736517,0.0,-0.00023948538489382276,0.00023948538489382276,-0.009016717718692058,0
2018-10-15,1.147649209123945,1.1572635975215206,1.0198264340237655,1.0200303993105702,0.0,4.085225225902711e-05,-4.085225225902711e-05,-0.009016717718692058,0
2018-10-16,1.147649209123945,1.1572635975215206,1.0204002127946628,1.0206042928372216,0.0,0.0005626239443836667,-0.0005626239443836667,-0.009016717718692058,0
2018-10-17,1.147649209123945,1.1572635975215206,1.0201682395292009,1.0203722731771068,0.0,-0.00022733557142895489,0.00022733557142895489,-0.009016717718692058,0
2018-10-18,1.147649209123945,1.1572635975215206,1.0224482053383113,1.0226526949793788,0.0,0.002234891972487274,-0.002234891972487274,-0.009016717718692058,0
2018-10-19,1.147649209123945,1.1572635975215206,1.0217712221350246,1.0219755763794516,0.0,-0.000662119802012584,0.000662119802012584,-0.009016717718692058,0
2018-10-22,1.147649209123945,1.1572635975215206,1.0205753762808278,1.020779491356084,0.0,-0.001170365565491216,0.001170365565491216,-0.009016717718692058,0
2018-10-23,1.147649209123945,1.1572635975215206,1.0213489361089187,1.0215532058961405,0.0,0.0007579644248423278,-0.0007579644248423278,-0.009016717718692058,0
2018-10-24,1.147649209123945,1.1572635975215206,1.0229746426264612,1.0231792375549864,0.0,0.0015917248846766263,-0.0015917248846766263,-0.009016717718692058,0
2018-10-25,1.147649209123945,1.1572635975215206,1.0233173949615515,1.0235220584405438,0.0,0.0003350545759475132,-0.0003350545759475132,-0.009016717718692058,0
2018-10-26,1.147649209123945,1.1572635975215206,1.0236762434007762,1.0238809786494563,0.0,0.0003506716889516426,-0.0003506716889516426,-0.009016717718692058,0
2018-10-29,1.147649209123945,1.1572635975215206,1.025902239919554,1.026107420367538,0.0,0.0021745122377587744,-0.0021745122377587744,-0.009016717718692058,0
2018-10-30,1.147649209123945,1.1572635975215206,1.0256645856761626,1.025869718593298,0.0,-0.00023165388878587656,0.00023165388878587656,-0.009016717718692058,0
2018-10-31,1.147649209123945,1.1572635975215206,1.0259969228850487,1.0262021222696258,0.0,0.00032402133555886614,-0.00032402133555886614,-0.009016717718692058,0
2018-11-01,1.147649209123945,1.1572635975215206,1.0267524929496958,1.0269578434482858,0.0,0.0007364252735988508,-0.0007364252735988508,-0.009016717718692058,0
2018-11-02,1.147649209123945,1.1572635975215206,1.0239148444738226,1.0241196274427173,0.0,-0.0027637122825201477,0.0027637122825201477,-0.009016717718692058,0
2018-11-05,1.147649209123945,1.1572635975215206,1.0247916087343023,1.0249965670560492,0.0,0.0008562863066314819,-0.0008562863066314819,-0.009016717718692058,0
2018-11-06,1.147649209123945,1.1572635975215206,1.0263529308353085,1.0265582014214756,0.0,0.0015235508250643903,-0.0015235508250643903,-0.009016717718692058,0
2018-11-07,1.147649209123945,1.1572635975215206,1.028009882731464,1.0282154847080103,0.0,0.0016144075262756186,-0.0016144075262756186,-0.009016717718692058,0
2018-11-08,1.147649209123945,1.1572635975215206,1.0280439685990421,1.028249577392762,0.0,3.3157139975648064e-05,-3.3157139975648064e-05,-0.009016717718692058,0
2018-11-09,1.147649209123945,1.1572635975215206,1.0282702608865741,1.0284759149387515,0.0,0.00022011926964604633,-0.00022011926964604633,-0.009016717718692058,0
2018-11-12,1.147649209123945,1.1572635975215206,1.0281727374321148,1.0283783719796011,0.0,-9.484223960276594e-05,9.484223960276594e-05,-0.009016717718692058,0
2018-11-13,1.147649209123945,1.1572635975215206,1.028573246376157,1.028778961025432,0.0,0.0003895346856235271,-0.0003895346856235271,-0.009016717718692058,0
2018-11-14,1.147649209123945,1.1572635975215206,1.0324959616365985,1.032702460828926,0.0,0.0038137442075825145,-0.0038137442075825145,-0.009016717718692058,0
2018-11-15,1.147649209123945,1.1572635975215206,1.0337372553142328,1.0339440027652955,0.0,0.001202226181753474,-0.001202226181753474,-0.009016717718692058,0
2018-11-16,1.147649209123945,1.1572635975215206,1.036554073537697,1.0367613843524046,0.0,0.0027248879819157246,-0.0027248879819157246,-0.009016717718692058,0
2018-11-19,1.147649209123945,1.1572635975215206,1.0359831352557647,1.0361903318828158,0.0,-0.0005508041466507629,0.0005508041466507629,-0.009016717718692058,0
2018-11-20,1.147649209123945,1.1572635975215206,1.0351849578566454,1.0353919948482166,0.0,-0.0007704540469398724,0.0007704540469398724,-0.009016717718692058,0
2018-11-21,1.147649209123945,1.1572635975215206,1.0355352848289754,1.0357423918859412,0.0,0.00033841968980619086,-0.00033841968980619086,-0.009016717718692058,0
2018-11-22,1.147649209123945,1.1572635975215206,1.034924579701535,1.0351315646174752,0.0,-0.0005897482552139621,0.0005897482552139621,-0.009016717718692058,0
2018-11-23,1.147649209123945,1.1572635975215206,1.0348649294332735,1.0350719024191601,0.0,-5.763730945373968e-05,5.763730945373968e-05,-0.009016717718692058,0
2018-11-26,1.147649209123945,1.1572635975215206,1.0339152592893623,1.0341220423412203,0.0,-0.0009176754539659271,0.0009176754539659271,-0.009016717718692058,0
2018-11-27,1.147649209123945,1.1572635975215206,1.0343365984858135,1.0345434658055106,0.0,0.00040751811395134396,-0.00040751811395134396,-0.009016717718692058,0
2018-11-28,1.147649209123945,1.1572635975215206,1.0353203544973024,1.035527418568202,0.0,0.0009510985233713853,-0.0009510985233713853,-0.009016717718692058,0
2018-11-29,1.147649209123945,1.1572635975215206,1.036507678884605,1.036714980420382,0.0,0.001146818356410284,-0.001146818356410284,-0.009016717718692058,0
2018-11-30,1.147649209123945,1.1572635975215206,1.035819333725459,1.0360264975922042,0.0,-0.0006641003951718405,0.0006641003951718405,-0.009016717718692058,0
2018-12-03,1.147649209123945,1.1572635975215206,1.0356668941510128,1.035874027529843,0.0,-0.00014716811077286618,0.00014716811077286618,-0.009016717718692058,0
2018-12-04,1.147649209123945,1.1572635975215206,1.0391625892370737,1.0393704217549211,0.0,0.003375308321433401,-0.003375308321433401,-0.009016717718692058,0
2018-12-05,1.147649209123945,1.1572635975215206,1.0402836355485297,1.0404916922756393,0.0,0.0010787977964823448,-0.0010787977964823448,-0.009016717718692058,0
2018-12-06,1.147649209123945,1.1572635975215206,1.0416016224282145,1.0418099427527001,0.0,0.0012669495459187718,-0.0012669495459187718,-0.009016717718692058,0
2018-12-07,1.147649209123945,1.1572635975215206,1.0418335956936764,1.0420419624128152,0.0,0.00022270824129577704,-0.00022270824129577704,-0.009016717718692058,0
2018-12-10,1.147649209123945,1.1572635975215206,1.0432992879995329,1.0435079478571327,0.0,0.0014068391650210454,-0.0014068391650210454,-0.009016717718692058,0
2018-12-11,1.147649209123945,1.1572635975215206,1.0433097031257372,1.0435183650663624,0.0,9.982874831893085e-06,-9.982874831893085e-06,-0.009016717718692058,0
2018-12-12,1.147649209123945,1.1572635975215206,1.043422375854676,1.0436310603298469,0.0,0.00010799547689543942,-0.00010799547689543942,-0.009016717718692058,0
2018-12-13,1.147649209123945,1.1572635975215206,1.0403035189712835,1.0405115796750777,0.0,-0.002989064597007318,0.002989064597007318,-0.009016717718692058,0
2018-12-14,1.147649209123945,1.1572635975215206,1.0399067973458611,1.0401147787053302,0.0,-0.00038135180568710236,0.00038135180568710236,-0.009016717718692058,0
2018-12-17,1.147649209123945,1.1572635975215206,1.0361270533633167,1.0363342787739893,0.0,-0.0036346949478467394,0.0036346949478467394,-0.009016717718692058,0
2018-12-18,1.147649209123945,1.1572635975215206,1.036595734042515,1.0368030531893233,0.0,0.0004523390038673192,-0.0004523390038673192,-0.009016717718692058,0
2018-12-19,1.147649209123945,1.1572635975215206,1.0378616452911777,1.038069217620236,0.0,0.0012212198131724694,-0.0012212198131724694,-0.009016717718692058,0
2018-12-20,1.147649209123945,1.1572635975215206,1.0397250060521115,1.039932951053322,0.0,0.0017953845480154218,-0.0017953845480154218,-0.009016717718692058,0
2018-12-21,1.147649209123945,1.1572635975215206,1.0404398624415958,1.0406479504140842,0.0,0.0006875437113882388,-0.0006875437113882388,-0.009016717718692058,0
2018-12-24,1.1474197251789091,1.1572635975215206,1.0396719835914345,1.0398799179881528,-0.00019996000799848979,-0.0007380329011609232,0.0005380728931624335,-0.009214874743743384,-1
2018-12-25,1.1469171015533282,1.1567566618184164,1.0401274086554635,1.0403354341371946,-0.00043804687556903144,0.00043804687556914246,-0.0008760937511381739,-0.009648885072222169,-1
2018-12-26,1.145941113057917,1.1557723001828668,1.0410117475531833,1.041219949902694,-0.0008509669043119672,0.0008502217039574322,-0.0017011886082693994,-0.010491641094674153,-1
2018-12-27,1.1434854674859511,1.1532955872882824,1.0432367972423064,1.043445444601755,-0.0021429072960066353,0.002137391527379906,-0.004280298823386541,-0.012612065776431924,-1
2018-12-28,1.1399378433511325,1.1497175275958937,1.0464512839208484,1.0466605741776325,-0.003102465431955581,0.0030812627459453346,-0.006183728177900916,-0.015675402710290554,-1
2018-12-29,1.1394874675036784,1.1492632879118232,1.04685936750213,1.0470687393756304,-0.0003950880743901486,0.00038996901963050945,-0.000785057094020658,-0.016064297620008605,-1
2018-12-30,1.1395198611261173,1.1492959594436243,1.0468300157828265,1.047039381785983,2.8428239329247873e-05,-2.803788189198464e-05,5.646612122123251e-05,-0.01603632606037675,-1
2018-12-31,1.1395146363483044,1.1492906898417208,1.0468347499311013,1.0470441168810876,-4.58506954648108e-06,4.522365812276163e-06,-9.107435358757243e-06,-0.016040837602252944,-1
2019-01-02,1.1347517288942535,1.1444869207466082,1.0511503994983455,1.0513606295782452,-0.004179768562968311,0.004122570030779205,-0.008302338593747516,-0.020153559176487756,-1
2019-01-03,1.1339680122223494,1.1436964804611025,1.0518605217395551,1.052070893843903,-0.0006906503439899625,0.0006755667329323423,-0.0013662170769223048,-0.020830290457899858,-1
2019-01-04,1.1339230791331603,1.1436511618847336,1.0519012354147177,1.0521116156618007,-3.962465316909025e-05,3.870634396974104e-05,-7.833099713883129e-05,-0.02086908971803414,-1
2019-01-07,1.1349178768286972,1.1446544940871353,1.050999853583209,1.0512100535539257,0.0008773061540447991,-0.0008569072847920411,0.0017342134388368402,-0.020010092144828295,-1
2019-01-08,1.131844662519271,1.1415549142475727,1.0537844795984053,1.053995236494325,-0.00270787373445347,0.0026495018107781654,-0.005357375545231635,-0.022663781076338818,-1
2019-01-09,1.1320829123875298,1.1417952080943663,1.0535686024370776,1.053779316157565,0.00021049696672026386,-0.00020485893036681357,0.00041535589708707743,-0.022458054766789637,-1
2019-01-10,1.1324361073676679,1.1421514331830342,1.053248574013706,1.0534592237285088,0.00031198684855437975,-0.000303756606481298,0.0006157434550356777,-0.0221530745359666,-1
2019-01-11,1.1320661930985292,1.1417783453682755,1.053583751711557,1.0537944684618992,-0.00032665354515981626,0.0003182322825974193,-0.0006448858277572356,-0.022472491700793018,-1
2019-01-14,1.133631536531212,1.1433571180985254,1.0521654008884476,1.0523758339686253,0.0013827313652026163,-0.0013462155436673173,0.0027289469088699336,-0.021120833754719404,-1
2019-01-15,1.1337663357987795,1.1434930738276323,1.0520432598629597,1.0522536685149322,0.00011890924275093084,-0.00011608538484997322,0.00023499462760090406,-0.02100443597431656,-1
2019-01-16,1.1302354309529614,1.1399318768613345,1.0552425972670225,1.0554536457864758,-0.003114314417644426,0.003041070197512319,-0.006155384615156745,-0.024053335974171697,-1
2019-01-17,1.1292469029907999,1.1389348681812166,1.0561382981206013,1.0563495257802253,-0.0008746212825128108,0.0008488103644588296,-0.0017234316469716404,-0.024906919697126106,-1
2019-01-18,1.1296732448603157,1.1393648676965318,1.0557519916213833,1.0559631420197075,0.0003775453077503599,-0.0003657726454058263,0.0007433179531561862,-0.024538777880037888,-1
2019-01-21,1.1307537289119807,1.140454621370149,1.054772969758169,1.0549839243521206,0.0009564571495173091,-0.000927321824617966,0.001883778974135275,-0.023605791020064437,-1
2019-01-22,1.1306137048666005,1.1403133960391385,1.0548998449319318,1.0551108249009182,-0.00012383248606651076,0.00012028671325547968,-0.00024411919932199044,-0.023726700342343365,-1
2019-01-23,1.1310734853141176,1.140777121006635,1.0544832398837556,1.0546941365317324,0.00040666449162785057,-0.00039492379317118687,0.0008015882847990374,-0.023329684657248273,-1
2019-01-24,1.1319475613834253,1.1418932226897691,1.0534805472791675,1.0536912433886234,0.0007727845101639375,-0.0009508852930640854,0.0017236698032280229,-0.02257492896601454,0
2019-01-25,1.1319475613834253,1.1418932226897691,1.0536557107653326,1.0538664419074857,0.0,0.0001662712108139175,-0.0001662712108139175,-0.02257492896601454,0
2019-01-28,1.1319475613834253,1.1418932226897691,1.0529796743917013,1.0531902703265796,0.0,-0.0006416103160873377,0.0006416103160873377,-0.02257492896601454,0
2019-01-29,1.1319475613834253,1.1418932226897691,1.0534246843295259,1.0536353692663918,0.0,0.0004226196845458219,-0.0004226196845458219,-0.02257492896601454,0
2019-01-30,1.1319475613834253,1.1418932226897691,1.0547824380547184,1.0549933945423293,0.0,0.0012888949209091116,-0.0012888949209091116,-0.02257492896601454,0
2019-01-31,1.1319475613834253,1.1418932226897691,1.0553600041442357,1.0555710761450645,0.0,0.0005475689286054131,-0.0005475689286054131,-0.02257492896601454,0
2019-02-01,1.1319475613834253,1.1418932226897691,1.0553571636552708,1.0555682350880018,0.0,-2.6914881687822856e-06,2.6914881687822856e-06,-0.02257492896601454,0
2019-02-02,1.1319475613834253,1.1418932226897691,1.055581562283493,1.0557926785959497,0.0,0.0002126281376106931,-0.0002126281376106931,-0.02257492896601454,0
2019-02-03,1.1319475613834253,1.1418932226897691,1.0559688156123659,1.0561800093754883,0.0,0.0003668625359798394,-0.0003668625359798394,-0.02257492896601454,0
2019-02-11,1.1319475613834253,1.1418932226897691,1.0571116390058857,1.0573230613336868,0.0,0.0010822510822510178,-0.0010822510822510178,-0.02257492896601454,0
2019-02-12,1.1319475613834253,1.1418932226897691,1.0570245306776307,1.0572359355837662,0.0,-8.240220336319659e-05,8.240220336319659e-05,-0.02257492896601454,0
2019-02-13,1.1319475613834253,1.1418932226897691,1.0567471095887313,1.056958459010649,0.0,-0.0002624547310378089,0.0002624547310378089,-0.02257492896601454,0
2019-02-14,1.1319475613834253,1.1418932226897691,1.056268013783329,1.0564792673860854,0.0,-0.00045336845594856623,0.00045336845594856623,-0.02257492896601454,0
2019-02-15,1.1319475613834253,1.1418932226897691,1.0563787928529575,1.0565900686115282,0.0,0.00010487780391255086,-0.00010487780391255086,-0.02257492896601454,0
2019-02-18,1.1319475613834253,1.1418932226897691,1.054156583652799,1.0543674149695297,0.0,-0.00210361019663885,0.00210361019663885,-0.02257492896601454,0
2019-02-19,1.1319475613834253,1.1418932226897691,1.053824246443913,1.0540350112932018,0.0,-0.0003152636088792349,0.0003152636088792349,-0.02257492896601454,0
2019-02-20,1.1319475613834253,1.1418932226897691,1.0542531602776037,1.0544640109096592,0.0,0.0004070069891997097,-0.0004070069891997097,-0.02257492896601454,0
2019-02-21,1.1319475613834253,1.1418932226897691,1.0534625575157237,1.0536732500272268,0.0,-0.0007499173743732435,0.0007499173743732435,-0.02257492896601454,0
2019-02-22,1.1319475613834253,1.1418932226897691,1.0526378688862656,1.0528483964600428,0.0,-0.000782836203882642,0.000782836203882642,-0.02257492896601454,0
2019-02-25,1.1319475613834253,1.1418932226897691,1.04993182973243,1.0501418160983764,0.0,-0.002570721834944778,0.002570721834944778,-0.02257492896601454,0
2019-02-26,1.1319475613834253,1.1418932226897691,1.0483174851707469,1.048527148667781,0.0,-0.0015375708364747664,0.0015375708364747664,-0.02257492896601454,0
2019-02-27,1.1319475613834253,1.1418932226897691,1.0500047356158608,1.050214736562984,0.0,0.0016094842154037448,-0.0016094842154037448,-0.02257492896601454,0
2019-02-28,1.1319475613834253,1.1418932226897691,1.0496042266718186,1.049814147517153,0.0,-0.00038143536924839516,0.00038143536924839516,-0.02257492896601454,0
2019-03-01,1.1319475613834253,1.1418932226897691,1.0481044484983841,1.0483140693880837,0.0,-0.0014288987556673183,0.0014288987556673183,-0.02257492896601454,0
2019-03-04,1.1319475613834253,1.1418932226897691,1.0473081647585742,1.047517626391526,0.0,-0.0007597370099428069,0.0007597370099428069,-0.02257492896601454,0
2019-03-05,1.1319475613834253,1.1418932226897691,1.0466804166973451,1.0468897527806846,0.0,-0.0005993919290926408,0.0005993919290926408,-0.02257492896601454,0
2019-03-06,1.1319475613834253,1.1418932226897691,1.046986242675893,1.047195639924428,0.0,0.0002921865869172091,-0.0002921865869172091,-0.02257492896601454,0
2019-03-07,1.1319475613834253,1.1418932226897691,1.0496108544794034,1.0498207766502992,0.0,0.002506825492570419,-0.002506825492570419,-0.02257492896601454,0
2019-03-08,1.1319475613834253,1.1418932226897691,1.050353168928881,1.0505632395626667,0.0,0.000707228251603631,-0.000707228251603631,-0.02257492896601454,0
2019-03-11,1.1319475613834253,1.1418932226897691,1.0502689010895907,1.0504789548698086,0.0,-8.0228100207691e-05,8.0228100207691e-05,-0.02257492896601454,0
2019-03-12,1.1319475613834253,1.1418932226897691,1.0500028419565508,1.0502128425249422,0.0,-0.00025332477498274386,0.00025332477498274386,-0.02257492896601454,0
2019-03-13,1.1319475613834253,1.1418932226897691,1.050087109795841,1.0502971272178003,0.0,8.025486781848556e-05,-8.025486781848556e-05,-0.02257492896601454,0
2019-03-14,1.1319475613834253,1.1418932226897691,1.0499630751110431,1.0501730677260652,0.0,-0.0001181184719256656,0.0001181184719256656,-0.02257492896601454,0
2019-03-15,1.1319475613834253,1.1418932226897691,1.0498314657890055,1.0500414320821634,0.0,-0.00012534661947394277,0.00012534661947394277,-0.02257492896601454,0
2019-03-18,1.1319475613834253,1.1418932226897691,1.0501335044489335,1.0503435311498233,0.0,0.0002877020453000423,-0.0002877020453000423,-0.02257492896601454,0
2019-03-19,1.1319475613834253,1.1418932226897691,1.0500937376034256,1.0503037563509463,0.0,-3.786837134456267e-05,3.786837134456267e-05,-0.02257492896601454,0
2019-03-20,1.1319475613834253,1.1418932226897691,1.0498522960414145,1.0500622665006227,0.0,-0.00022992381857467326,0.00022992381857467326,-0.02257492896601454,0
2019-03-21,1.1319475613834253,1.1418932226897691,1.0505501094971097,1.050760219519009,0.0,0.0006646777440277862,-0.0006646777440277862,-0.02257492896601454,0
2019-03-22,1.1319475613834253,1.1418932226897691,1.0517658387740603,1.0519761919418151,0.0,0.0011572311172596272,-0.0011572311172596272,-0.02257492896601454,0
2019-03-25,1.1319475613834253,1.1418932226897691,1.052855639706903,1.0530662108348445,0.0,0.0010361630818063183,-0.0010361630818063183,-0.02257492896601454,0
2019-03-26,1.1319475613834253,1.1418932226897691,1.0542417983217443,1.0544526466814086,0.0,0.0013165704419144664,-0.0013165704419144664,-0.02257492896601454,0
2019-03-27,1.1319475613834253,1.1418932226897691,1.0538365552294273,1.0540473225404732,0.0,-0.0003843929286071468,0.0003843929286071468,-0.02257492896601454,0
2019-03-28,1.1317212171399973,1.1418932226897691,1.0542815651672521,1.0544924214802855,-0.00019996000799848979,0.0004222760499401623,-0.0006222360579386521,-0.022770374891036393,-1
2019-03-29,1.131802527275348,1.14197526364746,1.0542058187948564,1.0544166599586153,7.184643542879066e-05,-7.184643542890168e-05,0.00014369287085769233,-0.022700164425876856,-1
2019-04-01,1.1363081251504732,1.1465213582154956,1.0500085229344804,1.0502185246390674,0.003980904589400147,-0.00398147665811055,0.007962381247510697,-0.01880962702521971,-1
2019-04-02,1.138761658484683,1.1489969441138124,1.0477228761474409,1.0479324207226703,0.0021592148114621956,-0.00217678879467742,0.004336003606139616,-0.016691026239028517,-1
2019-04-03,1.1435264324162389,1.153804544234487,1.0432841387250535,1.0434927955527986,0.004184171372520806,-0.004236556749346643,0.008420728121867449,-0.012576692980674986,-1
2019-04-04,1.1451170619390383,1.1554094704693112,1.0418023503150633,1.0420107107851262,0.0013909862314580579,-0.0014203114520662252,0.002811297683524283,-0.011203200755990239,-1
2019-04-08,1.1438252471636527,1.1541060447540004,1.0430057708064997,1.043214371960661,-0.001128107176394777,0.001155133208398329,-0.002283240384793106,-0.012318669521213632,-1
2019-04-09,1.1464414007685642,1.1567457125676985,1.0405686312746685,1.0407767450009233,0.0022871969397411096,-0.002336650093457071,0.004623847033198181,-0.010059647804703031,-1
2019-04-10,1.1464678265625532,1.1567723758789479,1.0405440137036397,1.0407521225063805,2.305027886406741e-05,-2.365780621182978e-05,4.670808507589719e-05,-0.010036829403526126,-1
2019-04-11,1.1453904672691555,1.1556853331895462,1.0415476531378827,1.0417559626685102,-0.0009397204774842516,0.0009645333796797217,-0.0019042538571639733,-0.01096711806689088,-1
2019-04-12,1.148208879835752,1.1585290778855,1.0389220945047173,1.0391298789236183,0.0024606565596063668,-0.0025208242995462538,0.0049814808591526205,-0.008533447818295792,-1
2019-04-15,1.1513189925129192,1.1616671445171691,1.0360247957605824,1.0362320007197345,0.0027086645398632925,-0.002788754575015706,0.005497419114878999,-0.005847897525940615,-1
2019-04-16,1.1533802044440615,1.1637468827946282,1.0341046252203518,1.034311446145396,0.0017903048108702801,-0.0018534021078335794,0.0036437069187038595,-0.004068062234144465,-1
2019-04-17,1.1532064040297492,1.1635715202475643,1.0342665330913476,1.0344733863979658,-0.0001506878769400588,0.00015656817216269658,-0.0003072560491027554,-0.004218137103423225,-1
2019-04-18,1.151383024244508,1.1617317517713504,1.0359651454923207,1.0361723385214192,-0.001581139142888488,0.0016423352652590317,-0.0032234744081475197,-0.005792606784627452,-1
2019-04-19,1.1520772095250653,1.1624321764476349,1.0353184608379926,1.0355255245301602,0.0006029142917169938,-0.0006242339881239456,0.0012271482798409394,-0.005193184938327211,-1
2019-04-22,1.1552432229202863,1.1656266462377163,1.0323690864628359,1.0325755602801283,0.002748091333675484,-0.0028487605376702474,0.005596851871345732,-0.002459364951174825,-1
2019-04-23,1.154963719330018,1.1653446304456545,1.032629464617946,1.0328359905108695,-0.00024194350135353648,0.00025221421149113077,-0.0004941577128446673,-0.0027007134251609832,-1
2019-04-24,1.1567413621641245,1.1671382508831674,1.0309734595514453,1.0311796542433556,0.0015391330518483848,-0.0016036779147236002,0.003142810966571985,-0.0011657371306089681,-1
2019-04-25,1.1562382557016415,1.166630622457456,1.0314421402306437,1.0316484286586898,-0.00043493427220564485,0.0004546001401455335,-0.0008895344123511784,-0.001600164383784075,-1
2019-04-26,1.1559841615286703,1.1663742444646727,1.0316788476443801,1.031885183413909,-0.0002197593547161869,0.00022949170341579617,-0.00044925105813198307,-0.0018195720874077947,-1
2019-04-28,1.1561071431083885,1.16649833141318,1.0315642812561314,1.0317705941123827,0.00010638690720088384,-0.00011104849974419295,0.0002174354069450768,-0.0017133787588538008,-1
2019-04-29,1.1563155003302248,1.1667085613672623,1.0313701811768676,1.031576455213103,0.0001802231074155003,-0.00018816091521456357,0.00036838402263006387,-0.001533464441882404,-1
2019-04-30,1.1548813928179753,1.1652615639759927,1.0327061578199965,1.0329126990515605,-0.001240238941569105,0.0012953415442014116,-0.0025355804857705166,-0.0027718015211350977,-1
2019-05-05,1.1546079874878583,1.1649857012557576,1.032960854997177,1.0331674471681764,-0.00023673888229325257,0.0002466308303206155,-0.0004833697126138681,-0.003007884210234346,-1
2019-05-06,1.1519450805551203,1.1622988598913875,1.0354415486931356,1.0356486370028744,-0.002306329907288962,0.0024015369836696276,-0.00470786689095859,-0.005307276944211514,-1
2019-05-07,1.152220518638621,1.1625767736355646,1.0351849578566454,1.0353919948482166,0.00023910695757112244,-0.00024780813249580813,0.00048691509006693057,-0.005069438993483555,-1
2019-05-08,1.1512834193287032,1.1616312515981793,1.0360579347985057,1.0362651463854653,-0.0008132985784917723,0.000843305281085005,-0.0016566038595767774,-0.005878614604448051,-1
2019-05-09,1.1487008061546242,1.1590254256795287,1.0384638289517234,1.0386715217175138,-0.0022432470847055797,0.0023221617946351802,-0.00456540887934076,-0.008108674504080038,-1
2019-05-10,1.1482556331635785,1.1585762514361722,1.0388785403405898,1.0390863160486579,-0.00038754477115410246,0.00039935082696618274,-0.0007868955981202852,-0.008493076800829114,-1
2019-05-13,1.1461059964602422,1.1564072936172243,1.0408810850608008,1.0410892612778129,-0.0018720889680408082,0.001927602354317992,-0.0037996913223588002,-0.010349265973486399,-1
2019-05-14,1.1472616167589154,1.1575733007284035,1.039804539743127,1.0400125006510756,0.0010083014156128112,-0.0010342635034154002,0.0020425649190282114,-0.009351399737405286,-1
2019-05-15,1.1467686740633511,1.1570759274224036,1.0402637521257758,1.040471804876201,-0.0004296689511471552,0.0004416333696353192,-0.0008713023207824744,-0.009777050682435506,-1
2019-05-16,1.145659807092505,1.1559570938618966,1.0412967432793219,1.0415050026279777,-0.00096694912925821,0.000993008889750513,-0.001959958019008723,-0.010734545901049608,-1
2019-05-17,1.145444383206805,1.1559652979576658,1.0412891686420824,1.0414974264758108,-0.00018803477643736244,-7.27423502311364e-06,-0.0001807605414142488,-0.01092056220954829,0
2019-05-20,1.145444383206805,1.1559652979576658,1.04098239583388,1.0411905923130467,0.0,-0.00029460866149455534,0.00029460866149455534,-0.01092056220954829,0
2019-05-21,1.145444383206805,1.1559652979576658,1.039595290389384,1.0398032094474619,0.0,-0.0013324965436950498,0.0013324965436950498,-0.01092056220954829,0
2019-05-22,1.145444383206805,1.1559652979576658,1.0383341132889958,1.0385417801116537,0.0,-0.0012131423757371085,0.0012131423757371085,-0.01092056220954829,0
2019-05-23,1.145444383206805,1.1559652979576658,1.0389580740316053,1.0391658656464116,0.0,0.0006009248223899366,-0.0006009248223899366,-0.01092056220954829,0
2019-05-24,1.145444383206805,1.1559652979576658,1.0392705278177374,1.0394783819233009,0.0,0.00030073762738047627,-0.00030073762738047627,-0.01092056220954829,0
2019-05-27,1.145444383206805,1.1559652979576658,1.0369318585700207,1.0371392449417347,0.0,-0.0022502988251071887,0.0022502988251071887,-0.01092056220954829,0
2019-05-28,1.145444383206805,1.1559652979576658,1.0381561093138658,1.0383637405357287,0.0,0.0011806472467086326,-0.0011806472467086326,-0.01092056220954829,0
2019-05-29,1.145444383206805,1.1559652979576658,1.040275114081635,1.0404831691044514,0.0,0.0020411234387185395,-0.0020411234387185395,-0.01092056220954829,0
2019-05-30,1.145444383206805,1.1559652979576658,1.040999438767669,1.0412076386554225,0.0,0.000696281854895231,-0.000696281854895231,-0.01092056220954829,0
2019-05-31,1.145444383206805,1.1559652979576658,1.041434033579289,1.041642320386005,0.0,0.00041747843028083764,-0.00041747843028083764,-0.01092056220954829,0
2019-06-03,1.145444383206805,1.1559652979576658,1.0436713920539267,1.0438801263323374,0.0,0.0021483439204958987,-0.0021483439204958987,-0.01092056220954829,0
2019-06-04,1.145444383206805,1.1559652979576658,1.0453094073569833,1.0455184692384547,0.0,0.001569474180788788,-0.001569474180788788,-0.01092056220954829,0
2019-06-05,1.145444383206805,1.1559652979576658,1.0452147243914889,1.045423767336367,0.0,-9.057888968377892e-05,9.057888968377892e-05,-0.01092056220954829,0
2019-06-06,1.145444383206805,1.1559652979576658,1.0462600243305493,1.0464692763354153,0.0,0.001000081528385488,-0.001000081528385488,-0.01092056220954829,0
2019-06-10,1.1452153401387775,1.1559652979576658,1.0456048182093263,1.0458139391729682,-0.00019996000799826774,-0.0006262364096748518,0.0004262764016765841,-0.011118338541839856,-1
2019-06-11,1.148037099499288,1.1588135447332828,1.0430284947182182,1.0432371004171619,0.0024639552594261094,-0.0024639552594259984,0.004927910518852108,-0.008681778371139925,-1
2019-06-12,1.1474947326688774,1.158266086790009,1.043523686627755,1.0437323913650807,-0.0004724297068858796,0.00047476354868969395,-0.0009471932555755735,-0.009150106548014736,-1
2019-06-13,1.1465925163353072,1.1573554014924028,1.0443474284275582,1.0445562979132437,-0.0007862487799588092,0.0007893848605058373,-0.0015756336404646465,-0.009929161067863679,-1
2019-06-14,1.1454289683740824,1.1561809314879035,1.0454097713004078,1.0456188532546677,-0.0010147876814543544,0.0010172312814031859,-0.0020320189628575402,-0.01093387275897928,-1
2019-06-17,1.144725861852059,1.1554712250145966,1.046051721806461,1.0462609321508223,-0.0006138368606316558,0.0006140659133639925,-0.0012279027739956483,-0.011540998005482028,-1
2019-06-18,1.1455098567350233,1.1562625791352752,1.0453359185873219,1.0455449857710393,0.0006848756624540098,-0.0006842904650097292,0.001369166127463739,-0.010864026491682277,-1
2019-06-19,1.1462523704072487,1.1570120626675582,1.0446579885543803,1.0448669201520913,0.0006481949219903083,-0.0006485284021022775,0.0012967233240925857,-0.010222873576496316,-1
2019-06-20,1.145731781212476,1.1564865867831922,1.0451332970411635,1.0453423237005717,-0.00045416629724193136,0.0004549895678689353,-0.0009091558651108667,-0.010672396989098831,-1
2019-06-21,1.1457981511496582,1.1565535797246251,1.0450726999432467,1.0452817144832354,5.7927988269534936e-05,-5.798025772252302e-05,0.00011590824599205796,-0.010615087231316878,-1
2019-06-24,1.1461963707727514,1.1569555373732239,1.0447091173557475,1.0449180591792187,0.0003475477968728491,-0.00034790171776466483,0.0006954495146375139,-0.010271228684624822,-1
2019-06-25,1.145995186900668,1.156752465019505,1.044892802308807,1.0451017808692689,-0.00017552304056578372,0.00017582401647309176,-0.0003513470570388755,-0.010444948887901484,-1
2019-06-26,1.1461362230171799,1.1568948250200501,1.0447640334757344,1.0449729862824295,0.00012306868137335059,-0.00012323640548406178,0.00024630508685741237,-0.010323165652614819,-1
2019-06-27,1.1466454048789994,1.1574087864926073,1.044299140115156,1.044507999943179,0.00044425946200266075,-0.00044497450685765383,0.0008892339688603146,-0.00988349235463104,-1
2019-06-28,1.145263043531127,1.1560134491343208,1.045561264045199,1.045770376298008,-0.0012055700410871228,0.0012085846684732893,-0.002414154709560412,-0.011077147153434108,-1
2019-07-01,1.1455388935825406,1.1562918885471523,1.0453094073569833,1.0455184692384547,0.00024086174173842956,-0.000240881808533433,0.00048174355027186255,-0.010838953472652624,-1
2019-07-02,1.14181491788846,1.152532956473929,1.0487094726478945,1.048919214542424,-0.003250850507951153,0.0032526879285512678,-0.006503538436502421,-0.014054568163201497,-1
2019-07-03,1.1398725601956132,1.1505723661723009,1.0504828845916085,1.0506929811685268,-0.0017011143070706503,0.0016910421713234314,-0.0033921564783940816,-0.01573177404329007,-1
2019-07-04,1.139710783473732,1.1504090708775576,1.05063059001778,1.0508407161357836,-0.00014192527088607854,0.00014060717060493388,-0.0002825324414910124,-0.01587146657788352,-1
2019-07-05,1.1405943332624693,1.1513009144103858,1.049823891151766,1.0500338559299964,0.0007752403518062057,-0.0007678235087369423,0.001543063860543148,-0.015108530427410893,-1
2019-07-08,1.1408940350100576,1.1516034294115447,1.0495502573814866,1.0497601674329629,0.00026275928158536743,-0.0002606473072158666,0.000523406588801234,-0.014849741052426535,-1
2019-07-09,1.1407695913778408,1.1514778176463576,1.0496638769400803,1.0498738097154683,-0.00010907553935601833,0.00010825547208881403,-0.00021733101144483236,-0.014957196848267906,-1
2019-07-10,1.1408297391334123,1.1515385299995313,1.0496089608200931,1.0498188826122572,5.2725595094837985e-05,-5.2317814486779746e-05,0.00010504340958161773,-0.0149052598802778,-1
2019-07-11,1.1401328547929994,1.1508351041144838,1.050245230348217,1.0504552793942867,-0.0006108574456888949,0.0006061967379038524,-0.0012170541835927473,-0.015507012336988923,-1
2019-07-12,1.1394733035422517,1.1501693617589923,1.0508474140087627,1.0510575834915645,-0.000578486312340698,0.0005733743350073706,-0.0011518606473480686,-0.016076528054947303,-1
2019-07-15,1.1402863352727333,1.1509900252915477,1.050105099559285,1.050315120579197,0.0007135153829003205,-0.0007063960376947342,0.0014199114205950547,-0.01537448352211801,-1
2019-07-16,1.1398269308638005,1.1505263085250654,1.0505245450964262,1.0507346500054455,-0.0004028851304465064,0.00039943195906499973,-0.0008023170895115062,-0.01577117450176513,-1
2019-07-17,1.140371371754748,1.151075859997759,1.0500274595275796,1.050237465019485,0.00047765224369178405,-0.0004731784432518982,0.0009508306869436822,-0.01530105539495985,-1
2019-07-18,1.1393073786992962,1.1500018794054094,1.0509989067535543,1.051209106534905,-0.0009330232955729878,0.0009251636394460583,-0.001858186935019046,-0.016219802449402465,-1
2019-07-19,1.1387670859294228,1.1494565149915557,1.0514922050037812,1.0517025034447818,-0.00047422915007389044,0.0004693613352564352,-0.0009435904853303256,-0.016686339696346364,-1
2019-07-22,1.1385337541190168,1.1492209929318298,1.0517052416761439,1.051915582724479,-0.0002048986252667362,0.0002026041385270183,-0.0004075027637937545,-0.016887819313548547,-1
2019-07-23,1.1382859038848523,1.1489708161661656,1.051931533963676,1.0521419202704687,-0.00021769247795055957,0.00021516702452806236,-0.0004328595024786219,-0.017101835440265556,-1
2019-07-24,1.1393053046387596,1.1499997858759896,1.051000800412864,1.0512110005729465,0.0008955577420648453,-0.0008847852933022704,0.0017803430353671157,-0.01622159337933282,-1
2019-07-25,1.1388106412006986,1.149500479109371,1.0514524381582735,1.051662728645905,-0.0004341798779018413,0.0004297215998618764,-0.0008639014777637177,-0.016648730167801884,-1
2019-07-26,1.139161157431442,1.1498542855813145,1.0511324097349015,1.0513426362168485,0.0003077914958484751,-0.0003043679502351404,0.0006121594460836155,-0.016346063009515688,-1
2019-07-29,1.1400332998872262,1.150734614702334,1.0503361259950919,1.0505461932202909,0.000765600591360327,-0.0007575484614830152,0.0015231490528433422,-0.015592976973661798,-1
2019-07-30,1.1397035242618525,1.1504017435245883,1.0506372178253647,1.0508473452689298,-0.00028926841470888753,0.0002866623577166827,-0.0005759307724255702,-0.01587773483264099,-1
2019-07-31,1.1386426422972062,1.1493309032263685,1.0516058245623745,1.051816145727287,-0.0009308402949208539,0.000921923115397183,-0.0018527634103180368,-0.016793795492187513,-1
2019-08-01,1.1379509431081358,1.1486327111648704,1.0522373599422234,1.0524478074142118,-0.0006074769759851772,0.0006005438207912217,-0.001208020796776399,-0.017391070624071747,-1
2019-08-02,1.1342497820799617,1.1448968079152648,1.055616594980726,1.055827718299722,-0.0032524785453975635,0.0032114760102113227,-0.006463954555608886,-0.020586985085383036,-1
2019-08-05,1.1314653558091163,1.142086244669204,1.0581588326042561,1.058370464370777,-0.0024548616317469074,0.0024082963792140255,-0.004863158010960933,-0.022991308517330444,-1
2019-08-06,1.1314840223539488,1.1421050864339821,1.058141789670467,1.058353418028401,1.649767245348599e-05,-1.6106215120048617e-05,3.260388757353461e-05,-0.02297519014795424,-1
2019-08-07,1.1310743953979026,1.1416916143735747,1.0585157873841706,1.0587274905416475,-0.00036202628402481896,0.00035344763561417913,-0.0007154739196389981,-0.02332889880926503,-1
2019-08-08,1.1313180975109933,1.1419376040803992,1.0582932824152584,1.0585049410717415,0.00021546072838574126,-0.00021020467674082166,0.0004256654051265629,-0.02311846454240929,-1
2019-08-09,1.1293446289100926,1.1399456108374744,1.0600950992486207,1.0603071182684705,-0.0017443976236591885,0.0017025685254754563,-0.003446966149134645,-0.024822534371457983,-1
2019-08-12,1.1304023997839332,1.1410133108415643,1.0591293330005758,1.059341158867176,0.0009366236370746961,-0.0009110185008207594,0.0018476421378954555,-0.02390916010680766,-1
2019-08-13,1.1283013764600105,1.1388925655393227,1.0610476098814965,1.0612598194034728,-0.0018586507993297863,0.0018111828472224811,-0.0036698336465522674,-0.02572337212659359,-1
2019-08-14,1.1286508556604853,1.1392453252465564,1.0607285282877796,1.0609406739934373,0.0003097392308173408,-0.00030072316335783,0.0006104623941751708,-0.025421600433272906,-1
2019-08-15,1.1282350065228282,1.1388255725978895,1.061108206979413,1.0613204286208089,-0.00036844798865076633,0.0003579414350685095,-0.0007263894237192758,-0.025780681884375767,-1
2019-08-16,1.12842374603169,1.13901608377509,1.060935883982213,1.0611480711590093,0.00016728740711879908,-0.00016239908057136265,0.00032968648769016173,-0.025617707260683242,-1
2019-08-19,1.1283936721539043,1.1389857275985031,1.0609633420422062,1.0611755347106147,-2.6651227334917316e-05,2.588097962163971e-05,-5.2532206956557026e-05,-0.025643675744678185,-1
2019-08-20,1.1290107051636447,1.139608552600889,1.0603999783975133,1.0606120583931928,0.0005468242378234844,-0.0005309925634268131,0.0010778168012502976,-0.025110874090298774,-1
2019-08-21,1.130667879532662,1.1412812826072969,1.0588869446089095,1.0590987219978314,0.0014678110326482585,-0.0014268519609839103,0.002894662993632169,-0.023679921075679622,-1
2019-08-22,1.1307975083162207,1.1414121281960334,1.0587685909020415,1.0589803446202217,0.00011464797568350171,-0.00011177180667931719,0.0002264197823628189,-0.023567987955011804,-1
2019-08-23,1.1310069884304519,1.1416235746674317,1.0585773313117421,1.0587890467780046,0.00018524989017976168,-0.00018064343043677766,0.00036589332061653934,-0.023387104032012385,-1
2019-08-26,1.129910847436678,1.1405171443690756,1.0595781302570202,1.0597900458830716,-0.0009691726089996466,0.0009454188330653146,-0.0019145914420649612,-0.02433361050038041,-1
2019-08-27,1.130304918938697,1.1409149149588345,1.0592183349881408,1.0594301786551383,0.00034876335855438256,-0.0003395646423847154,0.000688328000939098,-0.023993333813549955,-1
2019-08-28,1.1305849171111841,1.1411975414305053,1.0589626909813055,1.0591744835195016,0.00024771914887367075,-0.00024135156878513087,0.0004890707176588016,-0.023751558272907203,-1
2019-08-29,1.1289785572253221,1.1395761028948823,1.0604293301168168,1.0606414159828401,-0.0014208219670632793,0.0013849771554768076,-0.002805799122540087,-0.025138633504224406,-1
2019-08-30,1.130771582559509,1.141385959078286,1.0587922616434151,1.0590040200957438,0.0015881836928715032,-0.0015437789458552231,0.0031319626387267263,-0.023590374579145257,-1
2019-09-02,1.1318055017371749,1.1424295834940486,1.0578482724774338,1.0580598421319294,0.0009143483914988426,-0.0008915716521350481,0.0018059200436338907,-0.022697596008697807,-1
2019-09-03,1.1315255035646876,1.1421469570223777,1.0581039164842694,1.058315537267566,-0.0002473907151515631,0.00024166415306114963,-0.0004890548682127127,-0.02293937154934056,-1
2019-09-04,1.1308431376480335,1.1414581858432686,1.0587269303972238,1.0589386757833033,-0.0006030495242965728,0.000588802199149363,-0.0011918517234459358,-0.023528587496536635,-1
2019-09-05,1.127752787447989,1.1383388270077897,1.061548482768963,1.0617607924655168,-0.0027327841476511017,0.0026650426004377614,-0.005397826748088863,-0.02619707309326058,-1
2019-09-06,1.1278772310802057,1.1384644387729768,1.0614348632103696,1.0616471501830116,0.00011034655254404946,-0.00010703190710326105,0.0002173784596473105,-0.02608961729741921,-1
2019-09-09,1.1283915980933672,1.1389836340690833,1.060965235701516,1.0611774287486564,0.00045604876043903175,-0.0004424459051902696,0.0008984946656293014,-0.025645466674608985,-1
2019-09-10,1.1300384021596996,1.140645896428392,1.059461670209462,1.0596735625435039,0.0014594260264919612,-0.0014171675390097782,0.0028765935655017394,-0.024223468309643392,-1
2019-09-11,1.1306056577165537,1.1412184767247033,1.0589437543882063,1.059155543139084,0.0005019790086513432,-0.0004888480969332809,0.000990827105584624,-0.023733648973600197,-1
2019-09-12,1.1334294911376008,1.14406881702974,1.0563655372377885,1.056576810345236,0.0024976289493812143,-0.002434706413569021,0.004932335362950235,-0.02129529787296991,-1
2019-09-16,1.1335435644671328,1.1441839611478282,1.0562613859757441,1.0564726382529392,0.00010064439863599617,-9.859396049272107e-05,0.00019923835912871724,-0.021196796726781986,-1
2019-09-17,1.1344893360719788,1.14513861056325,1.0553978773304336,1.0556089569058995,0.0008343495869880257,-0.0008175141653151696,0.0016518637523031954,-0.020380132678388452,-1
2019-09-18,1.1371887258608095,1.1478633391030997,1.0529332797386088,1.0531438663945565,0.00237938753851763,-0.0023352307644002313,0.004714618302917861,-0.018049237373599203,-1
2019-09-19,1.1361537696528752,1.146818667922627,1.053878215734245,1.0540889913773919,-0.0009101006582270532,0.0008974319777135253,-0.0018075326359405786,-0.018942911409012053,-1
2019-09-20,1.1357026614860901,1.146363325273824,1.0542900866341467,1.0545009446514735,-0.0003970485147647418,0.0003908145113471484,-0.0007878630261118902,-0.019332438668936525,-1
2019-09-23,1.135504588704812,1.1461633932142345,1.0544709310982414,1.054681825284461,-0.00017440549185543386,0.00017153197814101517,-0.00034593746999644903,-0.019503472477317207,-1
2019-09-24,1.1366473960606676,1.1473169279245359,1.0534275248184906,1.0536382103234543,0.00100643129690825,-0.0009895069166716564,0.0019959382135799064,-0.018516670085508502,-1
2019-09-25,1.1362486069005509,1.1471473520415332,1.053580911222592,1.0537916274048365,-0.00035084685145003736,0.00014560698338295097,-0.0004964538348329883,-0.018861020421559682,0
2019-09-26,1.1362486069005509,1.1471473520415332,1.0525346644538767,1.0527451713867675,0.0,-0.0009930388426468983,0.0009930388426468983,-0.018861020421559682,0
2019-09-27,1.1362486069005509,1.1471473520415332,1.0514458103506885,1.0516560995127586,0.0,-0.0010345066437817962,0.0010345066437817962,-0.018861020421559682,0
2019-09-29,1.1362486069005509,1.1471473520415332,1.051822648553357,1.0520330130830677,0.0,0.0003584000230529849,-0.0003584000230529849,-0.018861020421559682,0
2019-09-30,1.1362486069005509,1.1471473520415332,1.0515130352561899,1.0517233378632411,0.0,-0.0002943588423324206,0.0002943588423324206,-0.018861020421559682,0
2019-10-08,1.1362486069005509,1.1471473520415332,1.0538204591252933,1.0540312232171183,0.0,0.002194384464802468,-0.002194384464802468,-0.018861020421559682,0
2019-10-09,1.1362486069005509,1.1471473520415332,1.0537466064122076,1.05395735573349,0.0,-7.008092549942724e-05,7.008092549942724e-05,-0.018861020421559682,0
2019-10-10,1.1362486069005509,1.1471473520415332,1.0528196601800153,1.0530302241120513,0.0,-0.0008796671102443421,0.0008796671102443421,-0.018861020421559682,0
2019-10-11,1.1362486069005509,1.1471473520415332,1.0509042237880595,1.0511144046328171,0.0,-0.0018193394979234556,0.0018193394979234556,-0.018861020421559682,0
2019-10-12,1.1362486069005509,1.1471473520415332,1.0498844882496825,1.0500944651473325,0.0,-0.0009703410789436706,0.0009703410789436706,-0.018861020421559682,0
2019-10-14,1.1362486069005509,1.1471473520415332,1.050267007430281,1.0504770608317668,0.0,0.00036434406344665327,-0.00036434406344665327,-0.018861020421559682,0
2019-10-15,1.1362486069005509,1.1471473520415332,1.049822944322111,1.0500329089109754,0.0,-0.000422809728410356,0.000422809728410356,-0.018861020421559682,0
2019-10-16,1.1362486069005509,1.1471473520415332,1.050017044401375,1.0502270478102553,0.0,0.0001848883950514857,-0.0001848883950514857,-0.018861020421559682,0
2019-10-17,1.1362486069005509,1.1471473520415332,1.0506599417370834,1.0508700737254308,0.0,0.0006122732379787443,-0.0006122732379787443,-0.018861020421559682,0
2019-10-18,1.1362486069005509,1.1471473520415332,1.0491118752512467,1.049321697626297,0.0,-0.0014734229643106334,0.0014734229643106334,-0.018861020421559682,0
2019-10-21,1.1362486069005509,1.1471473520415332,1.0467192367131979,1.0469285805605406,0.0,-0.0022806324039329473,0.0022806324039329473,-0.018861020421559682,0
2019-10-22,1.1362486069005509,1.1471473520415332,1.0468612611614398,1.0470706334136721,0.0,0.00013568533304875174,-0.00013568533304875174,-0.018861020421559682,0
2019-10-23,1.1362486069005509,1.1471473520415332,1.0464957849146308,1.0467050840716137,0.0,-0.0003491162204278808,0.0003491162204278808,-0.018861020421559682,0
2019-10-24,1.1362486069005509,1.1471473520415332,1.0465308176118637,1.0467401237753862,0.0,3.347619525850831e-05,-3.347619525850831e-05,-0.018861020421559682,0
2019-10-25,1.1362486069005509,1.1471473520415332,1.0454201864266122,1.0456292704638974,0.0,-0.001061250339274289,0.001061250339274289,-0.018861020421559682,0
2019-10-28,1.1362486069005509,1.1471473520415332,1.0416489639109618,1.041857293703744,0.0,-0.00360737487625995,0.00360737487625995,-0.018861020421559682,0
2019-10-29,1.1362486069005509,1.1471473520415332,1.0416196121916586,1.041827936114097,0.0,-2.817812940847375e-05,2.817812940847375e-05,-0.018861020421559682,0
2019-10-30,1.1362486069005509,1.1471473520415332,1.040344232646446,1.0405523014929754,0.0,-0.0012244196732519308,0.0012244196732519308,-0.018861020421559682,0
2019-10-31,1.1362486069005509,1.1471473520415332,1.0426592311527894,1.04286776299902,0.0,0.0022252235689856903,-0.0022252235689856903,-0.018861020421559682,0
2019-11-01,1.1362486069005509,1.1471473520415332,1.043474451485698,1.043683146375995,0.0,0.0007818665087799825,-0.0007818665087799825,-0.018861020421559682,0
2019-11-04,1.1362486069005509,1.1471473520415332,1.0418979801102128,1.0421063597062348,0.0,-0.0015107905835552993,0.0015107905835552993,-0.018861020421559682,0
2019-11-05,1.1362486069005509,1.1471473520415332,1.0451399248487478,1.0453489528337176,0.0,0.003111575989610982,-0.003111575989610982,-0.018861020421559682,0
2019-11-06,1.1362486069005509,1.1471473520415332,1.0448359925295103,1.0450449597280163,0.0,-0.00029080538596926164,0.00029080538596926164,-0.018861020421559682,0
2019-11-07,1.1362486069005509,1.1471473520415332,1.044453473348912,1.0446623640435817,0.0,-0.00036610452102858737,0.00036610452102858737,-0.018861020421559682,0
2019-11-08,1.1362486069005509,1.1471473520415332,1.0442641074179229,1.0444729602394065,0.0,-0.00018130623892886888,0.00018130623892886888,-0.018861020421559682,0
2019-11-11,1.1362486069005509,1.1471473520415332,1.0458358446451332,1.0460450118140623,0.0,0.0015051146697904194,-0.0015051146697904194,-0.018861020421559682,0
2019-11-12,1.1362486069005509,1.1471473520415332,1.045911591017529,1.0461207733357325,0.0,7.242663634410285e-05,-7.242663634410285e-05,-0.018861020421559682,0
2019-11-13,1.1362486069005509,1.1471473520415332,1.0471140646793105,1.0473234874922464,0.0,0.001149689583812341,-0.001149689583812341,-0.018861020421559682,0
2019-11-14,1.1362486069005509,1.1471473520415332,1.046104744267138,1.0463139652159914,0.0,-0.0009639068428343167,0.0009639068428343167,-0.018861020421559682,0
2019-11-15,1.1362486069005509,1.1471473520415332,1.0468271752938618,1.0470365407289206,0.0,0.0006905914830066529,-0.0006905914830066529,-0.018861020421559682,0
2019-11-18,1.1362486069005509,1.1471473520415332,1.049873126293823,1.0500831009190819,0.0,0.0029096980589047305,-0.0029096980589047305,-0.018861020421559682,0
2019-11-19,1.1362486069005509,1.1471473520415332,1.0517582641368208,1.0519686157896482,0.0,0.001795586338753763,-0.001795586338753763,-0.018861020421559682,0
2019-11-20,1.1362486069005509,1.1471473520415332,1.051476108899647,1.0516864041214269,0.0,-0.00026827004530882714,0.00026827004530882714,-0.018861020421559682,0
2019-11-21,1.1362486069005509,1.1471473520415332,1.0516105587106492,1.0518208808223914,0.0,0.00012786768036310292,-0.00012786768036310292,-0.018861020421559682,0
2019-11-22,1.1362486069005509,1.1471473520415332,1.051739327543722,1.0519496754092306,0.0,0.00012244916333914446,-0.00012244916333914446,-0.018861020421559682,0
2019-11-25,1.1362486069005509,1.1471473520415332,1.0501514942123775,1.05036152451122,0.0,-0.0015097213632323525,0.0015097213632323525,-0.018861020421559682,0
2019-11-26,1.1362486069005509,1.1471473520415332,1.0508843403653056,1.0510945172333788,0.0,0.000697848031419257,-0.000697848031419257,-0.018861020421559682,0
2019-11-27,1.1362486069005509,1.1471473520415332,1.050929788188743,1.0511399741463807,0.0,4.324721731174819e-05,-4.324721731174819e-05,-0.018861020421559682,0
2019-11-28,1.1362486069005509,1.1471473520415332,1.0511011643562882,1.0513113845891595,0.0,0.00016307099624679466,-0.00016307099624679466,-0.018861020421559682,0
2019-11-29,1.1362486069005509,1.1471473520415332,1.051598249925135,1.05180856957512,0.0,0.0004729188642382809,-0.0004729188642382809,-0.018861020421559682,0
2019-12-02,1.1362486069005509,1.1471473520415332,1.0493959241477304,1.04960580333256,0.0,-0.002094265350442992,0.002094265350442992,-0.018861020421559682,0
2019-12-03,1.1362486069005509,1.1471473520415332,1.050332338676472,1.0505424051442074,0.0,0.0008923367312505537,-0.0008923367312505537,-0.018861020421559682,0
2019-12-04,1.1362486069005509,1.1471473520415332,1.0504639479985096,1.0506740407881092,0.0,0.00012530255157461312,-0.00012530255157461312,-0.018861020421559682,0
2019-12-05,1.1362486069005509,1.1471473520415332,1.0507574651915428,1.0509676166845812,0.0,0.00027941672209919055,-0.00027941672209919055,-0.018861020421559682,0
2019-12-06,1.1362486069005509,1.1471473520415332,1.050648579781224,1.0508587094971802,0.0,-0.0001036256357207499,0.0001036256357207499,-0.018861020421559682,0
2019-12-09,1.1362486069005509,1.1471473520415332,1.0506949744343166,1.0509051134292033,0.0,4.4158107654235224e-05,-4.4158107654235224e-05,-0.018861020421559682,0
2019-12-10,1.1362486069005509,1.1471473520415332,1.050615440743301,1.0508255638314496,0.0,-7.569627051695615e-05,7.569627051695615e-05,-0.018861020421559682,0
2019-12-11,1.1362486069005509,1.1471473520415332,1.0513473400665743,1.0515576095345875,0.0,0.0006966386509181799,-0.0006966386509181799,-0.018861020421559682,0
2019-12-12,1.1362486069005509,1.1471473520415332,1.0514467571803436,1.0516570465317796,0.0,9.456162581167327e-05,-9.456162581167327e-05,-0.018861020421559682,0
2019-12-13,1.1362486069005509,1.1471473520415332,1.051298104924517,1.051508364545502,0.0,-0.0001413787762543084,0.0001413787762543084,-0.018861020421559682,0
2019-12-16,1.1362486069005509,1.1471473520415332,1.0512687532052138,1.0514790069558548,0.0,-2.7919501771722643e-05,2.7919501771722643e-05,-0.018861020421559682,0
2019-12-17,1.1362486069005509,1.1471473520415332,1.0503550625881906,1.0505651336007082,0.0,-0.0008691313370035036,0.0008691313370035036,-0.018861020421559682,0
2019-12-18,1.1362486069005509,1.1471473520415332,1.0503181362316478,1.0505281998588942,0.0,-3.515607041659763e-05,3.515607041659763e-05,-0.018861020421559682,0
2019-12-19,1.1362486069005509,1.1471473520415332,1.050578514386758,1.0507886300896354,0.0,0.00024790408365649164,-0.00024790408365649164,-0.018861020421559682,0
2019-12-20,1.1362486069005509,1.1471473520415332,1.052580112277314,1.0527906282997694,0.0,0.0019052339859855216,-0.0019052339859855216,-0.018861020421559682,0
2019-12-23,1.1362486069005509,1.1471473520415332,1.053139688603387,1.0533503165411078,0.0,0.000531623502616263,-0.000531623502616263,-0.018861020421559682,0
2019-12-24,1.1362486069005509,1.1471473520415332,1.0541651051196936,1.0543759381407176,0.0,0.0009736756931708612,-0.0009736756931708612,-0.018861020421559682,0
2019-12-25,1.1362486069005509,1.1471473520415332,1.0545684545527008,1.0547793682436113,0.0,0.00038262453485526926,-0.00038262453485526926,-0.018861020421559682,0
2019-12-26,1.1362486069005509,1.1471473520415332,1.056756577885281,1.056967929200858,0.0,0.0020748992852326342,-0.0020748992852326342,-0.018861020421559682,0
2019-12-27,1.1362486069005509,1.1471473520415332,1.0565501690205028,1.056761479054307,0.0,-0.000195322999731129,0.000195322999731129,-0.018861020421559682,0
2019-12-30,1.1362486069005509,1.1471473520415332,1.0563589094302035,1.0565701812120896,0.0,-0.00018102272462516833,0.00018102272462516833,-0.018861020421559682,0
2019-12-31,1.1362486069005509,1.1471473520415332,1.0572006409934505,1.0574120811216492,0.0,0.0007968234619244452,-0.0007968234619244452,-0.018861020421559682,0
2020-01-02,1.1362486069005509,1.1471473520415332,1.055549370075225,1.05576047994924,0.0,-0.0015619276551646077,0.0015619276551646077,-0.018861020421559682,0
2020-01-03,1.1362486069005509,1.1471473520415332,1.0549462395850242,1.0551572288329412,0.0,-0.000571390128495608,0.000571390128495608,-0.018861020421559682,0
2020-01-06,1.1362486069005509,1.1471473520415332,1.0557832369999964,1.0559943936473963,0.0,0.0007934029086653638,-0.0007934029086653638,-0.018861020421559682,0
2020-01-07,1.1362486069005509,1.1471473520415332,1.0552615338601212,1.0554725861668932,0.0,-0.0004941384950926109,0.0004941384950926109,-0.018861020421559682,0
2020-01-08,1.1362486069005509,1.1471473520415332,1.055457527598695,1.0556686191042148,0.0,0.00018573001316268822,-0.00018573001316268822,-0.018861020421559682,0
2020-01-09,1.1362486069005509,1.1471473520415332,1.0560956907861287,1.0563069099242859,0.0,0.0006046318025563213,-0.0006046318025563213,-0.018861020421559682,0
2020-01-10,1.1362486069005509,1.1471473520415332,1.0578463788181238,1.0580579480938874,0.0,0.0016576983007021706,-0.0016576983007021706,-0.018861020421559682,0
2020-01-13,1.1362486069005509,1.1471473520415332,1.0577943031871018,1.0580058620477393,0.0,-4.922797115425315e-05,4.922797115425315e-05,-0.018861020421559682,0
2020-01-14,1.1362486069005509,1.1471473520415332,1.057051041907969,1.0572624521163507,0.0,-0.0007026519966057965,0.0007026519966057965,-0.018861020421559682,0
2020-01-15,1.1362486069005509,1.1471473520415332,1.0572271522237893,1.057438597654234,0.0,0.00016660530933521045,-0.00016660530933521045,-0.018861020421559682,0
2020-01-16,1.1362486069005509,1.1471473520415332,1.0573218351892837,1.0575332995563216,0.0,8.95578261448371e-05,-8.95578261448371e-05,-0.018861020421559682,0
2020-01-17,1.1362486069005509,1.1471473520415332,1.057986509607056,1.0581981069089774,0.0,0.0006286396399381999,-0.0006286396399381999,-0.018861020421559682,0
2020-01-19,1.1362486069005509,1.1471473520415332,1.0583264214531818,1.0585380867374723,0.0,0.00032128183397350796,-0.00032128183397350796,-0.018861020421559682,0
2020-01-20,1.1362486069005509,1.1471473520415332,1.0596444083328664,1.059856337214533,0.0,0.001245350066829909,-0.001245350066829909,-0.018861020421559682,0
2020-01-21,1.1362486069005509,1.1471473520415332,1.0627036149479971,1.0629161556709867,0.0,0.0028870124648170403,-0.0028870124648170403,-0.018861020421559682,0
2020-01-22,1.1362486069005509,1.1471473520415332,1.0631372629299625,1.0633498903825485,0.0,0.0004080610772991822,-0.0004080610772991822,-0.018861020421559682,0
2020-01-23,1.1362486069005509,1.1471473520415332,1.065634052730055,1.065847179540601,0.0,0.002348511229125272,-0.002348511229125272,-0.018861020421559682,0
2020-02-03,1.1362486069005509,1.1471473520415332,1.0771437140155793,1.0773591427583824,0.0,0.010800763410326208,-0.010800763410326208,-0.018861020421559682,0
2020-02-04,1.1362486069005509,1.1471473520415332,1.0765292215695192,1.0767445274138332,0.0,-0.0005704832494164425,0.0005704832494164425,-0.018861020421559682,0
2020-02-05,1.1362486069005509,1.1471473520415332,1.0757963754165911,1.0760115346916743,0.0,-0.0006807489645842546,0.0006807489645842546,-0.018861020421559682,0
2020-02-06,1.1362486069005509,1.1471473520415332,1.076810429977038,1.0770257920630335,0.0,0.0009426082701331495,-0.0009426082701331495,-0.018861020421559682,0
2020-02-07,1.1362486069005509,1.1471473520415332,1.0788091873786294,1.079024949216105,0.0,0.0018561831738888035,-0.0018561831738888035,-0.018861020421559682,0
2020-02-10,1.1362486069005509,1.1471473520415332,1.0795978964811996,1.0798138160604958,0.0,0.0007310923115946277,-0.0007310923115946277,-0.018861020421559682,0
2020-02-11,1.1362486069005509,1.1471473520415332,1.077026307138366,1.0772417123997935,0.0,-0.002381988100583987,0.002381988100583987,-0.018861020421559682,0
2020-02-12,1.1362486069005509,1.1471473520415332,1.076654203083972,1.0768695339245888,0.0,-0.0003454920756601476,0.0003454920756601476,-0.018861020421559682,0
2020-02-13,1.1362486069005509,1.1471473520415332,1.07669207627017,1.076907414685424,0.0,3.5176741138842615e-05,-3.5176741138842615e-05,-0.018861020421559682,0
2020-02-14,1.1362486069005509,1.1471473520415332,1.0747236174175372,1.0749385621410206,0.0,-0.0018282468089222403,0.0018282468089222403,-0.018861020421559682,0
2020-02-17,1.1362486069005509,1.1471473520415332,1.0729947064676058,1.0732093054088991,0.0,-0.0016087028533772196,0.0016087028533772196,-0.018861020421559682,0
2020-02-18,1.1362486069005509,1.1471473520415332,1.073781521910866,1.0739962782152481,0.0,0.0007332892124420898,-0.0007332892124420898,-0.018861020421559682,0
2020-02-19,1.1362486069005509,1.1471473520415332,1.0731187411524035,1.073333364900634,0.0,-0.0006172398620559738,0.0006172398620559738,-0.018861020421559682,0
2020-02-20,1.1362486069005509,1.1471473520415332,1.0723764267029259,1.0725909019882665,0.0,-0.0006917356122961849,0.0006917356122961849,-0.018861020421559682,0
2020-02-21,1.1362486069005509,1.1471473520415332,1.0744490368176027,1.0746639266249662,0.0,0.001932726291876019,-0.001932726291876019,-0.018861020421559682,0
2020-02-24,1.1362486069005509,1.1471473520415332,1.0762413853544157,1.0764566336314865,0.0,0.001668155934246851,-0.001668155934246851,-0.018861020421559682,0
2020-02-25,1.1362486069005509,1.1471473520415332,1.0761703731302947,1.0763856072049207,0.0,-6.598168876170707e-05,6.598168876170707e-05,-0.018861020421559682,0
2020-02-26,1.1362486069005509,1.1471473520415332,1.0767053318853392,1.0769206729517162,0.0,0.0004970948544964493,-0.0004970948544964493,-0.018861020421559682,0
2020-02-27,1.1362486069005509,1.1471473520415332,1.0786842058641763,1.0788999427053492,0.0,0.0018378974453223673,-0.0018378974453223673,-0.018861020421559682,0
2020-02-28,1.1362486069005509,1.1471473520415332,1.0821372936157647,1.0823537210744878,0.0,0.0032012035893507207,-0.0032012035893507207,-0.018861020421559682,0
2020-03-02,1.1362486069005509,1.1471473520415332,1.08178033883585,1.081996694903617,0.0,-0.00032986089844666555,0.00032986089844666555,-0.018861020421559682,0
2020-03-03,1.1362486069005509,1.1471473520415332,1.08134385036492,1.0815601191349928,0.0,-0.00040349085231083937,0.00040349085231083937,-0.018861020421559682,0
2020-03-04,1.1362486069005509,1.1471473520415332,1.0856500316356146,1.0858671616419417,0.0,0.003982249743447852,-0.003982249743447852,-0.018861020421559682,0
2020-03-05,1.1362486069005509,1.1471473520415332,1.0852978110039744,1.0855148705661752,0.0,-0.0003244329400603485,0.0003244329400603485,-0.018861020421559682,0
2020-03-06,1.1362486069005509,1.1471473520415332,1.0889156471155235,1.0891334302449465,0.0,0.0033334961840587596,-0.0033334961840587596,-0.018861020421559682,0
2020-03-09,1.1362486069005509,1.1471473520415332,1.0961371168937968,1.0963563443171755,0.0,0.006631799072226219,-0.006631799072226219,-0.018861020421559682,0
2020-03-10,1.1362486069005509,1.1471473520415332,1.0895310863912384,1.0897489926085167,0.0,-0.00602664612003867,0.00602664612003867,-0.018861020421559682,0
2020-03-11,1.1362486069005509,1.1471473520415332,1.0892792297030227,1.0894970855489632,0.0,-0.00023116062621941769,0.00023116062621941769,-0.018861020421559682,0
2020-03-12,1.1362486069005509,1.1471473520415332,1.0884479132659801,1.0886656028486332,0.0,-0.0007631802887394512,0.0007631802887394512,-0.018861020421559682,0
2020-03-13,1.1362486069005509,1.1471473520415332,1.0849446435426797,1.0851616324713882,0.0,-0.003218591979094798,0.003218591979094798,-0.018861020421559682,0
2020-03-16,1.1362486069005509,1.1471473520415332,1.084797884946163,1.0850148445231522,0.0,-0.00013526828063548102,0.00013526828063548102,-0.018861020421559682,0
2020-03-17,1.1362486069005509,1.1471473520415332,1.082341808821233,1.0825582771829974,0.0,-0.0022640863879005435,0.0022640863879005435,-0.018861020421559682,0
2020-03-18,1.1362486069005509,1.1471473520415332,1.082095633110947,1.082312052237569,0.0,-0.0002274472890908541,0.0002274472890908541,-0.018861020421559682,0
2020-03-19,1.1362486069005509,1.1471473520415332,1.081147856626346,1.0813640861976712,0.0,-0.00087587127754718,0.00087587127754718,-0.018861020421559682,0
2020-03-20,1.1362486069005509,1.1471473520415332,1.082765988506649,1.0829825417043502,0.0,0.0014966795433071223,-0.0014966795433071223,-0.018861020421559682,0
2020-03-23,1.1362486069005509,1.1471473520415332,1.0859274527245137,1.0861446382150586,0.0,0.0029198037723969783,-0.0029198037723969783,-0.018861020421559682,0
2020-03-24,1.1362486069005509,1.1471473520415332,1.0864699861167977,1.086687280114021,0.0,0.000499603717470043,-0.000499603717470043,-0.018861020421559682,0
2020-03-25,1.1362486069005509,1.1471473520415332,1.0871469693200841,1.087364398713948,0.0,0.0006231034560890691,-0.0006231034560890691,-0.018861020421559682,0
2020-03-26,1.1362486069005509,1.1471473520415332,1.0896598552243109,1.0898777871953558,0.0,0.002311450038625651,-0.002311450038625651,-0.018861020421559682,0
2020-03-27,1.1362486069005509,1.1471473520415332,1.088820017320374,1.0890377813238379,0.0,-0.0007707340046624322,0.0007707340046624322,-0.018861020421559682,0
2020-03-30,1.1362486069005509,1.1471473520415332,1.0881998438963842,1.0884174838651635,0.0,-0.0005695830478171793,0.0005695830478171793,-0.018861020421559682,0
2020-03-31,1.1362486069005509,1.1471473520415332,1.0901559939635028,1.0903740251622955,0.0,0.0017976018633805158,-0.0017976018633805158,-0.018861020421559682,0
2020-04-01,1.1362486069005509,1.1471473520415332,1.0927559881959845,1.0929745393936237,0.0,0.002384974487026348,-0.002384974487026348,-0.018861020421559682,0
2020-04-02,1.1362486069005509,1.1471473520415332,1.090801731788176,1.0910198921345335,0.0,-0.0017883740093108669,0.0017883740093108669,-0.018861020421559682,0
2020-04-03,1.1362486069005509,1.1471473520415332,1.0892574526209589,1.089475304111483,0.0,-0.0014157285620417515,0.0014157285620417515,-0.018861020421559682,0
2020-04-07,1.1362486069005509,1.1471473520415332,1.0961049246855288,1.0963241456704658,0.0,0.006286366963194512,-0.006286366963194512,-0.018861020421559682,0
2020-04-08,1.1362486069005509,1.1471473520415332,1.098684088665602,1.098903825483335,0.0,0.002353026541517478,-0.002353026541517478,-0.018861020421559682,0
2020-04-09,1.1362486069005509,1.1471473520415332,1.0964912311847468,1.0967105294309838,0.0,-0.0019958944554466784,0.0019958944554466784,-0.018861020421559682,0
2020-04-10,1.1362486069005509,1.1471473520415332,1.095506528343603,1.0957256296492717,0.0,-0.0008980489885722642,0.0008980489885722642,-0.018861020421559682,0
2020-04-13,1.1362486069005509,1.1471473520415332,1.0942784902811378,1.094497345979194,0.0,-0.001120977402409462,0.001120977402409462,-0.018861020421559682,0
2020-04-14,1.1362486069005509,1.1471473520415332,1.0946202957865734,1.0948392198457306,0.0,0.00031235696257514434,-0.00031235696257514434,-0.018861020421559682,0
2020-04-15,1.1362486069005509,1.1471473520415332,1.0960585300324364,1.0962777417384428,0.0,0.0013139115466789253,-0.0013139115466789253,-0.018861020421559682,0
2020-04-16,1.1362486069005509,1.1471473520415332,1.09836595390154,1.0985856270923202,0.0,0.0021052013244542422,-0.0021052013244542422,-0.018861020421559682,0
2020-04-17,1.1362486069005509,1.1471473520415332,1.0964912311847468,1.0967105294309838,0.0,-0.0017068288671311382,0.0017068288671311382,-0.018861020421559682,0
2020-04-20,1.1362486069005509,1.1471473520415332,1.094415780581105,1.0946346637372213,0.0,-0.0018928109451448183,0.0018928109451448183,-0.018861020421559682,0
2020-04-21,1.1362486069005509,1.1471473520415332,1.0951741911347168,1.0953932259729438,0.0,0.0006929821070462694,-0.0006929821070462694,-0.018861020421559682,0
2020-04-22,1.1362486069005509,1.1471473520415332,1.0967714927626109,1.0969908470611633,0.0,0.0014584909330626061,-0.0014584909330626061,-0.018861020421559682,0
2020-04-23,1.1362486069005509,1.1471473520415332,1.101401489775297,1.101621770073252,0.0,0.004221478259818667,-0.004221478259818667,-0.018861020421559682,0
2020-04-24,1.1362486069005509,1.1471473520415332,1.103102942665235,1.1033235632537681,0.0,0.001544807144109761,-0.001544807144109761,-0.018861020421559682,0
2020-04-26,1.1362486069005509,1.1471473520415332,1.1025159082791685,1.1027364114608242,0.0,-0.0005321664582348395,0.0005321664582348395,-0.018861020421559682,0
2020-04-27,1.1362486069005509,1.1471473520415332,1.101330477551176,1.1015507436466863,0.0,-0.0010752051005256114,0.0010752051005256114,-0.018861020421559682,0
2020-04-28,1.1362486069005509,1.1471473520415332,1.1026030166074234,1.1028235372107449,0.0,0.0011554561343629643,-0.0011554561343629643,-0.018861020421559682,0
2020-04-29,1.1362486069005509,1.1471473520415332,1.1051263176378547,1.1053473429013823,0.0,0.002288494582751266,-0.002288494582751266,-0.018861020421559682,0
2020-04-30,1.1362486069005509,1.1471473520415332,1.102437321417808,1.1026578088820915,0.0,-0.0024332025915320132,0.0024332025915320132,-0.018861020421559682,0
2020-05-06,1.1362486069005509,1.1471473520415332,1.0992010576572022,1.0994208978687336,0.0,-0.0029355535210325856,0.0029355535210325856,-0.018861020421559682,0
2020-05-07,1.1362486069005509,1.1471473520415332,1.0938135969205591,1.0940323596399433,0.0,-0.004901251412663066,0.004901251412663066,-0.018861020421559682,0
2020-05-08,1.1362486069005509,1.1471473520415332,1.0944205147293797,1.0946393988323255,0.0,0.0005548640193624443,-0.0005548640193624443,-0.018861020421559682,0
2020-05-09,1.1362486069005509,1.1471473520415332,1.0932114132600137,1.0934300555426657,0.0,-0.0011047869197380322,0.0011047869197380322,-0.018861020421559682,0
2020-05-11,1.1362486069005509,1.1471473520415332,1.0902080695945249,1.0904261112084437,0.0,-0.002747267023615052,0.002747267023615052,-0.018861020421559682,0
2020-05-12,1.1362486069005509,1.1471473520415332,1.0906909527185473,1.090909090909091,0.0,0.0004429274901642799,-0.0004429274901642799,-0.018861020421559682,0
2020-05-13,1.1362486069005509,1.1471473520415332,1.0893578165643834,1.0895756881276961,0.0,-0.001222285882945262,0.001222285882945262,-0.018861020421559682,0
2020-05-14,1.1362486069005509,1.1471473520415332,1.0892101111382115,1.0894279531604392,0.0,-0.00013558944905511794,0.00013558944905511794,-0.018861020421559682,0
2020-05-15,1.1362486069005509,1.1471473520415332,1.0906653883178636,1.0908835213955272,0.0,0.0013360848974597328,-0.0013360848974597328,-0.018861020421559682,0
2020-05-18,1.1362486069005509,1.1471473520415332,1.087484040677245,1.0877015374853805,0.0,-0.0029168869523999996,0.0029168869523999996,-0.018861020421559682,0
2020-05-19,1.1362486069005509,1.1471473520415332,1.0866082232464198,1.086825544891069,0.0,-0.0008053611805464156,0.0008053611805464156,-0.018861020421559682,0
2020-05-20,1.1362486069005509,1.1471473520415332,1.0880180526026344,1.088235656213155,0.0,0.0012974587584129171,-0.0012974587584129171,-0.018861020421559682,0
2020-05-21,1.1362486069005509,1.1471473520415332,1.0881572365619117,1.088374868009224,0.0,0.00012792431057961906,-0.00012792431057961906,-0.018861020421559682,0
2020-05-22,1.1362486069005509,1.1471473520415332,1.093556059254414,1.0937747704662648,0.0,0.0049614361887260205,-0.0049614361887260205,-0.018861020421559682,0
2020-05-25,1.1362486069005509,1.1471473520415332,1.0896882601139593,1.089906197765982,0.0,-0.0035369006533527703,0.0035369006533527703,-0.018861020421559682,0
2020-05-26,1.1362486069005509,1.1471473520415332,1.0853565144425814,1.0855735857454698,0.0,-0.0039752155088143,0.0039752155088143,-0.018861020421559682,0
2020-05-27,1.1362486069005509,1.1471473520415332,1.0840139099918678,1.0842307127738662,0.0,-0.0012370169919726504,0.0012370169919726504,-0.018861020421559682,0
2020-05-28,1.1362486069005509,1.1471473520415332,1.0849522181799194,1.0851692086235554,0.0,0.0008655868521638688,-0.0008655868521638688,-0.018861020421559682,0
2020-05-29,1.1362486069005509,1.1471473520415332,1.0864680924574879,1.0866853860759793,0.0,0.0013971806796353459,-0.0013971806796353459,-0.018861020421559682,0
2020-06-01,1.1362486069005509,1.1471473520415332,1.084340566222824,1.0845574343360687,0.0,-0.0019582040645589327,0.0019582040645589327,-0.018861020421559682,0
2020-06-02,1.1362486069005509,1.1471473520415332,1.079341305644709,1.0795571739058378,0.0,-0.0046104155224308,0.0046104155224308,-0.018861020421559682,0
2020-06-03,1.1362486069005509,1.1471473520415332,1.0763853034619673,1.0766005805226597,0.0,-0.0027387094029316383,0.0027387094029316383,-0.018861020421559682,0
2020-06-04,1.1362486069005509,1.1471473520415332,1.074199073788697,1.0744139136034547,0.0,-0.002031084655502724,0.002031084655502724,-0.018861020421559682,0
2020-06-05,1.1362486069005509,1.1471473520415332,1.072900023502111,1.0731146035068115,0.0,-0.0012093198721575549,0.0012093198721575549,-0.018861020421559682,0
2020-06-08,1.1362486069005509,1.1471473520415332,1.0751373819767487,1.075352409453144,0.0,0.0020853373339806414,-0.0020853373339806414,-0.018861020421559682,0
2020-06-09,1.1362486069005509,1.1471473520415332,1.0750114536326407,1.0752264559233673,0.0,-0.00011712767709404215,0.00011712767709404215,-0.018861020421559682,0
2020-06-10,1.1362486069005509,1.1471473520415332,1.07511087074641,1.0753258929205594,0.0,9.248005073203558e-05,-9.248005073203558e-05,-0.018861020421559682,0
2020-06-11,1.1362486069005509,1.1471473520415332,1.0777572596319842,1.0779728110839106,0.0,0.0024615032343007215,-0.0024615032343007215,-0.018861020421559682,0
2020-06-12,1.1362486069005509,1.1471473520415332,1.0789909786723788,1.0792067768681133,0.0,0.00114470956179491,-0.00114470956179491,-0.018861020421559682,0
2020-06-15,1.1362486069005509,1.1471473520415332,1.0780157441277844,1.07823134727661,0.0,-0.0009038393868633365,0.0009038393868633365,-0.018861020421559682,0
2020-06-16,1.1362486069005509,1.1471473520415332,1.0725932506939087,1.0728077693440474,0.0,-0.005030068868115745,0.005030068868115745,-0.018861020421559682,0
2020-06-17,1.1362486069005509,1.1471473520415332,1.0699553832752289,1.0701693743518839,0.0,-0.002459336208738283,0.002459336208738283,-0.018861020421559682,0
2020-06-18,1.1362486069005509,1.1471473520415332,1.0718528299037409,1.0720672004697216,0.0,0.0017733885526176607,-0.0017733885526176607,-0.018861020421559682,0
2020-06-19,1.1362486069005509,1.1471473520415332,1.0710508651860013,1.0712650753590385,0.0,-0.000748204133408481,0.000748204133408481,-0.018861020421559682,0
2020-06-22,1.1362486069005509,1.1471473520415332,1.0689394350554717,1.0691532229424827,0.0,-0.001971363078225874,0.001971363078225874,-0.018861020421559682,0
2020-06-23,1.1362486069005509,1.1471473520415332,1.0685256704962605,1.0687393756303596,0.0,-0.0003870795160529905,0.0003870795160529905,-0.018861020421559682,0
2020-06-24,1.1362486069005509,1.1471473520415332,1.0706266855005855,1.0708408108376857,0.0,0.0019662747113500245,-0.0019662747113500245,-0.018861020421559682,0
2020-06-28,1.1362486069005509,1.1471473520415332,1.0718604045409803,1.0720747766218885,0.0,0.001152333541749817,-0.001152333541749817,-0.018861020421559682,0
2020-06-29,1.1362486069005509,1.1471473520415332,1.071354797505239,1.07156906846474,0.0,-0.0004717097801161252,0.0004717097801161252,-0.018861020421559682,0
2020-06-30,1.1362486069005509,1.1471473520415332,1.0730695060103463,1.0732841199115484,0.0,0.0016005048085845353,-0.0016005048085845353,-0.018861020421559682,0
2020-07-01,1.1360214026200268,1.1471473520415332,1.07212835733333,1.0723427830047967,-0.00019996000799837876,-0.0008770621770024523,0.0006771021690040735,-0.019057208979763707,-1
2020-07-02,1.136097650043801,1.1472243462161857,1.0720563982795541,1.07227080955921,6.711794654412628e-05,-6.711794654412628e-05,0.00013423589308825257,-0.018991370113953132,-1
2020-07-03,1.1388816842671274,1.150035646672248,1.069428945987079,1.0696428317762763,0.0024505237056156037,-0.0024508526759335902,0.004901376381549194,-0.01658738521100389,-1
2020-07-06,1.14653050477835,1.1577593780873898,1.0622103166977703,1.06242275876111,0.006716080008034142,-0.00674998494887924,0.013466064956913382,-0.009982707409170954,-1
2020-07-07,1.148579152664488,1.1598280899905535,1.0602768905423705,1.060488945920479,0.0017868237064777581,-0.0018201914677410391,0.0036070151742187972,-0.008213721040946753,-1
2020-07-08,1.1515939356702887,1.1628723991330643,1.0574316674292574,1.0576431537627433,0.002624793423080085,-0.002683471778449964,0.005308265201530049,-0.005610486938833925,-1
2020-07-09,1.1548214088581956,1.1661314814996055,1.054385716429296,1.0545965935725818,0.0028026139144510243,-0.002880518045545677,0.005683131959996701,-0.0028235970531445,-1
2020-07-10,1.1517133230838295,1.1629929558012702,1.0573189947003188,1.0575304584992589,-0.0026913995103703403,0.0027819783835429934,-0.005473377893913334,-0.0055073971357885165,-1
2020-07-13,1.1524426898875624,1.1637294658666961,1.0566306495411733,1.0568419756710814,0.0006332885008049072,-0.0006510288404878439,0.001284317341292751,-0.004877596406258955,-1
2020-07-14,1.1501964006529575,1.1614611769581833,1.0587506011385974,1.058962351258825,-0.0019491548294032768,0.0020063317284471083,-0.003955486557850385,-0.006817244045071225,-1
2020-07-15,1.1463138015739398,1.1575405525383775,1.0624148319032387,1.0626273148696193,-0.0033755966170764262,0.0034609007642600886,-0.006836497381336515,-0.010169828396211278,-1
2020-07-16,1.1446453875510956,1.1558557984272309,1.0639894096194138,1.0642022075013378,-0.0014554601196927752,0.0014820742979975154,-0.0029375344176902907,-0.011610486736249204,-1
2020-07-17,1.145350676221005,1.1565679945427667,1.0633237883719868,1.0635364531296612,0.0006161634665025062,-0.0006255901058874747,0.0012417535723899809,-0.011001477227501999,-1
2020-07-20,1.144520983859675,1.1557301763527978,1.0641068164966272,1.0643196378599264,-0.0007244002894096768,0.0007363966960987067,-0.0014607969855083835,-0.011717908043624159,-1
2020-07-21,1.1421272160554021,1.153312964501207,1.0663659520533284,1.066579225243739,-0.0020915018929582585,0.002123034569160076,-0.0042145364621183345,-0.013784901909727587,-1
2020-07-22,1.140226046738932,1.1513931755411213,1.0681601942494512,1.0683738262883011,-0.0016645862997961558,0.0016825764107226693,-0.003347162710518825,-0.015426542050660741,-1
2020-07-23,1.1414520250527718,1.1526311608230342,1.067003168411107,1.0672165690447892,0.0010752063745131935,-0.001083195053113939,0.0021584014276271324,-0.014367922392497068,-1
2020-07-24,1.1380570081836772,1.1492028938885062,1.0702072399634446,1.0704212814114373,-0.0029742965929187015,0.0030028697638346813,-0.005977166356753383,-0.017299484522796393,-1
2020-07-27,1.139318100442676,1.1504763370140092,1.0690170750871772,1.0692308785021947,0.0011081099188621213,-0.0011120882309747504,0.0022201981498368717,-0.016210544334325228,-1
2020-07-28,1.142884674015262,1.154077840841505,1.065651095663844,1.065864225882977,0.0031304458089451703,-0.0031486675954719434,0.006279113404417114,-0.013130844755952276,-1
2020-07-29,1.1447637717090606,1.1559753420141914,1.0638776837201303,1.0640904592568743,0.001644170874386397,-0.0016641581385594684,0.0033083290129458653,-0.011508263234069616,-1
2020-07-30,1.1450968525602838,1.1563116849876733,1.0635633362746881,1.063776048941943,0.0002909603356209267,-0.0002954732957110018,0.0005864336313319285,-0.011220651346581678,-1
2020-07-31,1.1475076757093483,1.1587461192204367,1.061288104613853,1.0615003622347756,0.002105344315351365,-0.0021392535669804147,0.00424459788233178,-0.009138930365757414,-1
2020-08-03,1.1471274418460544,1.1583621614284194,1.0616469530530772,1.0618592824436879,-0.00033135627006486423,0.0003381253758185654,-0.0006694816458834296,-0.009467258393943911,-1
2020-08-04,1.146798374017135,1.158029870779919,1.0619575131798997,1.0621699046825357,-0.00028686248529619096,0.0002925267443469881,-0.0005793892296431791,-0.009751405077968234,-1
2020-08-05,1.1477003007799351,1.1589406308195587,1.061106313320103,1.0613185345827671,0.0007864737021214818,-0.0008015385260073948,0.0015880122281288767,-0.008972600599499336,-1
2020-08-06,1.1491329497424256,1.1603873108380298,1.05975424057284,1.0599661914209546,0.0012482779359008767,-0.0012742104445996327,0.0025224883805005094,-0.007735522962954433,-1
2020-08-07,1.1498763621242218,1.1611380040408916,1.0590526397985254,1.059264450326485,0.0006469333091203566,-0.0006620410161655155,0.001308974325285872,-0.007093594021302163,-1
2020-08-10,1.147899948639554,1.159142233987399,1.0609178942187687,1.0611300777976125,-0.0017188052122548703,0.0017612480722375423,-0.0034800532844924126,-0.008800206727179627,-1
2020-08-11,1.14805043697595,1.1592941961742131,1.060775869770527,1.060988024944481,0.000131098826665621,-0.00013386940593207441,0.0002649682325976954,-0.008670261597290452,-1
2020-08-12,1.1482009253123462,1.1594461583610274,1.060633845322285,1.0608459720913495,0.0001310816420161398,-0.00013388732934949132,0.00026496897136563113,-0.008540316467401277,-1
2020-08-13,1.1475748938329384,1.15881399566388,1.0612246670269714,1.0614369119603768,-0.000545228161384248,0.0005570458714778681,-0.0011022740328621161,-0.009080888207740334,-1
2020-08-14,1.1459335677106457,1.1571565947463602,1.0627736803424632,1.0629862350785317,-0.001430256213440395,0.0014596469189049888,-0.002889903132345384,-0.010498156424397997,-1
2020-08-17,1.14561854545979,1.156838487235296,1.0630709848541162,1.063283599051087,-0.0002749044619445584,0.00027974395410046426,-0.0005546484160450227,-0.010770174896299278,-1
2020-08-18,1.1474645357195814,1.1587025567268832,1.0613288182890155,1.0615410840526733,0.0016113480940991298,-0.0016388054889295844,0.0032501535830287143,-0.009176181302992359,-1
2020-08-19,1.1490617185965313,1.1603153820696044,1.0598214654783416,1.060033429771437,0.0013919235211468095,-0.001420250524341693,0.0028121740454885025,-0.007797030324435461,-1
2020-08-20,1.1508394874771566,1.1621105620365024,1.0581436833297768,1.0583553120664428,0.0015471482966089578,-0.0015830799839551268,0.0031302282805640846,-0.006261945190011442,-1
2020-08-21,1.149380753869691,1.1606375419056505,1.0595203736480685,1.059732277722798,-0.0012675387170312247,0.0013010428923598827,-0.0025685816093911074,-0.007521546649070343,-1
2020-08-24,1.1504221331575515,1.1616891202384043,1.0585375644662347,1.0587492719791278,0.0009060350839826814,-0.0009275981909152575,0.001833633274897939,-0.006622326350237517,-1
2020-08-25,1.1540458922979682,1.1653483696968898,1.0551176157525692,1.0553286392757197,0.0031499386494509007,-0.003230824137440913,0.006380762786891814,-0.003493247622506468,-1
2020-08-26,1.1545144126519478,1.1658214786385046,1.0546754463037096,1.0548863813929703,0.0004059806954874734,-0.0004190712412135422,0.0008250519367010156,-0.0030886851181183284,-1
2020-08-27,1.1548996627931216,1.166210501836749,1.0543118637162103,1.0545227260889536,0.00033369019646012354,-0.0003447340968953938,0.0006784242933555173,-0.002756025585602062,-1
2020-08-28,1.156632285172828,1.1679600931476026,1.0526766889021186,1.052887224239899,0.0015002362850431439,-0.0015509403530071797,0.0030511766380503236,-0.0012599239901449621,-1
2020-08-31,1.1533165254942352,1.1646118596314636,1.0558059609117154,1.0560171221038976,-0.002866736231642686,0.0029726810164860673,-0.005839417248128753,-0.0041230483520360295,-1
2020-09-01,1.1542455401575868,1.1655499728647298,1.054929196651235,1.0551401824905653,0.0008055157823680936,-0.0008304217753452026,0.0016359375577132962,-0.0033208537501869806,-1
2020-09-02,1.1579766476446325,1.169317622016476,1.0514079371644907,1.0516182187519236,0.0032325076053889568,-0.0033379107317556,0.006570418337144557,-9.908082980192301e-05,-1
2020-09-03,1.157958589044265,1.1692993865540584,1.0514249800982798,1.0516352650942995,-1.5594960748321895e-05,1.6209630141261755e-05,-3.180459088958365e-05,-0.00011467424538857962,-1
2020-09-04,1.1587341056044924,1.1700824983567741,1.0506930807750066,1.0509032193911616,0.0006697273698428319,-0.0006961022775060499,0.0013658296473488818,0.0,-1
2020-09-07,1.1603714187044813,1.1717358469493124,1.0491478547781345,1.0493576843490902,0.001413018821202927,-0.00147067304919557,0.002883691870398497,0.0,-1
2020-09-08,1.158908672074712,1.1702587744934785,1.050528332415046,1.050738438081529,-0.0012605848491188398,0.001315808473157043,-0.002576393322275883,-0.0012605848491188398,-1
2020-09-09,1.1561958689972793,1.1675194028058418,1.05308855980202,1.0532991775139804,-0.0023408255911797626,0.002437085519710225,-0.0047779111108899874,-0.003598459631023898,-1
2020-09-10,1.1560333415939716,1.1673552836440824,1.0532419462061213,1.0534525945953626,-0.0001405708216624113,0.00014565385092590866,-0.00028622467258831996,-0.0037385246142592754,-1
2020-09-11,1.1591554729464013,1.1705079924798538,1.0502954123199293,1.0505054714023931,0.0027007277732360446,-0.0027975850153003634,0.005498312788536408,-0.001047893578279946,-1
2020-09-14,1.1604005131161845,1.1717652263054297,1.0491203967181413,1.0493302207974848,0.001074092474082411,-0.001118747723740543,0.002192840197822954,0.0,-1
2020-09-15,1.1579044132431624,1.1692446801668053,1.051476108899647,1.0516864041214269,-0.0021510675364310172,0.002245416435401326,-0.004396483971832343,-0.0021510675364310172,-1
2020-09-16,1.1586438126026548,1.1699913210446855,1.0507782954439517,1.0509884511030405,0.0006385668376731601,-0.0006636512706175157,0.0013022181082906759,-0.0015138742991522847,-1
2020-09-17,1.1593541175504443,1.1707085825664485,1.0501079400482498,1.0503179616362595,0.0006130485832345212,-0.0006379608320884467,0.0012510094153229678,-0.0009017537944121523,-1
2020-09-18,1.15867992980339,1.170027791969521,1.0507442095763735,1.0509543584182888,-0.0005815201212884258,0.0006059086917240553,-0.001187428813012481,-0.0014827495277246472,-1
2020-09-21,1.1569784083465389,1.1683096061772755,1.0523500326711621,1.0525605026776963,-0.001468499982682836,0.0015282721333635951,-0.002996772116046431,-0.0029490720927516367,-1
2020-09-22,1.1552297338776167,1.1665438055664947,1.0540003567597331,1.054211156831085,-0.0015114149549438904,0.0015682273362809251,-0.0030796422912248156,-0.004456029776031323,-1
2020-09-23,1.1555808733292074,1.1668983840023943,1.053668966380502,1.053879700173778,0.0003039563831275238,-0.00031441201808513064,0.0006183684012126545,-0.004153427831597778,-1
2020-09-24,1.1555758570513277,1.1668933185961672,1.0536737005287768,1.0538844352688825,-4.340914595890588e-06,4.493012915718353e-06,-8.833927511608941e-06,-0.004157750716518138,-1
2020-09-25,1.1577368695619747,1.1690754955988187,1.051634229452023,1.0518445562979133,0.0018700741257793307,-0.0019355812674554107,0.0038056553932347414,-0.0022954518927751355,-1
2020-09-27,1.1579325043992896,1.1692730464416774,1.0514495976693083,1.051659887588842,0.0001689803982738436,-0.00017556653971861902,0.0003445469379924626,-0.0021268593808763114,-1
2020-09-28,1.1568058483874712,1.1681353562030619,1.0525128873718128,1.0527233899492872,-0.0009729893646978072,0.0010112607440826427,-0.00198425010878045,-0.0030977793340163373,-1
2020-09-29,1.1580388494903429,1.1693804330536925,1.051349233725884,1.0515595035726293,0.001065866934015114,-0.001105595627274858,0.002171462561289972,-0.002035214220562187,-1
2020-09-30,1.160044357386714,1.171405582463303,1.0494565212456468,1.049666412549896,0.0017318140036959306,-0.0018002699954701162,0.003532083999166047,-0.0003069248293540161,-1
2020-10-09,1.1638567285754136,1.1752552911959286,1.045858568556852,1.0460677402705634,0.003286401217698076,-0.003428396142151957,0.006714797359850033,0.0,-1
2020-10-10,1.1641918159377886,1.1755936603319015,1.0455423274521,1.0457514359175906,0.00028791117853943504,-0.0003023746367429858,0.0005902858152824209,0.0,-1
2020-10-12,1.1639369890214915,1.175336337695563,1.0457828221844563,1.0459919787488932,-0.00021888739708408878,0.00023001912599962537,-0.00044890652308371415,-0.00021888739708408878,-1
2020-10-13,1.1638908392649965,1.1752897359582732,1.045826376348584,1.0460355416238536,-3.964970348935282e-05,4.164742736612048e-05,-8.12971308554733e-05,-0.0002585284217530015,-1
2020-10-14,1.165580321654936,1.1769957647755738,1.0442319152096549,1.0444407615926967,0.0014515814825095674,-0.0015245944976985948,0.002976175980208162,0.0,-1
2020-10-15,1.165852203916025,1.1772703097930848,1.0439753243731642,1.0441841194380388,0.00023325913799143727,-0.0002457220783557146,0.00047898121634715185,0.0,-1
2020-10-16,1.1656535593119821,1.1770697197064899,1.0441627966448435,1.0443716292041725,-0.00017038575162076075,0.0001795753858375715,-0.00034996113745833224,-0.00017038575162076075,-1
2020-10-19,1.1641145652584386,1.1755156530760036,1.045615233335531,1.045824356382198,-0.0013202842656371283,0.001391005976610904,-0.0027112902422480323,-0.0014904450596309182,-1
2020-10-20,1.1637072434945934,1.17510434209036,1.045999646175439,1.0462088461046741,-0.00034989834849696866,0.0003676427309515784,-0.0007175410794485471,-0.0018398219038630037,-1
2020-10-21,1.162773212553362,1.1741611634508666,1.0468811445841937,1.0470905208131105,-0.0008026339497779755,0.0008427329894209468,-0.0016453669391989223,-0.0026409791501194047,-1
2020-10-22,1.1608690334701643,1.1722383352470447,1.0486782272692814,1.0488879629147352,-0.001637618636755711,0.0017166062206626087,-0.0033542248574183198,-0.004274272870199658,-1
2020-10-23,1.1624973172699693,1.173882566108374,1.047141522739304,1.0473509510438517,0.0014026421179809123,-0.0014653727807232286,0.002868014898704141,-0.0028776260273702947,-1
2020-10-26,1.1629879092466204,1.1743779628373883,1.0466785230380353,1.046887858742643,0.00042201557746657237,-0.0004421558034078954,0.0008641713808744678,-0.0024568248529133196,-1
2020-10-27,1.161110818063974,1.1724824878271927,1.0484500413224394,1.0486597313307038,-0.001614024675340331,0.0016925142203760846,-0.0033065388957164155,-0.00406688415231804,-1
2020-10-28,1.162354854978181,1.1737387085715232,1.0472759725503062,1.0474854277448162,0.0010714196223589045,-0.0011198137496872818,0.0021912333720461863,-0.002999821869441699,-1
2020-10-29,1.1619234550805124,1.1733030836359892,1.047683109301933,1.0478926459237934,-0.0003711430255751713,0.0003887578463537267,-0.000759900871928898,-0.0033698515320520483,-1
2020-10-30,1.1616545825861515,1.1730315778622145,1.0479368596494585,1.0481464470213884,-0.0002314029320823474,0.00024220143025366347,-0.0004736043623360109,-0.0036004746706091995,-1
2020-11-02,1.1612743487228576,1.1726476200701974,1.0482957080886832,1.0485053672303009,-0.00032732093428955444,0.00034243326391325546,-0.0006697541982028099,-0.003926617094165752,-1
2020-11-03,1.1609513004273941,1.1723214079091697,1.0486005872375757,1.0488103073550232,-0.0002781843031482989,0.0002908331557021082,-0.0005690174588504071,-0.004203709074073969,-1
2020-11-04,1.1598738039387986,1.1712333586515802,1.0496174822869877,1.0498274057834451,-0.0009281151484983319,0.000969763951869318,-0.0018978791003676498,-0.005127922696500864,-1
2020-11-05,1.1601727741004386,1.1715352568627175,1.0493353270498138,1.0495451941152238,0.00025776093970297786,-0.0002688172043010528,0.0005265781440040307,-0.004871483534970911,-1
2020-11-06,1.162054881560965,1.1734357972791403,1.047559074617135,1.0477685864320585,0.0016222648061929856,-0.00169274052525481,0.0033150053314477956,-0.003257121565070631,-1
2020-11-09,1.1635858495699005,1.1749817592596632,1.0461142125636873,1.0463234354062,0.0013174661827322076,-0.0013792654643136615,0.002696731647045869,-0.001943946529853413,-1
2020-11-10,1.16337917892125,1.174773064523105,1.0463092594726064,1.046518521324501,-0.00017761529905757634,0.00018644896185970872,-0.00036406426091728505,-0.0021212165542667805,-1
2020-11-11,1.1632517654631014,1.1746444032049357,1.0464295068387843,1.0466387927401521,-0.00010952014653275999,0.00011492526238221501,-0.000224445408914975,-0.002230504384851728,-1
2020-11-12,1.165283358004448,1.176695892726927,1.0445121767875187,1.0447210792228763,0.0017464770754400671,-0.00183225916197427,0.0035787362374143372,-0.00048792283418641613,-1
2020-11-13,1.1662795907913897,1.177701882403637,1.0435719749401573,1.0437806893351453,0.0008549274990485856,-0.0009001348842606616,0.0017550623833092471,0.0,-1
2020-11-16,1.1664039944828104,1.17782750447807,1.0434545680629441,1.0436632589765567,0.00010666712544993295,-0.00011250482001479156,0.00021917194546472452,0.0,-1
2020-11-17,1.167335015657314,1.178767643873827,1.0425759101431542,1.0427844253251828,0.0007981978618962771,-0.0008420662927577371,0.0016402641546540142,0.0,-1
2020-11-18,1.1697819560071134,1.1812385490314254,1.0402665926147405,1.0404746459332634,0.0020961766048126496,-0.002215011401996203,0.004311188006808853,0.0,-1
2020-11-19,1.1714724416526288,1.1829455909299713,1.0386711846461567,1.0388789188830858,0.0014451288437424825,-0.0015336529884841799,0.0029787818322266624,0.0,-1
2020-11-20,1.1703568214521463,1.1818190445850556,1.0397240592224566,1.039932004034301,-0.0009523230430488194,0.0010136745794662172,-0.0019659976225150366,-0.0009523230430488194,-1
2020-11-23,1.1680844475725662,1.1795244155641615,1.0418686283909093,1.0420770021165875,-0.0019416077540869159,0.0020626330125095294,-0.004004240766596445,-0.0028920817593309778,-1
2020-11-24,1.169069644548172,1.1805192613471716,1.0409388416697525,1.0411470294380865,0.0008434295805008762,-0.0008924222265842552,0.0017358518070851314,-0.0020510914461350227,-1
2020-11-25,1.1684787270139236,1.1799225564936147,1.0414965243365155,1.0417048236413828,-0.0005054596507608755,0.000535749694831722,-0.0010412093455925975,-0.0025555143529298885,-1
2020-11-26,1.1688519380881859,1.180299422716914,1.0411443037048755,1.0413525325656166,0.000319399117531205,-0.00033818704470889305,0.000657586162240098,-0.002236931464427827,-1
2020-11-27,1.169340523553685,1.1807927932834372,1.040683197662917,1.0408913343024495,0.0004180045817421263,-0.0004428838925764067,0.000860888474318533,-0.0018198619302869368,-1
2020-11-30,1.1660709136315872,1.177491161504588,1.043768915508386,1.0439776692914877,-0.0027961144390695747,0.002965088561436069,-0.005761203000505644,-0.004610887827136145,-1
2020-12-01,1.1670119673618504,1.1784414317127994,1.0428807892920466,1.043089365449905,0.0008070295890774126,-0.0008508839486820463,0.001657913537759459,-0.003807579360967095,-1
2020-12-02,1.1682269098643545,1.1796682731010124,1.041734178579907,1.041942525415623,0.0010410711599218025,-0.0010994647939751578,0.0021405359538969604,-0.0027704721621071293,-1
2020-12-03,1.1682158740530186,1.1796571292073126,1.0417445937061114,1.0419529426248526,-9.446633391752002e-06,9.997873179568018e-06,-1.944450657132002e-05,-0.002779892623864022,-1
2020-12-04,1.167293882178699,1.1787261075427644,1.0426147301590067,1.0428232531050385,-0.000789230736200297,0.0008352685083776734,-0.0016244992445779705,-0.0035669293833622273,-1
2020-12-07,1.1676470281414417,1.1790827121411551,1.0422814461204657,1.0424899024096899,0.0003025338932503008,-0.00031966173975905843,0.0006221956330093592,-0.0032654746071452134,-1
2020-12-08,1.1662856103248456,1.1777079608911094,1.0435662939622277,1.0437750072210201,-0.0011659497979994438,0.0012327263874305494,-0.002398676185429993,-0.004427617025686059,-1
2020-12-09,1.1670340389845217,1.1784637195001986,1.042859959039638,1.0430685310314458,0.0006417198780903632,-0.0006768471985694191,0.0013185670766597823,-0.0037887384374536426,-1
2020-12-10,1.1663217275255806,1.177744431815945,1.0435322080946496,1.0437409145362686,-0.0006103604823394226,0.0006446206407528798,-0.0012549811230923025,-0.004396786423572996,-1
2020-12-11,1.1688360049850817,1.180506091290981,1.0409511504552669,1.0411593406853579,0.0021557323336804934,-0.0024733856984591185,0.004629118032139612,-0.0022505323845499747,0
2020-12-14,1.168602284528176,1.180506091290981,1.0410429929317964,1.0412512015303828,-0.00019996000799837876,8.822938183916662e-05,-0.0002881893898375454,-0.0024500423760747125,-1
2020-12-15,1.1675606964677074,1.1794538932367082,1.0419708859936436,1.0421792801708423,-0.000891310991137706,0.000891310991137928,-0.001782621982275634,-0.003339169617513904,-1
2020-12-16,1.1672896710029936,1.1791801070083006,1.0422123275556547,1.0424207700211658,-0.0002321296576133225,0.00023171622667828018,-0.00046384588429160267,-0.0035705241548271704,-1
2020-12-17,1.1676095873358519,1.17950328212497,1.0419273318295161,1.042135717295882,0.0002740676464509928,-0.0002734526531719128,0.0005475202996229056,-0.0032974350735280877,-1
2020-12-18,1.1681930892187062,1.1800927277696596,1.0414075223489507,1.0416158038534205,0.0004997405718343284,-0.0004988922592640277,0.000998632831098356,-0.002799342363782986,-1
2020-12-21,1.1665988217792131,1.1784822205437318,1.0428277668313697,1.043036332384736,-0.0013647293878098488,0.0013637739808287641,-0.002728503368638613,-0.004160251406802429,-1
2020-12-22,1.1633815900863167,1.1752322169618097,1.0456938201968915,1.0459029589609308,-0.002757787538298473,0.002748347768136483,-0.005506135306434956,-0.00690656585561511,-1
2020-12-23,1.1631052503968045,1.174953062375982,1.0459399959071773,1.0461491839063588,-0.0002375314272351492,0.00023541853794206702,-0.0004729499651772162,-0.0071424567564052355,-1
2020-12-24,1.1644178639219869,1.1762790466586626,1.044770661283319,1.0449796154155757,0.0011285423436395714,-0.0011179748632178521,0.0022465172068574235,-0.0060219749776527776,-1
2020-12-25,1.162115741739359,1.173953474224423,1.0468214943159322,1.0470308586147954,-0.0019770584546632275,0.001962950443204603,-0.0039400088978678305,-0.007987127635772584,-1
2020-12-28,1.160958303578287,1.1727842459783995,1.0478525918101684,1.0480621623285304,-0.0009959749442336463,0.0009849792919183198,-0.001980954236151966,-0.008975147601004596,-1
2020-12-29,1.1603269736722481,1.172146485116932,1.0484150086252062,1.0486246916269313,-0.0005438006723351707,0.0005367327613001738,-0.0010805334336353445,-0.009514067582040098,-1
2020-12-30,1.1578664875906306,1.1696609356315835,1.0506069192764065,1.0508170406602617,-0.0021205109744458772,0.002090689882506158,-0.004211200856952035,-0.011614403871766599,-1
2020-12-31,1.1593874187279067,1.1711973595251186,1.0492520060401787,1.0494618564413867,0.0013135634838530308,-0.0012896481180240116,0.0026032116018770424,-0.010316096644726325,-1
2021-01-04,1.1614280810504578,1.173258808774306,1.0474340931026822,1.0476435799213026,0.0017601211550062335,-0.0017325799017122723,0.0034927010567185057,-0.008574133069661594,-1
2021-01-05,1.1593937957976648,1.1712038015540223,1.049246325062249,1.0494561743272615,-0.0017515378575598817,0.0017301632355679608,-0.0034817010931278425,-0.01031065300855416,-1
2021-01-06,1.1587412089924323,1.1705445672628758,1.049827678470386,1.05003764400608,-0.0005628689817022137,0.0005540676142967715,-0.0011169365959989852,-0.010867718443496766,-1
2021-01-07,1.15771131222652,1.1695041795949266,1.0507451564060286,1.0509553054373098,-0.0008888065410290746,0.0008739319361243947,-0.0017627384771534693,-0.011746865685287156,-1
2021-01-08,1.159405487092221,1.1712156119403456,1.0492359099360447,1.0494457571180318,0.0014633828380261615,-0.001436358246129088,0.0028997410841552496,-0.010300673008905359,-1
2021-01-11,1.1609189783147797,1.1727445201334932,1.0478876245074014,1.0480972020323027,0.0013054028460348643,-0.0012850164732977065,0.002590419319332571,-0.009008716690732332,-1
2021-01-12,1.1601579813236618,1.1719757713509837,1.0485655545403427,1.0487752676512507,-0.0006555125769609482,0.0006469491738296806,-0.0013024617507906289,-0.009658323940600178,-1
2021-01-13,1.1574955546997086,1.1692862242836843,1.0509373628259828,1.051147550298548,-0.002294882823557831,0.002261955178071595,-0.004556838001629426,-0.011931042042442441,-1
2021-01-14,1.1559576180430777,1.167732621646406,1.0523074253366895,1.0525178868217568,-0.0013286760803412623,0.0013036576290545998,-0.002632333709395862,-0.013243865632608376,-1
2021-01-15,1.1593183338055288,1.1711275708786617,1.04931354996775,1.0495234126777435,0.002907300155295056,-0.002845057724439881,0.005752357879734937,-0.010375069369923717,-1
2021-01-18,1.1604045613543035,1.1722248631352605,1.0483458900603952,1.0485555592384073,0.0009369536537984224,-0.0009221837527824128,0.0018591374065808353,-0.00944783667527982,-1
2021-01-19,1.1602249405561205,1.1720434126544725,1.0485059042720812,1.0487156054529356,-0.00015479153061359607,0.00015263493967321295,-0.00030742647028680903,-0.009601165760793395,-1
2021-01-20,1.1593087682008918,1.1711179078353062,1.0493220714346445,1.0495319358489315,-0.0007896506299800432,0.0007784096963476816,-0.0015680603263277249,-0.010383234824181908,-1
2021-01-21,1.1573265623511222,1.169115510517736,1.0510879087411191,1.0512981263228673,-0.0017098170083245101,0.0016828363326621965,-0.0033926533409867066,-0.012075298401002521,-1
2021-01-22,1.1561348980315214,1.1681502798536632,1.0519391086009156,1.0521494964226357,-0.0010296698947097616,0.0008098274680143902,-0.0018394973627241518,-0.013092534724479132,0
2021-01-25,1.1561348980315214,1.1681502798536632,1.0515225035527394,1.0517328080534498,0.0,-0.00039603532635101857,0.00039603532635101857,-0.013092534724479132,0
2021-01-26,1.1561348980315214,1.1681502798536632,1.0487795380423606,1.048989293949969,0.0,-0.0026085656760661546,0.0026085656760661546,-0.013092534724479132,0
2021-01-27,1.1561348980315214,1.1681502798536632,1.0490418098567806,1.049251618218752,0.0,0.000250073351840685,-0.000250073351840685,-0.013092534724479132,0
2021-01-28,1.1561348980315214,1.1681502798536632,1.0464115170753405,1.0466207993787555,0.0,-0.0025073288373503866,0.0025073288373503866,-0.013092534724479132,0
2021-01-29,1.1561348980315214,1.1681502798536632,1.0468129728490376,1.0470223354436075,0.0,0.00038364999538531563,-0.00038364999538531563,-0.013092534724479132,0
2021-02-01,1.1561348980315214,1.1681502798536632,1.0476603853902142,1.0478699174672923,0.0,0.000809516659762366,-0.000809516659762366,-0.013092534724479132,0
2021-02-02,1.1559037172880637,1.1681502798536632,1.047016541224851,1.047225944533096,-0.00019996000799837876,-0.0006145542719201424,0.0004145942639217637,-0.013289876749129292,-1
2021-02-03,1.1583340342970831,1.1706063455724238,1.0448151622771016,1.045024125309557,0.002102525472209127,-0.002102525472209127,0.004205050944418254,-0.011215293581307684,-1
2021-02-04,1.159470272829902,1.1717546223192163,1.0437859584421751,1.0439947156338636,0.0009809247584686709,-0.000985058287901741,0.001965983046370412,-0.010245370181986457,-1
2021-02-05,1.159219401396713,1.1715010929546992,1.044013197559362,1.044222000198874,-0.00021636728346363654,0.00021770662399611673,-0.00043407390745975327,-0.010459520702535752,-1
2021-02-07,1.1591598194313306,1.1714408797306262,1.0440671668496941,1.0442759802830641,-5.139835074408072e-05,5.169406905802809e-05,-0.00010309241980210881,-0.010510381451166229,-1
2021-02-08,1.1597911792048565,1.1720789286313278,1.0434952817381067,1.0437039807944544,0.0005446701679459043,-0.0005477474340209731,0.0010924176019668774,-0.009971435974450382,-1
2021-02-09,1.1586622577555055,1.1709380464910004,1.0445178577654484,1.0447267613370015,-0.0009733833724490104,0.000979952708208165,-0.0019533360806571753,-0.010935113316922429,-1
2021-02-10,1.160155988080619,1.1724476025822301,1.0431648381885306,1.0433734711561682,0.0012891852782077606,-0.0012953532262361955,0.002584538504443956,-0.009660025425818342,-1
2021-02-18,1.1632835186143764,1.175608268659878,1.0403319238609319,1.040539990245704,0.002695784503023324,-0.002715691925082586,0.00541147642810591,-0.006990282269636716,-1
2021-02-19,1.1611396131582479,1.1734416489656079,1.0422738714832263,1.042482326257523,-0.0018429775904348356,0.0018666615699798328,-0.0037096391604146683,-0.008820376926497842,-1
2021-02-20,1.1610946653598015,1.1733962249544654,1.042314585158389,1.0425230480754206,-3.871007236078139e-05,3.9062358058394864e-05,-7.777243041917625e-05,-0.008858745561429515,-1
2021-02-22,1.1618818008229328,1.1744240752531123,1.0413933199041265,1.0416015985681073,0.0006779253118756046,-0.0008838648785889358,0.0015617901904645404,-0.008186825817401377,0
2021-02-23,1.1618818008229328,1.1744240752531123,1.0414785345730717,1.0416868302799862,0.0,8.182755479269055e-05,-8.182755479269055e-05,-0.008186825817401377,0
2021-02-24,1.1618818008229328,1.1744240752531123,1.0417294444316323,1.0419377903205187,0.0,0.0002409169754644669,-0.0002409169754644669,-0.008186825817401377,0
2021-02-25,1.1618818008229328,1.1744240752531123,1.0413062115758716,1.0415144728181867,0.0,-0.0004062790564508534,0.0004062790564508534,-0.008186825817401377,0
2021-02-26,1.1618818008229328,1.1744240752531123,1.040522236621576,1.0407303410689004,0.0,-0.0007528764791568943,0.0007528764791568943,-0.008186825817401377,0
2021-03-01,1.1618818008229328,1.1744240752531123,1.0423581393225163,1.0425666109503808,0.0,0.0017644050615401863,-0.0017644050615401863,-0.008186825817401377,0
2021-03-02,1.1618818008229328,1.1744240752531123,1.0427558077775938,1.0429643589391493,0.0,0.00038150846630879975,-0.00038150846630879975,-0.008186825817401377,0
2021-03-03,1.1618818008229328,1.1744240752531123,1.0424935359631737,1.0427020346703664,0.0,-0.00025151796083400235,0.00025151796083400235,-0.008186825817401377,0
2021-03-04,1.1618818008229328,1.1744240752531123,1.042315531988044,1.0425239950944416,0.0,-0.00017074827707719287,0.00017074827707719287,-0.008186825817401377,0
2021-03-05,1.1618818008229328,1.1744240752531123,1.0434820261229374,1.043690722528162,0.0,0.0011191372469223637,-0.0011191372469223637,-0.008186825817401377,0
2021-03-08,1.1618818008229328,1.1744240752531123,1.0441296576069206,1.044338483538442,0.0,0.0006206445993031107,-0.0006206445993031107,-0.008186825817401377,0
2021-03-09,1.1618818008229328,1.1744240752531123,1.043787852101485,1.0439966096719053,0.0,-0.0003273592536572334,0.0003273592536572334,-0.008186825817401377,0
2021-03-10,1.1618818008229328,1.1744240752531123,1.0440188785372917,1.0442276823129992,0.0,0.00022133466617924036,-0.00022133466617924036,-0.008186825817401377,0
2021-03-11,1.1618818008229328,1.1744240752531123,1.043838980902852,1.0440477486990327,0.0,-0.0001723126258901253,0.0001723126258901253,-0.008186825817401377,0
2021-03-12,1.1618818008229328,1.1744240752531123,1.043292660191948,1.0435013187239865,0.0,-0.0005233764219376713,0.0005233764219376713,-0.008186825817401377,0
2021-03-15,1.1618818008229328,1.1744240752531123,1.0427804253486224,1.0429889814336921,0.0,-0.0004909790539804337,0.0004909790539804337,-0.008186825817401377,0
2021-03-16,1.1618818008229328,1.1744240752531123,1.0429830468947807,1.0431916435041597,0.0,0.00019430892758709462,-0.00019430892758709462,-0.008186825817401377,0
2021-03-17,1.1618818008229328,1.1744240752531123,1.0431174967057832,1.0433261202051243,0.0,0.00012890891314376596,-0.00012890891314376596,-0.008186825817401377,0
2021-03-18,1.1618818008229328,1.1744240752531123,1.0431866152705942,1.0433952525936483,0.0,6.626153336442009e-05,-6.626153336442009e-05,-0.008186825817401377,0
2021-03-19,1.1618818008229328,1.1744240752531123,1.0440321341524612,1.0442409405792916,0.0,0.0008105154624205024,-0.0008105154624205024,-0.008186825817401377,0
2021-03-22,1.1618818008229328,1.1744240752531123,1.0446087534123232,1.0448176751630056,0.0,0.0005523002990037718,-0.0005523002990037718,-0.008186825817401377,0
2021-03-23,1.1618818008229328,1.1744240752531123,1.0451768512052908,1.0453858865755319,0.0,0.0005438378638049635,-0.0005438378638049635,-0.008186825817401377,0
2021-03-24,1.1618818008229328,1.1744240752531123,1.046649171318732,1.0468585011529958,0.0,0.0014086803699713268,-0.0014086803699713268,-0.008186825817401377,0
2021-03-25,1.1618818008229328,1.1744240752531123,1.0467599503883607,1.0469693023784383,0.0,0.00010584164461624468,-0.00010584164461624468,-0.008186825817401377,0
2021-03-26,1.1618818008229328,1.1744240752531123,1.0462297257815907,1.046438971726747,0.0,-0.0005065388741452015,0.0005065388741452015,-0.008186825817401377,0
2021-03-29,1.1618818008229328,1.1744240752531123,1.0460886481630038,1.0462978658926365,0.0,-0.00013484382551021135,0.00013484382551021135,-0.008186825817401377,0
2021-03-30,1.1618818008229328,1.1744240752531123,1.0459437832257972,1.0461529719824423,0.0,-0.00013848246748593418,0.00013848246748593418,-0.008186825817401377,0
2021-03-31,1.1618818008229328,1.1744240752531123,1.046385005845002,1.046594282846171,0.0,0.00042184161929248454,-0.00042184161929248454,-0.008186825817401377,0
2021-04-01,1.1618818008229328,1.1744240752531123,1.0461785969802238,1.0463878326996199,0.0,-0.00019725900469258484,0.00019725900469258484,-0.008186825817401377,0
2021-04-02,1.1618818008229328,1.1744240752531123,1.0461776501505688,1.046386885680599,0.0,-9.050363461993172e-07,9.050363461993172e-07,-0.008186825817401377,0
2021-04-06,1.1618818008229328,1.1744240752531123,1.0456294357803548,1.045838561667511,0.0,-0.0005240165187385681,0.0005240165187385681,-0.008186825817401377,0
2021-04-07,1.1618818008229328,1.1744240752531123,1.0448350456998554,1.0450440127089953,0.0,-0.0007597242898068624,0.0007597242898068624,-0.008186825817401377,0
2021-04-08,1.1618818008229328,1.1744240752531123,1.0444563138378768,1.0446652051006444,0.0,-0.00036248005226979796,0.00036248005226979796,-0.008186825817401377,0
2021-04-09,1.1618818008229328,1.1744240752531123,1.0455792538086428,1.0457883696594046,0.0,0.0010751430728965783,-0.0010751430728965783,-0.008186825817401377,0
2021-04-12,1.1618818008229328,1.1744240752531123,1.046701246949754,1.046910587199144,0.0,0.0010730828265999026,-0.0010730828265999026,-0.008186825817401377,0
2021-04-13,1.1618818008229328,1.1744240752531123,1.0491109284215916,1.049320750607276,0.0,0.002302167384303555,-0.002302167384303555,-0.008186825817401377,0
2021-04-14,1.1618818008229328,1.1744240752531123,1.0489944683740333,1.049204267267708,0.0,-0.00011100832562438434,0.00011100832562438434,-0.008186825817401377,0
2021-04-15,1.1618818008229328,1.1744240752531123,1.0488183580582133,1.049028121729825,0.0,-0.0001678848851252024,0.0001678848851252024,-0.008186825817401377,0
2021-04-16,1.1618818008229328,1.1744240752531123,1.0495890773973393,1.0497989952128188,0.0,0.0007348453935844823,-0.0007348453935844823,-0.008186825817401377,0
2021-04-19,1.1618818008229328,1.1744240752531123,1.0502442835185621,1.0504543323752658,0.0,0.0006242501330593342,-0.0006242501330593342,-0.008186825817401377,0
2021-04-20,1.1618818008229328,1.1744240752531123,1.0505747270681383,1.050784842013552,0.0,0.0003146349423288619,-0.0003146349423288619,-0.008186825817401377,0
2021-04-21,1.1618818008229328,1.1744240752531123,1.0506031319577867,1.0508132525841782,0.0,2.7037476646452063e-05,-2.7037476646452063e-05,-0.008186825817401377,0
2021-04-22,1.1618818008229328,1.1744240752531123,1.050122142493074,1.0503321669215726,0.0,-0.0004578222261876208,0.0004578222261876208,-0.008186825817401377,0
2021-04-23,1.1618818008229328,1.1744240752531123,1.050088056625496,1.050298074236821,0.0,-3.2458955200320716e-05,3.2458955200320716e-05,-0.008186825817401377,0
2021-04-25,1.1618818008229328,1.1744240752531123,1.0490721084057388,1.04928192282742,0.0,-0.0009674885961677981,0.0009674885961677981,-0.008186825817401377,0
2021-04-26,1.1618818008229328,1.1744240752531123,1.0475780112102342,1.047787526812476,0.0,-0.0014242082918163312,0.0014242082918163312,-0.008186825817401377,0
2021-04-27,1.1618818008229328,1.1744240752531123,1.04720969447446,1.047419136413355,0.0,-0.00035158883809394137,0.00035158883809394137,-0.008186825817401377,0
2021-04-28,1.1618818008229328,1.1744240752531123,1.0480362767632279,1.0482458840185804,0.0,0.0007893187898557752,-0.0007893187898557752,-0.008186825817401377,0
2021-04-29,1.1618818008229328,1.1744240752531123,1.0487653355975364,1.0489750886646558,0.0,0.0006956427467952331,-0.0006956427467952331,-0.008186825817401377,0
2021-04-30,1.1618818008229328,1.1744240752531123,1.0502064103323643,1.0504164516144308,0.0,0.0013740678547569107,-0.0013740678547569107,-0.008186825817401377,0
2021-05-06,1.1618818008229328,1.1744240752531123,1.0509155857439187,1.0511257688610676,0.0,0.0006752724079546191,-0.0006752724079546191,-0.008186825817401377,0
2021-05-07,1.1618818008229328,1.1744240752531123,1.0508710847501364,1.0510812589670864,0.0,-4.234497459743025e-05,4.234497459743025e-05,-0.008186825817401377,0
2021-05-08,1.1618818008229328,1.1744240752531123,1.051038673599062,1.0512488813337817,0.0,0.00015947612543310008,-0.00015947612543310008,-0.008186825817401377,0
2021-05-10,1.1618818008229328,1.1744240752531123,1.0515698450354867,1.0517801590044937,0.0,0.0005053776324002168,-0.0005053776324002168,-0.008186825817401377,0
2021-05-11,1.1618818008229328,1.1744240752531123,1.0520849203677773,1.0522953373518509,0.0,0.0004898156168344769,-0.0004898156168344769,-0.008186825817401377,0
2021-05-12,1.1618818008229328,1.1744240752531123,1.0527088811103866,1.0529194228866088,0.0,0.0005930707023071857,-0.0005930707023071857,-0.008186825817401377,0
2021-05-13,1.1618818008229328,1.1744240752531123,1.0521994867560256,1.0524099266533768,0.0,-0.0004838891012525215,0.0004838891012525215,-0.008186825817401377,0
2021-05-14,1.1618818008229328,1.1744240752531123,1.0531093900544288,1.0533200119324397,0.0,0.0008647631080000995,-0.0008647631080000995,-0.008186825817401377,0
2021-05-17,1.1618818008229328,1.1744240752531123,1.0520896545160519,1.0523000724469551,0.0,-0.000968309225999997,0.000968309225999997,-0.008186825817401377,0
2021-05-18,1.1618818008229328,1.1744240752531123,1.0525687503214545,1.0527792640715188,0.0,0.00045537545526297407,-0.00045537545526297407,-0.008186825817401377,0
2021-05-19,1.1618818008229328,1.1744240752531123,1.0542133934320959,1.0544242361107823,0.0,0.0015625042166025338,-0.0015625042166025338,-0.008186825817401377,0
2021-05-20,1.1618818008229328,1.1744240752531123,1.0559707092716757,1.05618190341353,0.0,0.0016669450896071858,-0.0016669450896071858,-0.008186825817401377,0
2021-05-21,1.1618818008229328,1.1744240752531123,1.057548127476816,1.0577596371023112,0.0,0.001493808674132735,-0.001493808674132735,-0.008186825817401377,0
2021-05-24,1.1618818008229328,1.1744240752531123,1.057087968264512,1.057299385858165,0.0,-0.0004351189325083604,0.0004351189325083604,-0.008186825817401377,0
2021-05-25,1.1618818008229328,1.1744240752531123,1.0571154263245057,1.0573268494097705,0.0,2.5975189215987626e-05,-2.5975189215987626e-05,-0.008186825817401377,0
2021-05-26,1.1618818008229328,1.1744240752531123,1.058285707778019,1.0584973649195746,0.0,0.0011070517224238685,-0.0011070517224238685,-0.008186825817401377,0
2021-05-27,1.1618818008229328,1.1744240752531123,1.0573919005837498,1.0576033789638666,0.0,-0.0008445802373594491,0.0008445802373594491,-0.008186825817401377,0
2021-05-28,1.1618818008229328,1.1744240752531123,1.0561884800923134,1.0563997177883317,0.0,-0.0011381026190686594,0.0011381026190686594,-0.008186825817401377,0
2021-05-31,1.1618818008229328,1.1744240752531123,1.0570548292265889,1.0572662401924342,0.0,0.0008202599731061966,-0.0008202599731061966,-0.008186825817401377,0
2021-06-01,1.1618818008229328,1.1744240752531123,1.0575026796533784,1.057714180189309,0.0,0.0004236775750954269,-0.0004236775750954269,-0.008186825817401377,0
2021-06-02,1.1618818008229328,1.1744240752531123,1.0562367684047156,1.0564480157583964,0.0,-0.0011970761616204584,0.0011970761616204584,-0.008186825817401377,0
2021-06-03,1.1618818008229328,1.1744240752531123,1.0564933592412058,1.0567046579130541,0.0,0.0002429292788943549,-0.0002429292788943549,-0.008186825817401377,0
2021-06-04,1.1618818008229328,1.1744240752531123,1.0540723158135088,1.0542831302766715,0.0,-0.002291584141556613,0.002291584141556613,-0.008186825817401377,0
2021-06-07,1.1618818008229328,1.1744240752531123,1.0525952615517933,1.0528057806041036,0.0,-0.001401283611718429,0.001401283611718429,-0.008186825817401377,0
2021-06-08,1.1618818008229328,1.1744240752531123,1.052577271788349,1.0527877872427067,0.0,-1.7090864932955974e-05,1.7090864932955974e-05,-0.008186825817401377,0
2021-06-09,1.1618818008229328,1.1744240752531123,1.052546026409736,1.052756535615018,0.0,-2.9684641166594083e-05,2.9684641166594083e-05,-0.008186825817401377,0
2021-06-10,1.1618818008229328,1.1744240752531123,1.0533252672157567,1.0535359322691997,0.0,0.0007403389367006685,-0.0007403389367006685,-0.008186825817401377,0
2021-06-11,1.1618818008229328,1.1744240752531123,1.0521805501629267,1.0523909862729592,0.0,-0.0010867650178523203,0.0010867650178523203,-0.008186825817401377,0
2021-06-15,1.1618818008229328,1.1744240752531123,1.0517412212030317,1.0519515694472723,0.0,-0.00041754141893890484,0.00041754141893890484,-0.008186825817401377,0
2021-06-16,1.1618818008229328,1.1744240752531123,1.0517005075278691,1.0519108476293746,0.0,-3.871073448658002e-05,3.871073448658002e-05,-0.008186825817401377,0
2021-06-17,1.1618818008229328,1.1744240752531123,1.0509562994190815,1.0511664906789653,0.0,-0.0007076236090605148,0.0007076236090605148,-0.008186825817401377,0
2021-06-18,1.1618818008229328,1.1744240752531123,1.051785722196814,1.0519960793412535,0.0,0.0007892076751345733,-0.0007892076751345733,-0.008186825817401377,0
2021-06-21,1.161649470928747,1.1744240752531123,1.0539946757818033,1.0542054747169596,-0.00019996000799837876,0.0021001935454831866,-0.0023001535534815654,-0.008385148787643848,-1
2021-06-22,1.1611569206919232,1.1739261084646153,1.054441579378938,1.0546524676948137,-0.0004240093497653863,0.00042400934976560833,-0.0008480186995309946,-0.008805602755924125,-1
2021-06-23,1.1604024422571273,1.1731633330661337,1.0551261372194638,1.0553371624469077,-0.0006497644042342543,0.0006492136254045988,-0.0012989780296388531,-0.009449645592929823,-1
2021-06-24,1.1604765335003782,1.1732382390872846,1.0550589123139629,1.0552699240964256,6.384960988770061e-05,-6.371267200155906e-05,0.00012756228188925967,-0.009386399339226803,-1
2021-06-25,1.1606862847664834,1.1734502969781488,1.0548685995533185,1.0550795732732292,0.00018074580575322408,-0.00018038116964202988,0.00036112697539525396,-0.009207350085785215,-1
2021-06-28,1.161418848889895,1.1741909170745999,1.0542039251355466,1.0544147659205736,0.000631147393594933,-0.0006301016240821689,0.0012612490176771018,-0.008582013887198925,-1
2021-06-29,1.1613395399534574,1.1741107359815368,1.0542758841893223,1.05448673936616,-6.828624876675793e-05,6.825914043750991e-05,-0.00013654538920426784,-0.008649714102430428,-1
2021-06-30,1.1607666372415584,1.1735315330855942,1.0547956936698877,1.0550066528086217,-0.0004933119834377164,0.0004930488199159644,-0.0009863608033536808,-0.009138759078248015,-1
2021-07-01,1.1610139558986077,1.1737815714942252,1.0545712950416655,1.0547822093006738,0.00021306492546768752,-0.00021274132001947166,0.0004258062454871592,-0.008927641301802236,-1
2021-07-02,1.1611235274555283,1.1738923480043781,1.054471877927896,1.0546827723034817,9.43757448943483e-05,-9.427253921745482e-05,0.00018864828411180312,-0.008834108109705974,-1
2021-07-05,1.160506796120861,1.1732688345043745,1.0550314542539694,1.05524246054482,-0.0005311504935385791,0.0005306697483227207,-0.0010618202418612999,-0.009360566362362044,-1
2021-07-06,1.1609429952712687,1.1737098305162215,1.0546356794582017,1.0548466065940934,0.0003758695355042807,-0.000375130802187873,0.0007510003376921537,-0.008988215178588388,-1
2021-07-07,1.1589007901579966,1.1716451673698471,1.0564886250929313,1.0566999228179499,-0.0017590916363596776,0.0017569532975421076,-0.003516044933901785,-0.010731495720801565,-1
2021-07-08,1.153854237307826,1.1665431178165178,1.0610674933042503,1.0612797068029112,-0.004354602993654533,0.004334044023347916,-0.008688647017002449,-0.015039367311063923,-1
2021-07-09,1.1547235049927294,1.1674219447970642,1.0602787842016803,1.0604908399585207,0.0007533600491267389,-0.0007433166198635988,0.0014966766689903377,-0.014297337320433479,-1
2021-07-12,1.150074738635726,1.1629592339594745,1.064283873642102,1.0644967304168305,-0.004025869688200956,0.003777392795270673,-0.007803262483471629,-0.01826564779169404,0
2021-07-13,1.150074738635726,1.1629592339594745,1.0652647891646263,1.065477842122459,0.0,0.000921667185623587,-0.000921667185623587,-0.01826564779169404,0
2021-07-14,1.150074738635726,1.1629592339594745,1.066445485744344,1.0666587748414929,0.0,0.0011083597165015835,-0.0011083597165015835,-0.01826564779169404,0
2021-07-15,1.150074738635726,1.1629592339594745,1.0643094380427858,1.0645222999303943,0.0,-0.002002960048227198,0.002002960048227198,-0.01826564779169404,0
2021-07-16,1.150074738635726,1.1629592339594745,1.0648093641005971,1.0650223259734173,0.0,0.00046971871144041444,-0.00046971871144041444,-0.01826564779169404,0
2021-07-19,1.150074738635726,1.1629592339594745,1.0648709080281684,1.0650838822097741,0.0,5.7798071322556765e-05,-5.7798071322556765e-05,-0.01826564779169404,0
2021-07-20,1.150074738635726,1.1629592339594745,1.0662665349395593,1.066479788246547,0.0,0.0013106066668449046,-0.0013106066668449046,-0.01826564779169404,0
2021-07-21,1.150074738635726,1.1629592339594745,1.067060925020059,1.0672743372050628,0.0,0.0007450201750396346,-0.0007450201750396346,-0.01826564779169404,0
2021-07-22,1.150074738635726,1.1629592339594745,1.0666670438836015,1.066880377292378,0.0,-0.0003691271296903942,0.0003691271296903942,-0.01826564779169404,0
2021-07-23,1.150074738635726,1.1629592339594745,1.0673534953834372,1.0675669660825138,0.0,0.0006435480535109672,-0.0006435480535109672,-0.01826564779169404,0
2021-07-26,1.150074738635726,1.1629592339594745,1.070162738969662,1.070376771517456,0.0,0.0026319711308160354,-0.0026319711308160354,-0.01826564779169404,0
2021-07-27,1.150074738635726,1.1629592339594745,1.068534191963155,1.0687478988015475,0.0,-0.0015217750975659028,0.0015217750975659028,-0.01826564779169404,0
2021-07-28,1.150074738635726,1.1629592339594745,1.0676971945481826,1.0679107339870921,0.0,-0.0007833136471138147,0.0007833136471138147,-0.01826564779169404,0
2021-07-29,1.150074738635726,1.1629592339594745,1.0701153974869146,1.070329420566412,0.0,0.002264877112237329,-0.002264877112237329,-0.01826564779169404,0
2021-07-30,1.150074738635726,1.1629592339594745,1.0729416840069286,1.07315627234373,0.0,0.0026411044328968902,-0.0026411044328968902,-0.01826564779169404,0
2021-08-02,1.150074738635726,1.1629592339594745,1.074867535525089,1.075082509032194,0.0,0.0017949265527350544,-0.0017949265527350544,-0.01826564779169404,0
2021-08-03,1.150074738635726,1.1629592339594745,1.0737171374943295,1.0739318809218283,0.0,-0.0010702695846120935,0.0010702695846120935,-0.01826564779169404,0
2021-08-04,1.150074738635726,1.1629592339594745,1.0732617124303006,1.0734763647727865,0.0,-0.0004241573950209965,0.0004241573950209965,-0.01826564779169404,0
2021-08-05,1.150074738635726,1.1629592339594745,1.0753362162042872,1.075551283447528,0.0,0.0019328964687366224,-0.0019328964687366224,-0.01826564779169404,0
2021-08-06,1.150074738635726,1.1629592339594745,1.0744443026693282,1.074659191529862,0.0,-0.0008294275981025612,0.0008294275981025612,-0.01826564779169404,0
2021-08-09,1.150074738635726,1.1629592339594745,1.071006364192219,1.0712205654650573,0.0,-0.003199736336791159,0.003199736336791159,-0.01826564779169404,0
2021-08-10,1.150074738635726,1.1629592339594745,1.0702081867930995,1.070422228430458,0.0,-0.0007452592494363586,0.0007452592494363586,-0.01826564779169404,0
2021-08-11,1.150074738635726,1.1629592339594745,1.0690814595037137,1.0692952757956145,0.0,-0.0010528113158637664,0.0010528113158637664,-0.01826564779169404,0
2021-08-12,1.150074738635726,1.1629592339594745,1.070954288561197,1.0711684794189091,0.0,0.001751811371186518,-0.001751811371186518,-0.01826564779169404,0
2021-08-13,1.150074738635726,1.1629592339594745,1.0699241378966156,1.0701381227241948,0.0,-0.0009618997520102202,0.0009618997520102202,-0.01826564779169404,0
2021-08-16,1.150074738635726,1.1629592339594745,1.0692282181002304,1.0694420637438504,0.0,-0.0006504384486112347,0.0006504384486112347,-0.01826564779169404,0
2021-08-17,1.150074738635726,1.1629592339594745,1.0690814595037137,1.0692952757956145,0.0,-0.0001372565688337879,0.0001372565688337879,-0.01826564779169404,0
2021-08-18,1.150074738635726,1.1629592339594745,1.0712942004073225,1.071508459247404,0.0,0.0020697589355220813,-0.0020697589355220813,-0.01826564779169404,0
2021-08-19,1.150074738635726,1.1629592339594745,1.072514663832548,1.0727291667653145,0.0,0.0011392420725897523,-0.0011392420725897523,-0.01826564779169404,0
2021-08-20,1.150074738635726,1.1629592339594745,1.0725620053152953,1.0727765177163584,0.0,4.4140639138712245e-05,-4.4140639138712245e-05,-0.01826564779169404,0
2021-08-23,1.150074738635726,1.1629592339594745,1.0713822555652326,1.0715965320163456,0.0,-0.001099936175453009,0.001099936175453009,-0.01826564779169404,0
2021-08-24,1.150074738635726,1.1629592339594745,1.0715602595403624,1.0717745715922704,0.0,0.00016614422556027186,-0.00016614422556027186,-0.01826564779169404,0
2021-08-25,1.150074738635726,1.1629592339594745,1.0725648458042603,1.0727793587734211,0.0,0.0009374986193766421,-0.0009374986193766421,-0.01826564779169404,0
2021-08-26,1.150074738635726,1.1629592339594745,1.070059534537273,1.0702735464441804,0.0,-0.002335813332674186,0.002335813332674186,-0.01826564779169404,0
2021-08-27,1.150074738635726,1.1629592339594745,1.070411755168913,1.0706258375199467,0.0,0.00032915984603820725,-0.00032915984603820725,-0.01826564779169404,0
2021-08-30,1.150074738635726,1.1629592339594745,1.071391723861782,1.0716060022065543,0.0,0.0009155062882455489,-0.0009155062882455489,-0.01826564779169404,0
2021-08-31,1.150074738635726,1.1629592339594745,1.0721378256298795,1.0723522531950054,0.0,0.0006963855996648949,-0.0006963855996648949,-0.01826564779169404,0
2021-09-01,1.150074738635726,1.1629592339594745,1.0740627303183847,1.0742775428644484,0.0,0.0017953892144177974,-0.0017953892144177974,-0.01826564779169404,0
2021-09-02,1.150074738635726,1.1629592339594745,1.074077879592864,1.0742926951687826,0.0,1.410464589413074e-05,-1.410464589413074e-05,-0.01826564779169404,0
2021-09-03,1.150074738635726,1.1629592339594745,1.07362150769918,1.0738362320007198,0.0,-0.0004248964645441333,0.0004248964645441333,-0.01826564779169404,0
2021-09-06,1.150074738635726,1.1629592339594745,1.073781521910866,1.0739962782152481,0.0,0.0001490415481979479,-0.0001490415481979479,-0.01826564779169404,0
2021-09-07,1.150074738635726,1.1629592339594745,1.071863245029945,1.072077617678951,0.0,-0.0017864685150357218,0.0017864685150357218,-0.01826564779169404,0
2021-09-08,1.150074738635726,1.1629592339594745,1.0707043255322912,1.0709184663973976,0.0,-0.0010812195520534251,0.0010812195520534251,-0.01826564779169404,0
2021-09-09,1.150074738635726,1.1629592339594745,1.0704174361468426,1.0706315196340719,0.0,-0.0002679445469747632,0.0002679445469747632,-0.01826564779169404,0
2021-09-10,1.150074738635726,1.1629592339594745,1.070708112850911,1.070922254473481,0.0,0.00027155453027249976,-0.00027155453027249976,-0.01826564779169404,0
2021-09-13,1.150074738635726,1.1629592339594745,1.0691865575954127,1.0694003949069317,0.0,-0.0014210738082921504,0.0014210738082921504,-0.01826564779169404,0
2021-09-14,1.150074738635726,1.1629592339594745,1.0688920935727244,1.069105871991439,0.0,-0.0002754093947370251,0.0002754093947370251,-0.01826564779169404,0
2021-09-15,1.150074738635726,1.1629592339594745,1.0684508709535196,1.0686645611277104,0.0,-0.0004127849965940289,0.0004127849965940289,-0.01826564779169404,0
2021-09-16,1.150074738635726,1.1629592339594745,1.0687311325313837,1.06894487875789,0.0,0.0002623064714375456,-0.0002623064714375456,-0.01826564779169404,0
2021-09-17,1.150074738635726,1.1629592339594745,1.0695775982429054,1.069791513762554,0.0,0.0007920286831326617,-0.0007920286831326617,-0.01826564779169404,0
2021-09-18,1.150074738635726,1.1629592339594745,1.0701400150579432,1.0703540430609548,0.0,0.0005258307727851186,-0.0005258307727851186,-0.01826564779169404,0
2021-09-22,1.150074738635726,1.1629592339594745,1.0708681270625968,1.0710823006880092,0.0,0.0006803894765248231,-0.0006803894765248231,-0.01826564779169404,0
2021-09-23,1.150074738635726,1.1629592339594745,1.071475991701072,1.0716902868994123,0.0,0.0005676372497356308,-0.0005676372497356308,-0.01826564779169404,0
2021-09-24,1.150074738635726,1.1629592339594745,1.0710631739715155,1.07127738660631,0.0,-0.0003852794955313543,0.0003852794955313543,-0.01826564779169404,0
2021-09-26,1.150074738635726,1.1629592339594745,1.070703378702636,1.0709175193783766,0.0,-0.00033592348016719953,0.00033592348016719953,-0.01826564779169404,0
2021-09-27,1.150074738635726,1.1629592339594745,1.0707601884819329,1.0709743405196293,0.0,5.30583730533607e-05,-5.30583730533607e-05,-0.01826564779169404,0
2021-09-28,1.150074738635726,1.1629592339594745,1.070075630641407,1.0702896457675353,0.0,-0.000639319474042499,0.000639319474042499,-0.01826564779169404,0
2021-09-29,1.150074738635726,1.1629592339594745,1.070443000547526,1.0706570891476355,0.0,0.00034331209458415834,-0.00034331209458415834,-0.01826564779169404,0
2021-09-30,1.150074738635726,1.1629592339594745,1.0705035976454425,1.0707176983649715,0.0,5.660936442697384e-05,-5.660936442697384e-05,-0.01826564779169404,0
2021-10-08,1.150074738635726,1.1629592339594745,1.0679263273246793,1.0681399125901443,0.0,-0.0024075307420095005,0.0024075307420095005,-0.01826564779169404,0
2021-10-09,1.150074738635726,1.1629592339594745,1.0671754914083074,1.067388926506589,0.0,-0.0007030783839301336,0.0007030783839301336,-0.01826564779169404,0
2021-10-11,1.150074738635726,1.1629592339594745,1.0639894096194138,1.0642022075013378,0.0,-0.002985527511214725,0.002985527511214725,-0.01826564779169404,0
2021-10-12,1.150074738635726,1.1629592339594745,1.0635907943346816,1.0638035124935485,0.0,-0.0003746421544503775,0.0003746421544503775,-0.01826564779169404,0
2021-10-13,1.150074738635726,1.1629592339594745,1.0634004815740374,1.0636131616703521,0.0,-0.0001789341931670574,0.0001789341931670574,-0.01826564779169404,0
2021-10-14,1.150074738635726,1.1629592339594745,1.0636845304705214,1.0638972673766154,0.0,0.00026711375573529317,-0.00026711375573529317,-0.01826564779169404,0
2021-10-15,1.150074738635726,1.1629592339594745,1.0629242262575995,1.063136811102851,0.0,-0.0007147835576639672,0.0007147835576639672,-0.01826564779169404,0
2021-10-18,1.150074738635726,1.1629592339594745,1.058107703802889,1.0583193253436496,0.0,-0.004531388348978371,0.004531388348978371,-0.01826564779169404,0
2021-10-19,1.150074738635726,1.1629592339594745,1.0594285311715388,1.059640416877773,0.0,0.0012482919875762555,-0.0012482919875762555,-0.01826564779169404,0
2021-10-20,1.150074738635726,1.1629592339594745,1.0605334813788607,1.0607455880751364,0.0,0.001042968142551448,-0.001042968142551448,-0.01826564779169404,0
2021-10-21,1.150074738635726,1.1629592339594745,1.0623674904204912,1.0625799639185753,0.0,0.001729326865990144,-0.001729326865990144,-0.01826564779169404,0
2021-10-22,1.150074738635726,1.1629592339594745,1.0618751389999193,1.0620875140277193,0.0,-0.00046344737109471623,0.00046344737109471623,-0.01826564779169404,0
2021-10-25,1.150074738635726,1.1629592339594745,1.0617795092047697,1.0619918651066107,0.0,-9.005747628632044e-05,9.005747628632044e-05,-0.01826564779169404,0
2021-10-26,1.150074738635726,1.1629592339594745,1.0621705498522624,1.062382983962233,0.0,0.00036828799586241523,-0.00036828799586241523,-0.01826564779169404,0
2021-10-27,1.150074738635726,1.1629592339594745,1.0627623183866037,1.062974870850281,0.0,0.0005571313706858039,-0.0005571313706858039,-0.01826564779169404,0
2021-10-28,1.150074738635726,1.1629592339594745,1.063020802882404,1.0632334070429805,0.0,0.00024321947751460016,-0.00024321947751460016,-0.01826564779169404,0
2021-10-29,1.150074738635726,1.1629592339594745,1.063162827330646,1.063375459896112,0.0,0.0001336045803213004,-0.0001336045803213004,-0.01826564779169404,0
2021-11-01,1.150074738635726,1.1629592339594745,1.0645433049675574,1.0647562136285509,0.0,0.0012984630401136066,-0.0012984630401136066,-0.01826564779169404,0
2021-11-02,1.150074738635726,1.1629592339594745,1.0662438110278403,1.0664570597900458,0.0,0.0015974043069433286,-0.0015974043069433286,-0.01826564779169404,0
2021-11-03,1.150074738635726,1.1629592339594745,1.0663100891036865,1.0665233511215073,0.0,6.216033815231725e-05,-6.216033815231725e-05,-0.01826564779169404,0
2021-11-04,1.150074738635726,1.1629592339594745,1.0665676267698319,1.0667809402951858,0.0,0.00024152230085516813,-0.00024152230085516813,-0.01826564779169404,0
2021-11-05,1.150074738635726,1.1629592339594745,1.0693408908291688,1.0695547590073347,0.0,0.002600176481763361,-0.002600176481763361,-0.01826564779169404,0
2021-11-08,1.150074738635726,1.1629592339594745,1.069096608778193,1.0693104280999486,0.0,-0.00022844169999558517,0.00022844169999558517,-0.01826564779169404,0
2021-11-09,1.150074738635726,1.1629592339594745,1.068640236884509,1.0688539649318858,0.0,-0.00042687619616121886,0.00042687619616121886,-0.01826564779169404,0
2021-11-10,1.150074738635726,1.1629592339594745,1.0688968277209994,1.0691106070865435,0.0,0.00024010965302823095,-0.00024010965302823095,-0.01826564779169404,0
2021-11-11,1.150074738635726,1.1629592339594745,1.0674671149420307,1.0676806083650192,0.0,-0.0013375591936379827,0.0013375591936379827,-0.01826564779169404,0
2021-11-12,1.150074738635726,1.1629592339594745,1.0675816813302792,1.0677951976665452,0.0,0.00010732544979119574,-0.00010732544979119574,-0.01826564779169404,0
2021-11-15,1.150074738635726,1.1629592339594745,1.068126108381873,1.0683397336035494,0.0,0.000509962901307226,-0.000509962901307226,-0.01826564779169404,0
2021-11-16,1.150074738635726,1.1629592339594745,1.0684167850859414,1.0686304684429586,0.0,0.0002721370648910426,-0.0002721370648910426,-0.01826564779169404,0
2021-11-17,1.150074738635726,1.1629592339594745,1.0683969016631876,1.0686105810435202,0.0,-1.8610174448152605e-05,1.8610174448152605e-05,-0.01826564779169404,0
2021-11-18,1.150074738635726,1.1629592339594745,1.068914817484443,1.06912860044794,0.0,0.0004847597559007877,-0.0004847597559007877,-0.01826564779169404,0
2021-11-19,1.150074738635726,1.1629592339594745,1.0679206463467499,1.0681342304760193,0.0,-0.0009300751766475601,0.0009300751766475601,-0.01826564779169404,0
2021-11-22,1.150074738635726,1.1629592339594745,1.0692746127533228,1.0694884676758734,0.0,0.0012678530106189356,-0.0012678530106189356,-0.01826564779169404,0
2021-11-23,1.150074738635726,1.1629592339594745,1.0689252326106478,1.0691390176571698,0.0,-0.00032674500872642565,0.00032674500872642565,-0.01826564779169404,0
2021-11-24,1.150074738635726,1.1629592339594745,1.0703161253737634,1.070530188598838,0.0,0.0013012067829278884,-0.0013012067829278884,-0.01826564779169404,0
2021-11-25,1.150074738635726,1.1629592339594745,1.0708037426460606,1.0710179033945897,0.0,0.0004555824776786288,-0.0004555824776786288,-0.01826564779169404,0
2021-11-26,1.150074738635726,1.1629592339594745,1.0733365119730411,1.0735511792754358,0.0,0.002365297417360468,-0.002365297417360468,-0.01826564779169404,0
2021-11-29,1.150074738635726,1.1629592339594745,1.072760839542834,1.0729753917107425,0.0,-0.0005363391851348487,0.0005363391851348487,-0.01826564779169404,0
2021-11-30,1.150074738635726,1.1629592339594745,1.0722419768919236,1.072456425287302,0.0,-0.00048367038745711355,0.00048367038745711355,-0.01826564779169404,0
2021-12-01,1.150074738635726,1.1629592339594745,1.0717126991148087,1.0719270416546316,0.0,-0.0004936178479498787,0.0004936178479498787,-0.01826564779169404,0
2021-12-02,1.150074738635726,1.1629592339594745,1.0706465689233393,1.070860698237124,0.0,-0.0009947910408731886,0.0009947910408731886,-0.01826564779169404,0
2021-12-03,1.150074738635726,1.1629592339594745,1.0692215902926456,1.0694354346107042,0.0,-0.001330951475543074,0.001330951475543074,-0.01826564779169404,0
2021-12-06,1.150074738635726,1.1629592339594745,1.0725743141008097,1.0727888289636298,0.0,0.0031356678901763857,-0.0031356678901763857,-0.01826564779169404,0
2021-12-07,1.150074738635726,1.1629592339594745,1.0713102965114567,1.071524558570759,0.0,-0.0011784895207123114,0.0011784895207123114,-0.01826564779169404,0
2021-12-08,1.150074738635726,1.1629592339594745,1.0699241378966156,1.0701381227241948,0.0,-0.0012938908730317777,0.0012938908730317777,-0.01826564779169404,0
2021-12-09,1.150074738635726,1.1629592339594745,1.0696438763187517,1.0698578050940155,0.0,-0.0002619452799847988,0.0002619452799847988,-0.01826564779169404,0
2021-12-10,1.150074738635726,1.1629592339594745,1.0708577119363925,1.0710718834787798,0.0,0.001134803502842674,-0.001134803502842674,-0.01826564779169404,0
2021-12-13,1.150074738635726,1.1629592339594745,1.0698559661614595,1.0700699373546918,0.0,-0.0009354611390167689,0.0009354611390167689,-0.01826564779169404,0
2021-12-14,1.150074738635726,1.1629592339594745,1.0708766485294914,1.0710908238591972,0.0,0.0009540371791298963,-0.0009540371791298963,-0.01826564779169404,0
2021-12-15,1.150074738635726,1.1629592339594745,1.0709287241605134,1.0711429099053456,0.0,4.862897243440578e-05,-4.862897243440578e-05,-0.01826564779169404,0
2021-12-16,1.150074738635726,1.1629592339594745,1.0701684199475916,1.0703824536315811,0.0,-0.0007099484734782724,0.0007099484734782724,-0.01826564779169404,0
2021-12-17,1.150074738635726,1.1629592339594745,1.0704155424875326,1.0706296255960301,0.0,0.00023091929768681574,-0.00023091929768681574,-0.01826564779169404,0
2021-12-20,1.150074738635726,1.1629592339594745,1.0701949311779304,1.070408970164166,0.0,-0.00020609875403110323,0.00020609875403110323,-0.01826564779169404,0
2021-12-21,1.150074738635726,1.1629592339594745,1.070005565246941,1.0702195663599903,0.0,-0.00017694526994360693,0.00017694526994360693,-0.01826564779169404,0
2021-12-22,1.150074738635726,1.1629592339594745,1.0712070920790675,1.0714213334974834,0.0,0.0011229164325414764,-0.0011229164325414764,-0.01826564779169404,0
2021-12-23,1.150074738635726,1.1629592339594745,1.0728100746848912,1.0730246366998282,0.0,0.001496426431151221,-0.001496426431151221,-0.01826564779169404,0
2021-12-24,1.150074738635726,1.1629592339594745,1.0727665205207637,1.0729810738248677,0.0,-4.059820573576456e-05,4.059820573576456e-05,-0.01826564779169404,0
2021-12-27,1.150074738635726,1.1629592339594745,1.0735590169419535,1.073773728745342,0.0,0.0007387408220058678,-0.0007387408220058678,-0.01826564779169404,0
2021-12-28,1.150074738635726,1.1629592339594745,1.0744158977796796,1.0746307809592355,0.0,0.000798168357960316,-0.000798168357960316,-0.01826564779169404,0
2021-12-29,1.1498447696817897,1.1629592339594745,1.0752065005415596,1.075421541841668,-0.00019996000799826774,0.0007358442512939156,-0.0009358042592921834,-0.018461955400613794,-1
2021-12-30,1.1486216016594861,1.1617221151902901,1.0763502707647346,1.0765655408188874,-0.0010637679576888104,0.0010637679576888104,-0.0021275359153776208,-0.019506084121711287,-1
2021-12-31,1.1484930070081347,1.1615920538627351,1.0764705181309124,1.0766858122345386,-0.0001119556267840105,0.0001117176902760697,-0.0002236733170600802,-0.019615855932621273,-1
2022-01-04,1.149516701437397,1.1626274239584682,1.075513273349762,1.075728376004432,0.0008913371026342265,-0.0008892438436794992,0.0017805809463137257,-0.01874200317017971,-1
2022-01-05,1.149406332799623,1.1625157965198578,1.075616477782151,1.0758316010777076,-9.601307891926592e-05,9.595830655584336e-05,-0.00019197138547510928,-0.018836216771669467,-1
2022-01-06,1.1512532355087965,1.164383763932931,1.0738894604915297,1.074104238383628,0.0016068318543844828,-0.0016056069484752244,0.0032124388028597073,-0.01725965155040987,-1
2022-01-07,1.151256273177726,1.1643868362477552,1.073886620002565,1.0741013973265654,2.6385758022939854e-06,-2.6450478091133434e-06,5.283623611407329e-06,-0.017257058515506518,-1
2022-01-10,1.1504948308327159,1.163616709331839,1.0745986359030844,1.074813555630265,-0.0006614012559588156,0.0006630270712542075,-0.001324428327213023,-0.017907045931289,-1
2022-01-11,1.1495086009869182,1.162619231118937,1.0755208479870018,1.0757359521565992,-0.0008572223180558503,0.0008581921222543532,-0.0017154144403102034,-0.01874891792992206,-1
2022-01-12,1.1486702043623591,1.1617712722274762,1.076304822941297,1.0765200839058853,-0.0007293521978342099,0.0007289258555633893,-0.0014582780533975992,-0.01946459556325708,-1
2022-01-13,1.1485436348236273,1.161643259109804,1.0764231766481653,1.076638461283495,-0.00011018788356409459,0.00010996299964993739,-0.00022015088321403198,-0.019572638684231536,-1
2022-01-14,1.148073808695855,1.1611680744170045,1.0768625056080603,1.0770778781091819,-0.00040906249752048485,0.00040813777464632217,-0.000817200272166807,-0.019973694749288895,-1
2022-01-17,1.1477133386495473,1.1608034930578741,1.077199576965221,1.077415016880614,-0.00031397811149203037,0.0003130124369687959,-0.0006269905484608262,-0.020281401557823986,-1
2022-01-18,1.14436684004548,1.1574188262266205,1.0803288489748177,1.0805449147446127,-0.0029157965594482915,0.0029050067197509133,-0.005820803279199205,-0.0231380616763891,-1
2022-01-19,1.1419286044513517,1.1549527815277827,1.0826088147839277,1.0828253365468845,-0.002130641599184635,0.002110436846404218,-0.004241078445588853,-0.025219404358841513,-1
2022-01-20,1.1419356923455206,1.1549599502623724,1.0826021869763431,1.0828187074137383,6.206950365683639e-06,-6.122070589142936e-06,1.2329020954826575e-05,-0.025213353944066985,-1
2022-01-21,1.1405900050097248,1.1535989147952812,1.0838605235877665,1.084077295692484,-0.001178426547848499,0.0011623259462811841,-0.002340752494129683,-0.026362068406267536,-1
2022-01-24,1.1379684967235129,1.150947507102054,1.0863118655644217,1.0865291279375346,-0.002298379149999308,0.0022616765933505256,-0.0045600557433498334,-0.02859985752789107,-1
2022-01-25,1.138514264574524,1.1514994996654566,1.085801524380406,1.086018684685282,0.0004795983830683248,-0.00046979251556877877,0.0009493908986371036,-0.028133975590249216,-1
2022-01-26,1.1407094866542875,1.1537197591783637,1.0837487976884828,1.0839655474480205,0.0019281463114420028,-0.0018905174157815008,0.0038186637272235036,-0.02626007570006772,-1
2022-01-27,1.1422647731462232,1.15529278436832,1.0822944673384858,1.0825109262319534,0.0013634378517333179,-0.0013419441415749578,0.0027053819933082757,-0.02493244182953336,-1
2022-01-28,1.1406942983096398,1.1537043976042431,1.083763000133307,1.0839797527333337,-0.0013748781136424526,0.0013568699084571811,-0.0027317480220996337,-0.026273040874584708,-1
2022-01-29,1.1399774084422631,1.1529793313057475,1.0844333555290089,1.0846502422001147,-0.0006284680027234257,0.0006185442717820955,-0.0012470122745055212,-0.02688499711178416,-1
2022-01-30,1.1397860352997007,1.1527857754718271,1.0846123063337938,1.0848292287950605,-0.00016787450448163543,0.00016501779834832142,-0.00033289230282995685,-0.02704835831069763,-1
2022-02-07,1.1417817837864228,1.1548042863112828,1.0827461050838951,1.0829626543049118,0.0017509852067956189,-0.001720615964801997,0.003471601171597616,-0.02534473437917195,-1
2022-02-08,1.1412096894713553,1.1542256670194044,1.0832810638389396,1.0834977200517073,-0.0005010539870152764,0.0004940758988027927,-0.000995129885818069,-0.025833089285976718,-1
2022-02-09,1.1422981875044484,1.1553265798313856,1.0822632219598725,1.0824796746042644,0.0009538107178159727,-0.0009395916840456708,0.0018934024018616435,-0.02490391844559603,-1
2022-02-10,1.1421007390240268,1.1551268793678169,1.082447853742587,1.0826643433133356,-0.00017285195983107737,0.0001705978536166164,-0.00034344981344769376,-0.025072465714316317,-1
2022-02-11,1.14720706049462,1.1602914405871851,1.0776729917926942,1.0778885263910527,0.004470990426778787,-0.0044111704165551435,0.00888216084333393,-0.020713574041722138,-1
2022-02-14,1.147707263311688,1.160797348428226,1.0772052579431506,1.0774206989947392,0.00043601790321301515,-0.0004340220578095133,0.0008700399610225285,-0.020286587627630803,-1
2022-02-15,1.1475786686603366,1.160667287100671,1.077325505309329,1.0775409704103907,-0.00011204481792714827,0.00011162901897443511,-0.00022367383690158338,-0.0203963594385409,-1
2022-02-16,1.1473462209685537,1.160665238890788,1.077327398968639,1.0775428644484326,-0.00020255490811305066,1.757741091790166e-06,-0.00020431264920484082,-0.020594782963942015,0
2022-02-17,1.1473462209685537,1.160665238890788,1.078413412582862,1.0786290952653785,0.0,0.0010080627442157208,-0.0010080627442157208,-0.020594782963942015,0
2022-02-18,1.1473462209685537,1.160665238890788,1.0774561678017114,1.0776716590352717,0.0,-0.0008876417614817056,0.0008876417614817056,-0.020594782963942015,0
2022-02-21,1.1473462209685537,1.160665238890788,1.0741507854762948,1.07436561563339,0.0,-0.0030677650044552696,0.0030677650044552696,-0.020594782963942015,0
2022-02-22,1.1473462209685537,1.160665238890788,1.0739065034253188,1.0741212847260038,0.0,-0.00022741877051057902,0.00022741877051057902,-0.020594782963942015,0
2022-02-23,1.1473462209685537,1.160665238890788,1.0750322838850497,1.0752472903418266,0.0,0.001048303978177012,-0.001048303978177012,-0.020594782963942015,0
2022-02-24,1.1473462209685537,1.160665238890788,1.0761694263006398,1.0763846601859,0.0,0.0010577751316274142,-0.0010577751316274142,-0.020594782963942015,0
2022-02-25,1.1473462209685537,1.160665238890788,1.0764440069005743,1.0766592957019543,0.0,0.0002551462559927664,-0.0002551462559927664,-0.020594782963942015,0
2022-02-28,1.1473462209685537,1.160665238890788,1.0772459716183134,1.077461420812637,0.0,0.000745012943170309,-0.000745012943170309,-0.020594782963942015,0
2022-03-01,1.1473462209685537,1.160665238890788,1.075677074880068,1.075892210295044,0.0,-0.0014563960131487308,0.0014563960131487308,-0.020594782963942015,0
2022-03-02,1.1473462209685537,1.160665238890788,1.0743534070224534,1.0745682777038579,0.0,-0.0012305438951202285,0.0012305438951202285,-0.020594782963942015,0
2022-03-03,1.1473462209685537,1.160665238890788,1.0730287923351836,1.0732433980936507,0.0,-0.0012329413008900225,0.0012329413008900225,-0.020594782963942015,0
2022-03-04,1.1473462209685537,1.160665238890788,1.0734870578881777,1.0737017552997552,0.0,0.0004270766602607612,-0.0004270766602607612,-0.020594782963942015,0
2022-03-07,1.1473462209685537,1.160665238890788,1.07353155888196,1.0737462651937364,0.0,4.145461601545719e-05,-4.145461601545719e-05,-0.020594782963942015,0
2022-03-08,1.1473462209685537,1.160665238890788,1.073830757052923,1.0740455232043336,0.0,0.0002787045881302852,-0.0002787045881302852,-0.020594782963942015,0
2022-03-09,1.1473462209685537,1.160665238890788,1.0724606945422162,1.0726751866811246,0.0,-0.0012758644709218725,0.0012758644709218725,-0.020594782963942015,0
2022-03-10,1.1473462209685537,1.160665238890788,1.0723830545105106,1.0725975311214127,0.0,-7.239429109207052e-05,7.239429109207052e-05,-0.020594782963942015,0
2022-03-11,1.1473462209685537,1.160665238890788,1.0759298783979385,1.0761450643736181,0.0,0.00330742254132943,-0.00330742254132943,-0.020594782963942015,0
2022-03-14,1.1473462209685537,1.160665238890788,1.0784986272518071,1.0787143269772574,0.0,0.002387468649623692,-0.002387468649623692,-0.020594782963942015,0
2022-03-15,1.1473462209685537,1.160665238890788,1.0744566114548422,1.0746715027771332,0.0,-0.0037478172849090274,0.0037478172849090274,-0.020594782963942015,0
2022-03-16,1.1473462209685537,1.160665238890788,1.0750493268188386,1.0752643366842023,0.0,0.0005516419720232868,-0.0005516419720232868,-0.020594782963942015,0
2022-03-17,1.1473462209685537,1.160665238890788,1.0751989259043202,1.075413965689501,0.0,0.00013915555477272967,-0.00013915555477272967,-0.020594782963942015,0
2022-03-18,1.1473462209685537,1.160665238890788,1.0757054797697163,1.0759206208656702,0.0,0.0004711257174760952,-0.0004711257174760952,-0.020594782963942015,0
2022-03-21,1.1473462209685537,1.160665238890788,1.0749167706671463,1.0751317540212797,0.0,-0.0007332017149701553,0.0007332017149701553,-0.020594782963942015,0
2022-03-22,1.1473462209685537,1.160665238890788,1.0727485307573197,1.072963080463471,0.0,-0.002017123528997411,0.002017123528997411,-0.020594782963942015,0
2022-03-23,1.1473462209685537,1.160665238890788,1.0730647718620718,1.0732793848164441,0.0,0.0002947951879541666,-0.0002947951879541666,-0.020594782963942015,0
2022-03-24,1.1473462209685537,1.160665238890788,1.0740040268797781,1.074218827685154,0.0,0.0008753013260107689,-0.0008753013260107689,-0.020594782963942015,0
2022-03-25,1.1473462209685537,1.160665238890788,1.0744888036631106,1.0747037014238432,0.0,0.0004513733386464214,-0.0004513733386464214,-0.020594782963942015,0
2022-03-28,1.1473462209685537,1.160665238890788,1.0752263839643135,1.0754414292411063,0.0,0.000686447637879839,-0.000686447637879839,-0.020594782963942015,0
2022-03-29,1.1473462209685537,1.160665238890788,1.0750824658567617,1.075297482349933,0.0,-0.00013384912209946087,0.00013384912209946087,-0.020594782963942015,0
2022-03-30,1.1473462209685537,1.160665238890788,1.0760993609061738,1.076314580778355,0.0,0.000945876322707706,-0.000945876322707706,-0.020594782963942015,0
2022-03-31,1.1473462209685537,1.160665238890788,1.0754981240752828,1.075713223700098,0.0,-0.0005587186952557,0.0005587186952557,-0.020594782963942015,0
2022-04-01,1.1473462209685537,1.160665238890788,1.0763512175943895,1.0765664878379082,0.0,0.000793207816926822,-0.000793207816926822,-0.020594782963942015,0
2022-04-02,1.1473462209685537,1.160665238890788,1.076901325623913,1.0771167058890379,0.0,0.0005110859917574206,-0.0005110859917574206,-0.020594782963942015,0
2022-04-06,1.1473462209685537,1.160665238890788,1.0771105749776562,1.0773259970926516,0.0,0.0001943068958727423,-0.0001943068958727423,-0.020594782963942015,0
2022-04-07,1.1473462209685537,1.160665238890788,1.078886827410335,1.079102604775817,0.0,0.0016490901435217697,-0.0016490901435217697,-0.020594782963942015,0
2022-04-08,1.1473462209685537,1.160665238890788,1.078604672173161,1.0788203931075957,0.0,-0.0002615244064581024,0.0002615244064581024,-0.020594782963942015,0
2022-04-11,1.1473462209685537,1.160665238890788,1.0777004498526874,1.077915989942658,0.0,-0.0008383259815217814,0.0008383259815217814,-0.020594782963942015,0
2022-04-12,1.1473462209685537,1.160665238890788,1.07730467505692,1.0775201359919313,0.0,-0.0003672400766108197,0.0003672400766108197,-0.020594782963942015,0
2022-04-13,1.1473462209685537,1.160665238890788,1.0773472823913928,1.077562751847871,0.0,3.9549939269134526e-05,-3.9549939269134526e-05,-0.020594782963942015,0
2022-04-14,1.1473462209685537,1.160665238890788,1.0780308934022635,1.078246499580944,0.0,0.0006345317076899004,-0.0006345317076899004,-0.020594782963942015,0
2022-04-15,1.1473462209685537,1.160665238890788,1.077989232897446,1.0782048307440255,0.0,-3.864500087380485e-05,3.864500087380485e-05,-0.020594782963942015,0
2022-04-18,1.1473462209685537,1.160665238890788,1.0747804271968338,1.0749953832822732,0.0,-0.0029766583957314685,0.0029766583957314685,-0.020594782963942015,0
2022-04-19,1.1473462209685537,1.160665238890788,1.0746156788368733,1.0748306019726406,0.0,-0.00015328559749661075,0.00015328559749661075,-0.020594782963942015,0
2022-04-20,1.1473462209685537,1.160665238890788,1.074112912290097,1.074327734872555,0.0,-0.0004678570736288412,0.0004678570736288412,-0.020594782963942015,0
2022-04-21,1.1473462209685537,1.160665238890788,1.0744774417072511,1.0746923371955925,0.0,0.00033937718556686924,-0.00033937718556686924,-0.020594782963942015,0
2022-04-22,1.1473462209685537,1.160665238890788,1.0744925909817304,1.0747074894999267,0.0,1.4099201985251497e-05,-1.4099201985251497e-05,-0.020594782963942015,0
2022-04-24,1.1473462209685537,1.160665238890788,1.0743988548458907,1.0746137346168598,0.0,-8.723758230300138e-05,8.723758230300138e-05,-0.020594782963942015,0
2022-04-25,1.1473462209685537,1.160665238890788,1.0755577743435445,1.0757728858984132,0.0,0.0010786678452110454,-0.0010786678452110454,-0.020594782963942015,0
2022-04-26,1.1473462209685537,1.160665238890788,1.0754914962676985,1.075706594566952,0.0,-6.162205083448669e-05,6.162205083448669e-05,-0.020594782963942015,0
2022-04-27,1.1473462209685537,1.160665238890788,1.0749243453043857,1.0751393301734467,0.0,-0.0005273411879879175,0.0005273411879879175,-0.020594782963942015,0
2022-04-28,1.1473462209685537,1.160665238890788,1.0739633132046156,1.0741781058672564,0.0,-0.0008940462684358108,0.0008940462684358108,-0.020594782963942015,0
2022-04-29,1.1473462209685537,1.160665238890788,1.0746829037423744,1.0748978403231229,0.0,0.0006700326993587247,-0.0006700326993587247,-0.020594782963942015,0
2022-05-05,1.1473462209685537,1.160665238890788,1.075181882970531,1.0753969193471251,0.0,0.0004643036810383361,-0.0004643036810383361,-0.020594782963942015,0
2022-05-06,1.1473462209685537,1.160665238890788,1.0750824658567617,1.075297482349933,0.0,-9.246539152496513e-05,9.246539152496513e-05,-0.020594782963942015,0
2022-05-07,1.1473462209685537,1.160665238890788,1.075180936140876,1.0753959723281041,0.0,9.159323795304708e-05,-9.159323795304708e-05,-0.020594782963942015,0
2022-05-09,1.1473462209685537,1.160665238890788,1.0757878539496966,1.0760030115204864,0.0,0.0005644796967838595,-0.0005644796967838595,-0.020594782963942015,0
2022-05-10,1.1473462209685537,1.160665238890788,1.0764534751971235,1.076668765892163,0.0,0.0006187290969899006,-0.0006187290969899006,-0.020594782963942015,0
2022-05-11,1.1473462209685537,1.160665238890788,1.0757092670883361,1.0759244089417537,0.0,-0.0006913518567545074,0.0006913518567545074,-0.020594782963942015,0
2022-05-12,1.1473462209685537,1.160665238890788,1.0764137083516157,1.076628991093286,0.0,0.0006548621312767455,-0.0006548621312767455,-0.020594782963942015,0
2022-05-13,1.1473462209685537,1.160665238890788,1.0760179335558484,1.0762331371425595,0.0,-0.0003676790742226377,0.0003676790742226377,-0.020594782963942015,0
2022-05-16,1.1473462209685537,1.160665238890788,1.0755947007000874,1.0758098196402275,0.0,-0.0003933325296562318,0.0003933325296562318,-0.020594782963942015,0
2022-05-17,1.1473462209685537,1.160665238890788,1.0764610498343634,1.0766763420443302,0.0,0.0008054605826079975,-0.0008054605826079975,-0.020594782963942015,0
2022-05-18,1.1473462209685537,1.160665238890788,1.0772459716183134,1.077461420812637,0.0,0.0007291687739845454,-0.0007291687739845454,-0.020594782963942015,0
2022-05-19,1.1473462209685537,1.160665238890788,1.0775148712403182,1.0777303742145663,0.0,0.0002496176630866209,-0.0002496176630866209,-0.020594782963942015,0
2022-05-20,1.1473462209685537,1.160665238890788,1.0767394177529173,1.0769547656364677,0.0,-0.0007196684779935403,0.0007196684779935403,-0.020594782963942015,0
2022-05-23,1.1473462209685537,1.160665238890788,1.0777260142533711,1.0779415594562218,0.0,0.0009162815851144757,-0.0009162815851144757,-0.020594782963942015,0
2022-05-24,1.1473462209685537,1.160665238890788,1.078304527172543,1.0785201880779776,0.0,0.0005367903451534151,-0.0005367903451534151,-0.020594782963942015,0
2022-05-25,1.1473462209685537,1.160665238890788,1.079274080739208,1.0794899355553558,0.0,0.0008991463378227316,-0.0008991463378227316,-0.020594782963942015,0
2022-05-26,1.1473462209685537,1.160665238890788,1.0819867477006282,1.0822031450501683,0.0,0.0025134180555528296,-0.0025134180555528296,-0.020594782963942015,0
2022-05-27,1.1473462209685537,1.160665238890788,1.0822641687895276,1.0824806216232854,0.0,0.0002563997105222704,-0.0002563997105222704,-0.020594782963942015,0
2022-05-30,1.1473462209685537,1.160665238890788,1.0809954170518996,1.08121161613531,0.0,-0.0011723124300114796,0.0011723124300114796,-0.020594782963942015,0
2022-05-31,1.1473462209685537,1.160665238890788,1.0792807085467924,1.0794965646885017,0.0,-0.001586231058947174,0.001586231058947174,-0.020594782963942015,0
2022-06-01,1.1473462209685537,1.160665238890788,1.0787504839400228,1.0789662340368107,0.0,-0.0004912759049343629,0.0004912759049343629,-0.020594782963942015,0
2022-06-02,1.1473462209685537,1.160665238890788,1.078413412582862,1.0786290952653785,0.0,-0.0003124646173318091,0.0003124646173318091,-0.020594782963942015,0
2022-06-06,1.1473462209685537,1.160665238890788,1.0777676747581888,1.0779832282931403,0.0,-0.0005987850458263333,0.0005987850458263333,-0.020594782963942015,0
2022-06-07,1.1473462209685537,1.160665238890788,1.0780327870615736,1.078248393618986,0.0,0.0002459827935035186,-0.0002459827935035186,-0.020594782963942015,0
2022-06-08,1.1473462209685537,1.160665238890788,1.0782240466518727,1.078439691461203,0.0,0.0001774153741840312,-0.0001774153741840312,-0.020594782963942015,0
2022-06-09,1.1473462209685537,1.160665238890788,1.0785563838607588,1.078772095137531,0.0,0.00030822648587558454,-0.00030822648587558454,-0.020594782963942015,0
2022-06-10,1.1473462209685537,1.160665238890788,1.0787495371103677,1.0789652870177897,0.0,0.00017908498109053816,-0.00017908498109053816,-0.020594782963942015,0
2022-06-13,1.1473462209685537,1.160665238890788,1.0782590793491056,1.0784747311649754,0.0,-0.0004546539714639364,0.0004546539714639364,-0.020594782963942015,0
2022-06-14,1.1473462209685537,1.160665238890788,1.0775366483223818,1.0777521556520462,0.0,-0.0006699976291040244,0.0006699976291040244,-0.020594782963942015,0
2022-06-15,1.1473462209685537,1.160665238890788,1.0771929491576364,1.0774083877474678,0.0,-0.0003189674943125942,0.0003189674943125942,-0.020594782963942015,0
2022-06-16,1.1473462209685537,1.160665238890788,1.077498775136184,1.0777142748912112,0.0,0.00028391011915429587,-0.00028391011915429587,-0.020594782963942015,0
2022-06-17,1.1473462209685537,1.160665238890788,1.077763887439569,1.0779794402170568,0.0,0.0002460441807476954,-0.0002460441807476954,-0.020594782963942015,0
2022-06-20,1.1473462209685537,1.160665238890788,1.0768634524377152,1.0770788251282026,0.0,-0.0008354659237961304,0.0008354659237961304,-0.020594782963942015,0
2022-06-21,1.1473462209685537,1.160665238890788,1.076675980166036,1.0768913153620692,0.0,-0.000174091033784185,0.000174091033784185,-0.020594782963942015,0
2022-06-22,1.1473462209685537,1.160665238890788,1.076901325623913,1.0771167058890379,0.0,0.0002092973763958561,-0.0002092973763958561,-0.020594782963942015,0
2022-06-23,1.1473462209685537,1.160665238890788,1.0768407285259967,1.0770560966717018,0.0,-5.626987029783148e-05,5.626987029783148e-05,-0.020594782963942015,0
2022-06-24,1.1473462209685537,1.160665238890788,1.0759942628144747,1.0762094616670377,0.0,-0.0007860639824429638,0.0007860639824429638,-0.020594782963942015,0
2022-06-27,1.1473462209685537,1.160665238890788,1.073339352462006,1.0735540203324985,0.0,-0.002467401959490245,0.002467401959490245,-0.020594782963942015,0
2022-06-28,1.1473462209685537,1.160665238890788,1.0728280644483352,1.0730426300612248,0.0,-0.00047635262090972574,0.00047635262090972574,-0.020594782963942015,0
2022-06-29,1.1473462209685537,1.160665238890788,1.0727882976028276,1.073002855262348,0.0,-3.706730540098402e-05,3.706730540098402e-05,-0.020594782963942015,0
2022-06-30,1.1473462209685537,1.160665238890788,1.0739689941825452,1.0741837879813816,0.0,0.001100586744240184,-0.001100586744240184,-0.020594782963942015,0
2022-07-01,1.1473462209685537,1.160665238890788,1.0744064294831304,1.074621310769027,0.0,0.00040730719690662553,-0.00040730719690662553,-0.020594782963942015,0
2022-07-04,1.1473462209685537,1.160665238890788,1.073215317777208,1.0734299608407634,0.0,-0.0011086230249901519,0.0011086230249901519,-0.020594782963942015,0
2022-07-05,1.1473462209685537,1.160665238890788,1.0730089089124297,1.0732235106942123,0.0,-0.00019232754262743512,0.00019232754262743512,-0.020594782963942015,0
2022-07-06,1.1473462209685537,1.160665238890788,1.0740456873845958,1.0742604965220728,0.0,0.0009662347288588169,-0.0009662347288588169,-0.020594782963942015,0
2022-07-07,1.1473462209685537,1.160665238890788,1.074094922526653,1.0743097415111582,0.0,4.5840826545351376e-05,-4.5840826545351376e-05,-0.020594782963942015,0
2022-07-08,1.1473462209685537,1.160665238890788,1.0739633132046156,1.0741781058672564,0.0,-0.0001225304386764936,0.0001225304386764936,-0.020594782963942015,0
2022-07-11,1.1473462209685537,1.160665238890788,1.0749063555409417,1.0751213368120498,0.0,0.0008780954849492151,-0.0008780954849492151,-0.020594782963942015,0
2022-07-12,1.1473462209685537,1.160665238890788,1.0759933159848198,1.0762085146480167,0.0,0.001011214082301315,-0.001011214082301315,-0.020594782963942015,0
2022-07-13,1.1473462209685537,1.160665238890788,1.0765775098819215,1.0767928253838979,0.0,0.0005429345037957223,-0.0005429345037957223,-0.020594782963942015,0
2022-07-14,1.1473462209685537,1.160665238890788,1.077269642359687,1.077485096288159,0.0,0.0006429007399955111,-0.0006429007399955111,-0.020594782963942015,0
2022-07-15,1.1473462209685537,1.160665238890788,1.077797026477492,1.0780125858827876,0.0,0.0004895562791966679,-0.0004895562791966679,-0.020594782963942015,0
2022-07-18,1.1473462209685537,1.160665238890788,1.078021425105714,1.0782370293907353,0.0,0.00020820119438935691,-0.00020820119438935691,-0.020594782963942015,0
2022-07-19,1.1473462209685537,1.160665238890788,1.0778926562726414,1.078108234803896,0.0,-0.00011944923363660376,0.00011944923363660376,-0.020594782963942015,0
2022-07-20,1.1473462209685537,1.160665238890788,1.0787893039558756,1.0790050618166667,0.0,0.0008318524836552488,-0.0008318524836552488,-0.020594782963942015,0
2022-07-21,1.1473462209685537,1.160665238890788,1.079847859510105,1.080063829082007,0.0,0.0009812440208183393,-0.0009812440208183393,-0.020594782963942015,0
2022-07-22,1.1473462209685537,1.160665238890788,1.0789521586565263,1.0791679490882575,0.0,-0.0008294694902531985,0.0008294694902531985,-0.020594782963942015,0
2022-07-25,1.1473462209685537,1.160665238890788,1.0791339499502757,1.0793497767402658,0.0,0.00016848874372321632,-0.00016848874372321632,-0.020594782963942015,0
2022-07-26,1.1473462209685537,1.160665238890788,1.079845965850795,1.0800619350439653,0.0,0.0006598030768583119,-0.0006598030768583119,-0.020594782963942015,0
2022-07-27,1.1473462209685537,1.160665238890788,1.0802067079493296,1.0804227492909195,0.0,0.0003340681078067842,-0.0003340681078067842,-0.020594782963942015,0
2022-07-28,1.1473462209685537,1.160665238890788,1.079360242237808,1.0795761142862554,0.0,-0.0007836145668161931,0.0007836145668161931,-0.020594782963942015,0
2022-07-29,1.1473462209685537,1.160665238890788,1.081325860601476,1.0815421257735962,0.0,0.0018210957627944335,-0.0018210957627944335,-0.020594782963942015,0
2022-08-01,1.1473462209685537,1.160665238890788,1.082936417844539,1.083153005128108,0.0,0.0014894282119242153,-0.0014894282119242153,-0.020594782963942015,0
2022-08-02,1.1473462209685537,1.160665238890788,1.0836285503223047,1.0838452760323691,0.0,0.0006391256830600156,-0.0006391256830600156,-0.020594782963942015,0
2022-08-03,1.1473462209685537,1.160665238890788,1.0834978878299222,1.083714587407488,0.0,-0.00012057867277825984,0.00012057867277825984,-0.020594782963942015,0
2022-08-04,1.1473462209685537,1.160665238890788,1.084626508778618,1.0848434340803736,0.0,0.0010416457303450422,-0.0010416457303450422,-0.020594782963942015,0
2022-08-05,1.1473462209685537,1.160665238890788,1.0837611064739971,1.083977858695292,0.0,-0.0007978804663324457,0.0007978804663324457,-0.020594782963942015,0
2022-08-08,1.1473462209685537,1.160665238890788,1.0832308818672272,1.0834475280436007,0.0,-0.000489244911634712,0.000489244911634712,-0.020594782963942015,0
2022-08-09,1.1473462209685537,1.160665238890788,1.0827536797211346,1.0829702304570787,0.0,-0.00044053595044302174,0.00044053595044302174,-0.020594782963942015,0
2022-08-10,1.1473462209685537,1.160665238890788,1.0832678082237701,1.083484461785415,0.0,0.0004748342233922287,-0.0004748342233922287,-0.020594782963942015,0
2022-08-11,1.1473462209685537,1.160665238890788,1.0832649677348054,1.0834816207283524,0.0,-2.6221484135113826e-06,2.6221484135113826e-06,-0.020594782963942015,0
2022-08-12,1.1473462209685537,1.160665238890788,1.0834410780506254,1.0836577662662354,0.0,0.00016257362793536956,-0.00016257362793536956,-0.020594782963942015,0
2022-08-15,1.1473462209685537,1.160665238890788,1.0886884079983363,1.088906145679936,0.0,0.004843207493251178,-0.004843207493251178,-0.020594782963942015,0
2022-08-16,1.1473462209685537,1.160665238890788,1.0903065398786393,1.090524601186615,0.0,0.0014863131346076752,-0.0014863131346076752,-0.020594782963942015,0
2022-08-17,1.1473462209685537,1.160665238890788,1.0897280269594671,1.089945972564859,0.0,-0.0005305965781298161,0.0005305965781298161,-0.020594782963942015,0
2022-08-18,1.1473462209685537,1.160665238890788,1.0911851977984293,1.0914034348379889,0.0,0.001337187631144987,-0.001337187631144987,-0.020594782963942015,0
2022-08-19,1.1473462209685537,1.160665238890788,1.0912278051329016,1.091446050693928,0.0,3.90468405897515e-05,-3.90468405897515e-05,-0.020594782963942015,0
2022-08-22,1.1473462209685537,1.160665238890788,1.0910924084922444,1.0913106269739428,0.0,-0.00012407733749120187,0.00012407733749120187,-0.020594782963942015,0
2022-08-23,1.1473462209685537,1.160665238890788,1.0903169550048435,1.0905350183958444,0.0,-0.0007107129344549046,0.0007107129344549046,-0.020594782963942015,0
2022-08-24,1.1473462209685537,1.160665238890788,1.0902099632538347,1.0904280052464854,0.0,-9.812903533934492e-05,9.812903533934492e-05,-0.020594782963942015,0
2022-08-25,1.1473462209685537,1.160665238890788,1.0887707821783168,1.0889885363347525,0.0,-0.001320095324778059,0.001320095324778059,-0.020594782963942015,0
2022-08-26,1.1473462209685537,1.160665238890788,1.0882159400005182,1.0884335831885183,0.0,-0.0005096042131921275,0.0005096042131921275,-0.020594782963942015,0
2022-08-29,1.1473462209685537,1.160665238890788,1.0888806144182903,1.089098390541174,0.0,0.0006107927602785335,-0.0006107927602785335,-0.020594782963942015,0
2022-08-30,1.1473462209685537,1.160665238890788,1.0899344358242453,1.09015242271141,0.0,0.0009678025230690501,-0.0009678025230690501,-0.020594782963942015,0
2022-08-31,1.1473462209685537,1.160665238890788,1.0895130966277942,1.0897309992471198,0.0,-0.0003865729741189261,0.0003865729741189261,-0.020594782963942015,0
2022-09-01,1.1473462209685537,1.160665238890788,1.090033852938015,1.0902518597086024,0.0,0.0004779715928451278,-0.0004779715928451278,-0.020594782963942015,0
2022-09-02,1.1473462209685537,1.160665238890788,1.0906142595164965,1.0908323823683999,0.0,0.0005324665623156477,-0.0005324665623156477,-0.020594782963942015,0
2022-09-05,1.1473462209685537,1.160665238890788,1.0907922634916265,1.0910104219443248,0.0,0.00016321442120958984,-0.00016321442120958984,-0.020594782963942015,0
2022-09-06,1.1473462209685537,1.160665238890788,1.0911094514260335,1.0913276733163186,0.0,0.00029078674741578325,-0.00029078674741578325,-0.020594782963942015,0
2022-09-07,1.1473462209685537,1.160665238890788,1.091046013839152,1.0912642230419198,0.0,-5.8140443012999476e-05,5.8140443012999476e-05,-0.020594782963942015,0
2022-09-08,1.1473462209685537,1.160665238890788,1.0902809754779557,1.0904990316730512,0.0,-0.0007011971552917107,0.0007011971552917107,-0.020594782963942015,0
2022-09-09,1.1473462209685537,1.160665238890788,1.0897242396408473,1.0899421844887756,0.0,-0.0005106351937070874,0.0005106351937070874,-0.020594782963942015,0
2022-09-13,1.1473462209685537,1.160665238890788,1.0887045041024705,1.088922245003291,0.0,-0.0009357739336998128,0.0009357739336998128,-0.020594782963942015,0
2022-09-14,1.1473462209685537,1.160665238890788,1.0876677256303047,1.0878852591754307,0.0,-0.0009523047514353733,0.0009523047514353733,-0.020594782963942015,0
2022-09-15,1.1473462209685537,1.160665238890788,1.0879214759778302,1.0881390602730256,0.0,0.00023329767128887902,-0.00023329767128887902,-0.020594782963942015,0
2022-09-16,1.1473462209685537,1.160665238890788,1.0865741373788418,1.0867914522063176,0.0,-0.0012384520654649123,0.0012384520654649123,-0.020594782963942015,0
2022-09-19,1.1473462209685537,1.160665238890788,1.0866555647291671,1.086872895842113,0.0,7.493952554571415e-05,-7.493952554571415e-05,-0.020594782963942015,0
2022-09-20,1.1473462209685537,1.160665238890788,1.0874101879641591,1.087627670001752,0.0,0.0006944456546174038,-0.0006944456546174038,-0.020594782963942015,0
2022-09-21,1.1473462209685537,1.160665238890788,1.0880691814040016,1.0882867952402824,0.0,0.0006060210278848732,-0.0006060210278848732,-0.020594782963942015,0
2022-09-22,1.1473462209685537,1.160665238890788,1.0881761731550106,1.0883938083896416,0.0,9.833175393403337e-05,-9.833175393403337e-05,-0.020594782963942015,0
2022-09-23,1.1473462209685537,1.160665238890788,1.0870210409759762,1.0872384451841715,0.0,-0.0010615304833272443,0.0010615304833272443,-0.020594782963942015,0
2022-09-26,1.1473462209685537,1.160665238890788,1.0847249790627322,1.0849419240585447,0.0,-0.0021122515817931786,0.0021122515817931786,-0.020594782963942015,0
2022-09-27,1.1473462209685537,1.160665238890788,1.0842241061752658,1.0844409509965007,0.0,-0.0004617510402491476,0.0004617510402491476,-0.020594782963942015,0
2022-09-28,1.1473462209685537,1.160665238890788,1.08256904793842,1.0827855617480078,0.0,-0.0015264909048039454,0.0015264909048039454,-0.020594782963942015,0
2022-09-29,1.1473462209685537,1.160665238890788,1.081291774733898,1.0815080330888447,0.0,-0.001179853799583963,0.001179853799583963,-0.020594782963942015,0
2022-09-30,1.1473462209685537,1.160665238890788,1.0804538304892706,1.0806699212553683,0.0,-0.000774947395520087,0.000774947395520087,-0.020594782963942015,0
2022-10-08,1.1473462209685537,1.160665238890788,1.0800031395735163,1.080219140201431,0.0,-0.0004171311193835736,0.0004171311193835736,-0.020594782963942015,0
2022-10-09,1.1473462209685537,1.160665238890788,1.0817576149241315,1.0819739664471162,0.0,0.0016245094910631863,-0.0016245094910631863,-0.020594782963942015,0
2022-10-10,1.1473462209685537,1.160665238890788,1.0818636598454854,1.0820800325774544,0.0,9.803020555709807e-05,-9.803020555709807e-05,-0.020594782963942015,0
2022-10-11,1.1473462209685537,1.160665238890788,1.082378735177776,1.0825952109248116,0.0,0.0004761000405211213,-0.0004761000405211213,-0.020594782963942015,0
2022-10-12,1.1473462209685537,1.160665238890788,1.0819337252399512,1.0821501119849992,0.0,-0.00041114068796976877,0.00041114068796976877,-0.020594782963942015,0
2022-10-13,1.1473462209685537,1.160665238890788,1.082761254358374,1.0829778066092457,0.0,0.0007648611916957204,-0.0007648611916957204,-0.020594782963942015,0
2022-10-14,1.1473462209685537,1.160665238890788,1.0842790222952525,1.0844958780997116,0.0,0.0014017567868900294,-0.0014017567868900294,-0.020594782963942015,0
2022-10-17,1.1473462209685537,1.160665238890788,1.0848755249778685,1.0850925000828642,0.0,0.0005501376217289522,-0.0005501376217289522,-0.020594782963942015,0
2022-10-18,1.1473462209685537,1.160665238890788,1.0849332815868205,1.0851502682431378,0.0,5.32380053031023e-05,-5.32380053031023e-05,-0.020594782963942015,0
2022-10-19,1.1473462209685537,1.160665238890788,1.0851018172654008,1.0853188376288538,0.0,0.00015534197488520363,-0.00015534197488520363,-0.020594782963942015,0
2022-10-20,1.1473462209685537,1.160665238890788,1.08415025346218,1.0843670835128725,0.0,-0.0008769350378738938,0.0008769350378738938,-0.020594782963942015,0
2022-10-21,1.1473462209685537,1.160665238890788,1.0837790962374412,1.0839958520566886,0.0,-0.000342348510784074,0.000342348510784074,-0.020594782963942015,0
2022-10-24,1.1473462209685537,1.160665238890788,1.0841180612539116,1.0843348848661625,0.0,0.00031276209113761944,-0.00031276209113761944,-0.020594782963942015,0
2022-10-25,1.1473462209685537,1.160665238890788,1.0838557894394916,1.0840725605973796,0.0,-0.00024192181995075224,0.00024192181995075224,-0.020594782963942015,0
2022-10-26,1.1473462209685537,1.160665238890788,1.0846255619489629,1.0848424870613527,0.0,0.0007102167252983627,-0.0007102167252983627,-0.020594782963942015,0
2022-10-27,1.147116797609032,1.160665238890788,1.0859956244596698,1.0862128235845616,-0.00019996000799826774,0.001263166348620004,-0.0014631263566182717,-0.020790624838974092,-1
2022-10-28,1.1456206204890769,1.1591513906253148,1.0874120816234691,1.0876295640397937,-0.001304293619510788,0.001304293619510677,-0.002608587239021465,-0.022067801379161756,-1
2022-10-31,1.1438434100999324,1.1573531898447362,1.0890945979203082,1.0893124168398922,-0.0015513079612566871,0.0015472665103435368,-0.003098574471600224,-0.02358487538445153,-1
2022-11-01,1.144990545899791,1.1585138743103094,1.0880085843060852,1.0882261860229463,0.0010028783570632527,-0.000997171059609392,0.0020000494166726446,-0.022605649788465243,-1
2022-11-02,1.1461876876194343,1.1597251553088197,1.0868752292091146,1.0870926042549565,0.0010455472527088894,-0.0010416784511800836,0.002087225703888973,-0.021583737810788373,-1
2022-11-03,1.14624669460478,1.1597848592176854,1.086819366259473,1.0870367301327248,5.1481084627713614e-05,-5.139775766382915e-05,0.00010287884229154276,-0.021533367880393395,-1
2022-11-04,1.1475528492295537,1.161106440657998,1.0855828067301132,1.0857999232914592,0.0011395056848770846,-0.001137778335341677,0.0022772840202187616,-0.02041839959063063,-1
2022-11-07,1.1473798287470989,1.1609313766540363,1.085746608260419,1.085963757582071,-0.00015077343284974898,0.00015088810295282862,-0.0003016615358025776,-0.02056609447128077,-1
2022-11-08,1.1475568497031363,1.1611104883806331,1.0855790194114936,1.0857961352153758,0.00015428278552764851,-0.00015435355510240445,0.00030863634063005296,-0.020414984680095505,-1
2022-11-09,1.147288817973091,1.1608392909640912,1.0858327697590189,1.0860499363129708,-0.00023356727827017476,0.0002337465472230793,-0.00046731382549325406,-0.020643783685957984,-1
2022-11-10,1.1473898299310559,1.1609414959606237,1.0857371399638696,1.0859542873918624,8.804405340878674e-05,-8.807046334635693e-05,0.00017611451675514367,-0.020557557194942566,-1
2022-11-11,1.1505162000359885,1.164104791199841,1.082777350462508,1.0829939059326006,0.0027247671396219975,-0.0027260645255812177,0.005450831665203215,-0.017888804611636222,-1
2022-11-14,1.1577390550896751,1.171412954417252,1.075939346694488,1.0761545345638268,0.006277925555034036,-0.006315244556139965,0.012593170111174001,-0.011723183640222512,-1
2022-11-15,1.1572840012196353,1.1709525259675257,1.0763701541874884,1.0765854282183258,-0.0003930539166311364,0.0004004012812841573,-0.0007934551979152937,-0.012111629713608463,-1
2022-11-16,1.1583011216280539,1.171981659447463,1.0754072284284084,1.075622309874094,0.0008788857422610263,-0.0008946046630277094,0.0017734904052887357,-0.011243388710018398,-1
2022-11-17,1.1568929549269198,1.1705568610799588,1.0767403645825722,1.0769557126554887,-0.0012157172904700975,0.00123965705169371,-0.0024553743421638075,-0.012445437218430278,-1
2022-11-18,1.157115981329159,1.1707825216168577,1.0765292215695192,1.0767445274138332,0.00019278049994975177,-0.00019609463896597124,0.000388875138915723,-0.012255055956089556,-1
2022-11-21,1.1563608919404118,1.17001851396951,1.0772440779590033,1.0774595267745952,-0.000652561541739094,0.0006640380726887773,-0.0013165996144278713,-0.012899620319619887,-1
2022-11-22,1.1568189461656386,1.1704819782112124,1.076810429977038,1.0770257920630335,0.0003961170153878868,-0.00040255313613501986,0.0007986701515229067,-0.012508613063332508,-1
2022-11-23,1.155317768453705,1.1689630702924454,1.0782316212891123,1.07844726761337,-0.001297677321856927,0.0013198157006193423,-0.0026174930224762694,-0.01379005824168933,-1
2022-11-24,1.1540386170256152,1.1676688109799187,1.0794426164177884,1.0796585049410719,-0.0011071858003204316,0.0011231307863408535,-0.002230316586661285,-0.014881975885339016,-1
2022-11-25,1.1557948249284502,1.1694457612166638,1.077779983543703,1.0779955395404117,0.001521793011884931,-0.001540269810361039,0.00306206282224597,-0.01338283016035935,-1
2022-11-28,1.1574930259643348,1.1711640194752022,1.0761722667896045,1.0763875012429625,0.001469292818463419,-0.0014916929045316607,0.0029609857229950798,-0.011933200638141184,-1
2022-11-29,1.1604863803226406,1.1741927279368072,1.073338405632351,1.0735530733134775,0.0025860668627459837,-0.002633278374388426,0.0052193452371344096,-0.009377993830132048,-1
2022-11-30,1.160056329412493,1.1737575977535495,1.073745542383978,1.0739602914924546,-0.000370578162259827,0.00037931816237124494,-0.0007498963246310719,-0.009745096712672763,-1
2022-12-01,1.1591482219092049,1.1728387647154148,1.074605263710669,1.074820184763411,-0.0007828132826516176,0.0008006751066758078,-0.0015834883893274254,-0.010520281404176934,-1
2022-12-02,1.158898192310282,1.1725857820507302,1.0748419711244053,1.0750569395186302,-0.00021570114520053085,0.00022027382679934426,-0.0004359749719998751,-0.010733713312630733,-1
2022-12-05,1.1601853446855372,1.1738881368085268,1.0736234013584898,1.0738381260387615,0.001110669068082215,-0.0011337199315363256,0.0022443889996185407,-0.00963496584791057,-1
2022-12-06,1.1616455175432474,1.1753655555702853,1.0722410300622687,1.0724554782682811,0.0012585686109540806,-0.001287575600971369,0.0025461442119254496,-0.008388523502540268,-1
2022-12-07,1.1599603180465068,1.1736604524103107,1.0738364380308527,1.0740512053184588,-0.0014507002965109539,0.0014879191560981386,-0.0029386194526090925,-0.0098270545655188,-1
2022-12-08,1.159787297564052,1.1734853884063488,1.0740002395611583,1.0742150396090706,-0.00014916069089865314,0.00015253862180908406,-0.0003016993127077372,-0.00997474944616894,-1
2022-12-09,1.1601683426728104,1.1738709339873281,1.073639497462624,1.0738542253621164,0.0003285474065448657,-0.00033588642278303826,0.000664433829327904,-0.009649479217685442,-1
2022-12-12,1.1600383272813706,1.1737393830016922,1.0737625853177668,1.0739773378348303,-0.00011206597065072099,0.00011464542375128062,-0.0002267113944020016,-0.009760463810081443,-1
2022-12-13,1.1613064774071078,1.1750225110769728,1.0725620053152953,1.0727765177163584,0.0010931967469636206,-0.0011181056398199551,0.0022113023867835757,-0.008677937170403771,-1
2022-12-14,1.1590802138582978,1.1727699534306204,1.0746696481272053,1.0748845820568307,-0.0019170336100945429,0.0019650545156970622,-0.003882088125791605,-0.010578334883276308,-1
2022-12-15,1.1590532106616143,1.1727426313028346,1.0746952125278888,1.0749101515703943,-2.329709053849882e-05,2.3788148039827206e-05,-4.708523857832603e-05,-0.010601385529389273,-1
2022-12-16,1.1598483047861892,1.1735471161765318,1.0739424829522066,1.074157271448797,0.0006859858695538179,-0.0007004121418868747,0.0013863980114406926,-0.009922672060506232,-1
2022-12-19,1.1578390669292442,1.1715141474831257,1.0758446637289931,1.076059832661739,-0.0017323281403729407,0.0017712128973215169,-0.0035035410376944576,-0.011637810876841126,-1
2022-12-20,1.1581391024479517,1.1718177266807472,1.0755606148325094,1.075775726955476,0.0002591340431301603,-0.00026402407899595026,0.0005231581221261106,-0.011381692586696524,-1
2022-12-21,1.158255116181852,1.171935110637161,1.0754507825925357,1.0756658727490542,0.0001001725385620933,-0.00010211627169975923,0.00020228881026185253,-0.011282660181173965,-1
2022-12-22,1.1573450084417725,1.1710142537377088,1.0763123975785365,1.0765276600580522,-0.0007857575825606089,0.0008011663573517236,-0.0015869239399123325,-0.012059552327945755,-1
2022-12-23,1.1566609274591193,1.1703220931671316,1.0769600290625196,1.0771754210683322,-0.0005910778356180701,0.0006017132994473595,-0.0011927911350654297,-0.012643502029475395,-1
2022-12-26,1.1571459848810297,1.1708128795366197,1.0765008166798709,1.076716116843207,0.0004193600824538013,-0.0004263968673456908,0.0008457569497994921,-0.012229444127075051,-1
2022-12-27,1.1585511512269768,1.1722346421121477,1.0751705210146718,1.0753855551188747,0.0012143380042852758,-0.0012357590859075618,0.0024500970901928376,-0.0110299568015646,-1
2022-12-28,1.158586155370826,1.1722700596852036,1.0751373819767487,1.075352409453144,3.021372324574223e-05,-3.082212288696429e-05,6.103584613270652e-05,-0.011000076334381048,-1
2022-12-29,1.1578120637325606,1.1714868253553399,1.0758702281296766,1.0760854021753026,-0.0006681347215112821,0.0006816302411329911,-0.0013497649626442731,-0.01166086152295398,-1
2022-12-30,1.1570669755277703,1.1707329370145796,1.0765756162226117,1.0767909313458561,-0.0006435312155829154,0.0006556442166463228,-0.0012991754322292381,-0.012296888610146328,-1
2022-12-31,1.157086977895684,1.1707531756277543,1.0765566796295127,1.0767719909654385,1.728713059567788e-05,-1.7589654468852522e-05,3.48767850645304e-05,-0.012279814057470029,-1
2023-01-03,1.1564989082790171,1.1701581604004159,1.077113415466621,1.0773288381497144,-0.0005082328536238911,0.0005171449377843196,-0.0010253777914082107,-0.01278180590615352,-1
2023-01-04,1.155171751167934,1.1688153284162697,1.0783698584187345,1.078585532390418,-0.0011475645169938264,0.0011664908579465116,-0.002314055374940338,-0.013914702476226282,-1
2023-01-05,1.1558448308482347,1.1694963577496007,1.0777326420609556,1.0779481885893678,0.0005826663261288001,-0.000590907055500578,0.001173573381629378,-0.013340143778668545,-1
2023-01-06,1.156823946757617,1.1704870378645058,1.0768056958287635,1.0770210569679293,0.0008470997864511443,-0.0008600892243734171,0.0017071890108245613,-0.012504344425163572,-1
2023-01-09,1.1568649516118403,1.1705285270215142,1.0767668758129108,1.0769822291880733,3.544606276384421e-05,-3.605108702819937e-05,7.149714979204358e-05,-0.012469341592177163,-1
2023-01-10,1.158125100790412,1.171803559651525,1.0755738704476787,1.0757889852217681,0.0010892794157313368,-0.0011079513978653477,0.0021972308135966845,-0.011393644773569966,-1
2023-01-11,1.1584811429392783,1.172163806966036,1.0752367990905178,1.075451846450336,0.00030742978338271776,-0.0003133874542904369,0.0006208172376731547,-0.011089717735931814,-1
2023-01-12,1.1580820956993974,1.1717600466331994,1.0756145841228413,1.0758297070396659,-0.00034445725967402474,0.00035135054217172446,-0.0006958078018457492,-0.011430355061823994,-1
2023-01-13,1.1592542344591483,1.1729460293652412,1.0745048997672446,1.074719800747198,0.001012137882196562,-0.0010316747020510109,0.002043812584247573,-0.010429786274992359,-1
2023-01-16,1.1608424224715068,1.1745529752513182,1.0730013342751903,1.0732159345420453,0.0013700083770662452,-0.0013993100379346979,0.002769318415000943,-0.009074066792494007,-1
2023-01-17,1.1602243493029694,1.1739276021042175,1.0735864750019468,1.0738011922969473,-0.0005324350287109203,0.0005453308472833651,-0.0010777658759942854,-0.00960167047019167,-1
2023-01-18,1.1600703310700327,1.173771764782772,1.0737322867688088,1.0739470332261625,-0.00013274866453993894,0.000135817440194419,-0.00026856610473435794,-0.00973314452579932,-1
2023-01-19,1.1603623656415747,1.1740672485351236,1.0734558125095643,1.0736705036720662,0.0002517386780098718,-0.0002574890060133006,0.0005092276840231724,-0.009483856056725304,-1
2023-01-20,1.1610324449666882,1.1747452420764783,1.0728214366407507,1.0730360009280788,0.0005774741968151975,-0.0005909659824101521,0.0011684401792253496,-0.008911858542069107,-1
2023-01-28,1.1610874514784515,1.1748008982627092,1.0727693610097286,1.0729839148819305,4.737723911318881e-05,-4.854081885719008e-05,9.591805797037889e-05,-0.008864903522209033,-1
2023-01-29,1.1600283260974138,1.1737292636951049,1.0737720536143163,1.0739868080250392,-0.0009121839872517912,0.0009346767730613603,-0.0018468607603131515,-0.009769001086419427,-1
2023-01-30,1.1603953695486326,1.1741006422468618,1.0734245671309512,1.0736392520443774,0.0003164090418841248,-0.00032361289548876737,0.0006400219373728921,-0.00945568304480926,-1
2023-01-31,1.159371248311444,1.1730644252523135,1.0743941206976162,1.0746089995217556,-0.0008825623266550675,0.0009032340011150275,-0.001785796327770095,-0.010329900141836212,-1
2023-02-01,1.15986430668052,1.1735633070670717,1.0739273336777275,1.0741421191444631,0.00042528083199777633,-0.00043446535204938463,0.000859746184047161,-0.009909012418365393,-1
2023-02-02,1.15974129211785,1.173438839596047,1.0740437937252858,1.0742586024840308,-0.0001060594432999995,0.00010844313568170172,-0.00021450257898170122,-0.010014020917324618,-1
2023-02-03,1.1593162417996812,1.1730087690660829,1.074446196328638,1.0746610855679037,-0.00036650442737329314,0.00037466126214136253,-0.0007411656895146557,-0.010376855161695953,-1
2023-02-06,1.1596392800414896,1.1733356226688554,1.0741403703500905,1.0743551984241604,0.0002786454896095414,-0.0002846359171753132,0.0005632814067848546,-0.010101101135973622,-1
2023-02-07,1.1595532698594602,1.173248596632204,1.0742217977004158,1.0744366420599558,-7.416977288521309e-05,7.580699187270667e-05,-0.00014997676475791977,-0.010174521712481677,-1
2023-02-08,1.1594062524552933,1.1730998428253694,1.0743609816596928,1.0745758538560248,-0.00012678796911569368,0.00012956724540025277,-0.00025635521451594645,-0.01030001967465266,-1
2023-02-09,1.1592792374190406,1.1729713276317095,1.074481229025871,1.074696125271676,-0.00010955179513971736,0.00011192454699204823,-0.0002214763421317656,-0.010408443084147012,-1
2023-02-10,1.1592182301969032,1.1729095998615264,1.0745389856348226,1.0747538934319496,-5.262513134729474e-05,5.375301809973365e-05,-0.00010637814944702839,-0.010460520469809942,-1
2023-02-13,1.1590472099512399,1.1727365597188821,1.0747008935058187,1.0749158336845197,-0.00014753067300732337,0.00015067659076173356,-0.00029820726376905693,-0.010606507895192352,-1
2023-02-14,1.1590422093592616,1.1727315000655885,1.0747056276540932,1.074920568779624,-4.314398874605274e-06,4.405084524483627e-06,-8.719483399088901e-06,-0.010610776533361288,-1
2023-02-15,1.1589872028474986,1.1726758438793579,1.0747577032851152,1.0749726548257723,-4.745859237809125e-05,4.8455716320949804e-05,-9.591430869904105e-05,-0.01065773155322114,-1
2023-02-16,1.1585711535948906,1.1722548807253224,1.0751515844215729,1.075366614738457,-0.00035897657160133267,0.0003664836597623289,-0.0007254602313636616,-0.011012882248888411,-1
2023-02-17,1.1585041456623792,1.172187081371187,1.0752150220084542,1.0754300650128559,-5.7836700234958904e-05,5.900338873177091e-05,-0.00011684008896672982,-0.011070082000353976,-1
2023-02-20,1.1594182538760416,1.1731119859932742,1.0743496197038334,1.0745644896277742,0.0007890418148996936,-0.0008048644102872649,0.0015939062251869585,-0.010289774943046837,-1
2023-02-21,1.160147340186501,1.1738496834434946,1.0736593808853778,1.073874112761555,0.0006288380470309551,-0.0006424713201330645,0.0012713093671640197,-0.00966740749799555,-1
2023-02-22,1.1595332674915464,1.1732283580190292,1.0742407342935145,1.0744555824403732,-0.0005293057818465119,0.0005414691274407968,-0.0010707749092873087,-0.010191596265157976,-1
2023-02-23,1.1596592824094034,1.1733558612820303,1.0741214337569913,1.0743362580437428,0.00010867727678887107,-0.000111055681203176,0.00021973295799204706,-0.010084026583297323,-1
2023-02-24,1.1594602588486609,1.1731544870809412,1.0743098528583255,1.0745247148288972,-0.0001716224444209269,0.00017541694580569533,-0.0003470393902266222,-0.010253918382426397,-1
2023-02-27,1.159518265715611,1.173213179059148,1.074254936738339,1.0744697877256866,5.002919807495232e-05,-5.111758012865675e-05,0.00010114677820360907,-0.010204402179665228,-1
2023-02-28,1.159582273292935,1.1732779426213074,1.0741943396404223,1.0744091785083505,5.520187065322091e-05,-5.6408489125137073e-05,0.00011161035977835798,-0.010149763611101204,-1
2023-03-01,1.159281237655832,1.172973351493027,1.0744793353665612,1.0746942312336345,-0.0002596069671264578,0.00026531114121697286,-0.0005249181083434307,-0.010406735628879504,-1
2023-03-02,1.1596812850141087,1.1733781237565224,1.0741006035045828,1.0743154236252836,0.00034508223309615005,-0.0003524794284193167,0.0006975616615154667,-0.010065244575353294,-1
2023-03-03,1.1601523407784795,1.1738547430967885,1.073654646737103,1.0738693776664505,0.0004061941590831619,-0.00041519087320562864,0.0008213850322887906,-0.009663138859826392,-1
2023-03-06,1.1585191474383147,1.172202260331068,1.07520081956363,1.0754158597275427,-0.0014077404171497498,0.0014401025797501354,-0.0028478429968998853,-0.011057276085846612,-1
2023-03-07,1.1581651055262399,1.1718440368778746,1.0755359972614809,1.0757511044609331,-0.00030559867125001805,0.0003117349724368612,-0.0006173336436868793,-0.011359495668217257,-1
2023-03-08,1.1580000859909507,1.1716770683191828,1.075692224154547,1.0759073625993778,-0.0001424836014327635,0.00014525491797945378,-0.0002877385194122173,-0.011500360727796699,-1
2023-03-09,1.1578600694155536,1.1715353980269592,1.0758247803062393,1.0760399452623006,-0.00012091240500833322,0.0001232286974988117,-0.00024414110250714494,-0.011619882596531017,-1
2023-03-10,1.1573680111648734,1.1710375281428598,1.0762906204964728,1.0765058786205721,-0.0004249721220014324,0.00043300749226182766,-0.0008579796142632601,-0.012039916592368027,-1
2023-03-13,1.1573620104544993,1.1710314565589075,1.0762963014744025,1.0765115607346973,-5.184790245027493e-06,5.278293633281805e-06,-1.0463083878309298e-05,-0.012045038958170884,-1
2023-03-14,1.157170987840922,1.1708381778030883,1.0764771459384974,1.076692441367685,-0.00016505001188205082,0.00016802479377409085,-0.00033307480565614167,-0.012208100936229704,-1
2023-03-15,1.1574350190973848,1.1711053274969954,1.0762271829095915,1.0764424283461733,0.00022816961299332306,-0.00023220467786888577,0.0004603742908622088,-0.011982716840902352,-1
2023-03-16,1.1568129454552645,1.1704759066272599,1.0768161109549679,1.077031474177159,-0.0005374588049058548,0.0005472153600358798,-0.0010846741649417346,-0.012513735429135475,-1
2023-03-17,1.1565949196450036,1.1702553057436549,1.077022519819746,1.07723792432371,-0.00018847110167419245,0.0001916844135951834,-0.00038015551526937585,-0.01269984805330715,-1
2023-03-20,1.156268881048008,1.169925416348906,1.0773311862872588,1.077546652524516,-0.00028189523527888394,0.0002865923987962482,-0.0005684876340751321,-0.01297816326193102,-1
2023-03-21,1.1565019086342043,1.1701611961923921,1.0771105749776562,1.0773259970926516,0.00020153408088363634,-0.000204775757362885,0.00040630983824652134,-0.012779244723251981,-1
2023-03-22,1.1569299593075604,1.1705943025143324,1.0767053318853392,1.0769206729517162,0.0003701253496948276,-0.0003762316532128773,0.0007463570029077049,-0.012413849295979107,-1
2023-03-23,1.1570049681872372,1.1706701973137377,1.0766343196612183,1.0768496465251505,6.483441722071603e-05,-6.595325760727633e-05,0.00013078767482799236,-0.012349819723442956,-1
2023-03-24,1.1576260417109618,1.1712986062528143,1.0760463384454968,1.0762615477131858,0.0005367941718501523,-0.0005461289919742596,0.001082923163824412,-0.011819654862843754,-1
2023-03-27,1.1570589745806046,1.1707248415693097,1.076583190859851,1.076798507498023,-0.0004898534672899135,0.0004989119847105261,-0.0009887654520004396,-0.012303718431216915,-1
2023-03-28,1.1568785546221876,1.1707724023102704,1.0765386898660687,1.076753997604042,-0.00015592978610479147,-4.1335397171549104e-05,-0.00011459438893324236,-0.012457729701138454,0
2023-03-29,1.1568785546221876,1.1707724023102704,1.0765424771846888,1.0767577856801256,0.0,3.51805156251217e-06,-3.51805156251217e-06,-0.012457729701138454,0
2023-03-30,1.1568785546221876,1.1707724023102704,1.076710066033614,1.0769254080468207,0.0,0.00015567323396603605,-0.00015567323396603605,-0.012457729701138454,0
2023-03-31,1.1566472251771522,1.1707724023102704,1.0765424771846888,1.0767577856801256,-0.00019996000799837876,-0.00015564900358233658,-4.431100441604219e-05,-0.012655198661406186,-1
2023-04-03,1.156902563101104,1.1710308584653701,1.076304822941297,1.0765200839058853,0.00022075695890144686,-0.0002207569589016689,0.0004415139178031158,-0.012437235425675541,-1
2023-04-04,1.1569778420109547,1.1711070566943638,1.076234757546831,1.0764500044983403,6.506936042116607e-05,-6.509809579280379e-05,0.00013016745621396986,-0.012372975348208914,-1
2023-04-06,1.1569503753816848,1.171079254637839,1.0762603219475146,1.076475574011904,-2.3739978651793336e-05,2.375355423556158e-05,-4.749353288735492e-05,-0.012396421592690055,-1
2023-04-07,1.1567001238705605,1.1708259470117253,1.0764932420426314,1.07670854069104,-0.00021630271829220504,0.00021641613127143522,-0.00043271884956364026,-0.01261004293129464,-1
2023-04-10,1.1561792751970015,1.1702987376435539,1.0769780188259637,1.0771934144297288,-0.0004502884220468628,0.0004503296113707034,-0.0009006180334175662,-0.013054653197008048,-1
2023-04-11,1.1548028918858189,1.1689055456999289,1.0782590793491056,1.0784747311649754,-0.0011904583836690463,0.0011894955149951425,-0.002379953898664189,-0.014229570559332716,-1
2023-04-12,1.1541691248474844,1.1682640389882673,1.078848954224137,1.0790647240149818,-0.0005488097083820032,0.0005470622843144479,-0.001095871992696451,-0.014770570941245675,-1
2023-04-13,1.1544366701622226,1.1685348516129332,1.0785999380248863,1.0788156580124912,0.00023180772122421978,-0.0002308165552515895,0.0004626242764758093,-0.014542187152412511,-1
2023-04-14,1.1545017762464176,1.1686007527839548,1.0785393409269697,1.0787550487951552,5.639641036858656e-05,-5.6181254773246536e-05,0.0001125776651418331,-0.014486610869198224,-1
2023-04-17,1.1553695182748276,1.1694790918289748,1.0777316952313007,1.077947241570347,0.0007516160184970477,-0.000748832856643733,0.0015004488751407807,-0.013745883219484334,-1
2023-04-18,1.1552504962146588,1.1693586162507013,1.0778424743009294,1.0780580427957895,-0.00010301644477039851,0.00010278909873284725,-0.00020580554350324576,-0.0138474836122352,-1
2023-04-19,1.1546279192845452,1.1687284363028088,1.0784219340497565,1.0786376184365665,-0.0005389107662394643,0.0005376107943815267,-0.001076521560620991,-0.014378931820470786,-1
2023-04-20,1.154661489609208,1.1687624165941166,1.0783906886711432,1.0786063668088774,2.9074582471144694e-05,-2.8973241017027362e-05,5.804782348817206e-05,-0.014350275299438664,-1
2023-04-21,1.154267801256342,1.1683639204505964,1.0787571117476074,1.0789728631699569,-0.0003409556449303075,0.00033978694392811093,-0.0006807425888584184,-0.014686338136999266,-1
2023-04-23,1.1539036140978771,1.1679952857751954,1.079096076764078,1.0793118959794308,-0.0003155135732527681,0.0003142181059845317,-0.0006297316792372998,-0.014997217971228438,-1
2023-04-24,1.1533970073802355,1.1674824922881848,1.079567597932241,1.0797835114518275,-0.00043903729172178885,0.00043695939436361186,-0.0008759966860854007,-0.015429670924988814,-1
2023-04-25,1.1532790026026323,1.1673630464157085,1.0796774301722147,1.0798933656582492,-0.00010231063272070351,0.00010173725126993993,-0.00020404788399064344,-0.015530402938314536,-1
2023-04-26,1.1528598821856277,1.166938807627258,1.0800675239900528,1.0802835374948507,-0.00036341632515524136,0.00036130589279403935,-0.0007247222179492807,-0.015888175261505766,-1
2023-04-27,1.1510826895436201,1.1651399115995322,1.0817216353972434,1.081937979724323,-0.001541551292979615,0.0015314888842132834,-0.0030730401771928983,-0.01740523411736794,-1
2023-04-28,1.150602998088098,1.1648896930908104,1.0819517150033953,1.0821681053463958,-0.00041673066572844863,0.00021269760964637285,-0.0006294282753748215,-0.017814711488295498,0
2023-05-04,1.150602998088098,1.1648896930908104,1.083464748791999,1.0836814417417575,0.0,0.0013984300478686595,-0.0013984300478686595,-0.017814711488295498,0
2023-05-05,1.150602998088098,1.1648896930908104,1.0846359770751672,1.0848529042705823,0.0,0.0010810026671139727,-0.0010810026671139727,-0.017814711488295498,0
2023-05-06,1.150602998088098,1.1648896930908104,1.0850961362874711,1.0853131555147286,0.0,0.0004242522118294012,-0.0004242522118294012,-0.017814711488295498,0
2023-05-08,1.150602998088098,1.1648896930908104,1.0842458832573296,1.084462732433981,0.0,-0.0007835739172848966,0.0007835739172848966,-0.017814711488295498,0
2023-05-09,1.150602998088098,1.1648896930908104,1.084427674551079,1.0846445600859893,0.0,0.00016766611389229524,-0.00016766611389229524,-0.017814711488295498,0
2023-05-10,1.150602998088098,1.1648896930908104,1.0853318968715526,1.085548963250927,0.0,0.0008338244603061096,-0.0008338244603061096,-0.017814711488295498,0
2023-05-11,1.150602998088098,1.1648896930908104,1.0870182004870115,1.087235604127109,0.0,0.0015537216037966317,-0.0015537216037966317,-0.017814711488295498,0
2023-05-12,1.150602998088098,1.1648896930908104,1.0860940947437843,1.086311313562733,0.0,-0.0008501290436656594,0.0008501290436656594,-0.017814711488295498,0
2023-05-15,1.150602998088098,1.1648896930908104,1.0858204609735047,1.0860376250656993,0.0,-0.0002519429684810781,0.0002519429684810781,-0.017814711488295498,0
2023-05-16,1.150602998088098,1.1648896930908104,1.0855932218563178,1.0858103405006891,0.0,-0.00020927872088838395,0.00020927872088838395,-0.017814711488295498,0
2023-05-17,1.150602998088098,1.1648896930908104,1.0856339355314804,1.0858510623185866,0.0,3.750361953525072e-05,-3.750361953525072e-05,-0.017814711488295498,0
2023-05-18,1.150602998088098,1.1648896930908104,1.0848528010661498,1.085069771626363,0.0,-0.0007195192041856702,0.0007195192041856702,-0.017814711488295498,0
2023-05-19,1.150602998088098,1.1648896930908104,1.0853773446949901,1.0855944201639292,0.0,0.00048351594642603857,-0.00048351594642603857,-0.017814711488295498,0
2023-05-22,1.150602998088098,1.1648896930908104,1.0857579702162783,1.0859751218103215,0.0,0.0003506849697467729,-0.0003506849697467729,-0.017814711488295498,0
2023-05-23,1.150602998088098,1.1648896930908104,1.087061754651139,1.0872791670020692,0.0,0.0012008057694488095,-0.0012008057694488095,-0.017814711488295498,0
2023-05-24,1.150602998088098,1.1648896930908104,1.0871621185945632,1.0873795510182822,0.0,9.232588948582254e-05,-9.232588948582254e-05,-0.017814711488295498,0
2023-05-25,1.150602998088098,1.1648896930908104,1.086853452127051,1.0870708228174764,0.0,-0.0002839194470014572,0.0002839194470014572,-0.017814711488295498,0
2023-05-26,1.150602998088098,1.1648896930908104,1.0864216978043955,1.0866389821439564,0.0,-0.0003972516458502495,0.0003972516458502495,-0.017814711488295498,0
2023-05-29,1.150602998088098,1.1648896930908104,1.0863506855802747,1.0865679557173906,0.0,-6.536340747265168e-05,6.536340747265168e-05,-0.017814711488295498,0
2023-05-30,1.150602998088098,1.1648896930908104,1.0867758120953455,1.0869931672577644,0.0,0.00039133451169459654,-0.00039133451169459654,-0.017814711488295498,0
2023-05-31,1.150602998088098,1.1648896930908104,1.0870039980421875,1.0872213988417958,0.0,0.00020996597854172627,-0.00020996597854172627,-0.017814711488295498,0
2023-06-01,1.150602998088098,1.1648896930908104,1.088048351151593,1.0882659608218233,0.0,0.0009607628962602366,-0.0009607628962602366,-0.017814711488295498,0
2023-06-02,1.150602998088098,1.1648896930908104,1.087534222648957,1.0877517294934869,0.0,-0.00047252358049332255,0.00047252358049332255,-0.017814711488295498,0
2023-06-05,1.150602998088098,1.1648896930908104,1.087292781086946,1.0875102396431633,0.0,-0.00022200824303530986,0.00022200824303530986,-0.017814711488295498,0
2023-06-06,1.150602998088098,1.1648896930908104,1.0878267930123353,1.0880443583709378,0.0,0.0004911390332744681,-0.0004911390332744681,-0.017814711488295498,0
2023-06-07,1.150602998088098,1.1648896930908104,1.0885558518466438,1.0887735630170132,0.0,0.0006701975341953936,-0.0006701975341953936,-0.017814711488295498,0
2023-06-08,1.150602998088098,1.1648896930908104,1.0884374981397755,1.0886551856394036,0.0,-0.00010872543348838803,0.00010872543348838803,-0.017814711488295498,0
2023-06-09,1.150602998088098,1.1648896930908104,1.0894553400188427,1.0896732310868464,0.0,0.000935140401545187,-0.000935140401545187,-0.017814711488295498,0
2023-06-12,1.150602998088098,1.1648896930908104,1.0901398978593688,1.0903579258389406,0.0,0.0006283486944167471,-0.0006283486944167471,-0.017814711488295498,0
2023-06-13,1.150602998088098,1.1648896930908104,1.0926130169180879,1.0928315395214714,0.0,0.0022686253971397896,-0.0022686253971397896,-0.017814711488295498,0
2023-06-14,1.150602998088098,1.1648896930908104,1.0934746319040887,1.0936933268304694,0.0,0.0007885820255291165,-0.0007885820255291165,-0.017814711488295498,0
2023-06-15,1.150602998088098,1.1648896930908104,1.0911596333977456,1.091377865324425,0.0,-0.0021171030756442777,0.0021171030756442777,-0.017814711488295498,0
2023-06-16,1.150602998088098,1.1648896930908104,1.0890529374154907,1.0892707480029737,0.0,-0.0019306945727958214,0.0019306945727958214,-0.017814711488295498,0
2023-06-19,1.150602998088098,1.1648896930908104,1.0876383739110012,1.0878559015857834,0.0,-0.0012988932455814117,0.0012988932455814117,-0.017814711488295498,0
2023-06-20,1.150602998088098,1.1648896930908104,1.0881193633757136,1.0883369872483888,0.0,0.0004422328930735464,-0.0004422328930735464,-0.017814711488295498,0
2023-06-21,1.150602998088098,1.1648896930908104,1.0889573076203412,1.0891750990818652,0.0,0.000770084857260489,-0.000770084857260489,-0.017814711488295498,0
2023-06-25,1.150602998088098,1.1648896930908104,1.0896248225270782,1.0898427474915835,0.0,0.000612985377907771,-0.000612985377907771,-0.017814711488295498,0
2023-06-26,1.150602998088098,1.1648896930908104,1.0893843277947217,1.0896022046602807,0.0,-0.00022071333855877562,0.00022071333855877562,-0.017814711488295498,0
2023-06-27,1.150602998088098,1.1648896930908104,1.0885085103638965,1.0887262120659693,0.0,-0.0008039563343068545,0.0008039563343068545,-0.017814711488295498,0
2023-06-28,1.150602998088098,1.1648896930908104,1.088732908992119,1.0889506555739172,0.0,0.00020615238749699394,-0.00020615238749699394,-0.017814711488295498,0
2023-06-29,1.150602998088098,1.1648896930908104,1.0889393178568971,1.0891571057204685,0.0,0.00018958631917276314,-0.00018958631917276314,-0.017814711488295498,0
2023-06-30,1.150602998088098,1.1648896930908104,1.0903671369765557,1.090585210403951,0.0,0.0013112017320382474,-0.0013112017320382474,-0.017814711488295498,0
2023-07-03,1.150602998088098,1.1648896930908104,1.0902686666924413,1.0904867204257798,0.0,-9.030929195785742e-05,9.030929195785742e-05,-0.017814711488295498,0
2023-07-04,1.150602998088098,1.1648896930908104,1.0903131676862237,1.090531230319761,0.0,4.081653920895434e-05,-4.081653920895434e-05,-0.017814711488295498,0
2023-07-05,1.150602998088098,1.1648896930908104,1.0901806115345314,1.0903986476568384,0.0,-0.00012157621830211074,0.00012157621830211074,-0.017814711488295498,0
2023-07-06,1.150602998088098,1.1648896930908104,1.0905517687592703,1.090769879113022,0.0,0.00034045480245370463,-0.00034045480245370463,-0.017814711488295498,0
2023-07-07,1.150602998088098,1.1648896930908104,1.090646451724765,1.0908645810151099,0.0,8.682115623215303e-05,-8.682115623215303e-05,-0.017814711488295498,0
2023-07-10,1.150602998088098,1.1648896930908104,1.0905176828916923,1.0907357864282705,0.0,-0.0001180665218036836,0.0001180665218036836,-0.017814711488295498,0
2023-07-11,1.1503729235033975,1.1648896930908104,1.0913546803066643,1.0915729512427257,-0.00019996000799826774,0.0007675230104957631,-0.0009674830184940308,-0.018011109266442116,-1
2023-07-12,1.1506623528641577,1.1651827748144314,1.09108009970673,1.0912983157266714,0.0002515961170912462,-0.00025159611709102414,0.0005031922341822703,-0.017764044674506985,-1
2023-07-13,1.150572529959094,1.1650918184174455,1.0911653143756752,1.0913835474385503,-7.806191350578917e-05,7.810120353957117e-05,-0.00015616311704536034,-0.017840719892693868,-1
2023-07-14,1.1511214477122602,1.1656476630656925,1.090644558065455,1.090862686977068,0.00047708226893417027,-0.0004772478591095197,0.00095433012804369,-0.017372149114885604,-1
2023-07-17,1.1503749195679545,1.1648917143440767,1.0913527866473545,1.091571057204684,-0.0006485224871706219,0.0006493669973981486,-0.0012978894845687705,-0.01800940537270468,-1
2023-07-18,1.1493259876432684,1.1638295457526084,1.0923479046147029,1.0925663741956257,-0.0009118174491147268,0.0009118206133924556,-0.0018236380625071824,-0.018904801531752335,-1
2023-07-19,1.1490724874445337,1.1635728465877817,1.092588399347059,1.0928069170269286,-0.00022056422760829975,0.00022016312874328925,-0.000440727356351589,-0.019121196036412824,-1
2023-07-20,1.149151331994534,1.1636526860918026,1.0925135998043185,1.0927321025242793,6.86158191600672e-05,-6.846086118550421e-05,0.0001370766803455714,-0.019053892233782177,-1
2023-07-21,1.148055492552759,1.1625430180485752,1.0935532187654493,1.0937719294092023,-0.000953607598289774,0.0009515844574539134,-0.0019051920557436874,-0.019989329895660823,-1
2023-07-24,1.1472780254078205,1.161755739901331,1.0942907990666522,1.0945096572264654,-0.000677203453998354,0.0006744804811928962,-0.0013516839351912502,-0.020652996506410726,-1
2023-07-25,1.1510166543230194,1.1655415472692088,1.0907439751792243,1.0909621239742602,0.003258694782260596,-0.003241207812816338,0.006499902595076934,-0.017461603536103598,-1
2023-07-26,1.1502671320818783,1.1647825666676936,1.0914550442500888,1.0916733352589387,-0.0006511827942071724,0.0006519119858054978,-0.0013030947800126702,-0.018101415634528828,-1
2023-07-27,1.1488519223109888,1.1633494981018497,1.0927976487008022,1.0930162082305424,-0.0012303313999141308,0.0012301051314815847,-0.0024604365313957155,-0.019309476294404826,-1
2023-07-28,1.1492114985700488,1.163946778442057,1.0922380723747291,1.092456519989204,0.0003129874721685688,-0.0005120585011674228,0.0008250459733359916,-0.01900253244641059,0
2023-07-31,1.1492114985700488,1.163946778442057,1.0910355987129476,1.0912538058326902,0.0,-0.0011009263384923473,0.0011009263384923473,-0.01900253244641059,0
2023-08-01,1.1492114985700488,1.163946778442057,1.0917883282886296,1.0920066859542874,0.0,0.0006899221038891845,-0.0006899221038891845,-0.01900253244641059,0
2023-08-02,1.1492114985700488,1.163946778442057,1.0919275122479069,1.0921458977503564,0.0,0.0001274825492001419,-0.0001274825492001419,-0.01900253244641059,0
2023-08-03,1.1492114985700488,1.163946778442057,1.0926026017918833,1.0928211223122417,0.0,0.000618254908319571,-0.000618254908319571,-0.01900253244641059,0
2023-08-04,1.1492114985700488,1.163946778442057,1.0924747797884657,1.0926932747444233,0.0,-0.00011698855851882684,0.00011698855851882684,-0.01900253244641059,0
2023-08-07,1.1492114985700488,1.163946778442057,1.0926840291422086,1.0929025659480371,0.0,0.00019153701084384522,-0.00019153701084384522,-0.01900253244641059,0
2023-08-08,1.1492114985700488,1.163946778442057,1.0929160024076705,1.093134585608152,0.0,0.00021229674752731853,-0.00021229674752731853,-0.01900253244641059,0
2023-08-09,1.1492114985700488,1.163946778442057,1.093148922502787,1.0933675522872877,0.0,0.00021311802060131058,-0.00021311802060131058,-0.01900253244641059,0
2023-08-10,1.1492114985700488,1.163946778442057,1.0928951721552616,1.0931137511896927,0.0,-0.00023212788514170857,0.00023212788514170857,-0.01900253244641059,0
2023-08-11,1.1492114985700488,1.163946778442057,1.0932095196007037,1.0934281615046237,0.0,0.00028762817647209893,-0.00028762817647209893,-0.01900253244641059,0
2023-08-14,1.1492114985700488,1.163946778442057,1.094610827490024,1.094829749655522,0.0,0.0012818292049194824,-0.0012818292049194824,-0.01900253244641059,0
2023-08-15,1.1492114985700488,1.163946778442057,1.0966834376047008,1.0969027742922217,0.0,0.0018934675800981182,-0.0018934675800981182,-0.01900253244641059,0
2023-08-16,1.1492114985700488,1.163946778442057,1.0981254591691836,1.0983450842610174,0.0,0.0013148931724840107,-0.0013148931724840107,-0.01900253244641059,0
2023-08-17,1.1492114985700488,1.163946778442057,1.0978612936954537,1.0980808659541927,0.0,-0.00024056037634323513,0.00024056037634323513,-0.01900253244641059,0
2023-08-18,1.1492114985700488,1.163946778442057,1.0981756411408956,1.0983952762691238,0.0,0.0002863271045687732,-0.0002863271045687732,-0.01900253244641059,0
2023-08-21,1.1492114985700488,1.163946778442057,1.099788092043269,1.1000080496616775,0.0,0.0014682996434871587,-0.0014682996434871587,-0.01900253244641059,0
2023-08-22,1.1492114985700488,1.163946778442057,1.0994557548343828,1.0996756459853496,0.0,-0.0003021829489613381,0.0003021829489613381,-0.01900253244641059,0
2023-08-23,1.1492114985700488,1.163946778442057,1.099207685464787,1.0994275270018798,0.0,-0.00022562924292779396,0.00022562924292779396,-0.01900253244641059,0
2023-08-24,1.1492114985700488,1.163946778442057,1.0992588142661541,1.0994786660290072,0.0,4.6514232062921934e-05,-4.6514232062921934e-05,-0.01900253244641059,0
2023-08-25,1.1492114985700488,1.163946778442057,1.098539223728395,1.0987589315731408,0.0,-0.0006546142986713077,0.0006546142986713077,-0.01900253244641059,0
2023-08-28,1.1492114985700488,1.163946778442057,1.0965527751123183,1.0967720856673406,0.0,-0.0018082637134565482,0.0018082637134565482,-0.01900253244641059,0
2023-08-29,1.1492114985700488,1.163946778442057,1.0961295422565573,1.0963487681650086,0.0,-0.00038596669979484854,0.00038596669979484854,-0.01900253244641059,0
2023-08-30,1.1492114985700488,1.163946778442057,1.0964022291971818,1.0966215096430212,0.0,0.00024877254933119985,-0.00024877254933119985,-0.01900253244641059,0
2023-08-31,1.1492114985700488,1.163946778442057,1.0970460733625451,1.0972654825772177,0.0,0.0005872335427798969,-0.0005872335427798969,-0.01900253244641059,0
2023-09-01,1.1492114985700488,1.163946778442057,1.0952897043526202,1.0955087622934907,0.0,-0.0016009984015907808,0.0016009984015907808,-0.01900253244641059,0
2023-09-04,1.1492114985700488,1.163946778442057,1.0924927695519095,1.09271126810582,0.0,-0.002553602749661321,0.002553602749661321,-0.01900253244641059,0
2023-09-05,1.1492114985700488,1.163946778442057,1.0928875975180221,1.0931061750375257,0.0,0.0003614009878294411,-0.0003614009878294411,-0.01900253244641059,0
2023-09-06,1.1492114985700488,1.163946778442057,1.0913357437135656,1.0915540108623083,0.0,-0.0014199573752879946,0.0014199573752879946,-0.01900253244641059,0
2023-09-07,1.1492114985700488,1.163946778442057,1.090483597024114,1.0907016937435188,0.0,-0.0007808290843218657,0.0007808290843218657,-0.01900253244641059,0
2023-09-08,1.1492114985700488,1.163946778442057,1.0905972165827076,1.0908153360260242,0.0,0.00010419190064259176,-0.00010419190064259176,-0.01900253244641059,0
2023-09-11,1.1492114985700488,1.163946778442057,1.090304646219329,1.090522707148573,0.0,-0.0002682661929903629,0.0002682661929903629,-0.01900253244641059,0
2023-09-12,1.1492114985700488,1.163946778442057,1.0913679359218338,1.091586209509018,0.0,0.0009752225730594866,-0.0009752225730594866,-0.01900253244641059,0
2023-09-13,1.1492114985700488,1.163946778442057,1.0919161502920476,1.092134533522106,0.0,0.0005023185601937818,-0.0005023185601937818,-0.01900253244641059,0
2023-09-14,1.1492114985700488,1.163946778442057,1.0926622520601448,1.0928807845105568,0.0,0.0006832958445550652,-0.0006832958445550652,-0.01900253244641059,0
2023-09-15,1.1492114985700488,1.163946778442057,1.0915128008590405,1.0917311034192123,0.0,-0.0010519730126460347,0.0010519730126460347,-0.01900253244641059,0
2023-09-18,1.1492114985700488,1.163946778442057,1.0899136055718366,1.090131588292951,0.0,-0.0014651182156959486,0.0014651182156959486,-0.01900253244641059,0
2023-09-19,1.1492114985700488,1.163946778442057,1.090076460272487,1.0902944755645416,0.0,0.00014941982540439547,-0.00014941982540439547,-0.01900253244641059,0
2023-09-20,1.1492114985700488,1.163946778442057,1.089781996249799,1.089999952649049,0.0,-0.0002701315306032903,0.0002701315306032903,-0.01900253244641059,0
2023-09-21,1.1492114985700488,1.163946778442057,1.0901152802883403,1.0903333033443978,0.0,0.00030582633929365777,-0.00030582633929365777,-0.01900253244641059,0
2023-09-22,1.1492114985700488,1.163946778442057,1.08932657118577,1.089544436500007,0.0,-0.0007235098129819706,0.0007235098129819706,-0.01900253244641059,0
2023-09-25,1.1492114985700488,1.163946778442057,1.0878694003468081,1.0880869742268775,0.0,-0.001337680432577426,0.001337680432577426,-0.01900253244641059,0
2023-09-26,1.1492114985700488,1.163946778442057,1.086903634098763,1.0871210148255828,0.0,-0.0008877593649910809,0.0008877593649910809,-0.01900253244641059,0
2023-09-27,1.1492114985700488,1.163946778442057,1.0869282516697916,1.0871456373201256,0.0,2.2649267383378913e-05,-2.2649267383378913e-05,-0.01900253244641059,0
2023-09-28,1.148981702229603,1.163946778442057,1.087815431056476,1.0880329941426874,-0.00019996000799837876,0.0008162262645410312,-0.00101618627253941,-0.019198692707869003,-1
2023-10-07,1.148200648729489,1.1631555519991255,1.0885549050169891,1.0887726159979925,-0.0006797788847275887,0.0006797788847276998,-0.0013595577694552885,-0.019865420726679406,-1
2023-10-08,1.1478376238632388,1.1627877988636786,1.0888986041817346,1.0891163839025708,-0.0003161684908049578,0.00031573893348091353,-0.0006319074242858713,-0.02017530839739401,-1
2023-10-09,1.1478516248222679,1.1628019821801971,1.088885348566565,1.0891031256362784,1.2197682614623062e-05,-1.21734155215103e-05,2.4371098136133362e-05,-0.020163356806787824,-1
2023-10-10,1.1484526659920098,1.1634108516964605,1.0883163039439425,1.0885339672047314,0.0005236227023983631,-0.0005225936994851521,0.0010462164018835152,-0.01965029209576996,-1
2023-10-11,1.1497097520991073,1.1646843109010252,1.0871261390676754,1.087343564295489,0.001094591134943812,-0.0010935836134716714,0.0021881747484154834,-0.01857720999635315,-1
2023-10-12,1.1502287876516797,1.1652101067062508,1.0866347344767586,1.0868520614236539,0.00045144920413586753,-0.0004520216865894211,0.0009034708907252886,-0.018134147458885197,-1
2023-10-13,1.1482986554426915,1.1632548352147558,1.0884621157108043,1.0886798081339464,-0.0016780419945224834,0.0016816885896120404,-0.0033597305841345237,-0.019781759592436776,-1
2023-10-16,1.1477106151634766,1.162659135920974,1.0890188515479124,1.089236655318222,-0.0005120969848981805,0.0005114884836801004,-0.0010235854685782808,-0.020283726397891777,-1
2023-10-17,1.1483316577032598,1.1632882673179783,1.088430870332191,1.0886485565062574,0.0005411142247688794,-0.000539918308012477,0.0010810325327813564,-0.019753587986008125,-1
2023-10-18,1.148619677431855,1.163580038400647,1.0881581833915668,1.088375815028245,0.0002508158045309017,-0.00025053216337111994,0.0005013479679020216,-0.019507726693540395,-1
2023-10-19,1.1497687561407293,1.1647440834492107,1.0870702761180335,1.087287690173257,0.001000399637453242,-0.0009997694178455196,0.0020001690552987617,-0.018526842578798997,-1
2023-10-20,1.1493787294249234,1.1643489767747635,1.0874395396834626,1.0876570275913993,-0.00033922187720170083,0.00033968693058894495,-0.0006789088077906458,-0.018859779745682426,-1
2023-10-23,1.1483096561962143,1.1632659792491633,1.0884517005845997,1.0886693909247167,-0.0009301313843209646,0.000930774414761304,-0.0018609057990822686,-0.01977236905696056,-1
2023-10-24,1.1495067381931878,1.1644786528115052,1.0873183454876294,1.0875358091567269,0.0010424731608884574,-0.0010412543766173954,0.002083727537505853,-0.018750508060141224,-1
2023-10-25,1.1486856819529914,1.163646902607092,1.0880956926343401,1.088313311772867,-0.0007142683143267492,0.000714921393478507,-0.0014291897078052562,-0.019451383480683093,-1
2023-10-26,1.1482866546206667,1.1632426780863112,1.0884734776666638,1.088691172362197,-0.00034737730137479605,0.00034719835293994805,-0.0006945756543147441,-0.019792003812956316,-1
2023-10-27,1.1485306713351708,1.16348987303135,1.0882424512308568,1.088460099721103,0.0002125050513495097,-0.00021224810759945534,0.00042475315894896504,-0.019583704662393342,-1
2023-10-30,1.1480526385911833,1.1630056140816432,1.0886950358059209,1.088912774813082,-0.0004162124320387095,0.0004158857932368143,-0.0008320982252755238,-0.019991766113086284,-1
2023-10-31,1.1471275752267718,1.1620685020973773,1.089570853236746,1.0897887674073934,-0.0008057673780069718,0.0008044653479812869,-0.0016102327259882587,-0.020781424778130497,-1
2023-11-01,1.1465195335775153,1.1614525409228544,1.0901465256669534,1.0903645549720866,-0.0005300558215037832,0.0005283478614512838,-0.001058403682955067,-0.02130046528445151,-1
2023-11-02,1.1452624474704178,1.16017908171829,1.0913366905432205,1.091554957881329,-0.00109643671152726,0.0010917476213017085,-0.0021881843328289685,-0.02237354738386821,-1
2023-11-03,1.145232445415356,1.1601486888971788,1.0913650954328689,1.0915833684519554,-2.6196663592825686e-05,2.6027613562851215e-05,-5.22242771556769e-05,-0.02239915793516689,-1
2023-11-06,1.1448524193845706,1.159763713163102,1.0917248907017483,1.0919432356798886,-0.0003318330984305451,0.00032967452448784407,-0.0006615076229183892,-0.022723558251617537,-1
2023-11-07,1.1447744140414093,1.1596846918282124,1.0917987434148342,1.092017103163517,-6.813571936481466e-05,6.764773223988385e-05,-0.0001357834516046985,-0.02279014568499438,-1
2023-11-08,1.1449504260977732,1.1598629963787321,1.0916321013955637,1.0918504278158427,0.00015375261204741975,-0.0001526307117274417,0.00030638332377486144,-0.02263989711737502,-1
2023-11-09,1.144465392874271,1.159371645770766,1.0920913137782124,1.092309732040968,-0.00042362814358287704,0.0004206658837366817,-0.0008442940273195587,-0.02305393436337111,-1
2023-11-10,1.144586401163021,1.1594942301492481,1.0919767473899642,1.092195142739442,0.00010573346254361127,-0.00010490550268360543,0.0002106389652272167,-0.022950638473132945,-1
2023-11-13,1.1442933810919156,1.1591973935963944,1.0922541684788631,1.092472619312559,-0.0002560052004877411,0.0002540540259323709,-0.000510059226420112,-0.023200768190817067,-1
2023-11-14,1.1447554127398702,1.1596654430415088,1.091816733178278,1.0920350965249137,0.0004037702704473567,-0.0004004885613706488,0.0008042588318180055,-0.022806365700816733,-1
2023-11-15,1.1451104370581038,1.1600250914246593,1.0914806086507722,1.0916989047725023,0.00031013115490208243,-0.00030785801068211605,0.0006179891655841985,-0.02250330751044849,-1
2023-11-16,1.1446504055471531,1.159559068167619,1.0919161502920476,1.092134533522106,-0.0004017354973486764,0.0003990374522675477,-0.0008007729496162241,-0.0228960026303624,-1
2023-11-17,1.14432938355799,1.1592338649817278,1.0922200826112851,1.0924385266278074,-0.0002804541785049741,0.0002783476727183931,-0.0005588018512233672,-0.02317003552925867,-1
2023-11-20,1.1445093958883619,1.1594162219083959,1.092049653273395,1.0922680632040496,0.0001573081430559231,-0.00015603937393526834,0.00031334751699119145,-0.023016372221466352,-1
2023-11-21,1.144693408492742,1.159602631211212,1.091875436616885,1.0920938117042083,0.00016077858778729137,-0.0001595318088218889,0.00032031039660918026,-0.022859294173500855,-1
2023-11-22,1.1452464463743848,1.1601628722136972,1.0913518398176996,1.0915701101856632,0.0004831318827727138,-0.0004795389488820856,0.0009626708316547994,-0.022387206344560928,-1
2023-11-23,1.1465925385781663,1.1615264967875587,1.0900774071021422,1.0902954225835626,0.0011753733949955159,-0.001167756051769997,0.002343129446765513,-0.02123814627629106,-1
2023-11-24,1.1465865381671538,1.1615204182233363,1.0900830880800718,1.0903011046976878,-5.2332548927669365e-06,5.211536256544136e-06,-1.0444791149311072e-05,-0.021243268386550884,-1
2023-11-27,1.1472565840635385,1.162199191228156,1.089448712211258,1.0896666019537002,0.0005843831879064343,-0.0005819518491303466,0.0011663350370367809,-0.020671299407545862,-1
2023-11-28,1.1466715439898294,1.1616065312164852,1.0900026075594016,1.0902206080809134,-0.0005099470178125953,0.0005084180117294057,-0.001018365029542001,-0.021170705157871228,-1
2023-11-29,1.1465485355640752,1.1614819206499287,1.0901190676069599,1.0903370914204813,-0.00010727433361268357,0.0001068438247309178,-0.00021411815834360137,-0.021275708418196038,-1
2023-11-30,1.1458704891196743,1.1607950428928127,1.0907610181130132,1.0909791703166358,-0.000591380498399352,0.00058888109118449,-0.001180261589583842,-0.02185450687754731,-1
2023-12-01,1.1460695027515855,1.1609966486061847,1.090572599011679,1.0907907135314814,0.00017367899234765893,-0.00017274095627295427,0.0003464199486206132,-0.021684623553932414,-1
2023-12-04,1.1463275204251187,1.161258026867742,1.090328316960703,1.090546382624095,0.00022513265810997218,-0.00022399430464092873,0.0004491269627509009,-0.021464372812763255,-1
2023-12-05,1.146513533166503,1.161446462358632,1.0901522066448832,1.090370237086212,0.00016226840764965722,-0.00016152044579620384,0.00032378885344586106,-0.021305587394711112,-1
2023-12-06,1.1465525358380835,1.161485973026077,1.0901152802883403,1.0903333033443978,3.4018500830734766e-05,-3.387266137511169e-05,6.789116220584646e-05,-0.02127229367802297,-1
2023-12-07,1.1466535427567923,1.1615882955238184,1.0900196504931905,1.090237654423289,8.809619755889564e-05,-8.772447912519521e-05,0.00017582067668409085,-0.02118607148865037,-1
2023-12-08,1.1462195130268955,1.1611486127117412,1.090430574563437,1.0906486606783496,-0.0003785186315766742,0.0003769877635331209,-0.0007555063951097951,-0.021556570797438668,-1
2023-12-11,1.1449764278788268,1.1598893368236953,1.091607483824535,1.0918258053213,-0.001084508799528261,0.0010793069165080382,-0.002163815716036299,-0.022617701306249516,-1
2023-12-12,1.1450194308244157,1.1599328998672882,1.0915667701493723,1.0917850835034022,3.7557930924858596e-05,-3.7296991607371766e-05,7.485492253223036e-05,-0.02258099284938797,-1
2023-12-13,1.1437743455393432,1.1586715977911684,1.0927455730697804,1.0929641221843942,-0.0010873922761084343,0.001079918290519899,-0.002167310566628333,-0.02364383072828502,-1
2023-12-14,1.1437603445803142,1.1586574144746498,1.0927588286849494,1.0929773804506864,-1.2241015095004748e-05,1.2130559478684688e-05,-2.4371574573689436e-05,-0.023655782318891205,-1
2023-12-15,1.1432543099182686,1.1581447888919056,1.093237924490352,1.09345657207525,-0.00044243067565985505,0.00043842775992875005,-0.0008808584355886051,-0.024087746950796407,-1
2023-12-18,1.1425892643643945,1.1574710813572713,1.0938675662108912,1.0940863397241334,-0.000581712702156123,0.0005759420766826562,-0.0011576547788387792,-0.024655447504584926,-1
2023-12-19,1.1427602760782478,1.1576443204376057,1.0937056583398956,1.0939243994715635,0.00014967033140167452,-0.00014801414357357157,0.0002976844749752461,-0.02450946736218218,-1
2023-12-20,1.1428692835449732,1.1577547476876435,1.0936024539075062,1.0938211743982877,9.538961845922955e-05,-9.436216371605521e-05,0.00018975178217528477,-0.024416415692463334,-1
2023-12-21,1.1414451859980304,1.1563121017788927,1.0949507393361495,1.0951697294840168,-0.001246072116424024,0.0012328844214144485,-0.0024789565378384726,-0.025632063194109933,-1
2023-12-22,1.1409151496919352,1.1557751619392593,1.0954525590532709,1.0956716495650816,-0.0004643554614772727,0.000458303464341725,-0.0009226589258189977,-0.026084516267054103,-1
2023-12-25,1.1400200883825857,1.154868442776105,1.0962999715944475,1.0965192315887664,-0.0007845117225335763,0.0007735730170816968,-0.001558084739615273,-0.026848564380799522,-1
2023-12-26,1.139268036869032,1.154106596060248,1.0970119874949669,1.097231389892466,-0.000659682685610119,0.000649471785978184,-0.001309154471588303,-0.02749053553335412,-1
2023-12-27,1.1387910041935463,1.1536233502045778,1.0974636252403762,1.0976831179654243,-0.0004187185631896462,0.00041169809496865994,-0.0008304166581583061,-0.027897743299003963,-1
2023-12-28,1.1381439598727092,1.1529678783626103,1.0980762240271265,1.0982958392719318,-0.0005681853109608115,0.000558195071491463,-0.0011263803824522745,-0.02845007752201334,-1
2023-12-29,1.1381099575436389,1.1529334331653507,1.0981084162353947,1.0983280379186418,-2.9875244493826614e-05,2.9316915860500004e-05,-5.919216035432662e-05,-0.028479102813485313,-1
2023-12-31,1.137643925621676,1.1524613313440881,1.0985496388545994,1.0987693487823704,-0.00040947881957620336,0.00040180242012666234,-0.0008112812397028657,-0.028876920043658938,-1
2024-01-02,1.1380139509674407,1.1528361761377945,1.0981993118822695,1.0984189517446459,0.00032525585328690987,-0.00031889953802655135,0.0006441553913134612,-0.028561056577641075,-1
2024-01-03,1.1387830036455298,1.1536152454522814,1.0974711998776159,1.0976906941175915,0.0006757849299081631,-0.0006630053368050781,0.0013387902667132412,-0.027904572779350323,-1
2024-01-04,1.1376449256901782,1.1524623444381252,1.0985486920249445,1.0987684017633494,-0.000999380875643885,0.000981795374173755,-0.00198117624981764,-0.028876066358615504,-1
2024-01-05,1.1363378361579772,1.1511382305317086,1.099786198383959,1.1000061556236358,-0.0011489433149872719,0.0011264920417257684,-0.0022754353567130403,-0.029991832710196897,-1
2024-01-08,1.1361288218410455,1.1509264938779664,1.0999840857818426,1.100204082598999,-0.00018393677503381056,0.00017993260705972958,-0.00036386938209354014,-0.030170252884244575,-1
2024-01-09,1.1347587279932145,1.1495385550472161,1.1012812424091187,1.1015014986576006,-0.0012059317759501864,0.0011792503582941372,-0.0023851821342443236,-0.03133980139355319,-1
2024-01-10,1.135024746214764,1.1498080380610698,1.1010293857209033,1.1012495915980474,0.0002344271209262505,-0.00022869425040283886,0.00046312137132908937,-0.031112721172038005,-1
2024-01-11,1.1353357675189066,1.1501231103065905,1.100734921698215,1.1009550686825547,0.0002740216062953049,-0.00026744429032243833,0.0005414658966177432,-0.030847225123574518,-1
2024-01-12,1.1364898465702915,1.1512922208253393,1.099642280276407,1.0998622087324623,0.00101650902261885,-0.000992647185320772,0.002009156207939622,-0.029862072583616506,-1
2024-01-15,1.137117889589589,1.151928443880603,1.0990476712531012,1.0992674807873517,0.0005526164806424205,-0.0005407295026490511,0.0010933459832914716,-0.029325958376429928,-1
2024-01-16,1.1369338769852089,1.151742034577787,1.0992218879096112,1.099441732287193,-0.0001618236825441377,0.00015851601442484764,-0.00032033969696898534,-0.029483036424395426,-1
2024-01-17,1.1362048270472025,1.1510034890247818,1.099912126728067,1.1001321091534124,-0.0006412421625957565,0.000627934019552967,-0.0012691761821487235,-0.03010537282095449,-1
2024-01-18,1.1354497753281423,1.1502386030268135,1.100626983117551,1.1008471085141744,-0.0006645383834730234,0.0006499213638189172,-0.0013144597472919406,-0.03074990502863928,-1
2024-01-19,1.1350197458722537,1.1498029725908845,1.1010341198691778,1.1012543266931516,-0.000378730495379509,0.000369913474657535,-0.000748643970037044,-0.031116989597254396,-1
2024-01-22,1.134014677027677,1.1487848130836553,1.1019856836723985,1.102206080809133,-0.0008855078056850818,0.0008642455179623809,-0.0017497533236474627,-0.03197494306576165,-1
2024-01-23,1.1343557003868816,1.1491302781502872,1.101662814760062,1.101883147323014,0.00030072217415955116,-0.00029298830022950195,0.0005937104743890531,-0.03168383646599959,-1
2024-01-24,1.1345067107306936,1.1492832553498809,1.1015198434821651,1.1017401474508615,0.00013312433107226518,-0.00012977771054933918,0.00026290204162160435,-0.031554930024462635,-1
2024-01-25,1.1339586731915614,1.1487280798175807,1.1020387061330754,1.102259113874302,-0.0004830624040815801,0.000471042490955087,-0.0009541048950366671,-0.03202274942818595,-1
2024-01-26,1.1336006486678216,1.1483653921523191,1.1023776711495463,1.1025981466837762,-0.0003157297811675619,0.0003075799557532566,-0.0006233097369208185,-0.03232836867368416,-1
2024-01-29,1.1334806404475737,1.1482438208678738,1.10249129070814,1.1027117889662814,-0.00010586463618289521,0.00010306772494317329,-0.0002089323611260685,-0.032430810878879,-1
2024-01-30,1.1297558065062292,1.144707109584553,1.1057966730335564,1.106017832368163,-0.003286191054726495,0.002998102890493959,-0.006284293945220454,-0.03561042809299786,0
2024-01-31,1.1297558065062292,1.144707109584553,1.1077954304351476,1.1080169895212346,0.0,0.001807527052968938,-0.001807527052968938,-0.03561042809299786,0
2024-02-01,1.1297558065062292,1.144707109584553,1.1076732894096595,1.1078948240675415,0.0,-0.00011025593907731945,0.00011025593907731945,-0.03561042809299786,0
2024-02-02,1.1297558065062292,1.144707109584553,1.1074668805448813,1.1076883739209902,0.0,-0.00018634453566013232,0.00018634453566013232,-0.03561042809299786,0
2024-02-04,1.1297558065062292,1.144707109584553,1.1090831187658743,1.1093049353896274,0.0,0.0014594009530992658,-0.0014594009530992658,-0.03561042809299786,0
2024-02-05,1.1297558065062292,1.144707109584553,1.1090045319045139,1.1092263328108947,0.0,-7.085750385227296e-05,7.085750385227296e-05,-0.03561042809299786,0
2024-02-06,1.1297558065062292,1.144707109584553,1.1052172132847295,1.1054382567273864,0.0,-0.003415061445493195,0.003415061445493195,-0.03561042809299786,0
2024-02-07,1.1297558065062292,1.144707109584553,1.1073778785573163,1.1075993541330278,0.0,0.0019549688935491805,-0.0019549688935491805,-0.03561042809299786,0
2024-02-08,1.1297558065062292,1.144707109584553,1.1069357091084564,1.1071570962502781,0.0,-0.00039929409591954457,0.00039929409591954457,-0.03561042809299786,0
2024-02-09,1.1297558065062292,1.144707109584553,1.1065295191864848,1.106750825090322,0.0,-0.0003669498766994961,0.0003669498766994961,-0.03561042809299786,0
2024-02-18,1.1297558065062292,1.144707109584553,1.1067870568526301,1.1070084142640007,0.0,0.0002327436021178908,-0.0002327436021178908,-0.03561042809299786,0
2024-02-19,1.1297558065062292,1.144707109584553,1.1068732183512302,1.1070945929949003,0.0,7.784830701318413e-05,-7.784830701318413e-05,-0.03561042809299786,0
2024-02-20,1.1297558065062292,1.144707109584553,1.108015094915095,1.108236697934078,0.0,0.0010316236267471357,-0.0010316236267471357,-0.03561042809299786,0
2024-02-21,1.1297558065062292,1.144707109584553,1.1084231784963767,1.108644863132076,0.0,0.00036830146372057726,-0.00036830146372057726,-0.03561042809299786,0
2024-02-22,1.1297558065062292,1.144707109584553,1.1090632353431205,1.109285047990189,0.0,0.0005774480894671363,-0.0005774480894671363,-0.03561042809299786,0
2024-02-23,1.1297558065062292,1.144707109584553,1.110628344762746,1.1108504704316986,0.0,0.0014111994426913022,-0.0014111994426913022,-0.03561042809299786,0
2024-02-26,1.1297558065062292,1.144707109584553,1.1115874832032064,1.1118098006998471,0.0,0.0008635998216535157,-0.0008635998216535157,-0.03561042809299786,0
2024-02-27,1.1297558065062292,1.144707109584553,1.112264466406493,1.1124869192997742,0.0,0.0006090237732216952,-0.0006090237732216952,-0.03561042809299786,0
2024-02-28,1.1297558065062292,1.144707109584553,1.1127643924643043,1.1129869453427972,0.0,0.00044946689650759986,-0.00044946689650759986,-0.03561042809299786,0
2024-02-29,1.1297558065062292,1.144707109584553,1.1142073608584422,1.1144302023306139,0.0,0.0012967420631984083,-0.0012967420631984083,-0.03561042809299786,0
2024-03-01,1.1297558065062292,1.144707109584553,1.1118488081879716,1.112071177949609,0.0,-0.002116798679783871,0.002116798679783871,-0.03561042809299786,0
2024-03-04,1.1297558065062292,1.144707109584553,1.1123979693878403,1.1126204489817177,0.0,0.0004939171547646559,-0.0004939171547646559,-0.03561042809299786,0
2024-03-05,1.1297558065062292,1.144707109584553,1.1138163202109495,1.1140390834749916,0.0,0.0012750390257272315,-0.0012750390257272315,-0.03561042809299786,0
2024-03-06,1.1297558065062292,1.144707109584553,1.118001307285811,1.118224907547268,0.0,0.003757340415041721,-0.003757340415041721,-0.03561042809299786,0
2024-03-07,1.1297558065062292,1.144707109584553,1.1176850661810591,1.1179086031942953,0.0,-0.0002828629114215442,0.0002828629114215442,-0.03561042809299786,0
2024-03-08,1.1297558065062292,1.144707109584553,1.117281716748052,1.1175051730914016,0.0,-0.0003608793256809628,0.0003608793256809628,-0.03561042809299786,0
2024-03-11,1.1297558065062292,1.144707109584553,1.1154524418546963,1.1156755323430672,0.0,-0.0016372548354948169,0.0016372548354948169,-0.03561042809299786,0
2024-03-12,1.1297558065062292,1.144707109584553,1.1118734257590002,1.112095800444152,0.0,-0.0032085779378860924,0.0032085779378860924,-0.03561042809299786,0
2024-03-13,1.1297558065062292,1.144707109584553,1.1120012477624177,1.1122236480119703,0.0,0.00011496093031482246,-0.00011496093031482246,-0.03561042809299786,0
2024-03-14,1.1297558065062292,1.144707109584553,1.1117522315631672,1.1119745820094797,0.0,-0.0002239351797056477,0.0002239351797056477,-0.03561042809299786,0
2024-03-15,1.1297558065062292,1.144707109584553,1.1121868263747874,1.1124092637400622,0.0,0.00039090977223321666,-0.00039090977223321666,-0.03561042809299786,0
2024-03-18,1.1297558065062292,1.144707109584553,1.1139744407633254,1.114197235651478,0.0,0.0016072968552998113,-0.0016072968552998113,-0.03561042809299786,0
2024-03-19,1.1297558065062292,1.144707109584553,1.1147858737776144,1.1150088309523698,0.0,0.0007284125960134169,-0.0007284125960134169,-0.03561042809299786,0
2024-03-20,1.1297558065062292,1.144707109584553,1.114283107230838,1.114505963852284,0.0,-0.0004509983115168481,0.0004509983115168481,-0.03561042809299786,0
2024-03-21,1.1297558065062292,1.144707109584553,1.1142774262529083,1.1145002817381588,0.0,-5.098325454921948e-06,5.098325454921948e-06,-0.03561042809299786,0
2024-03-22,1.1297558065062292,1.144707109584553,1.1139043753688596,1.1141271562439332,0.0,-0.0003347917450892135,0.0003347917450892135,-0.03561042809299786,0
2024-03-25,1.1297558065062292,1.144707109584553,1.112663081691225,1.1128856143075634,0.0,-0.0011143628708913944,0.0011143628708913944,-0.03561042809299786,0
2024-03-26,1.1297558065062292,1.144707109584553,1.1124585664857567,1.1126810581990538,0.0,-0.00018380694824304822,0.00018380694824304822,-0.03561042809299786,0
2024-03-27,1.1297558065062292,1.144707109584553,1.1135815064565227,1.113804222757814,0.0,0.0010094218378966513,-0.0010094218378966513,-0.03561042809299786,0
2024-03-28,1.1297558065062292,1.144707109584553,1.113861768034387,1.1140845403879938,0.0,0.00025167585510299517,-0.00025167585510299517,-0.03561042809299786,0
2024-03-29,1.1297558065062292,1.144707109584553,1.114296362846007,1.1145192221185762,0.0,0.0003901694304373482,-0.0003901694304373482,-0.03561042809299786,0
2024-04-01,1.1297558065062292,1.144707109584553,1.1131431243262828,1.113365752951148,0.0,-0.001034947755531257,0.001034947755531257,-0.03561042809299786,0
2024-04-02,1.1297558065062292,1.144707109584553,1.1139753875929803,1.114198182670499,0.0,0.0007476695929835575,-0.0007476695929835575,-0.03561042809299786,0
2024-04-03,1.1297558065062292,1.144707109584553,1.1151986915071708,1.1154217312454722,0.0,0.0010981426769525182,-0.0010981426769525182,-0.03561042809299786,0
2024-04-07,1.1297558065062292,1.144707109584553,1.1148691947872496,1.115092168626207,0.0,-0.00029546010269787537,0.00029546010269787537,-0.03561042809299786,0
2024-04-08,1.1297558065062292,1.144707109584553,1.1156039345994875,1.1158270553864074,0.0,0.0006590367871615044,-0.0006590367871615044,-0.03561042809299786,0
2024-04-09,1.1297558065062292,1.144707109584553,1.1164437725034249,1.1166670612579255,0.0,0.0007528100949545369,-0.0007528100949545369,-0.03561042809299786,0
2024-04-10,1.1297558065062292,1.144707109584553,1.1156048814291426,1.1158280024054283,0.0,-0.0007513957217936129,0.0007513957217936129,-0.03561042809299786,0
2024-04-11,1.1297558065062292,1.144707109584553,1.1158387483539143,1.116061916103585,0.0,0.00020963239643778664,-0.00020963239643778664,-0.03561042809299786,0
2024-04-12,1.1297558065062292,1.144707109584553,1.1174881256128302,1.1177116232379527,0.0,0.0014781501909204575,-0.0014781501909204575,-0.03561042809299786,0
2024-04-15,1.1297558065062292,1.144707109584553,1.118508807980862,1.1187325097424583,0.0,0.0009133720033689396,-0.0009133720033689396,-0.03561042809299786,0
2024-04-16,1.1297558065062292,1.144707109584553,1.1185182762774115,1.118741979932667,0.0,8.465106829724789e-06,-8.465106829724789e-06,-0.03561042809299786,0
2024-04-17,1.1297558065062292,1.144707109584553,1.119198099969663,1.1194219395896567,0.0,0.0006077895253655541,-0.0006077895253655541,-0.03561042809299786,0
2024-04-18,1.1297558065062292,1.144707109584553,1.1202216228266595,1.1204456671512248,0.0,0.0009145144698015084,-0.0009145144698015084,-0.03561042809299786,0
2024-04-19,1.1297558065062292,1.144707109584553,1.1208900845630514,1.121114262579964,0.0,0.0005967227580423451,-0.0005967227580423451,-0.03561042809299786,0
2024-04-22,1.1297558065062292,1.144707109584553,1.121774423460771,1.121998778345463,0.0,0.0007889612995053419,-0.0007889612995053419,-0.03561042809299786,0
2024-04-23,1.1297558065062292,1.144707109584553,1.1233414265397066,1.1235660948250146,0.0,0.00139689677903454,-0.00139689677903454,-0.03561042809299786,0
2024-04-24,1.1297558065062292,1.144707109584553,1.1199394675894856,1.1201634554830036,0.0,-0.0030284282853346722,0.0030284282853346722,-0.03561042809299786,0
2024-04-25,1.1297558065062292,1.144707109584553,1.1199328397819008,1.1201568263498571,0.0,-5.9180051927842925e-06,5.9180051927842925e-06,-0.03561042809299786,0
2024-04-26,1.1297558065062292,1.144707109584553,1.1169020380564185,1.1171254184640298,0.0,-0.0027062352471711737,0.0027062352471711737,-0.03561042809299786,0
2024-04-28,1.1297558065062292,1.144707109584553,1.1152943213023203,1.1155173801665808,0.0,-0.001439442940668223,0.001439442940668223,-0.03561042809299786,0
2024-04-29,1.1297558065062292,1.144707109584553,1.1126100592305481,1.1128325812423943,0.0,-0.002406774624870156,0.002406774624870156,-0.03561042809299786,0
2024-04-30,1.1297558065062292,1.144707109584553,1.116424835910326,1.1166481208775079,0.0,0.0034286735484092556,-0.0034286735484092556,-0.03561042809299786,0
2024-05-06,1.1297558065062292,1.144707109584553,1.11661325501166,1.1168365776626623,0.0,0.00016877007324955784,-0.00016877007324955784,-0.03561042809299786,0
2024-05-07,1.1297558065062292,1.144707109584553,1.1183090269236684,1.1185326887290532,0.0,0.0015186743524646662,-0.0015186743524646662,-0.03561042809299786,0
2024-05-08,1.1297558065062292,1.144707109584553,1.1188364110414735,1.1190601783236818,0.0,0.00047159068299373885,-0.00047159068299373885,-0.03561042809299786,0
2024-05-09,1.1297558065062292,1.144707109584553,1.1175657656445357,1.1177892787976647,0.0,-0.0011356847027842454,0.0011356847027842454,-0.03561042809299786,0
2024-05-10,1.1297558065062292,1.144707109584553,1.1171501074260146,1.1173735374474998,0.0,-0.00037193177466510186,0.00037193177466510186,-0.03561042809299786,0
2024-05-11,1.1297558065062292,1.144707109584553,1.1154174091574631,1.1156404926392947,0.0,-0.0015509986142718812,0.0015509986142718812,-0.03561042809299786,0
2024-05-13,1.1297558065062292,1.144707109584553,1.118002254115466,1.118225854566289,0.0,0.002317379069737946,-0.002317379069737946,-0.03561042809299786,0
2024-05-14,1.1297558065062292,1.144707109584553,1.1190305111207373,1.1192543172229614,0.0,0.0009197271306800037,-0.0009197271306800037,-0.03561042809299786,0
2024-05-15,1.1297558065062292,1.144707109584553,1.1185731923973985,1.1187969070358779,0.0,-0.000408674043106072,0.000408674043106072,-0.03561042809299786,0
2024-05-16,1.1297558065062292,1.144707109584553,1.1175477758810919,1.117771285436268,0.0,-0.0009167183008461643,0.0009167183008461643,-0.03561042809299786,0
2024-05-17,1.1297558065062292,1.144707109584553,1.1169938805329482,1.117217279309055,0.0,-0.0004956346029205694,0.0004956346029205694,-0.03561042809299786,0
2024-05-20,1.1297558065062292,1.144707109584553,1.1176434056762414,1.1178669343573766,0.0,0.0005814939138102382,-0.0005814939138102382,-0.03561042809299786,0
2024-05-21,1.1297558065062292,1.144707109584553,1.1170686800756893,1.1172920938117044,0.0,-0.0005142298497295972,0.0005142298497295972,-0.03561042809299786,0
2024-05-22,1.1297558065062292,1.144707109584553,1.117509902694894,1.117733404675433,0.0,0.0003949825351605707,-0.0003949825351605707,-0.03561042809299786,0
2024-05-23,1.1297558065062292,1.144707109584553,1.1186584070663435,1.1188821387477568,0.0,0.0010277352967340558,-0.0010277352967340558,-0.03561042809299786,0
2024-05-24,1.1297558065062292,1.144707109584553,1.1184964991953479,1.118720198495187,0.0,-0.00014473396880843037,0.00014473396880843037,-0.03561042809299786,0
2024-05-27,1.1297558065062292,1.144707109584553,1.1181007243995802,1.1183243445444602,0.0,-0.00035384535941995754,0.00035384535941995754,-0.03561042809299786,0
2024-05-28,1.1297558065062292,1.144707109584553,1.1188562944642273,1.1190800657231201,0.0,0.0006757620741661974,-0.0006757620741661974,-0.03561042809299786,0
2024-05-29,1.1297558065062292,1.144707109584553,1.119757676295736,1.119981627830995,0.0,0.0008056278862338395,-0.0008056278862338395,-0.03561042809299786,0
2024-05-30,1.1297558065062292,1.144707109584553,1.1193912532192718,1.1196151314699156,0.0,-0.00032723426168090874,0.00032723426168090874,-0.03561042809299786,0
2024-05-31,1.1297558065062292,1.144707109584553,1.1181177673333693,1.118341390886836,0.0,-0.0011376593145963065,0.0011376593145963065,-0.03561042809299786,0
2024-06-03,1.1297558065062292,1.144707109584553,1.1190267238021177,1.119250529146878,0.0,0.0008129344647802572,-0.0008129344647802572,-0.03561042809299786,0
2024-06-04,1.1297558065062292,1.144707109584553,1.1195361181564787,1.1197600253801099,0.0,0.00045521196547504417,-0.00045521196547504417,-0.03561042809299786,0
2024-06-05,1.1297558065062292,1.144707109584553,1.1204138292466135,1.1206379120124628,0.0,0.0007839953315487147,-0.0007839953315487147,-0.03561042809299786,0
2024-06-06,1.1297558065062292,1.144707109584553,1.1208020294051413,1.1210261898110223,0.0,0.00034647926363851056,-0.00034647926363851056,-0.03561042809299786,0
2024-06-07,1.1297558065062292,1.144707109584553,1.1208200191685853,1.121044183172419,0.0,1.605079485234029e-05,-1.605079485234029e-05,-0.03561042809299786,0
2024-06-11,1.1297558065062292,1.144707109584553,1.1211391007623022,1.1213633285824547,0.0,0.0002846858445244571,-0.0002846858445244571,-0.03561042809299786,0
2024-06-12,1.1297558065062292,1.144707109584553,1.1211551968664364,1.1213794279058096,0.0,1.4356919782132493e-05,-1.4356919782132493e-05,-0.03561042809299786,0
2024-06-13,1.1297558065062292,1.144707109584553,1.121423149658786,1.1216474342887177,0.0,0.000238997056873691,-0.000238997056873691,-0.03561042809299786,0
2024-06-14,1.1297558065062292,1.144707109584553,1.1218889898490194,1.1221133676469892,0.0,0.0004154009040877593,-0.0004154009040877593,-0.03561042809299786,0
2024-06-17,1.1297558065062292,1.144707109584553,1.1218122966469688,1.1220366591062982,0.0,-6.83607761058358e-05,6.83607761058358e-05,-0.03561042809299786,0
2024-06-18,1.1297558065062292,1.144707109584553,1.1226047930681586,1.1228293140267722,0.0,0.0007064429794170213,-0.0007064429794170213,-0.03561042809299786,0
2024-06-19,1.1297558065062292,1.144707109584553,1.1233319582431573,1.1235566246348059,0.0,0.0006477481474236324,-0.0006477481474236324,-0.03561042809299786,0
2024-06-20,1.1297558065062292,1.144707109584553,1.1239426633705976,1.1241674519032716,0.0,0.0005436550816158014,-0.0005436550816158014,-0.03561042809299786,0
2024-06-21,1.1297558065062292,1.144707109584553,1.1229503858922139,1.1231749759693923,0.0,-0.0008828541799524858,0.0008828541799524858,-0.03561042809299786,0
2024-06-24,1.1297558065062292,1.144707109584553,1.1235715061458587,1.1237962204470877,0.0,0.0005531146001176435,-0.0005531146001176435,-0.03561042809299786,0
2024-06-25,1.1297558065062292,1.144707109584553,1.1249415686565656,1.1251665569702969,0.0,0.0012193816799490609,-0.0012193816799490609,-0.03561042809299786,0
2024-06-26,1.1297558065062292,1.144707109584553,1.1253468117488825,1.1255718811112323,0.0,0.0003602347922841975,-0.0003602347922841975,-0.03561042809299786,0
2024-06-27,1.1297558065062292,1.144707109584553,1.1268342811368026,1.12705964799303,0.0,0.0013217875346431818,-0.0013217875346431818,-0.03561042809299786,0
2024-06-28,1.1297558065062292,1.144707109584553,1.127478125302166,1.1277036209272264,0.0,0.000571374314876083,-0.000571374314876083,-0.03561042809299786,0
2024-07-01,1.1297558065062292,1.144707109584553,1.1247143295393784,1.1249392724052862,0.0,-0.002451307658006052,0.002451307658006052,-0.03561042809299786,0
2024-07-02,1.1297558065062292,1.144707109584553,1.1254850488785044,1.1257101458882801,0.0,0.0006852578640494933,-0.0006852578640494933,-0.03561042809299786,0
2024-07-03,1.1297558065062292,1.144707109584553,1.1267291830451036,1.1269545288817127,0.0,0.001105420429919457,-0.001105420429919457,-0.03561042809299786,0
2024-07-04,1.1297558065062292,1.144707109584553,1.1268910909160996,1.1271164691342828,0.0,0.00014369723748375307,-0.00014369723748375307,-0.03561042809299786,0
2024-07-05,1.1297558065062292,1.144707109584553,1.1254282390992076,1.1256533247470275,0.0,-0.0012981306079035138,0.0012981306079035138,-0.03561042809299786,0
2024-07-08,1.1297558065062292,1.144707109584553,1.1224675027681916,1.1226919962687452,0.0,-0.0026307642088186922,0.0026307642088186922,-0.03561042809299786,0
2024-07-09,1.1297558065062292,1.144707109584553,1.1243299166994702,1.1245547826828102,0.0,0.0016592141212870004,-0.0016592141212870004,-0.03561042809299786,0
2024-07-10,1.1297558065062292,1.144707109584553,1.1244993992077057,1.1247242990875472,0.0,0.00015074090417610542,-0.00015074090417610542,-0.03561042809299786,0
2024-07-11,1.1297558065062292,1.144707109584553,1.1247843949338445,1.1250093518128312,0.0,0.00025344231072033097,-0.00025344231072033097,-0.03561042809299786,0
2024-07-12,1.1297558065062292,1.144707109584553,1.1257283840998258,1.1259535297766456,0.0,0.000839262324613621,-0.000839262324613621,-0.03561042809299786,0
2024-07-15,1.1297558065062292,1.144707109584553,1.126251034069356,1.1264762842761697,0.0,0.0004642771532743506,-0.0004642771532743506,-0.03561042809299786,0
2024-07-16,1.129529900526124,1.144707109584553,1.1265360297954947,1.1267613370014538,-0.00019996000799848979,0.0002530481371538773,-0.0004530081451523671,-0.03580326743951001,-1
2024-07-17,1.1292878173114655,1.1444617735586526,1.1267774713575058,1.1270028268517773,-0.0002143220950110436,0.0002143220950110436,-0.0004286441900220872,-0.03600991610323512,-1
2024-07-18,1.129931473858675,1.1451140787569287,1.1261355208514525,1.1263607479556228,0.000569966785563869,-0.0005697225249631233,0.0011396893105269923,-0.03546047377380113,-1
2024-07-19,1.129687491952137,1.1448668185269038,1.1263788560727737,1.126604131843988,-0.00021592628595867858,0.0002160798738832792,-0.0004320061598419578,-0.03566874321135938,-1
2024-07-22,1.1273150764484845,1.1424625254730814,1.1287449833804837,1.1289707323771598,-0.002100063531333629,0.002100649612653216,-0.004200713143986845,-0.037693900115866374,-1
2024-07-23,1.1254847374764787,1.1406075926968628,1.1305704709552198,1.1307965850494108,-0.0016236268016321942,0.0016172719273301883,-0.0032408987289623825,-0.03925632609101237,-1
2024-07-24,1.1249360155232528,1.1400514977048224,1.1311177384957787,1.1313439620434778,-0.0004875427759741813,0.0004840631828075814,-0.0009716059587817627,-0.0397247297287896,-1
2024-07-25,1.124203120457699,1.1393087549126852,1.1318486909893968,1.1320750607275947,-0.0006514993345758668,0.0006462214044933301,-0.001297720739069197,-0.04035034842838092,-1
2024-07-26,1.1228379609962131,1.1379252521470202,1.1332102320332094,1.133436874079616,-0.001214335235904751,0.0012029355643132789,-0.00241727080021803,-0.04151568481440815,-1
2024-07-29,1.1217832376570545,1.136856356755745,1.1342621597798543,1.1344890122118103,-0.0009393370867358808,0.000928272368982741,-0.0018676094557186218,-0.042416024678716635,-1
2024-07-30,1.120784525728346,1.135844225386149,1.1352582245768574,1.1354852762217729,-0.0008902895810730671,0.0008781610039749754,-0.0017684505850480425,-0.0432685517149477,-1
2024-07-31,1.1194241129965596,1.1344655331307956,1.1366150314723955,1.1368423544786899,-0.0012138039922546806,0.001195152667617716,-0.0024089566598723966,-0.04442983616639162,-1
2024-08-01,1.1179687656707897,1.1329906306692072,1.1380665213334276,1.1382941346376942,-0.00130008573950946,0.0012770285636216627,-0.0025771143031311228,-0.04567215930949253,-1
2024-08-02,1.1174333345607215,1.1324480051060395,1.1386005332588172,1.138828253365469,-0.0004789320833548105,0.0004692273389819146,-0.0009481594223367251,-0.04612921753043786,-1
2024-08-05,1.116999483466216,1.1320083244635437,1.1390332344111276,1.1392610410580097,-0.00038825680341458835,0.00038002893874633514,-0.0007682857421609235,-0.046499564351310085,-1
2024-08-06,1.1176260517865084,1.1326433118246972,1.1384083268388632,1.1386360085042309,0.0005609387735328042,-0.0005486297970818121,0.0011095685706146163,-0.04596470898637417,-1
2024-08-07,1.1165080499835989,1.1317418221922717,1.1392955062255476,1.1395233653267927,-0.0010003362046924202,0.0007793156161708392,-0.0017796518208632595,-0.046919065028529494,0
2024-08-08,1.1165080499835989,1.1317418221922717,1.1359134306980805,1.13614061338422,0.0,-0.002968567425208124,0.002968567425208124,-0.046919065028529494,0
2024-08-09,1.1165080499835989,1.1317418221922717,1.1337461376179085,1.1339728868454322,0.0,-0.0019079738134973878,0.0019079738134973878,-0.046919065028529494,0
2024-08-12,1.1165080499835989,1.1317418221922717,1.128388975430224,1.12861465322531,0.0,-0.004725186715026197,0.004725186715026197,-0.046919065028529494,0
2024-08-13,1.1165080499835989,1.1317418221922717,1.1296075451961396,1.1298334667051788,0.0,0.0010799199499895717,-0.0010799199499895717,-0.046919065028529494,0
2024-08-14,1.1165080499835989,1.1317418221922717,1.132777530880899,1.1330040863870752,0.0,0.0028062716987331537,-0.0028062716987331537,-0.046919065028529494,0
2024-08-15,1.1165080499835989,1.1317418221922717,1.1321062286555423,1.1323326499012734,0.0,-0.0005926161201613711,0.0005926161201613711,-0.046919065028529494,0
2024-08-16,1.1165080499835989,1.1317418221922717,1.1325247273630283,1.132751232308501,0.0,0.0003696638150141318,-0.0003696638150141318,-0.046919065028529494,0
2024-08-19,1.1165080499835989,1.1317418221922717,1.1332499988787172,1.1334766488784929,0.0,0.0006404023666464198,-0.0006404023666464198,-0.046919065028529494,0
2024-08-20,1.1165080499835989,1.1317418221922717,1.133689327838612,1.1339160657041796,0.0,0.0003876717055630863,-0.0003876717055630863,-0.046919065028529494,0
2024-08-21,1.1165080499835989,1.1317418221922717,1.1332395837525124,1.133466231669263,0.0,-0.0003967084059589565,0.0003967084059589565,-0.046919065028529494,0
2024-08-22,1.1165080499835989,1.1317418221922717,1.134640891641833,1.1348678198201612,0.0,0.0012365504253568638,-0.0012365504253568638,-0.046919065028529494,0
2024-08-23,1.1165080499835989,1.1317418221922717,1.1348160551279978,1.1350430183390234,0.0,0.0001543779071027096,-0.0001543779071027096,-0.046919065028529494,0
2024-08-26,1.1165080499835989,1.1317418221922717,1.134953345427965,1.1351803360970505,0.0,0.00012098022348805415,-0.00012098022348805415,-0.046919065028529494,0
2024-08-27,1.1165080499835989,1.1317418221922717,1.1324537151389074,1.1326802058819352,0.0,-0.002202407966042985,0.002202407966042985,-0.046919065028529494,0
2024-08-28,1.1165080499835989,1.1317418221922717,1.1329678436415431,1.1331944372102714,0.0,0.00045399515738497875,-0.00045399515738497875,-0.046919065028529494,0
2024-08-29,1.1165080499835989,1.1317418221922717,1.1331770929952862,1.1334037284138854,0.0,0.00018469134399312637,-0.00018469134399312637,-0.046919065028529494,0
2024-08-30,1.1165080499835989,1.1317418221922717,1.1323145311796305,1.1325409940858664,0.0,-0.0007611888918225285,0.0007611888918225285,-0.046919065028529494,0
2024-09-02,1.1165080499835989,1.1317418221922717,1.1348046931721383,1.1350316541107728,0.0,0.0021991786945572134,-0.0021991786945572134,-0.046919065028529494,0
2024-09-03,1.1165080499835989,1.1317418221922717,1.135565944214715,1.135793057403558,0.0,0.0006708211969486122,-0.0006708211969486122,-0.046919065028529494,0
2024-09-04,1.1165080499835989,1.1317418221922717,1.1364824753207028,1.1367097718157668,0.0,0.0008071139423095897,-0.0008071139423095897,-0.046919065028529494,0
2024-09-05,1.1165080499835989,1.1317418221922717,1.1375438713638975,1.1377713801381701,0.0,0.0009339308491274068,-0.0009339308491274068,-0.046919065028529494,0
2024-09-06,1.1165080499835989,1.1317418221922717,1.137006072119888,1.137233473334312,0.0,-0.0004727723101919379,0.0004727723101919379,-0.046919065028529494,0
2024-09-09,1.1165080499835989,1.1317418221922717,1.1379368056706998,1.138164393031834,0.0,0.0008185827443087934,-0.0008185827443087934,-0.046919065028529494,0
2024-09-10,1.1165080499835989,1.1317418221922717,1.1392396432759055,1.1394674912045608,0.0,0.0011449120888904485,-0.0011449120888904485,-0.046919065028529494,0
2024-09-11,1.1165080499835989,1.1317418221922717,1.140728059493481,1.1409562051053797,0.0,0.0013064996696352527,-0.0013064996696352527,-0.046919065028529494,0
2024-09-12,1.1165080499835989,1.1317418221922717,1.1408918610237866,1.1411200393959913,0.0,0.00014359384687900878,-0.00014359384687900878,-0.046919065028529494,0
2024-09-13,1.1165080499835989,1.1317418221922717,1.1426794754123246,1.142908011307407,0.0,0.0015668569911033714,-0.0015668569911033714,-0.046919065028529494,0
2024-09-14,1.1165080499835989,1.1317418221922717,1.1445579854477377,1.1447868970448272,0.0,0.001643951848120162,-0.001643951848120162,-0.046919065028529494,0
2024-09-18,1.1165080499835989,1.1317418221922717,1.1445968054635904,1.1448257248246831,0.0,3.3917037272290784e-05,-3.3917037272290784e-05,-0.046919065028529494,0
2024-09-19,1.1165080499835989,1.1317418221922717,1.144708531362874,1.1449374730691466,0.0,9.761157706389412e-05,-9.761157706389412e-05,-0.046919065028529494,0
2024-09-20,1.1165080499835989,1.1317418221922717,1.1441214969768077,1.144350321276203,0.0,-0.0005128243303711422,0.0005128243303711422,-0.046919065028529494,0
2024-09-23,1.1165080499835989,1.1317418221922717,1.144673498665641,1.1449024333653741,0.0,0.0004824677189372295,-0.0004824677189372295,-0.046919065028529494,0
2024-09-24,1.1165080499835989,1.1317418221922717,1.1417932428552953,1.1420216015038662,0.0,-0.0025162247695114104,0.0025162247695114104,-0.046919065028529494,0
2024-09-25,1.1165080499835989,1.1317418221922717,1.1446242635235837,1.1448531883762885,0.0,0.0024794512369059607,-0.0024794512369059607,-0.046919065028529494,0
2024-09-26,1.1165080499835989,1.1317418221922717,1.141781880899436,1.1420102372756158,0.0,-0.002483245126569167,0.002483245126569167,-0.046919065028529494,0
2024-09-27,1.1165080499835989,1.1317418221922717,1.1327623816064198,1.132988934082741,0.0,-0.007899494153744246,0.007899494153744246,-0.046919065028529494,0
2024-09-29,1.1165080499835989,1.1317418221922717,1.1258675680591026,1.1260927415727144,0.0,-0.006086725388549152,0.006086725388549152,-0.046919065028529494,0
2024-09-30,1.1165080499835989,1.1317418221922717,1.131779572424586,1.1320059283390709,0.0,0.005251065518900422,-0.005251065518900422,-0.046919065028529494,0
2024-10-08,1.1165080499835989,1.1317418221922717,1.1293282304479304,1.12955409609402,0.0,-0.002165918202079009,0.002165918202079009,-0.046919065028529494,0
2024-10-09,1.1165080499835989,1.1317418221922717,1.130335657200793,1.1305617243322332,0.0,0.0008920584164118228,-0.0008920584164118228,-0.046919065028529494,0
2024-10-10,1.1165080499835989,1.1317418221922717,1.1339837918613003,1.1342105886196725,0.0,0.003227479056567839,-0.003227479056567839,-0.046919065028529494,0
2024-10-11,1.1165080499835989,1.1317418221922717,1.1348094273204132,1.1350363892058772,0.0,0.0007280840035268632,-0.0007280840035268632,-0.046919065028529494,0
2024-10-12,1.1165080499835989,1.1317418221922717,1.1347526175411164,1.1349795680646246,0.0,-5.006107451088759e-05,5.006107451088759e-05,-0.046919065028529494,0
2024-10-14,1.1165080499835989,1.1317418221922717,1.134761139008011,1.1349880912358126,0.0,7.509537112149189e-06,-7.509537112149189e-06,-0.046919065028529494,0
2024-10-15,1.1165080499835989,1.1317418221922717,1.1354049831733741,1.1356320641700088,0.0,0.0005673829876884362,-0.0005673829876884362,-0.046919065028529494,0
2024-10-16,1.1165080499835989,1.1317418221922717,1.1360867005249353,1.1363139178650403,0.0,0.0006004177907128483,-0.0006004177907128483,-0.046919065028529494,0
2024-10-17,1.1165080499835989,1.1317418221922717,1.1370278492019519,1.1372552547717922,0.0,0.0008284127228861404,-0.0008284127228861404,-0.046919065028529494,0
2024-10-18,1.1165080499835989,1.1317418221922717,1.1372910678460266,1.137518526059596,0.0,0.0002314970950443307,-0.0002314970950443307,-0.046919065028529494,0
2024-10-21,1.1165080499835989,1.1317418221922717,1.1364048352889973,1.136632116256055,0.0,-0.0007792486744029326,0.0007792486744029326,-0.046919065028529494,0
2024-10-22,1.1165080499835989,1.1317418221922717,1.1347289467997428,1.1349558925891028,0.0,-0.0014747284041854991,0.0014747284041854991,-0.046919065028529494,0
2024-10-23,1.1165080499835989,1.1317418221922717,1.1334620887214248,1.1336887811391692,0.0,-0.0011164411394376517,0.0011164411394376517,-0.046919065028529494,0
2024-10-24,1.1165080499835989,1.1317418221922717,1.1336107409772513,1.1338374631254469,0.0,0.00013114885562170997,-0.00013114885562170997,-0.046919065028529494,0
2024-10-25,1.1165080499835989,1.1317418221922717,1.132952694367064,1.1331792849059374,0.0,-0.0005804872752176449,0.0005804872752176449,-0.046919065028529494,0
2024-10-28,1.1165080499835989,1.1317418221922717,1.132651602536791,1.1328781328572983,0.0,-0.0002657585191068179,0.0002657585191068179,-0.046919065028529494,0
2024-10-29,1.1165080499835989,1.1317418221922717,1.1328778948243234,1.1331044704032882,0.0,0.00019978984449031678,-0.00019978984449031678,-0.046919065028529494,0
2024-10-30,1.1165080499835989,1.1317418221922717,1.1331041871118552,1.1333308079492777,0.0,0.00019974993648097517,-0.00019974993648097517,-0.046919065028529494,0
2024-10-31,1.1165080499835989,1.1317418221922717,1.1335728677910537,1.1337995823646119,0.0,0.0004136254057918176,-0.0004136254057918176,-0.046919065028529494,0
2024-11-01,1.1165080499835989,1.1317418221922717,1.1348387790397165,1.1350657467955245,0.0,0.001116744485186505,-0.001116744485186505,-0.046919065028529494,0
2024-11-04,1.1165080499835989,1.1317418221922717,1.1354532714857763,1.1356803621400735,0.0,0.0005414799506409107,-0.0005414799506409107,-0.046919065028529494,0
2024-11-05,1.1165080499835989,1.1317418221922717,1.1360838600359706,1.1363110768079778,0.0,0.0005553628370538188,-0.0005553628370538188,-0.046919065028529494,0
2024-11-06,1.1165080499835989,1.1317418221922717,1.136741906646158,1.1369692550274872,0.0,0.0005792236236561443,-0.0005792236236561443,-0.046919065028529494,0
2024-11-07,1.1165080499835989,1.1317418221922717,1.1370363706688464,1.1372637779429802,0.0,0.00025904211058547233,-0.00025904211058547233,-0.046919065028529494,0
2024-11-08,1.1165080499835989,1.1317418221922717,1.1377995153707328,1.1380270752738069,0.0,0.0006711700008659172,-0.0006711700008659172,-0.046919065028529494,0
2024-11-11,1.1165080499835989,1.1317418221922717,1.1382265355451133,1.1384541808522224,0.0,0.0003753035298503793,-0.0003753035298503793,-0.046919065028529494,0
2024-11-12,1.1165080499835989,1.1317418221922717,1.139727260548203,1.1399552060003126,0.0,0.0013184765564886458,-0.0013184765564886458,-0.046919065028529494,0
2024-11-13,1.1165080499835989,1.1317418221922717,1.1399847982143483,1.140212795173991,0.0,0.00022596429431853693,-0.00022596429431853693,-0.046919065028529494,0
2024-11-14,1.1165080499835989,1.1317418221922717,1.1398172093654226,1.1400451728072958,0.0,-0.00014700972257541967,0.00014700972257541967,-0.046919065028529494,0
2024-11-15,1.1165080499835989,1.1317418221922717,1.1401902602494716,1.1404182983015214,0.0,0.00032729009615195537,-0.00032729009615195537,-0.046919065028529494,0
2024-11-18,1.1165080499835989,1.1317418221922717,1.1389603285276968,1.1391881205934022,0.0,-0.0010787074444098543,0.0010787074444098543,-0.046919065028529494,0
2024-11-19,1.1165080499835989,1.1317418221922717,1.1392547925503849,1.139482643508895,0.0,0.0002585375586072747,-0.0002585375586072747,-0.046919065028529494,0
2024-11-20,1.1165080499835989,1.1317418221922717,1.1396126941599545,1.1398406166987864,0.0,0.0003141541399780401,-0.0003141541399780401,-0.046919065028529494,0
2024-11-21,1.1165080499835989,1.1317418221922717,1.1405519491776608,1.1407800595674964,0.0,0.0008241879214925252,-0.0008241879214925252,-0.046919065028529494,0
2024-11-22,1.1165080499835989,1.1317418221922717,1.1412166235954329,1.141444866920152,0.0,0.0005827655796399878,-0.0005827655796399878,-0.046919065028529494,0
2024-11-25,1.1165080499835989,1.1317418221922717,1.1421009624931526,1.1423293826856513,0.0,0.0007749088818331806,-0.0007749088818331806,-0.046919065028529494,0
2024-11-26,1.1165080499835989,1.1317418221922717,1.1428962994033074,1.143124878663188,0.0,0.0006963805620290309,-0.0006963805620290309,-0.046919065028529494,0
2024-11-27,1.1165080499835989,1.1317418221922717,1.143150049750833,1.143378679760783,0.0,0.00022202394710535422,-0.00022202394710535422,-0.046919065028529494,0
2024-11-28,1.1165080499835989,1.1317418221922717,1.1438099900203302,1.1440387520183344,0.0,0.0005772997776112287,-0.0005772997776112287,-0.046919065028529494,0
2024-11-29,1.1165080499835989,1.1317418221922717,1.1451450198338042,1.145374048837771,0.0,0.0011671779623556588,-0.0011671779623556588,-0.046919065028529494,0
2024-12-02,1.1165080499835989,1.1317418221922717,1.148538457317131,1.1487681650085944,0.0,0.002963325539169892,-0.002963325539169892,-0.046919065028529494,0
2024-12-03,1.1165080499835989,1.1317418221922717,1.148394539209579,1.1486242181174209,0.0,-0.00012530543199062993,0.00012530543199062993,-0.046919065028529494,0
2024-12-04,1.1165080499835989,1.1317418221922717,1.1502815707118865,1.150511627026029,0.0,0.0016431909399416966,-0.0016431909399416966,-0.046919065028529494,0
2024-12-05,1.1165080499835989,1.1317418221922717,1.1508392533786496,1.1510694212293253,0.0,0.0004848227433722485,-0.0004848227433722485,-0.046919065028529494,0
2024-12-06,1.1165080499835989,1.1317418221922717,1.1511867398620148,1.1514169772099871,0.0,0.00030194180668163817,-0.00030194180668163817,-0.046919065028529494,0
2024-12-09,1.1165080499835989,1.1317418221922717,1.1535860062076482,1.1538167234088896,0.0,0.002084167809230486,-0.002084167809230486,-0.046919065028529494,0
2024-12-10,1.1165080499835989,1.1317418221922717,1.1591552582380407,1.1593870892896883,0.0,0.004827773569047622,-0.004827773569047622,-0.046919065028529494,0
2024-12-11,1.1165080499835989,1.1317418221922717,1.1608586047872886,1.161090776508246,0.0,0.001469472305062114,-0.001469472305062114,-0.046919065028529494,0
2024-12-12,1.1165080499835989,1.1317418221922717,1.161993853543569,1.1622262523142777,0.0,0.0009779388735189354,-0.0009779388735189354,-0.046919065028529494,0
2024-12-13,1.1165080499835989,1.1317418221922717,1.1655160598599683,1.1657491630719403,0.0,0.0030311746535132134,-0.0030311746535132134,-0.046919065028529494,0
2024-12-16,1.1165080499835989,1.1317418221922717,1.1690695115549807,1.1693033254572918,0.0,0.0030488225923195333,-0.0030488225923195333,-0.046919065028529494,0
2024-12-17,1.1165080499835989,1.1317418221922717,1.1682060029096701,1.168439644110252,0.0,-0.0007386290009069318,0.0007386290009069318,-0.046919065028529494,0
2024-12-18,1.1165080499835989,1.1317418221922717,1.1670556048789105,1.1672890159998863,0.0,-0.0009847561370976976,0.0009847561370976976,-0.046919065028529494,0
2024-12-19,1.1165080499835989,1.1317418221922717,1.1669173677492886,1.1671507512228383,0.0,-0.00011844948007966316,0.00011844948007966316,-0.046919065028529494,0
2024-12-20,1.1165080499835989,1.1317418221922717,1.1708514449655893,1.1710856152545825,0.0,0.0033713417290965886,-0.0033713417290965886,-0.046919065028529494,0
2024-12-23,1.1165080499835989,1.1317418221922717,1.1704840750594703,1.1707181718744821,0.0,-0.000313763037743775,0.000313763037743775,-0.046919065028529494,0
2024-12-24,1.1165080499835989,1.1317418221922717,1.1686699494405937,1.1689036834304818,0.0,-0.0015498934650473029,0.0015498934650473029,-0.046919065028529494,0
2024-12-25,1.1165080499835989,1.1317418221922717,1.1671341917402713,1.1673676185786193,0.0,-0.001314107290135591,0.001314107290135591,-0.046919065028529494,0
2024-12-26,1.1165080499835989,1.1317418221922717,1.1682978453861999,1.1685315049552771,0.0,0.000997017870064676,-0.000997017870064676,-0.046919065028529494,0
2024-12-27,1.1165080499835989,1.1317418221922717,1.170438627236033,1.1706727149614802,0.0,0.0018323939039068815,-0.0018323939039068815,-0.046919065028529494,0
2024-12-30,1.1165080499835989,1.1317418221922717,1.16952114930039,1.16975505353025,0.0,-0.0007838753047730851,0.0007838753047730851,-0.046919065028529494,0
2024-12-31,1.1165080499835989,1.1317418221922717,1.17197911908463,1.172213514908447,0.0,0.0021016890423146695,-0.0021016890423146695,-0.046919065028529494,0
2025-01-02,1.1165080499835989,1.1317418221922717,1.177050338716521,1.1772857487842643,0.0,0.004327056301013155,-0.004327056301013155,-0.046919065028529494,0
2025-01-03,1.1165080499835989,1.1317418221922717,1.1784535402651513,1.1786892309732042,0.0,0.001192133847189858,-0.001192133847189858,-0.046919065028529494,0
2025-01-06,1.1165080499835989,1.1317418221922717,1.1790178507394988,1.1792536543096468,0.0,0.0004788567856655046,-0.0004788567856655046,-0.046919065028529494,0
2025-01-07,1.1165080499835989,1.1317418221922717,1.1783228777727686,1.1785585423483231,0.0,-0.0005894507587772546,0.0005894507587772546,-0.046919065028529494,0
2025-01-08,1.1165080499835989,1.1317418221922717,1.1783938899968895,1.178629568774889,0.0,6.02655057120316e-05,-6.02655057120316e-05,-0.046919065028529494,0
2025-01-09,1.1165080499835989,1.1317418221922717,1.1755818059216998,1.175816922282884,0.0,-0.002386370210386235,0.002386370210386235,-0.046919065028529494,0
2025-01-10,1.1165080499835989,1.1317418221922717,1.176329801349107,1.1765650673093768,0.0,0.0006362767981260564,-0.0006362767981260564,-0.046919065028529494,0
2025-01-13,1.1165080499835989,1.1317418221922717,1.1743594488371645,1.1745943207269318,0.0,-0.0016750000804900411,0.0016750000804900411,-0.046919065028529494,0
2025-01-14,1.1165080499835989,1.1317418221922717,1.1758052577202671,1.1760404187718112,0.0,0.0012311468047829788,-0.0012311468047829788,-0.046919065028529494,0
2025-01-15,1.1165080499835989,1.1317418221922717,1.1768496108296724,1.1770849807518384,0.0,0.0008882024489584861,-0.0008882024489584861,-0.046919065028529494,0
2025-01-16,1.116284793024994,1.1317418221922717,1.1758668016478384,1.176101975008168,-0.00019996000799837876,-0.0008351187550132977,0.0006351587470149189,-0.04710964309990939,-1
2025-01-17,1.1172897108150894,1.132760654929242,1.174808246093609,1.1750432077428277,0.0009002342380497463,-0.0009002342380498574,0.0018004684760996037,-0.04625181857552041,-1
2025-01-20,1.1184708038170443,1.1339581023499747,1.1735641119270097,1.1737988247493951,0.0010571054136829794,-0.001059010413602457,0.0021161158272854363,-0.04524360620964629,-1
2025-01-21,1.1172249933903249,1.1326950413719417,1.174876417828765,1.1751113931123307,-0.0011138515395018311,0.0011182225908394905,-0.0022320741303413216,-0.0463070630887189,-1
2025-01-22,1.1170623009752916,1.1325300961792837,1.17504779399631,1.1752828035551093,-0.00014562188994682312,0.00014586739928090786,-0.000291489289227731,-0.04644594165662086,-1
2025-01-23,1.1180060967531094,1.1334869605565816,1.174053622858617,1.1742884335831887,0.000844890904467599,-0.0008460686814379947,0.0016909595859055937,-0.045640292505808255,-1
2025-01-24,1.118750347137903,1.1342415164655364,1.1732696479043216,1.1735043018339024,0.0006656943883893707,-0.0006677505516199389,0.0013334449400093096,-0.04500498060402447,-1
2025-01-26,1.1182200237960815,1.1337038498154357,1.1738282774007396,1.1740630430562198,-0.00047403189029449067,0.0004761305275524652,-0.0009501624178469559,-0.04545767869829065,-1
2025-01-27,1.1164034416370625,1.131862113713989,1.1757418201333856,1.1759769684974122,-0.0016245301643340593,0.00163017263213594,-0.0032547027964699993,-0.047008361492378636,-1
2025-02-05,1.1156475061616864,1.1310957109127437,1.1765381038731952,1.1767734114939699,-0.0006771167547348078,0.0006772607099398975,-0.0013543774646747053,-0.047653648097934376,-1
2025-02-06,1.1144484360972968,1.129880037503872,1.1778011746328931,1.1780367348678198,-0.001074775014300755,0.0010735485366260011,-0.002148323550926756,-0.048677206161919284,-1
2025-02-07,1.114106871911039,1.1295337437292308,1.1781609699017728,1.178396602095753,-0.000306487204965733,0.0003054804806013056,-0.0006119676855670386,-0.048968774426022876,-1
2025-02-08,1.1145239397595224,1.1299565866540557,1.177721640941878,1.1779571852700663,0.0003743517421879172,-0.00037289383294658585,0.0007472455751345031,-0.048612754229854116,-1
2025-02-10,1.1160421026821266,1.131495771352395,1.176122445654674,1.1763576701438048,0.0013621626852913238,-0.0013578720400562183,0.002720034725347542,-0.04731681002440402,-1
2025-02-11,1.1160924384569435,1.1315468041191843,1.1760694231939968,1.1763046370786356,4.51020393370527e-05,-4.508243242284937e-05,9.018447175990207e-05,-0.047273842069694094,-1
2025-02-12,1.116157155881708,1.1316124176764846,1.176001251458841,1.1762364517091326,5.798572101611832e-05,-5.7965740636878316e-05,0.00011595146165299663,-0.0472185975564956,-1
2025-02-13,1.1166218629456433,1.132083559469878,1.1755117405272337,1.1757468428753393,0.00041634554908909216,-0.0004162503492236569,0.000832595898312749,-0.046821911260333415,-1
2025-02-14,1.1181633960494124,1.1336464379527977,1.1738879276690013,1.174122705254535,0.001380532797112366,-0.001381366771806225,0.002761899568918591,-0.045506017647339414,-1
2025-02-17,1.1208015299616938,1.1363211017121972,1.1711089826317347,1.171343204428261,0.0023593456212234187,-0.00236730012445463,0.004726645745678049,-0.04325403644959169,-1
2025-02-18,1.122587551114574,1.1381318536338076,1.1692276321073567,1.1694614776337782,0.0015935213373068358,-0.001606469211900441,0.0031999905492072767,-0.04172944134229184,-1
2025-02-19,1.121988914935501,1.1375249282287787,1.169858220657551,1.1700921923016825,-0.0005332645801021663,0.0005393206018042829,-0.0010725851819064491,-0.04224045308937874,-1
2025-02-20,1.1234882019425487,1.139044975639572,1.168278908793101,1.1685125645748595,0.0013362761316888516,-0.0013500027922720426,0.002686278923960894,-0.040960621866944935,-1
2025-02-21,1.1263097018916632,1.141905544477989,1.1653068105062252,1.1655398718683265,0.0025113747916853946,-0.0025439972120578913,0.005055372003743286,-0.03855211454846785,-1
2025-02-24,1.129712759810538,1.1453557240327032,1.1617221134325995,1.161954457855286,0.0030214228938625354,-0.0030761830629553177,0.006097605956817853,-0.03564717389610905,-1
2025-02-25,1.128173923266134,1.1437955794480044,1.1633430858018672,1.1635757544190275,-0.0013621485028301183,0.0013953185107908883,-0.0027574670136210067,-0.03696076565438644,-1
2025-02-26,1.1272418125788985,1.1428505619629967,1.1643249481540463,1.1645578131436771,-0.0008262118703621368,0.0008440006771539554,-0.0016702125475160923,-0.0377564401014272,-1
2025-02-27,1.129408048602271,1.1450467935337472,1.1620430886856263,1.1622754973033633,0.0019217136901767962,-0.0019598132566323034,0.0038815269468090996,-0.03590728347908578,-1
2025-02-28,1.127731687530242,1.1433472201397847,1.1638089259921005,1.164041687777299,-0.001484282916261792,0.0015195970989951846,-0.0030038800152569767,-0.03733826982791022,-1
2025-03-03,1.1261101564986389,1.1417032360096462,1.1655170066896234,1.1657501100909613,-0.001437869530078073,0.001467664201034502,-0.002905533731112575,-0.03872245179749689,-1
2025-03-04,1.1258440959746063,1.141433491385189,1.1657972682674873,1.1660304277211408,-0.00023626509582308497,0.00024046116552156604,-0.000476726261344651,-0.03894956812953554,-1
2025-03-05,1.125774884284233,1.1413633213308536,1.165870174150918,1.1661033481857483,-6.147537711553852e-05,6.253735998118515e-05,-0.00012401273709672367,-0.03900864906726187,-1
2025-03-06,1.1284157147558798,1.1440407189884738,1.1630883886246866,1.1633210063024115,0.002345789116911856,-0.0023860165461883076,0.004731805663100164,-0.03675436601479731,-1
2025-03-07,1.133181434007299,1.1488724284441247,1.1580682977941628,1.1582999114537216,0.004223371926763919,-0.004316173112569599,0.008539545039333518,-0.03268622144564626,-1
2025-03-10,1.1343571338905236,1.150064408068416,1.1568298446054934,1.1570612105744145,0.0010375213076576628,-0.0010694129102992722,0.002106934217956935,-0.031682612789205256,-1
2025-03-11,1.1398014872488502,1.1555841485763143,1.151094897385485,1.1513251163649623,0.004799505548710226,-0.0049574682454394114,0.009756973794149637,-0.02703516811637452,-1
2025-03-12,1.136788531584807,1.1525294729642168,1.1542686703888643,1.154499524122942,-0.0026434038714194807,0.0027571775451249447,-0.0054005814165444255,-0.02960710711973069,-1
2025-03-13,1.1375354785289655,1.1532867627713925,1.153481854945604,1.1537125513165931,0.000657067628151653,-0.0006816571076083688,0.0013387247357600218,-0.028969493363230514,-1
2025-03-14,1.1369026859312668,1.1526452079888994,1.1541484230226862,1.1543792527072907,-0.0005562838343442511,0.0005778747833995457,-0.0011341586177437968,-0.02950966193672766,-1
2025-03-17,1.1415129035926266,1.1573192626471478,1.149292133722468,1.1495219921492124,0.004055067965279324,-0.00420768178801445,0.008262749753293774,-0.025574257656234223,-1
2025-03-18,1.1405646775475424,1.1565792875287042,1.1500609594022841,1.1502909715941645,-0.0008306748369640848,0.0006689558357333425,-0.0014996306726974273,-0.026383688600889244,0
2025-03-19,1.1405646775475424,1.1565792875287042,1.1502711555856822,1.1505012098167993,0.0,0.00018276960162810774,-0.00018276960162810774,-0.026383688600889244,0
2025-03-20,1.1405646775475424,1.1565792875287042,1.153960950751007,1.154191742941157,0.0,0.003207761185184177,-0.003207761185184177,-0.026383688600889244,0
2025-03-21,1.1405646775475424,1.1565792875287042,1.1537308711448548,1.1539616173190839,0.0,-0.00019938248863826669,0.00019938248863826669,-0.026383688600889244,0
2025-03-24,1.1405646775475424,1.1565792875287042,1.1534610246931953,1.153691716898134,0.0,-0.0002338902931423581,0.0002338902931423581,-0.026383688600889244,0
2025-03-25,1.1405646775475424,1.1565792875287042,1.155591391416824,1.1558225096951074,0.0,0.0018469342942866174,-0.0018469342942866174,-0.026383688600889244,0
2025-03-26,1.1405646775475424,1.1565792875287042,1.1572152042750563,1.1574466473159113,0.0,0.0014051790886406845,-0.0014051790886406845,-0.026383688600889244,0
2025-03-27,1.1405646775475424,1.1565792875287042,1.1570372002999265,1.1572686077399865,0.0,-0.00015382097856320165,0.00015382097856320165,-0.026383688600889244,0
2025-03-28,1.1405646775475424,1.1565792875287042,1.15680049288619,1.1570318529847672,0.0,-0.00020458064241601903,0.00020458064241601903,-0.026383688600889244,0
2025-03-31,1.1405646775475424,1.1565792875287042,1.156485198611093,1.1567164956508151,0.0,-0.00027255717562013615,0.00027255717562013615,-0.026383688600889244,0
2025-04-01,1.1405646775475424,1.1565792875287042,1.1567739816558515,1.1570053364521826,0.0,0.0002497075147225303,-0.0002497075147225303,-0.026383688600889244,0
2025-04-02,1.1405646775475424,1.1565792875287042,1.1581715022265517,1.1584031365269971,0.0,0.0012081189522430424,-0.0012081189522430424,-0.026383688600889244,0
2025-04-03,1.1405646775475424,1.1565792875287042,1.164926184984937,1.165159170221934,0.0,0.005832195616451985,-0.005832195616451985,-0.026383688600889244,0
2025-04-07,1.1405646775475424,1.1565792875287042,1.1711421216696578,1.1713763500939918,0.0,0.005335906055542239,-0.005335906055542239,-0.026383688600889244,0
2025-04-08,1.1405646775475424,1.1565792875287042,1.1683944220110043,1.1686281008954065,0.0,-0.0023461709794334595,0.0023461709794334595,-0.026383688600889244,0
2025-04-09,1.1405646775475424,1.1565792875287042,1.169403742423177,1.1696376231716614,0.0,0.0008638524740947062,-0.0008638524740947062,-0.026383688600889244,0
2025-04-10,1.1405646775475424,1.1565792875287042,1.168980509567416,1.1692143056693294,0.0,-0.0003619219268821139,0.0003619219268821139,-0.026383688600889244,0
2025-04-11,1.1405646775475424,1.1565792875287042,1.1696527586224277,1.1698866891741522,0.0,0.000575072937067711,-0.000575072937067711,-0.026383688600889244,0
2025-04-14,1.1405646775475424,1.1565792875287042,1.1685165630364924,1.1687502663490996,0.0,-0.000971395636490846,0.000971395636490846,-0.026383688600889244,0
2025-04-15,1.1405646775475424,1.1565792875287042,1.1691301086528973,1.1693639346746278,0.0,0.000525063688280536,-0.000525063688280536,-0.026383688600889244,0
2025-04-16,1.1405646775475424,1.1565792875287042,1.1708031566531871,1.1710373172845177,0.0,0.0014310195143443227,-0.0014310195143443227,-0.026383688600889244,0
2025-04-17,1.1405646775475424,1.1565792875287042,1.17048786237809,1.1707219599505656,0.0,-0.0002692974248534874,0.0002692974248534874,-0.026383688600889244,0
2025-04-18,1.1405646775475424,1.1565792875287042,1.170210441289191,1.1704444833774488,0.0,-0.00023701321287994404,0.00023701321287994404,-0.026383688600889244,0
2025-04-21,1.1405646775475424,1.1565792875287042,1.1691689286687503,1.169402762454484,0.0,-0.0008900216437081054,0.0008900216437081054,-0.026383688600889244,0
2025-04-22,1.1405646775475424,1.1565792875287042,1.1695647034645176,1.1697986164052105,0.0,0.00033850950539537905,-0.00033850950539537905,-0.026383688600889244,0
2025-04-23,1.1405646775475424,1.1565792875287042,1.1683612829730812,1.1685949552296757,0.0,-0.0010289473407256722,0.0010289473407256722,-0.026383688600889244,0
2025-04-24,1.1405646775475424,1.1565792875287042,1.168527924992352,1.1687616305773503,0.0,0.00014262884409066423,-0.00014262884409066423,-0.026383688600889244,0
2025-04-25,1.1405646775475424,1.1565792875287042,1.1684455508123714,1.1686792399225339,0.0,-7.049397641134547e-05,7.049397641134547e-05,-0.026383688600889244,0
2025-04-27,1.1405646775475424,1.1565792875287042,1.1683423463799825,1.1685760148492583,0.0,-8.832626588139991e-05,8.832626588139991e-05,-0.026383688600889244,0
2025-04-28,1.1405646775475424,1.1565792875287042,1.169187865261849,1.1694217028349014,0.0,0.0007236910349832648,-0.0007236910349832648,-0.026383688600889244,0
2025-04-29,1.1405646775475424,1.1565792875287042,1.1708684878993783,1.1711026615969582,0.0,0.001437427369426869,-0.001437427369426869,-0.026383688600889244,0
2025-04-30,1.1405646775475424,1.1565792875287042,1.1712386982944623,1.171472946034121,0.0,0.00031618443822689635,-0.00031618443822689635,-0.026383688600889244,0
2025-05-06,1.1405646775475424,1.1565792875287042,1.1713826164020142,1.1716168929252946,0.0,0.00012287683779699243,-0.00012287683779699243,-0.026383688600889244,0
2025-05-07,1.1405646775475424,1.1565792875287042,1.1709082547448861,1.1711424363958352,0.0,-0.00040495876452828483,0.00040495876452828483,-0.026383688600889244,0
2025-05-08,1.1405646775475424,1.1565792875287042,1.1713826164020142,1.1716168929252946,0.0,0.0004051228225661063,-0.0004051228225661063,-0.026383688600889244,0
2025-05-09,1.1405646775475424,1.1565792875287042,1.1719052663715444,1.1721396474248187,0.0,0.00044618211181535194,-0.00044618211181535194,-0.026383688600889244,0
2025-05-12,1.1405646775475424,1.1565792875287042,1.1673642713464232,1.1675977442006924,0.0,-0.0038748823436736135,0.0038748823436736135,-0.026383688600889244,0
2025-05-13,1.1405646775475424,1.1565792875287042,1.1682987922158548,1.168532451974298,0.0,0.0008005392081715801,-0.0008005392081715801,-0.026383688600889244,0
2025-05-14,1.1405646775475424,1.1565792875287042,1.1680601911428083,1.1682938031810368,0.0,-0.00020422949560172654,0.00020422949560172654,-0.026383688600889244,0
2025-05-15,1.1405646775475424,1.1565792875287042,1.1675261792174187,1.1677596844532623,0.0,-0.00045717843090531396,0.00045717843090531396,-0.026383688600889244,0
2025-05-16,1.1405646775475424,1.1565792875287042,1.1666049139631565,1.166838234945949,0.0,-0.0007890746012049199,0.0007890746012049199,-0.026383688600889244,0
2025-05-19,1.1405646775475424,1.1565792875287042,1.1676757783029001,1.1679093134585607,0.0,0.0009179323067531886,-0.0009179323067531886,-0.026383688600889244,0
2025-05-20,1.1405646775475424,1.1565792875287042,1.1683432932096374,1.1685769618682793,0.0,0.0005716611743948885,-0.0005716611743948885,-0.026383688600889244,0
2025-05-21,1.1405646775475424,1.1565792875287042,1.1679380501173204,1.168171637727344,0.0,-0.0003468527569526758,0.0003468527569526758,-0.026383688600889244,0
2025-05-22,1.1405646775475424,1.1565792875287042,1.167697555384964,1.167931094896041,0.0,-0.00020591394580582456,0.00020591394580582456,-0.026383688600889244,0
2025-05-23,1.1405646775475424,1.1565792875287042,1.1672468644692098,1.1674803138421035,0.0,-0.00038596545284852457,0.00038596545284852457,-0.026383688600889244,0
2025-05-26,1.1405646775475424,1.1565792875287042,1.167996753555927,1.1682303529066382,0.0,0.0006424425796665023,-0.0006424425796665023,-0.026383688600889244,0
2025-05-27,1.1405646775475424,1.1565792875287042,1.1675801485077508,1.1678136645374524,0.0,-0.0003566833956583082,0.0003566833956583082,-0.026383688600889244,0
2025-05-28,1.1405646775475424,1.1565792875287042,1.1669883799734093,1.167221777649404,0.0,-0.0005068333296843752,0.0005068333296843752,-0.026383688600889244,0
2025-05-29,1.1405646775475424,1.1565792875287042,1.165434632509643,1.165667719436145,0.0,-0.001331416396624041,0.001331416396624041,-0.026383688600889244,0
2025-05-30,1.1405646775475424,1.1565792875287042,1.1672525454471396,1.167485995956229,0.0,0.0015598583453642068,-0.0015598583453642068,-0.026383688600889244,0
2025-06-03,1.1405646775475424,1.1565792875287042,1.1672023634754272,1.1674358039481223,0.0,-4.299152904674308e-05,4.299152904674308e-05,-0.026383688600889244,0
2025-06-04,1.1405646775475424,1.1565792875287042,1.1674296025926143,1.1676630885131327,0.0,0.00019468699198865735,-0.00019468699198865735,-0.026383688600889244,0
2025-06-05,1.1405646775475424,1.1565792875287042,1.1677856105428739,1.1680191676649825,0.0,0.00030495025093491,-0.00030495025093491,-0.026383688600889244,0
2025-06-06,1.1405646775475424,1.1565792875287042,1.1687627387467783,1.1689964912945277,0.0,0.0008367359514305228,-0.0008367359514305228,-0.026383688600889244,0
2025-06-09,1.1405646775475424,1.1565792875287042,1.1694596053728188,1.1696934972938933,0.0,0.0005962430208783509,-0.0005962430208783509,-0.026383688600889244,0
2025-06-10,1.1405646775475424,1.1565792875287042,1.1694993722183264,1.16973327209277,0.0,3.400446268075896e-05,-3.400446268075896e-05,-0.026383688600889244,0
2025-06-11,1.1405646775475424,1.1565792875287042,1.1699547972823554,1.1701887882418118,0.0,0.00038941881872500694,-0.00038941881872500694,-0.026383688600889244,0
2025-06-12,1.1405646775475424,1.1565792875287042,1.1699576377713203,1.1701916292988745,0.0,2.4278621459927763e-06,-2.4278621459927763e-06,-0.026383688600889244,0
2025-06-13,1.1405646775475424,1.1565792875287042,1.1698042513672189,1.1700382122174924,0.0,-0.0001311042375804483,0.0001311042375804483,-0.026383688600889244,0
2025-06-16,1.1405646775475424,1.1565792875287042,1.1699765743644193,1.1702105696792922,0.0,0.00014730925879180568,-0.00014730925879180568,-0.026383688600889244,0
2025-06-17,1.1405646775475424,1.1565792875287042,1.1702842940022766,1.170518350861077,0.0,0.00026301350351776165,-0.00026301350351776165,-0.026383688600889244,0
2025-06-18,1.1405646775475424,1.1565792875287042,1.1707046863690729,1.1709388273063466,0.0,0.00035922242907204804,-0.00035922242907204804,-0.026383688600889244,0
2025-06-19,1.1405646775475424,1.1565792875287042,1.171054066511748,1.1712882773250501,0.0,0.00029843575988297566,-0.00029843575988297566,-0.026383688600889244,0
2025-06-20,1.1405646775475424,1.1565792875287042,1.1710531196820928,1.1712873303060292,0.0,-8.085277035663196e-07,8.085277035663196e-07,-0.026383688600889244,0
2025-06-23,1.1405646775475424,1.1565792875287042,1.1710815245717412,1.1713157408766555,0.0,2.425585071330616e-05,-2.425585071330616e-05,-0.026383688600889244,0
2025-06-24,1.1405646775475424,1.1565792875287042,1.1703392101222634,1.170573277964288,0.0,-0.0006338708568981444,0.0006338708568981444,-0.026383688600889244,0
2025-06-25,1.1405646775475424,1.1565792875287042,1.1697663781810212,1.1700003314566574,0.0,-0.0004894580445461427,0.0004894580445461427,-0.026383688600889244,0
2025-06-26,1.1405646775475424,1.1565792875287042,1.1693469326438801,1.1695808020304088,0.0,-0.00035857205760470023,0.00035857205760470023,-0.026383688600889244,0
2025-06-27,1.1405646775475424,1.1565792875287042,1.1697625908624012,1.1699965433805737,0.0,0.0003554618453407432,-0.0003554618453407432,-0.026383688600889244,0
2025-06-30,1.1405646775475424,1.1565792875287042,1.1693601882590494,1.1695940602967012,0.0,-0.00034400365210440764,0.00034400365210440764,-0.026383688600889244,0
2025-07-01,1.1405646775475424,1.1565792875287042,1.1699065089699532,1.1701404902717472,0.0,0.0004671962637252669,-0.0004671962637252669,-0.026383688600889244,0
2025-07-02,1.1405646775475424,1.1565792875287042,1.1711336002027632,1.1713678269228038,0.0,0.0010488797381684734,-0.0010488797381684734,-0.026383688600889244,0
2025-07-03,1.1405646775475424,1.1565792875287042,1.1714337452033812,1.1716680319524218,0.0,0.00025628587598025554,-0.00025628587598025554,-0.026383688600889244,0
2025-07-04,1.1405646775475424,1.1565792875287042,1.1715123320647418,1.1717466345311547,0.0,6.708604876926039e-05,-6.708604876926039e-05,-0.026383688600889244,0
2025-07-07,1.1405646775475424,1.1565792875287042,1.1715965999040319,1.1718309192240126,0.0,7.193081710155091e-05,-7.193081710155091e-05,-0.026383688600889244,0
2025-07-08,1.1405646775475424,1.1565792875287042,1.1709262445083302,1.1711604297572318,0.0,-0.0005721725342635597,0.0005721725342635597,-0.026383688600889244,0
2025-07-09,1.1405646775475424,1.1565792875287042,1.1707652834669893,1.1709994365236827,0.0,-0.000137464714020874,0.000137464714020874,-0.026383688600889244,0
2025-07-10,1.1405646775475424,1.1565792875287042,1.1700485334181951,1.1702825431248787,0.0,-0.0006122064421586471,0.0006122064421586471,-0.026383688600889244,0
2025-07-11,1.1405646775475424,1.1565792875287042,1.168930327595704,1.169164113661223,0.0,-0.0009556918286325322,0.0009556918286325322,-0.026383688600889244,0
2025-07-14,1.1405646775475424,1.1565792875287042,1.168206949739325,1.1684405911292728,0.0,-0.0006188374442014366,0.0006188374442014366,-0.026383688600889244,0
2025-07-15,1.1405646775475424,1.1565792875287042,1.1694700204990232,1.169703914503123,0.0,0.0010812046272965503,-0.0010812046272965503,-0.026383688600889244,0
2025-07-16,1.1405646775475424,1.1565792875287042,1.1697559630548167,1.1699899142474277,0.0,0.00024450610172244147,-0.00024450610172244147,-0.026383688600889244,0
2025-07-17,1.1405646775475424,1.1565792875287042,1.1696868444900057,1.1699207818589037,0.0,-5.908802091547649e-05,5.908802091547649e-05,-0.026383688600889244,0
2025-07-18,1.1405646775475424,1.1565792875287042,1.1692011208770186,1.1694349611011938,0.0,-0.0004152595331606834,0.0004152595331606834,-0.026383688600889244,0
2025-07-21,1.1405646775475424,1.1565792875287042,1.1681141604331404,1.168347783265227,0.0,-0.0009296607952811176,0.0009296607952811176,-0.026383688600889244,0
2025-07-22,1.1405646775475424,1.1565792875287042,1.1675091362836296,1.1677426381108864,0.0,-0.0005179495035712023,0.0005179495035712023,-0.026383688600889244,0
2025-07-23,1.1405646775475424,1.1565792875287042,1.1651808821621175,1.16541391833855,0.0,-0.001994206339937854,0.001994206339937854,-0.026383688600889244,0
2025-07-24,1.1405646775475424,1.1565792875287042,1.163260711621887,1.1634933637642113,0.0,-0.0016479591878193478,0.0016479591878193478,-0.026383688600889244,0
2025-07-25,1.1405646775475424,1.1565792875287042,1.16285168121095,1.1630842515471922,0.0,-0.00035162402275812354,0.00035162402275812354,-0.026383688600889244,0
2025-07-28,1.1405646775475424,1.1565792875287042,1.1640276436423933,1.1642604491711217,0.0,0.0010112746538910589,-0.0010112746538910589,-0.026383688600889244,0
2025-07-29,1.1405646775475424,1.1565792875287042,1.1619228413194482,1.1621552258877121,0.0,-0.0018082064755429172,0.0018082064755429172,-0.026383688600889244,0
2025-07-30,1.1405646775475424,1.1565792875287042,1.1635135151397573,1.1637462178427853,0.0,0.0013690012483984493,-0.0013690012483984493,-0.026383688600889244,0
2025-07-31,1.1405646775475424,1.1565792875287042,1.1650407513731853,1.16527375952346,0.0,0.0013126072138873734,-0.0013126072138873734,-0.026383688600889244,0
2025-08-01,1.1405646775475424,1.1565792875287042,1.1651477431241943,1.1653807726728191,0.0,9.183520051370131e-05,-9.183520051370131e-05,-0.026383688600889244,0
2025-08-04,1.1405646775475424,1.1565792875287042,1.1660178795770897,1.166251083153005,0.0,0.0007468035345992163,-0.0007468035345992163,-0.026383688600889244,0
2025-08-05,1.1405646775475424,1.1565792875287042,1.1655349964530672,1.165768103452358,0.0,-0.0004141301196836089,0.0004141301196836089,-0.026383688600889244,0
2025-08-06,1.1405646775475424,1.1565792875287042,1.1661296054763735,1.1663628313974688,0.0,0.0005101597336121255,-0.0005101597336121255,-0.026383688600889244,0
2025-08-07,1.1405646775475424,1.1565792875287042,1.1668719199258513,1.1671052943098363,0.0,0.0006365625621644888,-0.0006365625621644888,-0.026383688600889244,0
2025-08-08,1.1405646775475424,1.1565792875287042,1.166959975083761,1.1671933670787777,0.0,7.546257340340645e-05,-7.546257340340645e-05,-0.026383688600889244,0
2025-08-11,1.1405646775475424,1.1565792875287042,1.1655624545130607,1.1657955670039633,0.0,-0.0011975736962185346,0.0011975736962185346,-0.026383688600889244,0
2025-08-12,1.1405646775475424,1.1565792875287042,1.16408445342169,1.1643172703123743,0.0,-0.0012680582543198593,0.0012680582543198593,-0.026383688600889244,0
2025-08-13,1.1405646775475424,1.1565792875287042,1.1642312120182066,1.1644640582606103,0.0,0.00012607212138693313,-0.00012607212138693313,-0.026383688600889244,0
2025-08-14,1.1405646775475424,1.1565792875287042,1.1637880957396918,1.1640208533588396,0.0,-0.00038060848561738414,0.00038060848561738414,-0.026383688600889244,0
2025-08-15,1.1405646775475424,1.1565792875287042,1.1630722925205526,1.1633049069790566,0.0,-0.000615063190420595,0.000615063190420595,-0.026383688600889244,0
2025-08-18,1.1405646775475424,1.1565792875287042,1.1595406179076038,1.1597725260311853,0.0,-0.0030365048120053473,0.0030365048120053473,-0.026383688600889244,0
2025-08-19,1.1405646775475424,1.1565792875287042,1.159525468633125,1.1597573737268514,0.0,-1.3064893324976623e-05,1.3064893324976623e-05,-0.026383688600889244,0
2025-08-20,1.1405646775475424,1.1565792875287042,1.1595283091220896,1.159760214783914,0.0,2.449699503470626e-06,-2.449699503470626e-06,-0.026383688600889244,0
2025-08-21,1.1405646775475424,1.1565792875287042,1.1594288920083202,1.1596607777867218,0.0,-8.573927258803682e-05,8.573927258803682e-05,-0.026383688600889244,0
2025-08-22,1.1405646775475424,1.1565792875287042,1.159240472906986,1.1594723210015674,0.0,-0.000162510269179017,0.000162510269179017,-0.026383688600889244,0
2025-08-25,1.1405646775475424,1.1565792875287042,1.1600197137130066,1.1602517176557492,0.0,0.0006721994480285431,-0.0006721994480285431,-0.026383688600889244,0
2025-08-26,1.1405646775475424,1.1565792875287042,1.1602838791867365,1.1605159359625739,0.0,0.00022772498657319673,-0.00022772498657319673,-0.026383688600889244,0
2025-08-27,1.1405646775475424,1.1565792875287042,1.160206239155031,1.160438280402862,0.0,-6.691468622310737e-05,6.691468622310737e-05,-0.026383688600889244,0
2025-08-28,1.1405646775475424,1.1565792875287042,1.1587405468491745,1.1589722949585444,0.0,-0.0012633032441921044,0.0012633032441921044,-0.026383688600889244,0
2025-08-29,1.1405646775475424,1.1565792875287042,1.1584972116278534,1.1587289110701788,0.0,-0.00020999974669289045,0.00020999974669289045,-0.026383688600889244,0
2025-09-01,1.1405646775475424,1.1565792875287042,1.159047319657377,1.1592791291213085,0.0,0.0004748462266479514,-0.0004748462266479514,-0.026383688600889244,0
2025-09-02,1.1405646775475424,1.1565792875287042,1.1596476096586128,1.1598795391805445,0.0,0.0005179167330400247,-0.0005179167330400247,-0.026383688600889244,0
2025-09-03,1.1405646775475424,1.1565792875287042,1.1608926906548669,1.1611248691929978,0.0,0.001073671851590019,-0.001073671851590019,-0.026383688600889244,0
2025-09-04,1.1405646775475424,1.1565792875287042,1.1618281583539536,1.1620605239856243,0.0,0.0008058175459431105,-0.0008058175459431105,-0.026383688600889244,0
2025-09-05,1.1405646775475424,1.1565792875287042,1.1598966258578638,1.1601286051830353,0.0,-0.0016624941323735154,0.0016624941323735154,-0.026383688600889244,0
2025-09-08,1.1405646775475424,1.1565792875287042,1.158186651501031,1.1584182888313312,0.0,-0.0014742472033385523,0.0014742472033385523,-0.026383688600889244,0
2025-09-09,1.1405646775475424,1.1565792875287042,1.1574026765467356,1.157634157082045,0.0,-0.000676898627073097,0.000676898627073097,-0.026383688600889244,0
2025-09-10,1.1405646775475424,1.1565792875287042,1.1551473283086542,1.155378357774316,0.0,-0.0019486288426517895,0.0019486288426517895,-0.026383688600889244,0
2025-09-11,1.1405646775475424,1.1565792875287042,1.1558981642250266,1.1561293438578715,0.0,0.000649991475521805,-0.000649991475521805,-0.026383688600889244,0
2025-09-12,1.1405646775475424,1.1565792875287042,1.1568800265772055,1.1571114025825209,0.0,0.0008494367259741509,-0.0008494367259741509,-0.026383688600889244,0
2025-09-15,1.1405646775475424,1.1565792875287042,1.1574414965625885,1.157672984861901,0.0,0.00048533121195304396,-0.00048533121195304396,-0.026383688600889244,0
2025-09-16,1.1405646775475424,1.1565792875287042,1.158415784277528,1.1586474674343834,0.0,0.0008417597933312315,-0.0008417597933312315,-0.026383688600889244,0
2025-09-17,1.1405646775475424,1.1565792875287042,1.1598133048482282,1.160045267509198,0.0,0.00120640670618255,-0.00120640670618255,-0.026383688600889244,0
2025-09-18,1.1405646775475424,1.1565792875287042,1.1589299127801638,1.1591616987627198,0.0,-0.0007616674721454553,0.0007616674721454553,-0.026383688600889244,0
2025-09-19,1.1405646775475424,1.1565792875287042,1.1571943740226474,1.157425812897452,0.0,-0.001497535561363672,0.001497535561363672,-0.026383688600889244,0
2025-09-22,1.1405646775475424,1.1565792875287042,1.1574613799853424,1.1576928722613393,0.0,0.0002307356211617151,-0.0002307356211617151,-0.026383688600889244,0
2025-09-23,1.1405646775475424,1.1565792875287042,1.156906537807544,1.1571379191151054,0.0,-0.00047936128789483057,0.00047936128789483057,-0.026383688600889244,0
2025-09-24,1.1405646775475424,1.1565792875287042,1.1550024633714475,1.1552334638641217,0.0,-0.0016458325490189551,0.0016458325490189551,-0.026383688600889244,0
2025-09-25,1.1405646775475424,1.1565792875287042,1.1546852754370405,1.154916212492128,0.0,-0.00027462100252251265,0.00027462100252251265,-0.026383688600889244,0
2025-09-26,1.1405646775475424,1.1565792875287042,1.1550838907217729,1.1553149074999172,0.0,0.000345215526006859,-0.000345215526006859,-0.026383688600889244,0
2025-09-28,1.1405646775475424,1.1565792875287042,1.1557201602498965,1.1559513042819465,0.0,0.0005508426991620574,-0.0005508426991620574,-0.026383688600889244,0
2025-09-29,1.1405646775475424,1.1565792875287042,1.155342375217573,1.1555734436926166,0.0,-0.00032688279162818024,0.00032688279162818024,-0.026383688600889244,0
2025-09-30,1.1405646775475424,1.1565792875287042,1.156715278217245,1.1569466212728883,0.0,0.0011883083570038977,-0.0011883083570038977,-0.026383688600889244,0
2025-10-09,1.1405646775475424,1.1565792875287042,1.157995391910732,1.158226990989114,0.0,0.0011066800254078135,-0.0011066800254078135,-0.026383688600889244,0
2025-10-10,1.1405646775475424,1.1565792875287042,1.1586288209498907,1.1588605467140807,0.0,0.0005470048012139461,-0.0005470048012139461,-0.026383688600889244,0
2025-10-11,1.1405646775475424,1.1565792875287042,1.1605631939349457,1.1607953065737326,0.0,0.001669536395157989,-0.001669536395157989,-0.026383688600889244,0
2025-10-13,1.1405646775475424,1.1565792875287042,1.159839816078567,1.1600717840417827,0.0,-0.0006232989811834067,0.0006232989811834067,-0.026383688600889244,0
2025-10-14,1.1405646775475424,1.1565792875287042,1.1595519798634633,1.159783890259436,0.0,-0.00024816893773915716,0.00024816893773915716,-0.026383688600889244,0
2025-10-15,1.1405646775475424,1.1565792875287042,1.1599146156213074,1.1601465985444317,0.0,0.00031273781955576396,-0.00031273781955576396,-0.026383688600889244,0
2025-10-16,1.1405646775475424,1.1565792875287042,1.1596940043117052,1.1599259431125675,0.0,-0.00019019616326154676,0.00019019616326154676,-0.026383688600889244,0
2025-10-17,1.1405646775475424,1.1565792875287042,1.1606881754493985,1.1609203130844883,0.0,0.0008572702230045248,-0.0008572702230045248,-0.026383688600889244,0
2025-10-20,1.1405646775475424,1.1565792875287042,1.1598596995013208,1.160091671441221,0.0,-0.0007137799502066056,0.0007137799502066056,-0.026383688600889244,0
2025-10-21,1.1405646775475424,1.1565792875287042,1.15943457298625,1.1596664599008473,0.0,-0.00036653270671749283,0.00036653270671749283,-0.026383688600889244,0
2025-10-22,1.1405646775475424,1.1565792875287042,1.1598596995013208,1.160091671441221,0.0,0.0003666671022029,-0.0003666671022029,-0.026383688600889244,0
2025-10-23,1.1405646775475424,1.1565792875287042,1.1595368305889842,1.1597687379551018,0.0,-0.00027836893761845616,0.00027836893761845616,-0.026383688600889244,0
2025-10-24,1.1405646775475424,1.1565792875287042,1.1586524916912646,1.1588842221896027,0.0,-0.000762665638891602,0.000762665638891602,-0.026383688600889244,0
2025-10-27,1.1405646775475424,1.1565792875287042,1.1585909477636929,1.1588226659532457,0.0,-5.311681286068737e-05,5.311681286068737e-05,-0.026383688600889244,0
2025-10-28,1.1405646775475424,1.1565792875287042,1.1613822015864739,1.1616144780267912,0.0,0.0024091797266054815,-0.0024091797266054815,-0.026383688600889244,0
2025-10-29,1.1405646775475424,1.1565792875287042,1.1611985166334142,1.161430756336741,0.0,-0.0001581606406648728,0.0001581606406648728,-0.026383688600889244,0
2025-10-30,1.1405646775475424,1.1565792875287042,1.1617732422339666,1.1620055968824134,0.0,0.000494941728153897,-0.000494941728153897,-0.026383688600889244,0
2025-10-31,1.1405646775475424,1.1565792875287042,1.1631082720474406,1.1633408937018501,0.0,0.001149131142758053,-0.001149131142758053,-0.026383688600889244,0
2025-11-03,1.1405646775475424,1.1565792875287042,1.163363916054276,1.1635965888374868,0.0,0.00021979381711845214,-0.00021979381711845214,-0.026383688600889244,0
2025-11-04,1.1405646775475424,1.1565792875287042,1.1632569243032669,1.1634895756881276,0.0,-9.196756881713064e-05,9.196756881713064e-05,-0.026383688600889244,0
2025-11-05,1.1405646775475424,1.1565792875287042,1.1637293923010852,1.1639621381795453,0.0,0.0004061596264310907,-0.0004061596264310907,-0.026383688600889244,0
2025-11-06,1.1405646775475424,1.1565792875287042,1.1628270636399216,1.1630596290526496,0.0,-0.0007753767045269866,0.0007753767045269866,-0.026383688600889244,0
2025-11-07,1.1405646775475424,1.1565792875287042,1.1622476038910945,1.1624800534118727,0.0,-0.0004983197991740296,0.0004983197991740296,-0.026383688600889244,0
2025-11-10,1.1405646775475424,1.1565792875287042,1.1617637739374174,1.1619961266922048,0.0,-0.00041628819199734934,0.00041628819199734934,-0.026383688600889244,0
2025-11-11,1.1405646775475424,1.1565792875287042,1.1620232052628725,1.162255609903925,0.0,0.0002233081554745553,-0.0002233081554745553,-0.026383688600889244,0
2025-11-12,1.1405646775475424,1.1565792875287042,1.162222039490411,1.162454483898309,0.0,0.00017111037597006273,-0.00017111037597006273,-0.026383688600889244,0
2025-11-13,1.1405646775475424,1.1565792875287042,1.1617344222181138,1.1619667691025575,0.0,-0.00041955603639298733,0.00041955603639298733,-0.026383688600889244,0
2025-11-14,1.1405646775475424,1.1565792875287042,1.1617173792843247,1.1619497227601816,0.0,-1.4670249467663155e-05,1.4670249467663155e-05,-0.026383688600889244,0
2025-11-17,1.1405646775475424,1.1565792875287042,1.1617969129753403,1.1620292723579353,0.0,6.846216853917397e-05,-6.846216853917397e-05,-0.026383688600889244,0
2025-11-18,1.1405646775475424,1.1565792875287042,1.1619076920449691,1.162140073583378,0.0,9.535149249551012e-05,-9.535149249551012e-05,-0.026383688600889244,0
2025-11-19,1.1405646775475424,1.1565792875287042,1.161469309914729,1.161701603776712,0.0,-0.00037729514421969146,0.00037729514421969146,-0.026383688600889244,0
2025-11-20,1.1405646775475424,1.1565792875287042,1.1614636289367992,1.1616959216625866,0.0,-4.89119934665716e-06,4.89119934665716e-06,-0.026383688600889244,0
2025-11-21,1.1405646775475424,1.1565792875287042,1.1616198558298654,1.1618521798010313,0.0,0.0001345086399382467,-0.0001345086399382467,-0.026383688600889244,0
2025-11-24,1.1405646775475424,1.1565792875287042,1.1614210216023266,1.1616533058066472,0.0,-0.00017116979065123772,0.00017116979065123772,-0.026383688600889244,0
2025-11-25,1.1405646775475424,1.1565792875287042,1.1611208766017087,1.161353100777029,0.0,-0.000258429109715852,0.000258429109715852,-0.026383688600889244,0
2025-11-26,1.1405646775475424,1.1565792875287042,1.1597460799427273,1.1599780291587158,0.0,-0.0011840254418687968,0.0011840254418687968,-0.026383688600889244,0
2025-11-27,1.1405646775475424,1.1565792875287042,1.1588513259188031,1.1590830961839869,0.0,-0.0007715085563974045,0.0007715085563974045,-0.026383688600889244,0
2025-11-28,1.1405646775475424,1.1565792875287042,1.1585369784733612,1.1587686858690558,0.0,-0.0002712577864055765,0.0002712577864055765,-0.026383688600889244,0
2025-12-01,1.1405646775475424,1.1565792875287042,1.1589876693891155,1.1592194669229932,0.0,0.0003890172900204991,-0.0003890172900204991,-0.026383688600889244,0
2025-12-02,1.1405646775475424,1.1565792875287042,1.1589318064394736,1.1591635928007615,0.0,-4.8199779097979345e-05,4.8199779097979345e-05,-0.026383688600889244,0
2025-12-03,1.1405646775475424,1.1565792875287042,1.1585511809181852,1.1587828911543687,0.0,-0.0003284278843443955,0.0003284278843443955,-0.026383688600889244,0
2025-12-04,1.1405646775475424,1.1565792875287042,1.1565457957090095,1.1567771048681512,0.0,-0.0017309422684169684,0.0017309422684169684,-0.026383688600889244,0
2025-12-05,1.1405646775475424,1.1565792875287042,1.157047615426131,1.1572790249492162,0.0,0.00043389524131542956,-0.00043389524131542956,-0.026383688600889244,0
2025-12-08,1.1405646775475424,1.1565792875287042,1.157168809621964,1.1574002433838884,0.0,0.000104744346055341,-0.000104744346055341,-0.026383688600889244,0
2025-12-09,1.1405646775475424,1.1565792875287042,1.1578751445445539,1.1581067195734627,0.0,0.0006103992059902641,-0.0006103992059902641,-0.026383688600889244,0
2025-12-10,1.1405646775475424,1.1565792875287042,1.1576876722728744,1.157919209807329,0.0,-0.00016191061062398315,0.00016191061062398315,-0.026383688600889244,0
2025-12-11,1.1405646775475424,1.1565792875287042,1.158592841423003,1.1588245599912874,0.0,0.000781876815144189,-0.000781876815144189,-0.026383688600889244,0
2025-12-12,1.1405646775475424,1.1565792875287042,1.1582169500499893,1.1584485934399993,0.0,-0.00032443785217239896,0.00032443785217239896,-0.026383688600889244,0
2025-12-15,1.1405646775475424,1.1565792875287042,1.1569500919716713,1.1571814819900657,0.0,-0.0010938003266687257,0.0010938003266687257,-0.026383688600889244,0
2025-12-16,1.1405646775475424,1.1565792875287042,1.156610180125546,1.156841502161571,0.0,-0.00029379992143485634,0.00029379992143485634,-0.026383688600889244,0
2025-12-17,1.1405646775475424,1.1565792875287042,1.1575447009949777,1.1577762099351767,0.0,0.0008079825731175383,-0.0008079825731175383,-0.026383688600889244,0
2025-12-18,1.1405646775475424,1.1565792875287042,1.158190438819651,1.1584220769074147,0.0,0.0005578513072697078,-0.0005578513072697078,-0.026383688600889244,0
2025-12-19,1.1405646775475424,1.1565792875287042,1.1587235039153854,1.1589552486161685,0.0,0.0004602568609335389,-0.0004602568609335389,-0.026383688600889244,0
2025-12-22,1.1405646775475424,1.1565792875287042,1.1583532935203016,1.1585849641790056,0.0,-0.00031949847727508196,0.00031949847727508196,-0.026383688600889244,0
2025-12-23,1.1405646775475424,1.1565792875287042,1.1585994692305874,1.1588311891244336,0.0,0.00021252213091016436,-0.00021252213091016436,-0.026383688600889244,0
2025-12-24,1.1405646775475424,1.1565792875287042,1.1592821334118035,1.1595139898384859,0.0,0.0005892149956441273,-0.0005892149956441273,-0.026383688600889244,0
2025-12-25,1.1405646775475424,1.1565792875287042,1.1590596284428913,1.15929144036858,0.0,-0.00019193340645851098,0.00019193340645851098,-0.026383688600889244,0
2025-12-26,1.1405646775475424,1.1565792875287042,1.158995244026355,1.1592270430751601,0.0,-5.554883886593753e-05,5.554883886593753e-05,-0.026383688600889244,0
2025-12-29,1.1405646775475424,1.1565792875287042,1.1568838138958253,1.1571151906586044,0.0,-0.0018217763544865484,0.0018217763544865484,-0.026383688600889244,0
2025-12-30,1.1405646775475424,1.1565792875287042,1.1563062478063082,1.1565375090558694,0.0,-0.0004992429512624685,0.0004992429512624685,-0.026383688600889244,0
2025-12-31,1.1405646775475424,1.1565792875287042,1.1564094522386974,1.1566407341291451,0.0,8.92535455767618e-05,-8.92535455767618e-05,-0.026383688600889244,0
2026-01-04,1.1405646775475424,1.1565792875287042,1.1570021676026936,1.157233568036214,0.0,0.0005125480104375413,-0.0005125480104375413,-0.026383688600889244,0
2026-01-05,1.1405646775475424,1.1565792875287042,1.1562522785159763,1.1564835289716795,0.0,-0.0006481310992451084,0.0006481310992451084,-0.026383688600889244,0
2026-01-06,1.1405646775475424,1.1565792875287042,1.1546303593170537,1.154861285388917,0.0,-0.0014027381645502768,0.0014027381645502768,-0.026383688600889244,0
2026-01-07,1.1405646775475424,1.1565792875287042,1.1535083661759427,1.153739067849178,0.0,-0.0009717336219833284,0.0009717336219833284,-0.026383688600889244,0
2026-01-08,1.1405646775475424,1.1565792875287042,1.1544372060674448,1.1546680935086582,0.0,0.0008052303032541896,-0.0008052303032541896,-0.026383688600889244,0
2026-01-09,1.1405646775475424,1.1565792875287042,1.154797948165979,1.1550289077556122,0.0,0.0003124830840846027,-0.0003124830840846027,-0.026383688600889244,0
2026-01-12,1.1405646775475424,1.1565792875287042,1.1557561397767846,1.15598729100474,0.0,0.0008297482796253419,-0.0008297482796253419,-0.026383688600889244,0
2026-01-13,1.1405646775475424,1.1565792875287042,1.1564567937214445,1.1566880850801888,0.0,0.0006062299135138893,-0.0006062299135138893,-0.026383688600889244,0
2026-01-14,1.1405646775475424,1.1565792875287042,1.1572180447640212,1.157449488372974,0.0,0.0006582615508938794,-0.0006582615508938794,-0.026383688600889244,0
2026-01-15,1.1405646775475424,1.1565792875287042,1.1583068988672092,1.1585385602469827,0.0,0.0009409238890756288,-0.0009409238890756288,-0.026383688600889244,0
2026-01-16,1.1405646775475424,1.1565792875287042,1.1587064609815962,1.1589382022737926,0.0,0.00034495358248998187,-0.00034495358248998187,-0.026383688600889244,0
2026-01-19,1.1405646775475424,1.1565792875287042,1.1593796568662629,1.1596115327976362,0.0,0.0005809891524177768,-0.0005809891524177768,-0.026383688600889244,0
2026-01-20,1.1405646775475424,1.1565792875287042,1.1597915277661646,1.1600234860717178,0.0,0.000355251101278542,-0.000355251101278542,-0.026383688600889244,0
2026-01-21,1.1405646775475424,1.1565792875287042,1.160204345495721,1.1604363863648202,0.0,0.00035594132193006445,-0.00035594132193006445,-0.026383688600889244,0
2026-01-22,1.1405646775475424,1.1565792875287042,1.1602687299122576,1.16050078365824,0.0,5.549403153559673e-05,-5.549403153559673e-05,-0.026383688600889244,0
2026-01-23,1.1405646775475424,1.1565792875287042,1.1603586787294773,1.160590750465223,0.0,7.752412428319033e-05,-7.752412428319033e-05,-0.026383688600889244,0
2026-01-26,1.1405646775475424,1.1565792875287042,1.1608765945507329,1.161108769869643,0.0,0.00044634114498354194,-0.00044634114498354194,-0.026383688600889244,0
2026-01-27,1.1405646775475424,1.1565792875287042,1.1609210955445153,1.1611532797636241,0.0,3.8333957279590436e-05,-3.8333957279590436e-05,-0.026383688600889244,0
2026-01-28,1.1405646775475424,1.1565792875287042,1.1613689459713046,1.1616012197604988,0.0,0.00038577163298003647,-0.00038577163298003647,-0.026383688600889244,0
2026-01-29,1.1405646775475424,1.1565792875287042,1.1620913769980283,1.162323795273428,0.0,0.000622051269090429,-0.000622051269090429,-0.026383688600889244,0
2026-01-30,1.1405646775475424,1.1565792875287042,1.1621046326131979,1.1623370535397204,0.0,1.140668920873722e-05,-1.140668920873722e-05,-0.026383688600889244,0
2026-02-02,1.1405646775475424,1.1565792875287042,1.1624142459103652,1.1626467287595472,0.0,0.000266424630346096,-0.000266424630346096,-0.026383688600889244,0
2026-02-03,1.1405646775475424,1.1565792875287042,1.1615687270284982,1.161801040773904,0.0,-0.000727381727161136,0.000727381727161136,-0.026383688600889244,0
2026-02-04,1.1405646775475424,1.1565792875287042,1.161696549031916,1.1619288883417223,0.0,0.00011004256609492558,-0.00011004256609492558,-0.026383688600889244,0
2026-02-05,1.1405646775475424,1.1565792875287042,1.1619711296318505,1.1622035238577768,0.0,0.00023636172472341066,-0.00023636172472341066,-0.026383688600889244,0
2026-02-06,1.1405646775475424,1.1565792875287042,1.162872511463359,1.1631050859656515,0.0,0.000775735135341904,-0.000775735135341904,-0.026383688600889244,0
2026-02-09,1.1405646775475424,1.1565792875287042,1.1632285194136187,1.1634611651175013,0.0,0.00030614529688377523,-0.00030614529688377523,-0.026383688600889244,0
2026-02-10,1.1405646775475424,1.1565792875287042,1.1635362390514763,1.1637689462992866,0.0,0.0002645392824556225,-0.0002645392824556225,-0.026383688600889244,0
2026-02-11,1.1405646775475424,1.1565792875287042,1.1641147519706483,1.1643475749210423,0.0,0.0004972023214708798,-0.0004972023214708798,-0.026383688600889244,0
2026-02-12,1.1405646775475424,1.1565792875287042,1.1647481810098073,1.1649811306460092,0.0,0.0005441293807906256,-0.0005441293807906256,-0.026383688600889244,0
2026-02-13,1.1403366102254973,1.1565792875287042,1.1650398045435304,1.1652728125044391,-0.00019996000799848979,0.00025037474921862923,-0.000450334757217119,-0.02657837292630405,-1
2026-02-14,1.1410214809368362,1.157273913371869,1.1643400974285254,1.164572965448011,0.000600586445438589,-0.0006005864454383669,0.0012011728908769559,-0.025993749091386742,-1
2026-02-24,1.141069672110029,1.157322790968411,1.164290862286468,1.1645237204589254,4.223511476175723e-05,-4.22858769237866e-05,8.452099168554383e-05,-0.025952611825601046,-1
2026-02-25,1.1417267402214486,1.157989218198186,1.1636195600611114,1.1638522839731236,0.00057583522503446,-0.000576576049079569,0.001152411274114029,-0.025391721028637293,-1
2026-02-26,1.1431493065839722,1.1594320472499553,1.1621661765407694,1.1623986097760775,0.001245977966888745,-0.0012490194993506343,0.0024949974662393792,-0.02417738058669172,-1
2026-02-27,1.1431233574907145,1.159405728544125,1.1621926877711077,1.162425126308662,-2.2699653587032742e-05,2.281191009823047e-05,-4.551156368526321e-05,-0.02419953142211473,-1
2026-02-28,1.1419408202408252,1.158206347521286,1.1634008424108189,1.163633522579301,-0.0010344791243571683,0.001039547617553982,-0.0020740267419111502,-0.02520897663639654,-1
2026-03-02,1.1420066197273002,1.1582730842396416,1.1633336175053177,1.1635662842288188,5.762074996251698e-05,-5.778309852499941e-05,0.00011540384848751639,-0.025152808446573638,-1
2026-03-03,1.1415738259218942,1.157834125824543,1.1637757869541774,1.1640085421115682,-0.0003789766170614328,0.00038008825860957884,-0.0007590648756710117,-0.025522252737380513,-1
2026-03-04,1.1416007017684824,1.157861384484153,1.1637483288941841,1.163981078559963,2.3542802031650822e-05,-2.3593943353272806e-05,4.713674538492363e-05,-0.025499310800692454,-1
2026-03-05,1.140935292877087,1.157186497670361,1.1644281525864355,1.1646610382169527,-0.0005828735830002429,0.0005841672768693851,-0.001167040859869628,-0.02606732150904212,-1
2026-03-06,1.141229073682898,1.1574844630185115,1.1641280075858176,1.1643608331873347,0.0002574912071220403,-0.00025776171758751243,0.0005152529247095528,-0.02581654240800202,-1
2026-03-09,1.1428536722715,1.1591322019942456,1.162468215200697,1.162700708843737,0.001423551700588055,-0.001425781678908833,0.002849333379496888,-0.024429741890262147,-1
2026-03-10,1.1430779465775134,1.159359670808922,1.1622390824242002,1.162471530240685,0.00019624061369794,-0.00019710885295676217,0.00039334946665470216,-0.02423829538410527,-1
2026-03-11,1.143327243223454,1.1596125183756492,1.1619843852470195,1.162216782124069,0.00021809242903070292,-0.00021914353168139833,0.00043723596071210125,-0.024025489143790324,-1
2026-03-12,1.143625657795918,1.1599151834926977,1.161679506098127,1.1619118419993466,0.0002610053895180098,-0.00026237800848560866,0.0005233833980036184,-0.023770754536424632,-1
2026-03-13,1.1433513388100505,1.15963695717392,1.161959767675991,1.1621921596295262,-0.00023986781338602992,0.00024125550669751306,-0.00048112332008354297,-0.02400492051089742,-1
2026-03-16,1.144500512940037,1.1608024998606916,1.1607856989038579,1.1610178560436386,0.0010050927400693244,-0.0010104211908139593,0.0020155139308832837,-0.023023954942159586,-1
2026-03-17,1.1445042199533595,1.1608062596758102,1.160781911585238,1.1610140679675551,3.238979170872014e-06,-3.2627199175738753e-06,6.501699088445889e-06,-0.023020790537099156,-1
2026-03-18,1.144044550301365,1.1603400426011017,1.1612515390940914,1.16148378940191,-0.00040163211631782936,0.0004045785897990317,-0.0008062107061168611,-0.0234131767645942,-1
2026-03-19,1.1437822791087955,1.1600740356814594,1.161519491886441,1.1617517957848185,-0.00022924910791310982,0.00023074483290574932,-0.00045999394081885914,-0.02363705842262065,-1
2026-03-20,1.1434699632363716,1.159757271257716,1.161838573480158,1.162070941194854,-0.0002730553516419043,0.00027471049426708305,-0.0005477658459089874,-0.02390365954896323,-1
2026-03-23,1.1440362095213892,1.1603315830170848,1.161260060560986,1.161492312573098,0.0004951999643392213,-0.0004979288279602923,0.0009931287922995136,-0.023420296675980334,-1
2026-03-24,1.143872174181867,1.1601652111980858,1.1614276494099114,1.1616599349397934,-0.00014338299623473105,0.00014431638064293928,-0.00028769937687767033,-0.023560321599904954,-1
2026-03-25,1.143606195975975,1.1598954444633252,1.161699389520881,1.161931729398785,-0.0002325244130378934,0.0002339707609919639,-0.0004664951740298573,-0.023787367662991832,-1
2026-03-26,1.1434857180429925,1.15977325047197,1.1618224773760237,1.1620548418714989,-0.00010534914326831846,0.00010595499683740961,-0.00021130414010572807,-0.023890210827456237,-1
2026-03-27,1.1430445834576106,1.1593258324728546,1.1622731682917782,1.1625056229254365,-0.00038578058162097584,0.0003879171943481641,-0.0007736977759691399,-0.024266775029649135,-1
2026-03-30,1.1423448846929818,1.1586161673692155,1.1629880246812625,1.1632206222861987,-0.000612136022299592,0.0006150502386068624,-0.0012271862609064543,-0.02486405648480805,-1
2026-03-31,1.142063151680469,1.1583304214202004,1.163275860896366,1.1635085160685452,-0.00024662693052512896,0.00024749714442018345,-0.0004941240749453124,-0.02510455126940192,-1
2026-04-01,1.1425737927656483,1.15884833595279,1.1627541577564908,1.162986708588042,0.0004471215838004472,-0.0004484775773420102,0.0008955991611424574,-0.02466865447232569,-1
2026-04-02,1.143213252563786,1.1594969040607517,1.162100845294578,1.162333265463637,0.000559666082126542,-0.000561866373519071,0.001121532455645613,-0.024122794599399033,-1
2026-04-03,1.1430047330643933,1.1592854144603293,1.1623138819669407,1.1625463447433342,-0.00018239772756745154,0.00018332029722323284,-0.0003657180247906844,-0.02430079238404892,-1
2026-04-07,1.1427044649852678,1.1589808694357213,1.1626206547751432,1.1628531789060983,-0.00026270064369771085,0.0002639328437541444,-0.0005266334874518552,-0.024557109193945048,-1
2026-04-08,1.142744315378485,1.1590212874482464,1.1625799410999809,1.1628124570882008,3.487375295918582e-05,-3.5018881692105985e-05,6.989263465129181e-05,-0.024523091839545152,-1
2026-04-09,1.142305961053095,1.1585766893104699,1.1630277915267702,1.1632603970850754,-0.00038359790505271274,0.0003852211886312684,-0.0007688190936839812,-0.024897282737942894,-1
2026-04-10,1.1422624036465552,1.1585325114828262,1.1630722925205526,1.1633049069790566,-3.813112075479186e-05,3.826305278908926e-05,-7.639417354388112e-05,-0.024934464497403108,-1
2026-04-13,1.1414088638290412,1.1576668140517645,1.163944322632758,1.1641771114972845,-0.000747236199658885,0.0007497643248945973,-0.0014970005245534823,-0.025663068762570296,-1
2026-04-14,1.1406146362246876,1.1568612736626005,1.1647557556470467,1.1649887067981761,-0.0006958309414990538,0.0006971407467784019,-0.0013929716882774557,-0.02634104254677061,-1
2026-04-15,1.1402532024257404,1.1564946916885352,1.1651250192124758,1.1653580442163183,-0.0003168763467243929,0.00031703089994516986,-0.0006339072466695628,-0.026649572040163827,-1
2026-04-16,1.1396311694825827,1.1560952113321823,1.1655274218158276,1.1657605273001908,-0.0005455217681777924,0.00034537289708502783,-0.0008908946652628202,-0.027180555886681113,0
2026-04-17,1.1396311694825827,1.1560952113321823,1.1661277118170634,1.1663609373594268,0.0,0.0005150372183442276,-0.0005150372183442276,-0.027180555886681113,0
2026-04-20,1.1396311694825827,1.1560952113321823,1.1668520365030972,1.1670854069103977,0.0,0.0006211366719903744,-0.0006211366719903744,-0.027180555886681113,0
2026-04-21,1.1396311694825827,1.1560952113321823,1.1669164209196337,1.1671498042038175,0.0,5.5177875619483174e-05,-5.5177875619483174e-05,-0.027180555886681113,0
2026-04-22,1.1396311694825827,1.1560952113321823,1.1680346267421249,1.1682682336674732,0.0,0.000958256994626927,-0.000958256994626927,-0.027180555886681113,0
2026-04-23,1.1396311694825827,1.1560952113321823,1.1676199153532585,1.1678534393363291,0.0,-0.0003550505947097493,0.0003550505947097493,-0.027180555886681113,0
2026-04-24,1.1396311694825827,1.1560952113321823,1.166785758427251,1.1670191155789365,0.0,-0.0007144079293603944,0.0007144079293603944,-0.027180555886681113,0
2026-04-27,1.1396311694825827,1.1560952113321823,1.165556773535131,1.165789884889838,0.0,-0.0010533081015459134,0.0010533081015459134,-0.027180555886681113,0
2026-04-28,1.1396311694825827,1.1560952113321823,1.165647669182006,1.1658807987158424,0.0,7.798474423448276e-05,-7.798474423448276e-05,-0.027180555886681113,0
2026-04-29,1.1396311694825827,1.1560952113321823,1.1667725028120817,1.167005857312644,0.0,0.000964985955717701,-0.000964985955717701,-0.027180555886681113,0
2026-04-30,1.1396311694825827,1.1560952113321823,1.166700543758306,1.1669338838670575,0.0,-6.167359412589946e-05,6.167359412589946e-05,-0.027180555886681113,0
2026-05-06,1.1396311694825827,1.1560952113321823,1.1659998898136457,1.1662330897916084,0.0,-0.0006005430857204397,0.0006005430857204397,-0.027180555886681113,0
2026-05-07,1.1396311694825827,1.1560952113321823,1.165769810207494,1.1660029641695355,0.0,-0.00019732386611837072,0.00019732386611837072,-0.027180555886681113,0
2026-05-08,1.1396311694825827,1.1560952113321823,1.1662129264860086,1.1664461690713057,0.0,0.0003801061535773087,-0.0003801061535773087,-0.027180555886681113,0
2026-05-09,1.1396311694825827,1.1560952113321823,1.1662167138046284,1.1664499571473894,0.0,3.2475361348982545e-06,-3.2475361348982545e-06,-0.027180555886681113,0
2026-05-11,1.1396311694825827,1.1560952113321823,1.166256480650136,1.1664897319462662,0.0,3.4099018678901416e-05,-3.4099018678901416e-05,-0.027180555886681113,0
2026-05-12,1.1396311694825827,1.1560952113321823,1.1669031653044644,1.1671365459375251,0.0,0.0005544960864591886,-0.0005544960864591886,-0.027180555886681113,0
2026-05-13,1.1396311694825827,1.1560952113321823,1.167142713207166,1.1673761417498072,0.0,0.00020528515974937989,-0.00020528515974937989,-0.027180555886681113,0
2026-05-14,1.1396311694825827,1.1560952113321823,1.1674296025926143,1.1676630885131327,0.0,0.000245804889326795,-0.000245804889326795,-0.027180555886681113,0
2026-05-15,1.1396311694825827,1.1560952113321823,1.1671133614878624,1.16734678416016,0.0,-0.00027088665907526455,0.00027088665907526455,-0.027180555886681113,0
2026-05-18,1.1396311694825827,1.1560952113321823,1.1672260342168008,1.1674594794236441,0.0,9.653966157574523e-05,-9.653966157574523e-05,-0.027180555886681113,0
2026-05-19,1.1396311694825827,1.1560952113321823,1.1682334609696636,1.1684671076618576,0.0,0.0008630948276773243,-0.0008630948276773243,-0.027180555886681113,0
2026-05-20,1.1396311694825827,1.1560952113321823,1.1688328041412444,1.1690665707020726,0.0,0.0005130337313599131,-0.0005130337313599131,-0.027180555886681113,0
2026-05-21,1.1396311694825827,1.1560952113321823,1.1689369554032882,1.169170742794369,0.0,8.910706619014164e-05,-8.910706619014164e-05,-0.027180555886681113,0
2026-05-22,1.1396311694825827,1.1560952113321823,1.1683395058910178,1.1685731737921958,0.0,-0.0005111049911706855,0.0005111049911706855,-0.027180555886681113,0
2026-05-25,1.1396311694825827,1.1560952113321823,1.1683177288089537,1.1685513923547155,0.0,-1.863934408985468e-05,1.863934408985468e-05,-0.027180555886681113,0
2026-05-26,1.1396311694825827,1.1560952113321823,1.1687390680054048,1.1689728158190058,0.0,0.00036063750986703447,-0.00036063750986703447,-0.027180555886681113,0
2026-05-27,1.1396311694825827,1.1560952113321823,1.1699623719195948,1.1701963643939788,0.0,0.001046686936099217,-0.001046686936099217,-0.027180555886681113,0
2026-05-28,1.1396311694825827,1.1560952113321823,1.1709887352655566,1.1712229330126096,0.0,0.0008772618424282008,-0.0008772618424282008,-0.027180555886681113,0
2026-05-29,1.1396311694825827,1.1560952113321823,1.1712339641461875,1.1714682109390167,0.0,0.00020942035840798567,-0.00020942035840798567,-0.027180555886681113,0
2026-06-01,1.1396311694825827,1.1560952113321823,1.1723995114514263,1.1726339913537165,0.0,0.0009951447284817228,-0.0009951447284817228,-0.027180555886681113,0
2026-06-02,1.1396311694825827,1.1560952113321823,1.1726523149692967,1.1728868454322905,0.0,0.00021562915661532678,-0.00021562915661532678,-0.027180555886681113,0
2026-06-03,1.1396311694825827,1.1560952113321823,1.1726608364361912,1.1728953686034784,0.0,7.266831596908219e-06,-7.266831596908219e-06,-0.027180555886681113,0
2026-06-04,1.1396311694825827,1.1560952113321823,1.1723720533914326,1.172606527802111,0.0,-0.0002462630590071013,0.0002462630590071013,-0.027180555886681113,0
2026-06-05,1.1396311694825827,1.1560952113321823,1.1725528978555273,1.1727874084350984,0.0,0.0001542551816819948,-0.0001542551816819948,-0.027180555886681113,0
2026-06-08,1.1396311694825827,1.1560952113321823,1.1715823974592077,1.1718167139386995,0.0,-0.0008276815469003829,0.0008276815469003829,-0.027180555886681113,0
2026-06-09,1.1396311694825827,1.1560952113321823,1.170925297678675,1.1711594827382108,0.0,-0.0005608651870817605,0.0005608651870817605,-0.027180555886681113,0
2026-06-10,1.1396311694825827,1.1560952113321823,1.1697067279127595,1.169940669258342,0.0,-0.0010406895882523193,0.0010406895882523193,-0.027180555886681113,0
2026-06-11,1.1396311694825827,1.1560952113321823,1.16882238901504,1.169056153492843,0.0,-0.0007560347193159567,0.0007560347193159567,-0.027180555886681113,0
2026-06-12,1.1396311694825827,1.1560952113321823,1.1686907796930026,1.1689245178489411,0.0,-0.00011259993243994959,0.00011259993243994959,-0.027180555886681113,0
2026-06-15,1.1396311694825827,1.1560952113321823,1.1688507939046884,1.1690845640634693,0.0,0.0001369174930325734,-0.0001369174930325734,-0.027180555886681113,0
2026-06-16,1.1396311694825827,1.1560952113321823,1.169559022486588,1.1697929342910853,0.0,0.0006059187242655195,-0.0006059187242655195,-0.027180555886681113,0
2026-06-17,1.1396311694825827,1.1560952113321823,1.1703534125670876,1.170587483249601,0.0,0.0006792218821165541,-0.0006792218821165541,-0.027180555886681113,0
2026-06-18,1.1396311694825827,1.1560952113321823,1.1708353488614553,1.1710695159312277,0.0,0.00041178697749999493,-0.00041178697749999493,-0.027180555886681113,0
2026-06-22,1.1396311694825827,1.1560952113321823,1.1707207824732069,1.1709549266297015,0.0,-9.785012756902134e-05,9.785012756902134e-05,-0.027180555886681113,0
2026-06-23,1.1396311694825827,1.1560952113321823,1.170435786747068,1.1706698739044175,0.0,-0.00024343612106791923,0.00024343612106791923,-0.027180555886681113,0
2026-06-24,1.1396311694825827,1.1560952113321823,1.1701924515257467,1.170426490016052,0.0,-0.00020790138517345902,0.00020790138517345902,-0.027180555886681113,0
2026-06-25,1.1396311694825827,1.1560952113321823,1.1706081097442682,1.170842231366217,0.0,0.00035520500750063633,-0.00035520500750063633,-0.027180555886681113,0
2026-06-26,1.1396311694825827,1.1560952113321823,1.171051226022783,1.1712854362679874,0.0,0.00037853511762486747,-0.00037853511762486747,-0.027180555886681113,0
2026-06-29,1.1396311694825827,1.1560952113321823,1.1721997303942326,1.1724341703403114,0.0,0.0009807464830982049,-0.0009807464830982049,-0.027180555886681113,0
2026-06-30,1.1396311694825827,1.1560952113321823,1.1721287181701117,1.1723631439137456,0.0,-6.0580310914382096e-05,6.0580310914382096e-05,-0.027180555886681113,0
2026-07-01,1.1396311694825827,1.1560952113321823,1.1707491873628553,1.1709833372003278,0.0,-0.0011769448063776444,0.0011769448063776444,-0.027180555886681113,0
2026-07-02,1.1396311694825827,1.1560952113321823,1.1705550872835913,1.1707891983010479,0.0,-0.00016579134229532944,0.00016579134229532944,-0.027180555886681113,0
2026-07-03,1.1396311694825827,1.1560952113321823,1.170647876589776,1.170882006165094,0.0,7.926949119507753e-05,-7.926949119507753e-05,-0.027180555886681113,0
2026-07-06,1.1396311694825827,1.1560952113321823,1.1711525367958622,1.1713867673032212,0.0,0.0004310947947525623,-0.0004310947947525623,-0.027180555886681113,0
2026-07-07,1.1396311694825827,1.1560952113321823,1.1714148086102822,1.1716490915720044,0.0,0.00022394334314257414,-0.00022394334314257414,-0.027180555886681113,0
2026-07-08,1.1396311694825827,1.1560952113321823,1.1713759885944293,1.1716102637921482,0.0,-3.313942727001251e-05,3.313942727001251e-05,-0.027180555886681113,0
2026-07-09,1.1396311694825827,1.1560952113321823,1.171981959573595,1.1722163559655097,0.0,0.0005173155204358793,-0.0005173155204358793,-0.027180555886681113,0
2026-07-10,1.1396311694825827,1.1560952113321823,1.1717746038791619,1.1720089587999376,0.0,-0.00017692737737062814,0.00017692737737062814,-0.027180555886681113,0
2026-07-13,1.1396311694825827,1.1560952113321823,1.171839935125353,1.1720743031123781,0.0,5.5754106613070675e-05,-5.5754106613070675e-05,-0.027180555886681113,0
2026-07-14,1.1396311694825827,1.1560952113321823,1.1714271173957966,1.1716614028192758,0.0,-0.0003522816702028475,0.0003522816702028475,-0.027180555886681113,0
2026-07-15,1.1396311694825827,1.1560952113321823,1.1719118941791289,1.1721462765579647,0.0,0.00041383435310082817,-0.00041383435310082817,-0.027180555886681113,0
2026-07-16,1.1396311694825827,1.1560952113321823,1.1717897531536408,1.1720241111042715,0.0,-0.00010422372713747574,0.00010422372713747574,-0.027180555886681113,0
2026-07-17,1.1396311694825827,1.1560952113321823,1.1716761335950474,1.1719104688217663,0.0,-9.696241009748974e-05,9.696241009748974e-05,-0.027180555886681113,0
2026-07-20,1.1396311694825827,1.1560952113321823,1.171871180503966,1.172105554740067,0.0,0.00016646827849964296,-0.00016646827849964296,-0.027180555886681113,0
2026-07-21,1.1396311694825827,1.1560952113321823,1.1717054853143507,1.1719398264114136,0.0,-0.00014139368931676,0.00014139368931676,-0.027180555886681113,0
2026-07-22,1.1396311694825827,1.1560952113321823,1.17259171787138,1.1728262362149544,0.0,0.0007563611915597512,-0.0007563611915597512,-0.027180555886681113,0
2026-07-23,1.1396311694825827,1.1560952113321823,1.1732071571470952,1.1734417985785246,0.0,0.0005248538483901832,-0.0005248538483901832,-0.027180555886681113,0
2026-07-24,1.1396311694825827,1.1560952113321823,1.172892809701653,1.1731273882635933,0.0,-0.0002679385678199253,0.0002679385678199253,-0.027180555886681113,0
2026-07-27,1.1396311694825827,1.1560952113321823,1.1732194659326096,1.173454109825796,0.0,0.00027850476041346717,-0.00027850476041346717,-0.027180555886681113,0
2026-07-28,1.1396311694825827,1.1560952113321823,1.1730717605064378,1.173306374858539,0.0,-0.00012589752425762324,0.00012589752425762324,-0.027180555886681113,0
2026-07-29,1.1396311694825827,1.1560952113321823,1.1730840692919522,1.1733186861058105,0.0,1.0492781369997317e-05,-1.0492781369997317e-05,-0.027180555886681113,0
2026-07-30,1.1396311694825827,1.1560952113321823,1.1736767846559484,1.1739115200128796,0.0,0.000505262478207591,-0.000505262478207591,-0.027180555886681113,0
2026-07-31,1.1396311694825827,1.1560952113321823,1.1744626532695535,1.1746975458002074,0.0,0.0006695783914951736,-0.0006695783914951736,-0.027180555886681113,0
2026-08-03,1.1396311694825827,1.1560952113321823,1.1750799862045784,1.1753150022018193,0.0,0.0005256301111886685,-0.0005256301111886685,-0.027180555886681113,0
2026-08-04,1.1396311694825827,1.1560952113321823,1.174943642734266,1.175178631462813,0.0,-0.00011602909751928792,0.00011602909751928792,-0.027180555886681113,0
2026-08-05,1.1396311694825827,1.1560952113321823,1.1753763438865765,1.1756114191553537,0.0,0.0003682739635948451,-0.0003682739635948451,-0.027180555886681113,0
2026-08-06,1.1396311694825827,1.1560952113321823,1.1751424769618048,1.175377505457197,0.0,-0.00019897195139928492,0.00019897195139928492,-0.027180555886681113,0
2026-08-07,1.1396311694825827,1.1560952113321823,1.175208755037651,1.1754437967886586,0.0,5.640003416229611e-05,-5.640003416229611e-05,-0.027180555886681113,0
2026-08-10,1.1396311694825827,1.1560952113321823,1.1757096279251174,1.1759447698507024,0.0,0.00042619907766949794,-0.00042619907766949794,-0.027180555886681113,0
2026-08-11,1.1396311694825827,1.1560952113321823,1.1758365030988802,1.1760716703995,0.0,0.00010791369803331285,-0.00010791369803331285,-0.027180555886681113,0
2026-08-12,1.1396311694825827,1.1560952113321823,1.1753649819307173,1.1756000549271033,0.0,-0.0004010091257757864,0.0004010091257757864,-0.027180555886681113,0
2026-08-13,1.1396311694825827,1.1560952113321823,1.1760732105126166,1.1763084251547191,0.0,0.0006025605601553963,-0.0006025605601553963,-0.027180555886681113,0
2026-08-14,1.1396311694825827,1.1560952113321823,1.1767587151827978,1.1769940669258343,0.0,0.0005828758482495644,-0.0005828758482495644,-0.027180555886681113,0
2026-08-17,1.1396311694825827,1.1560952113321823,1.1774442198529786,1.1776797086969493,0.0,0.0005825363019080765,-0.0005825363019080765,-0.027180555886681113,0
2026-08-18,1.1396311694825827,1.1560952113321823,1.177791706336344,1.178027264677611,0.0,0.0002951192740228148,-0.0002951192740228148,-0.027180555886681113,0
2026-08-19,1.1396311694825827,1.1560952113321823,1.177927102977001,1.1781626883975964,0.0,0.00011495805236938494,-0.00011495805236938494,-0.027180555886681113,0
2026-08-20,1.1396311694825827,1.1560952113321823,1.1773798354364422,1.1776153114035295,0.0,-0.00046460221449673433,0.00046460221449673433,-0.027180555886681113,0
2026-08-21,1.1396311694825827,1.1560952113321823,1.1771014675178881,1.1773368878113917,0.0,-0.0002364300034498612,0.0002364300034498612,-0.027180555886681113,0
2026-08-24,1.1396311694825827,1.1560952113321823,1.1778608249011548,1.1780963970661351,0.0,0.0006451078383820086,-0.0006451078383820086,-0.027180555886681113,0
2026-08-25,1.1396311694825827,1.1560952113321823,1.177646841399137,1.1778823707674169,0.0,-0.00018167129553336991,0.00018167129553336991,-0.027180555886681113,0
2026-08-26,1.1396311694825827,1.1560952113321823,1.1770115187006682,1.1772469210044083,0.0,-0.0005394849084925379,0.0005394849084925379,-0.027180555886681113,0
2026-08-27,1.1396311694825827,1.1560952113321823,1.1759908363326363,1.176226034499903,0.0,-0.0008671812907647958,0.0008671812907647958,-0.027180555886681113,0
2026-08-28,1.1396311694825827,1.1560952113321823,1.1761707339670762,1.1764059681138697,0.0,0.00015297537096525815,-0.00015297537096525815,-0.027180555886681113,0
2026-08-31,1.1396311694825827,1.1560952113321823,1.17645478286356,1.1766900738201327,0.0,0.00024150311539017366,-0.00024150311539017366,-0.027180555886681113,0
2026-09-01,1.1396311694825827,1.1560952113321823,1.1770276148048024,1.1772630203277634,0.0,0.0004869136915301997,-0.0004869136915301997,-0.027180555886681113,0
2026-09-02,1.1396311694825827,1.1560952113321823,1.1768297274069186,1.1770650933524,0.0,-0.00016812468577187545,0.00016812468577187545,-0.027180555886681113,0
2026-09-03,1.1396311694825827,1.1560952113321823,1.1775332218405437,1.1777687284849117,0.0,0.0005977877829235201,-0.0005977877829235201,-0.027180555886681113,0
2026-09-04,1.1396311694825827,1.1560952113321823,1.1774262300895348,1.1776617153355526,0.0,-9.086091927124063e-05,9.086091927124063e-05,-0.027180555886681113,0
2026-09-07,1.1396311694825827,1.1560952113321823,1.1776203301687986,1.1778558542348323,0.0,0.00016485115950670703,-0.00016485115950670703,-0.027180555886681113,0
2026-09-08,1.1396311694825827,1.1560952113321823,1.177330600294385,1.1775660664144438,0.0,-0.0002460299529407628,0.0002460299529407628,-0.027180555886681113,0
2026-09-09,1.1396311694825827,1.1560952113321823,1.1774783057205567,1.1777138013817008,0.0,0.00012545790123397182,-0.00012545790123397182,-0.027180555886681113,0
2026-09-10,1.1396311694825827,1.1560952113321823,1.1774158149633303,1.177651298126323,0.0,-5.307168456758493e-05,5.307168456758493e-05,-0.027180555886681113,0
2026-09-11,1.1396311694825827,1.1560952113321823,1.176842036192433,1.1770774045996715,0.0,-0.0004873204212184623,0.0004873204212184623,-0.027180555886681113,0
2026-09-14,1.1396311694825827,1.1560952113321823,1.1769547089213714,1.1771900998631557,0.0,9.574159103209468e-05,-9.574159103209468e-05,-0.027180555886681113,0
2026-09-15,1.1396311694825827,1.1560952113321823,1.1773211319978358,1.1775565962242354,0.0,0.0003113315012777118,-0.0003113315012777118,-0.027180555886681113,0
2026-09-16,1.1396311694825827,1.1560952113321823,1.1776203301687986,1.1778558542348323,0.0,0.00025413471552582223,-0.00025413471552582223,-0.027180555886681113,0
