date,equity,equity_gross,benchmark_equity,benchmark_equity_gross,daily_return,benchmark_return,excess_return,drawdown,position
2011-06-27,1.0,1.0,0.9998000399920016,1.0,0.0,0.0,0.0,0.0,0
2011-06-28,1.0,1.0,0.9998218170740656,1.0000217814374803,0.0,2.1781437480328236e-05,-2.1781437480328236e-05,0.0,0
2011-06-29,1.0,1.0,0.9997659541244236,0.9999659073152485,0.0,-5.587290523978439e-05,5.587290523978439e-05,0.0,0
2011-06-30,1.0,1.0,0.9993294656534935,0.9995293315466242,0.0,-0.0004365906531718089,0.0004365906531718089,0.0,0
2011-07-01,1.0,1.0,1.0009239267924226,1.0011241115777811,0.0,0.0015955309972637277,-0.0015955309972637277,0.0,0
2011-07-04,1.0,1.0,1.000604845198706,1.0008049661677456,0.0,-0.00031878705781285266,0.00031878705781285266,0.0,0
2011-07-05,1.0,1.0,1.0009532785117259,1.0011534691674282,0.0,0.00034822269219647595,-0.00034822269219647595,0.0,0
2011-07-06,1.0,1.0,1.0008027325965894,1.0010028931431088,0.0,-0.00015040253962739225,0.00015040253962739225,0.0,0
2011-07-07,1.0,1.0,1.000336892406356,1.0005369597848373,0.0,-0.0004654665450649631,0.0004654665450649631,0.0,0
2011-07-08,1.0,1.0,1.000672070104207,1.0008722045182277,0.0,0.00033506481705836144,-0.00033506481705836144,0.0,0
2011-07-11,1.0,1.0,0.9997252404492609,0.9999251854973508,0.0,-0.0009461937464162462,0.0009461937464162462,0.0,0
2011-07-12,1.0,1.0,1.0005082685739013,1.000708370227616,0.0,0.0007832433282253248,-0.0007832433282253248,0.0,0
2011-07-13,1.0,1.0,0.9994468725307067,0.9996467619052128,0.0,-0.0010608568429998355,0.0010608568429998355,0.0,0
2011-07-14,1.0,1.0,0.9981317261399868,0.9983313524852148,0.0,-0.001315874236906489,0.001315874236906489,0.0,0
2011-07-15,1.0,1.0,0.9973041970215639,0.9975036578609682,0.0,-0.0008290780632964623,0.0008290780632964623,0.0,0
2011-07-18,1.0,1.0,0.9955213167813005,0.9957204210446567,0.0,-0.0017876995259700212,0.0017876995259700212,0.0,0
2011-07-19,1.0,1.0,0.9906773362665965,0.9908754717338498,0.0,-0.004865772769553023,0.004865772769553023,0.0,0
2011-07-20,1.0,1.0,0.986457316494502,0.9866546079578008,0.0,-0.0042597318194416145,0.0042597318194416145,0.0,0
2011-07-21,1.0,1.0,0.9846895855287177,0.9848865234458234,0.0,-0.0017919994471389256,0.0017919994471389256,0.0,0
2011-07-22,1.0,1.0,0.9856780756884813,0.985875211303619,0.0,0.0010038596673416222,-0.0010038596673416222,0.0,0
2011-07-25,1.0,1.0,0.9868076434668321,0.9870050049955255,0.0,0.0011459804232347715,-0.0011459804232347715,0.0,0
2011-07-26,1.0,1.0,0.9861003617145873,0.9862975817869302,0.0,-0.000716737204993767,0.000716737204993767,0.0,0
2011-07-27,1.0,1.0,0.9861524373456093,0.9863496678330784,0.0,5.280966628129491e-05,-5.280966628129491e-05,0.0,0
2011-07-28,1.0,1.0,0.9862859403269567,0.9864831975150221,0.0,0.00013537763158266714,-0.00013537763158266714,0.0,0
2011-07-29,1.0,1.0,0.9869600830412782,0.9871574750578865,0.0,0.0006835165003955535,-0.0006835165003955535,0.0,0
2011-08-01,1.0,1.0,0.9878216980272794,0.9880192623668848,0.0,0.0008729988180942172,-0.0008729988180942172,0.0,0
2011-08-02,1.0,1.0,0.9875575325535493,0.98775504406006,0.0,-0.0002674222223075784,0.0002674222223075784,0.0,0
2011-08-03,1.0,1.0,0.9841337965212643,0.9843306232805685,0.0,-0.0034668724802615625,0.0034668724802615625,0.0,0
2011-08-04,1.0,1.0,0.9853286955458064,0.9855257612849155,0.0,0.0012141631846867007,-0.0012141631846867007,0.0,0
2011-08-05,1.0,1.0,0.9887893579346341,0.988987115806221,0.0,0.0035121908094950527,-0.0035121908094950527,0.0,0
2011-08-08,1.0,1.0,0.9905230030328404,0.9907211076334469,0.0,0.0017533007250680743,-0.0017533007250680743,0.0,0
2011-08-09,1.0,1.0,0.9928351610502186,0.9930337280824286,0.0,0.0023342799816852278,-0.0023342799816852278,0.0,0
2011-08-10,1.0,1.0,0.9930557723598209,0.9932543835142928,0.0,0.0002222033608971774,-0.0002222033608971774,0.0,0
2011-08-11,1.0,1.0,0.995722044668149,0.9959211890770826,0.0,0.002684916983053398,-0.002684916983053398,0.0,0
2011-08-12,1.0,1.0,0.9954521982164894,0.9956512886561327,0.0,-0.00027100580237671146,0.00027100580237671146,0.0,0
2011-08-15,1.0,1.0,0.995757077365382,0.9959562287808551,0.0,0.00030627201330091225,-0.00030627201330091225,0.0,0
2011-08-16,1.0,1.0,0.9939741971251187,0.9941729919645437,0.0,-0.0017904770960609495,0.0017904770960609495,0.0,0
2011-08-17,1.0,1.0,0.9946597017952995,0.9948586337356585,0.0,0.0006896604279702512,-0.0006896604279702512,0.0,0
2011-08-18,1.0,1.0,0.9937270745851777,0.9939258200000948,0.0,-0.0009376344577330942,0.0009376344577330942,0.0,0
2011-08-19,1.0,1.0,0.9961320219087406,0.9963312483131224,0.0,0.002420128609826655,-0.002420128609826655,0.0,0
2011-08-22,1.0,1.0,0.9956112655985204,0.9958103878516401,0.0,-0.0005227784056397455,0.0005227784056397455,0.0,0
2011-08-23,1.0,1.0,0.9947562784201041,0.9949552296757881,0.0,-0.0008587560305500785,0.0008587560305500785,0.0,0
2011-08-24,1.0,1.0,0.9942251069836794,0.994423952005076,0.0,-0.0005339714339559487,0.0005339714339559487,0.0,0
2011-08-25,1.0,1.0,0.9922405520269124,0.9924390001373178,0.0,-0.001996082117447062,0.001996082117447062,0.0,0
2011-08-26,0.9998000399920016,1.0,0.9916431025146415,0.9918414311351444,-0.00019996000799837876,-0.0006021216438397703,0.00040216163584139153,-0.00019996000799837876,1
2011-08-29,0.9937544443790913,0.993953195267967,0.9856468303098681,0.9858439596759301,-0.0060468047320328955,-0.0060468047320330065,1.1102230246251565e-16,-0.0062455556209086716,1
2011-08-30,0.9904170999510581,0.9906151833710483,0.9823367138361768,0.9825331811789441,-0.003358318996116272,-0.003358318996116161,-1.1102230246251565e-16,-0.009582900048941911,1
2011-08-31,0.9912724376534372,0.9914706921409678,0.9831850732070084,0.9833817102216498,0.0008636136254325244,0.0008636136254325244,0.0,-0.0087275623465628,1
2011-09-01,0.99304039013648,0.9932389982145073,0.9849386017279685,0.9851355894483141,0.0017835182497638602,0.0017835182497638602,0.0,-0.0069596098635199555,1
2011-09-02,0.9933410947974728,0.9935397630164321,0.9852368530692764,0.9854339004398903,0.00030281211517624307,0.00030281211517624307,0.0,-0.00665890520252721,1
2011-09-05,0.9944866363631593,0.9946855336904318,0.9863730486552118,0.9865703232649429,0.001153220753360662,0.001153220753360884,-2.220446049250313e-16,-0.00551336363684074,1
2011-09-06,0.9966555283941922,0.996854859499871,0.9885242456312492,0.9887219504803754,0.0021809162151888994,0.0021809162151888994,0.0,-0.003344471605807753,1
2011-09-07,0.9946565583620693,0.9948554896737417,0.9865415843337921,0.9867388926506588,-0.002005677965127628,-0.002005677965127628,0.0,-0.005343441637930657,1
2011-09-08,0.993897637074802,0.994096416602217,0.9857888547581101,0.9859860125290617,-0.0007629983242829486,-0.0007629983242828375,-1.1102230246251565e-16,-0.006102362925197946,1
2011-09-09,0.9958660593318399,0.9960652325437063,0.9877412175066088,0.9879387657501101,0.001980508035848816,0.001980508035849038,-2.220446049250313e-16,-0.004133940668160085,1
2011-09-13,0.997010646279555,0.9972100484088109,0.988876466262889,0.9890742415561417,0.001149338243822795,0.001149338243822573,2.220446049250313e-16,-0.002989353720444954,1
2011-09-14,0.9966240260011359,0.996823350806336,0.988493000252636,0.9886906988526865,-0.00038777948847579236,-0.00038777948847568133,-1.1102230246251565e-16,-0.0033759739988641346,1
2011-09-15,0.9951959175159134,0.9953949566994165,0.9870765430888366,0.9872739583974544,-0.0014329460739097577,-0.0014329460739097577,0.0,-0.0048040824840865914,1
2011-09-16,0.9937601720869198,0.9939589241213371,0.9856525112877979,0.9858496417900554,-0.0014426761642846175,-0.0014426761642847286,1.1102230246251565e-16,-0.006239827913080198,1
2011-09-19,0.993299091606731,0.9934977514250523,0.985195192564459,0.9853922316029718,-0.00046397560813948857,-0.00046397560813937755,-1.1102230246251565e-16,-0.006700908393268978,1
2011-09-20,0.9929878861480528,0.9931864837252824,0.9848865260969465,0.9850835034021659,-0.0003133048860186616,-0.00031330488601855055,-1.1102230246251565e-16,-0.0070121138519472215,1
2011-09-21,0.9935759308184385,0.9937746460046021,0.9854697731643933,0.9856668671190262,0.0005921972247484586,0.0005921972247484586,0.0,-0.006424069181561465,1
2011-09-22,0.9944284046669035,0.9946272903478368,0.98631529204626,0.9865125551046693,0.0008579856073633874,0.0008579856073633874,0.0,-0.00557159533309648,1
2011-09-23,1.0008501197605475,1.0010502897844995,0.9926846151350822,0.9928831520581092,0.00645769475560698,0.006457694755607202,-2.220446049250313e-16,0.0,1
2011-09-26,1.006429861803412,1.0066311477757726,0.9982188344682417,0.9984184782351353,0.005575002622969505,0.005575002622969505,0.0,0.0,1
2011-09-27,1.0050905327895303,1.005291550896088,0.9968904324623525,0.9970898105488449,-0.0013307723316970943,-0.0013307723316969833,-1.1102230246251565e-16,-0.0013307723316970943,1
2011-09-28,1.0042380589410653,1.0044389065528534,0.9960449135804856,0.9962441225632017,-0.00084815628110535,-0.000848156281105461,1.1102230246251565e-16,-0.002177799909890532,1
2011-09-29,1.006531051308381,1.0067323575186427,0.9983191984116662,0.9985188622513484,0.002283315541469877,0.002283315541470099,-2.220446049250313e-16,0.0,1
2011-09-30,1.0083075953531664,1.008509256872237,1.0000812483995207,1.0002812646492005,0.001765016630610683,0.001765016630610683,0.0,0.0,1
2011-10-08,1.009361493593598,1.0095633658923167,1.001126548338581,1.0013267736482487,0.001045215017013268,0.0010452150170128238,4.440892098500626e-16,0.0,1
2011-10-09,1.013174237771391,1.0133768726189452,1.0049081859804354,1.0051091676176316,0.003777382238169924,0.003777382238169924,0.0,0.0,1
2011-10-10,1.0146262117058986,1.0148291369482398,1.0063483138856086,1.0065495835483858,0.001433094013228553,0.001433094013228775,-2.220446049250313e-16,0.0,1
2011-10-11,1.015726886226929,1.0159300316041744,1.0074400084777613,1.0076414964794569,0.0010848078911542824,0.0010848078911540604,2.220446049250313e-16,0.0,1
2011-10-12,1.0150939745118872,1.0152969933067895,1.006812260416532,1.0070136228686153,-0.0006231121019085739,-0.0006231121019085739,0.0,-0.0006231121019085739,1
2011-10-13,1.0136057250944661,1.013808446239485,1.0053361529844713,1.005537220215068,-0.0014661198418961519,-0.0014661198418958188,-3.3306690738754696e-16,-0.002088318386788357,1
2011-10-14,1.0152696242186259,1.0154726781434695,1.0069864770730421,1.0071878743684568,0.0016415644495344495,0.0016415644495342274,2.220446049250313e-16,-0.00045018204647684357,1
2011-10-17,1.0144543804710457,1.0146572713471398,1.0061778845477183,1.0063791201246277,-0.0008029825064524987,-0.0008029825064524987,0.0,-0.0012528030646212773,1
2011-10-18,1.0180551994591869,1.0182588104990786,1.0097493260061747,1.009951275871376,0.003549512977083502,0.003549512977083502,0.0,0.0,1
2011-10-19,1.018879989386481,1.0190837653843583,1.0105673868280483,1.0107695003054138,0.0008101622856326873,0.0008101622856329094,-2.220446049250313e-16,0.0,1
2011-10-20,1.0196179090783775,1.0198218326601929,1.0112992861513215,1.0115015460085517,0.0007242459363057119,0.0007242459363057119,0.0,0.0,1
2011-10-21,1.0188599424090816,1.0190637143975634,1.0105475034052942,1.0107496129059752,-0.0007433830482449499,-0.000743383048245061,1.1102230246251565e-16,-0.0007433830482449499,1
2011-10-24,1.0181592528180698,1.0183628846686335,1.009852530438564,1.0100545009446515,-0.0006877192456452574,-0.0006877192456449244,-3.3306690738754696e-16,-0.0014305910550610479,1
2011-10-25,1.0159779507534086,1.0161811463435593,1.007689024677012,1.0078905624819474,-0.002142397722776468,-0.00214239772277669,2.220446049250313e-16,-0.0035699238828189594,1
2011-10-26,1.0154309546557934,1.0156340408467246,1.007146491284728,1.007347920582985,-0.0005383936700689151,-0.0005383936700688041,-1.1102230246251565e-16,-0.004106395528466811,1
2011-10-27,1.0147608128398669,1.0149637650024348,1.006481816866956,1.0066831132303293,-0.0006599580334377686,-0.0006599580334377686,0.0,-0.0047636435131871435,1
2011-10-28,1.0150242873999746,1.0152272922574546,1.006743141851721,1.0069444904800913,0.00025964203265838037,0.00025964203265838037,0.0,-0.004505238322613403,1
2011-10-31,1.015778435597385,1.0159815912845043,1.0074911372791284,1.0076926355065843,0.0007429853716525159,0.0007429853716527379,-2.220446049250313e-16,-0.0037656002771303543,1
2011-11-01,1.0186289248600013,1.0188326506449734,1.0103183706287973,1.010520434302923,0.002806211633091138,0.002806211633091138,0.0,-0.0009699557153425298,1
2011-11-02,1.0200484417834812,1.0202524514718379,1.011726306325702,1.0119286515869672,0.001393556464808876,0.001393556464808654,2.220446049250313e-16,0.0,1
2011-11-03,1.0201133558055369,1.020317378476698,1.0117906907422383,1.0119930488803868,6.363817579302378e-05,6.363817579280173e-05,2.220446049250313e-16,0.0,1
2011-11-04,1.0204398351517574,1.0206439231187876,1.0121145064842298,1.0123169293855268,0.00032004222311421415,0.0003200422231144362,-2.220446049250313e-16,0.0,1
2011-11-07,1.0202909147482182,1.0204949729311676,1.0119668010580583,1.0121691944182698,-0.00014593746579583122,-0.00014593746579594224,1.1102230246251565e-16,-0.00014593746579583122,1
2011-11-08,1.021802074996953,1.0220064354119522,1.013465632401838,1.0136683255283183,0.0014811072282336912,0.0014811072282339133,-2.220446049250313e-16,0.0,1
2011-11-09,1.0248511247976217,1.025056095022581,1.0164898063197358,1.0166931042809997,0.0029839925708488035,0.0029839925708488035,0.0,0.0,1
2011-11-10,1.0320069411112764,1.0322133424994988,1.0235872414132112,1.0237919588614939,0.006982298346081883,0.006982298346081883,0.0,0.0,1
2011-11-11,1.030948269780988,1.031154459434944,1.022537207325876,1.0227417147673412,-0.0010258374126326242,-0.0010258374126327352,1.1102230246251565e-16,-0.0010258374126326242,1
2011-11-14,1.0306857498388515,1.030891886988819,1.022276829170766,1.0224812845366,-0.000254639296491721,-0.000254639296491721,0.0,-0.001280215490607306,1
2011-11-15,1.0274648688033297,1.0276703617770901,1.0190822259149779,1.0192860423601608,-0.0031249884225384994,-0.0031249884225386104,1.1102230246251565e-16,-0.004401203254559394,1
2011-11-16,1.0279774986539745,1.0281830941537051,1.0195906734396838,1.0197945915743718,0.0004989268890933651,0.0004989268890931431,2.220446049250313e-16,-0.0039044722441139434,1
2011-11-17,1.026615258808779,1.0268205818605405,1.0182395475220758,1.0184431954315802,-0.0013251650420162964,-0.0013251650420161853,-1.1102230246251565e-16,-0.005224463216004893,1
2011-11-18,1.0266028487751506,1.0268081693449056,1.0182272387365616,1.0184308841843088,-1.2088300385015849e-05,-1.2088300384793804e-05,-2.220446049250313e-16,-0.0052364883615091395,1
2011-11-21,1.0251642394922427,1.025369272340141,1.016800366446558,1.0170037265198473,-0.001401329915092675,-0.001401329915092675,0.0,-0.006630480228810742,1
2011-11-22,1.0256720962530304,1.025877230672281,1.017304079822989,1.0175075406389538,0.0004953906322748836,0.0004953906322748836,0.0,-0.006138374274328728,1
2011-11-23,1.028725919143556,1.0289316643273847,1.0203329878891616,1.0205370544867394,0.0029773871217535497,0.0029773871217537717,-2.220446049250313e-16,-0.003179263469088034,1
2011-11-24,1.0287087360200708,1.028914477767275,1.0203159449553727,1.0205200081443637,-1.670330567693501e-05,-1.6703305676823987e-05,-1.1102230246251565e-16,-0.0031959136705553837,1
2011-11-25,1.0280481403838584,1.028253750011935,1.0196607388341499,1.0198646709819166,-0.0006421600333328392,-0.0006421600333330613,2.220446049250313e-16,-0.0038360214158590367,1
2011-11-28,1.0281292829114277,1.02833490876801,1.0197412193548203,1.0199451675986912,7.892872364800851e-05,7.892872364823056e-05,-2.220446049250313e-16,-0.0037573954644851693,1
2011-11-29,1.0274715511291295,1.0276770454393551,1.0190888537225624,1.0192926714933068,-0.0006397364545785988,-0.0006397364545788209,2.220446049250313e-16,-0.004394728176210894,1
2011-11-30,1.028259110955539,1.02846476277773,1.019869988187893,1.0200739621855306,0.0007665028054004708,0.0007665028054002487,2.220446049250313e-16,-0.003631593942286626,1
2011-12-01,1.0366530667781066,1.036860397391462,1.0281954613438338,1.0284011004361024,0.00816326909543963,0.008163269095439851,-2.220446049250313e-16,0.0,1
2011-12-02,1.0386243528890586,1.0388320777596363,1.030150664581297,1.0303566947142133,0.0019015871115672933,0.0019015871115670713,2.220446049250313e-16,0.0,1
2011-12-05,1.0403474383274454,1.0405555078151107,1.0318596921084746,1.0320660640468964,0.001659007352941222,0.001659007352941222,0.0,0.0,1
2011-12-06,1.0398854032292852,1.040093380309931,1.031401426555481,1.031607706840792,-0.0004441161492192425,-0.00044411614921913145,-1.1102230246251565e-16,-0.0004441161492192425,1
2011-12-07,1.0386491729563152,1.0388569027909063,1.0301752821523258,1.0303813172087561,-0.0011888139492399752,-0.0011888139492399752,0.0,-0.00163240212698601,1
2011-12-08,1.0383818799243216,1.0385895563003065,1.029910169848941,1.0301161518829107,-0.0002573467913451477,-0.00025734679134492566,-2.220446049250313e-16,-0.0018893288248815754,1
2011-12-09,1.0388305503708821,1.0390383164809562,1.0303551797867656,1.0305612508227229,0.00043208616717493875,0.00043208616717493875,0.0,-0.0014580590105570668,1
2011-12-12,1.0383465590593797,1.0385542283711915,1.0298751371517079,1.0300811121791382,-0.0004659001521756245,-0.00046590015217573555,1.1102230246251565e-16,-0.0019232798528177053,1
2011-12-13,1.0378873878151338,1.0380949652926967,1.029419712087679,1.0296255960300964,-0.00044221386418596964,-0.00044221386418596964,0.0,-0.0023646432159880604,1
2011-12-14,1.038248233408325,1.0384558830550064,1.0297776136972483,1.0299835692199877,0.0003476731651501641,0.0003476731651501641,0.0,-0.002017792173829247,1
2011-12-15,1.0381021768586998,1.0383097972940716,1.0296327487600416,1.0298386753097937,-0.0001406759433104643,-0.00014067594331024225,-2.220446049250313e-16,-0.0021581842623222824,1
2011-12-16,1.0387513170792555,1.0389590673426712,1.030276592925405,1.03048264824399,0.0006253143814032303,0.0006253143814032303,0.0,-0.0015342194245759888,1
2011-12-19,1.0393708641426977,1.0395787383155262,1.030891085371465,1.0310972635885394,0.0005964344432161095,0.0005964344432161095,0.0,-0.0009387000426680503,1
2011-12-20,1.0392572646041003,1.039465116057021,1.0307784126425261,1.0309845683250547,-0.00010929644318169451,-0.00010929644318180554,1.1102230246251565e-16,-0.0010478938892738432,1
2011-12-21,1.0389804253923929,1.0391882214774713,1.030503832042592,1.0307099328090006,-0.00026638179124283123,-0.0002663817912427202,-1.1102230246251565e-16,-0.0013139965406655518,1
2011-12-22,1.038182364768298,1.0383900012412515,1.0297122824510572,1.0299182249075474,-0.0007681190180205411,-0.0007681190180205411,0.0,-0.0020811062529535462,1
2011-12-23,1.0382339141387538,1.0384415609215816,1.0297634112524243,1.0299693639346748,4.965348305385753e-05,4.965348305407957e-05,-2.220446049250313e-16,-0.002031556104073684,1
2011-12-26,1.0389651515048504,1.0391729445351512,1.0304886827681128,1.0306947805046665,0.0007043088808200704,0.0007043088808198483,2.220446049250313e-16,-0.001328678066259581,1
2011-12-27,1.0402920704851037,1.0405001288992006,1.0318047759884879,1.0320111369436855,0.0012771544631033915,0.0012771544631036136,-2.220446049250313e-16,-5.322053027845275e-05,1
2011-12-28,1.0398348084768005,1.040042775438496,1.0313512445837687,1.0315575148326854,-0.000439551565638685,-0.000439551565638574,-1.1102230246251565e-16,-0.0004927487027497346,1
2011-12-29,1.0408629320320042,1.0410711046184105,1.0323709801221457,1.03257745431817,0.000988737390614558,0.00098873739061478,-2.220446049250313e-16,0.0,1
2011-12-30,1.0418337785089236,1.0420421452646251,1.0333339058812259,1.033540572662402,0.0009327323003269772,0.0009327323003269772,0.0,0.0,1
2011-12-31,1.0434776306556837,1.0436863261818148,1.0349643465470428,1.0351713394163522,0.0015778449313792464,0.0015778449313792464,0.0,0.0,1
2012-01-04,1.0418204138573237,1.0420287779400952,1.0333206502660566,1.0335273143961097,-0.0015881670576096685,-0.0015881670576094464,-2.220446049250313e-16,-0.0015881670576096685,1
2012-01-05,1.0417325890039546,1.0419409355217553,1.0332335419378016,1.033440188646189,-8.429941686771691e-05,-8.429941686793896e-05,2.220446049250313e-16,-0.0016723325929205446,1
2012-01-06,1.043212246859633,1.043420889309005,1.0347011279029679,1.0349080681285485,0.0014203816519680057,0.0014203816519680057,0.0,-0.0002543262914834754,1
2012-01-09,1.044663266176169,1.044872198829404,1.0361403089784857,1.0363475370402815,0.001390914764377138,0.001390914764377138,0.0,0.0,1
2012-01-10,1.0449744716348472,1.0451834665291742,1.0364489754459982,1.0366562652410873,0.00029790026006892845,0.00029790026006892845,0.0,0.0,1
2012-01-11,1.0434289451391419,1.0436376309281696,1.0349160582346404,1.0351230414462873,-0.0014790088539554658,-0.0014790088539555768,1.1102230246251565e-16,-0.0014790088539554658,1
2012-01-12,1.0439014810349876,1.0441102613311946,1.035384738913839,1.0355918158616217,0.00045286830315283133,0.0004528683031532754,-4.440892098500626e-16,-0.0010268103470326695,1
2012-01-13,1.0437697437549336,1.0439784977036846,1.0352540764214564,1.0354611272367407,-0.0001261970429655701,-0.00012619704296568113,1.1102230246251565e-16,-0.001152877809568742,1
2012-01-16,1.0431133635207595,1.0435306923319296,1.0348100133132867,1.0350169753159493,-0.0006288553946897091,-0.00042894118292646777,-0.0001999142117632413,-0.0017810082108284941,0
2012-01-17,1.0431133635207595,1.0435306923319296,1.0354065159959025,1.0356135972991016,0.0,0.0005764369062355446,-0.0005764369062355446,-0.0017810082108284941,0
2012-01-18,1.0431133635207595,1.0435306923319296,1.0355106672579468,1.0357177693913984,0.0,0.0001005897301544767,-0.0001005897301544767,-0.0017810082108284941,0
2012-01-19,1.0431133635207595,1.0435306923319296,1.0374564021988608,1.0376638934793005,0.0,0.0018790100405883248,-0.0018790100405883248,-0.0017810082108284941,0
2012-01-20,1.0431133635207595,1.0435306923319296,1.0372916538389,1.037499112169668,0.0,-0.00015880027306358624,0.00015880027306358624,-0.0017810082108284941,0
2012-01-21,1.0431133635207595,1.0435306923319296,1.0377234081615556,1.037930952843188,0.0,0.0004162323306637905,-0.0004162323306637905,-0.0017810082108284941,0
2012-01-29,1.0431133635207595,1.0435306923319296,1.0377754837925777,1.037983038889336,0.0,5.0182573325896485e-05,-5.0182573325896485e-05,-0.0017810082108284941,0
2012-01-30,1.0431133635207595,1.0435306923319296,1.0368049833962578,1.037012344392937,0.0,-0.0009351737552838468,0.0009351737552838468,-0.0017810082108284941,0
2012-01-31,1.0431133635207595,1.0435306923319296,1.0365644886639018,1.0367718015616345,0.0,-0.00023195753898497262,0.00023195753898497262,-0.0017810082108284941,0
2012-02-01,1.0431133635207595,1.0435306923319296,1.0346045512781634,1.034811472188419,0.0,-0.001890801206459125,0.001890801206459125,-0.0017810082108284941,0
2012-02-02,1.0431133635207595,1.0435306923319296,1.033119922379208,1.0333265463636838,0.0,-0.00143497232553369,0.00143497232553369,-0.0017810082108284941,0
2012-02-03,1.0431133635207595,1.0435306923319296,1.0329835789088957,1.0331901756246775,0.0,-0.00013197254970975791,0.00013197254970975791,-0.0017810082108284941,0
2012-02-06,1.0431133635207595,1.0435306923319296,1.0313474572651489,1.031553726756602,0.0,-0.0015838796251484988,0.0015838796251484988,-0.0017810082108284941,0
2012-02-07,1.0431133635207595,1.0435306923319296,1.030607983304636,1.0308141049012969,0.0,-0.0007169978994990833,0.0007169978994990833,-0.0017810082108284941,0
2012-02-08,1.0431133635207595,1.0435306923319296,1.0291044178125817,1.0293102386961441,0.0,-0.0014589111635183727,0.0014589111635183727,-0.0017810082108284941,0
2012-02-09,1.0431133635207595,1.0435306923319296,1.0268244520034717,1.0270298168938723,0.0,-0.0022154853964733157,0.0022154853964733157,-0.0017810082108284941,0
2012-02-10,1.0431133635207595,1.0435306923319296,1.0271539487233932,1.0273593795131377,0.0,0.00032088904707960886,-0.00032088904707960886,-0.0017810082108284941,0
2012-02-13,1.0431133635207595,1.0435306923319296,1.0274569342129756,1.0276624255998181,0.0,0.00029497573363657104,-0.00029497573363657104,-0.0017810082108284941,0
2012-02-14,1.0431133635207595,1.0435306923319296,1.0287162176540539,1.0289219608975846,0.0,0.001225631361418511,-0.001225631361418511,-0.0017810082108284941,0
2012-02-15,1.0431133635207595,1.0435306923319296,1.026466550393902,1.0266718437039808,0.0,-0.0021868686636262735,0.0021868686636262735,-0.0017810082108284941,0
2012-02-16,1.0431133635207595,1.0435306923319296,1.02632831326428,1.0265335789269328,0.0,-0.00013467280504086965,0.00013467280504086965,-0.0017810082108284941,0
2012-02-17,1.0431133635207595,1.0435306923319296,1.0259098145567938,1.0261149965197052,0.0,-0.00040776299560052465,0.00040776299560052465,-0.0017810082108284941,0
2012-02-20,1.0431133635207595,1.0435306923319296,1.0276320976991407,1.0278376241186804,0.0,0.0016787861056684061,-0.0016787861056684061,-0.0017810082108284941,0
2012-02-21,1.0429047825642466,1.0435306923319296,1.0281253959493677,1.0283310210285574,-0.00019996000799837876,0.0004800339064257031,-0.0006799939144240819,-0.001980612088410827,1
2012-02-22,1.0426012833951168,1.043227011014729,1.0278261977784047,1.0280317630179603,-0.00029101330649139445,-0.00029101330649139445,0.0,-0.0022710490104295156,1
2012-02-23,1.0423006655472131,1.0429262127480081,1.0275298400964066,1.0277353460644258,-0.0002883344310922187,-0.0002883344310922187,0.0,-0.0025587286198972548,1
2012-02-24,1.042216146791253,1.0428416432672685,1.0274465190867712,1.0276520083905885,-8.108865201172932e-05,-8.108865201184035e-05,1.1102230246251565e-16,-0.0026396097880543312,1
2012-02-27,1.040984862187379,1.0416096196955873,1.0262326834691304,1.0264379300058242,-0.0011814100248445092,-0.0011814100248446202,1.1102230246251565e-16,-0.0038179013514335614,1
2012-02-28,1.0406986509456047,1.0413232366812648,1.0259505282319565,1.0261557183376029,-0.0002749427510145841,-0.00027494275101436205,-2.220446049250313e-16,-0.004091794398147441,1
2012-02-29,1.041441071381482,1.0420661026882148,1.0266824275552298,1.0268877640407408,0.000713386565075913,0.000713386565075913,0.0,-0.0033813268642222116,1
2012-03-01,1.0409329984053124,1.0415577247869516,1.0261815546677633,1.0263867909786968,-0.00048785571275344886,-0.0004878557127535599,1.1102230246251565e-16,-0.0038675329773483202,1
2012-03-02,1.039787192997807,1.0404112317128362,1.0250519868894126,1.0252569972867904,-0.0011007484720541028,-0.0011007484720542138,1.1102230246251565e-16,-0.004964024268386935,1
2012-03-05,1.0391542627685144,1.039777921624117,1.0244280261468033,1.0246329117520325,-0.00060871131473339,-0.000608711314733168,-2.220446049250313e-16,-0.005569713925381525,1
2012-03-06,1.0404278067503687,1.0410522299361682,1.0256835222692617,1.0258886589737155,0.0012255581557845119,0.0012255581557845119,0.0,-0.00435098177792359,1
2012-03-07,1.0412316953723988,1.0418566010200194,1.0264760186904516,1.0266813138941897,0.0007726519964330603,0.0007726519964330603,0.0,-0.0035816915762477697,1
2012-03-08,1.0416091484529937,1.042234280632867,1.0268481227448454,1.0270534923693944,0.00036250633002476995,0.00036250633002476995,0.0,-0.0032204836320915975,1
2012-03-09,1.0415755330386913,1.0422006450439367,1.0268149837069223,1.0270203467036636,-3.227257974092179e-05,-3.227257974092179e-05,0.0,-0.003252652278517676,1
2012-03-12,1.0420202169478907,1.0426455958346452,1.027253365837162,1.0274588165103296,0.0004269339045455123,0.0004269339045455123,0.0,-0.002827107041509458,1
2012-03-13,1.0416206737378972,1.0422458128347862,1.0268594847007046,1.0270648565976448,-0.00038343134182539096,-0.00038343134182527994,-1.1102230246251565e-16,-0.0032094543818884658,1
2012-03-14,1.0412057634813656,1.0418306535657016,1.0264504542897679,1.026655744380626,-0.0003983314338824595,-0.00039833143388257053,1.1102230246251565e-16,-0.0036065073892049826,1
2012-03-15,1.0405670706096213,1.0411915773760227,1.0258208125692287,1.0260259767317426,-0.0006134165735011132,-0.0006134165735011132,0.0,-0.004217711671301028,1
2012-03-16,1.0407236223962293,1.041348223118756,1.0259751458029849,1.0261803408321455,0.000150448530450209,0.00015044853044998696,2.220446049250313e-16,-0.004067897689373767,1
2012-03-19,1.0401156636175612,1.040739899467528,1.0253758026314042,1.0255808777919304,-0.0005841692891223049,-0.0005841692891221939,-1.1102230246251565e-16,-0.004649690637594683,1
2012-03-20,1.0402337977878238,1.040858104537198,1.0254922626789627,1.0256973611314983,0.00011357791675936646,0.0001135779167595885,-2.220446049250313e-16,-0.0045366408230114175,1
2012-03-21,1.0398505820647772,1.0404746588233909,1.0251144776466392,1.0253195005421685,-0.0003683938397901487,-0.0003683938397901487,0.0,-0.0049033633922690445,1
2012-03-22,1.040376903408711,1.041001296044359,1.0256333402975497,1.025838466965609,0.0005061509345780646,0.0005061509345782866,-2.220446049250313e-16,-0.0043996942996544774,1
2012-03-23,1.0416225946187145,1.0422477348684394,1.0268613783600145,1.0270667506356865,0.001197346082868922,0.0011973460828687,2.220446049250313e-16,-0.003207616173521166,1
2012-03-26,1.0418031574155386,1.0424284060318372,1.0270393823351445,1.0272447902116115,0.00017334761914433727,0.00017334761914433727,0.0,-0.0030348245870036594,1
2012-03-27,1.0417541749546981,1.0423793941736814,1.026991094022742,1.0271964922415466,-4.701700171649836e-05,-4.701700171672041e-05,2.220446049250313e-16,-0.003081698900367358,1
2012-03-28,1.0420211773882995,1.042646556851472,1.0272543126668172,1.0274597635293505,0.0002563008049503157,0.0002563008049507598,-4.440892098500626e-16,-0.002826187937325808,1
2012-03-29,1.0427050109592497,1.0433308008320001,1.0279284553811385,1.0281340410722148,0.0006562568840147165,0.0006562568840147165,0.0,-0.002171785758600331,1
2012-03-30,1.0435117809025058,1.044138054966331,1.0287237922912933,1.0289295370497515,0.0007737278854293983,0.0007737278854293983,0.0,-0.0013997382443735606,1
2012-03-31,1.0438123987504095,1.0444388532330522,1.0290201499732916,1.0292259540032862,0.00028808285005044176,0.0002880828500506638,-2.220446049250313e-16,-0.0011120586349058215,1
2012-04-01,1.042678118627808,1.0433038923608557,1.0279019441508004,1.0281075245396305,-0.0010866704821281825,-0.0010866704821282935,1.1102230246251565e-16,-0.0021975206757410826,1
2012-04-05,1.04256382621918,1.0431895313584922,1.0277892714218617,1.027994829276146,-0.00010961427748990005,-0.00010961427749001107,1.1102230246251565e-16,-0.00230689407358986,1
2012-04-06,1.0425590240171367,1.0431847262743592,1.027784537273587,1.0279900941810416,-4.60614681097038e-06,-4.606146810748335e-06,-2.220446049250313e-16,-0.0023114895945081093,1
2012-04-09,1.0419203311453924,1.0425456500846806,1.0271548955530478,1.0273603265321585,-0.0006126203476550796,-0.0006126203476551906,1.1102230246251565e-16,-0.0029226938766041544,1
2012-04-10,1.0419366586323393,1.0425619873707324,1.0271709916571818,1.0273764258555134,1.5670571404502454e-05,1.567057140428041e-05,2.220446049250313e-16,-0.0029070691054828846,1
2012-04-11,1.0420932104189473,1.0427186331134657,1.0273253248909382,1.0275307899559163,0.0001502507713027068,0.0001502507713027068,0.0,-0.002757255123555513,1
2012-04-12,1.0418108409388076,1.04243609416645,1.0270469569723841,1.0272523663637785,-0.00027096374615687147,-0.0002709637461566494,-2.220446049250313e-16,-0.003027471753535016,1
2012-04-13,1.0424649008570903,1.043090546625354,1.0276917479674024,1.0278972863169957,0.0006278106279766771,0.000627810627976455,2.220446049250313e-16,-0.002401561804501018,1
2012-04-16,1.0423669359354093,1.0429925229090424,1.027595171342598,1.0278006903768664,-9.397431184543503e-05,-9.397431184543503e-05,0.0,-0.0024953104312285257,1
2012-04-17,1.0426906043531203,1.0433163855796013,1.0279142529363148,1.028119835786902,0.0003105129360425618,0.0003105129360425618,0.0,-0.002185572321354301,1
2012-04-18,1.0423419644847847,1.0429675364715512,1.0275705537715694,1.0277760678823236,-0.00033436559884603145,-0.00033436559884603145,0.0,-0.0025192071400022,1
2012-04-19,1.0417138364575353,1.042339031466965,1.0269513271772344,1.02715671744267,-0.0006026122411370016,-0.0006026122411373347,3.3306690738754696e-16,-0.003120301276078763,1
2012-04-20,1.0419568278809206,1.0425821687240906,1.0271908750799357,1.0273963132549517,0.00023326120368283298,0.00023326120368305503,-2.220446049250313e-16,-0.0028877679176273485,1
2012-04-23,1.04184445635311,1.0424697297553804,1.0270800960103073,1.0272855120295092,-0.00010784662550666901,-0.00010784662550644697,-2.220446049250313e-16,-0.0029953031071088265,1
2012-04-24,1.0424821887844458,1.0431078449282325,1.0277087909011915,1.0279143326593716,0.0006121186588332606,0.0006121186588332606,0.0,-0.0023850179291962093,1
2012-04-25,1.042324676557429,1.0429502381686726,1.0275535108377802,1.0277590215399477,-0.00015109344669039793,-0.00015109344669039793,0.0,-0.0025357510153072305,1
2012-04-26,1.042425522800336,1.043051144935464,1.0276529279515494,1.0278584585371398,9.67512764258327e-05,9.675127642561065e-05,2.220446049250313e-16,-0.002439245076028884,1
2012-04-27,1.0427981736788878,1.0434240194641788,1.0280202978576687,1.0282259019172402,0.00035748441533800523,0.0003574844153382273,-2.220446049250313e-16,-0.002082632652790628,1
2012-04-28,1.0426608307004523,1.0432865940579772,1.0278849012170113,1.0280904781972546,-0.00013170619387536942,-0.00013170619387536942,0.0,-0.002214064551046113,1
2012-05-02,1.0424745052611768,1.0431001567936198,1.0277012162639518,1.0279067565072046,-0.00017870186909230146,-0.0001787018690925235,2.220446049250313e-16,-0.0023923707626649637,1
2012-05-03,1.042786648393984,1.0434124872622599,1.0280089359018092,1.0282145376889895,0.0002994251957548766,0.0002994251957548766,0.0,-0.002093661902993982,1
2012-05-04,1.0423611732929574,1.0429867568080828,1.027589490364668,1.027795008262741,-0.0004080174038303408,-0.0004080174038304518,1.1102230246251565e-16,-0.0025008250563302026,1
2012-05-07,1.0427050109592497,1.0433308008320001,1.0279284553811385,1.0281340410722148,0.000329864230462551,0.000329864230462551,0.0,-0.002171785758600331,1
2012-05-08,1.0427319032906917,1.0433577093031445,1.0279549666114773,1.0281605576047996,2.5790929514268868e-05,2.5790929514712957e-05,-4.440892098500626e-16,-0.002146050841459468,1
2012-05-09,1.0427328637311004,1.043358670319971,1.0279559134411322,1.0281615046238204,9.210808700199635e-07,9.210808700199635e-07,0.0,-0.0021451317372757073,1
2012-05-10,1.043527147949044,1.0441534312355565,1.0287389415657726,1.0289446893540857,0.0007617331778548841,0.0007617331778551062,-2.220446049250313e-16,-0.0013850325774360517,1
2012-05-11,1.0445721071136425,1.0451990175428805,1.029769092230354,1.0299750460488,0.001001372284997304,0.001001372284997304,0.0,-0.00038504722567556104,1
2012-05-14,1.0491975881216438,1.0498272745797117,1.034329023848574,1.0345358896533436,0.004428110780003935,0.004428110780003935,0.0,0.0,1
2012-05-15,1.0526205977380303,1.053252338549659,1.0377035247388018,1.0379110654437496,0.0032625023686096988,0.0032625023686096988,0.0,0.0,1
2012-05-16,1.0546019863010507,1.0552349162629029,1.0396568343169554,1.039864765683819,0.0018823387717077367,0.0018823387717077367,0.0,0.0,1
2012-05-17,1.0532640928118178,1.0538962198234707,1.0383379006076157,1.0385455681877371,-0.0012686240938399873,-0.0012686240938398763,-1.1102230246251565e-16,-0.0012686240938399873,1
2012-05-18,1.0547748655746056,1.0554078992916882,1.0398272636548458,1.0400352291075767,0.001434372227343994,0.001434372227343994,0.0,0.0,1
2012-05-21,1.0530038134610769,1.0536357842634663,1.0380813097711252,1.0382889260330794,-0.0016790806942142966,-0.0016790806942142966,0.0,-0.0016790806942142966,1
2012-05-22,1.0532218334338377,1.053853935083101,1.0382962401027982,1.0385038993508187,0.00020704575802454883,0.00020704575802477088,-2.220446049250313e-16,-0.0014723825827248627,1
2012-05-23,1.0533025104281633,1.053934660496534,1.0383757737938133,1.0385834489485721,7.6600191682763e-05,7.660019168254095e-05,2.220446049250313e-16,-0.001395895175830053,1
2012-05-24,1.0551916967119546,1.0558249805944258,1.0402381877250921,1.0404462353626371,0.001793583766380058,0.001793583766380058,0.0,0.0,1
2012-05-25,1.0594445268414043,1.0600803631025424,1.0444307494371934,1.0446396355870808,0.0040303862726571715,0.004030386272657394,-2.220446049250313e-16,0.0,1
2012-05-28,1.0567716211841645,1.0574058532741575,1.0417957225074785,1.04200408165198,-0.0025229312054768638,-0.002522931205476975,1.1102230246251565e-16,-0.0025229312054768638,1
2012-05-29,1.055694967486081,1.0563285534115563,1.040734326464284,1.040942473329577,-0.0010188139769282678,-0.0010188139769280458,-2.220446049250313e-16,-0.0035391747848301236,1
2012-05-30,1.055010173474722,1.0556433484142014,1.0400592369203077,1.0402672487676916,-0.0006486665490029742,-0.0006486665490028631,-1.1102230246251565e-16,-0.004185545589539097,1
2012-05-31,1.0559014621739382,1.056535172029272,1.0409378948400976,1.0411460824190655,0.0008448152649378482,0.0008448152649378482,0.0,-0.0033442663374072534,1
2012-06-01,1.0564066538288819,1.0570406668800554,1.0414359272385991,1.0416442144240468,0.0004784458332915964,0.0004784458332915964,0.0,-0.0028674205544102493,1
2012-06-04,1.0563730384145795,1.0570070312911248,1.0414027882006758,1.041611068758316,-3.1820524965975316e-05,-3.182052496619736e-05,2.220446049250313e-16,-0.00289914983654882,1
2012-06-05,1.0555662684713234,1.056199777156794,1.0406074512905212,1.0408155727807793,-0.0007637169010550338,-0.0007637169010549227,-1.1102230246251565e-16,-0.00366065260787507,1
2012-06-06,1.0552185890433965,1.0558518890655704,1.040264698955431,1.040472751895222,-0.0003293771677930213,-0.00032937716779291026,-1.1102230246251565e-16,-0.0039888240402797814,1
2012-06-07,1.0547787073362402,1.0554117433589945,1.0398310509734656,1.0400390171836602,-0.00041686311416766486,-0.0004168631141677759,1.1102230246251565e-16,-0.004404024360836201,1
2012-06-08,1.0589037988913412,1.0595393106291753,1.0438976843414587,1.044106463878327,0.003910859715322346,0.003910859715321902,4.440892098500626e-16,-0.00051038816697202,1
2012-06-11,1.05664772437145,1.0572818821035281,1.0416735814819904,1.0418819161982869,-0.0021305755274967364,-0.0021305755274966254,-1.1102230246251565e-16,-0.002639876273930586,1
2012-06-12,1.055862084117184,1.0564957703393818,1.0408990748242446,1.0411072546392095,-0.0007435214557750536,-0.0007435214557749426,-1.1102230246251565e-16,-0.003381434925055493,1
2012-06-13,1.0549218129571272,1.0555549348661557,1.0399721285920525,1.0401801230177707,-0.0008905245999462075,-0.0008905245999460965,-1.1102230246251565e-16,-0.004268948274017803,1
2012-06-14,1.0538192273680107,1.0544516875492365,1.0388851681481746,1.039092945181804,-0.0010451822832496793,-0.0010451822832496793,0.0,-0.005309668728163408,1
2012-06-15,1.0537241437675555,1.0543565468834046,1.0387914320123348,1.0389991902987372,-9.022761967691917e-05,-9.022761967703019e-05,1.1102230246251565e-16,-0.005399417269069673,1
2012-06-18,1.0524342722987543,1.0530659012853016,1.0375198397857421,1.0377273437536993,-0.0012241073495662391,-0.001224107349566128,-1.1102230246251565e-16,-0.006616915152273473,1
2012-06-19,1.0521682303055617,1.0527996996243378,1.0372575679713223,1.0374650194849164,-0.000252787276312727,-0.000252787276312727,0.0,-0.0068680297566272586,1
2012-06-20,1.0520971577153224,1.0527285843791705,1.037187502576856,1.0373949400773714,-6.75486943934045e-05,-6.754869439351552e-05,1.1102230246251565e-16,-0.0069351145245775125,1
2012-06-21,1.0522508281807046,1.052882347071424,1.0373389953216476,1.0375464631207119,0.000146061097357153,0.00014606109735737505,-2.220446049250313e-16,-0.0067900663776581105,1
2012-06-25,1.0547028325439578,1.0553358230296943,1.0397562514307246,1.0399642026810108,0.0023302470262651642,0.002330247026264942,2.220446049250313e-16,-0.004475641883377568,1
2012-06-26,1.055378982591639,1.05601237887561,1.0404228195078067,1.0406309040717083,0.0006410810958479285,0.0006410810958481505,-2.220446049250313e-16,-0.0038374300369328207,1
2012-06-27,1.0572892985644202,1.0579238413436864,1.0423060636914945,1.0425145249042327,0.0018100758156942565,0.0018100758156944785,-2.220446049250313e-16,-0.002034300260542854,1
2012-06-28,1.0580778201399121,1.0587128361583125,1.0430834108382052,1.0432920275203728,0.0007457954758103291,0.0007457954758103291,0.0,-0.0012900219566632787,1
2012-06-29,1.0591727222057599,1.0598083953406188,1.0441627966448435,1.0443716292041725,0.0010348029653461932,0.0010348029653457491,4.440892098500626e-16,-0.00025655390986334403,1
2012-07-02,1.0587933482443477,1.0594287936941178,1.0437887989311398,1.043997556690926,-0.00035817950505945273,-0.0003581795050593417,-1.1102230246251565e-16,-0.0006146415225704027,1
2012-07-03,1.0593331157540022,1.0599688851506586,1.0443209171972196,1.044529781380659,0.0005097949572026028,0.0005097949572028249,-2.220446049250313e-16,-0.00010515990651649432,1
2012-07-04,1.0588231218970154,1.059458585215742,1.0438181506504434,1.0440269142805734,-0.00048142916463422836,-0.00048142916463422836,0.0,-0.0005865384441048338,1
2012-07-05,1.0592005749776103,1.0598362648285897,1.0441902547048372,1.044399092755778,0.0003564836022078577,0.0003564836022078577,0.0,-0.00023026393323422045,1
2012-07-06,1.0606826129000761,1.061531498510685,1.0458604622161618,1.0460696343086051,0.001399204227676254,0.0015995241325028609,-0.0002003199048266069,0.0,0
2012-07-09,1.0606826129000761,1.061531498510685,1.0481300128990674,1.0483396389016473,0.0,0.0021700320118196448,-0.0021700320118196448,0.0,0
2012-07-10,1.0606826129000761,1.061531498510685,1.049037075708506,1.0492468831236477,0.0,0.0008654105867358375,-0.0008654105867358375,0.0,0
2012-07-11,1.0606826129000761,1.061531498510685,1.0499488726662192,1.0501588624407523,0.0,0.0008691751500751188,-0.0008691751500751188,0.0,0
2012-07-12,1.0606826129000761,1.061531498510685,1.0506258558695054,1.0508359810406793,0.0,0.0006447773038387172,-0.0006447773038387172,0.0,0
2012-07-13,1.0606826129000761,1.061531498510685,1.0503020401275136,1.0505121005355391,0.0,-0.00030821223386301444,0.00030821223386301444,0.0,0
2012-07-16,1.0606826129000761,1.061531498510685,1.0492311757877697,1.0494410220229273,0.0,-0.0010195775108785554,0.0010195775108785554,0.0,0
2012-07-17,1.0606826129000761,1.061531498510685,1.047808090816386,1.0480176524345493,0.0,-0.001356312130465609,0.001356312130465609,0.0,0
2012-07-18,1.0606826129000761,1.061531498510685,1.0469019748366026,1.0471113552315698,0.0,-0.0008647728412531919,0.0008647728412531919,0.0,0
2012-07-19,1.0606826129000761,1.061531498510685,1.0466046703249494,1.0468139912590144,0.0,-0.000283985051895308,0.000283985051895308,0.0,0
2012-07-20,1.0606826129000761,1.061531498510685,1.0474539765254363,1.0476634673207412,0.0,0.0008114871111966071,-0.0008114871111966071,0.0,0
2012-07-23,1.0606826129000761,1.061531498510685,1.0473791769826954,1.047588652818092,0.0,-7.141081557482387e-05,7.141081557482387e-05,0.0,0
2012-07-24,1.0606826129000761,1.061531498510685,1.0474956370302537,1.0477051361576597,0.0,0.00011119186834873673,-0.00011119186834873673,0.0,0
2012-07-25,1.0606826129000761,1.061531498510685,1.047545819001966,1.0477553281657663,0.0,4.790661644626937e-05,-4.790661644626937e-05,0.0,0
2012-07-26,1.0606826129000761,1.061531498510685,1.0468356967607564,1.0470450639001085,0.0,-0.0006778913421525701,0.0006778913421525701,0.0,0
2012-07-27,1.0606826129000761,1.061531498510685,1.0473498252633922,1.0475592952284447,0.0,0.0004911262619593515,-0.0004911262619593515,0.0,0
2012-07-30,1.0606826129000761,1.061531498510685,1.0471311076130996,1.0473405338346222,0.0,-0.00020882960498658232,0.00020882960498658232,0.0,0
2012-07-31,1.0604705187963168,1.061531498510685,1.0465800527539209,1.0467893687644716,-0.00019996000799848979,-0.0005262520186558595,0.0003262920106573697,-0.00019996000799848979,1
2012-08-01,1.0604081580427092,1.0614690753663805,1.0465185088263496,1.0467278125281148,-5.880479702391472e-05,-5.880479702369268e-05,-2.220446049250313e-16,-0.00025875304641465036,1
2012-08-02,1.0602939898937966,1.0613547929945002,1.046405836097411,1.0466151172646303,-0.00010766434419295923,-0.00010766434419307025,1.1102230246251565e-16,-0.00036638953213063985,1
2012-08-03,1.0597461746582584,1.0608064296806872,1.0458651963644368,1.0460743694037096,-0.0005166635298886613,-0.0005166635298886613,0.0,-0.0008828637619102686,1
2012-08-06,1.059723149149234,1.060783381135098,1.045842472452718,1.0460516409472085,-2.172738111727579e-05,-2.172738111727579e-05,0.0,-0.0009045719607100322,1
2012-08-07,1.0590026425960128,1.060062153729365,1.0451314033818533,1.0453404296625297,-0.0006799007399240775,-0.0006799007399241885,1.1102230246251565e-16,-0.0015838576814887206,1
2012-08-08,1.0579348346150075,1.05899327742766,1.0440775819758985,1.0442863974922936,-0.0010083147463992859,-0.0010083147463991748,-1.1102230246251565e-16,-0.0025905754008315185,1
2012-08-09,1.0573927757567252,1.0584506762502446,1.043542623220854,1.043751331745498,-0.000512374524920145,-0.000512374524920034,-1.1102230246251565e-16,-0.0031016225809114006,1
2012-08-10,1.0577228080527414,1.058781038737025,1.0438683326221554,1.0440771062886798,0.0003121189245689493,0.00031211892456872725,2.220446049250313e-16,-0.002790471731446753,1
2012-08-13,1.0582965269859321,1.0593553316646258,1.0444345367558132,1.0446434236631643,0.000542409531895105,0.000542409531895105,0.0,-0.00224957577801721,1
2012-08-14,1.0579716815695823,1.0592420096488115,1.0443228108565297,1.0445316754187008,-0.00030695122592439006,-0.00010697262044834233,-0.00019997860547604773,-0.0025558364938986777,0
2012-08-15,1.0579716815695823,1.0592420096488115,1.0436676047353068,1.043876338256254,0.0,-0.0006273980750123309,0.0006273980750123309,-0.0025558364938986777,0
2012-08-16,1.0579716815695823,1.0592420096488115,1.043050271800282,1.0432588818546422,0.0,-0.0005915033984228435,0.0005915033984228435,-0.0025558364938986777,0
2012-08-17,1.0579716815695823,1.0592420096488115,1.0428665868472227,1.043075160164592,0.0,-0.00017610364334830209,0.00017610364334830209,-0.0025558364938986777,0
2012-08-20,1.0579716815695823,1.0592420096488115,1.041457704320663,1.041665995861527,0.0,-0.001350971010413704,0.001350971010413704,-0.0025558364938986777,0
2012-08-21,1.0579716815695823,1.0592420096488115,1.0406055576312114,1.0408136787427376,0.0,-0.0008182249609526293,0.0008182249609526293,-0.0025558364938986777,0
2012-08-22,1.0579716815695823,1.0592420096488115,1.0387563993151017,1.0389641505949647,0.0,-0.0017770021527840907,0.0017770021527840907,-0.0025558364938986777,0
2012-08-23,1.0579716815695823,1.0592420096488115,1.0385556714282533,1.0387633825625389,0.0,-0.00019323865247011796,0.00019323865247011796,-0.0025558364938986777,0
2012-08-24,1.0579716815695823,1.0592420096488115,1.0405667376153585,1.0407748509628816,0.0,0.0019364067256399942,-0.0019364067256399942,-0.0025558364938986777,0
2012-08-27,1.0579716815695823,1.0592420096488115,1.0413488189103441,1.041557088674126,0.0,0.0007515916728013661,-0.0007515916728013661,-0.0025558364938986777,0
2012-08-28,1.0579716815695823,1.0592420096488115,1.041140516386256,1.041348744489533,0.0,-0.00020003145949321066,0.00020003145949321066,-0.0025558364938986777,0
2012-08-29,1.0579716815695823,1.0592420096488115,1.0407068684042906,1.0409150097779714,0.0,-0.0004165124449008184,0.0004165124449008184,-0.0025558364938986777,0
2012-08-30,1.0579716815695823,1.0592420096488115,1.0401633881823518,1.0403714208599881,0.0,-0.0005222221918955716,0.0005222221918955716,-0.0025558364938986777,0
2012-08-31,1.0579716815695823,1.0592420096488115,1.0405014063691673,1.040709506650441,0.0,0.0003249664337889868,-0.0003249664337889868,-0.0025558364938986777,0
2012-09-03,1.0579716815695823,1.0592420096488115,1.0403896804698836,1.0405977584059776,0.0,-0.00010737698055940381,0.00010737698055940381,-0.0025558364938986777,0
2012-09-04,1.0579716815695823,1.0592420096488115,1.0404587990346947,1.0406668907945016,0.0,6.643526565919267e-05,-6.643526565919267e-05,-0.0025558364938986777,0
2012-09-05,1.0579716815695823,1.0592420096488115,1.0398708178189733,1.040078791982537,0.0,-0.0005651172504542723,0.0005651172504542723,-0.0025558364938986777,0
2012-09-06,1.0579716815695823,1.0592420096488115,1.0397666665569292,1.0399746198902406,0.0,-0.00010015788524819769,0.00010015788524819769,-0.0025558364938986777,0
2012-09-07,1.0579716815695823,1.0592420096488115,1.0374582958581706,1.0376657875173423,0.0,-0.0022200853066414172,0.0022200853066414172,-0.0025558364938986777,0
2012-09-10,1.0579716815695823,1.0592420096488115,1.0337883841156,1.033995141792423,0.0,-0.0035374065224810236,0.0035374065224810236,-0.0025558364938986777,0
2012-09-11,1.0579716815695823,1.0592420096488115,1.0334503659287841,1.0336570560019698,0.0,-0.0003269703858250761,0.0003269703858250761,-0.0025558364938986777,0
2012-09-12,1.0579716815695823,1.0592420096488115,1.031067195687285,1.0312734091264224,0.0,-0.0023060326069528347,0.0023060326069528347,-0.0025558364938986777,0
2012-09-13,1.0579716815695823,1.0592420096488115,1.0311533571858849,1.031359587857322,0.0,8.356535729214798e-05,-8.356535729214798e-05,-0.0025558364938986777,0
2012-09-14,1.0577601295436736,1.0592420096488115,1.0270071901268765,1.0272125915649017,-0.00019996000799837876,-0.004020902448810926,0.003820942440812547,-0.002755285436811361,1
2012-09-17,1.0574090641173397,1.0588904523937008,1.0266663314510958,1.026871664717386,-0.0003318951211418453,-0.0003318951211418453,0.0,-0.00308626609215934,1
2012-09-18,1.058495416575495,1.0599783267886826,1.0277210996867057,1.027926643906643,0.0010273719935076642,0.0010273719935074421,2.220446049250313e-16,-0.0020620648419993337,1
2012-09-19,1.0589264469044934,1.060409960974124,1.028139598394192,1.0283452263138706,0.0004072103877341693,0.00040721038773439133,-2.220446049250313e-16,-0.0016556941484889842,1
2012-09-20,1.060106416809671,1.0615915839704688,1.0292852622766766,1.0294911193291318,0.001114307711009399,0.001114307711009399,0.0,-0.0005432313902362651,1
2012-09-21,1.0609392220154739,1.062425555903426,1.0300938548020004,1.0302998735729607,0.0007855864209453944,0.0007855864209453944,0.0,0.0,1
2012-09-24,1.0607549126666487,1.0622409883444928,1.0299149039972155,1.030120886978015,-0.0001737228155963555,-0.00017372281559657754,2.220446049250313e-16,-0.0001737228155963555,1
2012-09-25,1.061675484229035,1.0631628495912278,1.0308087111914848,1.031014872933723,0.0008678456742396978,0.0008678456742399199,-2.220446049250313e-16,0.0,1
2012-09-26,1.062114440250106,1.0638151836090444,1.0314411934009886,1.0316474816396688,0.00041345592659114416,0.0006135786423193679,-0.0002001227157282237,0.0,0
2012-09-27,1.062114440250106,1.0638151836090444,1.0328633315427176,1.0330699042090261,0.0,0.0013787874198041283,-0.0013787874198041283,0.0,0
2012-09-28,1.062114440250106,1.0638151836090444,1.0333850346825928,1.0335917116895292,0.0,0.0005051037479431031,-0.0005051037479431031,0.0,0
2012-09-29,1.062114440250106,1.0638151836090444,1.0332827770798585,1.0334894336352745,0.0,-9.89540193657712e-05,9.89540193657712e-05,0.0,0
2012-10-08,1.062114440250106,1.0638151836090444,1.031662751540246,1.031869084090554,0.0,-0.0015678433586118201,0.0015678433586118201,0.0,0
2012-10-09,1.062114440250106,1.0638151836090444,1.0308617336521617,1.031067905998892,0.0,-0.0007764338558199357,0.0007764338558199357,0.0,0
2012-10-10,1.062114440250106,1.0638151836090444,1.0302311451019674,1.0304371913309878,0.0,-0.0006117101155362903,0.0006117101155362903,0.0,0
2012-10-11,1.062114440250106,1.0638151836090444,1.0306496438094537,1.0308557737382156,0.0,0.0004062182641981771,-0.0004062182641981771,0.0,0
2012-10-12,1.062114440250106,1.0638151836090444,1.0312991689527466,1.0315054287865373,0.0,0.0006302094481809295,-0.0006302094481809295,0.0,0
2012-10-15,1.062114440250106,1.0638151836090444,1.0315765900416458,1.0317829053596541,0.0,0.00026900156351428173,-0.00026900156351428173,0.0,0
2012-10-16,1.062114440250106,1.0638151836090444,1.030155398729572,1.0303614298093178,0.0,-0.0013776886038258107,0.0013776886038258107,0.0,0
2012-10-17,1.062114440250106,1.0638151836090444,1.0295333316462725,1.0297392383126016,0.0,-0.000603857519037021,0.000603857519037021,0.0,0
2012-10-18,1.062114440250106,1.0638151836090444,1.0285022341520362,1.0287079345988666,0.0,-0.001001519292811448,0.001001519292811448,0.0,0
2012-10-19,1.062114440250106,1.0638151836090444,1.0280430217693872,1.028248630373741,0.0,-0.0004464865193293255,0.0004464865193293255,0.0,0
2012-10-22,1.062114440250106,1.0638151836090444,1.0282172384258972,1.0284228818735823,0.0,0.00016946436367049067,-0.00016946436367049067,0.0,0
2012-10-23,1.062114440250106,1.0638151836090444,1.0274948073991732,1.0277003063606531,0.0,-0.0007026054414628335,0.0007026054414628335,0.0,0
2012-10-24,1.062114440250106,1.0638151836090444,1.0271804599537313,1.027385896045722,0.0,-0.00030593579955662253,0.00030593579955662253,0.0,0
2012-10-25,1.062114440250106,1.0638151836090444,1.0267382905048716,1.0269436381629726,0.0,-0.0004304691007065431,0.0004304691007065431,0.0,0
2012-10-26,1.062114440250106,1.0638151836090444,1.0262014380905173,1.0264066783781354,0.0,-0.000522871718449669,0.000522871718449669,0.0,0
2012-10-29,1.062114440250106,1.0638151836090444,1.0261067551250225,1.0263119764760475,0.0,-9.22654773034548e-05,9.22654773034548e-05,0.0,0
2012-10-30,1.062114440250106,1.0638151836090444,1.0263538776649637,1.0265591484404966,0.0,0.00024083511652839285,-0.00024083511652839285,0.0,0
2012-10-31,1.062114440250106,1.0638151836090444,1.0260338492415917,1.02623905601144,0.0,-0.0003118109945665637,0.0003118109945665637,0.0,0
2012-11-01,1.062114440250106,1.0638151836090444,1.0247565760370696,1.024961527352277,0.0,-0.0012448645875242637,0.0012448645875242637,0.0,0
2012-11-02,1.062114440250106,1.0638151836090444,1.024607923781243,1.0248128453659993,0.0,-0.00014506104113165552,0.00014506104113165552,0.0,0
2012-11-05,1.062114440250106,1.0638151836090444,1.0250036985770103,1.0252086993167258,0.0,0.00038626950522369086,-0.00038626950522369086,0.0,0
2012-11-06,1.062114440250106,1.0638151836090444,1.0250444122521731,1.0252494211346235,0.0,3.972051536926813e-05,-3.972051536926813e-05,0.0,0
2012-11-07,1.062114440250106,1.0638151836090444,1.025115424476294,1.0253204475611892,0.0,6.927721693994471e-05,-6.927721693994471e-05,0.0,0
2012-11-08,1.062114440250106,1.0638151836090444,1.025781045723721,1.0259862019328658,0.0,0.0006493134641567533,-0.0006493134641567533,0.0,0
2012-11-09,1.062114440250106,1.0638151836090444,1.0262932805670468,1.0264985392231603,0.0,0.0004993607997156868,-0.0004993607997156868,0.0,0
2012-11-12,1.062114440250106,1.0638151836090444,1.0264267835483945,1.026632068905104,0.0,0.00013008268092118414,-0.00013008268092118414,0.0,0
2012-11-13,1.062114440250106,1.0638151836090444,1.0268888364200082,1.027094214187292,0.0,0.0004501566785080069,-0.0004501566785080069,0.0,0
2012-11-14,1.062114440250106,1.0638151836090444,1.0279483388038926,1.0281539284716534,0.0,0.0010317595695927828,-0.0010317595695927828,0.0,0
2012-11-15,1.062114440250106,1.0638151836090444,1.0284937126851417,1.0286994114276786,0.0,0.0005305460018385499,-0.0005305460018385499,0.0,0
2012-11-16,1.062114440250106,1.0638151836090444,1.0297378468517406,1.029943794421111,0.0,0.0012096662830838323,-0.0012096662830838323,0.0,0
2012-11-19,1.062114440250106,1.0638151836090444,1.0306316540460099,1.030837780376819,0.0,0.0008679948950132133,-0.0008679948950132133,0.0,0
2012-11-20,1.062114440250106,1.0638151836090444,1.030255762672996,1.0304618138255306,0.0,-0.00036471941409732533,0.00036471941409732533,0.0,0
2012-11-21,1.062114440250106,1.0638151836090444,1.0298940737448068,1.0301000525595558,0.0,-0.00035106712458543576,0.00035106712458543576,0.0,0
2012-11-22,1.062114440250106,1.0638151836090444,1.0291782705256676,1.0293841061797726,0.0,-0.0006950260588804991,0.0006950260588804991,0.0,0
2012-11-23,1.0619020598381383,1.0638151836090444,1.029033405588461,1.0292392122695786,-0.00019996000799837876,-0.00014075786611067453,-5.920214188770423e-05,-0.00019996000799837876,1
2012-11-26,1.0610617773889188,1.0629733873061573,1.0282191320852072,1.0284247759116243,-0.000791299387203015,-0.000791299387203126,1.1102230246251565e-16,-0.0009911011669695435,1
2012-11-27,1.0605751952264637,1.0624859285168111,1.027747610917044,1.0279531604392274,-0.00045858042653512676,-0.00045858042653512676,0.0,-0.0014492270939088225,1
2012-11-28,1.0606826732141545,1.0625936001369476,1.0278517621790881,1.0280573325315239,0.00010133933753553315,0.00010133933753553315,0.0,-0.0013480346200869242,1
2012-11-29,1.0613754176984531,1.0632875926703744,1.0285230644044447,1.0287287690173257,0.0006531119078239112,0.0006531119078234671,4.440892098500626e-16,-0.000695803129725614,1
2012-11-30,1.0615766946572198,1.0634892322499032,1.0287181113133639,1.0289238549356265,0.0001896378561350165,0.0001896378561350165,0.0,-0.0005062972242044772,1
2012-12-03,1.0611897739015326,1.063101614417411,1.0283431667700051,1.0285488354033592,-0.0003644774396749373,-0.0003644774396749373,0.0,-0.0008705901299633778,1
2012-12-04,1.0606934210129237,1.0626043672989613,1.0278621773052925,1.0280677497407535,-0.0004677324459921861,-0.0004677324459921861,0.0,-0.0013379153727046678,1
2012-12-05,1.0603279958547749,1.0622382837904965,1.0275080630143427,1.0277135646269455,-0.0003445153433684345,-0.0003445153433684345,0.0,-0.0016819697836989445,1
2012-12-06,1.059410524668941,1.0613191596876932,1.0266189899683487,1.0268243137663422,-0.0008652711136749591,-0.0008652711136746261,-3.3306690738754696e-16,-0.0025457855375059513,1
2012-12-07,1.059329427641865,1.0612379165561354,1.0265404031069878,1.0267457111876093,-7.654919900035306e-05,-7.654919900057511e-05,2.220446049250313e-16,-0.0026221398586626643,1
2012-12-10,1.0591066550855603,1.0610147426525791,1.0263245259456601,1.0265297908508493,-0.00021029582535114777,-0.00021029582535114777,0.0,-0.002831884258947981,1
2012-12-11,1.0592571242683275,1.0611654829207706,1.0264703377125217,1.0266756317800643,0.00014207179422842664,0.0001420717942282046,2.220446049250313e-16,-0.002690214795597279,1
2012-12-12,1.0591867750400208,1.0610950069512266,1.0264021659773659,1.0266074464105612,-6.641374100302411e-05,-6.641374100269104e-05,-3.3306690738754696e-16,-0.0027564498693716244,1
2012-12-13,1.0591594170067904,1.0610675996297374,1.0263756547470273,1.0265809298779767,-2.5829281364853074e-05,-2.5829281364964096e-05,1.1102230246251565e-16,-0.0027822079536171662,1
2012-12-14,1.0585487466221832,1.0604558290607786,1.025783886212686,1.0259890429899285,-0.0005765613512014323,-0.0005765613512015433,1.1102230246251565e-16,-0.003357165191241629,1
2012-12-17,1.0586366831575666,1.0605439240227088,1.0258691008816312,1.0260742747018075,8.30727310989765e-05,8.307273109919855e-05,-2.220446049250313e-16,-0.0032743713490236415,1
2012-12-18,1.058497938846184,1.0604049297494413,1.0257346510706289,1.025939798000843,-0.00013105942160329676,-0.00013105942160340778,1.1102230246251565e-16,-0.0034050016334119526,1
2012-12-19,1.0580133108289596,1.0599194286259157,1.0252650235617755,1.025470076566488,-0.0004578450268430956,-0.0004578450268430956,0.0,-0.0038612876971907406,1
2012-12-20,1.0574026404443524,1.0593076580569571,1.0246732550274342,1.0248781896784398,-0.0005771859185105255,-0.0005771859185106365,1.1102230246251565e-16,-0.004436244934815092,1
2012-12-21,1.0573616033945066,1.059266547074723,1.0246334881819266,1.0248384148795628,-3.880929390209786e-05,-3.8809293901764796e-05,-3.3306690738754696e-16,-0.004474882061183738,1
2012-12-24,1.057404594589583,1.0593096157227777,1.0246751486867443,1.0248800837164815,4.0658933460724356e-05,4.0658933460724356e-05,0.0,-0.004434405071654934,1
2012-12-25,1.0576820832123486,1.0595876042693124,1.0249440483087489,1.0251490371184107,0.0002624242642650376,0.0002624242642648156,2.220446049250313e-16,-0.004173144502878312,1
2012-12-26,1.0577299597705017,1.0596355670819189,1.0249904429618413,1.0251954410504336,4.52655470986052e-05,4.526554709882724e-05,-2.220446049250313e-16,-0.004128067855448614,1
2012-12-27,1.058623981213567,1.0605311991948743,1.0258567920961168,1.026061963454536,0.0008452265484275578,0.0008452265484271138,4.440892098500626e-16,-0.003286330459566167,1
2012-12-28,1.058760771379719,1.0606682358023212,1.0259893482478093,1.0261945461174589,0.0001292150646305945,0.0001292150646305945,0.0,-0.0031575400383383467,1
2012-12-31,1.0587334133464883,1.0606408284808317,1.025962837017471,1.0261680295848743,-2.58396740511202e-05,-2.5839674050898154e-05,-2.220446049250313e-16,-0.0031832981225841106,1
2013-01-04,1.0572951624566613,1.0591999864368202,1.0245691037653901,1.0247740175861433,-0.0013584636809382822,-0.0013584636809385042,2.220446049250313e-16,-0.004537437408637213,1
2013-01-05,1.057606848620965,1.0595122341352168,1.024871142425318,1.0250761166538032,0.0002947957915362398,0.00029479579153601776,2.220446049250313e-16,-0.004243979234553441,1
2013-01-06,1.0577123724634252,1.059617948089533,1.0249734000280522,1.0251783947080577,9.977605818045632e-05,9.977605818045632e-05,0.0,-0.004144626623892034,1
2013-01-07,1.057951755254191,1.0598577621525647,1.025205373293514,1.0254104143681726,0.00022632125424459915,0.0002263212542448212,-2.220446049250313e-16,-0.003919243386743432,1
2013-01-08,1.0583093638314172,1.0602160149977469,1.0255519129472241,1.0257570233298137,0.00033801973998359713,0.0003380197399833751,2.220446049250313e-16,-0.003582548428390453,1
2013-01-09,1.0586845597157197,1.060591886835315,1.0259154955347234,1.0261206786338304,0.0003545238255704408,0.0003545238255704408,0.0,-0.0032292947015940543,1
2013-01-10,1.057782721691732,1.059688424059077,1.0250415717632084,1.025246580077561,-0.0008518477158389048,-0.0008518477158389048,0.0,-0.004078391550117688,1
2013-01-11,1.0571251518215867,1.0590296695104222,1.0244043554054296,1.0246092362765107,-0.000621649282655623,-0.000621649282655623,0.0,-0.004697505503591826,1
2013-01-14,1.057099747933587,1.0590042198547536,1.024379737834401,1.0245846137819679,-2.4031107344169023e-05,-2.4031107344169023e-05,0.0,-0.0047214237246769875,1
2013-01-15,1.0572248132283546,1.0591295104672762,1.024500932030234,1.02470583221664,0.0001183098331183352,0.0001183098331183352,0.0,-0.004603672482411558,1
2013-01-16,1.0573850531372757,1.059290039064571,1.0246562120936453,1.024861143336064,0.0001515665418709844,0.00015156654187076235,2.220446049250313e-16,-0.004452803703258734,1
2013-01-17,1.0576752437040409,1.05958075243894,1.0249374205011643,1.0251424079852645,0.0002744417144011635,0.00027444171440138554,-2.220446049250313e-16,-0.0041795840239398085,1
2013-01-18,1.0585487466221832,1.0604558290607786,1.025783886212686,1.0259890429899285,0.0008258706283823525,0.0008258706283821304,2.220446049250313e-16,-0.003357165191241629,1
2013-01-21,1.0586679494812585,1.0605752466758394,1.0258993994305894,1.0261045793104755,0.00011260970215642985,0.00011260970215642985,0.0,-0.0032449335384573397,1
2013-01-22,1.0585956461077208,1.0605028130404746,1.0258293340361233,1.0260344999029305,-6.829655471585205e-05,-6.829655471574103e-05,-1.1102230246251565e-16,-0.0033130084753922873,1
2013-01-23,1.0590597556000225,1.0609677586728832,1.0262790781222226,1.026484333937847,0.00043841998973648266,0.0004384199897362606,2.220446049250313e-16,-0.0028760409747975446,1
2013-01-24,1.0583904608584929,1.0602972581293044,1.0256304998085848,1.0258356259085464,-0.0006319707060821189,-0.0006319707060817858,-3.3306690738754696e-16,-0.003506194107233962,1
2013-01-25,1.0583435613729553,1.0602502741496085,1.0255850519851475,1.0257901689955444,-4.431208261224118e-05,-4.43120826123522e-05,1.1102230246251565e-16,-0.0035503508230833036,1
2013-01-28,1.0579820445052677,1.059888105972785,1.0252347250128173,1.0254397719578199,-0.00034158743992229734,-0.00034158743992229734,0.0,-0.0038907255077571534,1
2013-01-29,1.0577280056252711,1.059633609416098,1.0249885493025315,1.0251935470123918,-0.00024011643800181393,-0.00024011643800181393,0.0,-0.004129907718608772,1
2013-01-30,1.0577553636585013,1.0596610167375875,1.0250150605328698,1.0252200635449764,2.5864903911765325e-05,2.5864903911765325e-05,0.0,-0.004104149634363452,1
2013-01-31,1.0573997092265062,1.0593047215582259,1.0246704145384693,1.024875348621377,-0.00033623505416702226,-0.0003362350541672443,2.220446049250313e-16,-0.004439004729555829,1
2013-02-01,1.0582370604578797,1.060143581362382,1.025481847552758,1.0256869439222687,0.0007918965969699876,0.0007918965969699876,0.0,-0.0036506233653250675,1
2013-02-04,1.0582321750948027,1.0601386871978304,1.0254771134044833,1.0256822088271642,-4.616511044219784e-06,-4.616511044108762e-06,-1.1102230246251565e-16,-0.003655223023226184,1
2013-02-05,1.0585526549126447,1.06045974439242,1.0257876735313058,1.025992831066012,0.00030284452257678396,0.00030284452257678396,0.0,-0.003353485464920758,1
2013-02-06,1.0586474309563356,1.0605546911847223,1.0258795160078356,1.0260846919110371,8.953361294872231e-05,8.953361294894435e-05,-2.220446049250313e-16,-0.003264252101641607,1
2013-02-07,1.0585282280972603,1.0604352735696616,1.025764002789932,1.02596915559049,-0.0001125992049757496,-0.00011259920497597165,2.220446049250313e-16,-0.0033764837544258963,1
2013-02-08,1.0586972616597197,1.0606046116631493,1.0259278043202378,1.0261329898811018,0.0001596873451010783,0.0001596873451010783,0.0,-0.003217335591051307,1
2013-02-16,1.0586073709791055,1.0605145590353986,1.0258406959919828,1.0260458641311812,-8.490687930295948e-05,-8.490687930295948e-05,0.0,-0.0033019692964296743,1
2013-02-17,1.0589806127181773,1.0608884732071462,1.026202384920172,1.0264076253971561,0.0003525780655830868,0.0003525780655830868,0.0,-0.0029505554327936556,1
2013-02-18,1.0588418684067946,1.0607494789338787,1.0260679351091697,1.0262731486961916,-0.00013101685688710063,-0.00013101685688710063,0.0,-0.0030811857171819668,1
2013-02-19,1.0587568630892574,1.0606643204706798,1.0259855609291895,1.0261907580413754,-8.02814094091886e-05,-8.028140940929962e-05,1.1102230246251565e-16,-0.0031612197646591067,1
2013-02-20,1.0600798194104706,1.0619896602312717,1.0272675682819865,1.027473021795643,0.0012495374219847477,0.0012495374219847477,0.0,-0.001915632405069534,1
2013-02-21,1.0599469375347799,1.0618565389554664,1.0271387994489138,1.0273442272088036,-0.00012535082100195716,-0.00012535082100184614,-1.1102230246251565e-16,-0.002040743099976705,1
2013-02-22,1.0594408139200173,1.0613495035079135,1.0266483416876517,1.0268536713559893,-0.00047749901135585304,-0.00047749901135585304,0.0,-0.002517267658519895,1
2013-02-25,1.0585594944209522,1.0604665962227924,1.0257943013388904,1.0259994601991582,-0.0008318723306535158,-0.0008318723306536269,1.1102230246251565e-16,-0.0033470459438594835,1
2013-02-26,1.0587568630892574,1.0606643204706798,1.0259855609291895,1.0261907580413754,0.00018645023670882388,0.00018645023670882388,0.0,-0.0031612197646591067,1
2013-02-27,1.0587685879606417,1.0606760664656036,1.0259969228850487,1.0262021222696258,1.1074186900605909e-05,1.1074186900827954e-05,-2.220446049250313e-16,-0.003150180585696938,1
2013-02-28,1.0581123551166636,1.0602306974914018,1.0255661153920483,1.0257712286151268,-0.0006198076250468754,-0.0004198916033675282,-0.0001999160216793472,-0.0037680357047965574,0
2013-03-01,1.0581123551166636,1.0602306974914018,1.025905080408519,1.0261102614246007,0.0,0.00033051503104819524,-0.00033051503104819524,-0.0037680357047965574,0
2013-03-04,1.0581123551166636,1.0602306974914018,1.0260594136422754,1.0262646255250039,0.0,0.00015043617260857012,-0.00015043617260857012,-0.0037680357047965574,0
2013-03-05,1.0581123551166636,1.0602306974914018,1.026517679195269,1.0267229827311082,0.0,0.000446626722488741,-0.000446626722488741,-0.0037680357047965574,0
2013-03-06,1.0581123551166636,1.0602306974914018,1.0263889103621964,1.0265941881442688,0.0,-0.00012544239196510265,0.00012544239196510265,-0.0037680357047965574,0
2013-03-07,1.0581123551166636,1.0602306974914018,1.025958102869196,1.0261632944897698,0.0,-0.0004197312428564359,0.0004197312428564359,-0.0037680357047965574,0
2013-03-08,1.0581123551166636,1.0602306974914018,1.0256825754396068,1.0258877119546947,0.0,-0.00026855621961419107,0.00026855621961419107,-0.0037680357047965574,0
2013-03-11,1.0581123551166636,1.0602306974914018,1.0256125100451408,1.0258176325471497,0.0,-6.831099225412807e-05,6.831099225412807e-05,-0.0037680357047965574,0
2013-03-12,1.0581123551166636,1.0602306974914018,1.0255699027106682,1.0257750166912103,0.0,-4.1543306127045376e-05,4.1543306127045376e-05,-0.0037680357047965574,0
2013-03-13,1.0581123551166636,1.0602306974914018,1.0257195017961496,1.0259246456965088,0.0,0.00014586922362491705,-0.00014586922362491705,-0.0037680357047965574,0
2013-03-14,1.0581123551166636,1.0602306974914018,1.0253862177576085,1.02559129500116,0.0,-0.0003249270760256051,0.0003249270760256051,-0.0037680357047965574,0
2013-03-15,1.0581123551166636,1.0602306974914018,1.0252356718424722,1.0254407189768406,0.0,-0.00014681874256661231,0.00014681874256661231,-0.0037680357047965574,0
2013-03-18,1.0581123551166636,1.0602306974914018,1.02501316687356,1.0252181695069347,0.0,-0.00021702811853230308,0.00021702811853230308,-0.0037680357047965574,0
2013-03-19,1.0581123551166636,1.0602306974914018,1.0252356718424722,1.0254407189768406,0.0,0.0002170752299610612,-0.0002170752299610612,-0.0037680357047965574,0
2013-03-20,1.0581123551166636,1.0602306974914018,1.0255310826948154,1.0257361889113543,0.0,0.00028813945949845987,-0.00028813945949845987,-0.0037680357047965574,0
2013-03-21,1.0581123551166636,1.0602306974914018,1.0253644406755449,1.02556951356368,0.0,-0.00016249338716545214,0.00016249338716545214,-0.0037680357047965574,0
2013-03-22,1.0581123551166636,1.0602306974914018,1.0253000562590087,1.0255051162702604,0.0,-6.279173919254699e-05,6.279173919254699e-05,-0.0037680357047965574,0
2013-03-25,1.0581123551166636,1.0602306974914018,1.0254079948396724,1.0256130764386402,0.0,0.0001052751143479913,-0.0001052751143479913,-0.0037680357047965574,0
2013-03-26,1.0581123551166636,1.0602306974914018,1.025295322110734,1.025500381175156,0.0,-0.00010988087620289466,0.00010988087620289466,-0.0037680357047965574,0
2013-03-27,1.0581123551166636,1.0602306974914018,1.0253739089720944,1.0255789837538887,0.0,7.664802488194233e-05,-7.664802488194233e-05,-0.0037680357047965574,0
2013-03-28,1.0579007749616713,1.0602306974914018,1.0259088677271389,1.0261140495006842,-0.00019996000799826774,0.0005217206624468229,-0.0007216806704450907,-0.003967242256345149,1
2013-03-29,1.057823642872534,1.0601533955264155,1.025834068184398,1.026039234998035,-7.291051388069736e-05,-7.291051388080838e-05,1.1102230246251565e-16,-0.004039863516554276,1
2013-04-01,1.059459038433355,1.0617923928852997,1.0274200078564328,1.0276254918580041,0.0015460001975189375,0.0015460001975189375,0.0,-0.0025001089488300154,1
2013-04-02,1.061111032038674,1.063448024844244,1.0290220436326014,1.029227848041328,0.0015592802981432285,0.0015592802981430065,2.220446049250313e-16,-0.0009447270213137626,1
2013-04-03,1.0617622611963264,1.06410068827014,1.0296535790124506,1.029859509728253,0.000613723859228088,0.0006137238592283101,-2.220446049250313e-16,-0.00033158296359903083,1
2013-04-07,1.0631701659119706,1.065511693757609,1.0310189073748826,1.0312251111563575,0.001326007494425241,0.0013260074944250189,2.220446049250313e-16,0.0,1
2013-04-08,1.0625628727544596,1.0649030630965788,1.0304299793295062,1.030636065325372,-0.0005712097432587493,-0.0005712097432586383,-1.1102230246251565e-16,-0.0005712097432587493,1
2013-04-09,1.0628674956887736,1.0652083569329798,1.0307253901818492,1.0309315352598856,0.0002866869736604105,0.0002866869736604105,0.0,-0.0002846865279908517,1
2013-04-10,1.0633049029790709,1.0656467275698636,1.0311495698672652,1.0313557997812386,0.00041153510862979026,0.00041153510862979026,0.0,0.0,1
2013-04-11,1.0631057264450963,1.0654471123691396,1.0309564166176561,1.0311626079009797,-0.00018731836316809858,-0.0001873183631682096,1.1102230246251565e-16,-0.00018731836316809858,1
2013-04-12,1.0630500741782505,1.0653913375336432,1.0309024473273243,1.0311086278167898,-5.234876029869273e-05,-5.234876029858171e-05,-1.1102230246251565e-16,-0.00023965731758257558,1
2013-04-15,1.0654470270748568,1.06779356948353,1.0332269141302168,1.0334335595130428,0.002254788325431578,0.002254788325431578,0.0,0.0,1
2013-04-16,1.0682052315281818,1.0705578486112002,1.0359017079054393,1.0361088882470204,0.0025887767136556494,0.0025887767136556494,0.0,0.0,1
2013-04-17,1.0674475796146314,1.0697985280437412,1.0351669680932014,1.03537400148682,-0.0007092756065858463,-0.0007092756065858463,0.0,-0.0007092756065858463,1
2013-04-18,1.0659713300098783,1.068319027144259,1.0337353616549227,1.0339421087272538,-0.0013829715228602657,-0.0013829715228603767,1.1102230246251565e-16,-0.00209126622148037,1
2013-04-19,1.065076011962551,1.0674217372468877,1.0328671188613374,1.0330736922851096,-0.0008399081871357517,-0.0008399081871354186,-3.3306690738754696e-16,-0.0029294179369951934,1
2013-04-22,1.0633507916903298,1.0656927173465007,1.0311940708610476,1.0314003096752198,-0.0016198095280001157,-0.0016198095280002267,1.1102230246251565e-16,-0.00454448236590943,1
2013-04-23,1.0650672247625228,1.0674129306939146,1.0328585973944429,1.0330651691139217,0.0016141738790305116,0.0016141738790307336,-2.220446049250313e-16,-0.0029376440716075702,1
2013-04-24,1.0657731298314623,1.068120390449421,1.033543155234969,1.0337498638660159,0.000662779825092219,0.000662779825092219,0.0,-0.002276811257739375,1
2013-04-25,1.0668119721459182,1.0691615207120198,1.0345505819878316,1.034757492104229,0.0009747311931387337,0.0009747311931387337,0.0,-0.0013042993435544714,1
2013-04-26,1.0669828343686907,1.0693327592420523,1.034716277177447,1.0349232204328824,0.000160161516024937,0.00016016151602471496,2.220446049250313e-16,-0.0011443467260896512,1
2013-04-27,1.0674055963256073,1.0697564522906475,1.0351262544180386,1.0353332796689223,0.00039622189157961785,0.0003962218915798399,-2.220446049250313e-16,-0.0007485782497343996,1
2013-04-28,1.0669818580131318,1.0693317807361664,1.0347153303477918,1.0349222734138614,-0.0003969796616526411,-0.0003969796616527521,1.1102230246251565e-16,-0.0011452607410467053,1
2013-05-02,1.0687188298961288,1.0712868354961964,1.0366070959983742,1.0368144174175737,0.001627930100171815,0.0018282957593238613,-0.0002003656591520464,0.0,0
2013-05-03,1.0687188298961288,1.0712868354961964,1.0368608463458997,1.037068218515169,0.0,0.0002447893213397556,-0.0002447893213397556,0.0,0
2013-05-06,1.0687188298961288,1.0712868354961964,1.0356403829206744,1.0358475109972585,0.0,-0.0011770754287100393,0.0011770754287100393,0.0,0
2013-05-07,1.0687188298961288,1.0712868354961964,1.0363069509977563,1.0365142123879558,0.0,0.0006436288967430759,-0.0006436288967430759,0.0,0
2013-05-08,1.0687188298961288,1.0712868354961964,1.03589034594958,1.03609752401877,0.0,-0.00040200931565215203,0.00040200931565215203,0.0,0
2013-05-09,1.0687188298961288,1.0712868354961964,1.0362018529060573,1.0364090932766385,0.0,0.00030071421912092333,-0.00030071421912092333,0.0,0
2013-05-10,1.0687188298961288,1.0712868354961964,1.03650105107702,1.0367083512872355,0.0,0.0002887450646065215,-0.0002887450646065215,0.0,0
2013-05-13,1.0687188298961288,1.0712868354961964,1.0365114662032247,1.0367187684964654,0.0,1.0048350837399411e-05,-1.0048350837399411e-05,0.0,0
2013-05-14,1.0687188298961288,1.0712868354961964,1.0365843720866557,1.0367916889610729,0.0,7.033774908249413e-05,-7.033774908249413e-05,0.0,0
2013-05-15,1.0687188298961288,1.0712868354961964,1.036666746266636,1.0368740796158893,0.0,7.946693216531742e-05,-7.946693216531742e-05,0.0,0
2013-05-16,1.0687188298961288,1.0712868354961964,1.0369507951631194,1.037158185322152,0.0,0.0002740021299094675,-0.0002740021299094675,0.0,0
2013-05-17,1.0687188298961288,1.0712868354961964,1.0365427115818378,1.0367500201241542,0.0,-0.0003935418953195935,0.0003935418953195935,0.0,0
2013-05-20,1.0687188298961288,1.0712868354961964,1.0361251597040066,1.0363323847359474,0.0,-0.00040283132876783867,0.00040283132876783867,0.0,0
2013-05-21,1.0687188298961288,1.0712868354961964,1.036222683158466,1.0364299276950977,0.0,9.41232374738199e-05,-9.41232374738199e-05,0.0,0
2013-05-22,1.0687188298961288,1.0712868354961964,1.0364735930170268,1.0366808877356302,0.0,0.00024213893658076024,-0.00024213893658076024,0.0,0
2013-05-23,1.0687188298961288,1.0712868354961964,1.0361213723853868,1.0363285966598639,0.0,-0.0003398259579530105,0.0003398259579530105,0.0,0
2013-05-24,1.0687188298961288,1.0712868354961964,1.0365143066921894,1.0367216095535279,0.0,0.00037923578962373306,-0.00037923578962373306,0.0,0
2013-05-27,1.0687188298961288,1.0712868354961964,1.036522828159084,1.0367301327247158,0.0,8.221272817410252e-06,-8.221272817410252e-06,0.0,0
2013-05-28,1.0687188298961288,1.0712868354961964,1.0365209344997741,1.036728238686674,0.0,-1.8269344951304944e-06,1.8269344951304944e-06,0.0,0
2013-05-29,1.0687188298961288,1.0712868354961964,1.0360740309026397,1.0362812457088202,0.0,-0.0004311573285782355,0.0004311573285782355,0.0,0
2013-05-30,1.0687188298961288,1.0712868354961964,1.035595881926892,1.0358030011032773,0.0,-0.0004615007822665884,0.0004615007822665884,0.0,0
2013-05-31,1.0687188298961288,1.0712868354961964,1.035659319513773,1.0358664513776759,0.0,6.125708685034148e-05,-6.125708685034148e-05,0.0,0
2013-06-03,1.0687188298961288,1.0712868354961964,1.0347200644960668,1.034927008508966,0.0,-0.0009069150443673513,0.0009069150443673513,0.0,0
2013-06-04,1.0687188298961288,1.0712868354961964,1.0340042612769276,1.034211062129183,0.0,-0.0006917844194775924,0.0006917844194775924,0.0,0
2013-06-05,1.0687188298961288,1.0712868354961964,1.0335365274273842,1.0337432347328697,0.0,-0.00045235195546078355,0.00045235195546078355,0.0,0
2013-06-06,1.0687188298961288,1.0712868354961964,1.0332846707391685,1.0334913276733164,0.0,-0.00024368436096067203,0.00024368436096067203,0.0,0
2013-06-07,1.0687188298961288,1.0712868354961964,1.0322971274090598,1.0325035868345416,0.0,-0.0009557321017859,0.0009557321017859,0.0,0
2013-06-08,1.0687188298961288,1.0712868354961964,1.031922182865701,1.0321285673022742,0.0,-0.00036321378157833095,0.00036321378157833095,0.0,0
2013-06-09,1.0687188298961288,1.0712868354961964,1.0351925324938849,1.0353995710003836,0.0,0.0031691824078263764,-0.0031691824078263764,0.0,0
2013-06-13,1.0687188298961288,1.0712868354961964,1.0338489812135163,1.034055751009759,0.0,-0.0012978757460042623,0.0012978757460042623,0.0,0
2013-06-14,1.0687188298961288,1.0712868354961964,1.0325414094600358,1.0327479177419279,0.0,-0.001264760886010352,0.001264760886010352,0.0,0
2013-06-17,1.0687188298961288,1.0712868354961964,1.0319903546008573,1.0321967526717775,0.0,-0.0005336879026156538,0.0005336879026156538,0.0,0
2013-06-18,1.0687188298961288,1.0712868354961964,1.031080451302454,1.0312866673927146,0.0,-0.0008816974832629443,0.0008816974832629443,0.0,0
2013-06-19,1.0687188298961288,1.0712868354961964,1.0262288961505106,1.0264341419297407,0.0,-0.0047053119335305205,0.0047053119335305205,0.0,0
2013-06-20,1.0687188298961288,1.0712868354961964,1.0178077931994205,1.0180113547580603,0.0,-0.008205871986920799,0.008205871986920799,0.0,0
2013-06-21,1.0687188298961288,1.0712868354961964,1.0208073495462895,1.0210115110161988,0.0,0.002947075436944724,-0.002947075436944724,0.0,0
2013-06-24,1.0687188298961288,1.0712868354961964,1.0208812022593754,1.0210853784998273,0.0,7.23473563535304e-05,-7.23473563535304e-05,0.0,0
2013-06-25,1.0687188298961288,1.0712868354961964,1.021886735352928,1.0220911126999985,0.0,0.0009849658229843516,-0.0009849658229843516,0.0,0
2013-06-26,1.0687188298961288,1.0712868354961964,1.0271624701902875,1.0273679026843254,0.0,0.005162739327991606,-0.005162739327991606,0.0,0
2013-06-27,1.0687188298961288,1.0712868354961964,1.0285666185685725,1.0287723318922861,0.0,0.0013670168245387693,-0.0013670168245387693,0.0,0
2013-06-28,1.0687188298961288,1.0712868354961964,1.0293950945166503,1.0296009735355536,0.0,0.0008054664939747269,-0.0008054664939747269,0.0,0
2013-07-01,1.0687188298961288,1.0712868354961964,1.029026777780876,1.0292325831364322,0.0,-0.00035779919463030385,0.00035779919463030385,0.0,0
2013-07-02,1.0687188298961288,1.0712868354961964,1.028907477244353,1.0291132587398018,0.0,-0.00011593530809783648,0.00011593530809783648,0.0,0
2013-07-03,1.0687188298961288,1.0712868354961964,1.0285931297989108,1.0287988484248707,0.0,-0.0003055157556868249,0.0003055157556868249,0.0,0
2013-07-04,1.0687188298961288,1.0712868354961964,1.0287436757140473,1.0289494244491901,0.0,0.00014636099617537646,-0.00014636099617537646,0.0,0
2013-07-05,1.0687188298961288,1.0712868354961964,1.0288667635691902,1.029072536921904,0.0,0.00011964871138325783,-0.00011964871138325783,0.0,0
2013-07-08,1.0687188298961288,1.0712868354961964,1.027904784639765,1.028110365596693,0.0,-0.0009349888279877039,0.0009349888279877039,0.0,0
2013-07-09,1.0687188298961288,1.0712868354961964,1.0276898543080923,1.027895392278954,0.0,-0.00020909556496329085,0.00020909556496329085,0.0,0
2013-07-10,1.0687188298961288,1.0712868354961964,1.0238693966503851,1.0240741705297152,0.0,-0.003717520068619695,0.003717520068619695,0.0,0
2013-07-11,1.0687188298961288,1.0712868354961964,1.0225050151176078,1.0227095161206314,0.0,-0.001332573800175041,0.001332573800175041,0.0,0
2013-07-12,1.0687188298961288,1.0712868354961964,1.0217030503998683,1.0219073910099483,0.0,-0.0007843137254903709,0.0007843137254903709,0.0,0
2013-07-15,1.0687188298961288,1.0712868354961964,1.0212258482537757,1.0214300934234264,0.0,-0.00046706540213015124,0.00046706540213015124,0.0,0
2013-07-16,1.0687188298961288,1.0712868354961964,1.0201227917057634,1.0203268162641046,0.0,-0.0010801298751872412,0.0010801298751872412,0.0,0
2013-07-17,1.0687188298961288,1.0712868354961964,1.017010562629956,1.0172139647424818,0.0,-0.0030508377041585932,0.0030508377041585932,0.0,0
2013-07-18,1.0687188298961288,1.0712868354961964,1.0166706507838301,1.016873984913987,0.0,-0.0003342264658950933,0.0003342264658950933,0.0,0
2013-07-19,1.0687188298961288,1.0712868354961964,1.0158033548198997,1.0160065154908637,0.0,-0.00085307465427642,0.00085307465427642,0.0,0
2013-07-22,1.0687188298961288,1.0712868354961964,1.013323607953596,1.0135262726751868,0.0,-0.0024411682187673867,0.0024411682187673867,0.0,0
2013-07-23,1.0687188298961288,1.0712868354961964,1.0121031445283706,1.0123055651572763,0.0,-0.0012044162552279358,0.0012044162552279358,0.0,0
2013-07-24,1.0687188298961288,1.0712868354961964,1.008218302454127,1.0084199461146177,0.0,-0.003838385539305822,0.003838385539305822,0.0,0
2013-07-25,1.0687188298961288,1.0712868354961964,1.0135801987900863,1.0137829148298443,0.0,0.005318189843318555,-0.005318189843318555,0.0,0
2013-07-26,1.0687188298961288,1.0712868354961964,1.0136815095631655,1.013884245865078,0.0,9.99533862244828e-05,-9.99533862244828e-05,0.0,0
2013-07-29,1.0687188298961288,1.0712868354961964,1.0129306736467936,1.0131332597815228,0.0,-0.0007407019949446925,0.0007407019949446925,0.0,0
2013-07-30,1.0687188298961288,1.0712868354961964,1.0133169801460113,1.0135196435420406,0.0,0.0003813750627443824,-0.0003813750627443824,0.0,0
2013-07-31,1.0687188298961288,1.0712868354961964,1.0139513560148252,1.0141541462860282,0.0,0.0006260389209331585,-0.0006260389209331585,0.0,0
2013-08-01,1.0687188298961288,1.0712868354961964,1.0148726212690877,1.0150755957933415,0.0,0.0009085892028226628,-0.0009085892028226628,0.0,0
2013-08-02,1.0687188298961288,1.0712868354961964,1.0152144267745233,1.0154174696598781,0.0,0.00033679645925244195,-0.00033679645925244195,0.0,0
2013-08-05,1.0687188298961288,1.0712868354961964,1.0145222942967576,1.014725198755617,0.0,-0.00068175989181396,0.00068175989181396,0.0,0
2013-08-06,1.0687188298961288,1.0712868354961964,1.0138907589169088,1.014093537068692,0.0,-0.0006224953196188876,0.0006224953196188876,0.0,0
2013-08-07,1.0687188298961288,1.0712868354961964,1.0105456097459844,1.0107477188679335,0.0,-0.003299319124377753,0.003299319124377753,0.0,0
2013-08-08,1.0687188298961288,1.0712868354961964,1.0068936877668573,1.0070950665044107,0.0,-0.0036138121267431655,0.0036138121267431655,0.0,0
2013-08-09,1.0687188298961288,1.0712868354961964,1.006251737260804,1.0064529876082562,0.0,-0.0006375553982039817,0.0006375553982039817,0.0,0
2013-08-12,1.0687188298961288,1.0712868354961964,1.004757640065299,1.0049585915933121,0.0,-0.001484814525212208,0.001484814525212208,0.0,0
2013-08-13,1.0687188298961288,1.0712868354961964,0.999986565434026,1.0001865627471127,0.0,-0.004748483058026887,0.004748483058026887,0.0,0
2013-08-14,1.0687188298961288,1.0712868354961964,0.9974888288042784,0.9976883265700391,0.0,-0.0024977701862060053,0.0024977701862060053,0.0,0
2013-08-15,1.0687188298961288,1.0712868354961964,0.9964132303162596,0.9966125129623229,0.0,-0.0010783062997388182,0.0010783062997388182,0.0,0
2013-08-16,1.0687188298961288,1.0712868354961964,0.9971309271947089,0.9973303533801477,0.0,0.0007202803582018191,-0.0007202803582018191,0.0,0
2013-08-19,1.0687188298961288,1.0712868354961964,0.9938388004844614,0.9940375682445582,0.0,-0.0033015992388375492,0.0033015992388375492,0.0,0
2013-08-20,1.0687188298961288,1.0712868354961964,0.990511641076981,0.9907097434051964,0.0,-0.0033477857836285985,0.0033477857836285985,0.0,0
2013-08-21,1.0687188298961288,1.0712868354961964,0.9918523518683846,0.9920507223387582,0.0,0.0013535537956381738,-0.0013535537956381738,0.0,0
2013-08-22,1.0687188298961288,1.0712868354961964,0.991897799691822,0.9920961792517603,0.0,4.582115811069265e-05,-4.582115811069265e-05,0.0,0
2013-08-23,1.0687188298961288,1.0712868354961964,0.9943794402174356,0.9945783161054791,0.0,0.002501911513852262,-0.002501911513852262,0.0,0
2013-08-26,1.0687188298961288,1.0712868354961964,0.9959076232805185,0.9961068048051746,0.0,0.001536820856582466,-0.001536820856582466,0.0,0
2013-08-27,1.0687188298961288,1.0712868354961964,0.9952486298406761,0.9954476795666442,0.0,-0.0006617013711288644,0.0006617013711288644,0.0,0
2013-08-28,1.0687188298961288,1.0712868354961964,0.9923456501186113,0.9925441192486351,0.0,-0.0029168387024350872,0.0029168387024350872,0.0,0
2013-08-29,1.0685051288703546,1.0712868354961964,0.9918949592028572,0.9920933381946977,-0.00019996000799848979,-0.0004541672709506006,0.0002542072629521108,-0.00019996000799848979,1
2013-08-30,1.068874354083749,1.071657021936818,0.9922377115379476,0.9924361590802552,0.00034555305671268854,0.00034555305671268854,0.0,0.0,1
2013-09-02,1.0683174563861986,1.0710986744324549,0.9917207425463471,0.9919190866948564,-0.0005210132467140527,-0.0005210132467140527,0.0,-0.0005210132467140527,1
2013-09-03,1.0683664144255434,1.0711477599273438,0.9917661903697844,0.9919645436078584,4.582723894674956e-05,4.5827238946971605e-05,-2.220446049250313e-16,-0.00047520988436577927,1
2013-09-04,1.0669619306718308,1.0697396197927136,0.9904624059349237,0.9906604984161107,-0.0013146086724074024,-0.0013146086724075134,1.1102230246251565e-16,-0.0017891938417380349,1
2013-09-05,1.0671394035644568,1.0699175547116864,0.9906271542948843,0.9908252797257433,0.00016633479370176119,0.00016633479370176119,0.0,-0.0016231566532246555,1
2013-09-06,1.0677829977900144,1.0705628244465824,0.9912246038071554,0.9914228487279168,0.0006031022970456323,0.0006031022970456323,0.0,-0.0010210332856851467,1
2013-09-09,1.0662938574266005,1.069069807310373,0.9898422325109341,0.9900402009574363,-0.0013946095475353415,-0.0013946095475352305,-1.1102230246251565e-16,-0.0024142188904519024,1
2013-09-10,1.064626224211408,1.0673978326407139,0.9882941660250973,0.9884918248583023,-0.0015639527542785636,-0.0015639527542785636,0.0,-0.003974395920447238,1
2013-09-11,1.0619161927418257,1.0646807459757082,0.9857784396319057,0.985975595319832,-0.0025455238730284213,-0.0025455238730284213,0.0,-0.006509802873779336,1
2013-09-12,1.060693261717351,1.063454631217958,0.9846431908756254,0.9848401195138005,-0.0011516266846982592,-0.0011516266846982592,0.0,-0.007653932695775967,1
2013-09-13,1.0600955656536795,1.0628553791345206,0.984088348697827,0.9842851663675666,-0.0005634956732956109,-0.0005634956732954999,-1.1102230246251565e-16,-0.008213115411113914,1
2013-09-16,1.0607208006144826,1.063482241808833,0.9846687552763088,0.984865689027364,0.0005897911292720437,0.0005897911292718216,2.220446049250313e-16,-0.0076281683044550075,1
2013-09-17,1.0636440035470467,1.0664130548995017,0.9873823690673843,0.9875798455411977,0.0027558646260832376,0.0027558646260832376,0.0,-0.004893325877563859,1
2013-09-18,1.0642478193656364,1.0670184426698004,0.9879428922231124,0.988140480801557,0.0005676860082659552,0.0005676860082659552,0.0,-0.004328417741932489,1
2013-09-22,1.0692017609718694,1.0719852811838888,0.9925416438571852,0.9927401521859567,0.0046548759753963775,0.0046548759753961555,2.220446049250313e-16,0.0,1
2013-09-23,1.0684429113620202,1.0712244560131081,0.9918372025939055,0.9920355700344242,-0.0007097347175704094,-0.0007097347175702984,-1.1102230246251565e-16,-0.0007097347175704094,1
2013-09-24,1.0675361676749826,1.0703153517431832,0.9909954710306583,0.9911936701248645,-0.0008486589946875567,-0.0008486589946876677,1.1102230246251565e-16,-0.001557791389506069,1
2013-09-25,1.0681399834935723,1.0709207395134819,0.9915559941863864,0.9917543053852237,0.0005656162637606155,0.0005656162637606155,0.0,-0.0009930562378909213,1
2013-09-26,1.0698626945030283,1.0726479353648914,0.9931551894735903,0.993353820511485,0.0016128138971274186,0.0016128138971274186,0.0,0.0,1
2013-09-27,1.0691936012986452,1.071977100268074,0.9925340692199458,0.9927325760337897,-0.0006254010050270598,-0.0006254010050269487,-1.1102230246251565e-16,-0.0006254010050270598,1
2013-09-29,1.068838655513393,1.071621230430128,0.9922045725000245,0.9924030134145244,-0.0003319752239641094,-0.0003319752239641094,0.0,-0.0009571686113524214,1
2013-09-30,1.0692292998690012,1.072012891774764,0.9925672082578688,0.9927657216995204,0.00036548486864029783,0.0003654848686400758,2.220446049250313e-16,-0.0005920335733562432,1
2013-10-08,1.0691089446889444,1.071892223266495,0.992455482358585,0.9926539734550568,-0.00011256255330038822,-0.00011256255330038822,0.0,-0.0007045294858458728,1
2013-10-09,1.0684123125874296,1.0711937775788025,0.9918087977042571,0.9920071594637979,-0.0006516006670558294,-0.0006516006670557184,-1.1102230246251565e-16,-0.001355671081018861,1
2013-10-10,1.0689732901215923,1.071756215541073,0.9923295540144773,0.9925280199252802,0.0005250571596315812,0.0005250571596315812,0.0,-0.0008313257261943763,1
2013-10-11,1.0687335997206318,1.0715159011390119,0.992107049045565,0.9923054704553741,-0.00022422487369466726,-0.00022422487369455624,-1.1102230246251565e-16,-0.0010553641959831772,1
2013-10-12,1.0687611386177633,1.071543511729887,0.9921326134462486,0.9923310399689378,2.5767784543218042e-05,2.5767784543218042e-05,0.0,-0.0010296236058372488,1
2013-10-14,1.0660766061270068,1.0688519904268028,0.9896405577944306,0.9898384859059894,-0.0025118170877997947,-0.0025118170878000168,2.220446049250313e-16,-0.003538854467469932,1
2013-10-15,1.0650607268105956,1.0678334664078544,0.9886975154581042,0.9888952549611959,-0.0009529139937718423,-0.0009529139937717312,-1.1102230246251565e-16,-0.004488396237297798,1
2013-10-16,1.0640397476984196,1.0668098293165216,0.9877497389735034,0.987947288921298,-0.000958611172560464,-0.000958611172560464,0.0,-0.005442704783078289,1
2013-10-17,1.063254379150592,1.0660224161693428,0.9870206801391949,0.9872180842752227,-0.0007381007612980994,-0.0007381007612983215,2.220446049250313e-16,-0.006176788279832479,1
2013-10-18,1.062240539752487,1.0650059373793481,0.9860795314621785,0.9862767473684709,-0.0009535247801328861,-0.0009535247801328861,0.0,-0.007124423339278985,1
2013-10-21,1.0615112689580755,1.0642747680283962,0.9854025482588921,0.9855996287685438,-0.000686540164039906,-0.000686540164039906,0.0,-0.007806072300550859,1
2013-10-22,1.0607748584495929,1.0635364403761065,0.9847189372480211,0.9849158810354707,-0.0006937378151485873,-0.0006937378151485873,0.0,-0.00849439474815683,1
2013-10-23,1.0594866500393247,1.0622448782918377,0.9835230913938242,0.9837197960121029,-0.0012144032261011128,-0.0012144032261011128,0.0,-0.00969848235387194,1
2013-10-24,1.0576782624610148,1.0604317828243723,0.9818443624156048,0.9820407312880879,-0.0017068526330584755,-0.0017068526330584755,0.0,-0.011388781106788093,1
2013-10-25,1.0572284604745315,1.059980809840079,0.9814268105377736,0.9816230958998812,-0.00042527297992944746,-0.0004252729799292254,-2.220446049250313e-16,-0.011809210745838405,1
2013-10-28,1.0571081052944749,1.0598601413318098,0.98131508463849,0.9815113476554177,-0.00011384027630378935,-0.00011384027630378935,0.0,-0.011921706658327924,1
2013-10-29,1.0561952418525193,1.058944901375024,0.9804676720973133,0.9806637656317327,-0.0008635478598484347,-0.0008635478598485458,1.1102230246251565e-16,-0.01277495955390584,1
2013-10-30,1.0550120892350126,1.0577586685818714,0.9793693496975759,0.9795652235675154,-0.0011202025635256296,-0.0011202025635256296,0.0,-0.013880851574990305,1
2013-10-31,1.056712361143102,1.0594633669147897,0.980947714732371,0.9811439042753174,0.0016116136729031894,0.0016116136729031894,0.0,-0.012291608472276838,1
2013-11-01,1.0581964017107506,1.060951270978615,0.9823253518803174,0.9825218169506935,0.0014043940642876063,0.0014043940642873842,2.220446049250313e-16,-0.0109044766699683,1
2013-11-04,1.057422252713606,1.0601751065906815,0.9816067081722134,0.9818030295138478,-0.0007315740215078081,-0.0007315740215076971,-1.1102230246251565e-16,-0.011628073259626337,1
2013-11-05,1.0560697868766975,1.0588191197943708,0.980351212049755,0.9805472822921649,-0.0012790215388768233,-0.0012790215388770454,2.220446049250313e-16,-0.012892222242348428,1
2013-11-06,1.0545316884739386,1.0572770171632722,0.9789233929300962,0.9791191776086823,-0.0014564363282352222,-0.0014564363282352222,0.0,-0.014329881869758254,1
2013-11-07,1.0498929142459896,1.0526261665225323,0.9746172116594016,0.9748121351017335,-0.004398895053274288,-0.004398895053274177,-1.1102230246251565e-16,-0.01866574127656162,1
2013-11-08,1.047741820392264,1.0504694725908434,0.9726203479171205,0.9728148719867039,-0.0020488697699904135,-0.0020488697699903025,-1.1102230246251565e-16,-0.02067636737351597,1
2013-11-11,1.0414731514377844,1.0441844840160879,0.9668011328578221,0.9669944930843937,-0.005983028292344539,-0.005983028292344761,2.220446049250313e-16,-0.02653568837488196,1
2013-11-12,1.0413181176465247,1.0440290466156057,0.9666572147502702,0.9668505461932203,-0.00014886009403669576,-0.00014886009403658473,-1.1102230246251565e-16,-0.026680598363851837,1
2013-11-13,1.036956772308198,1.0396563471125704,0.962608571145721,0.9628010928599501,-0.0041882929571835925,-0.0041882929571835925,0.0,-0.03075714515881467,1
2013-11-14,1.0343109982652563,1.0370036851596067,0.9601524950207909,0.9603445255197951,-0.0025514795925893896,-0.0025514795925895006,1.1102230246251565e-16,-0.03323014852320505,1
2013-11-15,1.0293918474657326,1.032278183662056,0.9557771951852853,0.9559683506243223,-0.004755968763528573,-0.004556880139556241,-0.00019908862397233218,-0.0378280757383499,0
2013-11-18,1.0293918474657326,1.032278183662056,0.9540369222794944,0.9542277296639503,0.0,-0.0018207935014116217,0.0018207935014116217,-0.0378280757383499,0
2013-11-19,1.0293918474657326,1.032278183662056,0.9516064105552479,0.9517967318373589,0.0,-0.0025476076108661427,0.0025476076108661427,-0.0378280757383499,0
2013-11-20,1.0293918474657326,1.032278183662056,0.9483493165422336,0.948538986405542,0.0,-0.003422732315468302,0.003422732315468302,-0.0378280757383499,0
2013-11-21,1.0293918474657326,1.032278183662056,0.9481817276933081,0.9483713640388467,0.0,-0.00017671637022587117,0.00017671637022587117,-0.0378280757383499,0
2013-11-22,1.0293918474657326,1.032278183662056,0.9530294955266317,0.9532201014257371,0.0,0.005112699065733972,-0.005112699065733972,-0.0378280757383499,0
2013-11-25,1.0293918474657326,1.032278183662056,0.9528353954473678,0.9530259625264573,0.0,-0.0002036663924621651,0.0002036663924621651,-0.0378280757383499,0
2013-11-26,1.0293918474657326,1.032278183662056,0.9530891457948935,0.9532797636240524,0.0,0.00026631079065486674,-0.00026631079065486674,-0.0378280757383499,0
2013-11-27,1.0293918474657326,1.032278183662056,0.9556919805163402,0.9558831189124435,0.0,0.0027309457178592567,-0.0027309457178592567,-0.0378280757383499,0
2013-11-28,1.0293918474657326,1.032278183662056,0.9606173883813695,0.9608095118590457,0.0,0.005153760798922047,-0.005153760798922047,-0.0378280757383499,0
2013-11-29,1.0293918474657326,1.032278183662056,0.9654414854733195,0.9656345737704142,0.0,0.005021871507113307,-0.005021871507113307,-0.0378280757383499,0
2013-12-02,1.0293918474657326,1.032278183662056,0.9605179712676002,0.9607100748618537,0.0,-0.005099754133007339,0.005099754133007339,-0.0378280757383499,0
2013-12-03,1.0293918474657326,1.032278183662056,0.963170987960759,0.963363622158351,0.0,0.002762068771766435,-0.002762068771766435,-0.0378280757383499,0
2013-12-04,1.0293918474657326,1.032278183662056,0.9621957534161645,0.9623881925668477,0.0,-0.0010125248338919146,0.0010125248338919146,-0.0378280757383499,0
2013-12-05,1.0293918474657326,1.032278183662056,0.959940405178083,0.9601323932591186,0.0,-0.0023439598751856527,0.0023439598751856527,-0.0378280757383499,0
2013-12-06,1.0293918474657326,1.032278183662056,0.9597879656036367,0.9599799231967574,0.0,-0.00015880108142551919,0.00015880108142551919,-0.0378280757383499,0
2013-12-09,1.0293918474657326,1.032278183662056,0.9571860777118449,0.9573775149273873,0.0,-0.0027108986411965574,0.0027108986411965574,-0.0378280757383499,0
2013-12-10,1.0293918474657326,1.032278183662056,0.952957536472856,0.9531481279801505,0.0,-0.004417679422476839,0.004417679422476839,-0.0378280757383499,0
2013-12-11,1.0293918474657326,1.032278183662056,0.9502694870824642,0.9504595409798806,0.0,-0.0028207441439006553,0.0028207441439006553,-0.0378280757383499,0
2013-12-12,1.0293918474657326,1.032278183662056,0.9513498197187575,0.9515400896827013,0.0,0.0011368697521902948,-0.0011368697521902948,-0.0378280757383499,0
2013-12-13,1.0293918474657326,1.032278183662056,0.9555234448377598,0.9557145495267273,0.0,0.0043870561937311425,-0.0043870561937311425,-0.0378280757383499,0
2013-12-16,1.0293918474657326,1.032278183662056,0.9547697684324227,0.9549607223861092,0.0,-0.0007887576274646646,0.0007887576274646646,-0.0378280757383499,0
2013-12-17,1.0293918474657326,1.032278183662056,0.9547025435269215,0.9548934840356269,0.0,-7.040954555104229e-05,7.040954555104229e-05,-0.0378280757383499,0
2013-12-18,1.0293918474657326,1.032278183662056,0.954046390576044,0.9542371998541592,0.0,-0.0006872852233675841,0.0006872852233675841,-0.0378280757383499,0
2013-12-19,1.0293918474657326,1.032278183662056,0.9527018924660204,0.9528924328445136,0.0,-0.0014092586307168364,0.0014092586307168364,-0.0378280757383499,0
2013-12-20,1.0293918474657326,1.032278183662056,0.9523657679385147,0.9525562410921024,0.0,-0.0003528118608390196,0.0003528118608390196,-0.0378280757383499,0
2013-12-23,1.0293918474657326,1.032278183662056,0.9517209769434964,0.9519113211388851,0.0,-0.0006770413392891417,0.0006770413392891417,-0.0378280757383499,0
2013-12-24,1.0293918474657326,1.032278183662056,0.9528013095797899,0.9529918698417058,0.0,0.0011351358880025142,-0.0011351358880025142,-0.0378280757383499,0
2013-12-25,1.0293918474657326,1.032278183662056,0.9531024014100626,0.9532930218903446,0.0,0.00031600694420275133,-0.00031600694420275133,-0.0378280757383499,0
2013-12-26,1.0293918474657326,1.032278183662056,0.9534461005748083,0.9536367897949232,0.0,0.00036061095244033226,-0.00036061095244033226,-0.0378280757383499,0
2013-12-27,1.0293918474657326,1.032278183662056,0.9530739965204142,0.9532646113197183,0.0,-0.0003902727738565037,0.0003902727738565037,-0.0378280757383499,0
2013-12-30,1.0293918474657326,1.032278183662056,0.9533542580982783,0.953544928949898,0.0,0.00029406066988224566,-0.00029406066988224566,-0.0378280757383499,0
2013-12-31,1.0293918474657326,1.032278183662056,0.9529973033183636,0.9531879027790273,0.0,-0.00037441987265751653,0.00037441987265751653,-0.0378280757383499,0
2014-01-02,1.0293918474657326,1.032278183662056,0.9517115086469471,0.9519018509486764,0.0,-0.0013492112379954735,0.0013492112379954735,-0.0378280757383499,0
2014-01-03,1.0293918474657326,1.032278183662056,0.9505809940389413,0.9507711102377491,0.0,-0.0011878753148767407,0.0011878753148767407,-0.0378280757383499,0
2014-01-06,1.0293918474657326,1.032278183662056,0.950114207019053,0.9503042298604568,0.0,-0.0004910544422994656,0.0004910544422994656,-0.0378280757383499,0
2014-01-07,1.0293918474657326,1.032278183662056,0.949412606244738,0.949602488765987,0.0,-0.0007384383573384445,0.0007384383573384445,-0.0378280757383499,0
2014-01-08,1.0293918474657326,1.032278183662056,0.9506898794492602,0.95088001742515,0.0,0.0013453299399239782,-0.0013453299399239782,-0.0378280757383499,0
2014-01-09,1.0293918474657326,1.032278183662056,0.9515590690725007,0.9517493808863151,0.0,0.0009142725109727579,-0.0009142725109727579,-0.0378280757383499,0
2014-01-10,1.0293918474657326,1.032278183662056,0.9524547699260796,0.9526452608800647,0.0,0.0009412982154139993,-0.0009412982154139993,-0.0378280757383499,0
2014-01-13,1.0293918474657326,1.032278183662056,0.952396066487473,0.9525865457007705,0.0,-6.163383339574668e-05,6.163383339574668e-05,-0.0378280757383499,0
2014-01-14,1.0293918474657326,1.032278183662056,0.9521754551778705,0.9523658902689061,0.0,-0.00023163819902793925,0.00023163819902793925,-0.0378280757383499,0
2014-01-15,1.0293918474657326,1.032278183662056,0.9532633624514035,0.9534540151238938,0.0,0.0011425491674008637,-0.0011425491674008637,-0.0378280757383499,0
2014-01-16,1.0293918474657326,1.032278183662056,0.9527530212673877,0.9529435718716411,0.0,-0.0005353622137573844,0.0005353622137573844,-0.0378280757383499,0
2014-01-17,1.0293918474657326,1.032278183662056,0.9524718128598687,0.9526623072224406,0.0,-0.0002951535195815369,0.0002951535195815369,-0.0378280757383499,0
2014-01-20,1.0291860102636798,1.032278183662056,0.9524263650364312,0.9526168503094384,-0.00019996000799848979,-4.7715662368053025e-05,-0.00015224434563043676,-0.038020471644021114,1
2014-01-21,1.0308936279864507,1.0339909318957785,0.9540066237305361,0.9541974250552823,0.001659192513055352,0.001659192513055352,0.0,-0.0364243624128604,1
2014-01-22,1.0329787837198279,1.0360823524472023,0.9559362625673162,0.9561274498198297,0.0020226681752315567,0.0020226681752317788,-2.220446049250313e-16,-0.03447536863628442,1
2014-01-23,1.0344725655504123,1.0375806223221182,0.9573186338635374,0.9575100975903101,0.0014460914920297885,0.0014460914920295664,2.220446049250313e-16,-0.03307913168152421,1
2014-01-24,1.0332192212062576,1.036323512324329,0.9561587675362285,0.9563499992897357,-0.0012115781373939205,-0.0012115781373939205,0.0,-0.034250631866168835,1
2014-01-26,1.0355417450113444,1.0386530141161505,0.958308070852956,0.9584997324671266,0.002247851915080812,0.00224785191508059,2.220446049250313e-16,-0.03207977029952114,1
2014-01-27,1.0361341420523775,1.0392471910049015,0.9588562852231699,0.9590480564802145,0.0005720648577296483,0.0005720648577298704,-2.220446049250313e-16,-0.031526057151023745,1
2014-01-28,1.0374693374557422,1.0405863979821381,0.9600918979228744,0.960283916302459,0.0012886317988902718,0.0012886317988904938,-2.220446049250313e-16,-0.03027805083187185,1
2014-01-29,1.0370273417360079,1.040143074293122,0.9596828675119378,0.9598748040854401,-0.00042603256190520966,-0.0004260325619053207,1.1102230246251565e-16,-0.030691183958211687,1
2014-01-30,1.0364042505477709,1.0395181110370781,0.9591062482520755,0.9592980695017259,-0.0006008435488248365,-0.0006008435488248365,0.0,-0.03127358690714932,1
2014-02-07,1.0383420743745702,1.0414617570254965,0.9608995436185435,0.9610917235272671,0.0018697567341847687,0.0018697567341847687,0.0,-0.02946230417268647,1
2014-02-08,1.0386633397819696,1.0417839876698276,0.9611968481301965,0.9613890874998224,0.00030940228208797826,0.0003094022820882003,-2.220446049250313e-16,-0.029162017594745127,1
2014-02-10,1.0379164488666774,1.0410348527323698,0.9605056624820859,0.9606977636145823,-0.0007190885503370881,-0.0007190885503370881,0.0,-0.02986013607212512,1
2014-02-11,1.037622939153456,1.04094865090395,0.9604261287910705,0.9606182140168287,-0.00028278741852683087,-8.280397932258765e-05,-0.00019998343920424322,-0.030134479419855253,0
2014-02-12,1.037622939153456,1.04094865090395,0.9601733252731999,0.9603653599382544,0.0,-0.0002632201585236471,0.0002632201585236471,-0.030134479419855253,0
2014-02-13,1.037622939153456,1.04094865090395,0.9604393844062397,0.9606314722831208,0.0,0.00027709490155247707,-0.00027709490155247707,-0.030134479419855253,0
2014-02-14,1.037622939153456,1.04094865090395,0.9605444824979386,0.9607365913944381,0.0,0.00010942709493733105,-0.00010942709493733105,-0.030134479419855253,0
2014-02-17,1.037622939153456,1.04094865090395,0.9601307179387272,0.9603227440823149,0.0,-0.0004307604350975991,0.0004307604350975991,-0.030134479419855253,0
2014-02-18,1.037622939153456,1.04094865090395,0.959239751233423,0.9594315991836696,0.0,-0.0009279639622581382,0.0009279639622581382,-0.030134479419855253,0
2014-02-19,1.037622939153456,1.04094865090395,0.958468085064642,0.9586597786816549,0.0,-0.0008044559952700148,0.0008044559952700148,-0.030134479419855253,0
2014-02-20,1.037622939153456,1.04094865090395,0.9583563591653583,0.9585480304371914,0.0,-0.00011656715651220395,0.00011656715651220395,-0.030134479419855253,0
2014-02-21,1.037622939153456,1.04094865090395,0.9587057393080334,0.958897480455895,0.0,0.00036456182435040674,-0.00036456182435040674,-0.030134479419855253,0
2014-02-24,1.0374154560622435,1.04094865090395,0.9596317387105705,0.9598236650583126,-0.00019996000799837876,0.0009658849056286556,-0.0011658449136270344,-0.030328413737107818,1
2014-02-25,1.0456030379999062,1.0491641178341673,0.967205429120484,0.9673988702063081,0.007892288368963163,0.007892288368963385,-2.220446049250313e-16,-0.022675485955131136,1
2014-02-26,1.0443993129894436,1.0479562932173483,0.9660919574462675,0.9662851758377567,-0.0011512256245593822,-0.0011512256245593822,0.0,-0.023800606979209604,1
2014-02-27,1.0491302798247826,1.0527033726212067,0.9704682041114282,0.9706622977522504,0.004529844836643315,0.004529844836643315,0.0,-0.019378575199200054,1
2014-02-28,1.0473840596990602,1.05095120527742,0.9688529127200901,0.9690466833026341,-0.0016644454547760645,-0.0016644454547761756,1.1102230246251565e-16,-0.0210107660725658,1
2014-03-03,1.0455446941856237,1.0491055753144745,0.967151459830152,0.9673448901221181,-0.0017561519066511266,-0.0017561519066513487,2.220446049250313e-16,-0.022730019882318486,1
2014-03-04,1.0415998334795664,1.045147279333845,0.9635023783399901,0.9636950788156581,-0.0037730196786374126,-0.0037730196786373016,-1.1102230246251565e-16,-0.02641727874864397,1
2014-03-05,1.0413787411307058,1.0449254339960619,0.9632978631345217,0.9634905227071486,-0.0002122622736238089,-0.0002122622736238089,0.0,-0.026623933630617658,1
2014-03-06,1.040574210639019,1.0441181634613512,0.9625536550257342,0.9627461657567393,-0.0007725628149594099,-0.0007725628149592989,-1.1102230246251565e-16,-0.02737592778446618,1
2014-03-07,1.041082927756536,1.044628613150602,0.9630242293642424,0.9632168342101152,0.0004888811507299806,0.0004888811507297586,2.220446049250313e-16,-0.02690043020881383,1
2014-03-10,1.042700177345423,1.0462513707140153,0.964520220219057,0.9647131242631009,0.0015534301310384802,0.0015534301310387022,-2.220446049250313e-16,-0.025388788016599495,1
2014-03-11,1.0419632028492214,1.0455118862547383,0.963838502867496,0.9640312705680695,-0.0007067942561186369,-0.0007067942561186369,0.0,-0.026077637623178163,1
2014-03-12,1.0436582441904851,1.0472127005110754,0.9654064527760866,0.9655995340666418,0.0016267765854194316,0.0016267765854194316,0.0,-0.02449328352804714,1
2014-03-13,1.0445815094621156,1.0481391102086695,0.9662604931248479,0.9664537452234728,0.0008846432984837005,0.0008846432984837005,0.0,-0.02363030804869437,1
2014-03-14,1.0450370006437957,1.0485961526869727,0.9666818323212989,0.9668751686877631,0.0004360513541108446,0.00043605135411106666,-2.220446049250313e-16,-0.023204560722406176,1
2014-03-17,1.04654677478532,1.0501110687667414,0.9680784060623444,0.9682720217435569,0.001444708790783844,0.001444708790783844,0.0,-0.02179337576448437,1
2014-03-18,1.045789328775335,1.0493510430724846,0.9673777521176842,0.9675712276681077,-0.0007237574356295795,-0.0007237574356298015,2.220446049250313e-16,-0.022501360082356925,1
2014-03-19,1.0450656607630926,1.0486249104159446,0.9667083435516374,0.9669016852203477,-0.0006919825937503621,-0.0006919825937503621,0.0,-0.023177772126594554,1
2014-03-20,1.0447831538728818,1.0483414413732217,0.9664470185668723,0.9666403079705856,-0.0002703245363593343,-0.00027032453635911224,-2.220446049250313e-16,-0.02344183114244991,1
2014-03-21,1.0450462128249982,1.0486053962427135,0.9666903537881935,0.9668836918589511,0.0002517833017705584,0.0002517833017705584,0.0,-0.023195950102323892,1
2014-03-24,1.0451260517287535,1.0486855070591354,0.9667642065012791,0.9669575593425794,7.6397486326929e-05,7.639748632670695e-05,2.220446049250313e-16,-0.02312132472827777,1
2014-03-25,1.0449499967102165,1.048508852438308,0.9666013518006284,0.9667946720709886,-0.00016845338248505648,-0.0001684533824851675,1.1102230246251565e-16,-0.023285883245404926,1
2014-03-26,1.0450400713708632,1.0485992338722196,0.9666846728102637,0.9668780097448257,8.619997218084485e-05,8.619997218084485e-05,0.0,-0.02320169051571208,1
2014-03-27,1.0448517334440561,1.0484102545104044,0.9665104561537536,0.9667037582449843,-0.00018022077044377305,-0.00018022077044377305,0.0,-0.023377729859615504,1
2014-03-28,1.0438189455736846,1.0473739492056677,0.9655551050319131,0.9657482160529195,-0.0009884539952547122,-0.0009884539952546012,-1.1102230246251565e-16,-0.024343076044390455,1
2014-03-31,1.0449489731345272,1.048507825376559,0.9666004049709735,0.9667937250519677,0.0010825896249866407,0.0010825896249866407,0.0,-0.023286839980969698,1
2014-04-01,1.044941808104703,1.048500635944316,0.966593777163389,0.9667870959188216,-6.856822685419317e-06,-6.856822685419317e-06,0.0,-0.023293537129922548,1
2014-04-02,1.0442386116062439,1.047795044522756,0.965943305190441,0.966136493851479,-0.0006729527835953597,-0.0006729527835952487,-1.1102230246251565e-16,-0.02395081446286651,1
2014-04-03,1.043276450458425,1.0468296064787,0.9650532853147917,0.9652462959718546,-0.0009213997041718214,-0.0009213997041719324,1.1102230246251565e-16,-0.02485014589367751,1
2014-04-04,1.042554829597561,1.046105527945658,0.9643857704080548,0.9645786475621364,-0.0006916870984167156,-0.0006916870984167156,0.0,-0.025524644466785706,1
2014-04-08,1.0424923914805218,1.0460428771789692,0.964328013799103,0.9645208794018628,-5.988952836510908e-05,-5.988952836510908e-05,0.0,-0.025583005336232034,1
2014-04-09,1.0421413050191368,1.0456905949990636,0.9640032512274564,0.964196051877702,-0.0003367760419683563,-0.00033677604196846733,1.1102230246251565e-16,-0.025911165634921574,1
2014-04-10,1.0427329317674765,1.0462842366899832,0.9645505187680153,0.9647434288717689,0.0005677030029327401,0.0005677030029329622,-2.220446049250313e-16,-0.02535817247852923,1
2014-04-11,1.0435794288624192,1.0471336167564027,0.9653335468926558,0.9655266136020343,0.0008118062345148225,0.0008118062345148225,0.0,-0.02456695216652849,1
2014-04-14,1.0453737570455324,1.0489340560023923,0.9669933392777761,0.9671867379456316,0.0017193978086260664,0.0017193978086258443,2.220446049250313e-16,-0.022889794721622225,1
2014-04-15,1.0460697885141672,1.0496324579917093,0.9676371834431393,0.967830710879828,0.0006658206827403479,0.0006658206827403479,0.0,-0.022239214537631224,1
2014-04-16,1.046909120579286,1.050474648625886,0.9684135837601953,0.9686072664769473,0.0008023671788772724,0.0008023671788772724,0.0,-0.021454691374583112,1
2014-04-17,1.051246010774295,1.054826309256381,0.9724253010082016,0.9726197860684032,0.004142566064004871,0.004142566064004871,0.0,-0.017401002786980202,1
2014-04-18,1.0511180638131488,1.0546979265377565,0.9723069473013334,0.9725014086907936,-0.0001217098184771448,-0.00012170981847703377,-1.1102230246251565e-16,-0.01752059473256684,1
2014-04-21,1.0516564646256517,1.0552381610177284,0.9728049796998349,0.9729995406957749,0.000512217258021197,0.000512217258021197,0.0,-0.01701735182553854,1
2014-04-22,1.0516789832908133,1.0552607563762062,0.9728258099522437,0.9730203751142341,2.1412567619893963e-05,2.1412567619893963e-05,0.0,-0.01699630364311533,1
2014-04-23,1.0503360519866236,1.053913251361524,0.9715835694449546,0.9717778861588435,-0.001276940326398357,-0.001276940326398246,-1.1102230246251565e-16,-0.018251540703992042,1
2014-04-24,1.05053769639739,1.054115582526076,0.971770094886979,0.9719644489059563,0.00019198085259009012,0.00019198085258986808,2.220446049250313e-16,-0.01806306379774747,1
2014-04-25,1.0501047238808716,1.0536811354062507,0.9713695859429369,0.9715638598601254,-0.0004121437222130986,-0.0004121437222130986,0.0,-0.018467762941612453,1
2014-04-28,1.05014361975706,1.0537201637527127,0.9714055654698247,0.9715998465829186,3.703999734860908e-05,3.703999734860908e-05,0.0,-0.01843140699015422,1
2014-04-29,1.0508365804986273,1.0544154845567828,0.9720465691462232,0.9722409784600524,0.0006598723532003081,0.0006598723532003081,0.0,-0.017783697012857314,1
2014-04-30,1.051548989178289,1.0551303195340838,0.9727055625860657,0.9729001036985828,0.0006779443092128634,0.0006779443092126414,2.220446049250313e-16,-0.01711780905983118,1
2014-05-04,1.0533678831779423,1.0569554082620494,0.9743880788829048,0.9745829564986813,0.0017297282564787686,0.0017297282564787686,0.0,-0.015417689961372272,1
2014-05-05,1.0534548871115215,1.057042708510714,0.9744685594035752,0.9746634531154559,8.259596193194163e-05,8.259596193194163e-05,0.0,-0.015336367438373522,1
2014-05-06,1.0548449028974132,1.0584374583658502,0.9757543540749919,0.9759495049458069,0.0013194829725484691,0.001319482972548247,2.220446049250313e-16,-0.01403712054152062,1
2014-05-07,1.0563659363715183,1.059963672124858,0.9771613429422418,0.9773567752108302,0.0014419498733200253,0.0014419498733200253,0.0,-0.012615411492387318,1
2014-05-08,1.059126520005207,1.0627336576618995,0.9797149425216313,0.9799108855101356,0.0026132834642234037,0.002613283464223626,-2.220446049250313e-16,-0.010035095674411298,1
2014-05-09,1.068624278825006,1.0722637636308314,0.9885005748898755,0.9886982750048535,0.008967539420835502,0.008967539420835502,0.0,-0.0011575463696279487,1
2014-05-12,1.0674676382962451,1.0711031838544662,0.9874306573797865,0.9876281435112625,-0.0010823640747079644,-0.0010823640747079644,0.0,-0.002238657557730561,1
2014-05-13,1.0660817168131103,1.0697125422463258,0.9861486500269896,0.986345879756995,-0.0012983264629425895,-0.0012983264629425895,0.0,-0.003534077512324485,1
2014-05-14,1.065456312067028,1.0690850075176894,0.9855701371078176,0.9857672511352391,-0.0005866386565110959,-0.0005866386565109849,-1.1102230246251565e-16,-0.004118642942351758,1
2014-05-15,1.0644839151623173,1.0681092988561434,0.9846706489356188,0.9848675830654059,-0.0009126576976432599,-0.0009126576976432599,0.0,-0.0050275417288099256,1
2014-05-16,1.0639577972580845,1.0675813891171597,0.9841839784929766,0.9843808152886752,-0.0004942469273033767,-0.0004942469273033767,0.0,-0.0055193038090619595,1
2014-05-19,1.0640652727054472,1.0676892306008041,0.9842833956067458,0.9844802522858671,0.00010101476547252908,0.00010101476547252908,0.0,-0.005418846574769209,1
2014-05-20,1.0648401195021482,1.068466716344794,0.9850001456555402,0.9851971456846712,0.0007281947983612813,0.0007281947983615034,-2.220446049250313e-16,-0.0046945977522967475,1
2014-05-21,1.0647940585961355,1.0684204985660892,0.9849575383210675,0.9851545298287316,-4.325617073308585e-05,-4.3256170733196875e-05,1.1102230246251565e-16,-0.004737650852708053,1
2014-05-22,1.0648114593828515,1.0684379586158221,0.9849736344252015,0.9851706291520865,1.634192694388581e-05,1.634192694388581e-05,0.0,-0.0047213863481081475,1
2014-05-23,1.0662055694714996,1.0698368167179544,0.986263216415238,0.986460469058521,0.0013092553393969641,0.0013092553393969641,0.0,-0.0034183125089968236,1
2014-05-26,1.0656088248447142,1.06923803971829,0.9857112147264044,0.9859083569693498,-0.0005596900296451768,-0.0005596900296452878,1.1102230246251565e-16,-0.003976089343212474,1
2014-05-27,1.065929204035424,1.0695595100457256,0.9860075724084026,0.9862047739228843,0.0003006536575524965,0.00030065365755271856,-2.220446049250313e-16,-0.0036766311114637684,1
2014-05-28,1.0672629231584112,1.070897771504667,0.9872412914487974,0.9874387397070871,0.0012512267399542587,0.0012512267399542587,0.0,-0.002430004670669228,1
2014-05-29,1.069394007743261,1.0730361140660762,0.9892125907903949,0.9894104333085529,0.0019967756197725173,0.0019967756197722952,2.220446049250313e-16,-0.00043808122497901447,1
2014-05-30,1.071706265225094,1.0753562465570576,0.9913514789809182,0.9915497492767144,0.002162212865501667,0.002162212865501667,0.0,0.0,1
2014-06-03,1.0756787624747586,1.0793422732049103,0.9950261248717637,0.995225130096738,0.003706703393051791,0.003706703393051791,0.0,0.0,1
2014-06-04,1.077248927581944,1.0809177859278698,0.996478561562451,0.9966778572747634,0.0014596970414968435,0.0014596970414968435,0.0,0.0,1
2014-06-05,1.0760533911769945,1.0797181778050429,0.995372664525474,0.995571739058379,-0.0011098051474814907,-0.0011098051474814907,0.0,-0.0011098051474814907,1
2014-06-06,1.0753829491005888,1.0790454523594506,0.9947524911014843,0.9949514415997046,-0.000623056515506426,-0.0006230565155065371,1.1102230246251565e-16,-0.001732170191659943,1
2014-06-09,1.0743245718379881,1.0779834705109888,0.99377346923827,0.9939722239321177,-0.0009841863900538206,-0.0009841863900539316,1.1102230246251565e-16,-0.0027146518033858147,1
2014-06-10,1.0752058705063625,1.0788677706768743,0.9945886895711786,0.9947876073090929,0.0008203281312524346,0.0008203281312526567,-2.220446049250313e-16,-0.0018965505773742564,1
2014-06-11,1.0749868253088803,1.0786479794625892,0.9943860680250202,0.9945849452386252,-0.00020372395974643798,-0.00020372395974643798,0.0,-0.002099888164327268,1
2014-06-12,1.0749039156780578,1.0785647874609205,0.9943093748229695,0.9945082366979341,-7.712618319644093e-05,-7.712618319655196e-05,1.1102230246251565e-16,-0.0021768523911644966,1
2014-06-13,1.0739049058054289,1.0775623751939005,0.9933852690797422,0.9935839461335582,-0.0009293945794203173,-0.0009293945794203173,0.0,-0.0031042238157723556,1
2014-06-16,1.0747759687169116,1.078436404742296,0.9941910211161012,0.9943898593203244,0.0008111173594365084,0.0008111173594365084,0.0,-0.0022956243461603743,1
2014-06-17,1.0753317703161303,1.0789940992720006,0.994705149618737,0.9949040906486607,0.0005171325144923689,0.0005171325144925909,-2.220446049250313e-16,-0.001779678973658383,1
2014-06-18,1.0754034206143723,1.0790659935944305,0.9947714276945833,0.9949703819801221,6.663087636749054e-05,6.663087636749054e-05,0.0,-0.001713166678860456,1
2014-06-19,1.0751915404467143,1.0788533918123882,0.9945754339560093,0.9947743490428005,-0.00019702389224041106,-0.00019702389224041106,0.0,-0.0019098530363337307,1
2014-06-20,1.0758824540369034,1.0795466584929605,0.995214543973098,0.9954135868818926,0.0006425958205569238,0.0006425958205569238,0.0,-0.0012684844793559025,1
2014-06-23,1.0756889982316504,1.0793525438224003,0.9950355931683132,0.9952346002869469,-0.000179811283776532,-0.00017981128377642097,-1.1102230246251565e-16,-0.0014480676753096944,1
2014-06-24,1.0762233047413965,1.079888670055376,0.9955298382481951,0.9957289442158447,0.0004967109551408111,0.0004967109551408111,0.0,-0.0009520759912470256,1
2014-06-25,1.0761229943238582,1.0797880180039745,0.9954370489420103,0.9956361363517987,-9.320595186557146e-05,-9.32059518657935e-05,2.220446049250313e-16,-0.001045193203963568,1
2014-06-26,1.0761359814522022,1.0800170527740005,0.9956481919550634,0.9958473215934543,1.2068442373669441e-05,0.0002121108645467551,-0.00020004242217308565,-0.00103313737544386,0
2014-06-27,1.0761359814522022,1.0800170527740005,0.9951823517648299,0.9953813882351829,0.0,-0.0004678762980714346,0.0004678762980714346,-0.00103313737544386,0
2014-06-30,1.0761359814522022,1.0800170527740005,0.9945612315111853,0.9947601437574874,0.0,-0.0006241270783622355,0.0006241270783622355,-0.00103313737544386,0
2014-07-01,1.0761359814522022,1.0800170527740005,0.9934354510514544,0.9936341381416647,0.0,-0.0011319368019405696,0.0011319368019405696,-0.00103313737544386,0
2014-07-02,1.0761359814522022,1.0800170527740005,0.9906763894369416,0.990874524714829,0.0,-0.0027772932922743854,0.0027772932922743854,-0.00103313737544386,0
2014-07-03,1.0761359814522022,1.0800170527740005,0.9887145583918933,0.9889123013035717,0.0,-0.0019802945401407035,0.0019802945401407035,-0.00103313737544386,0
2014-07-04,1.0761359814522022,1.0800170527740005,0.9878387409610682,0.9880363087092604,0.0,-0.0008858142356572563,0.0008858142356572563,-0.00103313737544386,0
2014-07-07,1.0761359814522022,1.0800170527740005,0.9889351697014959,0.9891329567354361,0.0,0.0011099268483447666,-0.0011099268483447666,-0.00103313737544386,0
2014-07-08,1.0761359814522022,1.0800170527740005,0.9893214762007136,0.9895193404959538,0.0,0.0003906287399348951,-0.0003906287399348951,-0.00103313737544386,0
2014-07-09,1.0761359814522022,1.0800170527740005,0.9895487153179008,0.9897466250609643,0.0,0.00022969188747401503,-0.00022969188747401503,-0.00103313737544386,0
2014-07-10,1.0761359814522022,1.0800170527740005,0.9890383741338848,0.9892361818087116,0.0,-0.0005157312380037471,0.0005157312380037471,-0.00103313737544386,0
2014-07-11,1.0761359814522022,1.0800170527740005,0.9891538873517883,0.9893517181292587,0.0,0.0001167934641612689,-0.0001167934641612689,-0.00103313737544386,0
2014-07-14,1.0761359814522022,1.0800170527740005,0.9885128836753899,0.9887105862521249,0.0,-0.0006480323078086325,0.0006480323078086325,-0.00103313737544386,0
2014-07-15,1.0761359814522022,1.0800170527740005,0.9874685305659844,0.9876660242720976,0.0,-0.0010564891228554973,0.0010564891228554973,-0.00103313737544386,0
2014-07-16,1.0761359814522022,1.0800170527740005,0.9833233103366305,0.9835199749986978,0.0,-0.004197825146871281,0.004197825146871281,-0.00103313737544386,0
2014-07-17,1.0761359814522022,1.0800170527740005,0.9804610442897287,0.9806571364985867,0.0,-0.002910808700265499,0.002910808700265499,-0.00103313737544386,0
2014-07-18,1.0761359814522022,1.0800170527740005,0.979417638009978,0.9796135215375801,0.0,-0.0010641996291719247,0.0010641996291719247,-0.00103313737544386,0
2014-07-21,1.0761359814522022,1.0800170527740005,0.9796202595561366,0.9798161836080478,0.0,0.00020687961733090177,-0.00020687961733090177,-0.00103313737544386,0
2014-07-22,1.0761359814522022,1.0800170527740005,0.9803531057090648,0.9805491763302066,0.0,0.0007480920752498399,-0.0007480920752498399,-0.00103313737544386,0
2014-07-23,1.0761359814522022,1.0800170527740005,0.980228124194612,0.9804241698194509,0.0,-0.00012748622279556976,0.00012748622279556976,-0.00103313737544386,0
2014-07-24,1.0761359814522022,1.0800170527740005,0.9800860997463701,0.9802821169663193,0.0,-0.0001448891790966078,0.0001448891790966078,-0.00103313737544386,0
2014-07-25,1.0761359814522022,1.0800170527740005,0.9804818745421375,0.9806779709170459,0.0,0.0004038163543691464,-0.0004038163543691464,-0.00103313737544386,0
2014-07-28,1.0761359814522022,1.0800170527740005,0.9813207656164197,0.9815170297695429,0.0,0.0008555905989326984,-0.0008555905989326984,-0.00103313737544386,0
2014-07-29,1.0761359814522022,1.0800170527740005,0.980982747429604,0.9811789439790899,0.0,-0.0003444522919102688,0.0003444522919102688,-0.00103313737544386,0
2014-07-30,1.0761359814522022,1.0800170527740005,0.9806059092269355,0.9808020304087808,0.0,-0.0003841435577291996,0.0003841435577291996,-0.00103313737544386,0
2014-07-31,1.0761359814522022,1.0800170527740005,0.981227976310235,0.9814242219054969,0.0,0.0006343701148914249,-0.0006343701148914249,-0.00103313737544386,0
2014-08-01,1.0761359814522022,1.0800170527740005,0.9810490255054501,0.9812452353105512,0.0,-0.00018237434021983745,0.00018237434021983745,-0.00103313737544386,0
2014-08-04,1.0761359814522022,1.0800170527740005,0.9828716725912213,0.9830682469257396,0.0,0.001857855253290852,-0.001857855253290852,-0.00103313737544386,0
2014-08-05,1.0761359814522022,1.0800170527740005,0.982262861123091,0.9824593136953156,0.0,-0.0006194211158057072,0.0006194211158057072,-0.00103313737544386,0
2014-08-06,1.0761359814522022,1.0800170527740005,0.982156816201737,0.9823532475649773,0.0,-0.00010795981966860158,0.00010795981966860158,-0.00103313737544386,0
2014-08-07,1.0761359814522022,1.0800170527740005,0.9817818716583784,0.9819782280327101,0.0,-0.00038175629102554787,0.00038175629102554787,-0.00103313737544386,0
2014-08-08,1.0761359814522022,1.0800170527740005,0.981456162257077,0.9816524534895283,0.0,-0.0003317533259716843,0.0003317533259716843,-0.00103313737544386,0
2014-08-11,1.0761359814522022,1.0800170527740005,0.9802849339739087,0.9804809909607035,0.0,-0.001193357715004617,0.001193357715004617,-0.00103313737544386,0
2014-08-12,1.0761359814522022,1.0800170527740005,0.9802499012766758,0.9804459512569311,0.0,-3.573725966687924e-05,3.573725966687924e-05,-0.00103313737544386,0
2014-08-13,1.0761359814522022,1.0800170527740005,0.9806248458200343,0.9808209707891983,0.0,0.0003824989350880159,-0.0003824989350880159,-0.00103313737544386,0
2014-08-14,1.0761359814522022,1.0800170527740005,0.9831964351628679,0.9833930744499004,0.0,0.0026223987224014422,-0.0026223987224014422,-0.00103313737544386,0
2014-08-15,1.0761359814522022,1.0800170527740005,0.9840088150068115,0.9842056167698128,0.0,0.0008262640250613629,-0.0008262640250613629,-0.00103313737544386,0
2014-08-18,1.0761359814522022,1.0800170527740005,0.9835410811572682,0.9837377893734996,0.0,-0.00047533501977825576,0.00047533501977825576,-0.00103313737544386,0
2014-08-19,1.0761359814522022,1.0800170527740005,0.9832371488380306,0.9834337962677981,0.0,-0.0003090184284727515,0.0003090184284727515,-0.00103313737544386,0
2014-08-20,1.0761359814522022,1.0800170527740005,0.9828205437898542,0.9830171078986121,0.0,-0.0004237075955365599,0.0004237075955365599,-0.00103313737544386,0
2014-08-21,1.0761359814522022,1.0800170527740005,0.9822997874796339,0.9824962474371298,0.0,-0.0005298589997032588,0.0005298589997032588,-0.00103313737544386,0
2014-08-22,1.0761359814522022,1.0800170527740005,0.9815214935032682,0.9817177978019689,0.0,-0.0007923181764729614,0.0007923181764729614,-0.00103313737544386,0
2014-08-25,1.0761359814522022,1.0800170527740005,0.982508090003722,0.9827045916217227,0.0,0.0010051705510110143,-0.0010051705510110143,-0.00103313737544386,0
2014-08-26,1.0761359814522022,1.0800170527740005,0.9829777175125753,0.9831743130560778,0.0,0.0004779884396184375,-0.0004779884396184375,-0.00103313737544386,0
2014-08-27,1.0761359814522022,1.0800170527740005,0.9836452324193122,0.983841961465796,0.0,0.0006790743013240785,-0.0006790743013240785,-0.00103313737544386,0
2014-08-28,1.0761359814522022,1.0800170527740005,0.9841707228778073,0.9843675570223828,0.0,0.0005342276271727009,-0.0005342276271727009,-0.00103313737544386,0
2014-08-29,1.0761359814522022,1.0800170527740005,0.9839444305902751,0.9841412194763932,0.0,-0.00022993194399278938,0.00022993194399278938,-0.00103313737544386,0
2014-09-01,1.0761359814522022,1.0800170527740005,0.9836367109524177,0.9838334382946081,0.0,-0.0003127408706128376,0.0003127408706128376,-0.00103313737544386,0
2014-09-02,1.0761359814522022,1.0800170527740005,0.9832920649580174,0.9834887233710089,0.0,-0.00035037935303028345,0.00035037935303028345,-0.00103313737544386,0
2014-09-03,1.0761359814522022,1.0800170527740005,0.9828868218657004,0.9830833992300736,0.0,-0.0004121289154654928,0.0004121289154654928,-0.00103313737544386,0
2014-09-04,1.0761359814522022,1.0800170527740005,0.9822448713596469,0.9824413203339188,0.0,-0.0006531275949299697,0.0006531275949299697,-0.00103313737544386,0
2014-09-05,1.0761359814522022,1.0800170527740005,0.9815830374308399,0.981779354038326,0.0,-0.0006737972863029018,0.0006737972863029018,-0.00103313737544386,0
2014-09-09,1.0761359814522022,1.0800170527740005,0.9814523749384572,0.9816486654134449,0.0,-0.00013311404883753486,0.00013311404883753486,-0.00103313737544386,0
2014-09-10,1.0761359814522022,1.0800170527740005,0.9811351870040503,0.9813314140414511,0.0,-0.00032318219661620073,0.00032318219661620073,-0.00103313737544386,0
2014-09-11,1.0761359814522022,1.0800170527740005,0.9812071460578261,0.9814033874870377,0.0,7.334264913638755e-05,-7.334264913638755e-05,-0.00103313737544386,0
2014-09-12,1.0761359814522022,1.0800170527740005,0.981684348203919,0.9818806850735597,0.0,0.0004863418983547252,-0.0004863418983547252,-0.00103313737544386,0
2014-09-15,1.0761359814522022,1.0800170527740005,0.9819731312486774,0.9821695258749271,0.0,0.0002941709779591406,-0.0002941709779591406,-0.00103313737544386,0
2014-09-16,1.0761359814522022,1.0800170527740005,0.9821842742617304,0.9823807111165828,0.0,0.0002150191347747299,-0.0002150191347747299,-0.00103313737544386,0
2014-09-17,1.0761359814522022,1.0800170527740005,0.9846744362542386,0.9848713711414894,0.0,0.002535330749802389,-0.002535330749802389,-0.00103313737544386,0
2014-09-18,1.0761359814522022,1.0800170527740005,0.990247475603251,0.9904455250983716,0.0,0.005659778647461033,-0.005659778647461033,-0.00103313737544386,0
2014-09-19,1.0761359814522022,1.0800170527740005,0.9956311490212743,0.9958302752510785,0.0,0.005436694917847262,-0.005436694917847262,-0.00103313737544386,0
2014-09-22,1.0761359814522022,1.0800170527740005,0.9972805262801901,0.9974799823854462,0.0,0.0016566147619399008,-0.0016566147619399008,-0.00103313737544386,0
2014-09-23,1.0761359814522022,1.0800170527740005,0.9981677056668746,0.998367339208008,0.0,0.000889598626771182,-0.000889598626771182,-0.00103313737544386,0
2014-09-24,1.0761359814522022,1.0800170527740005,0.997425391217397,0.9976248762956405,0.0,-0.0007436770847857321,0.0007436770847857321,-0.00103313737544386,0
2014-09-25,1.0761359814522022,1.0800170527740005,0.9979035401931448,0.9981031209011834,0.0,0.0004793831999445608,-0.0004793831999445608,-0.00103313737544386,0
2014-09-26,1.0761359814522022,1.0800170527740005,0.9973969863277486,0.9975964657250141,0.0,-0.0005076180662693108,0.0005076180662693108,-0.00103313737544386,0
2014-09-28,1.0761359814522022,1.0800170527740005,0.9975541600504696,0.9977536708824797,0.0,0.00015758391580833475,-0.00015758391580833475,-0.00103313737544386,0
2014-09-29,1.0761359814522022,1.0800170527740005,0.998459329200598,0.9986590210664381,0.0,0.0009073884771153562,-0.0009073884771153562,-0.00103313737544386,0
2014-09-30,1.0761359814522022,1.0800170527740005,0.9994260422782981,0.9996259274867537,0.0,0.0009682047625054757,-0.0009682047625054757,-0.00103313737544386,0
2014-10-08,1.0761359814522022,1.0800170527740005,0.9988484761887809,0.9990482458840186,0.0,-0.0005778977784094419,0.0005778977784094419,-0.00103313737544386,0
2014-10-09,1.0761359814522022,1.0800170527740005,0.9982964744999473,0.9984961337948473,0.0,-0.0005526380647241647,0.0005526380647241647,-0.00103313737544386,0
2014-10-10,1.0759207972927438,1.0800170527740005,0.9979650841207162,0.9981646771375403,-0.00019996000799826774,-0.000331955874528278,0.00013199586653001028,-0.0012328907972842806,1
2014-10-11,1.076157620791043,1.0802547779088845,0.9981847486006638,0.9983843855503839,0.00022011239014529949,0.00022011239014552153,-2.220446049250313e-16,-0.001013049781679043,1
2014-10-13,1.077294781899256,1.0813962684272493,0.9992395168362737,0.9994393647396409,0.0010566863870526966,0.0010566863870526966,0.0,0.0,1
2014-10-14,1.0837604717192024,1.087886574480502,1.005236735870702,1.005437783217876,0.006001783289572238,0.006001783289572238,0.0,0.0,1
2014-10-15,1.0890604182845893,1.0932066990508345,1.0101526754391816,1.0103547059742695,0.0048903302008971306,0.0048903302008971306,0.0,0.0,1
2014-10-16,1.089848468890999,1.0939977499307068,1.0108836279328,1.0110858046583866,0.0007236059571893438,0.0007236059571891218,2.220446049250313e-16,0.0,1
2014-10-17,1.0908866132779402,1.095039846750435,1.0118465536918804,1.0120489230026186,0.000952558467139486,0.0009525584671399301,-4.440892098500626e-16,0.0,1
2014-10-20,1.095560814996528,1.0997318441324753,1.0161820866818783,1.0163853230992146,0.0042847731942941,0.0042847731942941,0.0,0.0,1
2014-10-21,1.0966622484218076,1.1008374709451463,1.0172037158795648,1.0174071566227407,0.0010053603690483026,0.0010053603690480806,2.220446049250313e-16,0.0,1
2014-10-22,1.0939826722018269,1.0981476930181198,1.0147182880353316,1.0149212316929386,-0.00244339241533742,-0.00244339241533742,0.0,-0.00244339241533742,1
2014-10-23,1.0919012794732397,1.0960583759921358,1.0127877023688965,1.0129902599093703,-0.0019025829032538466,-0.0019025829032539576,1.1102230246251565e-16,-0.0043413265619559605,1
2014-10-24,1.090907029096759,1.0950603402965455,1.011865490284979,1.012067863383036,-0.0009105680112035941,-0.0009105680112034831,-1.1102230246251565e-16,-0.005247941500066022,1
2014-10-27,1.0930006713166376,1.0971619534501957,1.0138074379072735,1.014010199394855,0.0019191756621204092,0.0019191756621204092,0.0,-0.0033388375595488906,1
2014-10-28,1.0942889094841104,1.0984550962097799,1.0150023369318155,1.0152053373992018,0.0011786252298646716,0.0011786252298646716,0.0,-0.0021641475678703115,1
2014-10-29,1.0968878432197566,1.1010639246296694,1.0174129652333082,1.0176164478263547,0.0023749977845168857,0.0023749977845168857,0.0,0.0,1
2014-10-30,1.0952933677700003,1.0994633786784254,1.0159340173122824,1.0161372041157448,-0.00145363581118374,-0.00145363581118374,0.0,-0.00145363581118374,1
2014-10-31,1.0950677729720515,1.0992369249939022,1.015724767958539,1.0159279129121308,-0.00020596746459633497,-0.00020596746459666804,3.3306690738754696e-16,-0.0016593038740976285,1
2014-11-03,1.0986211462374813,1.1028038266944662,1.0190206819874064,1.0192244861238038,0.003244888903803478,0.0032448889038037,-2.220446049250313e-16,0.0,1
2014-11-04,1.1043345131339513,1.1085389455735402,1.0243200875661393,1.0245249515836525,0.005200488736300857,0.005200488736300635,2.220446049250313e-16,0.0,1
2014-11-05,1.1072978692355149,1.1115135837915056,1.0270687340544478,1.0272741478012586,0.0026833862985538026,0.0026833862985538026,0.0,0.0,1
2014-11-06,1.1050255886009712,1.1092326521093867,1.0249610912425378,1.0251660834607863,-0.0020520951928792996,-0.0020520951928795217,2.220446049250313e-16,-0.0020520951928792996,1
2014-11-07,1.1109318849852796,1.1151614349992065,1.0304394476260557,1.0306455355155808,0.005344940827828326,0.005344940827828548,-2.220446049250313e-16,0.0,1
2014-11-10,1.1147241233308907,1.1189681111892655,1.0339569197941803,1.034163711178139,0.0034135651310982507,0.0034135651310984727,-2.220446049250313e-16,0.0,1
2014-11-11,1.115202874282194,1.119448684845561,1.03440098290235,1.0346078630989304,0.0004294793135657393,0.0004294793135657393,0.0,0.0,1
2014-11-12,1.1125192148984493,1.116754808209312,1.0319117677394969,1.0321181500930448,-0.00240643155217124,-0.002406431552171129,-1.1102230246251565e-16,-0.00240643155217124,1
2014-11-13,1.108543234183468,1.112763690104257,1.0282238662334822,1.0284295110067287,-0.00357385352247086,-0.003573853522470638,-2.220446049250313e-16,-0.005971684840762714,1
2014-11-14,1.105495152433806,1.1097040036699324,1.025396632883813,1.0256017122103898,-0.002749628210853894,-0.002749628210854116,2.220446049250313e-16,-0.008704893138512193,1
2014-11-17,1.102758411921132,1.1069568438137956,1.0228581825789027,1.0230627542154185,-0.002475578935510314,-0.002475578935510314,0.0,-0.011158922423932904,1
2014-11-18,1.105738100677751,1.1099478768686495,1.0256219783416904,1.0258271027373587,0.0027020322170365763,0.0027020322170365763,0.0,-0.00848704197479333,1
2014-11-19,1.1053757198937153,1.1095841164251847,1.0252858538141842,1.025490910984947,-0.00032772750058396305,-0.0003277275005842961,3.3306690738754696e-16,-0.008811988038323504,1
2014-11-20,1.1036465000397542,1.1078483130696102,1.0236819243787059,1.0238866607635815,-0.001564372930253466,-0.0015643729302531328,-3.3306690738754696e-16,-0.010362575733028123,1
2014-11-21,1.1024501330569665,1.1066473912675243,1.022572240023109,1.0227767544711135,-0.0010840128453671882,-0.0010840128453672992,1.1102230246251565e-16,-0.01143535541318963,1
2014-11-24,1.1168136823870054,1.1210656256336937,1.0358950800978548,1.0361022591138744,0.013028751958340745,0.013028751958340523,2.220446049250313e-16,0.0,1
2014-11-25,1.11367577103454,1.117915767596482,1.0329845257385506,1.0331911226436983,-0.00280969995439051,-0.002809699954390399,-1.1102230246251565e-16,-0.00280969995439051,1
2014-11-26,1.1136931244805361,1.1179331871106761,1.0330006218426846,1.0332072219670532,1.5582134807567982e-05,1.5582134807345938e-05,2.220446049250313e-16,-0.0027941616007063352,1
2014-11-27,1.1136267730693747,1.1178665830858163,1.032939077915113,1.033145665730696,-5.9577822384748735e-05,-5.9577822384748735e-05,0.0,-0.002853572953027572,1
2014-11-28,1.1140800042471544,1.1183215398094735,1.0333594702819093,1.0335661421759657,0.0004069866033575842,0.00040698660335780623,-2.220446049250313e-16,-0.002447747715633497,1
2014-12-01,1.1145873373448039,1.118830804430324,1.0338300446204174,1.0340368106293414,0.00045538300276048993,0.00045538300276048993,0.0,-0.0019934793755777003,1
2014-12-02,1.113304203132036,1.1175427850572677,1.0326398797441503,1.0328464077200992,-0.0011512190833108393,-0.0011512190833108393,0.0,-0.003142403527389259,1
2014-12-03,1.1069844864166447,1.1111990078587064,1.0267780573503793,1.0269834129618494,-0.005676540785179873,-0.005676540785179984,1.1102230246251565e-16,-0.00880110633078246,1
2014-12-04,1.1030830234403526,1.1072826911969553,1.0231592744091755,1.0233639062640574,-0.003524406190118623,-0.003524406190118734,1.1102230246251565e-16,-0.012294493847268995,1
2014-12-05,1.0932864927801023,1.0974488630957455,1.0140725502106582,1.0142753647207003,-0.008881045625828254,-0.008881045625828365,1.1102230246251565e-16,-0.02106635151229308,1
2014-12-08,1.0930915217103818,1.0972531497303886,1.0138917057465637,1.014094484087713,-0.00017833483813067819,-0.00017833483813056716,-1.1102230246251565e-16,-0.02124092948603684,1
2014-12-09,1.0935794597801534,1.0977429454824337,1.014344290321628,1.0145471591796922,0.00044638354619030984,0.0004463835461905319,-2.220446049250313e-16,-0.020804027541274972,1
2014-12-10,1.096900092711048,1.101076220757336,1.0174243271891674,1.0176278120546052,0.003036480706726241,0.003036480706726241,0.0,-0.017830717862799994,1
2014-12-11,1.0958762393972798,1.100048469419885,1.0164746570452565,1.0166779519766656,-0.00093340616941473,-0.000933406169414619,-1.1102230246251565e-16,-0.01874748073015653,1
2014-12-12,1.0950963551183979,1.0992656159584573,1.0157512791888776,1.0159544294447154,-0.0007116536072639956,-0.0007116536072642177,2.220446049250313e-16,-0.019445792625131797,1
2014-12-15,1.0932844511982203,1.0974468137411342,1.0140706565513484,1.0142734706826586,-0.0016545611824100304,-0.0016545611824100304,0.0,-0.021068179553903055,1
2014-12-16,1.0946533318500278,1.0988209060078555,1.015340355118631,1.0155434231896547,0.0012520809660352406,0.0012520809660350185,2.220446049250313e-16,-0.01984247765447633,1
2014-12-17,1.095559794205587,1.0997308194551698,1.0161811398522231,1.0163843760801936,0.0008280816667567414,0.0008280816667567414,0.0,-0.019030827179688292,1
2014-12-18,1.0954311745470278,1.0996017101146724,1.0160618393157002,1.0162650516835632,-0.00011740085684008861,-0.00011740085683964452,-4.440892098500626e-16,-0.01914599380111104,1
2014-12-19,1.0982975555092018,1.1024790039886119,1.0187205369867884,1.0189242810941859,0.0026166691516327223,0.0026166691516325002,2.220446049250313e-16,-0.016579423380835068,1
2014-12-22,1.0985922717366092,1.1029954413506011,1.0191977391328813,1.0194015786807078,0.0002683391453701667,0.0004684328319366493,-0.00020009368656648263,-0.01631553314376566,0
2014-12-23,1.0985922717366092,1.1029954413506011,1.0219795246591128,1.0221839205640446,0.0,0.0027293874578235844,-0.0027293874578235844,-0.01631553314376566,0
2014-12-24,1.0985922717366092,1.1029954413506011,1.0257952481685453,1.026000407218179,0.0,0.003733659449493665,-0.003733659449493665,-0.01631553314376566,0
2014-12-25,1.0985922717366092,1.1029954413506011,1.0250576678673424,1.0252626794009159,0.0,-0.0007190326749122455,0.0007190326749122455,-0.01631553314376566,0
2014-12-26,1.0985922717366092,1.1029954413506011,1.0265820636118057,1.026787380024528,0.0,0.001487131692439192,-0.001487131692439192,-0.01631553314376566,0
2014-12-29,1.0985922717366092,1.1029954413506011,1.0256229251713451,1.0258280497563794,0.0,-0.0009343027454483677,0.0009343027454483677,-0.01631553314376566,0
2014-12-30,1.0985922717366092,1.1029954413506011,1.0252508211169513,1.0254558712811748,0.0,-0.00036280785585174335,0.00036280785585174335,-0.01631553314376566,0
2014-12-31,1.0985922717366092,1.1029954413506011,1.024236766556504,1.0244416139098154,0.0,-0.0009890794911460166,0.0009890794911460166,-0.01631553314376566,0
2015-01-04,1.0985922717366092,1.1029954413506011,1.0249771873466722,1.0251821827841414,0.0,0.0007229000308761613,-0.0007229000308761613,-0.01631553314376566,0
2015-01-05,1.0985922717366092,1.1029954413506011,1.024204574348236,1.0244094152631056,0.0,-0.000753785555399844,0.000753785555399844,-0.01631553314376566,0
2015-01-06,1.0985922717366092,1.1029954413506011,1.0235995501987254,1.023804270108765,0.0,-0.0005907258810043947,0.0005907258810043947,-0.01631553314376566,0
2015-01-07,1.0985922717366092,1.1029954413506011,1.0236033375173452,1.0238080581848488,0.0,3.7000002774956187e-06,-3.7000002774956187e-06,-0.01631553314376566,0
2015-01-08,1.0985922717366092,1.1029954413506011,1.0241136787013612,1.0243185014371015,0.0,0.0004985731926721026,-0.0004985731926721026,-0.01631553314376566,0
2015-01-09,1.0985922717366092,1.1029954413506011,1.0237557770917916,1.02396052824721,0.0,-0.0003494744939092076,0.0003494744939092076,-0.01631553314376566,0
2015-01-12,1.0985922717366092,1.1029954413506011,1.023836257612462,1.0240410248639844,0.0,7.861300758582601e-05,-7.861300758582601e-05,-0.01631553314376566,0
2015-01-13,1.0985922717366092,1.1029954413506011,1.0263197917973854,1.0265250557557448,0.0,0.0024257142355115224,-0.0024257142355115224,-0.01631553314376566,0
2015-01-14,1.0985922717366092,1.1029954413506011,1.0293127203366699,1.0295185828807372,0.0,0.0029161754096576065,-0.0029161754096576065,-0.01631553314376566,0
2015-01-15,1.0985922717366092,1.1029954413506011,1.0307897745983856,1.0309959325533053,0.0,0.0014349907783444138,-0.0014349907783444138,-0.01631553314376566,0
2015-01-16,1.0985922717366092,1.1029954413506011,1.0331843067957442,1.0333909436571034,0.0,0.002323007325418569,-0.002323007325418569,-0.01631553314376566,0
2015-01-19,1.0985922717366092,1.1029954413506011,1.0347049152215877,1.034911856204632,0.0,0.001471768798501527,-0.001471768798501527,-0.01631553314376566,0
2015-01-20,1.0985922717366092,1.1029954413506011,1.0353080457117882,1.0355151073209306,0.0,0.0005829009617408509,-0.0005829009617408509,-0.01631553314376566,0
2015-01-21,1.0985922717366092,1.1029954413506011,1.0358060781102898,1.0360132393259118,0.0,0.00048104754962974283,-0.00048104754962974283,-0.01631553314376566,0
2015-01-22,1.0985922717366092,1.1029954413506011,1.0367121940900732,1.0369195365288912,0.0,0.0008747930707613261,-0.0008747930707613261,-0.01631553314376566,0
2015-01-23,1.0985922717366092,1.1029954413506011,1.037799154533951,1.038006714364858,0.0,0.0010484688518899166,-0.0010484688518899166,-0.01631553314376566,0
2015-01-26,1.0985922717366092,1.1029954413506011,1.0383341132889958,1.0385417801116537,0.0,0.0005154742636930276,-0.0005154742636930276,-0.01631553314376566,0
2015-01-27,1.0985922717366092,1.1029954413506011,1.0377688559849931,1.03797640975619,0.0,-0.0005443886479008508,0.0005443886479008508,-0.01631553314376566,0
2015-01-28,1.0985922717366092,1.1029954413506011,1.0368144516928075,1.037021814583146,0.0,-0.0009196694299327124,0.0009196694299327124,-0.01631553314376566,0
2015-01-29,1.0985922717366092,1.1029954413506011,1.0345695185809303,1.0347764324846465,0.0,-0.0021652216635406063,0.0021652216635406063,-0.01631553314376566,0
2015-01-30,1.0983725972171658,1.1029954413506011,1.0343072467665102,1.0345141082158635,-0.00019996000799837876,-0.0002535081593935118,5.3548151395133026e-05,-0.016512230697626085,1
2015-02-02,1.0996113444043165,1.1042394021921906,1.0354737409014039,1.0356808356495841,0.001127802341654549,0.0011278023416547711,-2.220446049250313e-16,-0.015403050888418313,1
2015-02-03,1.1012281507979351,1.105863013420499,1.036996242986557,1.0372036422351543,0.0014703435007707988,0.0014703435007705767,2.220446049250313e-16,-0.013955355163413397,1
2015-02-04,1.1009204749543735,1.1055540426270523,1.0367065131121436,1.036913854414766,-0.00027939336942905957,-0.00027939336942905957,0.0,-0.014230849499141884,1
2015-02-05,1.1024588541721823,1.1070988965942858,1.038155162484211,1.0383627935167077,0.0013973572594991879,0.0013973572594991879,0.0,-0.012853377820499223,1
2015-02-06,1.1019008146519969,1.1065385083904855,1.0376296720257159,1.037837197960121,-0.000506177185727652,-0.000506177185727763,1.1102230246251565e-16,-0.01335304891961453,1
2015-02-09,1.1035618620165852,1.1082065467917077,1.0391938346156868,1.03940167338261,0.0015074381854531804,0.0015074381854534025,-2.220446049250313e-16,-0.011865739629995042,1
2015-02-10,1.104304909233553,1.1089527213549661,1.0398935417306918,1.040101520439038,0.0006733172308166502,0.0006733172308164281,2.220446049250313e-16,-0.01120041180612763,1
2015-02-11,1.1054843333005397,1.110137109396512,1.0410041729159436,1.0412123737505268,0.001068023928106232,0.001068023928106454,-2.220446049250313e-16,-0.010144350185834927,1
2015-02-12,1.1072549776159395,1.1119152060215438,1.0426715399383037,1.0428800742462914,0.0016016910073373136,0.0016016910073373136,0.0,-0.0085589072929656,1
2015-02-13,1.109445911155551,1.1141153607892578,1.044734681756431,1.0449436286927822,0.0019787073292991675,0.0019787073292987234,4.440892098500626e-16,-0.006597135536257959,1
2015-02-15,1.110906868674163,1.115582467203892,1.0461104252450677,1.0463196473301166,0.0013168352813976991,0.0013168352813979212,-2.220446049250313e-16,-0.005288987595690631,1
2015-02-16,1.1115795325282245,1.1162579621738786,1.0467438542842267,1.0469532030550834,0.0006055087721839048,0.0006055087721839048,0.0,-0.004686681351891875,1
2015-02-17,1.112252196382286,1.1169334571438652,1.0473772833233854,1.04758675878005,0.0006051423531805433,0.0006051423531805433,0.0,-0.00408437510809323,1
2015-02-25,1.1129636468988826,1.1178714763174338,1.0482568880728302,1.0484665394504449,0.0006396485607407243,0.0008398165240455224,-0.00020016796330479814,-0.0034473391120118935,0
2015-02-26,1.1129636468988826,1.1178714763174338,1.0463973146305163,1.0466065940934424,0.0,-0.0017739673008327905,0.0017739673008327905,-0.0034473391120118935,0
2015-02-27,1.1129636468988826,1.1178714763174338,1.046318727769156,1.0465279915147097,0.0,-7.51023155942665e-05,7.51023155942665e-05,-0.0034473391120118935,0
2015-02-28,1.1129636468988826,1.1178714763174338,1.0469426885117652,1.0471520770494676,0.0,0.0005963390753214171,-0.0005963390753214171,-0.0034473391120118935,0
2015-03-02,1.1129636468988826,1.1178714763174338,1.0450935301956557,1.0453025489016947,0.0,-0.0017662459811799147,0.0017662459811799147,-0.0034473391120118935,0
2015-03-03,1.1129636468988826,1.1178714763174338,1.0429366522416885,1.0431452395721368,0.0,-0.002063813325457464,0.002063813325457464,-0.0034473391120118935,0
2015-03-04,1.1129636468988826,1.1178714763174338,1.042173507539802,1.0423819422413099,0.0,-0.0007317268026262314,0.0007317268026262314,-0.0034473391120118935,0
2015-03-05,1.1129636468988826,1.1178714763174338,1.0388614974068007,1.039069269706282,0.0,-0.0031779834250630357,0.0031779834250630357,-0.0034473391120118935,0
2015-03-06,1.1129636468988826,1.1178714763174338,1.038488446522752,1.0386961442120566,0.0,-0.0003590958804228217,0.0003590958804228217,-0.0034473391120118935,0
2015-03-09,1.1129636468988826,1.1178714763174338,1.03492552653119,1.0351325116364962,0.0,-0.0034308710929734643,0.0034308710929734643,-0.0034473391120118935,0
2015-03-10,1.1129636468988826,1.1178714763174338,1.03545007016003,1.035657160174062,0.0,0.0005068419083236186,-0.0005068419083236186,-0.0034473391120118935,0
2015-03-11,1.1129636468988826,1.1178714763174338,1.0404815229464135,1.0406896192510027,0.0,0.004859194017540425,-0.004859194017540425,-0.0034473391120118935,0
2015-03-12,1.1129636468988826,1.1178714763174338,1.0402949975043891,1.04050305650389,0.0,-0.00017926838479187523,0.00017926838479187523,-0.0034473391120118935,0
2015-03-13,1.1129636468988826,1.1178714763174338,1.0388823276592096,1.0390901041247413,0.0,-0.001357951204772112,0.001357951204772112,-0.0034473391120118935,0
2015-03-16,1.1129636468988826,1.1178714763174338,1.0352124159166387,1.035419458399822,0.0,-0.0035325576774800638,0.0035325576774800638,-0.0034473391120118935,0
2015-03-17,1.1129636468988826,1.1178714763174338,1.0343280770189192,1.0345349426343229,0.0,-0.0008542583957867889,0.0008542583957867889,-0.0034473391120118935,0
2015-03-18,1.1129636468988826,1.1178714763174338,1.033307394650887,1.0335140561298173,0.0,-0.0009868071753150742,0.0009868071753150742,-0.0034473391120118935,0
2015-03-19,1.1129636468988826,1.1178714763174338,1.0335696664653073,1.0337763803986004,0.0,0.0002538178046320727,-0.0002538178046320727,-0.0034473391120118935,0
2015-03-20,1.1129636468988826,1.1178714763174338,1.0346916596064184,1.0348985979383396,0.0,0.001085551538047902,-0.001085551538047902,-0.0034473391120118935,0
2015-03-23,1.1129636468988826,1.1178714763174338,1.0350003260739309,1.0352073261391457,0.0,0.0002983173437678399,-0.0002983173437678399,-0.0034473391120118935,0
2015-03-24,1.1129636468988826,1.1178714763174338,1.0351451910111376,1.0353522200493397,0.0,0.00013996607880906176,-0.00013996607880906176,-0.0034473391120118935,0
2015-03-25,1.1129636468988826,1.1178714763174338,1.034698287414003,1.0349052270714858,0.0,-0.0004317303514670412,0.0004317303514670412,-0.0034473391120118935,0
2015-03-26,1.1129636468988826,1.1178714763174338,1.0298296893282703,1.030035655266136,0.0,-0.004705331153007419,0.004705331153007419,-0.0034473391120118935,0
2015-03-27,1.1129636468988826,1.1178714763174338,1.0296403233972813,1.0298462514619606,0.0,-0.0001838808231607869,0.0001838808231607869,-0.0034473391120118935,0
2015-03-30,1.1129636468988826,1.1178714763174338,1.0273073351274942,1.0275127965945197,0.0,-0.0022658283837305726,0.0022658283837305726,-0.0034473391120118935,0
2015-03-31,1.1129636468988826,1.1178714763174338,1.0220334939494446,1.0222379006482345,0.0,-0.005133654747432548,0.005133654747432548,-0.0034473391120118935,0
2015-04-01,1.1129636468988826,1.1178714763174338,1.0249734000280522,1.0251783947080577,0.0,0.0028765261569332345,-0.0028765261569332345,-0.0034473391120118935,0
2015-04-02,1.1129636468988826,1.1178714763174338,1.0280771076369655,1.0282827230584928,0.0,0.0030280860057718684,-0.0030280860057718684,-0.0034473391120118935,0
2015-04-03,1.1129636468988826,1.1178714763174338,1.026958901814474,1.0271642935948369,0.0,-0.001087667271438053,0.001087667271438053,-0.0034473391120118935,0
2015-04-07,1.1129636468988826,1.1178714763174338,1.0257289700926993,1.0259341158867177,0.0,-0.001197644540206655,0.001197644540206655,-0.0034473391120118935,0
2015-04-08,1.1129636468988826,1.1178714763174338,1.0185453735006236,1.0187490825753236,0.0,-0.007003406164326709,0.007003406164326709,-0.0034473391120118935,0
2015-04-09,1.1129636468988826,1.1178714763174338,1.0184355412606498,1.0186392283689019,0.0,-0.00010783244696921379,0.00010783244696921379,-0.0034473391120118935,0
2015-04-10,1.1129636468988826,1.1178714763174338,1.0199286916264996,1.020132677364825,0.0,0.0014661216202269678,-0.0014661216202269678,-0.0034473391120118935,0
2015-04-13,1.1129636468988826,1.1178714763174338,1.0212646682696285,1.0214689212032824,0.0,0.0013098725960913882,-0.0013098725960913882,-0.0034473391120118935,0
2015-04-14,1.1129636468988826,1.1178714763174338,1.0231801046615845,1.0233847406825167,0.0,0.0018755533716852124,-0.0018755533716852124,-0.0034473391120118935,0
2015-04-15,1.1129636468988826,1.1178714763174338,1.0254098884989824,1.0256149704766822,0.0,0.0021792681730608,-0.0021792681730608,-0.0034473391120118935,0
2015-04-16,1.1129636468988826,1.1178714763174338,1.0265243070028538,1.0267296118642544,0.0,0.0010868029617918662,-0.0010868029617918662,-0.0034473391120118935,0
2015-04-17,1.1127410986791468,1.1178714763174338,1.0272846112157754,1.0274900681380186,-0.00019996000799837876,0.0007406587527785113,-0.0009406187607768901,-0.003646609790053823,1
2015-04-20,1.1214935123669785,1.1266642436756014,1.035364855491085,1.0355719284621832,0.00786563352267744,0.007865633522677662,-2.220446049250313e-16,0.0,1
2015-04-21,1.1252328257377113,1.1304207974356058,1.0388169964130183,1.0390247598123008,0.0033342264841469405,0.0033342264841469405,0.0,0.0,1
2015-04-22,1.1239210918372267,1.1291030156860047,1.0376060012843424,1.0378135224845992,-0.0011657444312688225,-0.0011657444312688225,0.0,-0.0011657444312688225,1
2015-04-23,1.121815548680311,1.1269877647618989,1.035662160002738,1.0358692924347386,-0.0018733905540235796,-0.0018733905540236906,1.1102230246251565e-16,-0.0030369510906864683,1
2015-04-24,1.121607353229335,1.1267786094099295,1.035469953582784,1.0356770475735007,-0.00018558795269063566,-0.00018558795269052464,-1.1102230246251565e-16,-0.0032219754218417718,1
2015-04-27,1.1230042113782484,1.128181907879794,1.0367595355728205,1.0369668874799352,0.0012454074457444175,0.0012454074457441955,2.220446049250313e-16,-0.0019805806482777744,1
2015-04-28,1.125686138000428,1.1308761997290566,1.0392354951205045,1.0394433422195286,0.0023881714734517168,0.0023881714734517168,0.0,0.0,1
2015-04-29,1.1251712901364377,1.1303589781197527,1.0387601866337215,1.0389679386710482,-0.0004573635995063219,-0.0004573635995063219,0.0,-0.0004573635995063219,1
2015-04-30,1.1264696913233132,1.1316633656842523,1.0399588729768832,1.0401668647514786,0.0011539586890081388,0.0011539586890081388,0.0,0.0,1
2015-05-04,1.1273886229690007,1.1325865341343249,1.0408072323477149,1.0410153937941844,0.000815762423761246,0.000815762423761246,0.0,0.0,1
2015-05-05,1.1258184395431663,1.1310091112581409,1.0393576361459926,1.0395655076732218,-0.001392761461171399,-0.001392761461171288,-1.1102230246251565e-16,-0.001392761461171399,1
2015-05-06,1.121696579851182,1.1268682474179164,1.0355523277627643,1.0357594382283168,-0.0036612117435710356,-0.0036612117435714797,4.440892098500626e-16,-0.005048874010124882,1
2015-05-07,1.121468898126469,1.12663951594926,1.0353421315793663,1.035549200005682,-0.00020297977973959824,-0.00020297977973948722,-1.1102230246251565e-16,-0.005250828970529975,1
2015-05-08,1.1239303221774177,1.1291122885833826,1.037614522751237,1.0378220456557872,0.0021948215015688,0.002194821501569022,-2.220446049250313e-16,-0.0030675321012868517,1
2015-05-11,1.122974469170966,1.1281520285437983,1.036732077512827,1.0369394239283296,-0.0008504557512070132,-0.0008504557512072353,2.220446049250313e-16,-0.003915379052176315,1
2015-05-12,1.123639053664722,1.1288196771550114,1.037345623129232,1.0375530922538578,0.0005918073046189409,0.0005918073046189409,0.0,-0.0033258888974806444,1
2015-05-13,1.1245395246300276,1.1297242998103278,1.0381769395662748,1.038384574954188,0.0008013880991131206,0.0008013880991131206,0.0,-0.0025271661261490053,1
2015-05-14,1.1254010230478597,1.130589770232271,1.0389722764764295,1.0391800709317247,0.0007660899407830879,0.0007660899407830879,0.0,-0.0017630122219137734,1
2015-05-15,1.12592715243875,1.1311183253828145,1.0394580000894167,1.0396658916894346,0.0004675039209272036,0.00046750392092698156,2.220446049250313e-16,-0.0012963325161131634,1
2015-05-18,1.1257189569877737,1.130909170030845,1.0392657936694625,1.0394736468281964,-0.00018491023200328804,-0.00018491023200328804,0.0,-0.0014810030429701637,1
2015-05-19,1.124449272414826,1.12963363148041,1.0380936185566396,1.0383012372803508,-0.0011278877068439108,-0.0011278877068435778,-3.3306690738754696e-16,-0.002607220344688077,1
2015-05-20,1.123817506908416,1.1289989531709852,1.0375103714891927,1.0377178735634904,-0.0005618443818753427,-0.0005618443818755647,2.220446049250313e-16,-0.0031675998744603584,1
2015-05-21,1.1235077777153382,1.1286877959478583,1.037224428933399,1.0374318738191857,-0.0002756045275801311,-0.0002756045275801311,0.0,-0.003442331397173648,1
2015-05-22,1.1240195487992646,1.1292019265913695,1.0376968969312172,1.0379044363106034,0.000455511830071309,0.00045551183007153107,-2.220446049250313e-16,-0.0029883875897768197,1
2015-05-25,1.1237159731663144,1.128896951299828,1.0374166353533532,1.0376241186804238,-0.00027008038541187496,-0.000270080385412097,2.220446049250313e-16,-0.0032576608703166476,1
2015-05-26,1.1176157438933798,1.1227685964549274,1.031784892565734,1.0319912495442471,-0.0054286220171329,-0.0054286220171329,0.0,-0.008668598277924544,1
2015-05-27,1.1175470291386242,1.1226995648855582,1.0317214549788527,1.0319277992698483,-6.148334535460709e-05,-6.148334535460709e-05,0.0,-0.008729548648857555,1
2015-05-28,1.1121544592803374,1.117282132172968,1.0267430246531462,1.0269483732580769,-0.0048253627969852,-0.004825362796985311,1.1102230246251565e-16,-0.013512788206558102,1
2015-05-29,1.111558589541337,1.1166835151311243,1.0261929166236228,1.0263981552069474,-0.0005357796608450593,-0.0005357796608447263,-3.3306690738754696e-16,-0.014041327990320762,1
2015-06-01,1.1063690871672534,1.111470086160849,1.0214019585695957,1.0216062389613096,-0.004668671919691558,-0.004668671919691558,0.0,-0.01864444555630862,1
2015-06-02,1.1087617964634464,1.1138738272256026,1.0236109121545849,1.0238156343370157,0.0021626682487301263,0.0021626682487301263,0.0,-0.016522099057998396,1
2015-06-03,1.1100478905300672,1.1151658509269315,1.024798236541887,1.0250031961891954,0.0011599372116923856,0.0011599372116921636,2.220446049250313e-16,-0.015381326443818732,1
2015-06-04,1.1106140180617854,1.1157345886327796,1.0253208865114174,1.0255259506887195,0.000510002799471776,0.000510002799471998,-2.220446049250313e-16,-0.014879168163892786,1
2015-06-05,1.1108806723339715,1.1160024723348096,1.0255670622217032,1.0257721756341476,0.00024009626013143937,0.00024009626013121732,2.220446049250313e-16,-0.014642644336391397,1
2015-06-08,1.1129759595573416,1.1181074200396064,1.0275014352067582,1.0277069354937995,0.0018861496788560306,0.0018861496788562526,-2.220446049250313e-16,-0.012784112876448095,1
2015-06-09,1.1134867050479134,1.1186205203611868,1.0279729563749211,1.028178550966196,0.00045890073921706076,0.00045890073921706076,0.0,-0.012331078776080195,1
2015-06-10,1.1130774932994432,1.118209421910764,1.027595171342598,1.0278006903768664,-0.00036750483558989355,-0.0003675048355896715,-2.220446049250313e-16,-0.012694051880591806,1
2015-06-11,1.1118037063530772,1.1169297620726055,1.0264192089111548,1.026624492752937,-0.0011443829868396094,-0.0011443829868397204,1.1102230246251565e-16,-0.013823908010425212,1
2015-06-12,1.1107093982437597,1.1158304085723518,1.0254089416693273,1.0256140234576612,-0.0009842637716211966,-0.0009842637716214186,2.220446049250313e-16,-0.014794565410209515,1
2015-06-15,1.1090397322625327,1.114153044468872,1.0238675029910753,1.0240722764916734,-0.0015032428679068177,-0.0015032428679064846,-3.3306690738754696e-16,-0.01627556845317968,1
2015-06-16,1.1083864292956767,1.1134967293988987,1.0232643725008745,1.0234690253753747,-0.0005890708401612432,-0.0005890708401612432,0.0,-0.016855051830558132,1
2015-06-17,1.109474583844867,1.114589900967567,1.0242689587647722,1.0244738125565251,0.0009817465465378206,0.0009817465465375985,2.220446049250313e-16,-0.015889852672946736,1
2015-06-18,1.1114816700397447,1.1166062409863078,1.0261219043995016,1.0263271287803815,0.0018090420673921859,0.0018090420673921859,0.0,-0.014109556017484537,1
2015-06-19,1.112679563077873,1.1178096570015807,1.0272278014364786,1.027433246996766,0.0010777443033185286,0.0010777443033187506,-2.220446049250313e-16,-0.01304701820778631,1
2015-06-23,1.1114447486789807,1.116569149396796,1.0260878185319238,1.0262930360956302,-0.0011097664052321932,-0.0011097664052323042,1.1102230246251565e-16,-0.014142305470523087,1
2015-06-24,1.110832469446307,1.115954047204058,1.0255225612279208,1.0257276657401664,-0.000550885892799835,-0.000550885892799724,-1.1102230246251565e-16,-0.014685400566747497,1
2015-06-25,1.1103278775158625,1.1154471288140628,1.0250567210376873,1.0252617323818949,-0.00045424665223914307,-0.00045424665223914307,0.0,-0.01513297642494238,1
2015-06-26,1.1110222042169011,1.1161446567612716,1.025697724714086,1.0259028642590287,0.0006253348358613575,0.0006253348358613575,0.0,-0.014517104766409883,1
2015-06-29,1.1106683745095771,1.1157891956951165,1.0253710684831294,1.025576142696826,-0.00031847221952996385,-0.00031847221952996385,0.0,-0.014830953691363669,1
2015-06-30,1.1110427160839922,1.1161652631998893,1.0257166613071849,1.0259218046394463,0.00033704171560700047,0.00033704171560700047,0.0,-0.014498910625832973,1
2015-07-01,1.1097730315110446,1.1148897246494545,1.0245444861943616,1.0247493950916005,-0.0011427864604727223,-0.0011427864604728333,1.1102230246251565e-16,-0.015625127927550886,1
2015-07-02,1.109512530798986,1.1146280228790097,1.0243039914620053,1.0245088522602976,-0.00023473332353729504,-0.00023473332353729504,0.0,-0.015856193512879035,1
2015-07-03,1.1117811432992768,1.116907094990126,1.026398378658746,1.0266036583344778,0.002044692995632147,0.002044692995632369,-2.220446049250313e-16,-0.01384392156505998,1
2015-07-06,1.1172957587667565,1.1224471360124915,1.0314894817133908,1.0316957796097335,0.004960162798871348,0.004960162798871126,2.220446049250313e-16,-0.008952426870926233,1
2015-07-07,1.1212145509745377,1.1263839961104007,1.0351073178249397,1.0353143392885047,0.0035073902116182776,0.0035073902116182776,0.0,-0.005476436313685218,1
2015-07-08,1.121286342509357,1.1264561186455626,1.035173595900786,1.035380630619966,6.40301490530959e-05,6.40301490530959e-05,0.0,-0.005412756821665532,1
2015-07-09,1.1229498549304564,1.128127300817457,1.0367093536011083,1.0369166954718285,0.0014835750316699592,0.0014835750316699592,0.0,-0.00393721202086883,1
2015-07-10,1.1186874889488971,1.1238452828727017,1.0327743295551528,1.0329808844210637,-0.0037956868357431617,-0.0037956868357430507,-1.1102230246251565e-16,-0.007717954432774898,1
2015-07-13,1.1189326057606372,1.124091529814183,1.0330006218426846,1.0332072219670532,0.00021911106914274114,0.0002191110691425191,2.220446049250313e-16,-0.00750053445287957,1
2015-07-14,1.1163942622080965,1.1215414830352441,1.0306572184466931,1.0308633498903825,-0.002268540160035193,-0.002268540160035193,0.0,-0.00975205934928658,1
2015-07-15,1.1152866213851698,1.120428735349889,1.0296346424193517,1.0298405693478354,-0.0009921591864292534,-0.0009921591864292534,0.0,-0.010734542940445846,1
2015-07-16,1.1151881644231316,1.1203298244445241,1.0295437467724768,1.0297496555218313,-8.827951501455544e-05,-8.827951501444442e-05,-1.1102230246251565e-16,-0.010821874815215793,1
2015-07-17,1.1161511965830655,1.1212972967376245,1.0304328198184711,1.0306389063824348,0.000863560240914163,0.0008635602409139409,2.220446049250313e-16,-0.00996765991512416,1
2015-07-20,1.117464981670259,1.1226171391310873,1.0316457086064568,1.0318520377481781,0.0011770673106077378,0.0011770673106077378,0.0,-0.008802325211165862,1
2015-07-21,1.117227044012001,1.1223781044431222,1.0314260441265095,1.0316323293353349,-0.00021292627702973466,-0.00021292627702973466,0.0,-0.009013377241859244,1
2015-07-22,1.1164711817096886,1.1216187571800604,1.0307282306708143,1.0309343763169485,-0.0006765520995606344,-0.0006765520995605234,-1.1102230246251565e-16,-0.009683831322122805,1
2015-07-23,1.1176249742335709,1.1227778693523054,1.0317934140326286,1.031999772715435,0.0010334279494035314,0.0010334279494033094,2.220446049250313e-16,-0.008660410914664962,1
2015-07-24,1.1198033345186604,1.124966273133504,1.033804480219734,1.0340112411157778,0.0019490977164171586,0.0019490977164171586,0.0,-0.0067281931853846455,1
2015-07-27,1.1208935402545597,1.1260615053460339,1.0348109601429414,1.03501792233497,0.0009735689315193419,0.0009735689315193419,0.0,-0.005761174613715725,1
2015-07-28,1.12209861244617,1.127272133614823,1.0359234849875032,1.0361306696845007,0.0010750995953965337,0.0010750995953967557,-2.220446049250313e-16,-0.004692268854815329,1
2015-07-29,1.1223693690917744,1.1275441386045766,1.036173448016409,1.0363806827060122,0.0002412948760484035,0.00024129487604862554,-2.220446049250313e-16,-0.004452106199198558,1
2015-07-30,1.122662688791179,1.1278388106768094,1.0364442412977233,1.0366515301459829,0.00026133972244979375,0.0002613397224495717,2.220446049250313e-16,-0.0041919299889472406,1
2015-07-31,1.1195130915993194,1.1246746920270636,1.0335365274273842,1.0337432347328697,-0.002805470622035955,-0.002805470622035955,0.0,-0.006985640274549509,1
2015-08-03,1.1186126206340141,1.123770069371747,1.0327052109903416,1.0329117520325397,-0.0008043416124942082,-0.0008043416124942082,0.0,-0.0077843630458810376,1
2015-08-04,1.1196771865360493,1.124839543536005,1.0336880201721754,1.0338947577762099,0.000951684150882981,0.000951684150882981,0.0,-0.006840087149933338,1
2015-08-05,1.120300747295623,1.1254659792699826,1.0342636926023827,1.034470545340903,0.0005569111946477356,0.0005569111946479577,-2.220446049250313e-16,-0.00628698527639171,1
2015-08-06,1.1206556025963015,1.1258224706580688,1.0345912956629941,1.0347982139221268,0.000316750034787594,0.000316750034787594,0.0,-0.0059722266444091066,1
2015-08-07,1.120890463474496,1.1260584143802412,1.0348081196539767,1.0350150812779075,0.00020957453623626776,0.00020957453623626776,0.0,-0.005763903734802289,1
2015-08-10,1.1207796993922035,1.1259471396117058,1.0347058620512426,1.0349128032236528,-9.881793618737866e-05,-9.881793618726764e-05,-1.1102230246251565e-16,-0.00586215209391816,1
2015-08-11,1.1174742120104502,1.1226264120284652,1.0316542300733513,1.031860560919366,-0.0029492748517356837,-0.0029492748517356837,0.0,-0.00879413784790617,1
2015-08-12,1.1166824539407285,1.1218310034978227,1.0309232775797332,1.0311294622352492,-0.0007085246900662145,-0.0007085246900661035,-1.1102230246251565e-16,-0.00949643167417924,1
2015-08-13,1.1161511965830655,1.1212972967376245,1.0304328198184711,1.0306389063824348,-0.0004757461315777478,-0.00047574613157785883,1.1102230246251565e-16,-0.00996765991512416,1
2015-08-14,1.1172188392651643,1.1223698618676752,1.0314184694892699,1.0316247531831677,0.000956539477238616,0.000956539477238616,0.0,-0.009020654898090119,1
2015-08-17,1.1167296312350383,1.1218783983066434,1.0309668317438607,1.0311730251102094,-0.00043788021910529107,-0.00043788021910518005,-1.1102230246251565e-16,-0.00945458515085218,1
2015-08-18,1.116468104929625,1.1216156662142678,1.0307253901818492,1.0309315352598856,-0.00023418945651521028,-0.00023418945651543233,2.220446049250313e-16,-0.009686560443209258,1
2015-08-19,1.1157153194073766,1.1208594099169986,1.030030417215119,1.030236423298562,-0.0006742561824423232,-0.0006742561824422122,-1.1102230246251565e-16,-0.010354285402386143,1
2015-08-20,1.1157337800877587,1.1208779557117545,1.030047460148908,1.0302534696409378,1.6546049033339116e-05,1.6546049033339116e-05,0.0,-0.010337910675866757,1
2015-08-21,1.116219911337821,1.1213663283069937,1.0304962574053524,1.0307023566568334,0.00043570541534032614,0.00043570541534032614,0.0,-0.009906709544191261,1
2015-08-24,1.1173460128411299,1.1224976217871048,1.031535876366483,1.0317421835417564,0.0010088527286340465,0.0010088527286340465,0.0,-0.008907851226512609,1
2015-08-25,1.118603390293823,1.123760796474369,1.032696689523447,1.0329032288613518,0.0011253250454583696,0.0011253250454583696,0.0,-0.0077925504091406195,1
2015-08-26,1.1190772144236305,1.1242368052064375,1.0331341248240322,1.033340751648997,0.0004235854583660714,0.00042358545836629347,-2.220446049250313e-16,-0.007372265761811492,1
2015-08-27,1.1249743762123618,1.130161156309023,1.0385783953399719,1.03878611101904,0.005269664785167327,0.005269664785167105,2.220446049250313e-16,-0.0021414503459160628,1
2015-08-28,1.1254553794956512,1.1306443772946075,1.0390224584481416,1.0392302629398311,0.0004275682126280156,0.0004275682126280156,0.0,-0.0017147977493849886,1
2015-08-31,1.1290490586100366,1.1342546253404266,1.0423401495590727,1.0425486175889844,0.0031930889308076083,0.0031930889308076083,0.0,0.0,1
2015-09-01,1.1308417957938108,1.1360556280756127,1.0439952077959183,1.0442040068374774,0.0015878293065327842,0.0015878293065325622,2.220446049250313e-16,0.0,1
2015-09-02,1.1313227990771004,1.1365388490611974,1.044439270904088,1.0446481587582688,0.0004253497572150877,0.0004253497572150877,0.0,0.0,1
2015-09-06,1.1310110186973135,1.1362256311942085,1.0441514346889842,1.044360264975922,-0.0002755892306256502,-0.00027558923062576124,1.1102230246251565e-16,-0.0002755892306256502,1
2015-09-07,1.1296814987517554,1.1351170047965768,1.0431326459802623,1.0433412725094584,-0.001175514582598347,-0.0009757097245433055,-0.00019980485805504156,-0.00145077985406461,0
2015-09-08,1.1296814987517554,1.1351170047965768,1.042733083865875,1.0429416304826482,0.0,-0.00038304056145399556,0.00038304056145399556,-0.00145077985406461,0
2015-09-09,1.1296814987517554,1.1351170047965768,1.0421346875239494,1.0423431144614541,0.0,-0.0005738729797534203,0.0005738729797534203,-0.00145077985406461,0
2015-09-10,1.1296814987517554,1.1351170047965768,1.0421072294639557,1.0423156509098486,0.0,-2.634789948208205e-05,2.634789948208205e-05,-0.00145077985406461,0
2015-09-11,1.1296814987517554,1.1351170047965768,1.0423212129659736,1.0425296772085668,0.0,0.0002053373165138428,-0.0002053373165138428,-0.00145077985406461,0
2015-09-14,1.1296814987517554,1.1351170047965768,1.0423827568935449,1.0425912334449237,0.0,5.904506864662373e-05,-5.904506864662373e-05,-0.00145077985406461,0
2015-09-15,1.1296814987517554,1.1351170047965768,1.043068261563726,1.0432768752160386,0.0,0.0006576323962073083,-0.0006576323962073083,-0.00145077985406461,0
2015-09-16,1.1296814987517554,1.1351170047965768,1.043369353393999,1.0435780272646777,0.0,0.00028865975638225905,-0.00028865975638225905,-0.00145077985406461,0
2015-09-17,1.1296814987517554,1.1351170047965768,1.0433125436147022,1.0435212061234251,0.0,-5.444838791934803e-05,5.444838791934803e-05,-0.00145077985406461,0
2015-09-18,1.1296814987517554,1.1351170047965768,1.0439791116917843,1.0441879075141225,0.0,0.0006388958717706839,-0.0006388958717706839,-0.00145077985406461,0
2015-09-21,1.1296814987517554,1.1351170047965768,1.043525580287065,1.0437342854031224,0.0,-0.000434425746300815,0.000434425746300815,-0.00145077985406461,0
2015-09-22,1.1296814987517554,1.1351170047965768,1.0431780938036999,1.0433867294224606,0.0,-0.00033299277941001293,0.00033299277941001293,-0.00145077985406461,0
2015-09-23,1.1296814987517554,1.1351170047965768,1.0425020574300683,1.0427105578415543,0.0,-0.0006480546108541541,0.0006480546108541541,-0.00145077985406461,0
2015-09-24,1.1296814987517554,1.1351170047965768,1.0436619237573772,1.0438706561421287,0.0,0.0011125794131938704,-0.0011125794131938704,-0.00145077985406461,0
2015-09-25,1.1296814987517554,1.1351170047965768,1.0434886539305221,1.0436973516613082,0.0,-0.00016602102933027663,0.00016602102933027663,-0.00145077985406461,0
2015-09-28,1.1296814987517554,1.1351170047965768,1.0450840618991062,1.045293078711486,0.0,0.0015289174085166835,-0.0015289174085166835,-0.00145077985406461,0
2015-09-29,1.1296814987517554,1.1351170047965768,1.0467599503883607,1.0469693023784383,0.0,0.001603592046183433,-0.001603592046183433,-0.00145077985406461,0
2015-09-30,1.1296814987517554,1.1351170047965768,1.0482531007542106,1.0484627513743614,0.0,0.001426449650940409,-0.001426449650940409,-0.00145077985406461,0
2015-10-08,1.1296814987517554,1.1351170047965768,1.0488344541623473,1.0490442210531798,0.0,0.0005545925957370912,-0.0005545925957370912,-0.00145077985406461,0
2015-10-09,1.1296814987517554,1.1351170047965768,1.0558211101861943,1.0560322744082316,0.0,0.0066613525100363,-0.0066613525100363,-0.00145077985406461,0
2015-10-10,1.1296814987517554,1.1351170047965768,1.0560133166061483,1.0562245192694695,0.0,0.00018204449418535162,-0.00018204449418535162,-0.00145077985406461,0
2015-10-12,1.1296814987517554,1.1351170047965768,1.0550920513518858,1.0553030697621562,0.0,-0.0008723992773341793,0.0008723992773341793,-0.00145077985406461,0
2015-10-13,1.1296814987517554,1.1351170047965768,1.0593471038212134,1.0595589732419777,0.0,0.004032873211276433,-0.004032873211276433,-0.00145077985406461,0
2015-10-14,1.1296814987517554,1.1351170047965768,1.064879429495063,1.065092405380962,0.0,0.005222391842950813,-0.005222391842950813,-0.00145077985406461,0
2015-10-15,1.1296814987517554,1.1351170047965768,1.061320296822121,1.0615325608814854,0.0,-0.003342286999223676,0.003342286999223676,-0.00145077985406461,0
2015-10-16,1.1296814987517554,1.1351170047965768,1.0580120740077394,1.058223676422541,0.0,-0.0031170823966027994,0.0031170823966027994,-0.00145077985406461,0
2015-10-19,1.1296814987517554,1.1351170047965768,1.057933487146379,1.0581450738438083,0.0,-7.427784927138692e-05,7.427784927138692e-05,-0.00145077985406461,0
2015-10-20,1.1296814987517554,1.1351170047965768,1.0615939305924003,1.0618062493785188,0.0,0.003459993932033223,-0.003459993932033223,-0.00145077985406461,0
2015-10-21,1.1296814987517554,1.1351170047965768,1.0612578060648947,1.0614700576261076,0.0,-0.00031662250302988415,0.00031662250302988415,-0.00145077985406461,0
2015-10-22,1.1296814987517554,1.1351170047965768,1.0614197139358903,1.0616319978786775,0.0,0.00015256224271831265,-0.00015256224271831265,-0.00145077985406461,0
2015-10-23,1.1296814987517554,1.1351170047965768,1.0629829296962063,1.0631955262821455,0.0,0.0014727593051002685,-0.0014727593051002685,-0.00145077985406461,0
2015-10-26,1.1296814987517554,1.1351170047965768,1.0660790626678798,1.0662922784804134,0.0,0.0029126836237702847,-0.0029126836237702847,-0.00145077985406461,0
2015-10-27,1.1296814987517554,1.1351170047965768,1.068600470039001,1.0688141901330088,0.0,0.0023651223060430215,-0.0023651223060430215,-0.00145077985406461,0
2015-10-28,1.1296814987517554,1.1351170047965768,1.0677521106681693,1.067965661090303,0.0,-0.0007938976208767823,0.0007938976208767823,-0.00145077985406461,0
2015-10-29,1.1296814987517554,1.1351170047965768,1.0652070325556744,1.0654200739621855,0.0,-0.0023835851852377354,0.0023835851852377354,-0.00145077985406461,0
2015-10-30,1.1296814987517554,1.1351170047965768,1.0635036860064264,1.0637163867436277,0.0,-0.0015990755760983966,0.0015990755760983966,-0.00145077985406461,0
2015-11-02,1.1296814987517554,1.1351170047965768,1.0640708369697391,1.064283651137133,0.0,0.0005332853762287648,-0.0005332853762287648,-0.00145077985406461,0
2015-11-03,1.1296814987517554,1.1351170047965768,1.0617851901826993,1.061997547220736,0.0,-0.0021480212666563636,0.0021480212666563636,-0.00145077985406461,0
2015-11-04,1.1296814987517554,1.1351170047965768,1.0593802428591366,1.0595921189077084,0.0,-0.0022650036427320774,0.0022650036427320774,-0.00145077985406461,0
2015-11-05,1.1296814987517554,1.1351170047965768,1.0580130208373943,1.0582246234415618,0.0,-0.00129058667174331,0.00129058667174331,-0.00145077985406461,0
2015-11-06,1.1296814987517554,1.1351170047965768,1.058038585238078,1.0582501929551256,0.0,2.4162652235926174e-05,-2.4162652235926174e-05,-0.00145077985406461,0
2015-11-09,1.1296814987517554,1.1351170047965768,1.0510755999556047,1.051285815075596,0.0,-0.006581031523445358,0.006581031523445358,-0.00145077985406461,0
2015-11-10,1.1296814987517554,1.1351170047965768,1.052671954753844,1.0528824891447945,0.0,0.00151878209170353,-0.00151878209170353,-0.00145077985406461,0
2015-11-11,1.1296814987517554,1.1351170047965768,1.0558741326468712,1.0560853074734007,0.0,0.0030419523181617336,-0.0030419523181617336,-0.00145077985406461,0
2015-11-12,1.1296814987517554,1.1351170047965768,1.056107052741988,1.0563182741525363,0.0,0.0002205945651239105,-0.0002205945651239105,-0.00145077985406461,0
2015-11-13,1.1296814987517554,1.1351170047965768,1.0566609480901314,1.0568722802797494,0.0,0.0005244689415768722,-0.0005244689415768722,-0.00145077985406461,0
2015-11-16,1.1296814987517554,1.1351170047965768,1.056388261149507,1.0565995388017368,0.0,-0.00025806474736977947,0.00025806474736977947,-0.00145077985406461,0
2015-11-17,1.1296814987517554,1.1351170047965768,1.0564062509129508,1.0566175321631335,0.0,1.7029499574494622e-05,-1.7029499574494622e-05,-0.00145077985406461,0
2015-11-18,1.1296814987517554,1.1351170047965768,1.0552539592228818,1.0554650100147263,0.0,-0.0010907656870386973,0.0010907656870386973,-0.00145077985406461,0
2015-11-19,1.1296814987517554,1.1351170047965768,1.0542058187948564,1.0544166599586153,0.0,-0.0009932589391061786,0.0009932589391061786,-0.00145077985406461,0
2015-11-20,1.1296814987517554,1.1351170047965768,1.055299407046319,1.0555104669277284,0.0,0.001037357441939335,-0.001037357441939335,-0.00145077985406461,0
2015-11-23,1.1296814987517554,1.1351170047965768,1.055250171904262,1.0554612219386428,0.0,-4.66551404543214e-05,4.66551404543214e-05,-0.00145077985406461,0
2015-11-24,1.1296814987517554,1.1351170047965768,1.0563797396826125,1.056591015630549,0.0,0.0010704265286327619,-0.0010704265286327619,-0.00145077985406461,0
2015-11-25,1.1296814987517554,1.1351170047965768,1.0578340700326094,1.058045636846616,0.0,0.00137671170258713,-0.00137671170258713,-0.00145077985406461,0
2015-11-26,1.1296814987517554,1.1351170047965768,1.0602740500534056,1.0604861048634162,0.0,0.0023065810507700846,-0.0023065810507700846,-0.00145077985406461,0
2015-11-27,1.1296814987517554,1.1351170047965768,1.0599047864879765,1.060116767445274,0.0,-0.0003482718127548745,0.0003482718127548745,-0.00145077985406461,0
2015-11-30,1.1296814987517554,1.1351170047965768,1.06168766672824,1.0619000042615856,0.0,0.0016821135850995095,-0.0016821135850995095,-0.00145077985406461,0
2015-12-01,1.1296814987517554,1.1351170047965768,1.0615816218068863,1.0617939381312476,0.0,-9.988335051536179e-05,9.988335051536179e-05,-0.00145077985406461,0
2015-12-02,1.1296814987517554,1.1351170047965768,1.0620294722336754,1.0622418781281222,0.0,0.00042187093068424275,-0.00042187093068424275,-0.00145077985406461,0
2015-12-03,1.1296814987517554,1.1351170047965768,1.06273864764523,1.062951195374759,0.0,0.0006677549259184179,-0.0006677549259184179,-0.00145077985406461,0
2015-12-04,1.1296814987517554,1.1351170047965768,1.0635103138140112,1.0637230158767739,0.0,0.000726110949753167,-0.000726110949753167,-0.00145077985406461,0
2015-12-07,1.1296814987517554,1.1351170047965768,1.0633654488768045,1.0635781219665799,0.0,-0.00013621394670559894,0.00013621394670559894,-0.00145077985406461,0
2015-12-08,1.1296814987517554,1.1351170047965768,1.0643170126800252,1.0645298760825612,0.0,0.0008948605620258121,-0.0008948605620258121,-0.00145077985406461,0
2015-12-09,1.1296814987517554,1.1351170047965768,1.0655583063576592,1.0657714180189308,0.0,0.0011662819092859156,-0.0011662819092859156,-0.00145077985406461,0
2015-12-10,1.1296814987517554,1.1351170047965768,1.0654001858052835,1.0656132658424446,0.0,-0.00014839221038620565,0.00014839221038620565,-0.00145077985406461,0
2015-12-11,1.1296814987517554,1.1351170047965768,1.0663271320374756,1.0665403974638832,0.0,0.0008700451197045656,-0.0008700451197045656,-0.00145077985406461,0
2015-12-14,1.1296814987517554,1.1351170047965768,1.0646569245261508,1.064869855911056,0.0,-0.001566318122407262,0.001566318122407262,-0.00145077985406461,0
2015-12-15,1.1296814987517554,1.1351170047965768,1.0640509535469853,1.0642637637376946,0.0,-0.00056917018544278,0.00056917018544278,-0.00145077985406461,0
2015-12-16,1.1296814987517554,1.1351170047965768,1.0655687214838638,1.0657818352281605,0.0,0.0014264053162296175,-0.0014264053162296175,-0.00145077985406461,0
2015-12-17,1.1296814987517554,1.1351170047965768,1.0656993839762463,1.0659125238530416,0.0,0.00012262230464177293,-0.00012262230464177293,-0.00145077985406461,0
2015-12-18,1.1296814987517554,1.1351170047965768,1.0697016329277034,1.0699155732542889,0.0,0.0037555139954423833,-0.0037555139954423833,-0.00145077985406461,0
2015-12-21,1.1296814987517554,1.1351170047965768,1.0749139301781814,1.075128912964217,0.0,0.004872664573028818,-0.004872664573028818,-0.00145077985406461,0
2015-12-22,1.1296814987517554,1.1351170047965768,1.0768208451032428,1.0770362092722634,0.0,0.0017740163854285118,-0.0017740163854285118,-0.00145077985406461,0
2015-12-23,1.1296814987517554,1.1351170047965768,1.0762944078150927,1.0765096666966556,0.0,-0.0004888810339659377,0.0004888810339659377,-0.00145077985406461,0
2015-12-24,1.1296814987517554,1.1351170047965768,1.0803648285017056,1.080580901467406,0.0,0.0037818840802823495,-0.0037818840802823495,-0.00145077985406461,0
2015-12-25,1.1296814987517554,1.1351170047965768,1.0789247005965328,1.079140485536652,0.0,-0.0013330014705957849,0.0013330014705957849,-0.00145077985406461,0
2015-12-28,1.1296814987517554,1.1351170047965768,1.0809007340864052,1.0811169142332224,0.0,0.0018314841515629787,-0.0018314841515629787,-0.00145077985406461,0
2015-12-29,1.1296814987517554,1.1351170047965768,1.0797285589735819,1.0799445046853766,0.0,-0.0010844428871760181,0.0010844428871760181,-0.00145077985406461,0
2015-12-30,1.1296814987517554,1.1351170047965768,1.0796736428535951,1.0798895775821657,0.0,-5.086104237062017e-05,5.086104237062017e-05,-0.00145077985406461,0
2015-12-31,1.1296814987517554,1.1351170047965768,1.0796263013708478,1.079842226631122,0.0,-4.384795633449734e-05,4.384795633449734e-05,-0.00145077985406461,0
2016-01-04,1.1296814987517554,1.1351170047965768,1.0758531851958877,1.076068355832927,0.0,-0.003494835361244175,0.003494835361244175,-0.00145077985406461,0
2016-01-05,1.1296814987517554,1.1351170047965768,1.0743950675272709,1.0746099465407764,0.0,-0.0013553128704557604,0.0013553128704557604,-0.00145077985406461,0
2016-01-06,1.1296814987517554,1.1351170047965768,1.0746620734899655,1.0748770059046635,0.0,0.00024851748743515145,-0.00024851748743515145,-0.00145077985406461,0
2016-01-07,1.1296814987517554,1.1351170047965768,1.076182681915809,1.0763979184521921,0.0,0.0014149642602583334,-0.0014149642602583334,-0.00145077985406461,0
2016-01-08,1.1296814987517554,1.1351170047965768,1.077672044963039,1.0778875793720317,0.0,0.0013839314386463464,-0.0013839314386463464,-0.00145077985406461,0
2016-01-11,1.1296814987517554,1.1351170047965768,1.077620916161672,1.0778364403449043,0.0,-4.744374840737198e-05,4.744374840737198e-05,-0.00145077985406461,0
2016-01-12,1.1296814987517554,1.1351170047965768,1.0799131907562964,1.0801291733944476,0.0,0.002127162307492103,-0.002127162307492103,-0.00145077985406461,0
2016-01-13,1.1296814987517554,1.1351170047965768,1.0844740692041717,1.0846909640180125,0.0,0.004223375070250945,-0.004223375070250945,-0.00145077985406461,0
2016-01-14,1.1296814987517554,1.1351170047965768,1.0823938844522552,1.0826103632291455,0.0,-0.0019181507525053432,0.0019181507525053432,-0.00145077985406461,0
2016-01-15,1.1296814987517554,1.1351170047965768,1.0825908250204839,1.0828073431854879,0.0,0.00018194907700208596,-0.00018194907700208596,-0.00145077985406461,0
2016-01-18,1.1296814987517554,1.1351170047965768,1.080781433549882,1.080997589836592,0.0,-0.0016713530438128288,0.0016713530438128288,-0.00145077985406461,0
2016-01-19,1.1296814987517554,1.1351170047965768,1.0792636656130035,1.079479518346126,0.0,-0.0014043245838275542,0.0014043245838275542,-0.00145077985406461,0
2016-01-20,1.1296814987517554,1.1351170047965768,1.077864251382993,1.0780798242332696,0.0,-0.0012966379528913663,0.0012966379528913663,-0.00145077985406461,0
2016-01-21,1.1296814987517554,1.1351170047965768,1.0791206943351066,1.0793365184739736,0.0,0.0011656782850915093,-0.0011656782850915093,-0.00145077985406461,0
2016-01-22,1.1296814987517554,1.1351170047965768,1.07984880633976,1.080064776101028,0.0,0.0006747271259606169,-0.0006747271259606169,-0.00145077985406461,0
2016-01-25,1.1296814987517554,1.1351170047965768,1.0767327899453327,1.0769481365033218,0.0,-0.0028856043328781,0.0028856043328781,-0.00145077985406461,0
2016-01-26,1.1296814987517554,1.1351170047965768,1.0759223037606989,1.076137488221451,0.0,-0.0007527273174944282,0.0007527273174944282,-0.00145077985406461,0
2016-01-27,1.1296814987517554,1.1351170047965768,1.0743685562969325,1.0745834300081918,0.0,-0.0014441074958065903,0.0014441074958065903,-0.00145077985406461,0
2016-01-28,1.1296814987517554,1.1351170047965768,1.073728499450189,1.073943245150079,0.0,-0.0005957516561631016,0.0005957516561631016,-0.00145077985406461,0
2016-01-29,1.1296814987517554,1.1351170047965768,1.0759989969627497,1.0762141967621421,0.0,0.002114591829986079,-0.002114591829986079,-0.00145077985406461,0
2016-02-01,1.1296814987517554,1.1351170047965768,1.0762972483040576,1.0765125077537183,0.0,0.00027718551982824913,-0.00027718551982824913,-0.00145077985406461,0
2016-02-02,1.1296814987517554,1.1351170047965768,1.0753684084125554,1.0755834820942378,0.0,-0.0008629956946983874,0.0008629956946983874,-0.00145077985406461,0
2016-02-03,1.1296814987517554,1.1351170047965768,1.0742965972431564,1.074511456562605,0.0,-0.0009966920740969165,0.0009966920740969165,-0.00145077985406461,0
2016-02-04,1.1296814987517554,1.1351170047965768,1.073238041688927,1.0734526892972647,0.0,-0.0009853475818000224,0.0009853475818000224,-0.00145077985406461,0
2016-02-05,1.1296814987517554,1.1351170047965768,1.0740295912804616,1.0742443971987177,0.0,0.0007375340425774812,-0.0007375340425774812,-0.00145077985406461,0
2016-02-06,1.1296814987517554,1.1351170047965768,1.0743202679845303,1.0745351320381271,0.0,0.000270641243433678,-0.000270641243433678,-0.00145077985406461,0
2016-02-14,1.1296814987517554,1.1351170047965768,1.077903071398846,1.0781186520131258,0.0,0.0033349491032474976,-0.0033349491032474976,-0.00145077985406461,0
2016-02-15,1.1296814987517554,1.1351170047965768,1.0764013995661015,1.0766166798460146,0.0,-0.0013931418070789459,0.0013931418070789459,-0.00145077985406461,0
2016-02-16,1.1296814987517554,1.1351170047965768,1.0758190993283097,1.0760342631481754,0.0,-0.0005409694171956136,0.0005409694171956136,-0.00145077985406461,0
2016-02-17,1.1296814987517554,1.1351170047965768,1.0754564635704653,1.0756715548631794,0.0,-0.00033707875057320535,0.00033707875057320535,-0.00145077985406461,0
2016-02-18,1.1296814987517554,1.1351170047965768,1.075395866472549,1.0756109456458434,0.0,-5.634546815147523e-05,5.634546815147523e-05,-0.00145077985406461,0
2016-02-19,1.1296814987517554,1.1351170047965768,1.0760453916158417,1.0762606006941648,0.0,0.0006039870186811402,-0.0006039870186811402,-0.00145077985406461,0
2016-02-22,1.1296814987517554,1.1351170047965768,1.0757007456214416,1.0759158857705657,0.0,-0.0003202894571970871,0.0003202894571970871,-0.00145077985406461,0
2016-02-23,1.1296814987517554,1.1351170047965768,1.075885377404156,1.0761005544796367,0.0,0.00017163861182201146,-0.00017163861182201146,-0.00145077985406461,0
2016-02-24,1.1296814987517554,1.1351170047965768,1.074885525288533,1.0751005023935907,0.0,-0.0009293295890268061,0.0009293295890268061,-0.00145077985406461,0
2016-02-25,1.1296814987517554,1.1351170047965768,1.0747113086320228,1.0749262508937492,0.0,-0.00016207926556965901,0.00016207926556965901,-0.00145077985406461,0
2016-02-26,1.1296814987517554,1.1351170047965768,1.075043645840909,1.075258654570077,0.0,0.0003092339367947172,-0.0003092339367947172,-0.00145077985406461,0
2016-02-29,1.1296814987517554,1.1351170047965768,1.0751714678443265,1.0753865021378954,0.0,0.0001188993618184142,-0.0001188993618184142,-0.00145077985406461,0
2016-03-01,1.1296814987517554,1.1351170047965768,1.0758882178931208,1.0761033955366994,0.0,0.0006666378993773758,-0.0006666378993773758,-0.00145077985406461,0
2016-03-02,1.1296814987517554,1.1351170047965768,1.0750512204781484,1.075266230722244,0.0,-0.0007779594581038829,0.0007779594581038829,-0.00145077985406461,0
2016-03-03,1.1296814987517554,1.1351170047965768,1.0746772227644448,1.0748921582089976,0.0,-0.0003478882741394518,0.0003478882741394518,-0.00145077985406461,0
2016-03-04,1.1296814987517554,1.1351170047965768,1.073692519923301,1.0739072584272855,0.0,-0.0009162777625553176,0.0009162777625553176,-0.00145077985406461,0
2016-03-07,1.1296814987517554,1.1351170047965768,1.071829159162367,1.0720435249941995,0.0,-0.001735469630604336,0.001735469630604336,-0.00145077985406461,0
2016-03-08,1.1296814987517554,1.1351170047965768,1.0723215105829391,1.0725359748850556,0.0,0.00045935624755433224,-0.00045935624755433224,-0.00145077985406461,0
2016-03-09,1.1296814987517554,1.1351170047965768,1.0734908452067973,1.0737055433758387,0.0,0.0010904701736538236,-0.0010904701736538236,-0.00145077985406461,0
2016-03-10,1.1296814987517554,1.1351170047965768,1.0745815929692952,1.074796509287889,0.0,0.0010160755141679356,-0.0010160755141679356,-0.00145077985406461,0
2016-03-11,1.1296814987517554,1.1351170047965768,1.075356099627041,1.0755711708469664,0.0,0.0007207518375647037,-0.0007207518375647037,-0.00145077985406461,0
2016-03-14,1.1296814987517554,1.1351170047965768,1.0758011095648656,1.0760162697867786,0.0,0.0004138256508507965,-0.0004138256508507965,-0.00145077985406461,0
2016-03-15,1.1296814987517554,1.1351170047965768,1.076834100718412,1.0770494675385556,0.0,0.0009602064399840682,-0.0009602064399840682,-0.00145077985406461,0
2016-03-16,1.1296814987517554,1.1351170047965768,1.077464689268606,1.0776801822064597,0.0,0.0005855948931905441,-0.0005855948931905441,-0.00145077985406461,0
2016-03-17,1.1296814987517554,1.1351170047965768,1.0781757583394707,1.0783913934911384,0.0,0.0006599465188481535,-0.0006599465188481535,-0.00145077985406461,0
2016-03-18,1.1296814987517554,1.1351170047965768,1.0779333699478042,1.0781489566217937,0.0,-0.00022481343119773456,0.00022481343119773456,-0.00145077985406461,0
2016-03-21,1.1296814987517554,1.1351170047965768,1.0777155991271667,1.0779311422469922,0.0,-0.00020202623530241048,0.00020202623530241048,-0.00145077985406461,0
2016-03-22,1.1296814987517554,1.1351170047965768,1.0778367933229998,1.0780523606816643,0.0,0.00011245471062237833,-0.00011245471062237833,-0.00145077985406461,0
2016-03-23,1.1296814987517554,1.1351170047965768,1.0774684765872258,1.0776839702825431,0.0,-0.00034171846614960977,0.00034171846614960977,-0.00145077985406461,0
2016-03-24,1.1296814987517554,1.1351170047965768,1.0775962985906435,1.0778118178503617,0.0,0.00011863178013582498,-0.00011863178013582498,-0.00145077985406461,0
2016-03-25,1.1296814987517554,1.1351170047965768,1.0783528154849453,1.0785684860480422,0.0,0.0007020411032323537,-0.0007020411032323537,-0.00145077985406461,0
2016-03-28,1.1296814987517554,1.1351170047965768,1.0774012516817246,1.0776167319320609,0.0,-0.0008824234420835575,0.0008824234420835575,-0.00145077985406461,0
2016-03-29,1.1296814987517554,1.1351170047965768,1.077495934647219,1.0777114338341485,0.0,8.78808757152072e-05,-8.78808757152072e-05,-0.00145077985406461,0
2016-03-30,1.1296814987517554,1.1351170047965768,1.077358644347252,1.0775741160761214,0.0,-0.0001274160723511164,0.0001274160723511164,-0.00145077985406461,0
2016-03-31,1.1296814987517554,1.1351170047965768,1.0780488831657078,1.0782644929423408,0.0,0.0006406769204270191,-0.0006406769204270191,-0.00145077985406461,0
2016-04-01,1.1296814987517554,1.1351170047965768,1.0777752493954282,1.0779908044453073,0.0,-0.0002538231564008786,0.0002538231564008786,-0.00145077985406461,0
2016-04-05,1.1296814987517554,1.1351170047965768,1.0779371572664238,1.0781527446978771,0.0,0.00015022415024512625,-0.00015022415024512625,-0.00145077985406461,0
2016-04-06,1.1296814987517554,1.1351170047965768,1.077726961083026,1.0779425064752426,0.0,-0.00019499855068627614,0.00019499855068627614,-0.00145077985406461,0
2016-04-07,1.1296814987517554,1.1351170047965768,1.0766674586991414,1.0768827921908812,0.0,-0.0009830898011681244,0.0009830898011681244,-0.00145077985406461,0
2016-04-08,1.1296814987517554,1.1351170047965768,1.0762451726730353,1.07646042170757,0.0,-0.00039221583479109867,0.00039221583479109867,-0.00145077985406461,0
2016-04-11,1.1296814987517554,1.1351170047965768,1.07581531200969,1.076030475072092,0.0,-0.0003994077504455573,0.0003994077504455573,-0.00145077985406461,0
2016-04-12,1.1296814987517554,1.1351170047965768,1.0763635263799036,1.0765787990851796,0.0,0.0005095803750827521,-0.0005095803750827521,-0.00145077985406461,0
2016-04-13,1.1296814987517554,1.1351170047965768,1.0753371630339423,1.075552230466549,0.0,-0.0009535471249320082,0.0009535471249320082,-0.00145077985406461,0
2016-04-14,1.1296814987517554,1.1351170047965768,1.0740797732521739,1.0742945892068243,0.0,-0.0011692981745565767,0.0011692981745565767,-0.00145077985406461,0
2016-04-15,1.1296814987517554,1.1351170047965768,1.0735959432984963,1.073810662487156,0.0,-0.00045045998046555624,0.00045045998046555624,-0.00145077985406461,0
2016-04-18,1.1296814987517554,1.1351170047965768,1.074270086012818,1.0744849400300205,0.0,0.0006279296401312529,-0.0006279296401312529,-0.00145077985406461,0
2016-04-19,1.1296814987517554,1.1351170047965768,1.0746743822754798,1.074889317151935,0.0,0.0003763450811167246,-0.0003763450811167246,-0.00145077985406461,0
2016-04-20,1.1296814987517554,1.1351170047965768,1.07353723985989,1.0737519473078618,0.0,-0.001058127405235254,0.001058127405235254,-0.00145077985406461,0
2016-04-21,1.1296814987517554,1.1351170047965768,1.073164188975841,1.0733788218136362,0.0,-0.0003474969197133637,0.0003474969197133637,-0.00145077985406461,0
2016-04-22,1.1296814987517554,1.1351170047965768,1.070321806351693,1.0705358707129633,0.0,-0.0026485999564153095,0.0026485999564153095,-0.00145077985406461,0
2016-04-25,1.1296814987517554,1.1351170047965768,1.0677398018826552,1.0679533498430316,0.0,-0.0024123627620359356,0.0024123627620359356,-0.00145077985406461,0
2016-04-26,1.1296814987517554,1.1351170047965768,1.0686809505596715,1.0688946867497835,0.0,0.0008814400993171212,-0.0008814400993171212,-0.00145077985406461,0
2016-04-27,1.1296814987517554,1.1351170047965768,1.070146642865528,1.070360672194101,0.0,0.001371496614671397,-0.001371496614671397,-0.00145077985406461,0
2016-04-28,1.1296814987517554,1.1351170047965768,1.0706891762578121,1.0709033140930637,0.0,0.0005069710734515454,-0.0005069710734515454,-0.00145077985406461,0
2016-04-29,1.1296814987517554,1.1351170047965768,1.0707469328667638,1.070961082253337,0.0,5.394339480813137e-05,-5.394339480813137e-05,-0.00145077985406461,0
2016-05-03,1.1296814987517554,1.1351170047965768,1.0710792700756497,1.0712934859296648,0.0,0.0003103788567444532,-0.0003103788567444532,-0.00145077985406461,0
2016-05-04,1.1296814987517554,1.1351170047965768,1.0719153206609673,1.0721297037250994,0.0,0.000780568356307132,-0.000780568356307132,-0.00145077985406461,0
2016-05-05,1.1296814987517554,1.1351170047965768,1.0724341833118778,1.07264867014854,0.0,0.0004840519030837598,-0.0004840519030837598,-0.00145077985406461,0
2016-05-06,1.1296814987517554,1.1351170047965768,1.0712307628204412,1.0714450089730052,0.0,-0.0011221392512128503,0.0011221392512128503,-0.00145077985406461,0
2016-05-09,1.1296814987517554,1.1351170047965768,1.0719389914023407,1.0721533792006213,0.0,0.0006611354028285277,-0.0006611354028285277,-0.00145077985406461,0
2016-05-10,1.1296814987517554,1.1351170047965768,1.0717751898720353,1.0719895449100096,0.0,-0.00015280863147915102,0.00015280863147915102,-0.00145077985406461,0
2016-05-11,1.1296814987517554,1.1351170047965768,1.0720743880429981,1.0722888029206068,0.0,0.0002791613146022609,-0.0002791613146022609,-0.00145077985406461,0
2016-05-12,1.1296814987517554,1.1351170047965768,1.0719295231057915,1.0721439090104126,0.0,-0.00013512582598962375,0.00013512582598962375,-0.00145077985406461,0
2016-05-13,1.1296814987517554,1.1351170047965768,1.0727381156311153,1.0729526632542414,0.0,0.0007543336645687848,-0.0007543336645687848,-0.00145077985406461,0
2016-05-16,1.1296814987517554,1.1351170047965768,1.071303668703872,1.0715179294376127,0.0,-0.0013371827721432306,0.0013371827721432306,-0.00145077985406461,0
2016-05-17,1.1296814987517554,1.1351170047965768,1.0712212945238917,1.0714355387827965,0.0,-7.689153167922402e-05,7.689153167922402e-05,-0.00145077985406461,0
2016-05-18,1.1296814987517554,1.1351170047965768,1.0699639047421234,1.0701778975230718,0.0,-0.0011737908760739435,0.0011737908760739435,-0.00145077985406461,0
2016-05-19,1.1296814987517554,1.1351170047965768,1.0685578627045285,1.0687715742770694,0.0,-0.0013141023088379944,0.0013141023088379944,-0.00145077985406461,0
2016-05-20,1.1296814987517554,1.1351170047965768,1.0694772342994812,1.069691129746341,0.0,0.000860385410131892,-0.000860385410131892,-0.00145077985406461,0
2016-05-23,1.1296814987517554,1.1351170047965768,1.0694033815863955,1.0696172622627127,0.0,-6.905496509612696e-05,6.905496509612696e-05,-0.00145077985406461,0
2016-05-24,1.1296814987517554,1.1351170047965768,1.0701873565406905,1.0704013940119987,0.0,0.000733095637992065,-0.000733095637992065,-0.00145077985406461,0
2016-05-25,1.1296814987517554,1.1351170047965768,1.0698351359090508,1.0700491029362325,0.0,-0.0003291205315472112,0.0003291205315472112,-0.00145077985406461,0
2016-05-26,1.1296814987517554,1.1351170047965768,1.069481968447756,1.0696958648414454,0.0,-0.0003301139114250118,0.0003301139114250118,-0.00145077985406461,0
2016-05-27,1.1296814987517554,1.1351170047965768,1.0692831342202174,1.0694969908470613,0.0,-0.0001859163907429462,0.0001859163907429462,-0.00145077985406461,0
2016-05-30,1.1296814987517554,1.1351170047965768,1.0679301146432991,1.0681437006662278,0.0,-0.0012653520228811388,0.0012653520228811388,-0.00145077985406461,0
2016-05-31,1.1296814987517554,1.1351170047965768,1.0683400918838908,1.0685537599022676,0.0,0.0003838989414850502,-0.0003838989414850502,-0.00145077985406461,0
2016-06-01,1.1296814987517554,1.1351170047965768,1.0677682067723036,1.0679817604136579,0.0,-0.0005353024902199355,0.0005353024902199355,-0.00145077985406461,0
2016-06-02,1.1296814987517554,1.1351170047965768,1.0662712690878338,1.0664845233416513,0.0,-0.0014019313133463163,0.0014019313133463163,-0.00145077985406461,0
2016-06-03,1.1296814987517554,1.1351170047965768,1.0653547379818462,1.0655678089294425,0.0,-0.0008595665404842467,0.0008595665404842467,-0.00145077985406461,0
2016-06-06,1.1296814987517554,1.1351170047965768,1.0668583034739005,1.0670716751345952,0.0,0.0014113284884831323,-0.0014113284884831323,-0.00145077985406461,0
2016-06-07,1.1296814987517554,1.1351170047965768,1.0665127106498449,1.066726013191975,0.0,-0.00032393507453643,0.00032393507453643,-0.00145077985406461,0
2016-06-08,1.1296814987517554,1.1351170047965768,1.0670959577172918,1.0673093769088353,0.0,0.0005468730579794023,-0.0005468730579794023,-0.00145077985406461,0
2016-06-12,1.1296814987517554,1.1351170047965768,1.0669785508400784,1.0671919465502464,0.0,-0.00011002466682052958,0.00011002466682052958,-0.00145077985406461,0
2016-06-13,1.1296814987517554,1.1351170047965768,1.0667304814704825,1.0669438275667766,0.0,-0.00023249705385408603,0.00023249705385408603,-0.00145077985406461,0
2016-06-14,1.1296814987517554,1.1351170047965768,1.0677890370247123,1.0680025948321172,0.0,0.0009923364641934995,-0.0009923364641934995,-0.00145077985406461,0
2016-06-15,1.1296814987517554,1.1351170047965768,1.0693172200877952,1.0695310835318128,0.0,0.0014311657172854098,-0.0014311657172854098,-0.00145077985406461,0
2016-06-16,1.1296814987517554,1.1351170047965768,1.0697556022180352,1.0699695533384788,0.0,0.00040996452877095635,-0.00040996452877095635,-0.00145077985406461,0
2016-06-17,1.1296814987517554,1.1351170047965768,1.0692641976271182,1.0694780504666437,0.0,-0.00045936154940262597,0.00045936154940262597,-0.00145077985406461,0
2016-06-20,1.1296814987517554,1.1351170047965768,1.0697461339214858,1.06996008314827,0.0,0.0004507176948755909,-0.0004507176948755909,-0.00145077985406461,0
2016-06-21,1.1296814987517554,1.1351170047965768,1.0691875044250678,1.0694013419259527,0.0,-0.0005222075394375469,0.0005222075394375469,-0.00145077985406461,0
2016-06-22,1.1296814987517554,1.1351170047965768,1.0700008310986664,1.070214831264886,0.0,0.0007606960147144015,-0.0007606960147144015,-0.00145077985406461,0
2016-06-23,1.1296814987517554,1.1351170047965768,1.0702214424082686,1.0704354866967503,0.0,0.00020617863387606405,-0.00020617863387606405,-0.00145077985406461,0
2016-06-24,1.1296814987517554,1.1351170047965768,1.071285678940428,1.071499936076216,0.0,0.0009944077832757525,-0.0009944077832757525,-0.00145077985406461,0
2016-06-27,1.1296814987517554,1.1351170047965768,1.0753049708256741,1.0755200318198392,0.0,0.0037518394619271422,-0.0037518394619271422,-0.00145077985406461,0
2016-06-28,1.1296814987517554,1.1351170047965768,1.0755047518828678,1.0757198528332443,0.0,0.00018579013639286046,-0.00018579013639286046,-0.00145077985406461,0
2016-06-29,1.1296814987517554,1.1351170047965768,1.0759535491393122,1.07616873984914,0.0,0.0004172898870589137,-0.0004172898870589137,-0.00145077985406461,0
2016-06-30,1.1296814987517554,1.1351170047965768,1.0751676805257069,1.075382714061812,0.0,-0.0007303926960731122,0.0007303926960731122,-0.00145077985406461,0
2016-07-01,1.1296814987517554,1.1351170047965768,1.0779428382443537,1.0781584268120026,0.0,0.002581139452861869,-0.002581139452861869,-0.00145077985406461,0
2016-07-04,1.1296814987517554,1.1351170047965768,1.0781217890491386,1.0783374134069483,0.0,0.00016601140472016773,-0.00016601140472016773,-0.00145077985406461,0
2016-07-05,1.1296814987517554,1.1351170047965768,1.0771437140155793,1.0773591427583824,0.0,-0.0009072027330251364,0.0009072027330251364,-0.00145077985406461,0
2016-07-06,1.1296814987517554,1.1351170047965768,1.0773368672651884,1.0775523346386413,0.0,0.00017931985035590792,-0.00017931985035590792,-0.00145077985406461,0
2016-07-07,1.1296814987517554,1.1351170047965768,1.0777913454995622,1.0780069037686622,0.0,0.0004218534129696305,-0.0004218534129696305,-0.00145077985406461,0
2016-07-08,1.1296814987517554,1.1351170047965768,1.078023318765024,1.078238923428777,0.0,0.00021523021726843616,-0.00021523021726843616,-0.00145077985406461,0
2016-07-11,1.1296814987517554,1.1351170047965768,1.0781000119670745,1.078315631969468,0.0,7.114243329930936e-05,-7.114243329930936e-05,-0.00145077985406461,0
2016-07-12,1.1296814987517554,1.1351170047965768,1.077448593164472,1.0776640828831048,0.0,-0.0006042285459342267,0.0006042285459342267,-0.00145077985406461,0
2016-07-13,1.1296814987517554,1.1351170047965768,1.077250705766588,1.0774661559077414,0.0,-0.00018366296001426363,0.00018366296001426363,-0.00145077985406461,0
2016-07-14,1.1296814987517554,1.1351170047965768,1.0772459716183134,1.077461420812637,0.0,-4.394657853956652e-06,4.394657853956652e-06,-0.00145077985406461,0
2016-07-15,1.1296814987517554,1.1351170047965768,1.077465636098261,1.0776811292254806,0.0,0.0002039130205497841,-0.0002039130205497841,-0.00145077985406461,0
2016-07-18,1.1296814987517554,1.1351170047965768,1.0774220819341334,1.0776375663505202,0.0,-4.0422787204064115e-05,4.0422787204064115e-05,-0.00145077985406461,0
2016-07-19,1.1296814987517554,1.1351170047965768,1.0774523804830916,1.0776678709591883,0.0,2.8121336536734987e-05,-2.8121336536734987e-05,-0.00145077985406461,0
2016-07-20,1.1296814987517554,1.1351170047965768,1.0781028524560397,1.078318473026531,0.0,0.0006037129665594776,-0.0006037129665594776,-0.00145077985406461,0
2016-07-21,1.1296814987517554,1.1351170047965768,1.0797011009135884,1.079917041133771,0.0,0.0014824638056636363,-0.0014824638056636363,-0.00145077985406461,0
2016-07-22,1.1296814987517554,1.1351170047965768,1.0801764094003714,1.0803924446822515,0.0,0.0004402222859463123,-0.0004402222859463123,-0.00145077985406461,0
2016-07-25,1.1296814987517554,1.1351170047965768,1.0792172709599113,1.0794331144141032,0.0,-0.0008879461096475971,0.0008879461096475971,-0.00145077985406461,0
2016-07-26,1.1296814987517554,1.1351170047965768,1.0796982604246237,1.0799142000767086,0.0,0.0004456836242849871,-0.0004456836242849871,-0.00145077985406461,0
2016-07-27,1.1296814987517554,1.1351170047965768,1.0789398498710119,1.0791556378409861,0.0,-0.0007024282444555441,0.0007024282444555441,-0.00145077985406461,0
2016-07-28,1.1296814987517554,1.1351170047965768,1.0795268842570784,1.0797427896339298,0.0,0.0005440844419053459,-0.0005440844419053459,-0.00145077985406461,0
2016-07-29,1.1296814987517554,1.1351170047965768,1.0796878452984193,1.079903782867479,0.0,0.00014910331895223727,-0.00014910331895223727,-0.00145077985406461,0
2016-08-01,1.1296814987517554,1.1351170047965768,1.080288135299655,1.080504192926715,0.0,0.0005559847726819278,-0.0005559847726819278,-0.00145077985406461,0
2016-08-02,1.1296814987517554,1.1351170047965768,1.0806176320195762,1.0808337555459802,0.0,0.0003050081817568273,-0.0003050081817568273,-0.00145077985406461,0
2016-08-03,1.1296814987517554,1.1351170047965768,1.0802512089431122,1.0804672591849007,0.0,-0.00033908670893989523,0.00033908670893989523,-0.00145077985406461,0
2016-08-04,1.1296814987517554,1.1351170047965768,1.0806801227768028,1.0808962588013582,0.0,0.0003970500844059366,-0.0003970500844059366,-0.00145077985406461,0
2016-08-05,1.1296814987517554,1.1351170047965768,1.0825226532853278,1.0827391578159848,0.0,0.0017049730717639822,-0.0017049730717639822,-0.00145077985406461,0
2016-08-08,1.1296814987517554,1.1351170047965768,1.0823531707770924,1.0825696414112478,0.0,-0.0001565625511125157,0.0001565625511125157,-0.00145077985406461,0
2016-08-09,1.1296814987517554,1.1351170047965768,1.0837232332877995,1.083939977934457,0.0,0.0012658183555036562,-0.0012658183555036562,-0.00145077985406461,0
2016-08-10,1.1296814987517554,1.1351170047965768,1.0841455193139053,1.084362348417768,0.0,0.0003896622432137953,-0.0003896622432137953,-0.00145077985406461,0
2016-08-11,1.1296814987517554,1.1351170047965768,1.0851633611929723,1.085380393865211,0.0,0.0009388424901770609,-0.0009388424901770609,-0.00145077985406461,0
2016-08-12,1.1296814987517554,1.1351170047965768,1.0862995567789075,1.0865168166902632,0.0,0.0010470272279430315,-0.0010470272279430315,-0.00145077985406461,0
2016-08-15,1.1296814987517554,1.1351170047965768,1.0880303613881488,1.0882479674604264,0.0,0.001593303245352784,-0.001593303245352784,-0.00145077985406461,0
2016-08-16,1.1296814987517554,1.1351170047965768,1.0889487861534466,1.0891665759106772,0.0,0.0008441168536197363,-0.0008441168536197363,-0.00145077985406461,0
2016-08-17,1.1296814987517554,1.1351170047965768,1.0881922692591448,1.0884099077129965,0.0,-0.0006947221980696527,0.0006947221980696527,-0.00145077985406461,0
2016-08-18,1.1296814987517554,1.1351170047965768,1.0869594970484047,1.0871768889478144,0.0,-0.0011328624964220824,0.0011328624964220824,-0.00145077985406461,0
2016-08-19,1.1296814987517554,1.1351170047965768,1.0866101169057298,1.086827438929111,0.0,-0.00032142885141861477,0.00032142885141861477,-0.00145077985406461,0
2016-08-22,1.1296814987517554,1.1351170047965768,1.0859454424879575,1.0861626315764552,0.0,-0.0006116954070564118,0.0006116954070564118,-0.00145077985406461,0
2016-08-23,1.1296814987517554,1.1351170047965768,1.0845422409393277,1.0847591493875155,0.0,-0.0012921473710640896,0.0012921473710640896,-0.00145077985406461,0
2016-08-24,1.1296814987517554,1.1351170047965768,1.0826362728439214,1.08285280009849,0.0,-0.001757394063098494,0.001757394063098494,-0.00145077985406461,0
2016-08-25,1.1296814987517554,1.1351170047965768,1.0833284053216867,1.083545071002751,0.0,0.0006393028712654569,-0.0006393028712654569,-0.00145077985406461,0
2016-08-26,1.1296814987517554,1.1351170047965768,1.0830178451948644,1.0832344487639034,0.0,-0.0002866721903502789,0.0002866721903502789,-0.00145077985406461,0
2016-08-29,1.1296814987517554,1.1351170047965768,1.0833672253375397,1.0835838987826072,0.0,0.0003225986942185788,-0.0003225986942185788,-0.00145077985406461,0
2016-08-30,1.1296814987517554,1.1351170047965768,1.0817235290565532,1.0819398737623644,0.0,-0.0015172106397018936,0.0015172106397018936,-0.00145077985406461,0
2016-08-31,1.1296814987517554,1.1351170047965768,1.0807350388967896,1.0809511859045688,0.0,-0.0009138103528411046,0.0009138103528411046,-0.00145077985406461,0
2016-09-01,1.1296814987517554,1.1351170047965768,1.0807151554740357,1.0809312985051305,0.0,-1.8398055062762708e-05,1.8398055062762708e-05,-0.00145077985406461,0
2016-09-02,1.1296814987517554,1.1351170047965768,1.080712314985071,1.080928457448068,0.0,-2.6283419366501803e-06,2.6283419366501803e-06,-0.00145077985406461,0
2016-09-05,1.1296814987517554,1.1351170047965768,1.0801565259776176,1.0803725572828131,0.0,-0.0005142802573330219,0.0005142802573330219,-0.00145077985406461,0
2016-09-06,1.1296814987517554,1.1351170047965768,1.0797531765446104,1.0799691271799194,0.0,-0.00037341757727382685,0.00037341757727382685,-0.00145077985406461,0
2016-09-07,1.1296814987517554,1.1351170047965768,1.079741814588751,1.0799577629516688,0.0,-1.052273436774609e-05,1.052273436774609e-05,-0.00145077985406461,0
2016-09-08,1.1296814987517554,1.1351170047965768,1.0793810724902169,1.0795969487047148,0.0,-0.00033410033182001975,0.00033410033182001975,-0.00145077985406461,0
2016-09-09,1.1296814987517554,1.1351170047965768,1.0796603872384256,1.0798763193158734,0.0,0.0002587730647938269,-0.0002587730647938269,-0.00145077985406461,0
2016-09-12,1.1296814987517554,1.1351170047965768,1.0786879931827964,1.0789037307814329,0.0,-0.0009006480807510764,0.0009006480807510764,-0.00145077985406461,0
2016-09-13,1.1296814987517554,1.1351170047965768,1.0788887210696447,1.0791044988138587,0.0,0.00018608521473950645,-0.00018608521473950645,-0.00145077985406461,0
2016-09-14,1.1296814987517554,1.1351170047965768,1.079395274935041,1.079611153990028,0.0,0.0004695144693829256,-0.0004695144693829256,-0.00145077985406461,0
2016-09-18,1.1296814987517554,1.1351170047965768,1.0802606772396615,1.0804767293751094,0.0,0.0008017473530930186,-0.0008017473530930186,-0.00145077985406461,0
2016-09-19,1.1296814987517554,1.1351170047965768,1.080237953327943,1.0804540009186085,0.0,-2.103558168631281e-05,2.103558168631281e-05,-0.00145077985406461,0
2016-09-20,1.1296814987517554,1.1351170047965768,1.0810749507429152,1.0812911657330637,0.0,0.0007748268910507949,-0.0007748268910507949,-0.00145077985406461,0
2016-09-21,1.1296814987517554,1.1351170047965768,1.0809793209477656,1.0811955168119551,0.0,-8.845806212032237e-05,8.845806212032237e-05,-0.00145077985406461,0
2016-09-22,1.1296814987517554,1.1351170047965768,1.081132707351867,1.0813489338933373,0.0,0.00014189578017731463,-0.00014189578017731463,-0.00145077985406461,0
2016-09-23,1.1296814987517554,1.1351170047965768,1.080778593060917,1.0809947487795293,0.0,-0.0003275400776814319,0.0003275400776814319,-0.00145077985406461,0
2016-09-26,1.1296814987517554,1.1351170047965768,1.0817727641986103,1.08198911875145,0.0,0.0009198656820890161,-0.0009198656820890161,-0.00145077985406461,0
2016-09-27,1.1296814987517554,1.1351170047965768,1.0812529547180452,1.0814692053089887,0.0,-0.00048051633186596554,0.00048051633186596554,-0.00145077985406461,0
2016-09-28,1.1296814987517554,1.1351170047965768,1.0815256416586696,1.0817419467870013,0.0,0.0002521953252794251,-0.0002521953252794251,-0.00145077985406461,0
2016-09-29,1.1296814987517554,1.1351170047965768,1.0809187238498492,1.081134907594619,0.0,-0.000561168210389873,0.000561168210389873,-0.00145077985406461,0
2016-09-30,1.1296814987517554,1.1351170047965768,1.0818712344827248,1.0820876087296214,0.0,0.0008812046751147662,-0.0008812046751147662,-0.00145077985406461,0
2016-10-08,1.1296814987517554,1.1351170047965768,1.0820530257764747,1.0822694363816299,0.0,0.0001680341319332257,-0.0001680341319332257,-0.00145077985406461,0
2016-10-09,1.1296814987517554,1.1351170047965768,1.0839163865374082,1.0841331698147156,0.0,0.0017220604873744438,-0.0017220604873744438,-0.00145077985406461,0
2016-10-10,1.1296814987517554,1.1351170047965768,1.084658700986886,1.0848756327270834,0.0,0.0006848447525082957,-0.0006848447525082957,-0.00145077985406461,0
2016-10-11,1.1296814987517554,1.1351170047965768,1.08459052925173,1.0848074473575802,0.0,-6.285086275892304e-05,6.285086275892304e-05,-0.00145077985406461,0
2016-10-12,1.1296814987517554,1.1351170047965768,1.084066932452545,1.0842837458390353,0.0,-0.0004827598850104531,0.0004827598850104531,-0.00145077985406461,0
2016-10-13,1.1296814987517554,1.1351170047965768,1.0845545497248419,1.084771460634787,0.0,0.00044980365851921,-0.00044980365851921,-0.00145077985406461,0
2016-10-14,1.1296814987517554,1.1351170047965768,1.0852779275812205,1.0854949831667369,0.0,0.0006669815331670215,-0.0006669815331670215,-0.00145077985406461,0
2016-10-17,1.1296814987517554,1.1351170047965768,1.0849607396468137,1.085177731794743,0.0,-0.00029226424526462846,0.00029226424526462846,-0.00145077985406461,0
2016-10-18,1.1296814987517554,1.1351170047965768,1.0853981749473989,1.0856152545823883,0.0,0.0004031807646123209,-0.0004031807646123209,-0.00145077985406461,0
2016-10-19,1.1296814987517554,1.1351170047965768,1.0865523602967782,1.0867696707688375,0.0,0.001063375059972893,-0.001063375059972893,-0.00145077985406461,0
2016-10-20,1.1296814987517554,1.1351170047965768,1.0879498808674786,1.088167470843652,0.0,0.0012861971698434616,-0.0012861971698434616,-0.00145077985406461,0
2016-10-21,1.1296814987517554,1.1351170047965768,1.0897801025904894,1.0899980586110074,0.0,0.0016822665778974955,-0.0016822665778974955,-0.00145077985406461,0
2016-10-24,1.1296814987517554,1.1351170047965768,1.0904031165034436,1.0906211971267443,0.0,0.0005716877299128953,-0.0005716877299128953,-0.00145077985406461,0
2016-10-25,1.1296814987517554,1.1351170047965768,1.0899211802090762,1.090139164445118,0.0,-0.0004419799311585759,0.0004419799311585759,-0.00145077985406461,0
2016-10-26,1.1296814987517554,1.1351170047965768,1.0883295595591118,1.0885472254710236,0.0,-0.0014603080285668923,0.0014603080285668923,-0.00145077985406461,0
2016-10-27,1.1296814987517554,1.1351170047965768,1.0866044359278,1.0868217568149856,0.0,-0.0015851114362920304,0.0015851114362920304,-0.00145077985406461,0
2016-10-28,1.1296814987517554,1.1351170047965768,1.0875238075227527,1.0877413122842572,0.0,0.0008460959338598695,-0.0008460959338598695,-0.00145077985406461,0
2016-10-31,1.1296814987517554,1.1351170047965768,1.085812886336265,1.0860300489135324,0.0,-0.001573226420104712,0.001573226420104712,-0.00145077985406461,0
2016-11-01,1.1296814987517554,1.1351170047965768,1.0857011604369815,1.085918300669069,0.0,-0.00010289608890212687,0.00010289608890212687,-0.00145077985406461,0
2016-11-02,1.1296814987517554,1.1351170047965768,1.0852845553888053,1.085501612299883,0.0,-0.0003837198147679244,0.0003837198147679244,-0.00145077985406461,0
2016-11-03,1.1296814987517554,1.1351170047965768,1.0852230114612338,1.085440056063526,0.0,-5.6707641572839584e-05,5.6707641572839584e-05,-0.00145077985406461,0
2016-11-04,1.1296814987517554,1.1351170047965768,1.0852627783067417,1.085479830862403,0.0,3.664393870006499e-05,-3.664393870006499e-05,-0.00145077985406461,0
2016-11-07,1.1296814987517554,1.1351170047965768,1.0847533839523806,1.084970334629171,0.0,-0.0004693742055318362,0.0004693742055318362,-0.00145077985406461,0
2016-11-08,1.1296814987517554,1.1351170047965768,1.0835849961581772,1.0838017131574087,0.0,-0.0010770999302591733,0.0010770999302591733,-0.00145077985406461,0
2016-11-09,1.1296814987517554,1.1351170047965768,1.0830916979079503,1.0833083162475319,0.0,-0.0004552464753349028,0.0004552464753349028,-0.00145077985406461,0
2016-11-10,1.1296814987517554,1.1351170047965768,1.0819507681737404,1.082167158327375,0.0,-0.0010534008675476825,0.0010534008675476825,-0.00145077985406461,0
2016-11-11,1.1296814987517554,1.1351170047965768,1.0807871145278116,1.0810032719507172,0.0,-0.0010755144135559114,0.0010755144135559114,-0.00145077985406461,0
2016-11-14,1.1296814987517554,1.1351170047965768,1.0780356275505383,1.0782512346760484,0.0,-0.002545817710341125,0.002545817710341125,-0.00145077985406461,0
2016-11-15,1.1296814987517554,1.1351170047965768,1.0772118857507353,1.0774273281278854,0.0,-0.0007641137071457971,0.0007641137071457971,-0.00145077985406461,0
2016-11-16,1.1296814987517554,1.1351170047965768,1.0759762730510307,1.0761914683056408,0.0,-0.0011470470350811723,0.0011470470350811723,-0.00145077985406461,0
2016-11-17,1.1296814987517554,1.1351170047965768,1.0747482349885658,1.0749631846355634,0.0,-0.00114132448198212,0.00114132448198212,-0.00145077985406461,0
2016-11-18,1.1296814987517554,1.1351170047965768,1.0744158977796796,1.0746307809592355,0.0,-0.0003092233120900456,0.0003092233120900456,-0.00145077985406461,0
2016-11-21,1.1296814987517554,1.1351170047965768,1.0732314138813421,1.0734460601641185,0.0,-0.001102444501040245,0.001102444501040245,-0.00145077985406461,0
2016-11-22,1.1296814987517554,1.1351170047965768,1.0741772967066334,1.0743921321659746,0.0,0.0008813409792678417,-0.0008813409792678417,-0.00145077985406461,0
2016-11-23,1.1296814987517554,1.1351170047965768,1.0759005266786352,1.0761157067839708,0.0,0.0016042323527829527,-0.0016042323527829527,-0.00145077985406461,0
2016-11-24,1.1296814987517554,1.1351170047965768,1.0761164038399629,1.0763316271207308,0.0,0.00020064788144869006,-0.00020064788144869006,-0.00145077985406461,0
2016-11-25,1.1296814987517554,1.1351170047965768,1.0738667365798111,1.074081509927127,0.0,-0.002090542670034723,0.002090542670034723,-0.00145077985406461,0
2016-11-28,1.1296814987517554,1.1351170047965768,1.074885525288533,1.0751005023935907,0.0,0.0009487105559919939,-0.0009487105559919939,-0.00145077985406461,0
2016-11-29,1.1296814987517554,1.1351170047965768,1.0713888833728173,1.0716031611494918,0.0,-0.00325303656384901,0.00325303656384901,-0.00145077985406461,0
2016-11-30,1.1296814987517554,1.1351170047965768,1.0685114680514363,1.0687251703450464,0.0,-0.0026856871170090058,0.0026856871170090058,-0.00145077985406461,0
2016-12-01,1.1296814987517554,1.1351170047965768,1.0660175187403083,1.0662307222440564,0.0,-0.0023340407526706297,0.0023340407526706297,-0.00145077985406461,0
2016-12-02,1.1296814987517554,1.1351170047965768,1.0654465804583757,1.0656596697744674,0.0,-0.000535580580896311,0.000535580580896311,-0.00145077985406461,0
2016-12-05,1.1296814987517554,1.1351170047965768,1.0625890485597487,1.0628015663694605,0.0,-0.002682003913699438,0.002682003913699438,-0.00145077985406461,0
2016-12-06,1.1296814987517554,1.1351170047965768,1.0561979483888628,1.0564091879785407,0.0,-0.006014649011815476,0.006014649011815476,-0.00145077985406461,0
2016-12-07,1.1296814987517554,1.1351170047965768,1.0582203765318277,1.058432020607134,0.0,0.0019148192306659428,-0.0019148192306659428,-0.00145077985406461,0
2016-12-08,1.1296814987517554,1.1351170047965768,1.0595326824335827,1.0597445889700694,0.0,0.0012401064379954363,-0.0012401064379954363,-0.00145077985406461,0
2016-12-09,1.1296814987517554,1.1351170047965768,1.0591302798302307,1.0593421058861967,0.0,-0.00037979253497655296,0.00037979253497655296,-0.00145077985406461,0
2016-12-12,1.1296814987517554,1.1351170047965768,1.0550248264463846,1.0552358314116739,0.0,-0.0038762496569393345,0.0038762496569393345,-0.00145077985406461,0
2016-12-13,1.1296814987517554,1.1351170047965768,1.0524475561256215,1.0526580456368466,0.0,-0.0024428527710045334,0.0024428527710045334,-0.00145077985406461,0
2016-12-14,1.1296814987517554,1.1351170047965768,1.0513908942307018,1.051601172409548,0.0,-0.0010040043218966233,0.0010040043218966233,-0.00145077985406461,0
2016-12-15,1.1296814987517554,1.1351170047965768,1.0417947756778234,1.042003134632959,0.0,-0.009127070250974367,0.009127070250974367,-0.00145077985406461,0
2016-12-16,1.1296814987517554,1.1351170047965768,1.0443597372130724,1.044568609160515,0.0,0.0024620602782157164,-0.0024620602782157164,-0.00145077985406461,0
2016-12-19,1.1296814987517554,1.1351170047965768,1.0410401524428317,1.0412483604733203,0.0,-0.0031785836354618624,0.0031785836354618624,-0.00145077985406461,0
2016-12-20,1.1296814987517554,1.1351170047965768,1.0394882986383749,1.0396961962981026,0.0,-0.0014906762249422556,0.0014906762249422556,-0.00145077985406461,0
2016-12-21,1.1296814987517554,1.1351170047965768,1.044194988853112,1.0444038278508825,0.0,0.004527891483629309,-0.004527891483629309,-0.00145077985406461,0
2016-12-22,1.1296814987517554,1.1351170047965768,1.0502613264523513,1.0504713787176416,0.0,0.005809583137247554,-0.005809583137247554,-0.00145077985406461,0
2016-12-23,1.1296814987517554,1.1351170047965768,1.0524522902738964,1.052662780731951,0.0,0.00208611301431616,-0.00208611301431616,-0.00145077985406461,0
2016-12-26,1.1296814987517554,1.1351170047965768,1.0560994781047484,1.0563106980003694,0.0,0.0034654186841123202,-0.0034654186841123202,-0.00145077985406461,0
2016-12-27,1.1296814987517554,1.1351170047965768,1.053998463100423,1.0542092627930433,0.0,-0.001989410134067726,0.001989410134067726,-0.00145077985406461,0
2016-12-28,1.1296814987517554,1.1351170047965768,1.0562017357074827,1.0564129760546241,0.0,0.002090394515926075,-0.002090394515926075,-0.00145077985406461,0
2016-12-29,1.1296814987517554,1.1351170047965768,1.0610788552601098,1.0612910710311618,0.0,0.004617602289169076,-0.004617602289169076,-0.00145077985406461,0
2016-12-30,1.1296814987517554,1.1351170047965768,1.0632347863844218,1.0634474333416988,0.0,0.0020318293156293965,-0.0020318293156293965,-0.00145077985406461,0
2016-12-31,1.1296814987517554,1.1351170047965768,1.063195966368569,1.0634086055618428,0.0,-3.651123566483783e-05,3.651123566483783e-05,-0.00145077985406461,0
2017-01-03,1.1296814987517554,1.1351170047965768,1.0581616730932208,1.0583733054278395,0.0,-0.004735056785950098,0.004735056785950098,-0.00145077985406461,0
2017-01-04,1.1296814987517554,1.1351170047965768,1.0541679456086586,1.0543787791977803,0.0,-0.003774212945067079,0.003774212945067079,-0.00145077985406461,0
2017-01-05,1.1296814987517554,1.1351170047965768,1.0506883466267318,1.0508984842960571,0.0,-0.003300801353732785,0.003300801353732785,-0.00145077985406461,0
2017-01-06,1.1296814987517554,1.1351170047965768,1.0514988328113655,1.0517091325779278,0.0,0.0007713859083293695,-0.0007713859083293695,-0.00145077985406461,0
2017-01-09,1.1296814987517554,1.1351170047965768,1.0535562936515634,1.0537670049102936,0.0,0.0019566934132462244,-0.0019566934132462244,-0.00145077985406461,0
2017-01-10,1.1296814987517554,1.1351170047965768,1.0537352444563481,1.0539459915052394,0.0,0.00016985405133351783,-0.00016985405133351783,-0.00145077985406461,0
2017-01-11,1.1294556076302293,1.1351170047965768,1.0515385996568734,1.0517489073768047,-0.00019996000799837876,-0.0020846268652692235,0.0018846668572708447,-0.0016504497641117721,1
2017-01-12,1.1309892254279084,1.1366583098547336,1.052966418776532,1.0531770120602872,0.0013578380480989694,0.0013578380480987473,2.220446049250313e-16,-0.00029485275949903134,1
2017-01-13,1.1308122695281762,1.1364804669634079,1.0528016704165712,1.0530122307506546,-0.00015646117200207588,-0.0001564611720021869,1.1102230246251565e-16,-0.00045126779849280485,1
2017-01-16,1.128604388733242,1.134261519164165,1.0507461032356835,1.0509562524563307,-0.0019524733277394013,-0.0019524733277392903,-1.1102230246251565e-16,-0.0024028600378919185,1
2017-01-17,1.1266873664861432,1.132334887841469,1.0489613293361102,1.0491711216019775,-0.0016985777002430646,-0.0016985777002429536,-1.1102230246251565e-16,-0.004097356293657928,1
2017-01-18,1.1260822586680936,1.1317267469199814,1.0483979656914173,1.0486076452845556,-0.0005370680776662917,-0.0005370680776664027,1.1102230246251565e-16,-0.004632223812055969,1
2017-01-19,1.1247266137580765,1.130364306838733,1.0471358417613743,1.0473452689297265,-0.001203859575605648,-0.001203859575605537,-1.1102230246251565e-16,-0.005830506840669103,1
2017-01-20,1.1261229381852735,1.1317676303432749,1.0484358388776152,1.0486455260453906,0.001241478960412934,0.0012414789604127119,2.220446049250313e-16,-0.004596266331827525,1
2017-01-22,1.1257273298806998,1.1313700390517476,1.0480675221418412,1.0482771356462695,-0.0003513011689569856,-0.0003513011689568746,-1.1102230246251565e-16,-0.004945952827049238,1
2017-01-23,1.1256235971118913,1.1312657863223499,1.0479709455170367,1.0481805397061401,-9.214733093443339e-05,-9.214733093443339e-05,0.0,-0.005037644401631791,1
2017-01-24,1.1229499358452482,1.1285787233263989,1.0454817303541835,1.0456908267002543,-0.0023752711594738907,-0.0023752711594740017,1.1102230246251565e-16,-0.007400949789646782,1
2017-01-25,1.1189430034030368,1.1245517061320105,1.0417512215136961,1.0419595717579988,-0.0035682200197066916,-0.0035682200197065805,-1.1102230246251565e-16,-0.010942761592149242,1
2017-01-26,1.1181253451077227,1.1237299493238155,1.0409899704711194,1.0411981684652136,-0.0007307416846321635,-0.0007307416846323855,2.220446049250313e-16,-0.011665506944741,1
2017-02-03,1.1144072372374878,1.1199932044348095,1.0375283612526367,1.0377358669248873,-0.0033253050621767644,-0.0033253050621766533,-1.1102230246251565e-16,-0.014952020637621577,1
2017-02-04,1.1151496384260193,1.1207393269099117,1.0382195469007474,1.0384271908101275,0.0006661848233970868,0.0006661848233970868,0.0,-0.014295796623452373,1
2017-02-06,1.1112983051370207,1.1168686888096204,1.0346339029974665,1.034840829778066,-0.003453647076848476,-0.003453647076848587,1.1102230246251565e-16,-0.017700071064081002,1
2017-02-07,1.1106179402121883,1.1161849135550401,1.0340004739583077,1.0342072740530994,-0.0006122252879243728,-0.0006122252879241508,-2.220446049250313e-16,-0.01830145992090193,1
2017-02-08,1.1126041176384927,1.1181810466973348,1.0358496322744175,1.0360568022008723,0.0017883534511651256,0.0017883534511651256,0.0,-0.0165458359487477,1
2017-02-09,1.1154492357477355,1.1212646788992304,1.0387062173433894,1.038913958586858,0.00255717021367996,0.0027577217580312396,-0.00020055154435127953,-0.01403097625391636,0
2017-02-10,1.1154492357477355,1.1212646788992304,1.0366402350362973,1.0368475630833045,0.0,-0.0019889958032369703,0.0019889958032369703,-0.01403097625391636,0
2017-02-13,1.1154492357477355,1.1212646788992304,1.0370426376396495,1.0372500461671774,0.0,0.0003881796111628866,-0.0003881796111628866,-0.01403097625391636,0
2017-02-14,1.1154492357477355,1.1212646788992304,1.0376912159532876,1.0378987541964781,0.0,0.0006254114248516185,-0.0006254114248516185,-0.01403097625391636,0
2017-02-15,1.1154492357477355,1.1212646788992304,1.0379165614111647,1.0381241447234468,0.0,0.0002171604176779418,-0.0002171604176779418,-0.01403097625391636,0
2017-02-16,1.1154492357477355,1.1212646788992304,1.0402315599175076,1.0404396062294912,0.0,0.002230428333463985,-0.002230428333463985,-0.01403097625391636,0
2017-02-17,1.1154492357477355,1.1212646788992304,1.0420456855363842,1.0422540946734915,0.0,0.0017439632566238483,-0.0017439632566238483,-0.01403097625391636,0
2017-02-20,1.1154492357477355,1.1212646788992304,1.0436268910601443,1.0438356164383562,0.0,0.001517405182620335,-0.001517405182620335,-0.01403097625391636,0
2017-02-21,1.1154492357477355,1.1212646788992304,1.0427302433769103,1.0429387894255857,0.0,-0.0008591649859875927,0.0008591649859875927,-0.01403097625391636,0
2017-02-22,1.1154492357477355,1.1212646788992304,1.0432330099236868,1.0434416565256714,0.0,0.00048216357966968104,-0.00048216357966968104,-0.01403097625391636,0
2017-02-23,1.1154492357477355,1.1212646788992304,1.0438020545463091,1.0440108149572185,0.0,0.0005454626312715316,-0.0005454626312715316,-0.01403097625391636,0
2017-02-24,1.1154492357477355,1.1212646788992304,1.04282019219413,1.0430287562325689,0.0,-0.0009406595320469169,0.0009406595320469169,-0.01403097625391636,0
2017-02-27,1.1154492357477355,1.1212646788992304,1.0437045310918498,1.0439132719980682,0.0,0.000848026250680034,-0.000848026250680034,-0.01403097625391636,0
2017-02-28,1.1154492357477355,1.1212646788992304,1.0437424042780477,1.0439511527589032,0.0,3.628726815829708e-05,-3.628726815829708e-05,-0.01403097625391636,0
2017-03-01,1.1154492357477355,1.1212646788992304,1.0431118157278536,1.043320438090999,0.0,-0.0006041610914814255,0.0006041610914814255,-0.01403097625391636,0
2017-03-02,1.1154492357477355,1.1212646788992304,1.0427037321465717,1.0429122728930011,0.0,-0.000391217485152473,0.000391217485152473,-0.01403097625391636,0
2017-03-03,1.1154492357477355,1.1212646788992304,1.042351511514932,1.0425599818172349,0.0,-0.00033779550296098027,0.00033779550296098027,-0.01403097625391636,0
2017-03-06,1.1154492357477355,1.1212646788992304,1.0420210679653559,1.042229472178949,0.0,-0.00031701738417955205,0.00031701738417955205,-0.01403097625391636,0
2017-03-07,1.1154492357477355,1.1212646788992304,1.0420087591798415,1.0422171609316775,0.0,-1.1812415211975846e-05,1.1812415211975846e-05,-0.01403097625391636,0
2017-03-08,1.1154492357477355,1.1212646788992304,1.0404995127098573,1.0407076126123993,0.0,-0.0014484009435506984,0.0014484009435506984,-0.01403097625391636,0
2017-03-09,1.1154492357477355,1.1212646788992304,1.039873658307938,1.0400816330395997,0.0,-0.0006014941807029883,0.0006014941807029883,-0.01403097625391636,0
2017-03-10,1.1154492357477355,1.1212646788992304,1.0403404453278264,1.040548513416892,0.0,0.0004488882049844545,-0.0004488882049844545,-0.01403097625391636,0
2017-03-13,1.1154492357477355,1.1212646788992304,1.0404228195078067,1.0406309040717083,0.0,7.918002260720591e-05,-7.918002260720591e-05,-0.01403097625391636,0
2017-03-14,1.1154492357477355,1.1212646788992304,1.041647070251652,1.0418553996657023,0.0,0.0011766857866732927,-0.0011766857866732927,-0.01403097625391636,0
2017-03-15,1.1154492357477355,1.1212646788992304,1.0415684833902916,1.0417767970869696,0.0,-7.544480621579641e-05,7.544480621579641e-05,-0.01403097625391636,0
2017-03-16,1.1154492357477355,1.1212646788992304,1.0443398537903184,1.0445487217610765,0.0,0.002660766377075907,-0.002660766377075907,-0.01403097625391636,0
2017-03-17,1.1154492357477355,1.1212646788992304,1.0441268171179556,1.0443356424813792,0.0,-0.00020399170977680736,0.00020399170977680736,-0.01403097625391636,0
2017-03-20,1.1154492357477355,1.1212646788992304,1.042503951089378,1.042712451879596,0.0,-0.0015542805739412469,0.0015542805739412469,-0.01403097625391636,0
2017-03-21,1.1154492357477355,1.1212646788992304,1.040732432804974,1.040940579291535,0.0,-0.0016992916741973563,0.0016992916741973563,-0.01403097625391636,0
2017-03-22,1.1154492357477355,1.1212646788992304,1.0414311930903242,1.0416394793289423,0.0,0.0006714120395641121,-0.0006714120395641121,-0.01403097625391636,0
2017-03-23,1.1154492357477355,1.1212646788992304,1.042068409448103,1.0422768231299926,0.0,0.0006118660186160696,-0.0006118660186160696,-0.01403097625391636,0
2017-03-24,1.1154492357477355,1.1212646788992304,1.0449240476874202,1.0451330324969577,0.0,0.0027403558282987905,-0.0027403558282987905,-0.01403097625391636,0
2017-03-27,1.1154492357477355,1.1212646788992304,1.0456019777203616,1.0458110981159057,0.0,0.0006487840283144752,-0.0006487840283144752,-0.01403097625391636,0
2017-03-28,1.1154492357477355,1.1212646788992304,1.0444970275130396,1.0447059269185421,0.0,-0.0010567598673932865,0.0010567598673932865,-0.01403097625391636,0
2017-03-29,1.1154492357477355,1.1212646788992304,1.0436401466753134,1.0438488747046484,0.0,-0.0008203765210960112,0.0008203765210960112,-0.01403097625391636,0
2017-03-30,1.1154492357477355,1.1212646788992304,1.043209339182313,1.0434179810501494,0.0,-0.00041279313983155763,0.00041279313983155763,-0.01403097625391636,0
2017-03-31,1.1154492357477355,1.1212646788992304,1.0430360693554577,1.0432446765693288,0.0,-0.00016609305567671928,0.00016609305567671928,-0.01403097625391636,0
2017-04-01,1.1154492357477355,1.1212646788992304,1.043752819404252,1.0439615699681328,0.0,0.0006871766661311618,-0.0006871766661311618,-0.01403097625391636,0
2017-04-05,1.1154492357477355,1.1212646788992304,1.0424831208369694,1.0426916174611367,0.0,-0.0012164743832810965,0.0012164743832810965,-0.01403097625391636,0
2017-04-06,1.1154492357477355,1.1212646788992304,1.0431364332988822,1.0433450605855419,0.0,0.0006266887672849997,-0.0006266887672849997,-0.01403097625391636,0
2017-04-07,1.1154492357477355,1.1212646788992304,1.0427103599541563,1.0429189020261471,0.0,-0.00040845409202938665,0.00040845409202938665,-0.01403097625391636,0
2017-04-10,1.1154492357477355,1.1212646788992304,1.0419595240377844,1.0421679159425918,0.0,-0.0007200809977614409,0.0007200809977614409,-0.01403097625391636,0
2017-04-11,1.1154492357477355,1.1212646788992304,1.0422303173190988,1.0424387633825625,0.0,0.00025988848421398814,-0.00025988848421398814,-0.01403097625391636,0
2017-04-12,1.1154492357477355,1.1212646788992304,1.0418127654412677,1.0420211279943559,0.0,-0.0004006330183381479,0.0004006330183381479,-0.01403097625391636,0
2017-04-13,1.1154492357477355,1.1212646788992304,1.0409587250925063,1.0411669168375248,0.0,-0.0008197637589895113,0.0008197637589895113,-0.01403097625391636,0
2017-04-14,1.1154492357477355,1.1212646788992304,1.0372566211416672,1.0374640724658954,0.0,-0.003556436832315435,0.003556436832315435,-0.01403097625391636,0
2017-04-17,1.1154492357477355,1.1212646788992304,1.032923928640634,1.0331305134263622,0.0,-0.00417706902296211,0.00417706902296211,-0.01403097625391636,0
2017-04-18,1.1154492357477355,1.1212646788992304,1.0324760782138447,1.0326825734294873,0.0,-0.00043357542058175547,0.00043357542058175547,-0.01403097625391636,0
2017-04-19,1.1154492357477355,1.1212646788992304,1.0325167918890072,1.032723295247385,0.0,3.9433044524361804e-05,-3.9433044524361804e-05,-0.01403097625391636,0
2017-04-20,1.1154492357477355,1.1212646788992304,1.0306562716170382,1.0308624028713615,0.0,-0.0018019273745322195,0.0018019273745322195,-0.01403097625391636,0
2017-04-21,1.1154492357477355,1.1212646788992304,1.027607480128112,1.0278130016241378,0.0,-0.0029581069585330466,0.0029581069585330466,-0.01403097625391636,0
2017-04-24,1.1154492357477355,1.1212646788992304,1.02580187597613,1.0260070363513252,0.0,-0.0017570951816708869,0.0017570951816708869,-0.01403097625391636,0
2017-04-25,1.1154492357477355,1.1212646788992304,1.0285410541678888,1.0287467623787223,0.0,0.002670279959424038,-0.002670279959424038,-0.01403097625391636,0
2017-04-26,1.1154492357477355,1.1212646788992304,1.0287029620388846,1.0289087026312924,0.0,0.00015741507870759008,-0.00015741507870759008,-0.01403097625391636,0
2017-04-27,1.1154492357477355,1.1212646788992304,1.02878628304852,1.0289920403051296,0.0,8.099617937351589e-05,-8.099617937351589e-05,-0.01403097625391636,0
2017-04-28,1.1154492357477355,1.1212646788992304,1.0280723734886905,1.0282779879633883,0.0,-0.0006939337854641181,0.0006939337854641181,-0.01403097625391636,0
2017-05-02,1.1154492357477355,1.1212646788992304,1.0265148387063043,1.0267201416740455,0.0,-0.001515004996292979,0.001515004996292979,-0.01403097625391636,0
2017-05-03,1.1154492357477355,1.1212646788992304,1.0240919016192973,1.0242967199996211,0.0,-0.0023603527154664183,0.0023603527154664183,-0.01403097625391636,0
2017-05-04,1.1154492357477355,1.1212646788992304,1.0217948928763985,1.0219992518549736,0.0,-0.0022429712990277295,0.0022429712990277295,-0.01403097625391636,0
2017-05-05,1.1154492357477355,1.1212646788992304,1.0210989730800129,1.0213031928746288,0.0,-0.0006810758218085411,0.0006810758218085411,-0.01403097625391636,0
2017-05-08,1.1154492357477355,1.1212646788992304,1.0182575372855198,1.0184611887929769,0.0,-0.0027827231927598506,0.0027827231927598506,-0.01403097625391636,0
2017-05-09,1.1154492357477355,1.1212646788992304,1.0162805569659925,1.0164838130773857,0.0,-0.001941532713617411,0.001941532713617411,-0.01403097625391636,0
2017-05-10,1.1154492357477355,1.1212646788992304,1.0119611200801286,1.0121635123041446,0.0,-0.004250240601629929,0.004250240601629929,-0.01403097625391636,0
2017-05-11,1.1154492357477355,1.1212646788992304,1.0146898831456832,1.0148928211223123,0.0,0.002696509788180812,-0.002696509788180812,-0.01403097625391636,0
2017-05-12,1.1154492357477355,1.1212646788992304,1.0144427606057425,1.0146456491578635,0.0,-0.00024354489390854273,0.00024354489390854273,-0.01403097625391636,0
2017-05-15,1.1154492357477355,1.1212646788992304,1.0159539007350362,1.0161570915151832,0.0,0.001489625820180862,-0.001489625820180862,-0.01403097625391636,0
2017-05-16,1.1154492357477355,1.1212646788992304,1.0153346741407014,1.0155377410755295,0.0,-0.0006095026495658296,0.0006095026495658296,-0.01403097625391636,0
2017-05-17,1.1154492357477355,1.1212646788992304,1.01290132192749,1.0131039021918755,0.0,-0.0023966011160515555,0.0023966011160515555,-0.01403097625391636,0
2017-05-18,1.1154492357477355,1.1212646788992304,1.0132251376694816,1.0134277826970155,0.0,0.000319691301592373,-0.000319691301592373,-0.01403097625391636,0
2017-05-19,1.1154492357477355,1.1212646788992304,1.0118380322249858,1.0120403998314307,0.0,-0.001369000228010786,0.001369000228010786,-0.01403097625391636,0
2017-05-22,1.1154492357477355,1.1212646788992304,1.0092778048380115,1.009479660398979,0.0,-0.002530273922738857,0.002530273922738857,-0.01403097625391636,0
2017-05-23,1.1154492357477355,1.1212646788992304,1.0101517286095267,1.0103537589552487,0.0,0.0008658902111251532,-0.0008658902111251532,-0.01403097625391636,0
2017-05-24,1.1154492357477355,1.1212646788992304,1.0113712452050971,1.0115735194541382,0.0,0.001207260811451727,-0.001207260811451727,-0.01403097625391636,0
2017-05-25,1.1154492357477355,1.1212646788992304,1.0125841339930832,1.0127866508198817,0.0,0.0011992518016865628,-0.0011992518016865628,-0.01403097625391636,0
2017-05-26,1.1154492357477355,1.1212646788992304,1.0124298007593269,1.0126322867194788,0.0,-0.00015241522020270626,0.00015241522020270626,-0.01403097625391636,0
2017-05-27,1.1154492357477355,1.1212646788992304,1.0129865365964352,1.0131891339037544,0.0,0.0005499006812035301,-0.0005499006812035301,-0.01403097625391636,0
2017-05-31,1.1154492357477355,1.1212646788992304,1.0158061953088644,1.0160093565479262,0.0,0.002783510550794732,-0.002783510550794732,-0.01403097625391636,0
2017-06-01,1.1154492357477355,1.1212646788992304,1.01526934289451,1.015472396763089,0.0,-0.0005284988581814032,0.0005284988581814032,-0.01403097625391636,0
2017-06-02,1.1154492357477355,1.1212646788992304,1.0148593656539187,1.0150623375270493,0.0,-0.0004038113072759586,0.0004038113072759586,-0.01403097625391636,0
2017-06-05,1.1154492357477355,1.1212646788992304,1.0153981117275828,1.0156011913499283,0.0,0.0005308578625737859,-0.0005308578625737859,-0.01403097625391636,0
2017-06-06,1.1154492357477355,1.1212646788992304,1.0148432695497844,1.0150462382036944,0.0,-0.0005464282150912103,0.0005464282150912103,-0.01403097625391636,0
2017-06-07,1.1154492357477355,1.1212646788992304,1.0135887202569809,1.0137914380010322,0.0,-0.0012362000423573605,0.0012362000423573605,-0.01403097625391636,0
2017-06-08,1.1154492357477355,1.1212646788992304,1.0136606793107568,1.013863411446619,0.0,7.099433166302127e-05,-7.099433166302127e-05,-0.01403097625391636,0
2017-06-09,1.1154492357477355,1.1212646788992304,1.0149900281463011,1.0151930261519304,0.0,0.0013114337595183656,-0.0013114337595183656,-0.01403097625391636,0
2017-06-12,1.1154492357477355,1.1212646788992304,1.018677929652316,1.0188816652382464,0.0,0.0036334361951813055,-0.0036334361951813055,-0.01403097625391636,0
2017-06-13,1.1154492357477355,1.1212646788992304,1.0192223567039098,1.0194262011752506,0.0,0.0005344447305142275,-0.0005344447305142275,-0.01403097625391636,0
2017-06-14,1.1154492357477355,1.1212646788992304,1.02106583404209,1.0212700472088982,0.0,0.0018087096756216337,-0.0018087096756216337,-0.01403097625391636,0
2017-06-15,1.1154492357477355,1.1212646788992304,1.0202884868953792,1.0204925445927582,0.0,-0.000761309526569387,0.000761309526569387,-0.01403097625391636,0
2017-06-16,1.1154492357477355,1.1212646788992304,1.0193889987231803,1.019592876522925,0.0,-0.0008816018055206598,0.0008816018055206598,-0.01403097625391636,0
2017-06-19,1.1154492357477355,1.1212646788992304,1.0240171020765567,1.024221905496972,0.0,0.004540075828926238,-0.004540075828926238,-0.01403097625391636,0
2017-06-20,1.1154492357477355,1.1212646788992304,1.0241572328654887,1.0243620643120617,0.0,0.00013684418809778442,-0.00013684418809778442,-0.01403097625391636,0
2017-06-21,1.1154492357477355,1.1212646788992304,1.0205602270063485,1.0207643390517498,0.0,-0.0035121617498868885,0.0035121617498868885,-0.01403097625391636,0
2017-06-22,1.1154492357477355,1.1212646788992304,1.0195262890231473,1.019730194280952,0.0,-0.001013108247647554,0.001013108247647554,-0.01403097625391636,0
2017-06-23,1.1154492357477355,1.1212646788992304,1.0201511965954118,1.020355226834731,0.0,0.0006129391453586486,-0.0006129391453586486,-0.01403097625391636,0
2017-06-26,1.1154492357477355,1.1212646788992304,1.0221395388707986,1.0223439667785728,0.0,0.0019490662580434748,-0.0019490662580434748,-0.01403097625391636,0
2017-06-27,1.1154492357477355,1.1212646788992304,1.0229140455285446,1.0231186283376503,0.0,0.0007577308462225485,-0.0007577308462225485,-0.01403097625391636,0
2017-06-28,1.1154492357477355,1.1212646788992304,1.0214824390902661,1.021686735578084,0.0,-0.001399537375145421,0.001399537375145421,-0.01403097625391636,0
2017-06-29,1.1154492357477355,1.1212646788992304,1.020786519293881,1.0209906765977397,0.0,-0.0006812841511059098,0.0006812841511059098,-0.01403097625391636,0
2017-06-30,1.1154492357477355,1.1212646788992304,1.019182589858402,1.0193864263763737,0.0,-0.0015712682379352971,0.0015712682379352971,-0.01403097625391636,0
2017-07-03,1.1154492357477355,1.1212646788992304,1.0166517141907314,1.0168550445335696,0.0,-0.0024832406801829077,0.0024832406801829077,-0.01403097625391636,0
2017-07-04,1.1154492357477355,1.1212646788992304,1.0168827406265382,1.0170861171746635,0.0,0.00022724245932215226,-0.00022724245932215226,-0.01403097625391636,0
2017-07-05,1.1154492357477355,1.1212646788992304,1.0191049498266966,1.019308770816662,0.0,0.0021853150922683806,-0.0021853150922683806,-0.01403097625391636,0
2017-07-06,1.1154492357477355,1.1212646788992304,1.0199211169892601,1.020125101212658,0.0,0.0008008666454837332,-0.0008008666454837332,-0.01403097625391636,0
2017-07-07,1.1154492357477355,1.1212646788992304,1.0189449356150109,1.0191487246021338,0.0,-0.0009571145826756666,0.0009571145826756666,-0.01403097625391636,0
2017-07-10,1.1154492357477355,1.1212646788992304,1.0184355412606498,1.0186392283689019,0.0,-0.00049992333889326,0.00049992333889326,-0.01403097625391636,0
2017-07-11,1.1154492357477355,1.1212646788992304,1.0189723936750041,1.0191761881537391,0.0,0.0005271344062578454,-0.0005271344062578454,-0.01403097625391636,0
2017-07-12,1.1154492357477355,1.1212646788992304,1.019620025158987,1.0198239491640189,0.0,0.0006355731401586073,-0.0006355731401586073,-0.01403097625391636,0
2017-07-13,1.1154492357477355,1.1212646788992304,1.0206880490097665,1.0208921866195684,0.0,0.0010474724156313009,-0.0010474724156313009,-0.01403097625391636,0
2017-07-14,1.1154492357477355,1.1212646788992304,1.020446607447755,1.0206506967692446,0.0,-0.00023654784852800148,0.00023654784852800148,-0.01403097625391636,0
2017-07-17,1.1154492357477355,1.1212646788992304,1.0207779978269864,1.0209821534265517,0.0,0.00032475033658085906,-0.00032475033658085906,-0.01403097625391636,0
2017-07-18,1.1154492357477355,1.1212646788992304,1.0186296413399138,1.0188333672681817,0.0,-0.0021046265609622195,0.0021046265609622195,-0.01403097625391636,0
2017-07-19,1.1154492357477355,1.1212646788992304,1.0185226495889048,1.0187263541188225,0.0,-0.00010503498687541857,0.00010503498687541857,-0.01403097625391636,0
2017-07-20,1.1154492357477355,1.1212646788992304,1.018887179006059,1.0190909564418602,0.0,0.00035790015794079366,-0.00035790015794079366,-0.01403097625391636,0
2017-07-21,1.1154492357477355,1.1212646788992304,1.0185387456930388,1.0187424534421774,0.0,-0.0003419743816582832,0.0003419743816582832,-0.01403097625391636,0
2017-07-24,1.1154492357477355,1.1212646788992304,1.0184715207875377,1.0186752150916951,0.0,-6.600132374479095e-05,6.600132374479095e-05,-0.01403097625391636,0
2017-07-25,1.1154492357477355,1.1212646788992304,1.0178731244456116,1.0180766990705008,0.0,-0.0005875435195903389,0.0005875435195903389,-0.01403097625391636,0
2017-07-26,1.1154492357477355,1.1212646788992304,1.0160855100570736,1.016288727159085,0.0,-0.0017562251577392107,0.0017562251577392107,-0.01403097625391636,0
2017-07-27,1.1154492357477355,1.1212646788992304,1.0169253479610108,1.017128733030603,0.0,0.000826542545508735,-0.000826542545508735,-0.01403097625391636,0
2017-07-28,1.1154492357477355,1.1212646788992304,1.0169490187023844,1.0171524085061248,0.0,2.3276773876368395e-05,-2.3276773876368395e-05,-0.01403097625391636,0
2017-07-31,1.1154492357477355,1.1212646788992304,1.0160656266343198,1.0162688397596467,0.0,-0.0008686689812551496,0.0008686689812551496,-0.01403097625391636,0
2017-08-01,1.1154492357477355,1.1212646788992304,1.0148943983511514,1.0150973772308216,0.0,-0.0011527092861590704,0.0011527092861590704,-0.01403097625391636,0
2017-08-02,1.1154492357477355,1.1212646788992304,1.0155770625323677,1.015780177944874,0.0,0.0006726455307324297,-0.0006726455307324297,-0.01403097625391636,0
2017-08-03,1.1154492357477355,1.1212646788992304,1.015866792406781,1.0160699657652623,0.0,0.0002852859572182176,-0.0002852859572182176,-0.01403097625391636,0
2017-08-04,1.1154492357477355,1.1212646788992304,1.0162303749942805,1.0164336210692793,0.0,0.0003579038021688241,-0.0003579038021688241,-0.01403097625391636,0
2017-08-07,1.1154492357477355,1.1212646788992304,1.0138045974183085,1.0140073583377922,0.0,-0.0023870351011556767,0.0023870351011556767,-0.01403097625391636,0
2017-08-08,1.1154492357477355,1.1212646788992304,1.0140706565513484,1.0142734706826586,0.0,0.0002624363054946066,-0.0002624363054946066,-0.01403097625391636,0
2017-08-09,1.1154492357477355,1.1212646788992304,1.0135565280487127,1.0137592393543224,0.0,-0.000506994753584733,0.000506994753584733,-0.01403097625391636,0
2017-08-10,1.1154492357477355,1.1212646788992304,1.014835694912545,1.0150386620515275,0.0,0.0012620577426449842,-0.0012620577426449842,-0.01403097625391636,0
2017-08-11,1.1154492357477355,1.1212646788992304,1.0162606735432387,1.0164639256779473,0.0,0.0014041471322276955,-0.0014041471322276955,-0.01403097625391636,0
2017-08-14,1.1154492357477355,1.1212646788992304,1.0173097608009187,1.017513222753079,0.0,0.0010323013425506122,-0.0010323013425506122,-0.01403097625391636,0
2017-08-15,1.1154492357477355,1.1212646788992304,1.017064531920288,1.017267944826672,0.0,-0.000241056254525307,0.000241056254525307,-0.01403097625391636,0
2017-08-16,1.1154492357477355,1.1212646788992304,1.0158241850723086,1.016027349909323,0.0,-0.001219536036358937,0.001219536036358937,-0.01403097625391636,0
2017-08-17,1.1154492357477355,1.1212646788992304,1.0159823056246846,1.0161855020858095,0.0,0.00015565740085698998,-0.00015565740085698998,-0.01403097625391636,0
2017-08-18,1.1154492357477355,1.1212646788992304,1.015866792406781,1.0160699657652623,0.0,-0.00011369609220956978,0.00011369609220956978,-0.01403097625391636,0
2017-08-21,1.1154492357477355,1.1212646788992304,1.0143679610630014,1.014570834655214,0.0,-0.0014754211427943087,0.0014754211427943087,-0.01403097625391636,0
2017-08-22,1.1154492357477355,1.1212646788992304,1.0142249897851046,1.0144278347830615,0.0,-0.0001409461688310909,0.0001409461688310909,-0.01403097625391636,0
2017-08-23,1.1154492357477355,1.1212646788992304,1.0147665763477338,1.0149695296630032,0.0,0.0005339905524750499,-0.0005339905524750499,-0.01403097625391636,0
2017-08-24,1.1154492357477355,1.1212646788992304,1.0139494623555154,1.0141522522479864,0.0,-0.0008052235965035903,0.0008052235965035903,-0.01403097625391636,0
2017-08-25,1.1154492357477355,1.1212646788992304,1.013637955399038,1.0138406829901179,0.0,-0.00030722138335548266,0.00030722138335548266,-0.01403097625391636,0
2017-08-28,1.1154492357477355,1.1212646788992304,1.0124676739455247,1.0126701674803138,0.0,-0.0011545359438051017,0.0011545359438051017,-0.01403097625391636,0
2017-08-29,1.1154492357477355,1.1212646788992304,1.0131938922908685,1.0133965310693267,0.0,0.0007172755871935887,-0.0007172755871935887,-0.01403097625391636,0
2017-08-30,1.1154492357477355,1.1212646788992304,1.0133349699094554,1.0135376369034372,0.0,0.00013924049449998144,-0.00013924049449998144,-0.01403097625391636,0
2017-08-31,1.1154492357477355,1.1212646788992304,1.0137345320238424,1.0139372789302472,0.0,0.00039430408132745676,-0.00039430408132745676,-0.01403097625391636,0
2017-09-01,1.1154492357477355,1.1212646788992304,1.013446695808739,1.0136493851479007,0.0,-0.0002839364804204658,0.0002839364804204658,-0.01403097625391636,0
2017-09-04,1.1154492357477355,1.1212646788992304,1.0128729170378417,1.0130754916212492,0.0,-0.0005661657127801201,0.0005661657127801201,-0.01403097625391636,0
2017-09-05,1.1154492357477355,1.1212646788992304,1.0114877052526556,1.0116900027937061,0.0,-0.001367606697627033,0.001367606697627033,-0.01403097625391636,0
2017-09-06,1.1154492357477355,1.1212646788992304,1.012095569891131,1.0122979890051091,0.0,0.0006009609759156653,-0.0006009609759156653,-0.01403097625391636,0
2017-09-07,1.1154492357477355,1.1212646788992304,1.0144181430347137,1.0146210266633207,0.0,0.0022948160358340353,-0.0022948160358340353,-0.01403097625391636,0
2017-09-08,1.1154492357477355,1.1212646788992304,1.015372547326899,1.0155756218363645,0.0,0.0009408391389080784,-0.0009408391389080784,-0.01403097625391636,0
2017-09-11,1.1154492357477355,1.1212646788992304,1.0149256437297647,1.0151286288585106,0.0,-0.0004401375616377434,0.0004401375616377434,-0.01403097625391636,0
2017-09-12,1.1154492357477355,1.1212646788992304,1.0150837642821406,1.015286781034997,0.0,0.00015579520859754226,-0.00015579520859754226,-0.01403097625391636,0
2017-09-13,1.1154492357477355,1.1212646788992304,1.0143651205740367,1.0145679935981515,0.0,-0.0007079649319503556,0.0007079649319503556,-0.01403097625391636,0
2017-09-14,1.1154492357477355,1.1212646788992304,1.0162862379439221,1.0164894951915109,0.0,0.0018939111084559368,-0.0018939111084559368,-0.01403097625391636,0
2017-09-15,1.1154492357477355,1.1212646788992304,1.016255939394964,1.0164591905828428,0.0,-2.9813007228596256e-05,2.9813007228596256e-05,-0.01403097625391636,0
2017-09-18,1.1154492357477355,1.1212646788992304,1.0148262266159953,1.0150291918613186,0.0,-0.001406843220832621,0.001406843220832621,-0.01403097625391636,0
2017-09-19,1.1154492357477355,1.1212646788992304,1.0152049584779739,1.0154079994696694,0.0,0.00037319873299046513,-0.00037319873299046513,-0.01403097625391636,0
2017-09-20,1.1152261905096337,1.1212646788992304,1.0147372246284305,1.0149401720733562,-0.00019996000799826774,-0.0004607284919535548,0.00026076848395528707,-0.014228130627790714,1
2017-09-21,1.1139712344289423,1.1200029277506083,1.0135953480645654,1.0137980671341784,-0.0011252928700660192,-0.0011252928700661302,1.1102230246251565e-16,-0.01533741268390687,1
2017-09-22,1.115253245947526,1.1212918808311245,1.014761842199459,1.014964794567899,0.001150847956357559,0.001150847956357559,0.0,-0.014204215757592342,1
2017-09-25,1.116628910904967,1.1226749944451198,1.0160135510032977,1.0162167537134983,0.0012335000704457588,0.0012335000704457588,0.0,-0.012988236588284408,1
2017-09-26,1.115973336832964,1.122015870710765,1.0154170483206817,1.0156201317303457,-0.0005871011090619049,-0.000587101109062016,1.1102230246251565e-16,-0.013567712289240474,1
2017-09-27,1.1159525249576623,1.1219949461477696,1.0153981117275828,1.0156011913499283,-1.8649079341681585e-05,-1.8649079341570562e-05,-1.1102230246251565e-16,-0.013586108343239256,1
2017-09-28,1.1162043486488127,1.1222481333600138,1.0156272445040797,1.0158303699529805,0.00022565806834839996,0.00022565806834817792,2.220446049250313e-16,-0.013363516089855976,1
2017-09-29,1.116146075397968,1.1221895445836267,1.0155742220434028,1.0157773368878114,-5.220661513749558e-05,-5.220661513749558e-05,0.0,-0.013415025041052075,1
2017-09-30,1.1164384822459565,1.122483534693712,1.0158402811764426,1.016043449232678,0.0002619790137095013,0.0002619790137097233,-2.220446049250313e-16,-0.013156560482371682,1
2017-10-09,1.1144030808414522,1.1204371124327628,1.0139882823713682,1.0141910800278424,-0.0018231200705386419,-0.001823120070538753,1.1102230246251565e-16,-0.014955694563435706,1
2017-10-10,1.1146549045326024,1.120690299645007,1.0142174151478651,1.0144202586308946,0.00022597181888617257,0.00022597181888639462,-2.220446049250313e-16,-0.014733102310052648,1
2017-10-11,1.1144342986544047,1.1204684992772558,1.0140166872610166,1.0142194905984687,-0.00019791406048697002,-0.00019791406048697002,0.0,-0.014928100482437756,1
2017-10-12,1.113061755478259,1.1190885243477098,1.0127678189461427,1.012970372509932,-0.0012316052887129114,-0.0012316052887130224,1.1102230246251565e-16,-0.016141320243646007,1
2017-10-13,1.1134061920145017,1.1194348258652835,1.0130812195619299,1.0132838358058422,0.0003094496190778617,0.0003094496190778617,0.0,-0.015836865549968993,1
2017-10-16,1.1104956512535615,1.1165085257303777,1.010432937017046,1.0106350236044492,-0.0026140870976064656,-0.0026140870976061326,-3.3306690738754696e-16,-0.01840955370167474,1
2017-10-17,1.1077193470883173,1.1137171890267925,1.0079067954976497,1.0081083768567491,-0.00250005856583968,-0.002500058565839902,2.220446049250313e-16,-0.020863587305089304,1
2017-10-18,1.1075445273357831,1.1135414226976312,1.0077477281156186,1.0079492776612418,-0.0001578195352403,-0.00015781953524041104,1.1102230246251565e-16,-0.021018114158677714,1
2017-10-19,1.1085029141934257,1.114504998823569,1.008619758227824,1.0088214821794697,0.0008653258031512401,0.0008653258031512401,0.0,-0.02017097587204153,1
2017-10-20,1.1082927142528787,1.1142936607373155,1.008428498637525,1.0086301843372525,-0.00018962506805852986,-0.00018962506805852986,0.0,-0.02035677601742758,1
2017-10-23,1.108150152907062,1.1141503274807971,1.0082987829747971,1.0085004427313922,-0.0001286314923695242,-0.00012863149236963523,1.1102230246251565e-16,-0.020482788987318146,1
2017-10-24,1.107665236212533,1.1136627851630045,1.0078575603555924,1.0080591318676635,-0.0004375911452586534,-0.00043759114525854237,-1.1102230246251565e-16,-0.020911417045485714,1
2017-10-25,1.1036599908107245,1.1096358530145412,1.0042132130137051,1.004414055656308,-0.0036159349150504116,-0.0036159349150503006,-1.1102230246251565e-16,-0.02445173763751818,1
2017-10-26,1.104038766941215,1.1100166800610574,1.0045578590081055,1.004758770579907,0.00034320001961130053,0.00034320001961130053,0.0,-0.02411692945474353,1
2017-10-27,1.1003019947307984,1.1062596747752347,1.0011577937171943,1.0013580252759378,-0.003384638585445243,-0.0033846385854453542,1.1102230246251565e-16,-0.027419940950193844,1
2017-10-30,1.093290473941662,1.0992101895020872,0.9947780555021678,0.9949770111132682,-0.006372360336265537,-0.006372360336265426,-1.1102230246251565e-16,-0.033617571542325586,1
2017-10-31,1.0940303361086368,1.0999540577165734,0.9954512513868344,0.9956503416371117,0.0006767297297554098,0.0006767297297554098,0.0,-0.03296359182267494,1
2017-11-01,1.0963539819860695,1.102290285175009,0.9975655220063291,0.9977650351107303,0.0021239318515589023,0.0021239318515589023,0.0,-0.030909672393730103,1
2017-11-02,1.0960157890124171,1.1019502610263336,0.9972578023684715,0.9974572539289451,-0.0003084706027516315,-0.0003084706027516315,0.0,-0.031208608271207527,1
2017-11-03,1.0953310783149919,1.1012618429037853,0.996634788455517,0.9968341154132081,-0.0006247270379583503,-0.0006247270379583503,0.0,-0.031813838447761755,1
2017-11-06,1.0956401346632219,1.101572572664267,0.996915996863036,0.9971153800624086,0.0002821579286378384,0.0002821579286378384,0.0,-0.03154065704588238,1
2017-11-07,1.094526699334582,1.1004531085440135,0.9959028891322438,0.9961020697100702,-0.0010162418237646964,-0.0010162418237645854,-1.1102230246251565e-16,-0.03252484593480809,1
2017-11-08,1.0947670764943165,1.1006947872466102,0.9961216067825364,0.9963208311038928,0.0002196174473227952,0.0002196174473227952,0.0,-0.03231237151112398,1
2017-11-09,1.0940282549211067,1.0999519652602738,0.9954493577275246,0.9956484475990701,-0.0006748664524838244,-0.0006748664524837134,-1.1102230246251565e-16,-0.03296543142807473,1
2017-11-10,1.0926411434322496,1.098557343136631,0.9941872337974814,0.9943860712442409,-0.0012678936605317048,-0.0012678936605318158,1.1102230246251565e-16,-0.034191528427082174,1
2017-11-13,1.0888232049081563,1.0947187320551262,0.9907133157934844,0.9909114584566431,-0.0034942291410519077,-0.0034942291410519077,0.0,-0.03756628453312705,1
2017-11-14,1.0886972930625811,1.094592138449004,0.990598749405236,0.990796869155117,-0.00011564030322608332,-0.00011564030322608332,0.0,-0.037677580659818743,1
2017-11-15,1.0890698256304812,1.0949666881266218,0.9909377144217066,0.991135901964591,0.00034218195477642155,0.0003421819547766436,-2.220446049250313e-16,-0.037348291293243574,1
2017-11-16,1.0910042894397725,1.0969116262570433,0.9926978707502513,0.9928964103244013,0.001776253242689485,0.001776253242689263,2.220446049250313e-16,-0.035638378074072774,1
2017-11-17,1.0910084518148329,1.0969158111696424,0.9927016580688712,0.9929001984004849,3.815177539445713e-06,3.815177539445713e-06,0.0,-0.03563469886327297,1
2017-11-20,1.089660882889049,1.0955609457156907,0.991475513665716,0.9916738087684491,-0.001235159015993137,-0.001235159015993359,2.220446049250313e-16,-0.036825843359682975,1
2017-11-21,1.0889855375355095,1.0948819436464903,0.9908610212196561,0.9910591934239,-0.0006197757156786166,-0.0006197757156783945,-2.220446049250313e-16,-0.03742279531193782,1
2017-11-22,1.0857170325193803,1.091595741028064,0.9878870292734705,0.9880846066793252,-0.0030014218770307854,-0.0030014218770306744,-1.1102230246251565e-16,-0.040311895592419655,1
2017-11-23,1.0872779231670064,1.0931650832527184,0.9893072737558896,0.9895051352106408,0.0014376588013951253,0.0014376588013951253,0.0,-0.03893219154252392,1
2017-11-24,1.0897035472334173,1.0956038410698312,0.9915143336815687,0.991712636548305,0.0022309144835255257,0.0022309144835255257,0.0,-0.03678813144898596,1
2017-11-27,1.0893611918847046,1.095259632008557,0.9912028267250915,0.9914010672904365,-0.0003141729230687895,-0.0003141729230686785,-1.1102230246251565e-16,-0.037090746537263186,1
2017-11-28,1.0894048968228383,1.0953035735908476,0.9912425935705994,0.9914408420893135,4.011978621898393e-05,4.011978621898393e-05,0.0,-0.037052114823865945,1
2017-11-29,1.0922342712701016,1.098148267930071,0.9938170234023975,0.994015786807078,0.002597174343088593,0.002597174343088593,0.0,-0.03455117128275509,1
2017-11-30,1.0937296045105276,1.09965169778129,0.9951776176165551,0.9953766531400784,0.001369059074375123,0.001369059074375123,0.0,-0.033229414802954826,1
2017-12-01,1.0939106678256523,1.0998337414793498,0.9953423659765157,0.995541434449711,0.0001655466893992763,0.0001655466893992763,0.0,-0.033069369133166826,1
2017-12-04,1.0945672824914203,1.1004939114418546,0.9959398154887867,0.9961390034518844,0.0006002452348994325,0.0006002452348994325,0.0,-0.03248897362951064,1
2017-12-05,1.0952686426890867,1.1011990692147993,0.9965779786762202,0.9967772942719555,0.0006407648107935593,0.0006407648107935593,0.0,-0.031869026609757656,1
2017-12-06,1.09543097531644,1.1013622808061634,0.9967256841023919,0.9969250292392123,0.00014821261289355014,0.00014821261289355014,0.0,-0.031725537388568426,1
2017-12-07,1.094614109210849,1.100540991708594,0.9959824228232591,0.9961816193078238,-0.0007457029461440667,-0.0007457029461442888,2.220446049250313e-16,-0.03244758250801383,1
2017-12-08,1.0933071234419034,1.0992269291524837,0.994793204776647,0.9949921634176023,-0.0011940150944041994,-0.0011940150944040884,-1.1102230246251565e-16,-0.033602854699126605,1
2017-12-11,1.0904881549322907,1.0963926970947575,0.9922282432413981,0.9924266888900464,-0.0025783866666286848,-0.0025783866666286848,0.0,-0.036094600213238404,1
2017-12-12,1.0897701452343829,1.0956707996714166,0.9915749307794854,0.9917732457656413,-0.0006584296167365666,-0.0006584296167366777,1.1102230246251565e-16,-0.03672926407619026,1
2017-12-13,1.0898533927355896,1.0957544979233982,0.991650677151881,0.9918490072873114,7.638996312264723e-05,7.638996312264723e-05,0.0,-0.0366556798601958,1
2017-12-14,1.0908721340316068,1.0967787552820225,0.9925776233840733,0.99277613890875,0.0009347507681378708,0.0009347507681378708,0.0,-0.03575519301696395,1
2017-12-15,1.092311275208718,1.0982256888131539,0.9938870887968636,0.9940858662146229,0.0013192574383511513,0.0013192574383511513,0.0,-0.03448310588296,1
2017-12-18,1.0925412464308015,1.098456905234253,0.9940963381506066,0.9942951574182367,0.00021053634371703822,0.00021053634371726027,-2.220446049250313e-16,-0.034279829486275504,1
2017-12-19,1.092683807776618,1.0986002384907714,0.9942260538133343,0.9944248990240969,0.00013048600799492327,0.00013048600799492327,0.0,-0.03415381651638494,1
2017-12-20,1.093003270062499,1.0989214305327508,0.9945167305174027,0.9947156338635063,0.0002923648027062242,0.0002923648027062242,0.0,-0.03387143708750617,1
2017-12-21,1.0934798620069075,1.0994006030253454,0.994950378499368,0.9951493685750679,0.0004360389007631582,0.00043603890076293617,2.220446049250313e-16,-0.033450167450937984,1
2017-12-22,1.0943778944261748,1.1003034979185964,0.9957674924915865,0.9959666459900848,0.0008212610496722839,0.0008212610496725059,-2.220446049250313e-16,-0.03265637772089813,1
2017-12-25,1.0938628005124584,1.0997856149844605,0.9952988118123882,0.9954978715747507,-0.0004706728053809339,-0.00047067280538104495,1.1102230246251565e-16,-0.033111680057363646,1
2017-12-26,1.0935568659455235,1.099478023908428,0.995020443893834,0.9952194479826127,-0.0002796827598412488,-0.00027968275984102675,-2.220446049250313e-16,-0.033382102051143336,1
2017-12-27,1.093250931378589,1.099170432832396,0.9947420759752799,0.9949410243904749,-0.00027976100417048677,-0.00027976100417081984,3.3306690738754696e-16,-0.033652524044922805,1
2017-12-28,1.0932467690035286,1.0991662479197968,0.99473828865666,0.9949372363143913,-3.807337310202108e-06,-3.8073373100910857e-06,-1.1102230246251565e-16,-0.033656203255722494,1
2017-12-29,1.0940584321402942,1.0999823058766172,0.9954768157875181,0.9956759111506756,0.0007424336021641942,0.0007424336021641942,0.0,-0.032938757149776676,1
2017-12-30,1.0940490667964085,1.0999728898232692,0.9954682943206236,0.9956673879794876,-8.560186193551367e-06,-8.560186193662389e-06,1.1102230246251565e-16,-0.03294703537407606,1
2017-12-31,1.0940625945153544,1.0999864907892163,0.9954806031061378,0.995679699226759,1.2364819235610724e-05,1.2364819235832769e-05,-2.220446049250313e-16,-0.0329350779389771,1
2018-01-02,1.0935079580385645,1.099428851185389,0.9949759429000514,0.9951749380886314,-0.0005069513203086462,-0.0005069513203087572,1.1102230246251565e-16,-0.03342533277804016,1
2018-01-03,1.0923695484595628,1.0982842775895412,0.9939401112575406,0.994138899279792,-0.0010410619974303703,-0.0010410619974305924,2.220446049250313e-16,-0.0344315969317639,1
2018-01-04,1.0913955526954442,1.0973050080413567,0.9930538787005111,0.9932524894762512,-0.0008916357705980316,-0.0008916357705980316,0.0,-0.035292532258898834,1
2018-01-05,1.091728542700271,1.097639801049283,0.9933568641900938,0.9935555355629319,0.00030510478442424827,0.0003051047844244703,-2.220446049250313e-16,-0.034998195394921106,1
2018-01-08,1.0918867129525636,1.097798827728048,0.9935007822976456,0.9936994824541051,0.00014488056884665035,0.0001448805688468724,-2.220446049250313e-16,-0.0348583853845319,1
2018-01-09,1.0930115948126196,1.0989298003579488,0.9945243051546423,0.9947232100156732,0.0010302184711215023,0.0010302184711215023,0.0,-0.033864078665906905,1
2018-01-10,1.0921655920816062,1.0980792168721862,0.9937545326451712,0.9939532835517002,-0.000774010756179,-0.0007740107561788889,-1.1102230246251565e-16,-0.03461187826095036,1
2018-01-11,1.0912238547242052,1.0971323803966446,0.9928976518074449,0.9930962313378064,-0.0008622660924577641,-0.0008622660924578751,1.1102230246251565e-16,-0.03544429970438734,1
2018-01-12,1.0915651694791528,1.0974755432297691,0.9932082119342673,0.9934068535766541,0.0003127816107300063,0.0003127816107300063,0.0,-0.03514260441881012,1
2018-01-15,1.0903383094301187,1.0962420402411908,0.9920918997710859,0.9922903181510401,-0.0011239457646120554,-0.0011239457646120554,0.0,-0.03622705180202834,1
2018-01-16,1.0898887729236024,1.0957900696804903,0.9916828693601492,0.9918812059340212,-0.0004122908482883103,-0.00041229084828853235,2.220446049250313e-16,-0.03662440656839816,1
2018-01-17,1.0899470461744472,1.0958486584568774,0.9917358918208262,0.9919342389991903,5.3467153981578974e-05,5.3467153981578974e-05,0.0,-0.03657289761720206,1
2018-01-18,1.0879324566452444,1.0938231607589235,0.9899028296088506,0.9901008101747724,-0.0018483370694692969,-0.0018483370694692969,0.0,-0.038353635644267525,1
2018-01-19,1.0882831367440777,1.0941757396453957,0.9902219112025674,0.9904199555848079,0.00032233627803934795,0.00032233627803957,-2.220446049250313e-16,-0.03804366213439103,1
2018-01-22,1.0870843727267008,1.092970484816861,0.9891311634400695,0.9893289896727575,-0.001101518508283994,-0.001101518508283994,0.0,-0.03910327484471099,1
2018-01-23,1.0871124687583582,1.092998732976905,0.9891567278407531,0.9893545591863213,2.584530912441707e-05,2.584530912441707e-05,0.0,-0.03907844017181272,1
2018-01-24,1.0874100785751721,1.093297954227739,0.9894275211220677,0.9896254066262921,0.00027376175452564766,0.00027376175452564766,0.0,-0.038815376599632745,1
2018-01-25,1.0879001982385268,1.0937907276862806,0.9898734778895473,0.9900714525851252,0.0004507220164786663,0.0004507220164786663,0.0,-0.03838214952796537,1
2018-01-26,1.0878367220188567,1.0937269077691447,0.9898157212805956,0.9900136844248517,-5.834746585475781e-05,-5.834746585475781e-05,0.0,-0.038438257492661165,1
2018-01-29,1.0881478595546168,1.094039729985926,0.9900988233474245,0.990296843112094,0.00028601492251767446,0.00028601492251767446,0.0,-0.038163236485382,1
2018-01-30,1.0882331882433538,1.0941255206942069,0.9901764633791301,0.9903744986718059,7.841644679795756e-05,7.841644679773552e-05,2.220446049250313e-16,-0.03808781266398753,1
2018-01-31,1.089452764136032,1.095351700085737,0.9912861477347269,0.9914844049642738,0.0011206935295247078,0.0011206935295249298,-2.220446049250313e-16,-0.037009803899669236,1
2018-02-01,1.0900927293015588,1.0959951303978452,0.9918684479725186,0.9920668216621131,0.0005874189194738921,0.0005874189194738921,0.0,-0.03644412523921192,1
2018-02-02,1.0901645302713496,1.0960673201401794,0.99193377921871,0.9921321659745537,6.586684587550629e-05,6.586684587550629e-05,0.0,-0.036380658852916636,1
2018-02-05,1.0894413176046163,1.0953401915760894,0.9912757326085223,0.991473987755044,-0.0006633977226844223,-0.0006633977226846444,2.220446049250313e-16,-0.0370199217293683,1
2018-02-06,1.09202719311085,1.097940068528267,0.9936286043010634,0.9938273300219236,0.0023735794341996908,0.002373579434199913,-2.220446049250313e-16,-0.03473421202004112,1
2018-02-07,1.0928211661536091,1.0987383406065412,0.9943510353277872,0.9945499055348528,0.0007270634355700523,0.0007270634355700523,0.0,-0.03403240255999418,1
2018-02-08,1.092496500898903,1.098411917423813,0.9940556244754439,0.994254435600339,-0.0002970890981631724,-0.00029708909816328344,1.1102230246251565e-16,-0.03431938100237253,1
2018-02-09,1.0924142939914614,1.0983292653999812,0.9939808249327032,0.9941796210976898,-7.524683820392397e-05,-7.5246838204035e-05,1.1102230246251565e-16,-0.03439204541566687,1
2018-02-11,1.0922186623636256,1.0981325745078245,0.9938028209575733,0.9940015815217649,-0.00017908190043991468,-0.0001790819004400257,1.1102230246251565e-16,-0.03456496832325384,1
2018-02-12,1.0928263691224345,1.0987435717472898,0.9943557694760619,0.994554640629957,0.0005563966078858673,0.0005563966078860894,-2.220446049250313e-16,-0.034027803546494595,1
2018-02-13,1.0929730928433115,1.0988910899164075,0.9944892724574094,0.9946881703119008,0.0001342607801408935,0.0001342607801408935,0.0,-0.03389811136580423,1
2018-02-14,1.0934788214131423,1.0993995567971955,0.9949494316697131,0.995148421556047,0.0004627090759528052,0.0004627090759528052,0.0,-0.03345108725363799,1
2018-02-22,1.0931624809085567,1.0990815034396655,0.9946615954546095,0.9948605277737004,-0.00028929733104188227,-0.00028929733104177124,-1.1102230246251565e-16,-0.03373070727441696,1
2018-02-23,1.09314270962702,1.0990616251048198,0.9946436056911654,0.9948425344123036,-1.8086315512921836e-05,-1.8086315513032858e-05,1.1102230246251565e-16,-0.033748183525715625,1
2018-02-24,1.0931489531896106,1.0990679024737184,0.9946492866690951,0.994848216526429,5.711571358091305e-06,5.711571358091305e-06,0.0,-0.033742664709516146,1
2018-02-26,1.0948659329019994,1.1007941789208384,0.9962115555997563,0.9964107979108762,0.0015706731524363082,0.0015706731524363082,0.0,-0.03222499025463066,1
2018-02-27,1.0968076808676461,1.1027464406483085,0.9979783397358856,0.9981779354038327,0.001773502953462014,0.001773502953462236,-2.220446049250313e-16,-0.030508638416560374,1
2018-02-28,1.0966391046777026,1.102576951688046,0.9978249533317843,0.9980245183224506,-0.000153697127476482,-0.00015369712747659303,1.1102230246251565e-16,-0.030657646453949083,1
2018-03-01,1.0963290077357075,1.1022651756994144,0.9975427980946102,0.9977423066542291,-0.00028277027572010116,-0.0002827702757202122,1.1102230246251565e-16,-0.030931747658528463,1
2018-03-02,1.0956671901011141,1.101599774596161,0.9969406144340647,0.9971400025569515,-0.0006036669922291349,-0.0006036669922290239,-1.1102230246251565e-16,-0.03151674217568412,1
2018-03-05,1.095145852624807,1.1010756142931264,0.9964662527769367,0.996665546027492,-0.00047581736590929236,-0.00047581736590929236,0.0,-0.031977563328349334,1
2018-03-06,1.0957774930402129,1.1017106747800365,0.997040978377489,0.9972403865731644,0.0005767637378089052,0.0005767637378091273,-2.220446049250313e-16,-0.03141924308949162,1
2018-03-07,1.0968170462115319,1.1027558567016564,0.99798686120278,0.9981864585750205,0.000948690019572096,0.000948690019572096,0.0,-0.0305003601922611,1
2018-03-08,1.0970615857463266,1.1030017203168523,0.9982093661716923,0.9984090080449266,0.00022295380586889735,0.00022295380586889735,0.0,-0.030284206557777416,1
2018-03-09,1.0970074748705423,1.1029473164530643,0.9981601310296352,0.9983597630558411,-4.932346231734108e-05,-4.932346231723006e-05,-1.1102230246251565e-16,-0.030332036298173715,1
2018-03-12,1.0976516024111294,1.1035949316777716,0.9987462185860466,0.9989459678297639,0.0005871678683531112,0.0005871678683528891,2.220446049250313e-16,-0.02976267842691671,1
2018-03-13,1.0974726202835348,1.1034149804360112,0.9985833638853959,0.998783080558173,-0.00016305914117142883,-0.0001630591411713178,-1.1102230246251565e-16,-0.029920884491304922,1
2018-03-14,1.0972592985616925,1.1032005036653083,0.998389263806132,0.9985889416588932,-0.00019437543853007,-0.00019437543852995898,-1.1102230246251565e-16,-0.030109444044790767,1
2018-03-15,1.0977983261320061,1.103742449846889,0.9988797215673941,0.9990794975117075,0.0004912490338611075,0.0004912490338611075,0.0,-0.029632986246226567,1
2018-03-16,1.0979669023219496,1.1039119388071517,0.9990331079714954,0.9992329145930896,0.00015355843230091537,0.00015355843230113742,-2.220446049250313e-16,-0.02948397820883797,1
2018-03-19,1.098242659669697,1.1041891892668407,0.9992840178300562,0.9994838746336221,0.00025115269610065383,0.00025115269610065383,0.0,-0.029240230493356223,1
2018-03-20,1.1003040759183285,1.1062617672315342,1.0011596873765043,1.0013599193139795,0.001877013454614218,0.0018770134546144401,-2.220446049250313e-16,-0.027418101344794055,1
2018-03-21,1.101089724210967,1.1070516694846102,1.0018745437659884,1.0020749186747415,0.0007140283398321401,0.000714028339831918,2.220446049250313e-16,-0.02672365030634649,1
2018-03-22,1.1022281337899689,1.1081962430804584,1.0029103754084994,1.003110957483581,0.0010338935637763669,0.0010338935637763669,0.0,-0.025717386152622534,1
2018-03-23,1.105187582457868,1.1111717159384031,1.0056031589471661,1.0058042795789555,0.0026849692701302885,0.0026849692701302885,0.0,-0.02310146727401996,1
2018-03-26,1.1050804013000644,1.1110639544389769,1.0055056354927066,1.0057067366198051,-9.698005976988e-05,-9.698005976999102e-05,1.1102230246251565e-16,-0.023196206952112886,1
2018-03-27,1.1042333579752859,1.1102123247250644,1.0047349161535806,1.0049358631368113,-0.0007664992735206821,-0.0007664992735205711,-1.1102230246251565e-16,-0.023944926349856344,1
2018-03-28,1.104148029286549,1.1101265340167832,1.004657276121875,1.0048582075770993,-7.727414510760866e-05,-7.727414510760866e-05,0.0,-0.024020350171250593,1
2018-03-29,1.1032874582428245,1.1092613033369239,1.0038742479972345,1.0040750228468338,-0.0007793982517730891,-0.0007793982517732001,1.1102230246251565e-16,-0.024781027004093237,1
2018-03-30,1.103975290721545,1.1099528601439215,1.0045001023991538,1.0047010024196337,0.0006234390444499471,0.0006234390444499471,0.0,-0.024173037419439214,1
2018-04-02,1.1043134836951973,1.1102928842925965,1.0048078220370114,1.0050087836014188,0.0003063410716659387,0.0003063410716659387,0.0,-0.02387410154196179,1
2018-04-03,1.103071014739687,1.1090436878817718,1.0036773074290057,1.0038780428904914,-0.0011251053019409873,-0.0011251053019409873,0.0,-0.024972345965678766,1
2018-04-04,1.1044362737594773,1.1104163392142694,1.004919547936295,1.0051205318458822,0.0012376891438059534,0.0012376891438059534,0.0,-0.02376556482336989,1
2018-04-08,1.105324940834859,1.1113098180541727,1.0057281404616187,1.005929286089711,0.0008046340893501647,0.0008046340893501647,0.0,-0.0229800533176292,1
2018-04-09,1.1069638760148663,1.1129576273900599,1.007219397168159,1.0074208410475924,0.0014827632304843519,0.001482763230484574,-2.220446049250313e-16,-0.02153136406523881,1
2018-04-10,1.1057765585289054,1.1117638810711725,1.0061390645318653,1.0063402923447717,-0.001072589188940265,-0.001072589188940376,1.1102230246251565e-16,-0.022580858945859483,1
2018-04-11,1.1068390047630563,1.1128320800120874,1.0071057776095653,1.0073071987650872,0.0009608145750208408,0.0009608145750208408,0.0,-0.0216417403892305,1
2018-04-12,1.107267729394271,1.1132631260097925,1.0074958714274034,1.0076973706016887,0.00038734145559549127,0.0003873414555957133,-2.220446049250313e-16,-0.02126278167685902,1
2018-04-13,1.107925384653804,1.113924342200447,1.008094267769329,1.0082958866228828,0.0005939442124740513,0.0005939442124738292,2.220446049250313e-16,-0.020681466370503054,1
2018-04-16,1.1117818251472056,1.117801663723493,1.011603218470559,1.011805539114253,0.0034807763652844326,0.0034807763652842105,2.220446049250313e-16,-0.017272677564560523,1
2018-04-17,1.112371841812008,1.1183948750844124,1.0121400708849135,1.0123424988990906,0.0005306946484076036,0.0005306946484078257,-2.220446049250313e-16,-0.01675114943370004,1
2018-04-18,1.1232158694379488,1.1292976186331614,1.022006982719106,1.02221138411565,0.009748563581289726,0.009748563581289504,2.220446049250313e-16,-0.007165885497724456,1
2018-04-19,1.1231388654993328,1.1292201977500786,1.0219369173246402,1.0221413047081052,-6.855666903504698e-05,-6.8556669035158e-05,1.1102230246251565e-16,-0.007233950897519104,1
2018-04-20,1.1225217933966378,1.128599784457265,1.0213754473392573,1.021579722428725,-0.0005494174599867119,-0.0005494174599863788,-3.3306690738754696e-16,-0.007779393898578069,1
2018-04-23,1.1188047924677578,1.124862657506288,1.01799337181179,1.0181969704861522,-0.0033112951131512025,-0.0033112951131514246,2.220446049250313e-16,-0.011064929142729607,1
2018-04-24,1.1194686912898815,1.125530151065841,1.0185974491316454,1.0188011686214717,0.0005934000520853022,0.0005934000520850802,2.220446049250313e-16,-0.010478095020173939,1
2018-04-25,1.1172730384455538,1.1233226096698272,1.0165996385597094,1.0168029584874212,-0.0019613347487170696,-0.0019613347487166255,-4.440892098500626e-16,-0.012418878717027515,1
2018-04-26,1.1153198439484913,1.1213588394327096,1.0148224392973757,1.015025403785235,-0.0017481801044622047,-0.0017481801044623158,1.1102230246251565e-16,-0.014145348384796863,1
2018-04-27,1.1145768600002213,1.1206118325337742,1.0141464029237441,1.0143492322043288,-0.0006661622244966692,-0.0006661622244967802,1.1102230246251565e-16,-0.014802087512547302,1
2018-04-28,1.1148179566264849,1.1210784502885716,1.0145686889498502,1.01477160268764,0.00021631224809715022,0.0004163955272025177,-0.0002000832791053675,-0.014588977137276582,0
2018-05-02,1.1148179566264849,1.1210784502885716,1.0116249955526229,1.0118273205517334,0.0,-0.0029014234613077283,0.0029014234613077283,-0.014588977137276582,0
2018-05-03,1.1148179566264849,1.1210784502885716,1.0128549272743976,1.0130574982598526,0.0,0.0012157980745650665,-0.0012157980745650665,-0.014588977137276582,0
2018-05-04,1.1148179566264849,1.1210784502885716,1.0145412308898567,1.0147441391360346,0.0,0.0016649014286744812,-0.0016649014286744812,-0.014588977137276582,0
2018-05-07,1.1148179566264849,1.1210784502885716,1.0137979696107242,1.0140007292046462,0.0,-0.0007326082533684053,0.0007326082533684053,-0.014588977137276582,0
2018-05-08,1.1148179566264849,1.1210784502885716,1.0114687686595567,1.0116710624132885,0.0,-0.002297500114408324,0.002297500114408324,-0.014588977137276582,0
2018-05-09,1.1148179566264849,1.1210784502885716,1.0106554419859581,1.0108575730743552,0.0,-0.0008041045841449268,0.0008041045841449268,-0.014588977137276582,0
2018-05-10,1.1148179566264849,1.1210784502885716,1.0114858115933458,1.0116881087556644,0.0,0.0008216149370907644,-0.0008216149370907644,-0.014588977137276582,0
2018-05-11,1.1148179566264849,1.1210784502885716,1.0123379582827972,1.0125404258744537,0.0,0.0008424702350584568,-0.0008424702350584568,-0.014588977137276582,0
2018-05-14,1.1148179566264849,1.1210784502885716,1.0120340259635596,1.0122364327687523,0.0,-0.0003002281172516108,0.0003002281172516108,-0.014588977137276582,0
2018-05-15,1.1148179566264849,1.1210784502885716,1.0111856665927277,1.0113879037260463,0.0,-0.0008382715887681469,0.0008382715887681469,-0.014588977137276582,0
2018-05-16,1.1148179566264849,1.1210784502885716,1.0110209182327674,1.0112231224164139,0.0,-0.0001629259248852044,0.0001629259248852044,-0.014588977137276582,0
2018-05-17,1.1148179566264849,1.1210784502885716,1.011236795394095,1.0114390427531739,0.0,0.00021352393153750704,-0.00021352393153750704,-0.014588977137276582,0
2018-05-18,1.1148179566264849,1.1210784502885716,1.0112926583437367,1.0114949168754055,0.0,5.5242204294980723e-05,-5.5242204294980723e-05,-0.014588977137276582,0
2018-05-21,1.1148179566264849,1.1210784502885716,1.012075686468377,1.0122781016056708,0.0,0.0007742843955012013,-0.0007742843955012013,-0.014588977137276582,0
2018-05-22,1.1148179566264849,1.1210784502885716,1.0132582767074048,1.0134609283627463,0.0,0.001168480040415032,-0.001168480040415032,-0.014588977137276582,0
2018-05-23,1.1148179566264849,1.1210784502885716,1.0143821635078258,1.0145850399405274,0.0,0.0011091809721734958,-0.0011091809721734958,-0.014588977137276582,0
2018-05-24,1.1148179566264849,1.1210784502885716,1.0145592206533005,1.0147621324974312,0.0,0.00017454678507200505,-0.00017454678507200505,-0.014588977137276582,0
2018-05-25,1.114595037618961,1.1210784502885716,1.0167047366514084,1.0169080775987387,-0.00019996000799837876,0.00211472721792072,-0.0023146872259190987,-0.014786019933289984,1
2018-05-28,1.1152033010761302,1.1216902519124035,1.0172595788292067,1.0174630307449726,0.0005457259691992178,0.0005457259691989957,2.220446049250313e-16,-0.014248363079149562,1
2018-05-29,1.1153154042388849,1.1218030071604816,1.0173618364319408,1.0175653087992271,0.00010052262457116434,0.00010052262457116434,0.0,-0.01414927273743083,1
2018-05-30,1.1160170869983497,1.1225087714910456,1.0180018932786845,1.0182054936573401,0.0006291339264192786,0.0006291339264195006,-2.220446049250313e-16,-0.013529040598524777,1
2018-05-31,1.1151918831614052,1.1216787675815805,1.0172491637030023,1.017452613535743,-0.0007394186402324143,-0.0007394186402324143,0.0,-0.014258455613954224,1
2018-06-01,1.114778762246809,1.1212632436118108,1.0168723255003338,1.0170756999654338,-0.00037044827964938243,-0.00037044827964938243,0.0,-0.014623621873250947,1
2018-06-04,1.1124079879529964,1.118878678920971,1.014709766568437,1.0149127085217506,-0.002126676946225925,-0.002126676946226036,1.1102230246251565e-16,-0.016719199099968773,1
2018-06-05,1.1119626892787207,1.1184307900188823,1.0143035766464652,1.0145064373617945,-0.0004003015791851361,-0.00040030157918502507,-1.1102230246251565e-16,-0.017112807957351484,1
2018-06-06,1.1118993717516092,1.1183671041843197,1.0142458200375133,1.0144486692015209,-5.694213279083815e-05,-5.694213279117122e-05,3.3306690738754696e-16,-0.017168775650359236,1
2018-06-07,1.1112859183332016,1.1177500824101136,1.0136862437114402,1.0138889809601825,-0.0005517166696850095,-0.0005517166696850095,0.0,-0.01771102002031988,1
2018-06-08,1.1128989582861721,1.1193725051463506,1.0151576169952266,1.0153606485186255,0.0014515075970638058,0.0014515075970638058,0.0,-0.016285220103367415,1
2018-06-11,1.1118267122942684,1.1182940220790838,1.0141795419616673,1.0143823778700596,-0.00096347110752526,-0.000963471107525482,2.220446049250313e-16,-0.01723300087184343,1
2018-06-12,1.109967668178586,1.1164241642151196,1.0124837700496587,1.0126862668036687,-0.0016720628269906168,-0.0016720628269907278,1.1102230246251565e-16,-0.018876249038678794,1
2018-06-13,1.1110419901549853,1.117504735342536,1.013463738742528,1.0136664314902766,0.000967885828748738,0.00096788582874896,-2.220446049250313e-16,-0.017926633263874447,1
2018-06-14,1.1132487616736568,1.1197243432815578,1.0154766985889434,1.0156797939286613,0.0019862179271583624,0.0019862179271583624,0.0,-0.015976021537078444,1
2018-06-15,1.1154243934248964,1.1219126303183355,1.0174612535457104,1.0176647457964194,0.0019543087099138656,0.0019543087099138656,0.0,-0.014052934905204317,1
2018-06-19,1.118101375431789,1.1246051838812408,1.0199031272258159,1.0201071078512611,0.0023999672435646158,0.0023999672435641717,4.440892098500626e-16,-0.01168669424508817,1
2018-06-20,1.1160627586572496,1.1225547088143366,1.018043553783502,1.0182471624942586,-0.00182328438130408,-0.001823284381303969,-1.1102230246251565e-16,-0.013488670459306129,1
2018-06-21,1.1176944824706794,1.1241959240919197,1.0195319700010772,1.0197358763950775,0.0014620358942833978,0.0014620358942833978,0.0,-0.01204635548540045,1
2018-06-22,1.1183629494782168,1.1248682794600902,1.0201417282988625,1.0203457566445222,0.0005980766819746464,0.0005980766819746464,0.0,-0.011455483447744386,1
2018-06-25,1.1177204322768726,1.1242220248437897,1.0195556407424509,1.0197595518705993,-0.0005745158149632612,-0.0005745158149632612,0.0,-0.012023417906298905,1
2018-06-26,1.117813851579168,1.1243159875505215,1.019640855411396,1.0198447835824782,8.358020449272807e-05,8.358020449295012e-05,-2.220446049250313e-16,-0.011940842621533498,1
2018-06-27,1.1191642794934633,1.1256742706778344,1.0208726807924808,1.0210768553286393,0.0012080973163710595,0.0012080973163710595,0.0,-0.010747171005088596,1
2018-06-28,1.121255833872637,1.1277779912785535,1.0227805425471972,1.0229850986557065,0.0018688537665985105,0.0018688537665982885,2.220446049250313e-16,-0.008898402129503324,1
2018-06-29,1.1250548854993245,1.131599141352316,1.0262459390842997,1.0264511882721166,0.003388211246639461,0.003388211246639683,-2.220446049250313e-16,-0.005540340549036071,1
2018-07-02,1.1253693971503862,1.13191548246498,1.0265328284697484,1.0267381350354423,0.0002795522735070666,0.0002795522735072886,-2.220446049250313e-16,-0.00526233709032542,1
2018-07-03,1.1241020086159093,1.1306407217436512,1.0253767494610593,1.0255818248109514,-0.0011261977957515157,-0.0011261977957514047,-1.1102230246251565e-16,-0.006382608453645355,1
2018-07-04,1.123410705778922,1.1299453977138354,1.0247461609108652,1.0249511101430473,-0.0006149822984823361,-0.0006149822984824471,1.1102230246251565e-16,-0.0069936655609105225,1
2018-07-05,1.1235549867013561,1.1300905178942322,1.0248777702329026,1.0250827457869491,0.0001284311442750763,0.0001284311442750763,0.0,-0.006866132621106025,1
2018-07-06,1.1227017570737232,1.1292323251727479,1.024099476256537,1.0243042961517883,-0.0007594017540146769,-0.0007594017540147879,1.1102230246251565e-16,-0.007620320221964905,1
2018-07-09,1.1210357795161183,1.1275566569026962,1.0225798146603486,1.0227843306232807,-0.0014839003743498669,-0.0014839003743496448,-2.220446049250313e-16,-0.00909291280028468,1
2018-07-10,1.1207659015317089,1.1272852090832486,1.0223336389500626,1.0225381056778526,-0.0002407398491116597,-0.0002407398491117707,1.1102230246251565e-16,-0.009331463622940794,1
2018-07-11,1.1231013840890987,1.1296342767515453,1.0244640056736911,1.0246688984748258,0.002083827277576944,0.002083827277576944,0.0,-0.007267081503801176,1
2018-07-12,1.1225761600117479,1.1291059975336972,1.0239849098682885,1.0241897068502621,-0.0004676550886604236,-0.0004676550886603126,-1.1102230246251565e-16,-0.007731338104816632,1
2018-07-13,1.1243532027398597,1.1308933770217522,1.025605882237556,1.0258110034140036,0.0015830041572353348,0.0015830041572351128,2.220446049250313e-16,-0.006160572687942234,1
2018-07-16,1.1251472668093723,1.1316920600289733,1.0263302069235898,1.0265354729649745,0.000706240768094446,0.0007062407680946681,-2.220446049250313e-16,-0.005458682767434664,1
2018-07-17,1.1254171447937817,1.1319635078484207,1.0265763826338759,1.0267816979104025,0.0002398601430857461,0.00023986014308596815,-2.220446049250313e-16,-0.00522013194477855,1
2018-07-18,1.1262454626074694,1.13279664384811,1.0273319526985227,1.0275374190890625,0.0007360095921049581,0.0007360095921049581,0.0,-0.0044879644198569935,1
2018-07-19,1.1277536653434193,1.1343136195467922,1.0287076961871593,1.0289134377263967,0.001339142119567871,0.001339142119567871,0.0,-0.003154832322474821,1
2018-07-20,1.1237376733369566,1.1302742671873969,1.0250444122521731,1.0252494211346235,-0.003561054270871944,-0.003561054270871944,0.0,-0.006704652064230987,1
2018-07-23,1.1234065538099312,1.129941221593536,1.0247423735922454,1.0249473220669638,-0.0002946590960524187,-0.00029465909605230767,-1.1102230246251565e-16,-0.006997335573566743,1
2018-07-24,1.1205873668650996,1.1271056359103833,1.0221707842494119,1.0223752184062618,-0.0025094983959907946,-0.0025094983959907946,0.0,-0.00948927416715939,1
2018-07-25,1.1201835878807331,1.1266995082112867,1.021802467513638,1.0220068280071406,-0.0003603279818298333,-0.0003603279818298333,0.0,-0.00984618289797956,1
2018-07-26,1.121852679415081,1.1283783085715626,1.023324969598791,1.0235296345927107,0.0014900160584441213,0.0014900160584438993,2.220446049250313e-16,-0.008370837810167786,1
2018-07-27,1.1229290773759757,1.1294609677591287,1.0243068319509703,1.0245116933173604,0.0009594824531291568,0.0009594824531296009,-4.440892098500626e-16,-0.00741938702903544,1
2018-07-30,1.1227495047171185,1.1292803505561886,1.0241430304206645,1.0243478590267485,-0.00015991451506158771,-0.00015991451506169874,1.1102230246251565e-16,-0.007578115076418257,1
2018-07-31,1.1255645396929592,1.1321117601190422,1.0267108324448782,1.026916174611367,0.0025072689535943216,0.0025072689535943216,0.0,-0.00508984649548172,1
2018-08-01,1.1261914870105876,1.1327423542842205,1.0272827175564656,1.0274881740999768,0.0005570069911755571,0.0005570069911755571,0.0,-0.004535674584388083,1
2018-08-02,1.1265132646073834,1.133066003607408,1.0275762347494988,1.0277817499964486,0.00028572192252140916,0.00028572192252140916,0.0,-0.00425124860352899,1
2018-08-03,1.1280588350642518,1.134620564388783,1.0289860641057136,1.0291918613185347,0.0013719949027026779,0.0013719949027026779,0.0,-0.002885086392240388,1
2018-08-06,1.1278657685061741,1.1344263747948704,1.0288099537898934,1.0290157157806514,-0.00017114936923179336,-0.0001711493692320154,2.220446049250313e-16,-0.003055741980755977,1
2018-08-07,1.1266243297778904,1.1331777148254114,1.0276775455225782,1.0278830810316826,-0.0011006972309550722,-0.0011006972309547391,-3.3306690738754696e-16,-0.004153075764974368,1
2018-08-08,1.1238155227555362,1.1303525694430065,1.025115424476294,1.0253204475611892,-0.0024931176685203393,-0.0024931176685206724,3.3306690738754696e-16,-0.006635839326926352,1
2018-08-09,1.1220550879033881,1.1285818944361483,1.0235096013815057,1.023714303301782,-0.001566480277680804,-0.001566480277680471,-3.3306690738754696e-16,-0.008191924693175645,1
2018-08-10,1.1212537578881414,1.1277759032184038,1.0227786488878872,1.0229832046176648,-0.0007141628106193121,-0.0007141628106194231,1.1102230246251565e-16,-0.008900237135831657,1
2018-08-13,1.1190127326252948,1.1255218422869138,1.0207344436628587,1.0209385905515913,-0.0019986780397218684,-0.0019986780397217574,-1.1102230246251565e-16,-0.010881126467041757,1
2018-08-14,1.1205510371364291,1.1270690948577653,1.0221376452114888,1.022342072740531,0.0013746979514033253,0.0013746979514033253,0.0,-0.009521386777901597,1
2018-08-15,1.1192950665166772,1.1258058184672592,1.020991981329004,1.0211961797252698,-0.0011208508832953878,-0.0011208508832953878,0.0,-0.01063156560641676,1
2018-08-16,1.117443288346729,1.1239432688138187,1.0193028372245805,1.0195066977920253,-0.0016544146627136547,-0.0016544146627134326,-2.220446049250313e-16,-0.012268391251103572,1
2018-08-17,1.1152925684094348,1.1217800384988361,1.017341006179532,1.017544474380768,-0.0019246792743067287,-0.0019246792743069507,2.220446049250313e-16,-0.014169457807040264,1
2018-08-20,1.1150154244792911,1.1215012824688648,1.0170882026616614,1.0172916203021938,-0.0002484943753717772,-0.0002484943753716662,-1.1102230246251565e-16,-0.01441443115184482,1
2018-08-21,1.1145099222546473,1.120992839822438,1.0166270966197029,1.0168304220390267,-0.00045335895230325107,-0.00045335895230314005,-1.1102230246251565e-16,-0.014861255192743061,1
2018-08-22,1.116126076184361,1.1226183946488992,1.0181013103924537,1.0183049306545322,0.0014501027738220706,0.0014501027738220706,0.0,-0.013432702766298377,1
2018-08-23,1.116393878184275,1.1228877544081972,1.01834559244343,1.0185492615619185,0.00023993884349482464,0.00023993884349504668,-2.220446049250313e-16,-0.013195986949970373,1
2018-08-24,1.115934047618531,1.1224252490850615,1.0179261469062888,1.01812973213567,-0.0004118891860028784,-0.0004118891860028784,0.0,-0.013602440851649966,1
2018-08-27,1.1152603906497554,1.1217476735665173,1.0173116544602288,1.0175151167911207,-0.000603670951893065,-0.000603670951893398,3.3306690738754696e-16,-0.01419790040512603,1
2018-08-28,1.1156309538821945,1.1221203923032204,1.0176496726470445,1.0178532025815739,0.00033226611071812684,0.00033226611071812684,0.0,-0.013870351775555956,1
2018-08-29,1.1155915101767806,1.1220807191603779,1.0176136931201565,1.0178172158587806,-3.535551364597378e-05,-3.535551364597378e-05,0.0,-0.013905216895790384,1
2018-08-30,1.1178076236256818,1.124309723370073,1.0196351744334664,1.019839101468353,0.0019864918553835764,0.0019864918553835764,0.0,-0.011946347640517718,1
2018-08-31,1.1177287362148542,1.1242303770843882,1.0195632153796903,1.0197671280227663,-7.057333405158239e-05,-7.057333405169341e-05,1.1102230246251565e-16,-0.012016077880986575,1
2018-09-03,1.116590058719096,1.1230850760923343,1.0185245432482146,1.0187282481568642,-0.0010187422572800475,-0.0010187422572801585,1.1102230246251565e-16,-0.013022578851962452,1
2018-09-04,1.1154285453938872,1.1219168064386347,1.01746504086433,1.017668533872503,-0.0010402325510054933,-0.0010402325510053823,-1.1102230246251565e-16,-0.014049264892548097,1
2018-09-05,1.1151866932001664,1.1216735474312065,1.0172444295547276,1.0174478784406384,-0.00021682446152160306,-0.00021682446152149204,-1.1102230246251565e-16,-0.014263043129774666,1
2018-09-06,1.1148576496576363,1.1213425898974954,1.0169442845541097,1.0171476734110205,-0.00029505691247611043,-0.00029505691247611043,0.0,-0.014553891632782312,1
2018-09-07,1.114224474386522,1.1207057315518685,1.0163667184645926,1.0165699918082856,-0.0005679427066844767,-0.0005679427066845877,1.1102230246251565e-16,-0.015113568562860058,1
2018-09-10,1.112252289115837,1.1187220744097512,1.014567742120195,1.0147706556686191,-0.001770007135923568,-0.001770007135923568,0.0,-0.016856824574578155,1
2018-09-11,1.1108945952558078,1.1173564830719147,1.0133292889315257,1.013531954789312,-0.0012206707716543308,-0.0012206707716542198,-1.1102230246251565e-16,-0.018056918713171277,1
2018-09-12,1.1115879740772907,1.1180538951618801,1.0139617711410296,1.0141645634952579,0.0006241625663172545,0.0006241625663172545,0.0,-0.017444026599577778,1
2018-09-13,1.1121235780771188,1.118592614680476,1.014450335242982,1.0146532253100304,0.00048183680672941875,0.00048183680672941875,0.0,-0.01697059496692166,1
2018-09-14,1.1129550098675496,1.1194288827703898,1.0152087457965937,1.015411787545753,0.0007476073763927893,0.0007476073763927893,0.0,-0.016235674932507993,1
2018-09-17,1.1131979000535182,1.1196731858078925,1.015430303935851,1.015633389996638,0.00021823899781669986,0.00021823899781647782,2.220446049250313e-16,-0.016020979192117424,1
2018-09-18,1.1128595145807585,1.1193328320035083,1.0151216374683385,1.0153246617958323,-0.00030397602505660704,-0.00030397602505660704,0.0,-0.016320085223601732,1
2018-09-19,1.110970368689892,1.117432697267375,1.0133984074963367,1.013601087177836,-0.0016975600838333715,-0.0016975600838333715,0.0,-0.017989940982194752,1
2018-09-20,1.1093988484268307,1.1158520357341302,1.0119649073987484,1.0121673003802283,-0.0014145474149004356,-0.0014145474149005466,1.1102230246251565e-16,-0.019379040772584677,1
2018-09-21,1.1107233265349326,1.117184218109573,1.0131730620384596,1.0133756966508674,0.0011938700945832714,0.0011938700945832714,0.0,-0.018208306735241542,1
2018-09-25,1.1110139643642964,1.1174765465305165,1.0134381743418444,1.0136408619767128,0.00026166536924243644,0.00026166536924243644,0.0,-0.017951405849304325,1
2018-09-26,1.1122688969918006,1.118738778890948,1.0145828913946744,1.0147858079729533,0.0011295381226124057,0.0011295381226126278,-2.220446049250313e-16,-0.016842144523953162,1
2018-09-27,1.1143282736112947,1.1208101345593482,1.0164614014300872,1.0166646937103732,0.0018515096709652568,0.0018515096709650347,2.220446049250313e-16,-0.015021818246453877,1
2018-09-28,1.1147237486576795,1.1212079100178465,1.0168221435286218,1.0170255079573274,0.0003548999480227355,0.00035489994802251346,2.220446049250313e-16,-0.014672249540946147,1
2018-09-29,1.1150787420064028,1.1215649683034277,1.0171459592706134,1.0173493884624674,0.00031845858595080934,0.00031845858595080934,0.0,-0.014358463458836956,1
2018-09-30,1.1149749427816298,1.1214605652959477,1.0170512763051185,1.0172546865603795,-9.308690127673991e-05,-9.308690127696195e-05,2.220446049250313e-16,-0.014450213775243248,1
2018-10-08,1.1148950173785548,1.1213801749801882,1.0169783704216877,1.017181766095772,-7.168358678588671e-05,-7.168358678599773e-05,1.1102230246251565e-16,-0.014520861518875883,1
2018-10-09,1.114836889812682,1.1213217092959995,1.0169253479610108,1.017128733030603,-5.2137255048045894e-05,-5.213725504793487e-05,-1.1102230246251565e-16,-0.014572241696063415,1
2018-10-10,1.1152427447815438,1.1217299250552457,1.0172955583560945,1.0174990174677658,0.00036404874342665927,0.0003640487434264372,2.220446049250313e-16,-0.014213497958915244,1
2018-10-11,1.1182394284007369,1.124744039881189,1.0200290555699238,1.0202330613810378,0.0026870236396652203,0.0026870236396652203,0.0,-0.011564666324268003,1
2018-10-12,1.117971626400823,1.124474680121891,1.0197847735189478,1.0199887304736517,-0.00023948538489371174,-0.00023948538489382276,1.1102230246251565e-16,-0.011801382140595895,1
2018-10-15,1.118017298059723,1.124520617445182,1.0198264340237655,1.0200303993105702,4.0852252258805066e-05,4.085225225902711e-05,-2.220446049250313e-16,-0.011761012001377247,1
2018-10-16,1.1184225920975743,1.12515329967051,1.0204002127946628,1.0206042928372216,0.0003625114195950907,0.0005626239443836667,-0.000200112524788576,-0.011402764082938721,0
2018-10-17,1.1184225920975743,1.12515329967051,1.0201682395292009,1.0203722731771068,0.0,-0.00022733557142895489,0.00022733557142895489,-0.011402764082938721,0
2018-10-18,1.1184225920975743,1.12515329967051,1.0224482053383113,1.0226526949793788,0.0,0.002234891972487274,-0.002234891972487274,-0.011402764082938721,0
2018-10-19,1.1184225920975743,1.12515329967051,1.0217712221350246,1.0219755763794516,0.0,-0.000662119802012584,0.000662119802012584,-0.011402764082938721,0
2018-10-22,1.1184225920975743,1.12515329967051,1.0205753762808278,1.020779491356084,0.0,-0.001170365565491216,0.001170365565491216,-0.011402764082938721,0
2018-10-23,1.1184225920975743,1.12515329967051,1.0213489361089187,1.0215532058961405,0.0,0.0007579644248423278,-0.0007579644248423278,-0.011402764082938721,0
2018-10-24,1.1184225920975743,1.12515329967051,1.0229746426264612,1.0231792375549864,0.0,0.0015917248846766263,-0.0015917248846766263,-0.011402764082938721,0
2018-10-25,1.1184225920975743,1.12515329967051,1.0233173949615515,1.0235220584405438,0.0,0.0003350545759475132,-0.0003350545759475132,-0.011402764082938721,0
2018-10-26,1.1184225920975743,1.12515329967051,1.0236762434007762,1.0238809786494563,0.0,0.0003506716889516426,-0.0003506716889516426,-0.011402764082938721,0
2018-10-29,1.1184225920975743,1.12515329967051,1.025902239919554,1.026107420367538,0.0,0.0021745122377587744,-0.0021745122377587744,-0.011402764082938721,0
2018-10-30,1.1184225920975743,1.12515329967051,1.0256645856761626,1.025869718593298,0.0,-0.00023165388878587656,0.00023165388878587656,-0.011402764082938721,0
2018-10-31,1.1181989523071127,1.12515329967051,1.0259969228850487,1.0262021222696258,-0.00019996000799848979,0.00032402133555886614,-0.0005239813435573559,-0.011600443994140064,1
2018-11-01,1.1190224222765033,1.1259818909970603,1.0267524929496958,1.0269578434482858,0.0007364252735986287,0.0007364252735988508,-2.220446049250313e-16,-0.010872561580683615,1
2018-11-02,1.1159297662636423,1.1228700010150163,1.0239148444738226,1.0241196274427173,-0.0027637122825201477,-0.0027637122825201477,0.0,-0.013606225231220792,1
2018-11-05,1.1168853216416565,1.1238314992210132,1.0247916087343023,1.0249965670560492,0.0008562863066317039,0.0008562863066314819,2.220446049250313e-16,-0.012761589748939484,1
2018-11-06,1.118586953194946,1.1255437136288846,1.0263529308353085,1.0265582014214756,0.0015235508250643903,0.0015235508250643903,0.0,-0.011257481854466289,1
2018-11-07,1.1203928083909775,1.127360799871319,1.028009882731464,1.0282154847080103,0.0016144075262756186,0.0016144075262756186,0.0,-0.00966124849162342,1
2018-11-08,1.120429957412153,1.1273981799311636,1.0280439685990421,1.028249577392762,3.3157139975648064e-05,3.3157139975648064e-05,0.0,-0.00962841169101647,1
2018-11-09,1.1206765856360683,1.1276463419951304,1.0282702608865741,1.0284759149387515,0.00022011926964626838,0.00022011926964604633,2.220446049250313e-16,-0.009410411820319542,1
2018-11-12,1.1205702981588161,1.1275393934905757,1.0281727374321148,1.0283783719796011,-9.484223960276594e-05,-9.484223960276594e-05,0.0,-0.009504361555389695,1
2018-11-13,1.1210067991576282,1.127978609193747,1.028573246376157,1.028778961025432,0.00038953468562330507,0.0003895346856235271,-2.220446049250313e-16,-0.009118529148256949,1
2018-11-14,1.1252820323445765,1.1322804310808368,1.0324959616365985,1.032702460828926,0.0038137442075827366,0.0038137442075825145,2.220446049250313e-16,-0.005339560678395139,1
2018-11-15,1.1266348758657179,1.1336416882601692,1.0337372553142328,1.0339440027652955,0.001202226181753474,0.001202226181753474,0.0,-0.00414375385628829,1
2018-11-16,1.1297048296989716,1.1367307348723081,1.036554073537697,1.0367613843524046,0.0027248879819157246,0.0027248879819157246,0.0,-0.0014301571394554902,1
2018-11-19,1.129082583594282,1.1361046188699149,1.0359831352557647,1.0361903318828158,-0.0005508041466507629,-0.0005508041466507629,0.0,-0.001980173549623543,1
2018-11-20,1.128212677348422,1.1352293024685594,1.0351849578566454,1.0353919948482166,-0.0007704540469402055,-0.0007704540469398724,-3.3306690738754696e-16,-0.002749101963838707,1
2018-11-21,1.128594486732726,1.1356134864169598,1.0355352848289754,1.0357423918859412,0.0003384196898064129,0.00033841968980619086,2.220446049250313e-16,-0.002411612624266146,1
2018-11-22,1.1279289001033312,1.134943760344748,1.034924579701535,1.0351315646174752,-0.0005897482552139621,-0.0005897482552139621,0.0,-0.002999938635142696,1
2018-11-23,1.1278638893162742,1.1348783452400204,1.0348649294332735,1.0350719024191601,-5.763730945362866e-05,-5.763730945373968e-05,1.1102230246251565e-16,-0.003057403036204942,1
2018-11-26,1.1268288763096344,1.1338368952393565,1.0339152592893623,1.0341220423412203,-0.000917675453965705,-0.0009176754539659271,2.220446049250313e-16,-0.003972272786451514,1
2018-11-27,1.1272880794880538,1.1342989543124327,1.0343365984858135,1.0345434658055106,0.0004075181139511219,0.00040751811395134396,-2.220446049250313e-16,-0.0035663734456143903,1
2018-11-28,1.1283602415158693,1.1353777843729411,1.0353203544973024,1.035527418568202,0.0009510985233716074,0.0009510985233713853,2.220446049250313e-16,-0.002618666894760646,1
2018-11-29,1.1296542657534827,1.13667985645752,1.036507678884605,1.036714980420382,0.00114681835640984,0.001146818356410284,-4.440892098500626e-16,-0.0014748516736150519,1
2018-11-30,1.1289040619091886,1.135924986915663,1.035819333725459,1.0360264975922042,-0.0006641003951716185,-0.0006641003951718405,2.220446049250313e-16,-0.00213797261920734,1
2018-12-03,1.1287379232311534,1.135757814981359,1.0356668941510128,1.035874027529843,-0.0001471681107729772,-0.00014716811077286618,-1.1102230246251565e-16,-0.0022848260885891536,1
2018-12-04,1.132547761736153,1.1395913477853983,1.0391625892370737,1.0393704217549211,0.003375308321433401,0.003375308321433401,0.0,0.0,1
2018-12-05,1.1337695517659252,1.1408207364202798,1.0402836355485297,1.0404916922756393,0.0010787977964825668,0.0010787977964823448,2.220446049250313e-16,0.0,1
2018-12-06,1.1352059805847114,1.142266098734262,1.0416016224282145,1.0418099427527001,0.0012669495459187718,0.0012669495459187718,0.0,0.0,1
2018-12-07,1.135458800312156,1.142520490808203,1.0418335956936764,1.0420419624128152,0.00022270824129577704,0.00022270824129577704,0.0,0.0,1
2018-12-10,1.1368287969810582,1.144127833381511,1.0432992879995329,1.0435079478571327,0.0012065577971878128,0.0014068391650210454,-0.0002002813678332327,0.0,0
2018-12-11,1.1368287969810582,1.144127833381511,1.0433097031257372,1.0435183650663624,0.0,9.982874831893085e-06,-9.982874831893085e-06,0.0,0
2018-12-12,1.1368287969810582,1.144127833381511,1.043422375854676,1.0436310603298469,0.0,0.00010799547689543942,-0.00010799547689543942,0.0,0
2018-12-13,1.1368287969810582,1.144127833381511,1.0403035189712835,1.0405115796750777,0.0,-0.002989064597007318,0.002989064597007318,0.0,0
2018-12-14,1.1368287969810582,1.144127833381511,1.0399067973458611,1.0401147787053302,0.0,-0.00038135180568710236,0.00038135180568710236,0.0,0
2018-12-17,1.1368287969810582,1.144127833381511,1.0361270533633167,1.0363342787739893,0.0,-0.0036346949478467394,0.0036346949478467394,0.0,0
2018-12-18,1.1368287969810582,1.144127833381511,1.036595734042515,1.0368030531893233,0.0,0.0004523390038673192,-0.0004523390038673192,0.0,0
2018-12-19,1.1368287969810582,1.144127833381511,1.0378616452911777,1.038069217620236,0.0,0.0012212198131724694,-0.0012212198131724694,0.0,0
2018-12-20,1.1368287969810582,1.144127833381511,1.0397250060521115,1.039932951053322,0.0,0.0017953845480154218,-0.0017953845480154218,0.0,0
2018-12-21,1.1368287969810582,1.144127833381511,1.0404398624415958,1.0406479504140842,0.0,0.0006875437113882388,-0.0006875437113882388,0.0,0
2018-12-24,1.1368287969810582,1.144127833381511,1.0396719835914345,1.0398799179881528,0.0,-0.0007380329011609232,0.0007380329011609232,0.0,0
2018-12-25,1.1368287969810582,1.144127833381511,1.0401274086554635,1.0403354341371946,0.0,0.00043804687556914246,-0.00043804687556914246,0.0,0
2018-12-26,1.1368287969810582,1.144127833381511,1.0410117475531833,1.041219949902694,0.0,0.0008502217039574322,-0.0008502217039574322,0.0,0
2018-12-27,1.1368287969810582,1.144127833381511,1.0432367972423064,1.043445444601755,0.0,0.002137391527379906,-0.002137391527379906,0.0,0
2018-12-28,1.1368287969810582,1.144127833381511,1.0464512839208484,1.0466605741776325,0.0,0.0030812627459453346,-0.0030812627459453346,0.0,0
2018-12-29,1.1368287969810582,1.144127833381511,1.04685936750213,1.0470687393756304,0.0,0.00038996901963050945,-0.00038996901963050945,0.0,0
2018-12-30,1.1368287969810582,1.144127833381511,1.0468300157828265,1.047039381785983,0.0,-2.803788189198464e-05,2.803788189198464e-05,0.0,0
2018-12-31,1.1368287969810582,1.144127833381511,1.0468347499311013,1.0470441168810876,0.0,4.522365812276163e-06,-4.522365812276163e-06,0.0,0
2019-01-02,1.1368287969810582,1.144127833381511,1.0511503994983455,1.0513606295782452,0.0,0.004122570030779205,-0.004122570030779205,0.0,0
2019-01-03,1.1368287969810582,1.144127833381511,1.0518605217395551,1.052070893843903,0.0,0.0006755667329323423,-0.0006755667329323423,0.0,0
2019-01-04,1.136601476685721,1.144127833381511,1.0519012354147177,1.0521116156618007,-0.00019996000799837876,3.870634396974104e-05,-0.0002386663519681198,-0.00019996000799837876,1
2019-01-07,1.1356275146004435,1.1431474219063529,1.050999853583209,1.0512100535539257,-0.0008569072847921522,-0.0008569072847920411,-1.1102230246251565e-16,-0.0010566959456030922,1
2019-01-08,1.138636361756747,1.1461761930706802,1.0537844795984053,1.053995236494325,0.0026495018107781654,0.0026495018107781654,0.0,0.0,1
2019-01-09,1.1384031019296008,1.145941388641756,1.0535686024370776,1.053779316157565,-0.00020485893036670255,-0.00020485893036681357,1.1102230246251565e-16,-0.00020485893036670255,1
2019-01-10,1.1380573044665505,1.1455933013743154,1.053248574013706,1.0534592237285088,-0.00030375660648163105,-0.000303756606481298,-3.3306690738754696e-16,-0.0005085533095948724,1
2019-01-11,1.1384194710402777,1.14595786614554,1.053583751711557,1.0537944684618992,0.00031823228259764136,0.0003182322825974193,2.220446049250313e-16,-0.00019048286507783452,1
2019-01-14,1.13688691305315,1.1444151598537473,1.0521654008884476,1.0523758339686253,-0.0013462155436670953,-0.0013462155436673173,2.220446049250313e-16,-0.0015364419777511573,1
2019-01-15,1.1367549370983172,1.1442823099794874,1.0520432598629597,1.0522536685149322,-0.00011608538485008424,-0.00011608538484997322,-1.1102230246251565e-16,-0.0016523490041430167,1
2019-01-16,1.1402118886594017,1.1477621528099065,1.0552425972670225,1.0554536457864758,0.003041070197512097,0.003041070197512319,-2.220446049250313e-16,0.0,1
2019-01-17,1.1411797123281753,1.1487363852211454,1.0561382981206013,1.0563495257802253,0.0008488103644590517,0.0008488103644588296,2.220446049250313e-16,0.0,1
2019-01-18,1.1407623000059135,1.148316208874649,1.0557519916213833,1.0559631420197075,-0.0003657726454058263,-0.0003657726454058263,0.0,-0.0003657726454058263,1
2019-01-21,1.1397044462284167,1.1472513501925972,1.054772969758169,1.0549839243521206,-0.000927321824617855,-0.000927321824617966,1.1102230246251565e-16,-0.0012927552810668708,1
2019-01-22,1.1398415375303361,1.1473893492867895,1.0548998449319318,1.0551108249009182,0.00012028671325547968,0.00012028671325547968,0.0,-0.0011726240690952405,1
2019-01-23,1.1393913869867205,1.146936217932725,1.0544832398837556,1.0546941365317324,-0.0003949237931712979,-0.00039492379317118687,-1.1102230246251565e-16,-0.0015670847651211295,1
2019-01-24,1.138307956473791,1.1458456131510104,1.0534805472791675,1.0536912433886234,-0.0009508852930639744,-0.0009508852930640854,1.1102230246251565e-16,-0.0025164799403289972,1
2019-01-25,1.138497224315993,1.1460361342885148,1.0536557107653326,1.0538664419074857,0.0001662712108139175,0.0001662712108139175,0.0,-0.0023506271476817497,1
2019-01-28,1.137766752752035,1.1453008256821464,1.0529796743917013,1.0531902703265796,-0.0006416103160873377,-0.0006416103160873377,0.0,-0.002990729277141946,1
2019-01-29,1.1382475953781699,1.1457848523558063,1.0534246843295259,1.0536353692663918,0.0004226196845458219,0.0004226196845458219,0.0,-0.0025693735336597134,1
2019-01-30,1.1397146769225899,1.1472616486324623,1.0547824380547184,1.0549933945423293,0.0012888949209091116,0.0012888949209091116,0.0,-0.0012837902652479416,1
2019-01-31,1.140338749267148,1.1478898534642337,1.0553600041442357,1.0555710761450645,0.000547568928605191,0.0005475689286054131,-2.220446049250313e-16,-0.0007369243003029213,1
2019-02-01,1.140335680058896,1.147886763932274,1.0553571636552708,1.0555682350880018,-2.6914881687822856e-06,-2.6914881687822856e-06,0.0,-0.0007396138050486112,1
2019-02-02,1.140578147510798,1.148130836957077,1.055581562283493,1.0557926785959497,0.0002126281376106931,0.0002126281376106931,0.0,-0.0005271429301438868,1
2019-02-03,1.1409965829024769,1.1485520431475598,1.0559688156123659,1.0561800093754883,0.0003668625359798394,0.0003668625359798394,0.0,-0.00016047378315620087,1
2019-02-11,1.1422314276891679,1.149795064839278,1.0571116390058857,1.0573230613336868,0.0010822510822510178,0.0010822510822510178,0.0,0.0,1
2019-02-12,1.1421373053027757,1.149700319192519,1.0570245306776307,1.0572359355837662,-8.240220336308557e-05,-8.240220336319659e-05,1.1102230246251565e-16,-8.240220336308557e-05,1
2019-02-13,1.1418375459635042,1.1493985749044715,1.0567471095887313,1.056958459010649,-0.0002624547310378089,-0.0002624547310378089,0.0,-0.00034483530755280434,1
2019-02-14,1.1413198728383465,1.1488774738472973,1.056268013783329,1.0564792673860854,-0.00045336845594867725,-0.00045336845594856623,-1.1102230246251565e-16,-0.0007980474260506076,1
2019-02-15,1.1414395719601713,1.148997965593719,1.0563787928529575,1.0565900686115282,0.00010487780391232882,0.00010487780391255086,-2.220446049250313e-16,-0.0006932533195995738,1
2019-02-18,1.1390384280377492,1.146580921757379,1.054156583652799,1.0543674149695297,-0.0021036101966385168,-0.00210361019663885,3.3306690738754696e-16,-0.0027954051814861325,1
2019-02-19,1.1386793306722738,1.1462194465181137,1.053824246443913,1.0540350112932018,-0.0003152636088793459,-0.0003152636088792349,-1.1102230246251565e-16,-0.003109787500839678,1
2019-02-20,1.1391427811183146,1.146685965844003,1.0542531602776037,1.0544640109096592,0.0004070069891997097,0.0004070069891997097,0.0,-0.002704046216887801,1
2019-02-21,1.1382885181548623,1.1458260461152667,1.0534625575157237,1.0536732500272268,-0.0007499173743730214,-0.0007499173743732435,2.220446049250313e-16,-0.0034519357800216754,1
2019-02-22,1.1373974246923868,1.144929052003016,1.0526378688862656,1.0528483964600428,-0.000782836203882642,-0.000782836203882642,0.0,-0.004232069683602235,1
2019-02-25,1.13447349229772,1.1419857578895691,1.04993182973243,1.0501418160983764,-0.002570721834944889,-0.002570721834944778,-1.1102230246251565e-16,-0.006791912044604498,1
2019-02-26,1.1327291589412094,1.1402298738925687,1.0483174851707469,1.048527148667781,-0.0015375708364746554,-0.0015375708364747664,1.1102230246251565e-16,-0.008319039835195552,1
2019-02-27,1.1345522686428526,1.1420650558765304,1.0500047356158608,1.050214736562984,0.0016094842154035227,0.0016094842154037448,-2.220446049250313e-16,-0.006722944983094004,1
2019-02-28,1.1341195102793313,1.1416294318702367,1.0496042266718186,1.049814147517153,-0.00038143536924828414,-0.00038143536924839516,1.1102230246251565e-16,-0.007101815983340254,1
2019-03-01,1.1324989683223152,1.139998158995604,1.0481044484983841,1.0483140693880837,-0.0014288987556673183,-0.0014288987556673183,0.0,-0.008520566962985976,1
2019-03-04,1.131638566942359,1.1391320602029487,1.0473081647585742,1.047517626391526,-0.0007597370099425849,-0.0007597370099428069,2.220446049250313e-16,-0.009273830582861131,1
2019-03-05,1.1309602719186835,1.1384492736398921,1.0466804166973451,1.0468897527806846,-0.0005993919290928629,-0.0005993919290926408,-2.220446049250313e-16,-0.00986766385275073,1
2019-03-06,1.1312907233404743,1.1387819132475352,1.046986242675893,1.047195639924428,0.0002921865869172091,0.0002921865869172091,0.0,-0.009578360464855606,1
2019-03-07,1.1341266717652525,1.1416366407781422,1.0496108544794034,1.0498207766502992,0.002506825492570197,0.002506825492570419,-2.220446049250313e-16,-0.007095546250475704,1
2019-03-08,1.1349287581884222,1.1424440384635663,1.050353168928881,1.0505632395626667,0.000707228251603631,0.000707228251603631,0.0,-0.006393336169640884,1
2019-03-11,1.1348377050102818,1.142352382348767,1.0502689010895907,1.0504789548698086,-8.022810020757998e-05,-8.0228100207691e-05,1.1102230246251565e-16,-0.006473051344633496,1
2019-03-12,1.134550222504018,1.1420629961885573,1.0500028419565508,1.0502128425249422,-0.0002533247749828549,-0.00025332477498274386,-1.1102230246251565e-16,-0.006724736335340986,1
2019-03-13,1.1346412756821584,1.142154652303357,1.050087109795841,1.0502971272178003,8.025486781848556e-05,8.025486781848556e-05,0.0,-0.006645021160348374,1
2019-03-14,1.134507253588491,1.142019742741124,1.0499630751110431,1.0501730677260652,-0.0001181184719256656,-0.0001181184719256656,0.0,-0.006762354732528619,1
2019-03-15,1.1343650469394853,1.141876594426999,1.0498314657890055,1.0500414320821634,-0.00012534661947372072,-0.00012534661947394277,2.220446049250313e-16,-0.0068868537136970165,1
2019-03-18,1.1346914060836066,1.1422051146586958,1.0501335044489335,1.0503435311498233,0.0002877020453000423,0.0002877020453000423,0.0,-0.00660113303029608,1
2019-03-19,1.1346484371680796,1.1421618612112625,1.0500937376034256,1.0503037563509463,-3.786837134456267e-05,-3.786837134456267e-05,0.0,-0.006638751427483713,1
2019-03-20,1.1341606769557726,1.1418992509947021,1.0498522960414145,1.0500622665006227,-0.0004298778338110987,-0.00022992381857467326,-0.00019995401523642542,-0.0070657754092120495,0
2019-03-21,1.1341606769557726,1.1418992509947021,1.0505501094971097,1.050760219519009,0.0,0.0006646777440277862,-0.0006646777440277862,-0.0070657754092120495,0
2019-03-22,1.1341606769557726,1.1418992509947021,1.0517658387740603,1.0519761919418151,0.0,0.0011572311172596272,-0.0011572311172596272,-0.0070657754092120495,0
2019-03-25,1.1341606769557726,1.1418992509947021,1.052855639706903,1.0530662108348445,0.0,0.0010361630818063183,-0.0010361630818063183,-0.0070657754092120495,0
2019-03-26,1.1341606769557726,1.1418992509947021,1.0542417983217443,1.0544526466814086,0.0,0.0013165704419144664,-0.0013165704419144664,-0.0070657754092120495,0
2019-03-27,1.1341606769557726,1.1418992509947021,1.0538365552294273,1.0540473225404732,0.0,-0.0003843929286071468,0.0003843929286071468,-0.0070657754092120495,0
2019-03-28,1.1341606769557726,1.1418992509947021,1.0542815651672521,1.0544924214802855,0.0,0.0004222760499401623,-0.0004222760499401623,-0.0070657754092120495,0
2019-03-29,1.1341606769557726,1.1418992509947021,1.0542058187948564,1.0544166599586153,0.0,-7.184643542890168e-05,7.184643542890168e-05,-0.0070657754092120495,0
2019-04-01,1.1341606769557726,1.1418992509947021,1.0500085229344804,1.0502185246390674,0.0,-0.00398147665811055,0.00398147665811055,-0.0070657754092120495,0
2019-04-02,1.1341606769557726,1.1418992509947021,1.0477228761474409,1.0479324207226703,0.0,-0.00217678879467742,0.00217678879467742,-0.0070657754092120495,0
2019-04-03,1.1341606769557726,1.1418992509947021,1.0432841387250535,1.0434927955527986,0.0,-0.004236556749346643,0.004236556749346643,-0.0070657754092120495,0
2019-04-04,1.1341606769557726,1.1418992509947021,1.0418023503150633,1.0420107107851262,0.0,-0.0014203114520662252,0.0014203114520662252,-0.0070657754092120495,0
2019-04-08,1.1341606769557726,1.1418992509947021,1.0430057708064997,1.043214371960661,0.0,0.001155133208398329,-0.001155133208398329,-0.0070657754092120495,0
2019-04-09,1.1341606769557726,1.1418992509947021,1.0405686312746685,1.0407767450009233,0.0,-0.002336650093457071,0.002336650093457071,-0.0070657754092120495,0
2019-04-10,1.1341606769557726,1.1418992509947021,1.0405440137036397,1.0407521225063805,0.0,-2.365780621182978e-05,2.365780621182978e-05,-0.0070657754092120495,0
2019-04-11,1.1341606769557726,1.1418992509947021,1.0415476531378827,1.0417559626685102,0.0,0.0009645333796797217,-0.0009645333796797217,-0.0070657754092120495,0
2019-04-12,1.1341606769557726,1.1418992509947021,1.0389220945047173,1.0391298789236183,0.0,-0.0025208242995462538,0.0025208242995462538,-0.0070657754092120495,0
2019-04-15,1.1341606769557726,1.1418992509947021,1.0360247957605824,1.0362320007197345,0.0,-0.002788754575015706,0.002788754575015706,-0.0070657754092120495,0
2019-04-16,1.1341606769557726,1.1418992509947021,1.0341046252203518,1.034311446145396,0.0,-0.0018534021078335794,0.0018534021078335794,-0.0070657754092120495,0
2019-04-17,1.1341606769557726,1.1418992509947021,1.0342665330913476,1.0344733863979658,0.0,0.00015656817216269658,-0.00015656817216269658,-0.0070657754092120495,0
2019-04-18,1.1341606769557726,1.1418992509947021,1.0359651454923207,1.0361723385214192,0.0,0.0016423352652590317,-0.0016423352652590317,-0.0070657754092120495,0
2019-04-19,1.1341606769557726,1.1418992509947021,1.0353184608379926,1.0355255245301602,0.0,-0.0006242339881239456,0.0006242339881239456,-0.0070657754092120495,0
2019-04-22,1.1341606769557726,1.1418992509947021,1.0323690864628359,1.0325755602801283,0.0,-0.0028487605376702474,0.0028487605376702474,-0.0070657754092120495,0
2019-04-23,1.1341606769557726,1.1418992509947021,1.032629464617946,1.0328359905108695,0.0,0.00025221421149113077,-0.00025221421149113077,-0.0070657754092120495,0
2019-04-24,1.1341606769557726,1.1418992509947021,1.0309734595514453,1.0311796542433556,0.0,-0.0016036779147236002,0.0016036779147236002,-0.0070657754092120495,0
2019-04-25,1.1341606769557726,1.1418992509947021,1.0314421402306437,1.0316484286586898,0.0,0.0004546001401455335,-0.0004546001401455335,-0.0070657754092120495,0
2019-04-26,1.1341606769557726,1.1418992509947021,1.0316788476443801,1.031885183413909,0.0,0.00022949170341579617,-0.00022949170341579617,-0.0070657754092120495,0
2019-04-28,1.1341606769557726,1.1418992509947021,1.0315642812561314,1.0317705941123827,0.0,-0.00011104849974419295,0.00011104849974419295,-0.0070657754092120495,0
2019-04-29,1.1341606769557726,1.1418992509947021,1.0313701811768676,1.031576455213103,0.0,-0.00018816091521456357,0.00018816091521456357,-0.0070657754092120495,0
2019-04-30,1.1341606769557726,1.1418992509947021,1.0327061578199965,1.0329126990515605,0.0,0.0012953415442014116,-0.0012953415442014116,-0.0070657754092120495,0
2019-05-05,1.1341606769557726,1.1418992509947021,1.032960854997177,1.0331674471681764,0.0,0.0002466308303206155,-0.0002466308303206155,-0.0070657754092120495,0
2019-05-06,1.1341606769557726,1.1418992509947021,1.0354415486931356,1.0356486370028744,0.0,0.0024015369836696276,-0.0024015369836696276,-0.0070657754092120495,0
2019-05-07,1.1341606769557726,1.1418992509947021,1.0351849578566454,1.0353919948482166,0.0,-0.00024780813249580813,0.00024780813249580813,-0.0070657754092120495,0
2019-05-08,1.1341606769557726,1.1418992509947021,1.0360579347985057,1.0362651463854653,0.0,0.000843305281085005,-0.000843305281085005,-0.0070657754092120495,0
2019-05-09,1.1341606769557726,1.1418992509947021,1.0384638289517234,1.0386715217175138,0.0,0.0023221617946351802,-0.0023221617946351802,-0.0070657754092120495,0
2019-05-10,1.1341606769557726,1.1418992509947021,1.0388785403405898,1.0390863160486579,0.0,0.00039935082696618274,-0.00039935082696618274,-0.0070657754092120495,0
2019-05-13,1.1341606769557726,1.1418992509947021,1.0408810850608008,1.0410892612778129,0.0,0.001927602354317992,-0.001927602354317992,-0.0070657754092120495,0
2019-05-14,1.1341606769557726,1.1418992509947021,1.039804539743127,1.0400125006510756,0.0,-0.0010342635034154002,0.0010342635034154002,-0.0070657754092120495,0
2019-05-15,1.1341606769557726,1.1418992509947021,1.0402637521257758,1.040471804876201,0.0,0.0004416333696353192,-0.0004416333696353192,-0.0070657754092120495,0
2019-05-16,1.1341606769557726,1.1418992509947021,1.0412967432793219,1.0415050026279777,0.0,0.000993008889750513,-0.000993008889750513,-0.0070657754092120495,0
2019-05-17,1.133933890177737,1.1418992509947021,1.0412891686420824,1.0414974264758108,-0.00019996000799848979,-7.27423502311364e-06,-0.00019268577297537615,-0.007264322544703217,1
2019-05-20,1.1335998234321283,1.1415628375848048,1.04098239583388,1.0411905923130467,-0.00029460866149466636,-0.00029460866149455534,-1.1102230246251565e-16,-0.007556791073856206,1
2019-05-21,1.1320893055854717,1.1400417090493125,1.039595290389384,1.0398032094474619,-0.0013324965436950498,-0.0013324965436950498,0.0,-0.008879218219563945,1
2019-05-22,1.1307159200757473,1.1386586761419568,1.0383341132889958,1.0385417801116537,-0.0012131423757369975,-0.0012131423757371085,1.1102230246251565e-16,-0.010081588839415345,1
2019-05-23,1.131395395339192,1.13934292440468,1.0389580740316053,1.0391658656464116,0.0006009248223897146,0.0006009248223899366,-2.220446049250313e-16,-0.009486722294008376,1
2019-05-24,1.1317356485060157,1.1396855676925384,1.0392705278177374,1.0394783819233009,0.0003007376273806983,0.00030073762738047627,2.220446049250313e-16,-0.009188837680981998,1
2019-05-27,1.1291889051058508,1.1371209345985682,1.0369318585700207,1.0371392449417347,-0.0022502988251070777,-0.0022502988251071887,1.1102230246251565e-16,-0.011418458875451565,1
2019-05-28,1.130522078877678,1.138463473299177,1.0381561093138658,1.0383637405357287,0.0011806472467086326,0.0011806472467086326,0.0,-0.010251292800775857,1
2019-05-29,1.1328296139908638,1.1407872177786527,1.040275114081635,1.0404831691044514,0.0020411234387183175,0.0020411234387185395,-2.220446049250313e-16,-0.00823109351607032,1
2019-05-30,1.1336183826957733,1.141581527218688,1.040999438767669,1.0412076386554225,0.0006962818548950089,0.000696281854895231,-2.220446049250313e-16,-0.0075405428222364845,1
2019-05-31,1.1340916439187188,1.142058112882709,1.041434033579289,1.041642320386005,0.00041747843028083764,0.00041747843028083764,0.0,-0.007126212405936472,1
2019-06-03,1.1365280628072167,1.1445116464863736,1.0436713920539267,1.0438801263323374,0.0021483439204958987,0.0021483439204958987,0.0,-0.004993178040539004,1
2019-06-04,1.1383118142575348,1.1463079279651462,1.0453094073569833,1.0455184692384547,0.00156947418078901,0.001569474180788788,2.220446049250313e-16,-0.003431540523764709,1
2019-06-05,1.1382087072372853,1.1462040966657951,1.0452147243914889,1.045423767336367,-9.057888968388994e-05,-9.057888968377892e-05,-1.1102230246251565e-16,-0.003521808588318076,1
2019-06-06,1.1393470087408406,1.1473503942106305,1.0462600243305493,1.0464692763354153,0.001000081528385266,0.001000081528385488,-2.220446049250313e-16,-0.0025252491556484458,1
2019-06-10,1.1384057814590813,1.1466318816191212,1.0456048182093263,1.0458139391729682,-0.0008261111623925066,-0.0006262364096748518,-0.00019987475271765476,-0.003349274181525641,0
2019-06-11,1.1384057814590813,1.1466318816191212,1.0430284947182182,1.0432371004171619,0.0,-0.0024639552594259984,0.0024639552594259984,-0.003349274181525641,0
2019-06-12,1.1384057814590813,1.1466318816191212,1.043523686627755,1.0437323913650807,0.0,0.00047476354868969395,-0.00047476354868969395,-0.003349274181525641,0
2019-06-13,1.1384057814590813,1.1466318816191212,1.0443474284275582,1.0445562979132437,0.0,0.0007893848605058373,-0.0007893848605058373,-0.003349274181525641,0
2019-06-14,1.1384057814590813,1.1466318816191212,1.0454097713004078,1.0456188532546677,0.0,0.0010172312814031859,-0.0010172312814031859,-0.003349274181525641,0
2019-06-17,1.1384057814590813,1.1466318816191212,1.046051721806461,1.0462609321508223,0.0,0.0006140659133639925,-0.0006140659133639925,-0.003349274181525641,0
2019-06-18,1.1384057814590813,1.1466318816191212,1.0453359185873219,1.0455449857710393,0.0,-0.0006842904650097292,0.0006842904650097292,-0.003349274181525641,0
2019-06-19,1.1384057814590813,1.1466318816191212,1.0446579885543803,1.0448669201520913,0.0,-0.0006485284021022775,0.0006485284021022775,-0.003349274181525641,0
2019-06-20,1.1381781458299154,1.1466318816191212,1.0451332970411635,1.0453423237005717,-0.00019996000799837876,0.0004549895678689353,-0.0006549495758673141,-0.003548564468631943,1
2019-06-21,1.1381121539676864,1.1465653996071123,1.0450726999432467,1.0452817144832354,-5.7980257722189954e-05,-5.798025772252302e-05,3.3306690738754696e-16,-0.003606338979671664,1
2019-06-24,1.137716202794312,1.1461665075350593,1.0447091173557475,1.0449180591792187,-0.0003479017177648869,-0.00034790171776466483,-2.220446049250313e-16,-0.003952986045910656,1
2019-06-25,1.1379162406266938,1.1463680311339612,1.044892802308807,1.0451017808692689,0.00017582401647309176,0.00017582401647309176,0.0,-0.00377785705932121,1
2019-06-26,1.1377760079194572,1.1462267568584423,1.0447640334757344,1.0449729862824295,-0.00012323640548395076,-0.00012323640548406178,1.1102230246251565e-16,-0.0039006278952806728,1
2019-06-27,1.137269726601419,1.1457167151725622,1.044299140115156,1.044507999943179,-0.0004449745068575428,-0.00044497450685765383,1.1102230246251565e-16,-0.004343866722164136,1
2019-06-28,1.1386442133569081,1.1471014108289335,1.045561264045199,1.045770376298008,0.0012085846684732893,0.0012085846684732893,0.0,-0.0031405319844131085,1
2019-07-01,1.1383699346795186,1.1468250949665217,1.0453094073569833,1.0455184692384547,-0.000240881808533433,-0.000240881808533433,0.0,-0.003380657295922407,1
2019-07-02,1.1420726968242765,1.1505553591090791,1.0487094726478945,1.048919214542424,0.0032526879285512678,0.0032526879285512678,0.0,-0.0001389655905480458,1
2019-07-03,1.1440039899173233,1.1525009967417748,1.0504828845916085,1.0506929811685268,0.0016910421713234314,0.0016910421713234314,0.0,0.0,1
2019-07-04,1.1441648450815067,1.1526630466460461,1.05063059001778,1.0508407161357836,0.00014060717060515593,0.00014060717060493388,2.220446049250313e-16,0.0,1
2019-07-05,1.1432863284155825,1.1517780048611788,1.049823891151766,1.0500338559299964,-0.0007678235087371643,-0.0007678235087369423,-2.220446049250313e-16,-0.0007678235087371643,1
2019-07-08,1.1429883339127045,1.1514777970257015,1.0495502573814866,1.0497601674329629,-0.00026064730721564455,-0.0002606473072158666,2.220446049250313e-16,-0.0010282706848229184,1
2019-07-09,1.143112068654384,1.151602450798218,1.0496638769400803,1.0498738097154683,0.00010825547208859199,0.00010825547208881403,-2.220446049250313e-16,-0.0009201265286625793,1
2019-07-10,1.1430522635292388,1.151542201474835,1.0496089608200931,1.0498188826122572,-5.23178144865577e-05,-5.2317814486779746e-05,2.220446049250313e-16,-0.0009723962041401357,1
2019-07-11,1.143745178082644,1.1522402626009278,1.050245230348217,1.0504552793942867,0.0006061967379038524,0.0006061967379038524,0.0,-0.000366788929643147,1
2019-07-12,1.144400972213545,1.1529009275952653,1.0508474140087627,1.0510575834915645,0.0005733743350073706,0.0005733743350073706,0.0,0.0,1
2019-07-15,1.1435925719012392,1.1520865229481574,1.050105099559285,1.050315120579197,-0.0007063960376949563,-0.0007063960376947342,-2.220446049250313e-16,-0.0007063960376949563,1
2019-07-16,1.144049359322606,1.152546703125031,1.0505245450964262,1.0507346500054455,0.00039943195906499973,0.00039943195906499973,0.0,-0.000307246235783043,1
2019-07-17,1.1435080198277583,1.152001342870271,1.0500274595275796,1.050237465019485,-0.0004731784432520092,-0.0004731784432518982,-1.1102230246251565e-16,-0.0007802792967395167,1
2019-07-18,1.1445659518691178,1.1530671326252875,1.0509989067535543,1.051209106534905,0.0009251636394460583,0.0009251636394460583,0.0,0.0,1
2019-07-19,1.145103166872576,1.1536083377542967,1.0514922050037812,1.0517025034447818,0.00046936133525621315,0.0004693613352564352,-2.220446049250313e-16,0.0,1
2019-07-22,1.145335169513225,1.153842063577765,1.0517052416761439,1.051915582724479,0.00020260413852724035,0.0002026041385270183,2.220446049250313e-16,0.0,1
2019-07-23,1.1455816078737364,1.1540903323413605,1.051931533963676,1.0521419202704687,0.00021516702452806236,0.00021516702452806236,0.0,0.0,1
2019-07-24,1.1445680141148122,1.1530692101881628,1.051000800412864,1.0512110005729465,-0.0008847852933021594,-0.0008847852933022704,1.1102230246251565e-16,-0.0008847852933021594,1
2019-07-25,1.1450598597129882,1.153564708933916,1.0514524381582735,1.051662728645905,0.00042972159986165437,0.0004297215998618764,-2.220446049250313e-16,-0.00045544390479224095,1
2019-07-26,1.144711340190591,1.1532136008079943,1.0511324097349015,1.0513426362168485,-0.00030436795023491836,-0.0003043679502351404,2.220446049250313e-16,-0.0007596732324994804,1
2019-07-29,1.1438441658759875,1.152339985618941,1.0503361259950919,1.0505461932202909,-0.0007575484614830152,-0.0007575484614830152,0.0,-0.0015166462046939388,1
2019-07-30,1.144172062941438,1.1526703181161098,1.0506372178253647,1.0508473452689298,0.0002866623577166827,0.0002866623577166827,0.0,-0.0012304186123540672,1
2019-07-31,1.1449978562339327,1.1537329915268133,1.0516058245623745,1.051816145727287,0.0007217387307743017,0.000921923115397183,-0.00020018438462288124,-0.0005095679223474647,0
2019-08-01,1.1449978562339327,1.1537329915268133,1.0522373599422234,1.0524478074142118,0.0,0.0006005438207912217,-0.0006005438207912217,-0.0005095679223474647,0
2019-08-02,1.1449978562339327,1.1537329915268133,1.055616594980726,1.055827718299722,0.0,0.0032114760102113227,-0.0032114760102113227,-0.0005095679223474647,0
2019-08-05,1.1449978562339327,1.1537329915268133,1.0581588326042561,1.058370464370777,0.0,0.0024082963792140255,-0.0024082963792140255,-0.0005095679223474647,0
2019-08-06,1.1449978562339327,1.1537329915268133,1.058141789670467,1.058353418028401,0.0,-1.6106215120048617e-05,1.6106215120048617e-05,-0.0005095679223474647,0
2019-08-07,1.1449978562339327,1.1537329915268133,1.0585157873841706,1.0587274905416475,0.0,0.00035344763561417913,-0.00035344763561417913,-0.0005095679223474647,0
2019-08-08,1.1449978562339327,1.1537329915268133,1.0582932824152584,1.0585049410717415,0.0,-0.00021020467674082166,0.00021020467674082166,-0.0005095679223474647,0
2019-08-09,1.1449978562339327,1.1537329915268133,1.0600950992486207,1.0603071182684705,0.0,0.0017025685254754563,-0.0017025685254754563,-0.0005095679223474647,0
2019-08-12,1.1449978562339327,1.1537329915268133,1.0591293330005758,1.059341158867176,0.0,-0.0009110185008207594,0.0009110185008207594,-0.0005095679223474647,0
2019-08-13,1.1449978562339327,1.1537329915268133,1.0610476098814965,1.0612598194034728,0.0,0.0018111828472224811,-0.0018111828472224811,-0.0005095679223474647,0
2019-08-14,1.1449978562339327,1.1537329915268133,1.0607285282877796,1.0609406739934373,0.0,-0.00030072316335783,0.00030072316335783,-0.0005095679223474647,0
2019-08-15,1.1449978562339327,1.1537329915268133,1.061108206979413,1.0613204286208089,0.0,0.0003579414350685095,-0.0003579414350685095,-0.0005095679223474647,0
2019-08-16,1.1449978562339327,1.1537329915268133,1.060935883982213,1.0611480711590093,0.0,-0.00016239908057136265,0.00016239908057136265,-0.0005095679223474647,0
2019-08-19,1.1449978562339327,1.1537329915268133,1.0609633420422062,1.0611755347106147,0.0,2.588097962163971e-05,-2.588097962163971e-05,-0.0005095679223474647,0
2019-08-20,1.1449978562339327,1.1537329915268133,1.0603999783975133,1.0606120583931928,0.0,-0.0005309925634268131,0.0005309925634268131,-0.0005095679223474647,0
2019-08-21,1.1449978562339327,1.1537329915268133,1.0588869446089095,1.0590987219978314,0.0,-0.0014268519609839103,0.0014268519609839103,-0.0005095679223474647,0
2019-08-22,1.1449978562339327,1.1537329915268133,1.0587685909020415,1.0589803446202217,0.0,-0.00011177180667931719,0.00011177180667931719,-0.0005095679223474647,0
2019-08-23,1.1449978562339327,1.1537329915268133,1.0585773313117421,1.0587890467780046,0.0,-0.00018064343043677766,0.00018064343043677766,-0.0005095679223474647,0
2019-08-26,1.1449978562339327,1.1537329915268133,1.0595781302570202,1.0597900458830716,0.0,0.0009454188330653146,-0.0009454188330653146,-0.0005095679223474647,0
2019-08-27,1.1449978562339327,1.1537329915268133,1.0592183349881408,1.0594301786551383,0.0,-0.0003395646423847154,0.0003395646423847154,-0.0005095679223474647,0
2019-08-28,1.1449978562339327,1.1537329915268133,1.0589626909813055,1.0591744835195016,0.0,-0.00024135156878513087,0.00024135156878513087,-0.0005095679223474647,0
2019-08-29,1.1449978562339327,1.1537329915268133,1.0604293301168168,1.0606414159828401,0.0,0.0013849771554768076,-0.0013849771554768076,-0.0005095679223474647,0
2019-08-30,1.1449978562339327,1.1537329915268133,1.0587922616434151,1.0590040200957438,0.0,-0.0015437789458552231,0.0015437789458552231,-0.0005095679223474647,0
2019-09-02,1.1449978562339327,1.1537329915268133,1.0578482724774338,1.0580598421319294,0.0,-0.0008915716521350481,0.0008915716521350481,-0.0005095679223474647,0
2019-09-03,1.1449978562339327,1.1537329915268133,1.0581039164842694,1.058315537267566,0.0,0.00024166415306114963,-0.00024166415306114963,-0.0005095679223474647,0
2019-09-04,1.1449978562339327,1.1537329915268133,1.0587269303972238,1.0589386757833033,0.0,0.000588802199149363,-0.000588802199149363,-0.0005095679223474647,0
2019-09-05,1.1449978562339327,1.1537329915268133,1.061548482768963,1.0617607924655168,0.0,0.0026650426004377614,-0.0026650426004377614,-0.0005095679223474647,0
2019-09-06,1.1449978562339327,1.1537329915268133,1.0614348632103696,1.0616471501830116,0.0,-0.00010703190710326105,0.00010703190710326105,-0.0005095679223474647,0
2019-09-09,1.1449978562339327,1.1537329915268133,1.060965235701516,1.0611774287486564,0.0,-0.0004424459051902696,0.0004424459051902696,-0.0005095679223474647,0
2019-09-10,1.1449978562339327,1.1537329915268133,1.059461670209462,1.0596735625435039,0.0,-0.0014171675390097782,0.0014171675390097782,-0.0005095679223474647,0
2019-09-11,1.1449978562339327,1.1537329915268133,1.0589437543882063,1.059155543139084,0.0,-0.0004888480969332809,0.0004888480969332809,-0.0005095679223474647,0
2019-09-12,1.1449978562339327,1.1537329915268133,1.0563655372377885,1.056576810345236,0.0,-0.002434706413569021,0.002434706413569021,-0.0005095679223474647,0
2019-09-16,1.1449978562339327,1.1537329915268133,1.0562613859757441,1.0564726382529392,0.0,-9.859396049272107e-05,9.859396049272107e-05,-0.0005095679223474647,0
2019-09-17,1.1449978562339327,1.1537329915268133,1.0553978773304336,1.0556089569058995,0.0,-0.0008175141653151696,0.0008175141653151696,-0.0005095679223474647,0
2019-09-18,1.1449978562339327,1.1537329915268133,1.0529332797386088,1.0531438663945565,0.0,-0.0023352307644002313,0.0023352307644002313,-0.0005095679223474647,0
2019-09-19,1.1449978562339327,1.1537329915268133,1.053878215734245,1.0540889913773919,0.0,0.0008974319777135253,-0.0008974319777135253,-0.0005095679223474647,0
2019-09-20,1.1449978562339327,1.1537329915268133,1.0542900866341467,1.0545009446514735,0.0,0.0003908145113471484,-0.0003908145113471484,-0.0005095679223474647,0
2019-09-23,1.1449978562339327,1.1537329915268133,1.0544709310982414,1.054681825284461,0.0,0.00017153197814101517,-0.00017153197814101517,-0.0005095679223474647,0
2019-09-24,1.1449978562339327,1.1537329915268133,1.0534275248184906,1.0536382103234543,0.0,-0.0009895069166716564,0.0009895069166716564,-0.0005095679223474647,0
2019-09-25,1.1449978562339327,1.1537329915268133,1.053580911222592,1.0537916274048365,0.0,0.00014560698338295097,-0.00014560698338295097,-0.0005095679223474647,0
2019-09-26,1.1449978562339327,1.1537329915268133,1.0525346644538767,1.0527451713867675,0.0,-0.0009930388426468983,0.0009930388426468983,-0.0005095679223474647,0
2019-09-27,1.1449978562339327,1.1537329915268133,1.0514458103506885,1.0516560995127586,0.0,-0.0010345066437817962,0.0010345066437817962,-0.0005095679223474647,0
2019-09-29,1.1449978562339327,1.1537329915268133,1.051822648553357,1.0520330130830677,0.0,0.0003584000230529849,-0.0003584000230529849,-0.0005095679223474647,0
2019-09-30,1.1449978562339327,1.1537329915268133,1.0515130352561899,1.0517233378632411,0.0,-0.0002943588423324206,0.0002943588423324206,-0.0005095679223474647,0
2019-10-08,1.1449978562339327,1.1537329915268133,1.0538204591252933,1.0540312232171183,0.0,0.002194384464802468,-0.002194384464802468,-0.0005095679223474647,0
2019-10-09,1.1449978562339327,1.1537329915268133,1.0537466064122076,1.05395735573349,0.0,-7.008092549942724e-05,7.008092549942724e-05,-0.0005095679223474647,0
2019-10-10,1.1449978562339327,1.1537329915268133,1.0528196601800153,1.0530302241120513,0.0,-0.0008796671102443421,0.0008796671102443421,-0.0005095679223474647,0
2019-10-11,1.1449978562339327,1.1537329915268133,1.0509042237880595,1.0511144046328171,0.0,-0.0018193394979234556,0.0018193394979234556,-0.0005095679223474647,0
2019-10-12,1.1449978562339327,1.1537329915268133,1.0498844882496825,1.0500944651473325,0.0,-0.0009703410789436706,0.0009703410789436706,-0.0005095679223474647,0
2019-10-14,1.1449978562339327,1.1537329915268133,1.050267007430281,1.0504770608317668,0.0,0.00036434406344665327,-0.00036434406344665327,-0.0005095679223474647,0
2019-10-15,1.1449978562339327,1.1537329915268133,1.049822944322111,1.0500329089109754,0.0,-0.000422809728410356,0.000422809728410356,-0.0005095679223474647,0
2019-10-16,1.1449978562339327,1.1537329915268133,1.050017044401375,1.0502270478102553,0.0,0.0001848883950514857,-0.0001848883950514857,-0.0005095679223474647,0
2019-10-17,1.1449978562339327,1.1537329915268133,1.0506599417370834,1.0508700737254308,0.0,0.0006122732379787443,-0.0006122732379787443,-0.0005095679223474647,0
2019-10-18,1.1449978562339327,1.1537329915268133,1.0491118752512467,1.049321697626297,0.0,-0.0014734229643106334,0.0014734229643106334,-0.0005095679223474647,0
2019-10-21,1.1449978562339327,1.1537329915268133,1.0467192367131979,1.0469285805605406,0.0,-0.0022806324039329473,0.0022806324039329473,-0.0005095679223474647,0
2019-10-22,1.1449978562339327,1.1537329915268133,1.0468612611614398,1.0470706334136721,0.0,0.00013568533304875174,-0.00013568533304875174,-0.0005095679223474647,0
2019-10-23,1.1449978562339327,1.1537329915268133,1.0464957849146308,1.0467050840716137,0.0,-0.0003491162204278808,0.0003491162204278808,-0.0005095679223474647,0
2019-10-24,1.1449978562339327,1.1537329915268133,1.0465308176118637,1.0467401237753862,0.0,3.347619525850831e-05,-3.347619525850831e-05,-0.0005095679223474647,0
2019-10-25,1.1449978562339327,1.1537329915268133,1.0454201864266122,1.0456292704638974,0.0,-0.001061250339274289,0.001061250339274289,-0.0005095679223474647,0
2019-10-28,1.1449978562339327,1.1537329915268133,1.0416489639109618,1.041857293703744,0.0,-0.00360737487625995,0.00360737487625995,-0.0005095679223474647,0
2019-10-29,1.1449978562339327,1.1537329915268133,1.0416196121916586,1.041827936114097,0.0,-2.817812940847375e-05,2.817812940847375e-05,-0.0005095679223474647,0
2019-10-30,1.1449978562339327,1.1537329915268133,1.040344232646446,1.0405523014929754,0.0,-0.0012244196732519308,0.0012244196732519308,-0.0005095679223474647,0
2019-10-31,1.1449978562339327,1.1537329915268133,1.0426592311527894,1.04286776299902,0.0,0.0022252235689856903,-0.0022252235689856903,-0.0005095679223474647,0
2019-11-01,1.1449978562339327,1.1537329915268133,1.043474451485698,1.043683146375995,0.0,0.0007818665087799825,-0.0007818665087799825,-0.0005095679223474647,0
2019-11-04,1.1449978562339327,1.1537329915268133,1.0418979801102128,1.0421063597062348,0.0,-0.0015107905835552993,0.0015107905835552993,-0.0005095679223474647,0
2019-11-05,1.1449978562339327,1.1537329915268133,1.0451399248487478,1.0453489528337176,0.0,0.003111575989610982,-0.003111575989610982,-0.0005095679223474647,0
2019-11-06,1.1449978562339327,1.1537329915268133,1.0448359925295103,1.0450449597280163,0.0,-0.00029080538596926164,0.00029080538596926164,-0.0005095679223474647,0
2019-11-07,1.1449978562339327,1.1537329915268133,1.044453473348912,1.0446623640435817,0.0,-0.00036610452102858737,0.00036610452102858737,-0.0005095679223474647,0
2019-11-08,1.1449978562339327,1.1537329915268133,1.0442641074179229,1.0444729602394065,0.0,-0.00018130623892886888,0.00018130623892886888,-0.0005095679223474647,0
2019-11-11,1.1449978562339327,1.1537329915268133,1.0458358446451332,1.0460450118140623,0.0,0.0015051146697904194,-0.0015051146697904194,-0.0005095679223474647,0
2019-11-12,1.1449978562339327,1.1537329915268133,1.045911591017529,1.0461207733357325,0.0,7.242663634410285e-05,-7.242663634410285e-05,-0.0005095679223474647,0
2019-11-13,1.1449978562339327,1.1537329915268133,1.0471140646793105,1.0473234874922464,0.0,0.001149689583812341,-0.001149689583812341,-0.0005095679223474647,0
2019-11-14,1.1449978562339327,1.1537329915268133,1.046104744267138,1.0463139652159914,0.0,-0.0009639068428343167,0.0009639068428343167,-0.0005095679223474647,0
2019-11-15,1.1449978562339327,1.1537329915268133,1.0468271752938618,1.0470365407289206,0.0,0.0006905914830066529,-0.0006905914830066529,-0.0005095679223474647,0
2019-11-18,1.1449978562339327,1.1537329915268133,1.049873126293823,1.0500831009190819,0.0,0.0029096980589047305,-0.0029096980589047305,-0.0005095679223474647,0
2019-11-19,1.1449978562339327,1.1537329915268133,1.0517582641368208,1.0519686157896482,0.0,0.001795586338753763,-0.001795586338753763,-0.0005095679223474647,0
2019-11-20,1.1449978562339327,1.1537329915268133,1.051476108899647,1.0516864041214269,0.0,-0.00026827004530882714,0.00026827004530882714,-0.0005095679223474647,0
2019-11-21,1.1449978562339327,1.1537329915268133,1.0516105587106492,1.0518208808223914,0.0,0.00012786768036310292,-0.00012786768036310292,-0.0005095679223474647,0
2019-11-22,1.1449978562339327,1.1537329915268133,1.051739327543722,1.0519496754092306,0.0,0.00012244916333914446,-0.00012244916333914446,-0.0005095679223474647,0
2019-11-25,1.1449978562339327,1.1537329915268133,1.0501514942123775,1.05036152451122,0.0,-0.0015097213632323525,0.0015097213632323525,-0.0005095679223474647,0
2019-11-26,1.1449978562339327,1.1537329915268133,1.0508843403653056,1.0510945172333788,0.0,0.000697848031419257,-0.000697848031419257,-0.0005095679223474647,0
2019-11-27,1.1449978562339327,1.1537329915268133,1.050929788188743,1.0511399741463807,0.0,4.324721731174819e-05,-4.324721731174819e-05,-0.0005095679223474647,0
2019-11-28,1.1449978562339327,1.1537329915268133,1.0511011643562882,1.0513113845891595,0.0,0.00016307099624679466,-0.00016307099624679466,-0.0005095679223474647,0
2019-11-29,1.1447689024534422,1.1537329915268133,1.051598249925135,1.05180856957512,-0.00019996000799826774,0.0004729188642382809,-0.0006728788722365486,-0.0007094260371398597,1
2019-12-02,1.1423714526067694,1.151316768498996,1.0493959241477304,1.04960580333256,-0.002094265350442881,-0.002094265350442992,1.1102230246251565e-16,-0.002802205661214474,1
2019-12-03,1.1433908326146625,1.1523441307408322,1.050332338676472,1.0505424051442074,0.0008923367312505537,0.0008923367312505537,0.0,-0.001912369441004036,1
2019-12-04,1.1435341024034362,1.1524885224007062,1.0504639479985096,1.0506740407881092,0.00012530255157483516,0.00012530255157461312,2.220446049250313e-16,-0.0017873065141997824,1
2019-12-05,1.1438536249539384,1.1528105469658925,1.0507574651915428,1.0509676166845812,0.00027941672209919055,0.00027941672209919055,0.0,-0.0015083891954281725,1
2019-12-06,1.1437350923948812,1.1526910862400976,1.050648579781224,1.0508587094971802,-0.00010362563572052785,-0.0001036256357207499,2.220446049250313e-16,-0.001611858523359544,1
2019-12-09,1.1437855975722186,1.1527419868971756,1.0506949744343166,1.0509051134292033,4.4158107653791134e-05,4.4158107654235224e-05,-4.440892098500626e-16,-0.0015677715923279045,1
2019-12-10,1.1436990172682115,1.152654728627899,1.050615440743301,1.0508255638314496,-7.569627051684513e-05,-7.569627051695615e-05,1.1102230246251565e-16,-0.0016433491883821594,1
2019-12-11,1.1444957622086578,1.153457712463025,1.0513473400665743,1.0515576095345875,0.0006966386509181799,0.0006966386509181799,0.0,-0.0009478553580255511,1
2019-12-12,1.1446039875886667,1.1535667852996203,1.0514467571803436,1.0516570465317796,9.456162581145122e-05,9.456162581167327e-05,-2.220446049250313e-16,-0.0008533833629577048,1
2019-12-13,1.1444421648776057,1.1534036954391873,1.051298104924517,1.051508364545502,-0.00014137877625419737,-0.0001413787762543084,1.1102230246251565e-16,-0.0009946414889162591,1
2019-12-16,1.1444102126225555,1.1533714929826686,1.0512687532052138,1.0514790069558548,-2.791950177205571e-05,-2.7919501771722643e-05,-3.3306690738754696e-16,-0.0010225332207934867,1
2019-12-17,1.1434155698443786,1.1523690616749112,1.0503550625881906,1.0505651336007082,-0.0008691313370032816,-0.0008691313370035036,2.220446049250313e-16,-0.0018907758421314869,1
2019-12-18,1.1433753718460897,1.152328548907033,1.0503181362316478,1.0505281998588942,-3.515607041659763e-05,-3.515607041659763e-05,0.0,-0.0019258654402994901,1
2019-12-19,1.1436588192699224,1.1526142158600208,1.050578514386758,1.0507886300896354,0.0002479040836562696,0.00024790408365649164,-2.220446049250313e-16,-0.0016784387865503847,1
2019-12-20,1.1458377569207676,1.1548102156368074,1.052580112277314,1.0527906282997694,0.0019052339859855216,0.0019052339859855216,0.0,0.0,1
2019-12-23,1.146446911202532,1.1554241398885015,1.053139688603387,1.0533503165411078,0.0005316235026164851,0.000531623502616263,2.220446049250313e-16,0.0,1
2019-12-24,1.1475631786934806,1.1565491482888135,1.0541651051196936,1.0543759381407176,0.0009736756931708612,0.0009736756931708612,0.0,0.0,1
2019-12-25,1.1480022645209451,1.1569916723687148,1.0545684545527008,1.0547793682436113,0.00038262453485526926,0.00038262453485526926,0.0,0.0,1
2019-12-26,1.1503842535990452,1.1593923135627329,1.056756577885281,1.056967929200858,0.0020748992852326342,0.0020748992852326342,0.0,0.0,1
2019-12-27,1.1501595570957885,1.1591658575781825,1.0565501690205028,1.056761479054307,-0.00019532299973135103,-0.000195322999731129,-2.220446049250313e-16,-0.00019532299973135103,1
2019-12-30,1.1499513520790097,1.1589560222163513,1.0563589094302035,1.0565701812120896,-0.00018102272462494629,-0.00018102272462516833,2.220446049250313e-16,-0.00037631036645469074,1
2019-12-31,1.150867660296418,1.1598795055661921,1.0572006409934505,1.0574120811216492,0.0007968234619244452,0.0007968234619244452,0.0,0.0,1
2020-01-02,1.149070088270366,1.1580678576897891,1.055549370075225,1.05576047994924,-0.0015619276551650518,-0.0015619276551646077,-4.440892098500626e-16,-0.0015619276551650518,1
2020-01-03,1.1484135209649788,1.1574061491477772,1.0549462395850242,1.0551572288329412,-0.000571390128495497,-0.000571390128495608,1.1102230246251565e-16,-0.0021324253136170146,1
2020-01-06,1.149324675592863,1.158324438553018,1.0557832369999964,1.0559943936473963,0.0007934029086653638,0.0007934029086653638,0.0,-0.001340714277398014,1
2020-01-07,1.1487567500272928,1.1577520658581224,1.0552615338601212,1.0554725861668932,-0.0004941384950924999,-0.0004941384950926109,1.1102230246251565e-16,-0.0018341902739551497,1
2020-01-08,1.148970108633596,1.1579670951645533,1.055457527598695,1.0556686191042148,0.00018573001316246618,0.00018573001316268822,-2.220446049250313e-16,-0.0016488009249763236,1
2020-01-09,1.1496648125014624,1.1586672388966035,1.0560956907861287,1.0563069099242859,0.0006046318025563213,0.0006046318025563213,0.0,-0.001045166039895462,1
2020-01-10,1.1515706099075234,1.160587959609602,1.0578463788181238,1.0580579480938874,0.0016576983007023927,0.0016576983007021706,2.220446049250313e-16,0.0,1
2020-01-13,1.1515139204227567,1.1605308262190044,1.0577943031871018,1.0580058620477393,-4.922797115425315e-05,-4.922797115425315e-05,0.0,-4.922797115425315e-05,1
2020-01-14,1.1507048068674524,1.159715376916839,1.057051041907969,1.0572624521163507,-0.0007026519966056854,-0.0007026519966057965,1.1102230246251565e-16,-0.0007518453776278466,1
2020-01-15,1.1508965203977537,1.1599085916559508,1.0572271522237893,1.057438597654234,0.0001666053093349884,0.00016660530933521045,-2.220446049250313e-16,-0.0005853653297246408,1
2020-01-16,1.1509995921882386,1.1600124705479464,1.0573218351892837,1.0575332995563216,8.955782614505914e-05,8.95578261448371e-05,2.220446049250313e-16,-0.0004958599276259079,1
2020-01-17,1.1517231561574406,1.1607417003697555,1.057986509607056,1.0581981069089774,0.0006286396399379779,0.0006286396399381999,-2.220446049250313e-16,0.0,1
2020-01-19,1.1520931838852804,1.1611146255920197,1.0583264214531818,1.0585380867374723,0.0003212818339732859,0.00032128183397350796,-2.220446049250313e-16,0.0,1
2020-01-20,1.1535279432088266,1.1625606197685983,1.0596444083328664,1.059856337214533,0.001245350066830131,0.001245350066829909,2.220446049250313e-16,0.0,1
2020-01-21,1.1568581927593853,1.1659169467689756,1.0627036149479971,1.0629161556709867,0.0028870124648170403,0.0028870124648170403,0.0,0.0,1
2020-01-22,1.157330261559805,1.1663927120943154,1.0631372629299625,1.0633498903825485,0.00040806107729896013,0.0004080610772991822,-2.220446049250313e-16,0.0,1
2020-01-23,1.1600482646748849,1.169131998476239,1.065634052730055,1.065847179540601,0.002348511229125494,0.002348511229125272,2.220446049250313e-16,0.0,1
2020-02-03,1.1725776715261973,1.1817595165872223,1.0771437140155793,1.0773591427583824,0.010800763410325764,0.010800763410326208,-4.440892098500626e-16,0.0,1
2020-02-04,1.171908735605952,1.181085342578171,1.0765292215695192,1.0767445274138332,-0.0005704832494162204,-0.0005704832494164425,2.220446049250313e-16,-0.0005704832494162204,1
2020-02-05,1.171110959947601,1.180281319954125,1.0757963754165911,1.0760115346916743,-0.0006807489645842546,-0.0006807489645842546,0.0,-0.0012508438581191328,1
2020-02-06,1.1722148588236914,1.181393862887398,1.076810429977038,1.0770257920630335,0.0009426082701331495,0.0009426082701331495,0.0,-0.00030941464375122685,1
2020-02-07,1.1743907043208222,1.1835867462974246,1.0788091873786294,1.079024949216105,0.0018561831738885815,0.0018561831738888035,-2.220446049250313e-16,0.0,1
2020-02-10,1.1752492923355593,1.184452057467748,1.0795978964811996,1.0798138160604958,0.0007310923115946277,0.0007310923115946277,0.0,0.0,1
2020-02-11,1.1724498625059965,1.1816307067611478,1.077026307138366,1.0772417123997935,-0.002381988100583765,-0.002381988100583987,2.220446049250313e-16,-0.002381988100583765,1
2020-02-12,1.1720447903693918,1.1812224627156052,1.076654203083972,1.0768695339245888,-0.0003454920756601476,-0.0003454920756601476,0.0,-0.0027266572182308435,1
2020-02-13,1.1720860190855857,1.1812640142724034,1.07669207627017,1.076907414685424,3.5176741138842615e-05,3.5176741138842615e-05,0.0,-0.0026915763920072333,1
2020-02-14,1.16994315656141,1.1791043721078152,1.0747236174175372,1.0749385621410206,-0.0018282468089223514,-0.0018282468089222403,-1.1102230246251565e-16,-0.0045149023349798645,1
2020-02-17,1.1680610656671606,1.1772075435399758,1.0729947064676058,1.0732093054088991,-0.0016087028533771086,-0.0016087028533772196,1.1102230246251565e-16,-0.006116342052087997,1
2020-02-18,1.168917592246088,1.1780707771324592,1.073781521910866,1.0739962782152481,0.0007332892124420898,0.0007332892124420898,0.0,-0.005387537887292404,1
2020-02-19,1.1681960897126955,1.1773436248884899,1.0731187411524035,1.073333364900634,-0.0006172398620556407,-0.0006172398620559738,3.3306690738754696e-16,-0.006001452346205638,1
2020-02-20,1.1673880068752958,1.1765292143752446,1.0723764267029259,1.0725909019882665,-0.0006917356122965179,-0.0006917356122961849,-3.3306690738754696e-16,-0.00668903654018882,1
2020-02-21,1.1696442483690046,1.1788031233210279,1.0744490368176027,1.0746639266249662,0.0019327262918762411,0.001932726291876019,2.220446049250313e-16,-0.004769238325101122,1
2020-02-24,1.1715953973628788,1.1807695507465044,1.0762413853544157,1.0764566336314865,0.001668155934246629,0.001668155934246851,-2.220446049250313e-16,-0.0031090382240683834,1
2020-02-25,1.1715180935200153,1.1806916415775077,1.0761703731302947,1.0763856072049207,-6.598168876170707e-05,-6.598168876170707e-05,0.0,-0.0031748147732375553,1
2020-02-26,1.1721004491362534,1.1812785573172828,1.0767053318853392,1.0769206729517162,0.0004970948544962273,0.0004970948544964493,-2.220446049250313e-16,-0.002679298102829075,1
2020-02-27,1.1742546495573825,1.1834496261599905,1.0786842058641763,1.0788999427053492,0.0018378974453225894,0.0018378974453223673,2.220446049250313e-16,-0.0008463249326449152,1
2020-02-28,1.1780136777563572,1.1872380893510694,1.0821372936157647,1.0823537210744878,0.0032012035893507207,0.0032012035893507207,0.0,0.0,1
2020-03-02,1.17762509710623,1.186846465928246,1.08178033883585,1.081996694903617,-0.00032986089844666555,-0.00032986089844666555,0.0,-0.00032986089844666555,1
2020-03-03,1.177149936152096,1.1863675842361465,1.08134385036492,1.0815601191349928,-0.00040349085231083937,-0.00040349085231083937,0.0,-0.00073321865490239,1
2020-03-04,1.1818376411833373,1.1910919962441058,1.0856500316356146,1.0858671616419417,0.003982249743447852,0.003982249743447852,0.0,0.0,1
2020-03-05,1.1814542141227344,1.1907055667658821,1.0852978110039744,1.0855148705661752,-0.0003244329400602375,-0.0003244329400603485,1.1102230246251565e-16,-0.0003244329400602375,1
2020-03-06,1.1853925872371525,1.1946747792290335,1.0889156471155235,1.0891334302449465,0.0033334961840585375,0.0033334961840587596,-2.220446049250313e-16,0.0,1
2020-03-09,1.1932538726974158,1.2025976223215369,1.0961371168937968,1.0963563443171755,0.006631799072226441,0.006631799072226219,2.220446049250313e-16,0.0,1
2020-03-10,1.1860625538753027,1.1953499920270048,1.0895310863912384,1.0897489926085167,-0.006026646120038781,-0.00602664612003867,-1.1102230246251565e-16,-0.006026646120038781,1
2020-03-11,1.1857883829126135,1.1950736741742964,1.0892792297030227,1.0894970855489632,-0.00023116062621941769,-0.00023116062621941769,0.0,-0.0062564136229670275,1
2020-03-12,1.1848834125921583,1.1941616175025753,1.0884479132659801,1.0886656028486332,-0.0007631802887394512,-0.0007631802887394512,0.0,-0.007014819140151229,1
2020-03-13,1.1810697563442267,1.1903180984987387,1.0849446435426797,1.0851616324713882,-0.003218591979094798,-0.003218591979094798,0.0,-0.010210833278626819,1
2020-03-16,1.1809099950689756,1.1901570862161455,1.084797884946163,1.0850148445231522,-0.00013526828063537,-0.00013526828063548102,1.1102230246251565e-16,-0.010344720357400639,1
2020-03-17,1.178236312823804,1.18746246775778,1.082341808821233,1.0825582771829974,-0.0022640863879007656,-0.0022640863879005435,-2.220446049250313e-16,-0.012585385404753624,1
2020-03-18,1.1779683261685439,1.1871923826385913,1.082095633110947,1.082312052237569,-0.0002274472890908541,-0.0002274472890908541,0.0,-0.012809970182051988,1
2020-03-19,1.1769365775457927,1.1861525549297156,1.081147856626346,1.0813640861976712,-0.0008758712775469579,-0.00087587127754718,2.220446049250313e-16,-0.01367462157465027,1
2020-03-20,1.1786980744451752,1.1879278451939201,1.082765988506649,1.0829825417043502,0.0014966795433069002,0.0014966795433071223,-2.220446049250313e-16,-0.012198408557716589,1
2020-03-23,1.1821396415294572,1.1913963613976528,1.0859274527245137,1.0861446382150586,0.0029198037723969783,0.0029198037723969783,0.0,-0.009314221744643691,1
2020-03-24,1.1827302428889341,1.1919915874487874,1.0864699861167977,1.086687280114021,0.000499603717470265,0.000499603717470043,2.220446049250313e-16,-0.00881927144698258,1
2020-03-25,1.1834672061908993,1.192734321526556,1.0871469693200841,1.087364398713948,0.0006231034560890691,0.0006231034560890691,0.0,-0.0082016633094123,1
2020-03-26,1.1862027315103616,1.1954912673201188,1.0896598552243109,1.0898777871953558,0.002311450038625873,0.002311450038625651,2.220446049250313e-16,-0.005909171005759828,1
2020-03-27,1.1852884847287628,1.194569861548118,1.088820017320374,1.0890377813238379,-0.0007707340046626543,-0.0007707340046624322,-2.220446049250313e-16,-0.006675350611389019,1
2020-03-30,1.1846133645010886,1.1938894548055468,1.0881998438963842,1.0884174838651635,-0.0005695830478170683,-0.0005695830478171793,1.1102230246251565e-16,-0.0072411314926595916,1
2020-03-31,1.1867428276925012,1.1960355927141757,1.0901559939635028,1.0903740251622955,0.0017976018633805158,0.0017976018633805158,0.0,-0.005456546300743215,1
2020-04-01,1.1895731790592092,1.1988881070883743,1.0927559881959845,1.0929745393936237,0.002384974487026348,0.002384974487026348,0.0,-0.0030845855374315168,1
2020-04-02,1.1874457773036065,1.1967440467575854,1.090801731788176,1.0910198921345335,-0.0017883740093108669,-0.0017883740093108669,0.0,-0.004867443154137674,1
2020-04-03,1.1857646764008019,1.1950497820291375,1.0892574526209589,1.089475304111483,-0.0014157285620417515,-0.0014157285620417515,0.0,-0.006276280737882001,1
2020-04-07,1.1932188282886511,1.2025623034982582,1.0961049246855288,1.0963241456704658,0.006286366963194734,0.006286366963194512,2.220446049250313e-16,-2.9368778569738296e-05,1
2020-04-08,1.1960265038614526,1.205391964516218,1.098684088665602,1.098903825483335,0.002353026541517478,0.002353026541517478,0.0,0.0,1
2020-04-09,1.1936393611938283,1.2029861293776003,1.0964912311847468,1.0967105294309838,-0.0019958944554466784,-0.0019958944554466784,0.0,-0.0019958944554466784,1
2020-04-10,1.1925674145727883,1.2019057889008462,1.095506528343603,1.0957256296492717,-0.0008980489885721532,-0.0008980489885722642,1.1102230246251565e-16,-0.0028921510330217615,1
2020-04-13,1.1912305734502024,1.2005584796716635,1.0942784902811378,1.094497345979194,-0.001120977402409351,-0.001120977402409462,1.1102230246251565e-16,-0.004009886399478746,1
2020-04-14,1.1916026626138518,1.2009334824717675,1.0946202957865734,1.0948392198457306,0.0003123569625749223,0.00031235696257514434,-2.220446049250313e-16,-0.0036987819528397914,1
2020-04-15,1.1931683231113137,1.2025114028411805,1.0960585300324364,1.0962777417384428,0.0013139115466791473,0.0013139115466789253,2.220446049250313e-16,-0.002389730278477109,1
2020-04-16,1.1956801826454242,1.205042931439113,1.09836595390154,1.0985856270923202,0.00210520132445402,0.0021052013244542422,-2.220446049250313e-16,-0.0002895598173705549,1
2020-04-17,1.1936393611938283,1.2029861293776003,1.0964912311847468,1.0967105294309838,-0.0017068288671311382,-0.0017068288671311382,0.0,-0.0019958944554466784,1
2020-04-20,1.191380027546405,1.200709104065057,1.094415780581105,1.0946346637372213,-0.0018928109451447073,-0.0018928109451448183,1.1102230246251565e-16,-0.003884927549720807,1
2020-04-21,1.1922056325881871,1.2015411739899418,1.0951741911347168,1.0953932259729438,0.0006929821070464914,0.0006929821070462694,2.220446049250313e-16,-0.003194637627953467,1
2020-04-22,1.193944453693663,1.2032936108979073,1.0967714927626109,1.0969908470611633,0.001458490933062384,0.0014584909330626061,-2.220446049250313e-16,-0.001740806044905896,1
2020-04-23,1.1989846642483617,1.2083732887164913,1.101401489775297,1.101621770073252,0.004221478259818445,0.004221478259818667,-2.220446049250313e-16,0.0,1
2020-04-24,1.2008368643233707,1.2102399924056522,1.103102942665235,1.1033235632537681,0.001544807144109761,0.001544807144109761,0.0,0.0,1
2020-04-26,1.200197819222366,1.2095959432752794,1.1025159082791685,1.1027364114608242,-0.0005321664582348395,-0.0005321664582348395,0.0,-0.0005321664582348395,1
2020-04-27,1.1989073604054983,1.2082953795474947,1.101330477551176,1.1015507436466863,-0.0010752051005256114,-0.0010752051005256114,0.0,-0.0016067993706702088,1
2020-04-28,1.2002926452696117,1.2096915118559155,1.1026030166074234,1.1028235372107449,0.0011554561343629643,0.0011554561343629643,0.0,-0.0004531998224968081,1
2020-04-29,1.2030395084860273,1.2124598843275978,1.1051263176378547,1.1053473429013823,0.002288494582751266,0.002288494582751266,0.0,0.0,1
2020-04-30,1.2001122696362636,1.209509723794923,1.102437321417808,1.1026578088820915,-0.0024332025915320132,-0.0024332025915320132,0.0,-0.0024332025915320132,1
2020-05-06,1.1965892758374987,1.205959143266514,1.0992010576572022,1.0994208978687336,-0.0029355535210323636,-0.0029355535210325856,2.220446049250313e-16,-0.005361613316129499,1
2020-05-07,1.1907244909589227,1.200048434311965,1.0938135969205591,1.0940323596399433,-0.004901251412663066,-0.004901251412663066,0.0,-0.010236586113952617,1
2020-05-08,1.1913851811359293,1.200714298009657,1.0944205147293797,1.0946393988323255,0.0005548640193622223,0.0005548640193624443,-2.220446049250313e-16,-0.009687402007906187,1
2020-05-09,1.1900689543714404,1.1993877645588733,1.0932114132600137,1.0934300555426657,-0.0011047869197381432,-0.0011047869197380322,-1.1102230246251565e-16,-0.010781486412619667,1
2020-05-11,1.1867995171772678,1.1960927261047734,1.0902080695945249,1.0904261112084437,-0.002747267023614941,-0.002747267023615052,1.1102230246251565e-16,-0.013499133814147801,1
2020-05-12,1.1873251833087395,1.1966225084539508,1.0906909527185473,1.090909090909091,0.00044292749016450195,0.0004429274901642799,2.220446049250313e-16,-0.013062185461442999,1
2020-05-13,1.1858739324987158,1.195159893654653,1.0893578165643834,1.0895756881276961,-0.001222285882945262,-0.001222285882945262,0.0,-0.01426850561949844,1
2020-05-14,1.1857131405055596,1.1949978425831398,1.0892101111382115,1.0894279531604392,-0.0001355894490548959,-0.00013558944905511794,2.220446049250313e-16,-0.014402160409737519,1
2020-05-15,1.1872973539253084,1.1965944611531119,1.0906653883178636,1.0908835213955272,0.0013360848974595108,0.0013360848974597328,-2.220446049250313e-16,-0.013085318021292314,1
2020-05-18,1.1838341417650247,1.1931041303820602,1.087484040677245,1.0877015374853805,-0.0029168869523999996,-0.0029168869523999996,0.0,-0.015964036580288,1
2020-05-19,1.1828807277030418,1.1921432506311012,1.0866082232464198,1.086825544891069,-0.0008053611805463046,-0.0008053611805464156,1.1102230246251565e-16,-0.01675654094548773,1
2020-05-20,1.184415466663358,1.1936900073329153,1.0880180526026344,1.088235656213155,0.0012974587584129171,0.0012974587584129171,0.0,-0.015480823107885122,1
2020-05-21,1.1845669821953706,1.1938427093041488,1.0881572365619117,1.088374868009224,0.00012792431057961906,0.00012792431057961906,0.0,-0.015354879170928926,1
2020-05-22,1.1904441356888045,1.1997658837257372,1.093556059254414,1.0937747704662648,0.0049614361887257985,0.0049614361887260205,-2.220446049250313e-16,-0.010469625235395186,1
2020-05-25,1.186233653047507,1.1955224309877175,1.0896882601139593,1.089906197765982,-0.0035369006533525482,-0.0035369006533527703,2.220446049250313e-16,-0.013969495864412318,1
2020-05-26,1.181518118632835,1.1907699716789195,1.0853565144425814,1.0855735857454698,-0.0039752155088145225,-0.0039752155088143,-2.220446049250313e-16,-0.01788917961661629,1
2020-05-27,1.1800565606437627,1.189296968990422,1.0840139099918678,1.0842307127738662,-0.0012370169919725393,-0.0012370169919726504,1.1102230246251565e-16,-0.0191040673894306,1
2020-05-28,1.1810780020874656,1.1903264088100984,1.0849522181799194,1.0851692086235554,0.0008655868521638688,0.0008655868521638688,0.0,-0.018255016766821952,1
2020-05-29,1.1827281814531245,1.1919895098709476,1.0864680924574879,1.0866853860759793,0.0013971806796353459,0.0013971806796353459,0.0,-0.01688334164391958,1
2020-06-01,1.1804121583209348,1.189655351167807,1.084340566222824,1.0845574343360687,-0.0019582040645587107,-0.0019582040645589327,2.220446049250313e-16,-0.018808484680247872,1
2020-06-02,1.1749699677833458,1.18417054567044,1.079341305644709,1.0795571739058378,-0.004610415522430911,-0.0046104155224308,-1.1102230246251565e-16,-0.023332185272955552,1
2020-06-03,1.1717520664844154,1.1809274466623376,1.0763853034619673,1.0766005805226597,-0.0027387094029315273,-0.0027387094029316383,1.1102230246251565e-16,-0.026006994600689115,1
2020-06-04,1.1693721388421252,1.1785288830461595,1.074199073788697,1.0744139136034547,-0.002031084655502835,-0.002031084655502724,-1.1102230246251565e-16,-0.02798525684852271,1
2020-06-05,1.167957993876676,1.1771036646479802,1.072900023502111,1.0731146035068115,-0.0012093198721575549,-0.0012093198721575549,0.0,-0.029160733593446064,1
2020-06-08,1.1703935802858279,1.1795583228658357,1.0751373819767487,1.075352409453144,0.0020853373339804193,0.0020853373339806414,-2.220446049250313e-16,-0.027136206225914283,1
2020-06-09,1.1702564948044833,1.1794201639394817,1.0750114536326407,1.0752264559233673,-0.00011712767709393113,-0.00011712767709404215,1.1102230246251565e-16,-0.027250155502207773,1
2020-06-10,1.1703647201844922,1.1795292367760772,1.07511087074641,1.0753258929205594,9.248005073181353e-05,9.248005073203558e-05,-2.220446049250313e-16,-0.027160195547239252,1
2020-06-11,1.1730109276131921,1.1824326518073538,1.0777572596319842,1.0779728110839106,0.0022610109336538287,0.0024615032343007215,-0.00020049230064689283,-0.024960594112677814,0
2020-06-12,1.1730109276131921,1.1824326518073538,1.0789909786723788,1.0792067768681133,0.0,0.00114470956179491,-0.00114470956179491,-0.024960594112677814,0
2020-06-15,1.1730109276131921,1.1824326518073538,1.0780157441277844,1.07823134727661,0.0,-0.0009038393868633365,0.0009038393868633365,-0.024960594112677814,0
2020-06-16,1.1730109276131921,1.1824326518073538,1.0725932506939087,1.0728077693440474,0.0,-0.005030068868115745,0.005030068868115745,-0.024960594112677814,0
2020-06-17,1.1730109276131921,1.1824326518073538,1.0699553832752289,1.0701693743518839,0.0,-0.002459336208738283,0.002459336208738283,-0.024960594112677814,0
2020-06-18,1.1730109276131921,1.1824326518073538,1.0718528299037409,1.0720672004697216,0.0,0.0017733885526176607,-0.0017733885526176607,-0.024960594112677814,0
2020-06-19,1.1730109276131921,1.1824326518073538,1.0710508651860013,1.0712650753590385,0.0,-0.000748204133408481,0.000748204133408481,-0.024960594112677814,0
2020-06-22,1.1730109276131921,1.1824326518073538,1.0689394350554717,1.0691532229424827,0.0,-0.001971363078225874,0.001971363078225874,-0.024960594112677814,0
2020-06-23,1.1730109276131921,1.1824326518073538,1.0685256704962605,1.0687393756303596,0.0,-0.0003870795160529905,0.0003870795160529905,-0.024960594112677814,0
2020-06-24,1.1730109276131921,1.1824326518073538,1.0706266855005855,1.0708408108376857,0.0,0.0019662747113500245,-0.0019662747113500245,-0.024960594112677814,0
2020-06-28,1.1730109276131921,1.1824326518073538,1.0718604045409803,1.0720747766218885,0.0,0.001152333541749817,-0.001152333541749817,-0.024960594112677814,0
2020-06-29,1.1730109276131921,1.1824326518073538,1.071354797505239,1.07156906846474,0.0,-0.0004717097801161252,0.0004717097801161252,-0.024960594112677814,0
2020-06-30,1.1730109276131921,1.1824326518073538,1.0730695060103463,1.0732841199115484,0.0,0.0016005048085845353,-0.0016005048085845353,-0.024960594112677814,0
2020-07-01,1.1730109276131921,1.1824326518073538,1.07212835733333,1.0723427830047967,0.0,-0.0008770621770024523,0.0008770621770024523,-0.024960594112677814,0
2020-07-02,1.1730109276131921,1.1824326518073538,1.0720563982795541,1.07227080955921,0.0,-6.711794654412628e-05,6.711794654412628e-05,-0.024960594112677814,0
2020-07-03,1.1730109276131921,1.1824326518073538,1.069428945987079,1.0696428317762763,0.0,-0.0024508526759335902,0.0024508526759335902,-0.024960594112677814,0
2020-07-06,1.1730109276131921,1.1824326518073538,1.0622103166977703,1.06242275876111,0.0,-0.00674998494887924,0.00674998494887924,-0.024960594112677814,0
2020-07-07,1.1730109276131921,1.1824326518073538,1.0602768905423705,1.060488945920479,0.0,-0.0018201914677410391,0.0018201914677410391,-0.024960594112677814,0
2020-07-08,1.1730109276131921,1.1824326518073538,1.0574316674292574,1.0576431537627433,0.0,-0.002683471778449964,0.002683471778449964,-0.024960594112677814,0
2020-07-09,1.1730109276131921,1.1824326518073538,1.054385716429296,1.0545965935725818,0.0,-0.002880518045545677,0.002880518045545677,-0.024960594112677814,0
2020-07-10,1.1730109276131921,1.1824326518073538,1.0573189947003188,1.0575304584992589,0.0,0.0027819783835429934,-0.0027819783835429934,-0.024960594112677814,0
2020-07-13,1.1730109276131921,1.1824326518073538,1.0566306495411733,1.0568419756710814,0.0,-0.0006510288404878439,0.0006510288404878439,-0.024960594112677814,0
2020-07-14,1.1730109276131921,1.1824326518073538,1.0587506011385974,1.058962351258825,0.0,0.0020063317284471083,-0.0020063317284471083,-0.024960594112677814,0
2020-07-15,1.1730109276131921,1.1824326518073538,1.0624148319032387,1.0626273148696193,0.0,0.0034609007642600886,-0.0034609007642600886,-0.024960594112677814,0
2020-07-16,1.1730109276131921,1.1824326518073538,1.0639894096194138,1.0642022075013378,0.0,0.0014820742979975154,-0.0014820742979975154,-0.024960594112677814,0
2020-07-17,1.1730109276131921,1.1824326518073538,1.0633237883719868,1.0635364531296612,0.0,-0.0006255901058874747,0.0006255901058874747,-0.024960594112677814,0
2020-07-20,1.1730109276131921,1.1824326518073538,1.0641068164966272,1.0643196378599264,0.0,0.0007363966960987067,-0.0007363966960987067,-0.024960594112677814,0
2020-07-21,1.1730109276131921,1.1824326518073538,1.0663659520533284,1.066579225243739,0.0,0.002123034569160076,-0.002123034569160076,-0.024960594112677814,0
2020-07-22,1.1730109276131921,1.1824326518073538,1.0681601942494512,1.0683738262883011,0.0,0.0016825764107226693,-0.0016825764107226693,-0.024960594112677814,0
2020-07-23,1.1730109276131921,1.1824326518073538,1.067003168411107,1.0672165690447892,0.0,-0.001083195053113939,0.001083195053113939,-0.024960594112677814,0
2020-07-24,1.1730109276131921,1.1824326518073538,1.0702072399634446,1.0704212814114373,0.0,0.0030028697638346813,-0.0030028697638346813,-0.024960594112677814,0
2020-07-27,1.1730109276131921,1.1824326518073538,1.0690170750871772,1.0692308785021947,0.0,-0.0011120882309747504,0.0011120882309747504,-0.024960594112677814,0
2020-07-28,1.1730109276131921,1.1824326518073538,1.065651095663844,1.065864225882977,0.0,-0.0031486675954719434,0.0031486675954719434,-0.024960594112677814,0
2020-07-29,1.1730109276131921,1.1824326518073538,1.0638776837201303,1.0640904592568743,0.0,-0.0016641581385594684,0.0016641581385594684,-0.024960594112677814,0
2020-07-30,1.1730109276131921,1.1824326518073538,1.0635633362746881,1.063776048941943,0.0,-0.0002954732957110018,0.0002954732957110018,-0.024960594112677814,0
2020-07-31,1.1730109276131921,1.1824326518073538,1.061288104613853,1.0615003622347756,0.0,-0.0021392535669804147,0.0021392535669804147,-0.024960594112677814,0
2020-08-03,1.1730109276131921,1.1824326518073538,1.0616469530530772,1.0618592824436879,0.0,0.0003381253758185654,-0.0003381253758185654,-0.024960594112677814,0
2020-08-04,1.1730109276131921,1.1824326518073538,1.0619575131798997,1.0621699046825357,0.0,0.0002925267443469881,-0.0002925267443469881,-0.024960594112677814,0
2020-08-05,1.1730109276131921,1.1824326518073538,1.061106313320103,1.0613185345827671,0.0,-0.0008015385260073948,0.0008015385260073948,-0.024960594112677814,0
2020-08-06,1.1730109276131921,1.1824326518073538,1.05975424057284,1.0599661914209546,0.0,-0.0012742104445996327,0.0012742104445996327,-0.024960594112677814,0
2020-08-07,1.1730109276131921,1.1824326518073538,1.0590526397985254,1.059264450326485,0.0,-0.0006620410161655155,0.0006620410161655155,-0.024960594112677814,0
2020-08-10,1.1730109276131921,1.1824326518073538,1.0609178942187687,1.0611300777976125,0.0,0.0017612480722375423,-0.0017612480722375423,-0.024960594112677814,0
2020-08-11,1.1730109276131921,1.1824326518073538,1.060775869770527,1.060988024944481,0.0,-0.00013386940593207441,0.00013386940593207441,-0.024960594112677814,0
2020-08-12,1.1730109276131921,1.1824326518073538,1.060633845322285,1.0608459720913495,0.0,-0.00013388732934949132,0.00013388732934949132,-0.024960594112677814,0
2020-08-13,1.1730109276131921,1.1824326518073538,1.0612246670269714,1.0614369119603768,0.0,0.0005570458714778681,-0.0005570458714778681,-0.024960594112677814,0
2020-08-14,1.1730109276131921,1.1824326518073538,1.0627736803424632,1.0629862350785317,0.0,0.0014596469189049888,-0.0014596469189049888,-0.024960594112677814,0
2020-08-17,1.1730109276131921,1.1824326518073538,1.0630709848541162,1.063283599051087,0.0,0.00027974395410046426,-0.00027974395410046426,-0.024960594112677814,0
2020-08-18,1.1730109276131921,1.1824326518073538,1.0613288182890155,1.0615410840526733,0.0,-0.0016388054889295844,0.0016388054889295844,-0.024960594112677814,0
2020-08-19,1.1730109276131921,1.1824326518073538,1.0598214654783416,1.060033429771437,0.0,-0.001420250524341693,0.001420250524341693,-0.024960594112677814,0
2020-08-20,1.1730109276131921,1.1824326518073538,1.0581436833297768,1.0583553120664428,0.0,-0.0015830799839551268,0.0015830799839551268,-0.024960594112677814,0
2020-08-21,1.1730109276131921,1.1824326518073538,1.0595203736480685,1.059732277722798,0.0,0.0013010428923598827,-0.0013010428923598827,-0.024960594112677814,0
2020-08-24,1.1730109276131921,1.1824326518073538,1.0585375644662347,1.0587492719791278,0.0,-0.0009275981909152575,0.0009275981909152575,-0.024960594112677814,0
2020-08-25,1.1730109276131921,1.1824326518073538,1.0551176157525692,1.0553286392757197,0.0,-0.003230824137440913,0.003230824137440913,-0.024960594112677814,0
2020-08-26,1.1730109276131921,1.1824326518073538,1.0546754463037096,1.0548863813929703,0.0,-0.0004190712412135422,0.0004190712412135422,-0.024960594112677814,0
2020-08-27,1.1730109276131921,1.1824326518073538,1.0543118637162103,1.0545227260889536,0.0,-0.0003447340968953938,0.0003447340968953938,-0.024960594112677814,0
2020-08-28,1.1730109276131921,1.1824326518073538,1.0526766889021186,1.052887224239899,0.0,-0.0015509403530071797,0.0015509403530071797,-0.024960594112677814,0
2020-08-31,1.1730109276131921,1.1824326518073538,1.0558059609117154,1.0560171221038976,0.0,0.0029726810164860673,-0.0029726810164860673,-0.024960594112677814,0
2020-09-01,1.1730109276131921,1.1824326518073538,1.054929196651235,1.0551401824905653,0.0,-0.0008304217753452026,0.0008304217753452026,-0.024960594112677814,0
2020-09-02,1.1730109276131921,1.1824326518073538,1.0514079371644907,1.0516182187519236,0.0,-0.0033379107317556,0.0033379107317556,-0.024960594112677814,0
2020-09-03,1.1730109276131921,1.1824326518073538,1.0514249800982798,1.0516352650942995,0.0,1.6209630141261755e-05,-1.6209630141261755e-05,-0.024960594112677814,0
2020-09-04,1.1730109276131921,1.1824326518073538,1.0506930807750066,1.0509032193911616,0.0,-0.0006961022775060499,0.0006961022775060499,-0.024960594112677814,0
2020-09-07,1.1730109276131921,1.1824326518073538,1.0491478547781345,1.0493576843490902,0.0,-0.00147067304919557,0.00147067304919557,-0.024960594112677814,0
2020-09-08,1.1730109276131921,1.1824326518073538,1.050528332415046,1.050738438081529,0.0,0.001315808473157043,-0.001315808473157043,-0.024960594112677814,0
2020-09-09,1.1730109276131921,1.1824326518073538,1.05308855980202,1.0532991775139804,0.0,0.002437085519710225,-0.002437085519710225,-0.024960594112677814,0
2020-09-10,1.1730109276131921,1.1824326518073538,1.0532419462061213,1.0534525945953626,0.0,0.00014565385092590866,-0.00014565385092590866,-0.024960594112677814,0
2020-09-11,1.1730109276131921,1.1824326518073538,1.0502954123199293,1.0505054714023931,0.0,-0.0027975850153003634,0.0027975850153003634,-0.024960594112677814,0
2020-09-14,1.1730109276131921,1.1824326518073538,1.0491203967181413,1.0493302207974848,0.0,-0.001118747723740543,0.001118747723740543,-0.024960594112677814,0
2020-09-15,1.1730109276131921,1.1824326518073538,1.051476108899647,1.0516864041214269,0.0,0.002245416435401326,-0.002245416435401326,-0.024960594112677814,0
2020-09-16,1.1730109276131921,1.1824326518073538,1.0507782954439517,1.0509884511030405,0.0,-0.0006636512706175157,0.0006636512706175157,-0.024960594112677814,0
2020-09-17,1.1730109276131921,1.1824326518073538,1.0501079400482498,1.0503179616362595,0.0,-0.0006379608320884467,0.0006379608320884467,-0.024960594112677814,0
2020-09-18,1.1730109276131921,1.1824326518073538,1.0507442095763735,1.0509543584182888,0.0,0.0006059086917240553,-0.0006059086917240553,-0.024960594112677814,0
2020-09-21,1.1730109276131921,1.1824326518073538,1.0523500326711621,1.0525605026776963,0.0,0.0015282721333635951,-0.0015282721333635951,-0.024960594112677814,0
2020-09-22,1.1730109276131921,1.1824326518073538,1.0540003567597331,1.054211156831085,0.0,0.0015682273362809251,-0.0015682273362809251,-0.024960594112677814,0
2020-09-23,1.1730109276131921,1.1824326518073538,1.053668966380502,1.053879700173778,0.0,-0.00031441201808513064,0.00031441201808513064,-0.024960594112677814,0
2020-09-24,1.1730109276131921,1.1824326518073538,1.0536737005287768,1.0538844352688825,0.0,4.493012915718353e-06,-4.493012915718353e-06,-0.024960594112677814,0
2020-09-25,1.1730109276131921,1.1824326518073538,1.051634229452023,1.0518445562979133,0.0,-0.0019355812674554107,0.0019355812674554107,-0.024960594112677814,0
2020-09-27,1.1730109276131921,1.1824326518073538,1.0514495976693083,1.051659887588842,0.0,-0.00017556653971861902,0.00017556653971861902,-0.024960594112677814,0
2020-09-28,1.1730109276131921,1.1824326518073538,1.0525128873718128,1.0527233899492872,0.0,0.0010112607440826427,-0.0010112607440826427,-0.024960594112677814,0
2020-09-29,1.1730109276131921,1.1824326518073538,1.051349233725884,1.0515595035726293,0.0,-0.001105595627274858,0.001105595627274858,-0.024960594112677814,0
2020-09-30,1.1730109276131921,1.1824326518073538,1.0494565212456468,1.049666412549896,0.0,-0.0018002699954701162,0.0018002699954701162,-0.024960594112677814,0
2020-10-09,1.1730109276131921,1.1824326518073538,1.045858568556852,1.0460677402705634,0.0,-0.003428396142151957,0.003428396142151957,-0.024960594112677814,0
2020-10-10,1.1730109276131921,1.1824326518073538,1.0455423274521,1.0457514359175906,0.0,-0.0003023746367429858,0.0003023746367429858,-0.024960594112677814,0
2020-10-12,1.1730109276131921,1.1824326518073538,1.0457828221844563,1.0459919787488932,0.0,0.00023001912599962537,-0.00023001912599962537,-0.024960594112677814,0
2020-10-13,1.1727763723387243,1.1824326518073538,1.045826376348584,1.0460355416238536,-0.00019996000799848979,4.164742736612048e-05,-0.00024160743536461027,-0.02515556300007782,1
2020-10-14,1.1709883639344258,1.1806299214925091,1.0442319152096549,1.0444407615926967,-0.0015245944976985948,-0.0015245944976985948,0.0,-0.026641805464839963,1
2020-10-15,1.1707006262399098,1.1803398146544313,1.0439753243731642,1.0441841194380388,-0.00024572207835549253,-0.0002457220783557146,2.220446049250313e-16,-0.026880981063385434,1
2020-10-16,1.1709108552565672,1.1805517746320675,1.0441627966448435,1.0443716292041725,0.00017957538583779353,0.0001795753858375715,2.220446049250313e-16,-0.02670623284009399,1
2020-10-19,1.172539599254307,1.1821939292062789,1.045615233335531,1.045824356382198,0.0013910059766104599,0.001391005976610904,-4.440892098500626e-16,-0.025352375392976856,1
2020-10-20,1.172970674914726,1.1826285542109265,1.045999646175439,1.0462088461046741,0.00036764273095180044,0.0003676427309515784,2.220446049250313e-16,-0.024994053278550754,1
2020-10-21,1.1739591759980998,1.1836251943077913,1.0468811445841937,1.0470905208131105,0.0008427329894209468,0.0008427329894209468,0.0,-0.024172383602367065,1
2020-10-22,1.1759744016224223,1.1856570126792731,1.0486782272692814,1.0488879629147352,0.0017166062206628308,0.0017166062206626087,2.220446049250313e-16,-0.022497271845764444,1
2020-10-23,1.1742511607434576,1.1839195831656193,1.047141522739304,1.0473509510438517,-0.0014653727807231176,-0.0014653727807232286,1.1102230246251565e-16,-0.023929677736684307,1
2020-10-26,1.1737319587780761,1.1833961062511542,1.0466785230380353,1.046887858742643,-0.00044215580340811744,-0.0004421558034078954,-2.220446049250313e-16,-0.02436125289420743,1
2020-10-27,1.175718516809218,1.185399020989322,1.0484500413224394,1.0486597313307038,0.0016925142203760846,0.0016925142203760846,0.0,-0.022709970440780936,1
2020-10-28,1.1744019310483331,1.1840715948667524,1.0472759725503062,1.0474854277448162,-0.0011198137496871707,-0.0011198137496872818,1.1102230246251565e-16,-0.023804353253313537,1
2020-10-29,1.1748584890138012,1.1845319119899016,1.047683109301933,1.0478926459237934,0.0003887578463537267,0.0003887578463537267,0.0,-0.023424849536064385,1
2020-10-30,1.174908012811902,1.1848188073131667,1.0479368596494585,1.0481464470213884,4.215298996768091e-05,0.00024220143025366347,-0.00020004844028598257,-0.023383683973544178,0
2020-11-02,1.174908012811902,1.1848188073131667,1.0482957080886832,1.0485053672303009,0.0,0.00034243326391325546,-0.00034243326391325546,-0.023383683973544178,0
2020-11-03,1.174908012811902,1.1848188073131667,1.0486005872375757,1.0488103073550232,0.0,0.0002908331557021082,-0.0002908331557021082,-0.023383683973544178,0
2020-11-04,1.174908012811902,1.1848188073131667,1.0496174822869877,1.0498274057834451,0.0,0.000969763951869318,-0.000969763951869318,-0.023383683973544178,0
2020-11-05,1.174908012811902,1.1848188073131667,1.0493353270498138,1.0495451941152238,0.0,-0.0002688172043010528,0.0002688172043010528,-0.023383683973544178,0
2020-11-06,1.174908012811902,1.1848188073131667,1.047559074617135,1.0477685864320585,0.0,-0.00169274052525481,0.00169274052525481,-0.023383683973544178,0
2020-11-09,1.174908012811902,1.1848188073131667,1.0461142125636873,1.0463234354062,0.0,-0.0013792654643136615,0.0013792654643136615,-0.023383683973544178,0
2020-11-10,1.174908012811902,1.1848188073131667,1.0463092594726064,1.046518521324501,0.0,0.00018644896185970872,-0.00018644896185970872,-0.023383683973544178,0
2020-11-11,1.174908012811902,1.1848188073131667,1.0464295068387843,1.0466387927401521,0.0,0.00011492526238221501,-0.00011492526238221501,-0.023383683973544178,0
2020-11-12,1.174908012811902,1.1848188073131667,1.0445121767875187,1.0447210792228763,0.0,-0.00183225916197427,0.00183225916197427,-0.023383683973544178,0
2020-11-13,1.174908012811902,1.1848188073131667,1.0435719749401573,1.0437806893351453,0.0,-0.0009001348842606616,0.0009001348842606616,-0.023383683973544178,0
2020-11-16,1.174908012811902,1.1848188073131667,1.0434545680629441,1.0436632589765567,0.0,-0.00011250482001479156,0.00011250482001479156,-0.023383683973544178,0
2020-11-17,1.174908012811902,1.1848188073131667,1.0425759101431542,1.0427844253251828,0.0,-0.0008420662927577371,0.0008420662927577371,-0.023383683973544178,0
2020-11-18,1.174908012811902,1.1848188073131667,1.0402665926147405,1.0404746459332634,0.0,-0.002215011401996203,0.002215011401996203,-0.023383683973544178,0
2020-11-19,1.174908012811902,1.1848188073131667,1.0386711846461567,1.0388789188830858,0.0,-0.0015336529884841799,0.0015336529884841799,-0.023383683973544178,0
2020-11-20,1.174908012811902,1.1848188073131667,1.0397240592224566,1.039932004034301,0.0,0.0010136745794662172,-0.0010136745794662172,-0.023383683973544178,0
2020-11-23,1.174908012811902,1.1848188073131667,1.0418686283909093,1.0420770021165875,0.0,0.0020626330125095294,-0.0020626330125095294,-0.023383683973544178,0
2020-11-24,1.174908012811902,1.1848188073131667,1.0409388416697525,1.0411470294380865,0.0,-0.0008924222265842552,0.0008924222265842552,-0.023383683973544178,0
2020-11-25,1.174908012811902,1.1848188073131667,1.0414965243365155,1.0417048236413828,0.0,0.000535749694831722,-0.000535749694831722,-0.023383683973544178,0
2020-11-26,1.174908012811902,1.1848188073131667,1.0411443037048755,1.0413525325656166,0.0,-0.00033818704470889305,0.00033818704470889305,-0.023383683973544178,0
2020-11-27,1.174908012811902,1.1848188073131667,1.040683197662917,1.0408913343024495,0.0,-0.0004428838925764067,0.0004428838925764067,-0.023383683973544178,0
2020-11-30,1.174908012811902,1.1848188073131667,1.043768915508386,1.0439776692914877,0.0,0.002965088561436069,-0.002965088561436069,-0.023383683973544178,0
2020-12-01,1.174908012811902,1.1848188073131667,1.0428807892920466,1.043089365449905,0.0,-0.0008508839486820463,0.0008508839486820463,-0.023383683973544178,0
2020-12-02,1.1746730781962627,1.1848188073131667,1.041734178579907,1.041942525415623,-0.00019996000799848979,-0.0010994647939751578,0.000899504785976668,-0.023578968179908344,1
2020-12-03,1.1746848224287263,1.1848306529813433,1.0417445937061114,1.0419529426248526,9.997873179790062e-06,9.997873179568018e-06,2.220446049250313e-16,-0.023569206046262003,1
2020-12-04,1.1756659996681702,1.1858203047135392,1.0426147301590067,1.0428232531050385,0.0008352685083776734,0.0008352685083776734,0.0,-0.02275362415346227,1
2020-12-07,1.1752901842293406,1.1854412433318928,1.0422814461204657,1.0424899024096899,-0.00031966173975916945,-0.00031966173975905843,-1.1102230246251565e-16,-0.023066012430138727,1
2020-12-08,1.1767389954523282,1.1869025680332963,1.0435662939622277,1.0437750072210201,0.0012327263874305494,0.0012327263874305494,0.0,-0.021861720124883632,1
2020-12-09,1.175942522959809,1.1860992163551483,1.042859959039638,1.0430685310314458,-0.0006768471985693081,-0.0006768471985694191,1.1102230246251565e-16,-0.022523770279430422,1
2020-12-10,1.1767005597824478,1.1868638003919916,1.0435322080946496,1.0437409145362686,0.0006446206407526578,0.0006446206407528798,-2.220446049250313e-16,-0.021893668925907384,1
2020-12-11,1.173790125446513,1.1839282284420831,1.0409511504552669,1.0411593406853579,-0.0024733856984591185,-0.0024733856984591185,0.0,-0.02431290313675838,1
2020-12-14,1.1738936882236903,1.1840326856978207,1.0410429929317964,1.0412512015303828,8.822938183938867e-05,8.822938183916662e-05,2.220446049250313e-16,-0.024226818867333466,1
2020-12-15,1.1749399925704316,1.1850880270444497,1.0419708859936436,1.0421792801708423,0.000891310991137928,0.000891310991137928,0.0,-0.02335710150613235,1
2020-12-16,1.1752122452320835,1.1853626311703582,1.0422123275556547,1.0424207700211658,0.00023171622667828018,0.00023171622667828018,0.0,-0.02313079749888114,1
2020-12-17,1.1748908803255844,1.1850384906138935,1.0419273318295161,1.042135717295882,-0.00027345265317213485,-0.0002734526531719128,-2.220446049250313e-16,-0.023397924974107198,1
2020-12-18,1.1743047363599102,1.1844472840839964,1.0414075223489507,1.0416158038534205,-0.0004988922592639167,-0.0004988922592640277,1.1102230246251565e-16,-0.023885144189718654,1
2020-12-21,1.175906222604922,1.1860626024716938,1.0428277668313697,1.043036332384736,0.0013637739808289862,0.0013637739808287641,2.220446049250313e-16,-0.02255394414706413,1
2020-12-22,1.179138021847356,1.1893223149780667,1.0456938201968915,1.0459029589609308,0.002748347768136483,0.002748347768136483,0.0,-0.019867582460986966,1
2020-12-23,1.1794156127964914,1.189602303498601,1.0459399959071773,1.0461491839063588,0.00023541853794228906,0.00023541853794206702,2.220446049250313e-16,-0.019636841120259985,1
2020-12-24,1.178097055788098,1.1882723580260635,1.044770661283319,1.0449796154155757,-0.0011179748632179631,-0.0011179748632178521,-1.1102230246251565e-16,-0.020732862488712533,1
2020-12-25,1.1804096019258954,1.1906048777778984,1.0468214943159322,1.0470308586147954,0.001962950443204603,0.001962950443204603,0.0,-0.018810609627119113,1
2020-12-28,1.181572280939774,1.1917775989273667,1.0478525918101684,1.0480621623285304,0.0009849792919183198,0.0009849792919183198,0.0,-0.017844158396151832,1
2020-12-29,1.1822064694927987,1.1924172650088949,1.0484150086252062,1.0486246916269313,0.0005367327613003958,0.0005367327613001738,2.220446049250313e-16,-0.01731700317926055,1
2020-12-30,1.1846780965976003,1.1949102397205742,1.0506069192764065,1.0508170406602617,0.002090689882505936,0.002090689882506158,-2.220446049250313e-16,-0.015262517780096907,1
2020-12-31,1.1831502787198591,1.1933692259787112,1.0492520060401787,1.0494618564413867,-0.0012896481180237895,-0.0012896481180240116,2.220446049250313e-16,-0.016532482620789324,1
2021-01-04,1.1811003763262438,1.1913016184424585,1.0474340931026822,1.0476435799213026,-0.0017325799017122723,-0.0017325799017122723,0.0,-0.01823641867538739,1
2021-01-05,1.1831438727748789,1.1933627647051603,1.049246325062249,1.0494561743272615,0.0017301632355679608,0.0017301632355679608,0.0,-0.016537807420960116,1
2021-01-06,1.1837994144778372,1.1940239683651912,1.049827678470386,1.05003764400608,0.0005540676142967715,0.0005540676142967715,0.0,-0.015992902870166636,1
2021-01-07,1.1848339745921148,1.1950674640436436,1.0507451564060286,1.0509553054373098,0.0008739319361243947,0.0008739319361243947,0.0,-0.01513294764261175,1
2021-01-08,1.1831321285424157,1.193350919036984,1.0492359099360447,1.0494457571180318,-0.001436358246128977,-0.001436358246129088,1.1102230246251565e-16,-0.016547569554606012,1
2021-01-11,1.181611784267151,1.1918174434475965,1.0478876245074014,1.0480972020323027,-0.0012850164732975955,-0.0012850164732977065,1.1102230246251565e-16,-0.01781132212843295,1
2021-01-12,1.18237622703477,1.1925884887579907,1.0485655545403427,1.0487752676512507,0.0006469491738296806,0.0006469491738296806,0.0,-0.01717589597473912,1
2021-01-13,1.1850507090639397,1.1952860704654453,1.0509373628259828,1.051147550298548,0.002261955178071373,0.002261955178071595,-2.220446049250313e-16,-0.014952791903505847,1
2021-01-14,1.186595609461628,1.1968443142701106,1.0523074253366895,1.0525178868217568,0.001303657629055044,0.0013036576290545998,4.440892098500626e-16,-0.01366862759569154,1
2021-01-15,1.1832196764571428,1.1934392231088446,1.04931354996775,1.0495234126777435,-0.00284505772443977,-0.002845057724439881,1.1102230246251565e-16,-0.016474797285607745,1
2021-01-18,1.1821285304955413,1.1923386528473603,1.0483458900603952,1.0485555592384073,-0.0009221837527825238,-0.0009221837527824128,-1.1102230246251565e-16,-0.017381788248003183,1
2021-01-19,1.1823089646124796,1.1925206453857076,1.0485059042720812,1.0487156054529356,0.00015263493967321295,0.00015263493967321295,0.0,-0.017231806376530545,1
2021-01-20,1.183229285374613,1.1934489150191707,1.0493220714346445,1.0495319358489315,0.0007784096963479037,0.0007784096963476816,2.220446049250313e-16,-0.01646681008535178,1
2021-01-21,1.1852204666059112,1.1954572942145412,1.0510879087411191,1.0512981263228673,0.0016828363326621965,0.0016828363326621965,0.0,-0.014811684698984307,1
2021-01-22,1.1861802906954215,1.1964254083682344,1.0519391086009156,1.0521494964226357,0.0008098274680143902,0.0008098274680143902,0.0,-0.014013852140086658,1
2021-01-25,1.1857105213968846,1.1959515816411765,1.0515225035527394,1.0517328080534498,-0.0003960353263512406,-0.00039603532635101857,-2.220446049250313e-16,-0.014404337485932173,1
2021-01-26,1.1826175176290183,1.1928318633950705,1.0487795380423606,1.048989293949969,-0.0026085656760660436,-0.0026085656760661546,1.1102230246251565e-16,-0.016975328501645848,1
2021-01-27,1.1829132587555973,1.1931301588573318,1.0490418098567806,1.049251618218752,0.000250073351840685,0.000250073351840685,0.0,-0.01672950022710229,1
2021-01-28,1.1799473062298351,1.1901385892033165,1.0464115170753405,1.0466207993787555,-0.0025073288373504976,-0.0025073288373503866,-1.1102230246251565e-16,-0.019194882706098815,1
2021-01-29,1.1801639130098236,1.1905951858675723,1.0468129728490376,1.0470223354436075,0.00018357326538631646,0.00038364999538531563,-0.00020007672999899917,-0.019014833108009555,0
2021-02-01,1.1801639130098236,1.1905951858675723,1.0476603853902142,1.0478699174672923,0.0,0.000809516659762366,-0.000809516659762366,-0.019014833108009555,0
2021-02-02,1.1801639130098236,1.1905951858675723,1.047016541224851,1.047225944533096,0.0,-0.0006145542719201424,0.0006145542719201424,-0.019014833108009555,0
2021-02-03,1.1801639130098236,1.1905951858675723,1.0448151622771016,1.045024125309557,0.0,-0.002102525472209127,0.002102525472209127,-0.019014833108009555,0
2021-02-04,1.1801639130098236,1.1905951858675723,1.0437859584421751,1.0439947156338636,0.0,-0.000985058287901741,0.000985058287901741,-0.019014833108009555,0
2021-02-05,1.1801639130098236,1.1905951858675723,1.044013197559362,1.044222000198874,0.0,0.00021770662399611673,-0.00021770662399611673,-0.019014833108009555,0
2021-02-07,1.1801639130098236,1.1905951858675723,1.0440671668496941,1.0442759802830641,0.0,5.169406905802809e-05,-5.169406905802809e-05,-0.019014833108009555,0
2021-02-08,1.1801639130098236,1.1905951858675723,1.0434952817381067,1.0437039807944544,0.0,-0.0005477474340209731,0.0005477474340209731,-0.019014833108009555,0
2021-02-09,1.1801639130098236,1.1905951858675723,1.0445178577654484,1.0447267613370015,0.0,0.000979952708208165,-0.000979952708208165,-0.019014833108009555,0
2021-02-10,1.1801639130098236,1.1905951858675723,1.0431648381885306,1.0433734711561682,0.0,-0.0012953532262361955,0.0012953532262361955,-0.019014833108009555,0
2021-02-18,1.1801639130098236,1.1905951858675723,1.0403319238609319,1.040539990245704,0.0,-0.002715691925082586,0.002715691925082586,-0.019014833108009555,0
2021-02-19,1.1801639130098236,1.1905951858675723,1.0422738714832263,1.042482326257523,0.0,0.0018666615699798328,-0.0018666615699798328,-0.019014833108009555,0
2021-02-20,1.1801639130098236,1.1905951858675723,1.042314585158389,1.0425230480754206,0.0,3.9062358058394864e-05,-3.9062358058394864e-05,-0.019014833108009555,0
2021-02-22,1.1801639130098236,1.1905951858675723,1.0413933199041265,1.0416015985681073,0.0,-0.0008838648785889358,0.0008838648785889358,-0.019014833108009555,0
2021-02-23,1.1801639130098236,1.1905951858675723,1.0414785345730717,1.0416868302799862,0.0,8.182755479269055e-05,-8.182755479269055e-05,-0.019014833108009555,0
2021-02-24,1.1801639130098236,1.1905951858675723,1.0417294444316323,1.0419377903205187,0.0,0.0002409169754644669,-0.0002409169754644669,-0.019014833108009555,0
2021-02-25,1.1801639130098236,1.1905951858675723,1.0413062115758716,1.0415144728181867,0.0,-0.0004062790564508534,0.0004062790564508534,-0.019014833108009555,0
2021-02-26,1.1801639130098236,1.1905951858675723,1.040522236621576,1.0407303410689004,0.0,-0.0007528764791568943,0.0007528764791568943,-0.019014833108009555,0
2021-03-01,1.1801639130098236,1.1905951858675723,1.0423581393225163,1.0425666109503808,0.0,0.0017644050615401863,-0.0017644050615401863,-0.019014833108009555,0
2021-03-02,1.1801639130098236,1.1905951858675723,1.0427558077775938,1.0429643589391493,0.0,0.00038150846630879975,-0.00038150846630879975,-0.019014833108009555,0
2021-03-03,1.1801639130098236,1.1905951858675723,1.0424935359631737,1.0427020346703664,0.0,-0.00025151796083400235,0.00025151796083400235,-0.019014833108009555,0
2021-03-04,1.1801639130098236,1.1905951858675723,1.042315531988044,1.0425239950944416,0.0,-0.00017074827707719287,0.00017074827707719287,-0.019014833108009555,0
2021-03-05,1.1801639130098236,1.1905951858675723,1.0434820261229374,1.043690722528162,0.0,0.0011191372469223637,-0.0011191372469223637,-0.019014833108009555,0
2021-03-08,1.1801639130098236,1.1905951858675723,1.0441296576069206,1.044338483538442,0.0,0.0006206445993031107,-0.0006206445993031107,-0.019014833108009555,0
2021-03-09,1.1801639130098236,1.1905951858675723,1.043787852101485,1.0439966096719053,0.0,-0.0003273592536572334,0.0003273592536572334,-0.019014833108009555,0
2021-03-10,1.1801639130098236,1.1905951858675723,1.0440188785372917,1.0442276823129992,0.0,0.00022133466617924036,-0.00022133466617924036,-0.019014833108009555,0
2021-03-11,1.1801639130098236,1.1905951858675723,1.043838980902852,1.0440477486990327,0.0,-0.0001723126258901253,0.0001723126258901253,-0.019014833108009555,0
2021-03-12,1.1801639130098236,1.1905951858675723,1.043292660191948,1.0435013187239865,0.0,-0.0005233764219376713,0.0005233764219376713,-0.019014833108009555,0
2021-03-15,1.1801639130098236,1.1905951858675723,1.0427804253486224,1.0429889814336921,0.0,-0.0004909790539804337,0.0004909790539804337,-0.019014833108009555,0
2021-03-16,1.1801639130098236,1.1905951858675723,1.0429830468947807,1.0431916435041597,0.0,0.00019430892758709462,-0.00019430892758709462,-0.019014833108009555,0
2021-03-17,1.1801639130098236,1.1905951858675723,1.0431174967057832,1.0433261202051243,0.0,0.00012890891314376596,-0.00012890891314376596,-0.019014833108009555,0
2021-03-18,1.1801639130098236,1.1905951858675723,1.0431866152705942,1.0433952525936483,0.0,6.626153336442009e-05,-6.626153336442009e-05,-0.019014833108009555,0
2021-03-19,1.1801639130098236,1.1905951858675723,1.0440321341524612,1.0442409405792916,0.0,0.0008105154624205024,-0.0008105154624205024,-0.019014833108009555,0
2021-03-22,1.1801639130098236,1.1905951858675723,1.0446087534123232,1.0448176751630056,0.0,0.0005523002990037718,-0.0005523002990037718,-0.019014833108009555,0
2021-03-23,1.1801639130098236,1.1905951858675723,1.0451768512052908,1.0453858865755319,0.0,0.0005438378638049635,-0.0005438378638049635,-0.019014833108009555,0
2021-03-24,1.1801639130098236,1.1905951858675723,1.046649171318732,1.0468585011529958,0.0,0.0014086803699713268,-0.0014086803699713268,-0.019014833108009555,0
2021-03-25,1.1801639130098236,1.1905951858675723,1.0467599503883607,1.0469693023784383,0.0,0.00010584164461624468,-0.00010584164461624468,-0.019014833108009555,0
2021-03-26,1.1801639130098236,1.1905951858675723,1.0462297257815907,1.046438971726747,0.0,-0.0005065388741452015,0.0005065388741452015,-0.019014833108009555,0
2021-03-29,1.1801639130098236,1.1905951858675723,1.0460886481630038,1.0462978658926365,0.0,-0.00013484382551021135,0.00013484382551021135,-0.019014833108009555,0
2021-03-30,1.1801639130098236,1.1905951858675723,1.0459437832257972,1.0461529719824423,0.0,-0.00013848246748593418,0.00013848246748593418,-0.019014833108009555,0
2021-03-31,1.1801639130098236,1.1905951858675723,1.046385005845002,1.046594282846171,0.0,0.00042184161929248454,-0.00042184161929248454,-0.019014833108009555,0
2021-04-01,1.1801639130098236,1.1905951858675723,1.0461785969802238,1.0463878326996199,0.0,-0.00019725900469258484,0.00019725900469258484,-0.019014833108009555,0
2021-04-02,1.1801639130098236,1.1905951858675723,1.0461776501505688,1.046386885680599,0.0,-9.050363461993172e-07,9.050363461993172e-07,-0.019014833108009555,0
2021-04-06,1.1801639130098236,1.1905951858675723,1.0456294357803548,1.045838561667511,0.0,-0.0005240165187385681,0.0005240165187385681,-0.019014833108009555,0
2021-04-07,1.1801639130098236,1.1905951858675723,1.0448350456998554,1.0450440127089953,0.0,-0.0007597242898068624,0.0007597242898068624,-0.019014833108009555,0
2021-04-08,1.1801639130098236,1.1905951858675723,1.0444563138378768,1.0446652051006444,0.0,-0.00036248005226979796,0.00036248005226979796,-0.019014833108009555,0
2021-04-09,1.1801639130098236,1.1905951858675723,1.0455792538086428,1.0457883696594046,0.0,0.0010751430728965783,-0.0010751430728965783,-0.019014833108009555,0
2021-04-12,1.1801639130098236,1.1905951858675723,1.046701246949754,1.046910587199144,0.0,0.0010730828265999026,-0.0010730828265999026,-0.019014833108009555,0
2021-04-13,1.1801639130098236,1.1905951858675723,1.0491109284215916,1.049320750607276,0.0,0.002302167384303555,-0.002302167384303555,-0.019014833108009555,0
2021-04-14,1.1801639130098236,1.1905951858675723,1.0489944683740333,1.049204267267708,0.0,-0.00011100832562438434,0.00011100832562438434,-0.019014833108009555,0
2021-04-15,1.1801639130098236,1.1905951858675723,1.0488183580582133,1.049028121729825,0.0,-0.0001678848851252024,0.0001678848851252024,-0.019014833108009555,0
2021-04-16,1.1801639130098236,1.1905951858675723,1.0495890773973393,1.0497989952128188,0.0,0.0007348453935844823,-0.0007348453935844823,-0.019014833108009555,0
2021-04-19,1.1801639130098236,1.1905951858675723,1.0502442835185621,1.0504543323752658,0.0,0.0006242501330593342,-0.0006242501330593342,-0.019014833108009555,0
2021-04-20,1.1801639130098236,1.1905951858675723,1.0505747270681383,1.050784842013552,0.0,0.0003146349423288619,-0.0003146349423288619,-0.019014833108009555,0
2021-04-21,1.1801639130098236,1.1905951858675723,1.0506031319577867,1.0508132525841782,0.0,2.7037476646452063e-05,-2.7037476646452063e-05,-0.019014833108009555,0
2021-04-22,1.1801639130098236,1.1905951858675723,1.050122142493074,1.0503321669215726,0.0,-0.0004578222261876208,0.0004578222261876208,-0.019014833108009555,0
2021-04-23,1.1801639130098236,1.1905951858675723,1.050088056625496,1.050298074236821,0.0,-3.2458955200320716e-05,3.2458955200320716e-05,-0.019014833108009555,0
2021-04-25,1.1801639130098236,1.1905951858675723,1.0490721084057388,1.04928192282742,0.0,-0.0009674885961677981,0.0009674885961677981,-0.019014833108009555,0
2021-04-26,1.1801639130098236,1.1905951858675723,1.0475780112102342,1.047787526812476,0.0,-0.0014242082918163312,0.0014242082918163312,-0.019014833108009555,0
2021-04-27,1.1801639130098236,1.1905951858675723,1.04720969447446,1.047419136413355,0.0,-0.00035158883809394137,0.00035158883809394137,-0.019014833108009555,0
2021-04-28,1.1801639130098236,1.1905951858675723,1.0480362767632279,1.0482458840185804,0.0,0.0007893187898557752,-0.0007893187898557752,-0.019014833108009555,0
2021-04-29,1.1801639130098236,1.1905951858675723,1.0487653355975364,1.0489750886646558,0.0,0.0006956427467952331,-0.0006956427467952331,-0.019014833108009555,0
2021-04-30,1.1801639130098236,1.1905951858675723,1.0502064103323643,1.0504164516144308,0.0,0.0013740678547569107,-0.0013740678547569107,-0.019014833108009555,0
2021-05-06,1.1801639130098236,1.1905951858675723,1.0509155857439187,1.0511257688610676,0.0,0.0006752724079546191,-0.0006752724079546191,-0.019014833108009555,0
2021-05-07,1.1801639130098236,1.1905951858675723,1.0508710847501364,1.0510812589670864,0.0,-4.234497459743025e-05,4.234497459743025e-05,-0.019014833108009555,0
2021-05-08,1.1801639130098236,1.1905951858675723,1.051038673599062,1.0512488813337817,0.0,0.00015947612543310008,-0.00015947612543310008,-0.019014833108009555,0
2021-05-10,1.1801639130098236,1.1905951858675723,1.0515698450354867,1.0517801590044937,0.0,0.0005053776324002168,-0.0005053776324002168,-0.019014833108009555,0
2021-05-11,1.1801639130098236,1.1905951858675723,1.0520849203677773,1.0522953373518509,0.0,0.0004898156168344769,-0.0004898156168344769,-0.019014833108009555,0
2021-05-12,1.1801639130098236,1.1905951858675723,1.0527088811103866,1.0529194228866088,0.0,0.0005930707023071857,-0.0005930707023071857,-0.019014833108009555,0
2021-05-13,1.1801639130098236,1.1905951858675723,1.0521994867560256,1.0524099266533768,0.0,-0.0004838891012525215,0.0004838891012525215,-0.019014833108009555,0
2021-05-14,1.1801639130098236,1.1905951858675723,1.0531093900544288,1.0533200119324397,0.0,0.0008647631080000995,-0.0008647631080000995,-0.019014833108009555,0
2021-05-17,1.1801639130098236,1.1905951858675723,1.0520896545160519,1.0523000724469551,0.0,-0.000968309225999997,0.000968309225999997,-0.019014833108009555,0
2021-05-18,1.1801639130098236,1.1905951858675723,1.0525687503214545,1.0527792640715188,0.0,0.00045537545526297407,-0.00045537545526297407,-0.019014833108009555,0
2021-05-19,1.1801639130098236,1.1905951858675723,1.0542133934320959,1.0544242361107823,0.0,0.0015625042166025338,-0.0015625042166025338,-0.019014833108009555,0
2021-05-20,1.1801639130098236,1.1905951858675723,1.0559707092716757,1.05618190341353,0.0,0.0016669450896071858,-0.0016669450896071858,-0.019014833108009555,0
2021-05-21,1.1801639130098236,1.1905951858675723,1.057548127476816,1.0577596371023112,0.0,0.001493808674132735,-0.001493808674132735,-0.019014833108009555,0
2021-05-24,1.1801639130098236,1.1905951858675723,1.057087968264512,1.057299385858165,0.0,-0.0004351189325083604,0.0004351189325083604,-0.019014833108009555,0
2021-05-25,1.1801639130098236,1.1905951858675723,1.0571154263245057,1.0573268494097705,0.0,2.5975189215987626e-05,-2.5975189215987626e-05,-0.019014833108009555,0
2021-05-26,1.1801639130098236,1.1905951858675723,1.058285707778019,1.0584973649195746,0.0,0.0011070517224238685,-0.0011070517224238685,-0.019014833108009555,0
2021-05-27,1.1801639130098236,1.1905951858675723,1.0573919005837498,1.0576033789638666,0.0,-0.0008445802373594491,0.0008445802373594491,-0.019014833108009555,0
2021-05-28,1.1801639130098236,1.1905951858675723,1.0561884800923134,1.0563997177883317,0.0,-0.0011381026190686594,0.0011381026190686594,-0.019014833108009555,0
2021-05-31,1.1801639130098236,1.1905951858675723,1.0570548292265889,1.0572662401924342,0.0,0.0008202599731061966,-0.0008202599731061966,-0.019014833108009555,0
2021-06-01,1.1801639130098236,1.1905951858675723,1.0575026796533784,1.057714180189309,0.0,0.0004236775750954269,-0.0004236775750954269,-0.019014833108009555,0
2021-06-02,1.1801639130098236,1.1905951858675723,1.0562367684047156,1.0564480157583964,0.0,-0.0011970761616204584,0.0011970761616204584,-0.019014833108009555,0
2021-06-03,1.1801639130098236,1.1905951858675723,1.0564933592412058,1.0567046579130541,0.0,0.0002429292788943549,-0.0002429292788943549,-0.019014833108009555,0
2021-06-04,1.1801639130098236,1.1905951858675723,1.0540723158135088,1.0542831302766715,0.0,-0.002291584141556613,0.002291584141556613,-0.019014833108009555,0
2021-06-07,1.1801639130098236,1.1905951858675723,1.0525952615517933,1.0528057806041036,0.0,-0.001401283611718429,0.001401283611718429,-0.019014833108009555,0
2021-06-08,1.1801639130098236,1.1905951858675723,1.052577271788349,1.0527877872427067,0.0,-1.7090864932955974e-05,1.7090864932955974e-05,-0.019014833108009555,0
2021-06-09,1.1801639130098236,1.1905951858675723,1.052546026409736,1.052756535615018,0.0,-2.9684641166594083e-05,2.9684641166594083e-05,-0.019014833108009555,0
2021-06-10,1.1801639130098236,1.1905951858675723,1.0533252672157567,1.0535359322691997,0.0,0.0007403389367006685,-0.0007403389367006685,-0.019014833108009555,0
2021-06-11,1.1801639130098236,1.1905951858675723,1.0521805501629267,1.0523909862729592,0.0,-0.0010867650178523203,0.0010867650178523203,-0.019014833108009555,0
2021-06-15,1.1801639130098236,1.1905951858675723,1.0517412212030317,1.0519515694472723,0.0,-0.00041754141893890484,0.00041754141893890484,-0.019014833108009555,0
2021-06-16,1.1801639130098236,1.1905951858675723,1.0517005075278691,1.0519108476293746,0.0,-3.871073448658002e-05,3.871073448658002e-05,-0.019014833108009555,0
2021-06-17,1.1801639130098236,1.1905951858675723,1.0509562994190815,1.0511664906789653,0.0,-0.0007076236090605148,0.0007076236090605148,-0.019014833108009555,0
2021-06-18,1.1801639130098236,1.1905951858675723,1.051785722196814,1.0519960793412535,0.0,0.0007892076751345733,-0.0007892076751345733,-0.019014833108009555,0
2021-06-21,1.1801639130098236,1.1905951858675723,1.0539946757818033,1.0542054747169596,0.0,0.0021001935454831866,-0.0021001935454831866,-0.019014833108009555,0
2021-06-22,1.1801639130098236,1.1905951858675723,1.054441579378938,1.0546524676948137,0.0,0.00042400934976560833,-0.00042400934976560833,-0.019014833108009555,0
2021-06-23,1.1801639130098236,1.1905951858675723,1.0551261372194638,1.0553371624469077,0.0,0.0006492136254045988,-0.0006492136254045988,-0.019014833108009555,0
2021-06-24,1.1801639130098236,1.1905951858675723,1.0550589123139629,1.0552699240964256,0.0,-6.371267200155906e-05,6.371267200155906e-05,-0.019014833108009555,0
2021-06-25,1.1801639130098236,1.1905951858675723,1.0548685995533185,1.0550795732732292,0.0,-0.00018038116964202988,0.00018038116964202988,-0.019014833108009555,0
2021-06-28,1.1801639130098236,1.1905951858675723,1.0542039251355466,1.0544147659205736,0.0,-0.0006301016240821689,0.0006301016240821689,-0.019014833108009555,0
2021-06-29,1.1801639130098236,1.1905951858675723,1.0542758841893223,1.05448673936616,0.0,6.825914043750991e-05,-6.825914043750991e-05,-0.019014833108009555,0
2021-06-30,1.1801639130098236,1.1905951858675723,1.0547956936698877,1.0550066528086217,0.0,0.0004930488199159644,-0.0004930488199159644,-0.019014833108009555,0
2021-07-01,1.1801639130098236,1.1905951858675723,1.0545712950416655,1.0547822093006738,0.0,-0.00021274132001947166,0.00021274132001947166,-0.019014833108009555,0
2021-07-02,1.1801639130098236,1.1905951858675723,1.054471877927896,1.0546827723034817,0.0,-9.427253921745482e-05,9.427253921745482e-05,-0.019014833108009555,0
2021-07-05,1.1801639130098236,1.1905951858675723,1.0550314542539694,1.05524246054482,0.0,0.0005306697483227207,-0.0005306697483227207,-0.019014833108009555,0
2021-07-06,1.1801639130098236,1.1905951858675723,1.0546356794582017,1.0548466065940934,0.0,-0.000375130802187873,0.000375130802187873,-0.019014833108009555,0
2021-07-07,1.1799279274243388,1.1905951858675723,1.0564886250929313,1.0566999228179499,-0.00019996000799826774,0.0017569532975421076,-0.0019569133055403753,-0.019210990909827474,1
2021-07-08,1.1850417870061736,1.1957552778171083,1.0610674933042503,1.0612797068029112,0.004334044023347916,0.004334044023347916,0.0,-0.01496020816681487,1
2021-07-09,1.184160925750659,1.1948664530458173,1.0602787842016803,1.0604908399585207,-0.0007433166198637098,-0.0007433166198635988,-1.1102230246251565e-16,-0.015692404615311628,1
2021-07-12,1.1886339667000305,1.1993799329768633,1.064283873642102,1.0644967304168305,0.003777392795270673,0.003777392795270673,0.0,-0.011974288196175298,1
2021-07-13,1.1897294916228554,1.2004853621041833,1.0652647891646263,1.065477842122459,0.0009216671856233649,0.000921667185623587,-2.220446049250313e-16,-0.011063657319053455,1
2021-07-14,1.1910481398649042,1.2018159317197894,1.066445485744344,1.0666587748414929,0.0011083597165018055,0.0011083597165015835,2.220446049250313e-16,-0.009967560114641283,1
2021-07-15,1.1886625180252395,1.1994087424232316,1.0643094380427858,1.0645222999303943,-0.002002960048227198,-0.002002960048227198,0.0,-0.011950555538180585,1
2021-07-16,1.1892208550515437,1.1999721271522132,1.0648093641005971,1.0650223259734173,0.00046971871144041444,0.00046971871144041444,0.0,-0.011486450226288691,1
2021-07-19,1.1892895897233426,1.2000414832268038,1.0648709080281684,1.0650838822097741,5.779807132277881e-05,5.7798071322556765e-05,2.220446049250313e-16,-0.011429316049635263,1
2021-07-20,1.1908482805884428,1.201614265595211,1.0662665349395593,1.066479788246547,0.0013106066668444605,0.0013106066668449046,-4.440892098500626e-16,-0.01013368872060283,1
2021-07-21,1.1917354865828929,1.202509492465695,1.067060925020059,1.0672743372050628,0.0007450201750398566,0.0007450201750396346,2.220446049250313e-16,-0.009396218348107332,1
2021-07-22,1.1912955846833801,1.2020656135883154,1.0666670438836015,1.066880377292378,-0.0003691271296905052,-0.0003691271296903942,-1.1102230246251565e-16,-0.00976187707868903,1
2021-07-23,1.1920622406380597,1.202839200574133,1.0673534953834372,1.0675669660825138,0.0006435480535111893,0.0006435480535109672,2.220446049250313e-16,-0.009124611262170457,1
2021-07-26,1.195199714041555,1.206005038625058,1.070162738969662,1.070376771517456,0.0026319711308160354,0.0026319711308160354,0.0,-0.006516655844776342,1
2021-07-27,1.1933808888801083,1.2041697701897391,1.068534191963155,1.0687478988015475,-0.0015217750975661248,-0.0015217750975659028,-2.220446049250313e-16,-0.008028514057758507,1
2021-07-28,1.192446097343644,1.2032265275753078,1.0676971945481826,1.0679107339870921,-0.0007833136471135926,-0.0007833136471138147,2.220446049250313e-16,-0.0088055388602446,1
2021-07-29,1.1951468412170942,1.20595168779845,1.0701153974869146,1.070329420566412,0.002264877112237329,0.002264877112237329,0.0,-0.006560605211432868,1
2021-07-30,1.1983033488373955,1.209136732146954,1.0729416840069286,1.07315627234373,0.0026411044328968902,0.0026411044328968902,0.0,-0.003936828022042205,1
2021-08-02,1.2002141244933877,1.2113070437733717,1.074867535525089,1.075082509032194,0.0015945675674244875,0.0017949265527350544,-0.00020035898531056695,-0.002348537992900357,0
2021-08-03,1.2002141244933877,1.2113070437733717,1.0737171374943295,1.0739318809218283,0.0,-0.0010702695846120935,0.0010702695846120935,-0.002348537992900357,0
2021-08-04,1.2002141244933877,1.2113070437733717,1.0732617124303006,1.0734763647727865,0.0,-0.0004241573950209965,0.0004241573950209965,-0.002348537992900357,0
2021-08-05,1.2002141244933877,1.2113070437733717,1.0753362162042872,1.075551283447528,0.0,0.0019328964687366224,-0.0019328964687366224,-0.002348537992900357,0
2021-08-06,1.2002141244933877,1.2113070437733717,1.0744443026693282,1.074659191529862,0.0,-0.0008294275981025612,0.0008294275981025612,-0.002348537992900357,0
2021-08-09,1.2002141244933877,1.2113070437733717,1.071006364192219,1.0712205654650573,0.0,-0.003199736336791159,0.003199736336791159,-0.002348537992900357,0
2021-08-10,1.2002141244933877,1.2113070437733717,1.0702081867930995,1.070422228430458,0.0,-0.0007452592494363586,0.0007452592494363586,-0.002348537992900357,0
2021-08-11,1.2002141244933877,1.2113070437733717,1.0690814595037137,1.0692952757956145,0.0,-0.0010528113158637664,0.0010528113158637664,-0.002348537992900357,0
2021-08-12,1.2002141244933877,1.2113070437733717,1.070954288561197,1.0711684794189091,0.0,0.001751811371186518,-0.001751811371186518,-0.002348537992900357,0
2021-08-13,1.2002141244933877,1.2113070437733717,1.0699241378966156,1.0701381227241948,0.0,-0.0009618997520102202,0.0009618997520102202,-0.002348537992900357,0
2021-08-16,1.2002141244933877,1.2113070437733717,1.0692282181002304,1.0694420637438504,0.0,-0.0006504384486112347,0.0006504384486112347,-0.002348537992900357,0
2021-08-17,1.2002141244933877,1.2113070437733717,1.0690814595037137,1.0692952757956145,0.0,-0.0001372565688337879,0.0001372565688337879,-0.002348537992900357,0
2021-08-18,1.2002141244933877,1.2113070437733717,1.0712942004073225,1.071508459247404,0.0,0.0020697589355220813,-0.0020697589355220813,-0.002348537992900357,0
2021-08-19,1.2002141244933877,1.2113070437733717,1.072514663832548,1.0727291667653145,0.0,0.0011392420725897523,-0.0011392420725897523,-0.002348537992900357,0
2021-08-20,1.2002141244933877,1.2113070437733717,1.0725620053152953,1.0727765177163584,0.0,4.4140639138712245e-05,-4.4140639138712245e-05,-0.002348537992900357,0
2021-08-23,1.2002141244933877,1.2113070437733717,1.0713822555652326,1.0715965320163456,0.0,-0.001099936175453009,0.001099936175453009,-0.002348537992900357,0
2021-08-24,1.2002141244933877,1.2113070437733717,1.0715602595403624,1.0717745715922704,0.0,0.00016614422556027186,-0.00016614422556027186,-0.002348537992900357,0
2021-08-25,1.2002141244933877,1.2113070437733717,1.0725648458042603,1.0727793587734211,0.0,0.0009374986193766421,-0.0009374986193766421,-0.002348537992900357,0
2021-08-26,1.2002141244933877,1.2113070437733717,1.070059534537273,1.0702735464441804,0.0,-0.002335813332674186,0.002335813332674186,-0.002348537992900357,0
2021-08-27,1.2002141244933877,1.2113070437733717,1.070411755168913,1.0706258375199467,0.0,0.00032915984603820725,-0.00032915984603820725,-0.002348537992900357,0
2021-08-30,1.2002141244933877,1.2113070437733717,1.071391723861782,1.0716060022065543,0.0,0.0009155062882455489,-0.0009155062882455489,-0.002348537992900357,0
2021-08-31,1.2002141244933877,1.2113070437733717,1.0721378256298795,1.0723522531950054,0.0,0.0006963855996648949,-0.0006963855996648949,-0.002348537992900357,0
2021-09-01,1.2002141244933877,1.2113070437733717,1.0740627303183847,1.0742775428644484,0.0,0.0017953892144177974,-0.0017953892144177974,-0.002348537992900357,0
2021-09-02,1.2002141244933877,1.2113070437733717,1.074077879592864,1.0742926951687826,0.0,1.410464589413074e-05,-1.410464589413074e-05,-0.002348537992900357,0
2021-09-03,1.2002141244933877,1.2113070437733717,1.07362150769918,1.0738362320007198,0.0,-0.0004248964645441333,0.0004248964645441333,-0.002348537992900357,0
2021-09-06,1.2002141244933877,1.2113070437733717,1.073781521910866,1.0739962782152481,0.0,0.0001490415481979479,-0.0001490415481979479,-0.002348537992900357,0
2021-09-07,1.2002141244933877,1.2113070437733717,1.071863245029945,1.072077617678951,0.0,-0.0017864685150357218,0.0017864685150357218,-0.002348537992900357,0
2021-09-08,1.2002141244933877,1.2113070437733717,1.0707043255322912,1.0709184663973976,0.0,-0.0010812195520534251,0.0010812195520534251,-0.002348537992900357,0
2021-09-09,1.2002141244933877,1.2113070437733717,1.0704174361468426,1.0706315196340719,0.0,-0.0002679445469747632,0.0002679445469747632,-0.002348537992900357,0
2021-09-10,1.2002141244933877,1.2113070437733717,1.070708112850911,1.070922254473481,0.0,0.00027155453027249976,-0.00027155453027249976,-0.002348537992900357,0
2021-09-13,1.2002141244933877,1.2113070437733717,1.0691865575954127,1.0694003949069317,0.0,-0.0014210738082921504,0.0014210738082921504,-0.002348537992900357,0
2021-09-14,1.2002141244933877,1.2113070437733717,1.0688920935727244,1.069105871991439,0.0,-0.0002754093947370251,0.0002754093947370251,-0.002348537992900357,0
2021-09-15,1.2002141244933877,1.2113070437733717,1.0684508709535196,1.0686645611277104,0.0,-0.0004127849965940289,0.0004127849965940289,-0.002348537992900357,0
2021-09-16,1.2002141244933877,1.2113070437733717,1.0687311325313837,1.06894487875789,0.0,0.0002623064714375456,-0.0002623064714375456,-0.002348537992900357,0
2021-09-17,1.2002141244933877,1.2113070437733717,1.0695775982429054,1.069791513762554,0.0,0.0007920286831326617,-0.0007920286831326617,-0.002348537992900357,0
2021-09-18,1.2002141244933877,1.2113070437733717,1.0701400150579432,1.0703540430609548,0.0,0.0005258307727851186,-0.0005258307727851186,-0.002348537992900357,0
2021-09-22,1.2002141244933877,1.2113070437733717,1.0708681270625968,1.0710823006880092,0.0,0.0006803894765248231,-0.0006803894765248231,-0.002348537992900357,0
2021-09-23,1.2002141244933877,1.2113070437733717,1.071475991701072,1.0716902868994123,0.0,0.0005676372497356308,-0.0005676372497356308,-0.002348537992900357,0
2021-09-24,1.2002141244933877,1.2113070437733717,1.0710631739715155,1.07127738660631,0.0,-0.0003852794955313543,0.0003852794955313543,-0.002348537992900357,0
2021-09-26,1.2002141244933877,1.2113070437733717,1.070703378702636,1.0709175193783766,0.0,-0.00033592348016719953,0.00033592348016719953,-0.002348537992900357,0
2021-09-27,1.2002141244933877,1.2113070437733717,1.0707601884819329,1.0709743405196293,0.0,5.30583730533607e-05,-5.30583730533607e-05,-0.002348537992900357,0
2021-09-28,1.2002141244933877,1.2113070437733717,1.070075630641407,1.0702896457675353,0.0,-0.000639319474042499,0.000639319474042499,-0.002348537992900357,0
2021-09-29,1.2002141244933877,1.2113070437733717,1.070443000547526,1.0706570891476355,0.0,0.00034331209458415834,-0.00034331209458415834,-0.002348537992900357,0
2021-09-30,1.2002141244933877,1.2113070437733717,1.0705035976454425,1.0707176983649715,0.0,5.660936442697384e-05,-5.660936442697384e-05,-0.002348537992900357,0
2021-10-08,1.2002141244933877,1.2113070437733717,1.0679263273246793,1.0681399125901443,0.0,-0.0024075307420095005,0.0024075307420095005,-0.002348537992900357,0
2021-10-09,1.2002141244933877,1.2113070437733717,1.0671754914083074,1.067388926506589,0.0,-0.0007030783839301336,0.0007030783839301336,-0.002348537992900357,0
2021-10-11,1.1999741296674542,1.2113070437733717,1.0639894096194138,1.0642022075013378,-0.00019996000799837876,-0.002985527511214725,0.0027855675032163463,-0.0025480283872229004,1
2021-10-12,1.1995245687742306,1.2108532370927916,1.0635907943346816,1.0638035124935485,-0.00037464215445059956,-0.0003746421544503775,-2.220446049250313e-16,-0.002921715942828862,1
2021-10-13,1.1993099328133332,1.2106365740457685,1.0634004815740374,1.0636131616703521,-0.00017893419316683534,-0.0001789341931670574,2.220446049250313e-16,-0.00310012734111087,1
2021-10-14,1.1996302849937774,1.2109599517278924,1.0636845304705214,1.0638972673766154,0.0002671137557350711,0.00026711375573529317,-2.220446049250313e-16,-0.002833841672033044,1
2021-10-15,1.198772808990788,1.2100943774654078,1.0629242262575995,1.063136811102851,-0.0007147835576639672,-0.0007147835576639672,0.0,-0.003546599646264803,1
2021-10-18,1.1933407038510553,1.204610969902197,1.058107703802889,1.0583193253436496,-0.00453138834897826,-0.004531388348978371,1.1102230246251565e-16,-0.00806191697492753,1
2021-10-19,1.1948303414901211,1.2061146761240722,1.0594285311715388,1.059640416877773,0.0012482919875762555,0.0012482919875762555,0.0,-0.006823688613715628,1
2021-10-20,1.196076511472049,1.2073726153075333,1.0605334813788607,1.0607455880751364,0.001042968142551448,0.001042968142551448,0.0,-0.005787837361003079,1
2021-10-21,1.1981449187171176,1.2094605572084454,1.0623674904204912,1.0625799639185753,0.001729326865990144,0.001729326865990144,0.0,-0.004068519557657191,1
2021-10-22,1.1975896416043474,1.2089000358927642,1.0618751389999193,1.0620875140277193,-0.0004634473710949383,-0.00046344737109471623,-2.220446049250313e-16,-0.004530081384058859,1
2021-10-25,1.1974817897035979,1.2087911654064494,1.0617795092047697,1.0619918651066107,-9.005747628632044e-05,-9.005747628632044e-05,0.0,-0.004619730892648333,1
2021-10-26,1.1979228078720094,1.209236348682173,1.0621705498522624,1.062382983962233,0.00036828799586241523,0.00036828799586241523,0.0,-0.0042531442882178805,1
2021-10-27,1.198590208247935,1.2099100521865973,1.0627623183866037,1.062974870850281,0.0005571313706858039,0.0005571313706858039,0.0,-0.003698382477639095,1
2021-10-28,1.1988817287321394,1.21020432587733,1.063020802882404,1.0632334070429805,0.0002432194775148222,0.00024321947751460016,2.220446049250313e-16,-0.003456062518778169,1
2021-10-29,1.1990419048223615,1.210366014718392,1.063162827330646,1.063375459896112,0.0001336045803213004,0.0001336045803213004,0.0,-0.003322919684239256,1
2021-11-01,1.2005988164193204,1.211937630253513,1.0645433049675574,1.0647562136285509,0.0012984630401133845,0.0012984630401136066,-2.220446049250313e-16,-0.0020287713325212176,1
2021-11-02,1.2025166581395799,1.2138735846438269,1.0662438110278403,1.0664570597900458,0.0015974043069435506,0.0015974043069433286,2.220446049250313e-16,-0.00043460779364212776,1
2021-11-03,1.2025914069816837,1.2139490394363224,1.0663100891036865,1.0665233511215073,6.216033815231725e-05,6.216033815231725e-05,0.0,-0.0003724744708571981,1
2021-11-04,1.2028818596252864,1.214242235201448,1.0665676267698319,1.0667809402951858,0.00024152230085494608,0.00024152230085516813,-2.220446049250313e-16,-0.00013104213089332184,1
2021-11-05,1.2060095647470237,1.2173994793045824,1.0693408908291688,1.0695547590073347,0.002600176481763361,0.002600176481763361,0.0,0.0,1
2021-11-08,1.2057340618718417,1.217121374497956,1.069096608778193,1.0693104280999486,-0.0002284416999958072,-0.00022844169999558517,-2.220446049250313e-16,-0.0002284416999958072,1
2021-11-09,1.2052193627019279,1.2166018143553439,1.068640236884509,1.0688539649318858,-0.00042687619616121886,-0.00042687619616121886,0.0,-0.0006552203798330103,1
2021-11-10,1.2055087475049293,1.2168939321948624,1.0688968277209994,1.0691106070865435,0.000240109653028453,0.00024010965302823095,2.220446049250313e-16,-0.0004152680515426832,1
2021-11-11,1.2038963081966934,1.215266264528173,1.0674671149420307,1.0676806083650192,-0.0013375591936377607,-0.0013375591936379827,2.220446049250313e-16,-0.0017522717995803738,1
2021-11-12,1.2040255169094722,1.2153966935266296,1.0675816813302792,1.0677951976665452,0.00010732544979097369,0.00010732544979119574,-2.220446049250313e-16,-0.001645134413148397,1
2021-11-15,1.204639525255324,1.2160165007507,1.068126108381873,1.0683397336035494,0.0005099629013076701,0.000509962901307226,4.440892098500626e-16,-0.0011360104693590722,1
2021-11-16,1.2049673523199784,1.2163474239120733,1.0684167850859414,1.0686304684429586,0.00027213706489082057,0.0002721370648910426,-2.220446049250313e-16,-0.0008641825550229632,1
2021-11-17,1.2049449276673474,1.2163247874743246,1.0683969016631876,1.0686105810435202,-1.8610174448152605e-05,-1.8610174448152605e-05,0.0,-0.0008827766468830767,1
2021-11-18,1.2055290364763573,1.2169144127813967,1.068914817484443,1.06912860044794,0.0004847597559007877,0.0004847597559007877,0.0,-0.0003984448255741624,1
2021-11-19,1.2044078038448025,1.215782590893964,1.0679206463467499,1.0681342304760193,-0.0009300751766477822,-0.0009300751766475601,-2.220446049250313e-16,-0.0013281494185803933,1
2021-11-22,1.2059348159049201,1.2173240245120869,1.0692746127533228,1.0694884676758734,0.0012678530106189356,0.0012678530106189356,0.0,-6.198030620030437e-05,1
2021-11-23,1.2055407827229736,1.2169262699630747,1.0689252326106478,1.0691390176571698,-0.00032674500872653667,-0.00032674500872642565,-1.1102230246251565e-16,-0.0003887050631712352,1
2021-11-24,1.207109440566549,1.2185097426798739,1.0703161253737634,1.070530188598838,0.0013012067829278884,0.0013012067829278884,0.0,0.0,1
2021-11-25,1.2076593784763117,1.2190648743675194,1.0708037426460606,1.0710179033945897,0.0004555824776786288,0.0004555824776786288,0.0,0.0,1
2021-11-26,1.2105158520852728,1.2219483253664558,1.0733365119730411,1.0735511792754358,0.002365297417360468,0.002365297417360468,0.0,0.0,1
2021-11-29,1.2098666049995723,1.2212929465973517,1.072760839542834,1.0729753917107425,-0.0005363391851350707,-0.0005363391851348487,-2.220446049250313e-16,-0.0005363391851350707,1
2021-11-30,1.209281428349961,1.2207022433646726,1.0722419768919236,1.072456425287302,-0.0004836703874567805,-0.00048367038745711355,3.3306690738754696e-16,-0.0010197501612103643,1
2021-12-01,1.2086845054537332,1.2200996829503152,1.0717126991148087,1.0719270416546316,-0.0004936178479498787,-0.0004936178479498787,0.0,-0.0015128646422802872,1
2021-12-02,1.2074821169364658,1.2188859387167443,1.0706465689233393,1.070860698237124,-0.0009947910408729665,-0.0009947910408731886,2.220446049250313e-16,-0.002506150698961096,1
2021-12-03,1.205875016831237,1.2172636606780904,1.0692215902926456,1.0694354346107042,-0.001330951475543296,-0.001330951475543074,-2.220446049250313e-16,-0.0038337666095336065,1
2021-12-06,1.2096562404010809,1.2210805952527573,1.0725743141008097,1.0727888289636298,0.0031356678901766077,0.0031356678901763857,2.220446049250313e-16,-0.0007101201382130329,1
2021-12-07,1.2082306731981038,1.2196415645673067,1.0713102965114567,1.071524558570759,-0.0011784895207124224,-0.0011784895207123114,-1.1102230246251565e-16,-0.0018877727897841368,1
2021-12-08,1.206667354557536,1.218063481478543,1.0699241378966156,1.0701381227241948,-0.0012938908730316667,-0.0012938908730317777,1.1102230246251565e-16,-0.0031792210908326846,1
2021-12-09,1.2063512737394977,1.2177444154988477,1.0696438763187517,1.0698578050940155,-0.0002619452799849098,-0.0002619452799847988,-1.1102230246251565e-16,-0.003440333588858868,1
2021-12-10,1.207720245390596,1.2191263161271229,1.0708577119363925,1.0710718834787798,0.001134803502842674,0.001134803502842674,0.0,-0.002309434188623838,1
2021-12-13,1.2065904700342294,1.2179858708348332,1.0698559661614595,1.0700699373546918,-0.0009354611390166578,-0.0009354611390167689,1.1102230246251565e-16,-0.0032427349417039064,1
2021-12-14,1.2077416022026255,1.2191478746392646,1.0708766485294914,1.0710908238591972,0.0009540371791296742,0.0009540371791298963,-2.220446049250313e-16,-0.002291791452270764,1
2021-12-15,1.2078003334357073,1.219207160547654,1.0709287241605134,1.0711429099053456,4.8628972434627826e-05,4.862897243440578e-05,2.220446049250313e-16,-0.002243273927299394,1
2021-12-16,1.206942857432718,1.2183415862851694,1.0701684199475916,1.0703824536315811,-0.0007099484734783834,-0.0007099484734782724,-1.1102230246251565e-16,-0.0029516297918775747,1
2021-12-17,1.2072215638297044,1.2186229248686171,1.0704155424875326,1.0706296255960301,0.00023091929768681574,0.00023091929768681574,0.0,-0.002721392082469243,1
2021-12-20,1.2069727569695594,1.2183717682021677,1.0701949311779304,1.070408970164166,-0.00020609875403121425,-0.00020609875403110323,-1.1102230246251565e-16,-0.0029269299609830934,1
2021-12-21,1.2067591888492633,1.218156183080752,1.070005565246941,1.0702195663599903,-0.00017694526994327386,-0.00017694526994360693,3.3306690738754696e-16,-0.0031033573245142776,1
2021-12-22,1.2081142785725425,1.2195240706761352,1.0712070920790675,1.0714213334974834,0.0011229164325414764,0.0011229164325414764,0.0,-0.0019839257029086177,1
2021-12-23,1.2099221327108494,1.2213489987289199,1.0728100746848912,1.0730246366998282,0.001496426431150999,0.001496426431151221,-2.220446049250313e-16,-0.0004904680706169229,1
2021-12-24,1.2098730120431813,1.2212994141509943,1.0727665205207637,1.0729810738248677,-4.059820573576456e-05,-4.059820573576456e-05,0.0,-0.0005310463642290708,1
2021-12-27,1.210766794626621,1.2222016378841194,1.0735590169419535,1.073773728745342,0.0007387408220060898,0.0007387408220058678,2.220446049250313e-16,0.0,1
2021-12-28,1.211733190370961,1.223177160558526,1.0744158977796796,1.0746307809592355,0.000798168357960316,0.000798168357960316,0.0,0.0,1
2021-12-29,1.2126248372731974,1.2240772284404369,1.0752065005415596,1.075421541841668,0.0007358442512939156,0.0007358442512939156,0.0,0.0,1
2021-12-30,1.2139147887197863,1.2253793625737883,1.0763502707647346,1.0765655408188874,0.0010637679576888104,0.0010637679576888104,0.0,0.0,1
2021-12-31,1.2140504044761742,1.2255162591258875,1.0764705181309124,1.0766858122345386,0.00011171769027629175,0.0001117176902760697,2.220446049250313e-16,0.0,1
2022-01-04,1.2129708176280771,1.2244264763371304,1.075513273349762,1.075728376004432,-0.0008892438436794992,-0.0008892438436794992,0.0,-0.0008892438436794992,1
2022-01-05,1.2130872122536387,1.224543970228302,1.075616477782151,1.0758316010777076,9.595830655606541e-05,9.595830655584336e-05,2.220446049250313e-16,-0.0007933708674567885,1
2022-01-06,1.2111394709965375,1.22257783392099,1.0738894604915297,1.074104238383628,-0.0016056069484754465,-0.0016056069484752244,-2.220446049250313e-16,-0.00239770397415473,1
2022-01-07,1.2111362674747332,1.2225746001441689,1.073886620002565,1.0741013973265654,-2.6450478091133434e-06,-2.6450478091133434e-06,0.0,-0.002400342679922174,1
2022-01-10,1.2119392836070466,1.2233852002006922,1.0745986359030844,1.074813555630265,0.0006630270712539854,0.0006630270712542075,-2.220446049250313e-16,-0.0017389071008451218,1
2022-01-11,1.2129793603528891,1.2244350997419873,1.0755208479870018,1.0757359521565992,0.0008581921222545752,0.0008581921222543532,2.220446049250313e-16,-0.0008822072949657978,1
2022-01-12,1.213863532370915,1.2253276221446485,1.076304822941297,1.0765200839058853,0.0007289258555633893,0.0007289258555633893,0.0,-0.00015392450310969252,1
2022-01-13,1.2139970124461004,1.2254623628455334,1.0764231766481653,1.076638461283495,0.00010996299965015943,0.00010996299964993739,2.220446049250313e-16,-4.3978429459690105e-05,1
2022-01-14,1.2144924904851875,1.2259625203272182,1.0768625056080603,1.0770778781091819,0.00040813777464632217,0.00040813777464632217,0.0,0.0,1
2022-01-17,1.2148726417393145,1.2263462618433383,1.077199576965221,1.077415016880614,0.0003130124369687959,0.0003130124369687959,0.0,0.0,1
2022-01-18,1.2184018549272086,1.2299088059747343,1.0803288489748177,1.0805449147446127,0.0029050067197509133,0.0029050067197509133,0.0,0.0,1
2022-01-19,1.2209732150955745,1.2325044508365808,1.0826088147839277,1.0828253365468845,0.00211043684640444,0.002110436846404218,2.220446049250313e-16,0.0,1
2022-01-20,1.220965740211364,1.2324969053573311,1.0826021869763431,1.0828187074137383,-6.122070589364981e-06,-6.122070589142936e-06,-2.220446049250313e-16,-6.122070589364981e-06,1
2022-01-21,1.222384900370732,1.233929468489139,1.0838605235877665,1.084077295692484,0.0011623259462811841,0.0011623259462811841,0.0,0.0,1
2022-01-24,1.225149539687966,1.2367202178858667,1.0863118655644217,1.0865291279375346,0.0022616765933507477,0.0022616765933505256,2.220446049250313e-16,0.0,1
2022-01-25,1.2245739736037677,1.236139215983651,1.085801524380406,1.086018684685282,-0.0004697925155690008,-0.00046979251556877877,-2.220446049250313e-16,-0.0004697925155690008,1
2022-01-26,1.2222588951797575,1.2338022732675038,1.0837487976884828,1.0839655474480205,-0.0018905174157811677,-0.0018905174157815008,3.3306690738754696e-16,-0.002359421780417592,1
2022-01-27,1.2206186920158828,1.2321465795350304,1.0822944673384858,1.0825109262319534,-0.0013419441415752908,-0.0013419441415749578,-3.3306690738754696e-16,-0.003698199709757155,1
2022-01-28,1.2222749127887795,1.23381844215161,1.083763000133307,1.0839797527333337,0.0013568699084571811,0.0013568699084571811,0.0,-0.0023463477772015517,1
2022-01-29,1.223030943934628,1.234581613481422,1.0844333555290089,1.0846502422001147,0.0006185442717820955,0.0006185442717820955,0.0,-0.0017292548253966533,1
2022-01-30,1.223232765808308,1.23478534142116,1.0846123063337938,1.0848292287950605,0.00016501779834832142,0.00016501779834832142,0.0,-0.0015645223848723688,1
2022-02-07,1.2211280519827892,1.2326607500496072,1.0827461050838951,1.0829626543049118,-0.001720615964802108,-0.001720615964801997,-1.1102230246251565e-16,-0.003282446407481765,1
2022-02-08,1.2217313819226259,1.2332697780176067,1.0832810638389396,1.0834977200517073,0.0004940758988027927,0.0004940758988027927,0.0,-0.0027899922863380278,1
2022-02-09,1.220583453276034,1.2321110079899968,1.0822632219598725,1.0824796746042644,-0.0009395916840454488,-0.0009395916840456708,2.220446049250313e-16,-0.003726962516832688,1
2022-02-10,1.2207916821933227,1.2323212034833773,1.082447853742587,1.0826643433133356,0.00017059785361639435,0.0001705978536166164,-2.220446049250313e-16,-0.003557000475022165,1
2022-02-11,1.215406562040055,1.2268852246468778,1.0776729917926942,1.0778885263910527,-0.0044111704165551435,-0.0044111704165551435,0.0,-0.007952480356310132,1
2022-02-14,1.2148790487829235,1.2263527293969807,1.0772052579431506,1.0774206989947392,-0.00043402205780918024,-0.0004340220578095133,3.3306690738754696e-16,-0.008383050862230457,1
2022-02-15,1.2150146645393114,1.2264896259490796,1.077325505309329,1.0775409704103907,0.00011162901897421307,0.00011162901897443511,-2.220446049250313e-16,-0.008272357635000005,1
2022-02-16,1.2150168002205144,1.2264917818002938,1.077327398968639,1.0775428644484326,1.757741091790166e-06,1.757741091790166e-06,0.0,-0.008270614434571222,1
2022-02-17,1.216241613390413,1.2277281624716136,1.078413412582862,1.0786290952653785,0.0010080627442159429,0.0010080627442157208,2.220446049250313e-16,-0.007270888988638591,1
2022-02-18,1.2151620265423158,1.2266383796828566,1.0774561678017114,1.0776716590352717,-0.0008876417614817056,-0.0008876417614817056,0.0,-0.008152076805410968,1
2022-02-21,1.2114341950025465,1.2228753413885438,1.0741507854762948,1.07436561563339,-0.0030677650044551585,-0.0030677650044552696,1.1102230246251565e-16,-0.011194833153928774,1
2022-02-22,1.2111586921273643,1.2225972365819175,1.0739065034253188,1.0741212847260038,-0.00022741877051080106,-0.00022741877051057902,-2.220446049250313e-16,-0.011419706009247688,1
2022-02-23,1.212428354602525,1.2238788901287343,1.0750322838850497,1.0752472903418266,0.001048303978177012,0.001048303978177012,0.0,-0.010383373354309833,1
2022-02-24,1.2137108311649034,1.2251734787828363,1.0761694263006398,1.0763846601859,0.0010577751316274142,0.0010577751316274142,0.0,-0.009336581496799057,1
2022-02-25,1.214020504939333,1.2254860772088891,1.0764440069005743,1.0766592957019543,0.0002551462559927664,0.0002551462559927664,0.0,-0.009083817434619057,1
2022-02-28,1.214924965928787,1.226399080198085,1.0772459716183134,1.077461420812637,0.000745012943170531,0.000745012943170309,2.220446049250313e-16,-0.008345572053010675,1
2022-03-01,1.2131555540521335,1.2246129574671551,1.075677074880068,1.075892210295044,-0.0014563960131487308,-0.0014563960131487308,0.0,-0.009789813608294007,1
2022-03-02,1.2116627128912631,1.2231060174684587,1.0743534070224534,1.0745682777038579,-0.0012305438951204506,-0.0012305438951202285,-2.220446049250313e-16,-0.011008310708044422,1
2022-03-03,1.2101688038897915,1.221597999544155,1.0730287923351836,1.0732433980936507,-0.0012329413008895784,-0.0012329413008900225,4.440892098500626e-16,-0.012227679408009062,1
2022-03-04,1.21044350161316,1.2221197155379813,1.0734870578881777,1.0737017552997552,0.0002269912449284206,0.0004270766602607612,-0.0002000854153323406,-0.012003463739252096,0
2022-03-07,1.21044350161316,1.2221197155379813,1.07353155888196,1.0737462651937364,0.0,4.145461601545719e-05,-4.145461601545719e-05,-0.012003463739252096,0
2022-03-08,1.21044350161316,1.2221197155379813,1.073830757052923,1.0740455232043336,0.0,0.0002787045881302852,-0.0002787045881302852,-0.012003463739252096,0
2022-03-09,1.21044350161316,1.2221197155379813,1.0724606945422162,1.0726751866811246,0.0,-0.0012758644709218725,0.0012758644709218725,-0.012003463739252096,0
2022-03-10,1.21044350161316,1.2221197155379813,1.0723830545105106,1.0725975311214127,0.0,-7.239429109207052e-05,7.239429109207052e-05,-0.012003463739252096,0
2022-03-11,1.21044350161316,1.2221197155379813,1.0759298783979385,1.0761450643736181,0.0,0.00330742254132943,-0.00330742254132943,-0.012003463739252096,0
2022-03-14,1.21044350161316,1.2221197155379813,1.0784986272518071,1.0787143269772574,0.0,0.002387468649623692,-0.002387468649623692,-0.012003463739252096,0
2022-03-15,1.21044350161316,1.2221197155379813,1.0744566114548422,1.0746715027771332,0.0,-0.0037478172849090274,0.0037478172849090274,-0.012003463739252096,0
2022-03-16,1.21044350161316,1.2221197155379813,1.0750493268188386,1.0752643366842023,0.0,0.0005516419720232868,-0.0005516419720232868,-0.012003463739252096,0
2022-03-17,1.21044350161316,1.2221197155379813,1.0751989259043202,1.075413965689501,0.0,0.00013915555477272967,-0.00013915555477272967,-0.012003463739252096,0
2022-03-18,1.21044350161316,1.2221197155379813,1.0757054797697163,1.0759206208656702,0.0,0.0004711257174760952,-0.0004711257174760952,-0.012003463739252096,0
2022-03-21,1.21044350161316,1.2221197155379813,1.0749167706671463,1.0751317540212797,0.0,-0.0007332017149701553,0.0007332017149701553,-0.012003463739252096,0
2022-03-22,1.21044350161316,1.2221197155379813,1.0727485307573197,1.072963080463471,0.0,-0.002017123528997411,0.002017123528997411,-0.012003463739252096,0
2022-03-23,1.21044350161316,1.2221197155379813,1.0730647718620718,1.0732793848164441,0.0,0.0002947951879541666,-0.0002947951879541666,-0.012003463739252096,0
2022-03-24,1.21044350161316,1.2221197155379813,1.0740040268797781,1.074218827685154,0.0,0.0008753013260107689,-0.0008753013260107689,-0.012003463739252096,0
2022-03-25,1.21044350161316,1.2221197155379813,1.0744888036631106,1.0747037014238432,0.0,0.0004513733386464214,-0.0004513733386464214,-0.012003463739252096,0
2022-03-28,1.21044350161316,1.2221197155379813,1.0752263839643135,1.0754414292411063,0.0,0.000686447637879839,-0.000686447637879839,-0.012003463739252096,0
2022-03-29,1.21044350161316,1.2221197155379813,1.0750824658567617,1.075297482349933,0.0,-0.00013384912209946087,0.00013384912209946087,-0.012003463739252096,0
2022-03-30,1.21044350161316,1.2221197155379813,1.0760993609061738,1.076314580778355,0.0,0.000945876322707706,-0.000945876322707706,-0.012003463739252096,0
2022-03-31,1.21044350161316,1.2221197155379813,1.0754981240752828,1.075713223700098,0.0,-0.0005587186952557,0.0005587186952557,-0.012003463739252096,0
2022-04-01,1.21044350161316,1.2221197155379813,1.0763512175943895,1.0765664878379082,0.0,0.000793207816926822,-0.000793207816926822,-0.012003463739252096,0
2022-04-02,1.21044350161316,1.2221197155379813,1.076901325623913,1.0771167058890379,0.0,0.0005110859917574206,-0.0005110859917574206,-0.012003463739252096,0
2022-04-06,1.21044350161316,1.2221197155379813,1.0771105749776562,1.0773259970926516,0.0,0.0001943068958727423,-0.0001943068958727423,-0.012003463739252096,0
2022-04-07,1.2102014613208958,1.2221197155379813,1.078886827410335,1.079102604775817,-0.00019996000799848979,0.0016490901435217697,-0.0018490501515202595,-0.012201023534545219,1
2022-04-08,1.2098849641020293,1.2218001014047546,1.078604672173161,1.0788203931075957,-0.00026152440645799135,-0.0002615244064581024,1.1102230246251565e-16,-0.012459357075565114,1
2022-04-11,1.20887068610197,1.220775834635521,1.0777004498526874,1.077915989942658,-0.0008383259815217814,-0.0008383259815217814,0.0,-0.013287238054337402,1
2022-04-12,1.2084267403385933,1.2203275168244847,1.07730467505692,1.0775201359919313,-0.0003672400766108197,-0.0003672400766108197,0.0,-0.013649598524627216,1
2022-04-13,1.2084745335427847,1.2203757807036633,1.0773472823913928,1.077562751847871,3.954993926891248e-05,3.9549939269134526e-05,-2.220446049250313e-16,-0.013610588426151038,1
2022-04-14,1.2092413489522533,1.2211501478318167,1.0780308934022635,1.078246499580944,0.0006345317076899004,0.0006345317076899004,0.0,-0.012984693068377795,1
2022-04-15,1.2091946178192665,1.2211029564832867,1.077989232897446,1.0782048307440255,-3.8645000873693824e-05,-3.864500087380485e-05,1.1102230246251565e-16,-0.013022836275776606,1
2022-04-18,1.2055952585080616,1.2174681501158184,1.0747804271968338,1.0749953832822732,-0.0029766583957313575,-0.0029766583957314685,1.1102230246251565e-16,-0.0159607301365714,1
2022-04-19,1.2054104581185219,1.2172815297829946,1.0746156788368733,1.0748306019726406,-0.0001532855974968328,-0.00015328559749661075,-2.220446049250313e-16,-0.016111569184012797,1
2022-04-20,1.204846498309065,1.216712016008688,1.074112912290097,1.074327734872555,-0.0004678570736288412,-0.0004678570736288412,0.0,-0.016571888346031516,1
2022-04-21,1.2052553957227015,1.2171249403083266,1.0744774417072511,1.0746923371955925,0.0003393771855670913,0.00033937718556686924,2.220446049250313e-16,-0.016238135281290922,1
2022-04-22,1.2052723888619694,1.217142100798701,1.0744925909817304,1.0747074894999267,1.4099201985029453e-05,1.4099201985251497e-05,-2.220446049250313e-16,-0.01622426502405494,1
2022-04-24,1.2051672438127485,1.2170359202645082,1.0743988548458907,1.0746137346168598,-8.723758230300138e-05,-8.723758230300138e-05,0.0,-0.016310087240702598,1
2022-04-25,1.2064672189667511,1.2183486977781646,1.0755577743435445,1.0757728858984132,0.0010786678452112675,0.0010786678452110454,2.220446049250313e-16,-0.01524901256215061,1
2022-04-26,1.2063928739824537,1.2182736206327758,1.0754914962676985,1.075706594566952,-6.162205083459771e-05,-6.162205083448669e-05,-1.1102230246251565e-16,-0.01530969493755796,1
2022-04-27,1.2057566933311077,1.217631174774377,1.0749243453043857,1.0751393301734467,-0.0005273411879878065,-0.0005273411879879175,1.1102230246251565e-16,-0.01582896269282963,1
2022-04-28,1.2046786910587934,1.2165425561662389,1.0739633132046156,1.0741781058672564,-0.0008940462684359218,-0.0008940462684358108,-1.1102230246251565e-16,-0.01670885713623682,1
2022-04-29,1.2054858651740237,1.217357679459032,1.0746829037423744,1.0748978403231229,0.0006700326993589467,0.0006700326993587247,2.220446049250313e-16,-0.01605001991752808,1
2022-05-05,1.2060455766986637,1.217922903110745,1.075181882970531,1.0753969193471251,0.0004643036810383361,0.0004643036810383361,0.0,-0.015593168319818163,1
2022-05-06,1.2059340592222174,1.217810287392662,1.0750824658567617,1.075297482349933,-9.246539152496513e-05,-9.246539152496513e-05,0.0,-0.015684191882929244,1
2022-05-07,1.2060445146274594,1.2179218305800965,1.075180936140876,1.0753959723281041,9.159323795304708e-05,9.159323795304708e-05,0.0,-0.015594035210895418,1
2022-05-09,1.206725302269384,1.2186093227257289,1.0757878539496966,1.0760030115204864,0.0005644796967836374,0.0005644796967838595,-2.220446049250313e-16,-0.015038358030379229,1
2022-05-10,1.207471938325972,1.2193633117715623,1.0764534751971235,1.076668765892163,0.0006187290969899006,0.0006187290969899006,0.0,-0.014428933603073624,1
2022-05-11,1.2066371503594313,1.2185203026819105,1.0757092670883361,1.0759244089417537,-0.0006913518567545074,-0.0006913518567545074,0.0,-0.015110309989790793,1
2022-05-12,1.2074273313353936,1.219318265484329,1.0764137083516157,1.076628991093286,0.0006548621312769676,0.0006548621312767455,2.220446049250313e-16,-0.014465343028318034,1
2022-05-13,1.206983385572017,1.218869947673293,1.0760179335558484,1.0762331371425595,-0.0003676790742227487,-0.0003676790742226377,-1.1102230246251565e-16,-0.014827703498607847,1
2022-05-16,1.2065086397437168,1.2183905264734527,1.0755947007000874,1.0758098196402275,-0.0003933325296562318,-0.0003933325296562318,0.0,-0.015215203810137967,1
2022-05-17,1.2074804348956063,1.2193718920167498,1.0764610498343634,1.0766763420443302,0.0008054605826079975,0.0008054605826079975,0.0,-0.014421998474455466,1
2022-05-18,1.2083608919239297,1.2202610199242834,1.0772459716183134,1.077461420812637,0.0007291687739847674,0.0007291687739845454,2.220446049250313e-16,-0.013703345771416742,1
2022-05-19,1.208662520145937,1.2205656186284324,1.0775148712403182,1.0777303742145663,0.0002496176630866209,0.0002496176630866209,0.0,-0.013457148705478095,1
2022-05-20,1.2077926838296558,1.2196872160273828,1.0767394177529173,1.0769547656364677,-0.0007196684779934293,-0.0007196684779935403,1.1102230246251565e-16,-0.014167132497744594,1
2022-05-23,1.2088993620244848,1.2208047929630281,1.0777260142533711,1.0779415594562218,0.0009162815851144757,0.0009162815851144757,0.0,-0.013263831995251718,1
2022-05-24,1.2095482875302819,1.2214601091892079,1.078304527172543,1.0785201880779776,0.0005367903451536371,0.0005367903451534151,2.220446049250313e-16,-0.012734161547052869,1
2022-05-25,1.2106358484434343,1.222558380573182,1.079274080739208,1.0794899355553558,0.0008991463378225095,0.0008991463378227316,-2.220446049250313e-16,-0.011846465083950597,1
2022-05-26,1.2136786824436119,1.2256311808808822,1.0819867477006282,1.0822031450501683,0.0025134180555530516,0.0025134180555528296,2.220446049250313e-16,-0.009362822147633953,1
2022-05-27,1.2139898693064572,1.225945432360867,1.0822641687895276,1.0824806216232854,0.00025639971052204835,0.0002563997105222704,-2.220446049250313e-16,-0.009108823062000226,1
2022-05-30,1.2125666938927617,1.2245082412919948,1.0809954170518996,1.08121161613531,-0.0011723124300111465,-0.0011723124300114796,3.3306690738754696e-16,-0.010270457105512998,1
2022-05-31,1.210643282941864,1.2225658882877206,1.0792807085467924,1.0794965646885017,-0.001586231058947174,-0.001586231058947174,0.0,-0.011840396846409806,1
2022-06-01,1.2100485230674838,1.22196527112461,1.0787504839400228,1.0789662340368107,-0.000491275904934585,-0.0004912759049343629,-2.220446049250313e-16,-0.012325855849668943,1
2022-06-02,1.2096704257187707,1.2215834502137752,1.078413412582862,1.0786290952653785,-0.00031246461733169806,-0.0003124646173318091,1.1102230246251565e-16,-0.012634469073169341,1
2022-06-06,1.2089460931574718,1.2208519843115582,1.0777676747581888,1.0779832282931403,-0.0005987850458264443,-0.0005987850458263333,-1.1102230246251565e-16,-0.013225688787852796,1
2022-06-07,1.209243473094662,1.2211522928931136,1.0780327870615736,1.078248393618986,0.0002459827935035186,0.0002459827935035186,0.0,-0.012982959286223172,1
2022-06-08,1.2094580114779205,1.221368944084093,1.0782240466518727,1.078439691461203,0.0001774153741840312,0.0001774153741840312,0.0,-0.012807847288619056,1
2022-06-09,1.2098307984706125,1.2217454023416856,1.0785563838607588,1.078772095137531,0.00030822648587558454,0.00030822648587558454,0.0,-0.012503568520504826,1
2022-06-10,1.2100474609962795,1.2219641985939615,1.0787495371103677,1.0789652870177897,0.00017908498109053816,0.00017908498109053816,0.0,-0.012326722740746199,1
2022-06-13,1.2094973081124778,1.221408627718084,1.0782590793491056,1.0784747311649754,-0.00045465397146382536,-0.0004546539714639364,1.1102230246251565e-16,-0.012775772318760814,1
2022-06-14,1.2086869477836346,1.2205902868333458,1.0775366483223818,1.0777521556520462,-0.0006699976291041354,-0.0006699976291040244,-1.1102230246251565e-16,-0.013437210210701434,1
2022-06-15,1.2083014159364918,1.2202009582079723,1.0771929491576364,1.0774083877474678,-0.0003189674943125942,-0.0003189674943125942,0.0,-0.013751891671742511,1
2022-06-16,1.2086444649354646,1.2205473856074094,1.077498775136184,1.0777142748912112,0.00028391011915429587,0.00028391011915429587,0.0,-0.013471885853791332,1
2022-06-17,1.2089418448726548,1.2208476941889645,1.077763887439569,1.0779794402170568,0.00024604418074747336,0.0002460441807476954,-2.220446049250313e-16,-0.01322915635216182,1
2022-06-20,1.2079318151574125,1.2198277175423247,1.0768634524377152,1.0770788251282026,-0.0008354659237960194,-0.0008354659237961304,1.1102230246251565e-16,-0.014053569766624974,1
2022-06-21,1.207721525058971,1.2196153564739394,1.076675980166036,1.0768913153620692,-0.000174091033784185,-0.000174091033784185,0.0,-0.014225214199920178,1
2022-06-22,1.2079742980055825,1.2198706187682613,1.076901325623913,1.0771167058890379,0.0002092973763958561,0.0002092973763958561,0.0,-0.014018894123535075,1
2022-06-23,1.2079063254485105,1.219801976806763,1.0768407285259967,1.0770560966717018,-5.6269870297942504e-05,-5.626987029783148e-05,-1.1102230246251565e-16,-0.014074375152479002,1
2022-06-24,1.2069568337919108,1.2188431344070827,1.0759942628144747,1.0762094616670377,-0.0007860639824426308,-0.0007860639824429638,3.3306690738754696e-16,-0.014849375775538909,1
2022-06-27,1.2039787861351923,1.2158357584689354,1.073339352462006,1.0735540203324985,-0.0024674019594903562,-0.002467401959490245,-1.1102230246251565e-16,-0.017280138356143615,1
2022-06-28,1.2034052676848972,1.2152565919187928,1.0728280644483352,1.0730426300612248,-0.0004763526209096147,-0.00047635262090972574,1.1102230246251565e-16,-0.017748259537857525,1
2022-06-29,1.2033606606943186,1.2152115456315595,1.0727882976028276,1.073002855262348,-3.706730540109504e-05,-3.706730540098402e-05,-1.1102230246251565e-16,-0.017784668963102046,1
2022-06-30,1.204685063486019,1.2165489913501293,1.0739689941825452,1.0741837879813816,0.001100586744240184,0.001100586744240184,0.0,-0.016703655789773286,1
2022-07-01,1.2051757403823826,1.2170445005096957,1.0744064294831304,1.074621310769027,0.00040730719690662553,0.00040730719690662553,0.0,-0.01630315211208455,1
2022-07-04,1.2038396548074355,1.2156952569539932,1.073215317777208,1.0734299608407634,-0.0011086230249899298,-0.0011086230249901519,2.220446049250313e-16,-0.017393701087263125,1
2022-07-05,1.203608123284909,1.2154614452726396,1.0730089089124297,1.0732235106942123,-0.00019232754262743512,-0.00019232754262743512,0.0,-0.01758268334210311,1
2022-07-06,1.2047710912535632,1.2166358663326506,1.0740456873845958,1.0742604965220728,0.0009662347288585948,0.0009662347288588169,-2.220446049250313e-16,-0.016633437612516233,1
2022-07-07,1.204826318956184,1.216691637926368,1.074094922526653,1.0743097415111582,4.5840826545351376e-05,4.5840826545351376e-05,0.0,-0.016588359276499376,1
2022-07-08,1.2046786910587934,1.2165425561662389,1.0739633132046156,1.0741781058672564,-0.0001225304386764936,-0.0001225304386764936,0.0,-0.01670885713623682,1
2022-07-11,1.2057365139782268,1.217610796692057,1.0749063555409417,1.0751213368120498,0.0008780954849492151,0.0008780954849492151,0.0,-0.01584543362329749,1
2022-07-12,1.2069557717207064,1.2188420618764342,1.0759933159848198,1.0762085146480167,0.001011214082301315,0.001011214082301315,0.0,-0.014850242666616276,1
2022-07-13,1.207611069653729,1.2195038132865044,1.0765775098819215,1.0767928253838979,0.0005429345037957223,0.0005429345037957223,0.0,-0.014315370871954003,1
2022-07-14,1.208387443704036,1.2202878331904936,1.077269642359687,1.077485096288159,0.0006429007399955111,0.0006429007399955111,0.0,-0.013681673494485458,1
2022-07-15,1.2089790173648036,1.220885232761659,1.077797026477492,1.0780125858827876,0.0004895562791964458,0.0004895562791966679,-2.220446049250313e-16,-0.013198815164457978,1
2022-07-18,1.209230728240211,1.2211394225253327,1.078021425105714,1.0782370293907353,0.000208201194389801,0.00020820119438935691,4.440892098500626e-16,-0.012993361979150131,1
2022-07-19,1.2090862865564327,1.2209935583571485,1.0778926562726414,1.078108234803896,-0.0001194492336368258,-0.00011944923363660376,-2.220446049250313e-16,-0.013111259165656142,1
2022-07-20,1.210092067986858,1.2220092448811948,1.0787893039558756,1.0790050618166667,0.0008318524836552488,0.0008318524836552488,0.0,-0.012290313315501789,1
2022-07-21,1.21127946359321,1.2232083341461195,1.079847859510105,1.080063829082007,0.0009812440208185613,0.0009812440208183393,2.220446049250313e-16,-0.011321129091138138,1
2022-07-22,1.2102747442339892,1.2221937201527218,1.0789521586565263,1.0791679490882575,-0.0008294694902531985,-0.0008294694902531985,0.0,-0.012141208050215013,1
2022-07-25,1.2104786619052053,1.2223996460372168,1.0791339499502757,1.0793497767402658,0.00016848874372343836,0.00016848874372321632,2.220446049250313e-16,-0.011974764963383344,1
2022-07-26,1.2112773394508014,1.2232061890848225,1.079845965850795,1.0800619350439653,0.0006598030768580898,0.0006598030768583119,-2.220446049250313e-16,-0.01132286287329265,1
2022-07-27,1.2116819885796208,1.2236148232618675,1.0802067079493296,1.0804227492909195,0.0003340681078067842,0.0003340681078067842,0.0,-0.010992577372861079,1
2022-07-28,1.210732496923021,1.2226559808621873,1.079360242237808,1.0795761142862554,-0.0007836145668161931,-0.0007836145668161931,0.0,-0.011767577995920986,1
2022-07-29,1.212937356743045,1.2248825544882906,1.081325860601476,1.0815421257735962,0.0018210957627944335,0.0018210957627944335,0.0,-0.00996791211955339,1
2022-08-01,1.214743939861475,1.2267069291212394,1.082936417844539,1.083153005128108,0.0014894282119242153,0.0014894282119242153,0.0,-0.008493330397153942,1
2022-08-02,1.215520313911782,1.2274909490252286,1.0836285503223047,1.0838452760323691,0.0006391256830600156,0.0006391256830600156,0.0,-0.007859633019685397,1
2022-08-03,1.2153737480855955,1.2273429397957476,1.0834978878299222,1.083714587407488,-0.00012057867277825984,-0.00012057867277825984,0.0,-0.007979263988345586,1
2022-08-04,1.2166397369610622,1.228621396328655,1.084626508778618,1.0848434340803736,0.0010416457303450422,0.0010416457303450422,0.0,-0.006945929824265451,1
2022-08-05,1.2156690038803772,1.2276411033160064,1.0837611064739971,1.083977858695292,-0.0007978804663323347,-0.0007978804663324457,1.1102230246251565e-16,-0.007738268268870474,1
2022-08-08,1.215074244005997,1.2270404861528956,1.0832308818672272,1.0834475280436007,-0.0004892449116344899,-0.000489244911634712,2.220446049250313e-16,-0.00822372727212961,1
2022-08-09,1.2145389601190548,1.226499930706096,1.0827536797211346,1.0829702304570787,-0.00044053595044313276,-0.00044053595044302174,-1.1102230246251565e-16,-0.008660640375062756,1
2022-08-10,1.2151156647829626,1.2270823148481835,1.0832678082237701,1.083484461785415,0.0004748342233922287,0.0004748342233922287,0.0,-0.008189918520116968,1
2022-08-11,1.2151124785693501,1.2270790972562384,1.0832649677348054,1.0834816207283524,-2.6221484134003603e-06,-2.6221484135113826e-06,1.1102230246251565e-16,-0.008192519193348513,1
2022-08-12,1.2153100238133405,1.227278587956843,1.0834410780506254,1.0836577662662354,0.0001625736279351475,0.00016257362793536956,-2.220446049250313e-16,-0.00803127745298049,1
2022-08-15,1.2211960224272966,1.2332225528103424,1.0886884079983363,1.088906145679936,0.004843207493251178,0.004843207493251178,0.0,-0.00322696710286996,1
2022-08-16,1.223011102115361,1.2350555076884786,1.0903065398786393,1.090524601186615,0.0014863131346076752,0.0014863131346076752,0.0,-0.001745450251852243,1
2022-08-17,1.2223621766095636,1.2344001914622988,1.0897280269594671,1.089945972564859,-0.0005305965781299271,-0.0005305965781298161,-1.1102230246251565e-16,-0.002275120700051203,1
2022-08-18,1.2239967041929052,1.2360508161302048,1.0911851977984293,1.0914034348379889,0.001337187631144765,0.001337187631144987,-2.220446049250313e-16,-0.0009409753321658609,1
2022-08-19,1.2240444973970963,1.2360990800093834,1.0912278051329016,1.091446050693928,3.90468405897515e-05,3.90468405897515e-05,0.0,-0.0009019652336897943,1
2022-08-22,1.2238926212148886,1.2359457081266605,1.0910924084922444,1.0913106269739428,-0.00012407733749109084,-0.00012407733749120187,1.1102230246251565e-16,-0.0010259306577362626,1
2022-08-23,1.2230227848986075,1.2350673055256112,1.0903169550048435,1.0905350183958444,-0.0007107129344546825,-0.0007107129344549046,2.220446049250313e-16,-0.0017359144500026513,1
2022-08-24,1.222902770852527,1.2349461095623404,1.0902099632538347,1.0904280052464854,-9.812903533956696e-05,-9.812903533934492e-05,-2.220446049250313e-16,-0.0018338731417317788,1
2022-08-25,1.2212884226220666,1.2333158629767544,1.0887707821783168,1.0889885363347525,-0.0013200953247779479,-0.001320095324778059,1.1102230246251565e-16,-0.00315154757914915,1
2022-08-26,1.2206660488963756,1.2326873600167847,1.0882159400005182,1.0884335831885183,-0.0005096042131921275,-0.0005096042131921275,0.0,-0.003659545750416826,1
2022-08-29,1.2214116228817595,1.23344027653197,1.0888806144182903,1.089098390541174,0.0006107927602787555,0.0006107927602785335,2.220446049250313e-16,-0.003050988214188477,1
2022-08-30,1.2225937081320903,1.2346340031436525,1.0899344358242453,1.09015242271141,0.0009678025230690501,0.0009678025230690501,0.0,-0.0020861384452109943,1
2022-08-31,1.2221210864461989,1.2341567270051093,1.0895130966277942,1.0897309992471198,-0.00038657297411870406,-0.0003865729741189261,2.220446049250313e-16,-0.002471904974586492,1
2022-09-01,1.2227052256085367,1.234746618861736,1.090033852938015,1.0902518597086024,0.0004779715928446837,0.0004779715928451278,-4.440892098500626e-16,-0.001995114882099802,1
2022-09-02,1.2233562752567422,1.2354040801492125,1.0906142595164965,1.0908323823683999,0.0005324665623158698,0.0005324665623156477,2.220446049250313e-16,-0.0014637106517466636,1
2022-09-05,1.2235559446431412,1.235605715911114,1.0907922634916265,1.0910104219443248,0.00016321442120958984,0.00016321442120958984,0.0,-0.0013007351292239067,1
2022-09-06,1.2239117384965652,1.235965013678332,1.0911094514260335,1.0913276733163186,0.00029078674741578325,0.00029078674741578325,0.0,-0.0010103266183456583,1
2022-09-07,1.2238405797258805,1.2358931541248883,1.091046013839152,1.0912642230419198,-5.814044301277743e-05,-5.8140443012999476e-05,2.220446049250313e-16,-0.0010684083205213524,1
2022-09-08,1.222982426192846,1.2350265493609713,1.0902809754779557,1.0904990316730512,-0.0007011971552918217,-0.0007011971552917107,-1.1102230246251565e-16,-0.0017688563109381494,1
2022-09-09,1.2223579283247468,1.2343959013397052,1.0897242396408473,1.0899421844887756,-0.0005106351937069764,-0.0005106351937070874,1.1102230246251565e-16,-0.002278588264360115,1
2022-09-13,1.221214077637769,1.2332407858313654,1.0887045041024705,1.088922245003291,-0.0009357739337000348,-0.0009357739336998128,-2.220446049250313e-16,-0.0032122299545567223,1
2022-09-14,1.2200511096691147,1.2320663647713543,1.0876677256303047,1.0878852591754307,-0.0009523047514353733,-0.0009523047514353733,0.0,-0.004161475684143601,1
2022-09-15,1.220335744751854,1.2323538029851286,1.0879214759778302,1.0881390602730256,0.00023329767128887902,0.00023329767128887902,0.0,-0.003929148875440935,1
2022-09-16,1.2188244174282055,1.2308275918724385,1.0865741373788418,1.0867914522063176,-0.0012384520654648012,-0.0012384520654649123,1.1102230246251565e-16,-0.005162734878365494,1
2022-09-19,1.218915755551771,1.2309198295082018,1.0866555647291671,1.086872895842113,7.49395255454921e-05,7.493952554571415e-05,-2.220446049250313e-16,-0.0050881822457221615,1
2022-09-20,1.2197622263015586,1.2317746364349862,1.0874101879641591,1.087627670001752,0.0006944456546174038,0.0006944456546174038,0.0,-0.004397270057155178,1
2022-09-21,1.220501427859717,1.232521117766281,1.0880691814040016,1.0882867952402824,0.0006060210278848732,0.0006060210278848732,0.0,-0.003793913867390142,1
2022-09-22,1.2206214419057972,1.2326423137295515,1.0881761731550106,1.0883938083896416,9.833175393381133e-05,9.833175393403337e-05,-2.220446049250313e-16,-0.0036959551756612363,1
2022-09-23,1.2193257150366117,1.2313338263384888,1.0870210409759762,1.0872384451841715,-0.0010615304833270223,-0.0010615304833272443,2.220446049250313e-16,-0.004753562289904201,1
2022-09-26,1.2167501923663042,1.2287329395160898,1.0847249790627322,1.0849419240585447,-0.0021122515817934007,-0.0021122515817931786,-2.220446049250313e-16,-0.006855773152231626,1
2022-09-27,1.2161883566992557,1.2281655708030796,1.0842241061752658,1.0844409509965007,-0.0004617510402491476,-0.0004617510402491476,0.0,-0.007314358532096055,1
2022-09-28,1.214331856234226,1.2262907872296556,1.08256904793842,1.0827855617480078,-0.0015264909048038344,-0.0015264909048039454,1.1102230246251565e-16,-0.008829684135126081,1
2022-09-29,1.212899122179692,1.2248439433849478,1.081291774733898,1.0815080330888447,-0.001179853799584074,-0.001179853799583963,-1.1102230246251565e-16,-0.009999120198334266,1
2022-09-30,1.2119591891639303,1.2238947537611031,1.0804538304892706,1.0806699212553683,-0.000774947395520087,-0.000774947395520087,0.0,-0.010766318801699204,1
2022-10-08,1.2114536432707073,1.223384229172459,1.0800031395735163,1.080219140201431,-0.0004171311193834626,-0.0004171311193835736,1.1102230246251565e-16,-0.011178958954469298,1
2022-10-09,1.2134216612121833,1.2253716284639664,1.0817576149241315,1.0819739664471162,0.0016245094910629643,0.0016245094910631863,-2.220446049250313e-16,-0.00957260978832808,1
2022-10-10,1.2135406131870594,1.2254917518965887,1.0818636598454854,1.0820800325774544,9.803020555709807e-05,9.803020555709807e-05,0.0,-0.009475517987676207,1
2022-10-11,1.2141183799221715,1.226075208569325,1.082378735177776,1.0825952109248116,0.00047610004052089927,0.0004761000405211213,-2.220446049250313e-16,-0.009003929241653164,1
2022-10-12,1.2136192064561737,1.225571119164571,1.0819337252399512,1.0821501119849992,-0.00041114068796965775,-0.00041114068796976877,1.1102230246251565e-16,-0.009411368047959945,1
2022-10-13,1.2145474566886887,1.2265085109512832,1.082761254358374,1.0829778066092457,0.0007648611916957204,0.0007648611916957204,0.0,-0.00865370524644482,1
2022-10-14,1.2162499568291023,1.2282277775806878,1.0842790222952525,1.0844958780997116,0.0014017567868902514,0.0014017567868900294,2.220446049250313e-16,-0.007264078849615552,1
2022-10-17,1.21691906168778,1.2289034718891874,1.0848755249778685,1.0850925000828642,0.0005501376217289522,0.0005501376217289522,0.0,-0.006717937470949065,1
2022-10-18,1.2169838480312394,1.2289688962587404,1.0849332815868205,1.0851502682431378,5.3238005302880254e-05,5.32380053031023e-05,-2.220446049250313e-16,-0.006665057115236905,1
2022-10-19,1.217172896705596,1.2291598067141578,1.0851018172654008,1.0853188376288538,0.00015534197488520363,0.00015534197488520363,0.0,-0.006510750503486706,1
2022-10-20,1.2161055151453242,1.2280819134125038,1.08415025346218,1.0843670835128725,-0.0008769350378740048,-0.0008769350378738938,-1.1102230246251565e-16,-0.0073819760361214515,1
2022-10-21,1.215689183233258,1.2276614813983262,1.0837790962374412,1.0839958520566886,-0.000342348510784074,-0.000342348510784074,0.0,-0.007721797338402836,1
2022-10-24,1.2160694047243796,1.2280454473704576,1.0841180612539116,1.0843348848661625,0.0003127620911378415,0.00031276209113761944,2.220446049250313e-16,-0.007411450332747926,1
2022-10-25,1.2157752110008022,1.2277483563808476,1.0838557894394916,1.0840725605973796,-0.00024192181995086326,-0.00024192181995075224,-1.1102230246251565e-16,-0.007651579161145672,1
2022-10-26,1.2166386748898579,1.2286203237980065,1.0846255619489629,1.0848424870613527,0.0007102167252981406,0.0007102167252983627,-2.220446049250313e-16,-0.006946796715342707,1
2022-10-27,1.2181754919224084,1.2301722756462585,1.0859956244596698,1.0862128235845616,0.001263166348620004,0.001263166348620004,0.0,-0.005692405326564232,1
2022-10-28,1.219764350443967,1.231776781496283,1.0874120816234691,1.0876295640397937,0.001304293619510677,0.001304293619510677,0.0,-0.004395536275000667,1
2022-10-31,1.2216516509739201,1.2336826684585112,1.0890945979203082,1.0893124168398922,0.0015472665103437588,0.0015472665103435368,2.220446049250313e-16,-0.002855070830730333,1
2022-11-01,1.220433455302645,1.2324524758047826,1.0880085843060852,1.0882261860229463,-0.0009971710596092809,-0.000997171059609392,1.1102230246251565e-16,-0.0038493948963340685,1
2022-11-02,1.219162156071157,1.2311686566186333,1.0868752292091146,1.0870926042549565,-0.0010416784511800836,-0.0010416784511800836,0.0,-0.004887063515800594,1
2022-11-03,1.2190994938701063,1.231105377310377,1.086819366259473,1.0870367301327248,-5.139775766382915e-05,-5.139775766382915e-05,0.0,-0.0049382100893581304,1
2022-11-04,1.217712428877355,1.229704652283551,1.0855828067301132,1.0857999232914592,-0.001137778335341566,-0.001137778335341677,1.1102230246251565e-16,-0.006070369836244649,1
2022-11-07,1.2178961671956905,1.2298902000857264,1.085746608260419,1.085963757582071,0.00015088810295282862,0.00015088810295282862,0.0,-0.005920397679880618,1
2022-11-08,1.2174646389564194,1.2297003621609575,1.0855790194114936,1.0857961352153758,-0.00035432268439161696,-0.00015435355510240445,-0.0001999691292892125,-0.006272622633073599,0
2022-11-09,1.2174646389564194,1.2297003621609575,1.0858327697590189,1.0860499363129708,0.0,0.0002337465472230793,-0.0002337465472230793,-0.006272622633073599,0
2022-11-10,1.2174646389564194,1.2297003621609575,1.0857371399638696,1.0859542873918624,0.0,-8.807046334635693e-05,8.807046334635693e-05,-0.006272622633073599,0
2022-11-11,1.2174646389564194,1.2297003621609575,1.082777350462508,1.0829939059326006,0.0,-0.0027260645255812177,0.0027260645255812177,-0.006272622633073599,0
2022-11-14,1.2174646389564194,1.2297003621609575,1.075939346694488,1.0761545345638268,0.0,-0.006315244556139965,0.006315244556139965,-0.006272622633073599,0
2022-11-15,1.2174646389564194,1.2297003621609575,1.0763701541874884,1.0765854282183258,0.0,0.0004004012812841573,-0.0004004012812841573,-0.006272622633073599,0
2022-11-16,1.2174646389564194,1.2297003621609575,1.0754072284284084,1.075622309874094,0.0,-0.0008946046630277094,0.0008946046630277094,-0.006272622633073599,0
2022-11-17,1.2174646389564194,1.2297003621609575,1.0767403645825722,1.0769557126554887,0.0,0.00123965705169371,-0.00123965705169371,-0.006272622633073599,0
2022-11-18,1.2174646389564194,1.2297003621609575,1.0765292215695192,1.0767445274138332,0.0,-0.00019609463896597124,0.00019609463896597124,-0.006272622633073599,0
2022-11-21,1.2174646389564194,1.2297003621609575,1.0772440779590033,1.0774595267745952,0.0,0.0006640380726887773,-0.0006640380726887773,-0.006272622633073599,0
2022-11-22,1.2174646389564194,1.2297003621609575,1.076810429977038,1.0770257920630335,0.0,-0.00040255313613501986,0.00040255313613501986,-0.006272622633073599,0
2022-11-23,1.2174646389564194,1.2297003621609575,1.0782316212891123,1.07844726761337,0.0,0.0013198157006193423,-0.0013198157006193423,-0.006272622633073599,0
2022-11-24,1.2174646389564194,1.2297003621609575,1.0794426164177884,1.0796585049410719,0.0,0.0011231307863408535,-0.0011231307863408535,-0.006272622633073599,0
2022-11-25,1.2174646389564194,1.2297003621609575,1.077779983543703,1.0779955395404117,0.0,-0.001540269810361039,0.001540269810361039,-0.006272622633073599,0
2022-11-28,1.2174646389564194,1.2297003621609575,1.0761722667896045,1.0763875012429625,0.0,-0.0014916929045316607,0.0014916929045316607,-0.006272622633073599,0
2022-11-29,1.2174646389564194,1.2297003621609575,1.073338405632351,1.0735530733134775,0.0,-0.002633278374388426,0.002633278374388426,-0.006272622633073599,0
2022-11-30,1.2174646389564194,1.2297003621609575,1.073745542383978,1.0739602914924546,0.0,0.00037931816237124494,-0.00037931816237124494,-0.006272622633073599,0
2022-12-01,1.2174646389564194,1.2297003621609575,1.074605263710669,1.074820184763411,0.0,0.0008006751066758078,-0.0008006751066758078,-0.006272622633073599,0
2022-12-02,1.2174646389564194,1.2297003621609575,1.0748419711244053,1.0750569395186302,0.0,0.00022027382679934426,-0.00022027382679934426,-0.006272622633073599,0
2022-12-05,1.2174646389564194,1.2297003621609575,1.0736234013584898,1.0738381260387615,0.0,-0.0011337199315363256,0.0011337199315363256,-0.006272622633073599,0
2022-12-06,1.2174646389564194,1.2297003621609575,1.0722410300622687,1.0724554782682811,0.0,-0.001287575600971369,0.001287575600971369,-0.006272622633073599,0
2022-12-07,1.2174646389564194,1.2297003621609575,1.0738364380308527,1.0740512053184588,0.0,0.0014879191560981386,-0.0014879191560981386,-0.006272622633073599,0
2022-12-08,1.2174646389564194,1.2297003621609575,1.0740002395611583,1.0742150396090706,0.0,0.00015253862180908406,-0.00015253862180908406,-0.006272622633073599,0
2022-12-09,1.2174646389564194,1.2297003621609575,1.073639497462624,1.0738542253621164,0.0,-0.00033588642278303826,0.00033588642278303826,-0.006272622633073599,0
2022-12-12,1.2174646389564194,1.2297003621609575,1.0737625853177668,1.0739773378348303,0.0,0.00011464542375128062,-0.00011464542375128062,-0.006272622633073599,0
2022-12-13,1.2174646389564194,1.2297003621609575,1.0725620053152953,1.0727765177163584,0.0,-0.0011181056398199551,0.0011181056398199551,-0.006272622633073599,0
2022-12-14,1.2172211947174758,1.2297003621609575,1.0746696481272053,1.0748845820568307,-0.00019996000799848979,0.0019650545156970622,-0.002165014523695552,-0.006471328367400275,1
2022-12-15,1.217250150155453,1.229729614455217,1.0746952125278888,1.0749101515703943,2.3788148039827206e-05,2.3788148039827206e-05,0.0,-0.006447694160277684,1
2022-12-16,1.2163975733705705,1.2288682969020148,1.0739424829522066,1.074157271448797,-0.0007004121418867637,-0.0007004121418868747,1.1102230246251565e-16,-0.0071435902588874445,1
2022-12-19,1.2185520724407952,1.2310448842785975,1.0758446637289931,1.076059832661739,0.001771212897321739,0.0017712128973215169,2.220446049250313e-16,-0.0053850301807655265,1
2022-12-20,1.2182303453521606,1.230719858786823,1.0755606148325094,1.075775726955476,-0.00026402407899583924,-0.00026402407899595026,1.1102230246251565e-16,-0.005647632482127518,1
2022-12-21,1.2181059442112216,1.230594182263337,1.0754507825925357,1.0756658727490542,-0.00010211627169975923,-0.00010211627169975923,0.0,-0.005749172038654327,1
2022-12-22,1.219081849713414,1.2315800929217193,1.0763123975785365,1.0765276600580522,0.0008011663573517236,0.0008011663573517236,0.0,-0.004952611724522549,1
2022-12-23,1.2198153874755013,1.2323211510429648,1.0769600290625196,1.0771754210683322,0.0006017132994473595,0.0006017132994473595,0.0,-0.0043538784774168615,1
2022-12-26,1.2192952620155417,1.2317956931645964,1.0765008166798709,1.076716116843207,-0.0004263968673456908,-0.0004263968673456908,0.0,-0.0047784188646189385,1
2022-12-27,1.217788506817102,1.2302734904447863,1.0751705210146718,1.0753855551188747,-0.0012357590859075618,-0.0012357590859075618,0.0,-0.006008272975998263,1
2022-12-28,1.2177509719900945,1.230235570804079,1.0751373819767487,1.075352409453144,-3.082212288696429e-05,-3.082212288696429e-05,0.0,-0.0060389099111572975,1
2022-12-29,1.2185810278787723,1.231074136572857,1.0758702281296766,1.0760854021753026,0.0006816302411332131,0.0006816302411329911,2.220446049250313e-16,-0.005361395973642935,1
2022-12-30,1.2193799834822157,1.2318812832107635,1.0765756162226117,1.0767909313458561,0.0006556442166461007,0.0006556442166463228,-2.220446049250313e-16,-0.0047092669252601915,1
2022-12-31,1.21935853500964,1.2318596148446452,1.0765566796295127,1.0767719909654385,-1.75896544687415e-05,-1.7589654468852522e-05,1.1102230246251565e-16,-0.0047267737453509096,1
2023-01-03,1.2199891201033644,1.2324966648085232,1.077113415466621,1.0773288381497144,0.0005171449377843196,0.0005171449377843196,0.0,-0.004212073234681091,1
2023-01-04,1.2214122262587592,1.2339343609004718,1.0783698584187345,1.078585532390418,0.0011664908579465116,0.0011664908579465116,0.0,-0.0030504957216558326,1
2023-01-05,1.2206904851565883,1.2332052203805912,1.0777326420609556,1.0779481885893678,-0.000590907055500578,-0.000590907055500578,0.0,-0.0036396002177115916,1
2023-01-06,1.21964058242401,1.232144553859101,1.0768056958287635,1.0770210569679293,-0.0008600892243734171,-0.0008600892243734171,0.0,-0.004496559061156757,1
2023-01-09,1.2195966130552298,1.2321001337085584,1.0767668758129108,1.0769822291880733,-3.605108702819937e-05,-3.605108702819937e-05,0.0,-0.004532448042342985,1
2023-01-10,1.2182453592829634,1.2307350266431059,1.0755738704476787,1.0757889852217681,-0.0011079513978653477,-0.0011079513978653477,0.0,-0.005635377708064104,1
2023-01-11,1.2178635764711168,1.2303493297262003,1.0752367990905178,1.075451846450336,-0.0003133874542903259,-0.0003133874542904369,1.1102230246251565e-16,-0.005946999105680417,1
2023-01-12,1.218291473499001,1.23078161363026,1.0756145841228413,1.0758297070396659,0.0003513505421715024,0.00035135054217172446,-2.220446049250313e-16,-0.005597738044868961,1
2023-01-13,1.2170345930060675,1.2295118473757283,1.0745048997672446,1.074719800747198,-0.0010316747020510109,-0.0010316747020510109,0.0,-0.0066236377021903214,1
2023-01-16,1.2153315842835604,1.2277913791059356,1.0730013342751903,1.0732159345420453,-0.0013993100379346979,-0.0013993100379346979,0.0,-0.008013679217400704,1
2023-01-17,1.2159943420861483,1.228460931618991,1.0735864750019468,1.0738011922969473,0.0005453308472835872,0.0005453308472833651,2.220446049250313e-16,-0.0074727184765945864,1
2023-01-18,1.2161594953249808,1.2286277780381019,1.0737322867688088,1.0739470332261625,0.0001358174401939749,0.000135817440194419,-4.440892098500626e-16,-0.007337915961895369,1
2023-01-19,1.2158463476253762,1.2283114198927747,1.0734558125095643,1.0736705036720662,-0.00025748900601307856,-0.0002574890060133006,2.220446049250313e-16,-0.007593515535221251,1
2023-01-20,1.2151278237940917,1.227585529627812,1.0728214366407507,1.0730360009280788,-0.0005909659824104851,-0.0005909659824101521,-3.3306690738754696e-16,-0.008179994008263414,1
2023-01-28,1.2150688404945085,1.2275259416209865,1.0727693610097286,1.0729839148819305,-4.8540818857301105e-05,-4.854081885719008e-05,-1.1102230246251565e-16,-0.008228137763513277,1
2023-01-29,1.2159612962099662,1.2286732816069503,1.0737720536143163,1.0739868080250392,0.0007344898377070752,0.0009346767730613603,-0.0002001869353542851,-0.007499691409376785,0
2023-01-30,1.2159612962099662,1.2286732816069503,1.0734245671309512,1.0736392520443774,0.0,-0.00032361289548876737,0.00032361289548876737,-0.007499691409376785,0
2023-01-31,1.2159612962099662,1.2286732816069503,1.0743941206976162,1.0746089995217556,0.0,0.0009032340011150275,-0.0009032340011150275,-0.007499691409376785,0
2023-02-01,1.2159612962099662,1.2286732816069503,1.0739273336777275,1.0741421191444631,0.0,-0.00043446535204938463,0.00043446535204938463,-0.007499691409376785,0
2023-02-02,1.2159612962099662,1.2286732816069503,1.0740437937252858,1.0742586024840308,0.0,0.00010844313568170172,-0.00010844313568170172,-0.007499691409376785,0
2023-02-03,1.2159612962099662,1.2286732816069503,1.074446196328638,1.0746610855679037,0.0,0.00037466126214136253,-0.00037466126214136253,-0.007499691409376785,0
2023-02-06,1.2159612962099662,1.2286732816069503,1.0741403703500905,1.0743551984241604,0.0,-0.0002846359171753132,0.0002846359171753132,-0.007499691409376785,0
2023-02-07,1.2159612962099662,1.2286732816069503,1.0742217977004158,1.0744366420599558,0.0,7.580699187270667e-05,-7.580699187270667e-05,-0.007499691409376785,0
2023-02-08,1.2159612962099662,1.2286732816069503,1.0743609816596928,1.0745758538560248,0.0,0.00012956724540025277,-0.00012956724540025277,-0.007499691409376785,0
2023-02-09,1.2159612962099662,1.2286732816069503,1.074481229025871,1.074696125271676,0.0,0.00011192454699204823,-0.00011192454699204823,-0.007499691409376785,0
2023-02-10,1.2159612962099662,1.2286732816069503,1.0745389856348226,1.0747538934319496,0.0,5.375301809973365e-05,-5.375301809973365e-05,-0.007499691409376785,0
2023-02-13,1.2159612962099662,1.2286732816069503,1.0747008935058187,1.0749158336845197,0.0,0.00015067659076173356,-0.00015067659076173356,-0.007499691409376785,0
2023-02-14,1.2159612962099662,1.2286732816069503,1.0747056276540932,1.074920568779624,0.0,4.405084524483627e-06,-4.405084524483627e-06,-0.007499691409376785,0
2023-02-15,1.2159612962099662,1.2286732816069503,1.0747577032851152,1.0749726548257723,0.0,4.8455716320949804e-05,-4.8455716320949804e-05,-0.007499691409376785,0
2023-02-16,1.2159612962099662,1.2286732816069503,1.0751515844215729,1.075366614738457,0.0,0.0003664836597623289,-0.0003664836597623289,-0.007499691409376785,0
2023-02-17,1.2159612962099662,1.2286732816069503,1.0752150220084542,1.0754300650128559,0.0,5.900338873177091e-05,-5.900338873177091e-05,-0.007499691409376785,0
2023-02-20,1.2159612962099662,1.2286732816069503,1.0743496197038334,1.0745644896277742,0.0,-0.0008048644102872649,0.0008048644102872649,-0.007499691409376785,0
2023-02-21,1.2159612962099662,1.2286732816069503,1.0736593808853778,1.073874112761555,0.0,-0.0006424713201330645,0.0006424713201330645,-0.007499691409376785,0
2023-02-22,1.2159612962099662,1.2286732816069503,1.0742407342935145,1.0744555824403732,0.0,0.0005414691274407968,-0.0005414691274407968,-0.007499691409376785,0
2023-02-23,1.2159612962099662,1.2286732816069503,1.0741214337569913,1.0743362580437428,0.0,-0.000111055681203176,0.000111055681203176,-0.007499691409376785,0
2023-02-24,1.2159612962099662,1.2286732816069503,1.0743098528583255,1.0745247148288972,0.0,0.00017541694580569533,-0.00017541694580569533,-0.007499691409376785,0
2023-02-27,1.2159612962099662,1.2286732816069503,1.074254936738339,1.0744697877256866,0.0,-5.111758012865675e-05,5.111758012865675e-05,-0.007499691409376785,0
2023-02-28,1.2159612962099662,1.2286732816069503,1.0741943396404223,1.0744091785083505,0.0,-5.6408489125137073e-05,5.6408489125137073e-05,-0.007499691409376785,0
2023-03-01,1.2159612962099662,1.2286732816069503,1.0744793353665612,1.0746942312336345,0.0,0.00026531114121697286,-0.00026531114121697286,-0.007499691409376785,0
2023-03-02,1.2159612962099662,1.2286732816069503,1.0741006035045828,1.0743154236252836,0.0,-0.0003524794284193167,0.0003524794284193167,-0.007499691409376785,0
2023-03-03,1.2159612962099662,1.2286732816069503,1.073654646737103,1.0738693776664505,0.0,-0.00041519087320562864,0.00041519087320562864,-0.007499691409376785,0
2023-03-06,1.2159612962099662,1.2286732816069503,1.07520081956363,1.0754158597275427,0.0,0.0014401025797501354,-0.0014401025797501354,-0.007499691409376785,0
2023-03-07,1.2159612962099662,1.2286732816069503,1.0755359972614809,1.0757511044609331,0.0,0.0003117349724368612,-0.0003117349724368612,-0.007499691409376785,0
2023-03-08,1.2159612962099662,1.2286732816069503,1.075692224154547,1.0759073625993778,0.0,0.00014525491797945378,-0.00014525491797945378,-0.007499691409376785,0
2023-03-09,1.2159612962099662,1.2286732816069503,1.0758247803062393,1.0760399452623006,0.0,0.0001232286974988117,-0.0001232286974988117,-0.007499691409376785,0
2023-03-10,1.2159612962099662,1.2286732816069503,1.0762906204964728,1.0765058786205721,0.0,0.00043300749226182766,-0.00043300749226182766,-0.007499691409376785,0
2023-03-13,1.2159612962099662,1.2286732816069503,1.0762963014744025,1.0765115607346973,0.0,5.278293633281805e-06,-5.278293633281805e-06,-0.007499691409376785,0
2023-03-14,1.2159612962099662,1.2286732816069503,1.0764771459384974,1.076692441367685,0.0,0.00016802479377409085,-0.00016802479377409085,-0.007499691409376785,0
2023-03-15,1.2159612962099662,1.2286732816069503,1.0762271829095915,1.0764424283461733,0.0,-0.00023220467786888577,0.00023220467786888577,-0.007499691409376785,0
2023-03-16,1.2159612962099662,1.2286732816069503,1.0768161109549679,1.077031474177159,0.0,0.0005472153600358798,-0.0005472153600358798,-0.007499691409376785,0
2023-03-17,1.2159612962099662,1.2286732816069503,1.077022519819746,1.07723792432371,0.0,0.0001916844135951834,-0.0001916844135951834,-0.007499691409376785,0
2023-03-20,1.2159612962099662,1.2286732816069503,1.0773311862872588,1.077546652524516,0.0,0.0002865923987962482,-0.0002865923987962482,-0.007499691409376785,0
2023-03-21,1.2159612962099662,1.2286732816069503,1.0771105749776562,1.0773259970926516,0.0,-0.000204775757362885,0.000204775757362885,-0.007499691409376785,0
2023-03-22,1.2159612962099662,1.2286732816069503,1.0767053318853392,1.0769206729517162,0.0,-0.0003762316532128773,0.0003762316532128773,-0.007499691409376785,0
2023-03-23,1.2159612962099662,1.2286732816069503,1.0766343196612183,1.0768496465251505,0.0,-6.595325760727633e-05,6.595325760727633e-05,-0.007499691409376785,0
2023-03-24,1.2159612962099662,1.2286732816069503,1.0760463384454968,1.0762615477131858,0.0,-0.0005461289919742596,0.0005461289919742596,-0.007499691409376785,0
2023-03-27,1.2159612962099662,1.2286732816069503,1.076583190859851,1.076798507498023,0.0,0.0004989119847105261,-0.0004989119847105261,-0.007499691409376785,0
2023-03-28,1.2159612962099662,1.2286732816069503,1.0765386898660687,1.076753997604042,0.0,-4.1335397171549104e-05,4.1335397171549104e-05,-0.007499691409376785,0
2023-03-29,1.2159612962099662,1.2286732816069503,1.0765424771846888,1.0767577856801256,0.0,3.51805156251217e-06,-3.51805156251217e-06,-0.007499691409376785,0
2023-03-30,1.2159612962099662,1.2286732816069503,1.076710066033614,1.0769254080468207,0.0,0.00015567323396603605,-0.00015567323396603605,-0.007499691409376785,0
2023-03-31,1.2159612962099662,1.2286732816069503,1.0765424771846888,1.0767577856801256,0.0,-0.00015564900358233658,0.00015564900358233658,-0.007499691409376785,0
2023-04-03,1.2159612962099662,1.2286732816069503,1.076304822941297,1.0765200839058853,0.0,-0.0002207569589016689,0.0002207569589016689,-0.007499691409376785,0
2023-04-04,1.2159612962099662,1.2286732816069503,1.076234757546831,1.0764500044983403,0.0,-6.509809579280379e-05,6.509809579280379e-05,-0.007499691409376785,0
2023-04-06,1.2159612962099662,1.2286732816069503,1.0762603219475146,1.076475574011904,0.0,2.375355423556158e-05,-2.375355423556158e-05,-0.007499691409376785,0
2023-04-07,1.2159612962099662,1.2286732816069503,1.0764932420426314,1.07670854069104,0.0,0.00021641613127143522,-0.00021641613127143522,-0.007499691409376785,0
2023-04-10,1.2159612962099662,1.2286732816069503,1.0769780188259637,1.0771934144297288,0.0,0.0004503296113707034,-0.0004503296113707034,-0.007499691409376785,0
2023-04-11,1.2159612962099662,1.2286732816069503,1.0782590793491056,1.0784747311649754,0.0,0.0011894955149951425,-0.0011894955149951425,-0.007499691409376785,0
2023-04-12,1.2159612962099662,1.2286732816069503,1.078848954224137,1.0790647240149818,0.0,0.0005470622843144479,-0.0005470622843144479,-0.007499691409376785,0
2023-04-13,1.2159612962099662,1.2286732816069503,1.0785999380248863,1.0788156580124912,0.0,-0.0002308165552515895,0.0002308165552515895,-0.007499691409376785,0
2023-04-14,1.2157181525794503,1.2286732816069503,1.0785393409269697,1.0787550487951552,-0.00019996000799837876,-5.6181254773246536e-05,-0.00014377875322513223,-0.007698151779021001,1
2023-04-17,1.2148077828823804,1.2277532106836027,1.0777316952313007,1.077947241570347,-0.000748832856643844,-0.000748832856643733,-1.1102230246251565e-16,-0.008441220006677241,1
2023-04-18,1.2149326518795167,1.2278794103295954,1.0778424743009294,1.0780580427957895,0.00010278909873284725,0.00010278909873284725,0.0,-0.008339298573340925,1
2023-04-19,1.2155858127876136,1.2285395315547871,1.0784219340497565,1.0786376184365665,0.0005376107943813047,0.0005376107943815267,-2.220446049250313e-16,-0.007806171075890211,1
2023-04-20,1.2155505933268829,1.2285039367828405,1.0783906886711432,1.0786063668088774,-2.897324101691634e-05,-2.8973241017027362e-05,1.1102230246251565e-16,-0.007834918146831127,1
2023-04-21,1.2159636215481795,1.2289213663811236,1.0787571117476074,1.0789728631699569,0.00033978694392811093,0.00033978694392811093,0.0,-0.007497793405796038,1
2023-04-23,1.2163456993342883,1.2293075157252717,1.079096076764078,1.0793118959794308,0.00031421810598430966,0.0003142181059845317,-2.220446049250313e-16,-0.0071859312422546395,1
2023-04-24,1.2168771930144064,1.2298446731928299,1.079567597932241,1.0797835114518275,0.0004369593943638339,0.00043695939436361186,2.220446049250313e-16,-0.006752111808054351,1
2023-04-25,1.2170009947551568,1.2299697942093697,1.0796774301722147,1.0798933656582492,0.00010173725126993993,0.00010173725126993993,0.0,-0.006651061498080035,1
2023-04-26,1.217440704386098,1.230414189543976,1.0800675239900528,1.0802835374948507,0.00036130589279403935,0.00036130589279403935,0.0,-0.0062921586729987045,1
2023-04-27,1.2193052012920542,1.232298555198241,1.0817216353972434,1.081937979724323,0.0015314888842135055,0.0015314888842132834,2.220446049250313e-16,-0.004770306159850635,1
2023-04-28,1.2195645445937986,1.2325606621553025,1.0819517150033953,1.0821681053463958,0.0002126976096465949,0.00021269760964637285,2.220446049250313e-16,-0.004558623182921662,1
2023-05-04,1.2212700202982738,1.2342843120210816,1.083464748791999,1.0836814417417575,0.0013984300478686595,0.0013984300478686595,0.0,-0.0031665680506889338,1
2023-05-05,1.222590216447483,1.2356185766543533,1.0846359770751672,1.0848529042705823,0.0010810026671141948,0.0010810026671139727,2.220446049250313e-16,-0.0020889884520830515,1
2023-05-06,1.2231089030509714,1.2361427905684763,1.0850961362874711,1.0853131555147286,0.00042425221182917916,0.0004242522118294012,-2.220446049250313e-16,-0.0016656224982252166,1
2023-05-08,1.2221505068165417,1.235174181319747,1.0842458832573296,1.084462732433981,-0.0007835739172848966,-0.0007835739172848966,0.0,-0.0024478912771644934,1
2023-05-09,1.2223554200426112,1.235381278174709,1.084427674551079,1.0846445600859893,0.00016766611389229524,0.00016766611389229524,0.0,-0.0022806355916897836,1
2023-05-10,1.2233746498910305,1.2364113693022554,1.0853318968715526,1.085548963250927,0.0008338244603061096,0.0008338244603061096,0.0,-0.0014487127811250167,1
2023-05-11,1.2250303784274006,1.2383324083579201,1.0870182004870115,1.087235604127109,0.0013534108594759342,0.0015537216037966317,-0.0002003107443206975,-9.726262525933116e-05,0
2023-05-12,1.2250303784274006,1.2383324083579201,1.0860940947437843,1.086311313562733,0.0,-0.0008501290436656594,0.0008501290436656594,-9.726262525933116e-05,0
2023-05-15,1.2250303784274006,1.2383324083579201,1.0858204609735047,1.0860376250656993,0.0,-0.0002519429684810781,0.0002519429684810781,-9.726262525933116e-05,0
2023-05-16,1.2250303784274006,1.2383324083579201,1.0855932218563178,1.0858103405006891,0.0,-0.00020927872088838395,0.00020927872088838395,-9.726262525933116e-05,0
2023-05-17,1.2250303784274006,1.2383324083579201,1.0856339355314804,1.0858510623185866,0.0,3.750361953525072e-05,-3.750361953525072e-05,-9.726262525933116e-05,0
2023-05-18,1.224785421343132,1.2383324083579201,1.0848528010661498,1.085069771626363,-0.00019996000799837876,-0.0007195192041856702,0.0005195591961872914,-0.0002972031846224521,1
2023-05-19,1.2253776246253012,1.238931161824337,1.0853773446949901,1.0855944201639292,0.0004835159464258165,0.00048351594642603857,-2.220446049250313e-16,0.0,1
2023-05-22,1.2258073461405214,1.23936563636134,1.0857579702162783,1.0859751218103215,0.0003506849697469949,0.0003506849697467729,2.220446049250313e-16,0.0,1
2023-05-23,1.2272793026739997,1.240853873767939,1.087061754651139,1.0872791670020692,0.0012008057694488095,0.0012008057694488095,0.0,0.0,1
2023-05-24,1.2273926123272667,1.2409684367055567,1.0871621185945632,1.0873795510182822,9.232588948604459e-05,9.232588948582254e-05,2.220446049250313e-16,0.0,1
2023-05-25,1.227044131695521,1.240616101633261,1.086853452127051,1.0870708228174764,-0.00028391944700156824,-0.0002839194470014572,-1.1102230246251565e-16,-0.00028391944700156824,1
2023-05-26,1.2265566863946742,1.240123264845019,1.0864216978043955,1.0866389821439564,-0.0003972516458501385,-0.0003972516458502495,1.1102230246251565e-16,-0.000681058305384008,1
2023-05-29,1.2264765144701928,1.2400422061627423,1.0863506855802747,1.0865679557173906,-6.536340747287372e-05,-6.536340747265168e-05,-2.220446049250313e-16,-0.0007463771965654509,1
2023-05-30,1.226956477058088,1.2405274774739719,1.0867758120953455,1.0869931672577644,0.0003913345116948186,0.00039133451169459654,2.220446049250313e-16,-0.0003553347680264052,1
2023-05-31,1.2272140961754214,1.2407879460396873,1.0870039980421875,1.0872213988417958,0.00020996597854150423,0.00020996597854172627,-2.220446049250313e-16,-0.00014544339769717585,1
2023-06-01,1.2283931579447944,1.2419800490603694,1.088048351151593,1.0882659608218233,0.0009607628962602366,0.0009607628962602366,0.0,0.0,1
2023-06-02,1.2278127132115493,1.2413931842006865,1.087534222648957,1.0877517294934869,-0.0004725235804929895,-0.00047252358049332255,3.3306690738754696e-16,-0.0004725235804929895,1
2023-06-05,1.2275401286683125,1.2411175846809457,1.087292781086946,1.0875102396431633,-0.0002220082430355319,-0.00022200824303530986,-2.220446049250313e-16,-0.000694426919398583,1
2023-06-06,1.2281430215404123,1.2417271459716661,1.0878267930123353,1.0880443583709378,0.0004911390332744681,0.0004911390332744681,0.0,-0.00020362894629000206,1
2023-06-07,1.228966119965088,1.24255934844304,1.0885558518466438,1.0887735630170132,0.0006701975341953936,0.0006701975341953936,0.0,0.0,1
2023-06-08,1.2288325000909524,1.2424242506392453,1.0884374981397755,1.0886551856394036,-0.00010872543348838803,-0.00010872543348838803,0.0,-0.00010872543348838803,1
2023-06-09,1.229981631008519,1.2435860917518773,1.0894553400188427,1.0896732310868464,0.0009351404015449649,0.000935140401545187,-2.220446049250313e-16,0.0,1
2023-06-12,1.2307544883605195,1.2443674974490242,1.0901398978593688,1.0903579258389406,0.0006283486944165251,0.0006283486944167471,-2.220446049250313e-16,0.0,1
2023-06-13,1.233546609250458,1.2471905011571123,1.0926130169180879,1.0928315395214714,0.0022686253971397896,0.0022686253971397896,0.0,0.0,1
2023-06-14,1.2345193619341652,1.2481740131687356,1.0934746319040887,1.0936933268304694,0.0007885820255291165,0.0007885820255291165,0.0,0.0,1
2023-06-15,1.231905757196072,1.2455315001265168,1.0911596333977456,1.091377865324425,-0.0021171030756441667,-0.0021171030756442777,1.1102230246251565e-16,-0.0021171030756441667,1
2023-06-16,1.2295273234364577,1.2431267592189763,1.0890529374154907,1.0892707480029737,-0.0019306945727958214,-0.0019306945727958214,0.0,-0.00404371016902183,1
2023-06-19,1.2279302987007885,1.2415120702680256,1.0876383739110012,1.0878559015857834,-0.0012988932455811897,-0.0012988932455814117,2.220446049250313e-16,-0.005337351066777463,1
2023-06-20,1.2284733298692758,1.242061107742646,1.0881193633757136,1.0883369872483888,0.00044223289307376845,0.0004422328930735464,2.220446049250313e-16,-0.004897478525907384,1
2023-06-21,1.2294193585781563,1.2430176001935105,1.0889573076203412,1.0891750990818652,0.000770084857260267,0.000770084857260489,-2.220446049250313e-16,-0.004131165142698623,1
2023-06-25,1.2301729746682812,1.243779551806911,1.0896248225270782,1.0898427474915835,0.0006129853779075489,0.000612985377907771,-2.220446049250313e-16,-0.0035207121086171522,1
2023-06-26,1.2299014590840376,1.2435050330696007,1.0893843277947217,1.0896022046602807,-0.0002207133385586646,-0.00022071333855877562,1.1102230246251565e-16,-0.0037406483790521916,1
2023-06-27,1.2289126720154337,1.242505309321522,1.0885085103638965,1.0887262120659693,-0.0008039563343068545,-0.0008039563343068545,0.0,-0.004541597395400276,1
2023-06-28,1.229166015296795,1.2427614547575163,1.088732908992119,1.0889506555739172,0.00020615238749699394,0.00020615238749699394,0.0,-0.004336381269049561,1
2023-06-29,1.2293990483572876,1.2429970653273337,1.0889393178568971,1.0891571057204685,0.00018958631917298518,0.00018958631917276314,2.220446049250313e-16,-0.004147617068439802,1
2023-06-30,1.23101103851886,1.2446268852323095,1.0903671369765557,1.090585210403951,0.0013112017320382474,0.0013112017320382474,0.0,-0.002841853699085517,1
2023-07-03,1.230899866783579,1.2445144838595525,1.0902686666924413,1.0904867204257798,-9.03092919577464e-05,-9.030929195785742e-05,1.1102230246251565e-16,-0.00293190634524787,1
2023-07-04,1.2309501078562541,1.2445652806337792,1.0903131676862237,1.090531230319761,4.0816539209176383e-05,4.081653920895434e-05,2.220446049250313e-16,-0.0028912094763090534,1
2023-07-05,1.2308004535972221,1.2444139710935296,1.0901806115345314,1.0903986476568384,-0.00012157621830233278,-0.00012157621830211074,-2.220446049250313e-16,-0.003012434192296909,1
2023-07-06,1.2312194855225116,1.2448376378062287,1.0905517687592703,1.090769879113022,0.00034045480245370463,0.00034045480245370463,0.0,-0.0026730049875309803,1
2023-07-07,1.23132638142182,1.2449457160492643,1.090646451724765,1.0908645810151099,8.682115623193098e-05,8.682115623215303e-05,-2.220446049250313e-16,-0.0025864159046826707,1
2023-07-10,1.2311810029987604,1.244798729638736,1.0905176828916923,1.0907357864282705,-0.0001180665218036836,-0.0001180665218036836,0.0,-0.0027041770573564827,1
2023-07-11,1.2321259627486476,1.24575414130717,1.0913546803066643,1.0915729512427257,0.0007675230104959851,0.0007675230104957631,2.220446049250313e-16,-0.001938729564976427,1
2023-07-12,1.231815964640653,1.2454407144023671,1.09108009970673,1.0912983157266714,-0.00025159611709102414,-0.00025159611709102414,0.0,-0.0021898379052368577,1
2023-07-13,1.2319121709500307,1.245537984821099,1.0911653143756752,1.0913835474385503,7.810120353957117e-05,7.810120353957117e-05,0.0,-0.002111907730673268,1
2023-07-14,1.2313242435038338,1.2449435544844036,1.090644558065455,1.090862686977068,-0.0004772478591095197,-0.0004772478591095197,0.0,-0.002588147686339637,1
2023-07-17,1.2321238248306616,1.2457519797423093,1.0913527866473545,1.091571057204684,0.0006493669973983707,0.0006493669973981486,2.220446049250313e-16,-0.001940461346633282,1
2023-07-18,1.233247300732394,1.2468878820766127,1.0923479046147029,1.0925663741956257,0.0009118206133924556,0.0009118206133924556,0.0,-0.0010304100858962162,1
2023-07-19,1.2335188163166377,1.247162400813923,1.092588399347059,1.0928069170269286,0.0002201631287435113,0.00022016312874328925,2.220446049250313e-16,-0.0008104738154611768,1
2023-07-20,1.233434368556184,1.247077019001925,1.0925135998043185,1.0927321025242793,-6.846086118572625e-05,-6.846086118550421e-05,-2.220446049250313e-16,-0.0008788791909115634,1
2023-07-21,1.2346080855305914,1.2482637181104552,1.0935532187654493,1.0937719294092023,0.0009515844574539134,0.0009515844574539134,0.0,0.0,1
2023-07-24,1.2354408045862049,1.249105647623702,1.0942907990666522,1.0945096572264654,0.0006744804811928962,0.0006744804811928962,0.0,0.0,1
2023-07-25,1.2314364841981078,1.245057036639591,1.0907439751792243,1.0909621239742602,-0.003241207812816449,-0.003241207812816338,-1.1102230246251565e-16,-0.003241207812816449,1
2023-07-26,1.2322392724019147,1.2458687042447876,1.0914550442500888,1.0916733352589387,0.0006519119858054978,0.0006519119858054978,0.0,-0.002591408809232698,1
2023-07-27,1.2337550562541095,1.2474012537310315,1.0927976487008022,1.0930162082305424,0.0012301051314815847,0.0012301051314815847,0.0,-0.0013644913830249683,1
2023-07-28,1.233123301489196,1.2467625113146916,1.0922380723747291,1.092456519989204,-0.0005120585011676448,-0.0005120585011674228,-2.220446049250313e-16,-0.001875851184780175,1
2023-07-31,1.231765723567978,1.2453899176281404,1.0910355987129476,1.0912538058326902,-0.0011009263384923473,-0.0011009263384923473,0.0,-0.002974712349296138,1
2023-08-01,1.2326155459674808,1.2462491396602728,1.0917883282886296,1.0920066859542874,0.0006899221038894066,0.0006899221038891845,2.220446049250313e-16,-0.0022868425652092794,1
2023-08-02,1.2327726829394643,1.2464080146775351,1.0919275122479069,1.0921458977503564,0.00012748254919991986,0.0001274825492001419,-2.220446049250313e-16,-0.00215965154852904,1
2023-08-03,1.2335348507015338,1.2471786125503783,1.0926026017918833,1.0928211223122417,0.000618254908319571,0.000618254908319571,0.0,-0.0015427318553796754,1
2023-08-04,1.2333905412374675,1.2470327069222804,1.0924747797884657,1.0926932747444233,-0.00011698855851882684,-0.00011698855851882684,0.0,-0.0016595399319225823,1
2023-08-07,1.2336267811749393,1.2472715598393889,1.0926840291422086,1.0929025659480371,0.00019153701084384522,0.00019153701084384522,0.0,-0.0014683207843966262,1
2023-08-08,1.233888676128245,1.247536351534826,1.0929160024076705,1.093134585608152,0.00021229674752709649,0.00021229674752731853,-2.220446049250313e-16,-0.0012563357565963384,1
2023-08-09,1.234151640040544,1.2478022240126934,1.093148922502787,1.0933675522872877,0.00021311802060131058,0.00021311802060131058,0.0,-0.0010434854837846341,1
2023-08-10,1.2338651590303973,1.2475125743213582,1.0928951721552616,1.0931137511896927,-0.00023212788514159755,-0.00023212788514170857,1.1102230246251565e-16,-0.0012753711468477258,1
2023-08-11,1.2342200534161014,1.247871394088236,1.0932095196007037,1.0934281615046237,0.0002876281764718769,0.00028762817647209893,-2.220446049250313e-16,-0.0009881098030530833,1
2023-08-14,1.2358021127258676,1.249470952085162,1.094610827490024,1.094829749655522,0.0012818292049197044,0.0012818292049194824,2.220446049250313e-16,0.0,1
2023-08-15,1.2381420639617309,1.2518367848252097,1.0966834376047008,1.0969027742922217,0.0018934675800981182,0.0018934675800981182,0.0,0.0,1
2023-08-16,1.2397700885081997,1.253482816466641,1.0981254591691836,1.0983450842610174,0.0013148931724842328,0.0013148931724840107,2.220446049250313e-16,0.0,1
2023-08-17,1.2394718489491288,1.2531812781685718,1.0978612936954537,1.0980808659541927,-0.00024056037634345717,-0.00024056037634323513,-2.220446049250313e-16,-0.00024056037634345717,1
2023-08-18,1.2395787779861662,1.2535400979354496,1.0981756411408956,1.0983952762691238,8.626983914816755e-05,0.0002863271045687732,-0.00020005726542060565,-0.00015431129030030188,0
2023-08-21,1.2395787779861662,1.2535400979354496,1.099788092043269,1.1000080496616775,0.0,0.0014682996434871587,-0.0014682996434871587,-0.00015431129030030188,0
2023-08-22,1.2395787779861662,1.2535400979354496,1.0994557548343828,1.0996756459853496,0.0,-0.0003021829489613381,0.0003021829489613381,-0.00015431129030030188,0
2023-08-23,1.2395787779861662,1.2535400979354496,1.099207685464787,1.0994275270018798,0.0,-0.00022562924292779396,0.00022562924292779396,-0.00015431129030030188,0
2023-08-24,1.2395787779861662,1.2535400979354496,1.0992588142661541,1.0994786660290072,0.0,4.6514232062921934e-05,-4.6514232062921934e-05,-0.00015431129030030188,0
2023-08-25,1.2395787779861662,1.2535400979354496,1.098539223728395,1.0987589315731408,0.0,-0.0006546142986713077,0.0006546142986713077,-0.00015431129030030188,0
2023-08-28,1.2395787779861662,1.2535400979354496,1.0965527751123183,1.0967720856673406,0.0,-0.0018082637134565482,0.0018082637134565482,-0.00015431129030030188,0
2023-08-29,1.2395787779861662,1.2535400979354496,1.0961295422565573,1.0963487681650086,0.0,-0.00038596669979484854,0.00038596669979484854,-0.00015431129030030188,0
2023-08-30,1.2395787779861662,1.2535400979354496,1.0964022291971818,1.0966215096430212,0.0,0.00024877254933119985,-0.00024877254933119985,-0.00015431129030030188,0
2023-08-31,1.2395787779861662,1.2535400979354496,1.0970460733625451,1.0972654825772177,0.0,0.0005872335427798969,-0.0005872335427798969,-0.00015431129030030188,0
2023-09-01,1.2395787779861662,1.2535400979354496,1.0952897043526202,1.0955087622934907,0.0,-0.0016009984015907808,0.0016009984015907808,-0.00015431129030030188,0
2023-09-04,1.2395787779861662,1.2535400979354496,1.0924927695519095,1.09271126810582,0.0,-0.002553602749661321,0.002553602749661321,-0.00015431129030030188,0
2023-09-05,1.2395787779861662,1.2535400979354496,1.0928875975180221,1.0931061750375257,0.0,0.0003614009878294411,-0.0003614009878294411,-0.00015431129030030188,0
2023-09-06,1.2395787779861662,1.2535400979354496,1.0913357437135656,1.0915540108623083,0.0,-0.0014199573752879946,0.0014199573752879946,-0.00015431129030030188,0
2023-09-07,1.2395787779861662,1.2535400979354496,1.090483597024114,1.0907016937435188,0.0,-0.0007808290843218657,0.0007808290843218657,-0.00015431129030030188,0
2023-09-08,1.2395787779861662,1.2535400979354496,1.0905972165827076,1.0908153360260242,0.0,0.00010419190064259176,-0.00010419190064259176,-0.00015431129030030188,0
2023-09-11,1.2395787779861662,1.2535400979354496,1.090304646219329,1.090522707148573,0.0,-0.0002682661929903629,0.0002682661929903629,-0.00015431129030030188,0
2023-09-12,1.2395787779861662,1.2535400979354496,1.0913679359218338,1.091586209509018,0.0,0.0009752225730594866,-0.0009752225730594866,-0.00015431129030030188,0
2023-09-13,1.2395787779861662,1.2535400979354496,1.0919161502920476,1.092134533522106,0.0,0.0005023185601937818,-0.0005023185601937818,-0.00015431129030030188,0
2023-09-14,1.2395787779861662,1.2535400979354496,1.0926622520601448,1.0928807845105568,0.0,0.0006832958445550652,-0.0006832958445550652,-0.00015431129030030188,0
2023-09-15,1.2395787779861662,1.2535400979354496,1.0915128008590405,1.0917311034192123,0.0,-0.0010519730126460347,0.0010519730126460347,-0.00015431129030030188,0
2023-09-18,1.2395787779861662,1.2535400979354496,1.0899136055718366,1.090131588292951,0.0,-0.0014651182156959486,0.0014651182156959486,-0.00015431129030030188,0
2023-09-19,1.2395787779861662,1.2535400979354496,1.090076460272487,1.0902944755645416,0.0,0.00014941982540439547,-0.00014941982540439547,-0.00015431129030030188,0
2023-09-20,1.2395787779861662,1.2535400979354496,1.089781996249799,1.089999952649049,0.0,-0.0002701315306032903,0.0002701315306032903,-0.00015431129030030188,0
2023-09-21,1.2395787779861662,1.2535400979354496,1.0901152802883403,1.0903333033443978,0.0,0.00030582633929365777,-0.00030582633929365777,-0.00015431129030030188,0
2023-09-22,1.2395787779861662,1.2535400979354496,1.08932657118577,1.089544436500007,0.0,-0.0007235098129819706,0.0007235098129819706,-0.00015431129030030188,0
2023-09-25,1.2395787779861662,1.2535400979354496,1.0878694003468081,1.0880869742268775,0.0,-0.001337680432577426,0.001337680432577426,-0.00015431129030030188,0
2023-09-26,1.2395787779861662,1.2535400979354496,1.086903634098763,1.0871210148255828,0.0,-0.0008877593649910809,0.0008877593649910809,-0.00015431129030030188,0
2023-09-27,1.2395787779861662,1.2535400979354496,1.0869282516697916,1.0871456373201256,0.0,2.2649267383378913e-05,-2.2649267383378913e-05,-0.00015431129030030188,0
2023-09-28,1.2395787779861662,1.2535400979354496,1.087815431056476,1.0880329941426874,0.0,0.0008162262645410312,-0.0008162262645410312,-0.00015431129030030188,0
2023-10-07,1.2395787779861662,1.2535400979354496,1.0885549050169891,1.0887726159979925,0.0,0.0006797788847276998,-0.0006797788847276998,-0.00015431129030030188,0
2023-10-08,1.2395787779861662,1.2535400979354496,1.0888986041817346,1.0891163839025708,0.0,0.00031573893348091353,-0.00031573893348091353,-0.00015431129030030188,0
2023-10-09,1.2395787779861662,1.2535400979354496,1.088885348566565,1.0891031256362784,0.0,-1.21734155215103e-05,1.21734155215103e-05,-0.00015431129030030188,0
2023-10-10,1.2395787779861662,1.2535400979354496,1.0883163039439425,1.0885339672047314,0.0,-0.0005225936994851521,0.0005225936994851521,-0.00015431129030030188,0
2023-10-11,1.2395787779861662,1.2535400979354496,1.0871261390676754,1.087343564295489,0.0,-0.0010935836134716714,0.0010935836134716714,-0.00015431129030030188,0
2023-10-12,1.2395787779861662,1.2535400979354496,1.0866347344767586,1.0868520614236539,0.0,-0.0004520216865894211,0.0004520216865894211,-0.00015431129030030188,0
2023-10-13,1.2395787779861662,1.2535400979354496,1.0884621157108043,1.0886798081339464,0.0,0.0016816885896120404,-0.0016816885896120404,-0.00015431129030030188,0
2023-10-16,1.2395787779861662,1.2535400979354496,1.0890188515479124,1.089236655318222,0.0,0.0005114884836801004,-0.0005114884836801004,-0.00015431129030030188,0
2023-10-17,1.2395787779861662,1.2535400979354496,1.088430870332191,1.0886485565062574,0.0,-0.000539918308012477,0.000539918308012477,-0.00015431129030030188,0
2023-10-18,1.2395787779861662,1.2535400979354496,1.0881581833915668,1.088375815028245,0.0,-0.00025053216337111994,0.00025053216337111994,-0.00015431129030030188,0
2023-10-19,1.2395787779861662,1.2535400979354496,1.0870702761180335,1.087287690173257,0.0,-0.0009997694178455196,0.0009997694178455196,-0.00015431129030030188,0
2023-10-20,1.2395787779861662,1.2535400979354496,1.0874395396834626,1.0876570275913993,0.0,0.00033968693058894495,-0.00033968693058894495,-0.00015431129030030188,0
2023-10-23,1.2395787779861662,1.2535400979354496,1.0884517005845997,1.0886693909247167,0.0,0.000930774414761304,-0.000930774414761304,-0.00015431129030030188,0
2023-10-24,1.2395787779861662,1.2535400979354496,1.0873183454876294,1.0875358091567269,0.0,-0.0010412543766173954,0.0010412543766173954,-0.00015431129030030188,0
2023-10-25,1.2395787779861662,1.2535400979354496,1.0880956926343401,1.088313311772867,0.0,0.000714921393478507,-0.000714921393478507,-0.00015431129030030188,0
2023-10-26,1.2395787779861662,1.2535400979354496,1.0884734776666638,1.088691172362197,0.0,0.00034719835293994805,-0.00034719835293994805,-0.00015431129030030188,0
2023-10-27,1.2395787779861662,1.2535400979354496,1.0882424512308568,1.088460099721103,0.0,-0.00021224810759945534,0.00021224810759945534,-0.00015431129030030188,0
2023-10-30,1.2395787779861662,1.2535400979354496,1.0886950358059209,1.088912774813082,0.0,0.0004158857932368143,-0.0004158857932368143,-0.00015431129030030188,0
2023-10-31,1.2395787779861662,1.2535400979354496,1.089570853236746,1.0897887674073934,0.0,0.0008044653479812869,-0.0008044653479812869,-0.00015431129030030188,0
2023-11-01,1.2395787779861662,1.2535400979354496,1.0901465256669534,1.0903645549720866,0.0,0.0005283478614512838,-0.0005283478614512838,-0.00015431129030030188,0
2023-11-02,1.2395787779861662,1.2535400979354496,1.0913366905432205,1.091554957881329,0.0,0.0010917476213017085,-0.0010917476213017085,-0.00015431129030030188,0
2023-11-03,1.2395787779861662,1.2535400979354496,1.0913650954328689,1.0915833684519554,0.0,2.6027613562851215e-05,-2.6027613562851215e-05,-0.00015431129030030188,0
2023-11-06,1.2395787779861662,1.2535400979354496,1.0917248907017483,1.0919432356798886,0.0,0.00032967452448784407,-0.00032967452448784407,-0.00015431129030030188,0
2023-11-07,1.2395787779861662,1.2535400979354496,1.0917987434148342,1.092017103163517,0.0,6.764773223988385e-05,-6.764773223988385e-05,-0.00015431129030030188,0
2023-11-08,1.2395787779861662,1.2535400979354496,1.0916321013955637,1.0918504278158427,0.0,-0.0001526307117274417,0.0001526307117274417,-0.00015431129030030188,0
2023-11-09,1.2395787779861662,1.2535400979354496,1.0920913137782124,1.092309732040968,0.0,0.0004206658837366817,-0.0004206658837366817,-0.00015431129030030188,0
2023-11-10,1.2395787779861662,1.2535400979354496,1.0919767473899642,1.092195142739442,0.0,-0.00010490550268360543,0.00010490550268360543,-0.00015431129030030188,0
2023-11-13,1.2395787779861662,1.2535400979354496,1.0922541684788631,1.092472619312559,0.0,0.0002540540259323709,-0.0002540540259323709,-0.00015431129030030188,0
2023-11-14,1.2395787779861662,1.2535400979354496,1.091816733178278,1.0920350965249137,0.0,-0.0004004885613706488,0.0004004885613706488,-0.00015431129030030188,0
2023-11-15,1.2395787779861662,1.2535400979354496,1.0914806086507722,1.0916989047725023,0.0,-0.00030785801068211605,0.00030785801068211605,-0.00015431129030030188,0
2023-11-16,1.2395787779861662,1.2535400979354496,1.0919161502920476,1.092134533522106,0.0,0.0003990374522675477,-0.0003990374522675477,-0.00015431129030030188,0
2023-11-17,1.2395787779861662,1.2535400979354496,1.0922200826112851,1.0924385266278074,0.0,0.0002783476727183931,-0.0002783476727183931,-0.00015431129030030188,0
2023-11-20,1.2395787779861662,1.2535400979354496,1.092049653273395,1.0922680632040496,0.0,-0.00015603937393526834,0.00015603937393526834,-0.00015431129030030188,0
2023-11-21,1.2395787779861662,1.2535400979354496,1.091875436616885,1.0920938117042083,0.0,-0.0001595318088218889,0.0001595318088218889,-0.00015431129030030188,0
2023-11-22,1.2395787779861662,1.2535400979354496,1.0913518398176996,1.0915701101856632,0.0,-0.0004795389488820856,0.0004795389488820856,-0.00015431129030030188,0
2023-11-23,1.2395787779861662,1.2535400979354496,1.0900774071021422,1.0902954225835626,0.0,-0.001167756051769997,0.001167756051769997,-0.00015431129030030188,0
2023-11-24,1.2395787779861662,1.2535400979354496,1.0900830880800718,1.0903011046976878,0.0,5.211536256544136e-06,-5.211536256544136e-06,-0.00015431129030030188,0
2023-11-27,1.2395787779861662,1.2535400979354496,1.089448712211258,1.0896666019537002,0.0,-0.0005819518491303466,0.0005819518491303466,-0.00015431129030030188,0
2023-11-28,1.2395787779861662,1.2535400979354496,1.0900026075594016,1.0902206080809134,0.0,0.0005084180117294057,-0.0005084180117294057,-0.00015431129030030188,0
2023-11-29,1.2395787779861662,1.2535400979354496,1.0901190676069599,1.0903370914204813,0.0,0.0001068438247309178,-0.0001068438247309178,-0.00015431129030030188,0
2023-11-30,1.2395787779861662,1.2535400979354496,1.0907610181130132,1.0909791703166358,0.0,0.00058888109118449,-0.00058888109118449,-0.00015431129030030188,0
2023-12-01,1.2395787779861662,1.2535400979354496,1.090572599011679,1.0907907135314814,0.0,-0.00017274095627295427,0.00017274095627295427,-0.00015431129030030188,0
2023-12-04,1.2395787779861662,1.2535400979354496,1.090328316960703,1.090546382624095,0.0,-0.00022399430464092873,0.00022399430464092873,-0.00015431129030030188,0
2023-12-05,1.2395787779861662,1.2535400979354496,1.0901522066448832,1.090370237086212,0.0,-0.00016152044579620384,0.00016152044579620384,-0.00015431129030030188,0
2023-12-06,1.2395787779861662,1.2535400979354496,1.0901152802883403,1.0903333033443978,0.0,-3.387266137511169e-05,3.387266137511169e-05,-0.00015431129030030188,0
2023-12-07,1.2395787779861662,1.2535400979354496,1.0900196504931905,1.090237654423289,0.0,-8.772447912519521e-05,8.772447912519521e-05,-0.00015431129030030188,0
2023-12-08,1.2395787779861662,1.2535400979354496,1.090430574563437,1.0906486606783496,0.0,0.0003769877635331209,-0.0003769877635331209,-0.00015431129030030188,0
2023-12-11,1.2395787779861662,1.2535400979354496,1.091607483824535,1.0918258053213,0.0,0.0010793069165080382,-0.0010793069165080382,-0.00015431129030030188,0
2023-12-12,1.2395787779861662,1.2535400979354496,1.0915667701493723,1.0917850835034022,0.0,-3.7296991607371766e-05,3.7296991607371766e-05,-0.00015431129030030188,0
2023-12-13,1.2395787779861662,1.2535400979354496,1.0927455730697804,1.0929641221843942,0.0,0.001079918290519899,-0.001079918290519899,-0.00015431129030030188,0
2023-12-14,1.2395787779861662,1.2535400979354496,1.0927588286849494,1.0929773804506864,0.0,1.2130559478684688e-05,-1.2130559478684688e-05,-0.00015431129030030188,0
2023-12-15,1.2395787779861662,1.2535400979354496,1.093237924490352,1.09345657207525,0.0,0.00043842775992875005,-0.00043842775992875005,-0.00015431129030030188,0
2023-12-18,1.2395787779861662,1.2535400979354496,1.0938675662108912,1.0940863397241334,0.0,0.0005759420766826562,-0.0005759420766826562,-0.00015431129030030188,0
2023-12-19,1.2395787779861662,1.2535400979354496,1.0937056583398956,1.0939243994715635,0.0,-0.00014801414357357157,0.00014801414357357157,-0.00015431129030030188,0
2023-12-20,1.2395787779861662,1.2535400979354496,1.0936024539075062,1.0938211743982877,0.0,-9.436216371605521e-05,9.436216371605521e-05,-0.00015431129030030188,0
2023-12-21,1.2395787779861662,1.2535400979354496,1.0949507393361495,1.0951697294840168,0.0,0.0012328844214144485,-0.0012328844214144485,-0.00015431129030030188,0
2023-12-22,1.2395787779861662,1.2535400979354496,1.0954525590532709,1.0956716495650816,0.0,0.000458303464341725,-0.000458303464341725,-0.00015431129030030188,0
2023-12-25,1.2395787779861662,1.2535400979354496,1.0962999715944475,1.0965192315887664,0.0,0.0007735730170816968,-0.0007735730170816968,-0.00015431129030030188,0
2023-12-26,1.2395787779861662,1.2535400979354496,1.0970119874949669,1.097231389892466,0.0,0.000649471785978184,-0.000649471785978184,-0.00015431129030030188,0
2023-12-27,1.2393309118038056,1.2535400979354496,1.0974636252403762,1.0976831179654243,-0.00019996000799826774,0.00041169809496865994,-0.0006116581029669277,-0.00035424044221177287,1
2023-12-28,1.2400227002107214,1.2542398178400338,1.0980762240271265,1.0982958392719318,0.0005581950714912409,0.000558195071491463,-2.220446049250313e-16,0.0,1
2023-12-29,1.2400590538518883,1.2542765882832423,1.0981084162353947,1.0983280379186418,2.931691586027796e-05,2.9316915860500004e-05,-2.220446049250313e-16,0.0,1
2023-12-31,1.240557312580826,1.2547805596519226,1.0985496388545994,1.0987693487823704,0.00040180242012666234,0.00040180242012666234,0.0,0.0,1
2024-01-02,1.2401616994269484,1.254380410711125,1.0981993118822695,1.0984189517446459,-0.0003188995380266624,-0.00031889953802655135,-1.1102230246251565e-16,-0.0003188995380266624,1
2024-01-03,1.2393394656017274,1.2535487498044398,1.0974711998776159,1.0976906941175915,-0.0006630053368048561,-0.0006630053368050781,2.220446049250313e-16,-0.0009816934427359092,1
2024-01-04,1.2405562433560857,1.2547794781682988,1.0985486920249445,1.0987684017633494,0.000981795374173533,0.000981795374173755,-2.220446049250313e-16,-8.61890643411023e-07,1
2024-01-05,1.2419537200915398,1.2561929772645763,1.099786198383959,1.1000061556236358,0.0011264920417259905,0.0011264920417257684,2.220446049250313e-16,0.0,1
2024-01-08,1.2421771880622436,1.256419007341946,1.0999840857818426,1.100204082598999,0.00017993260705995162,0.00017993260705972958,2.220446049250313e-16,0.0,1
2024-01-09,1.2436420259563308,1.2579006399065216,1.1012812424091187,1.1015014986576006,0.0011792503582941372,0.0011792503582941372,0.0,0.0,1
2024-01-10,1.243357612175435,1.2576129652625967,1.1010293857209033,1.1012495915980474,-0.00022869425040294988,-0.00022869425040283886,-1.1102230246251565e-16,-0.00022869425040294988,1
2024-01-11,1.24302508328123,1.257276623855602,1.100734921698215,1.1009550686825547,-0.0002674442903223273,-0.00026744429032243833,1.1102230246251565e-16,-0.0004960773777538119,1
2024-01-12,1.2417911979310279,1.2560285917537621,1.099642280276407,1.0998622087324623,-0.0009926471853206609,-0.000992647185320772,1.1102230246251565e-16,-0.0014882321332616577,1
2024-01-15,1.2411197247941763,1.2553494200380297,1.0990476712531012,1.0992674807873517,-0.0005407295026493841,-0.0005407295026490511,-3.3306690738754696e-16,-0.0020281569048897774,1
2024-01-16,1.2413164621463748,1.255548413024805,1.0992218879096112,1.099441732287193,0.00015851601442484764,0.00015851601442484764,0.0,-0.0018699623858140502,1
2024-01-17,1.2420959269819878,1.256336814586539,1.099912126728067,1.1001321091534124,0.000627934019552967,0.000627934019552967,0.0,-0.0012432025792583623,1
2024-01-18,1.242903191660846,1.257153334722491,1.100626983117551,1.1008471085141744,0.0006499213638189172,0.0006499213638189172,0.0,-0.0005940891993551078,1
2024-01-19,1.2433629582991361,1.2576183726807155,1.1010341198691778,1.1012543266931516,0.000369913474657535,0.000369913474657535,0.0,-0.00022439548629760164,1
2024-01-22,1.2444375291630467,1.2587052637226122,1.1019856836723985,1.102206080809133,0.0008642455179623809,0.0008642455179623809,0.0,0.0,1
2024-01-23,1.2440729235266355,1.258336477806904,1.101662814760062,1.101883147323014,-0.00029298830022950195,-0.00029298830022950195,0.0,-0.00029298830022950195,1
2024-01-24,1.2439114705908636,1.2581731737797135,1.1015198434821651,1.1017401474508615,-0.0001297777105494502,-0.00012977771054933918,-1.1102230246251565e-16,-0.0004227279874281509,1
2024-01-25,1.2444974057484985,1.2587658268055437,1.1020387061330754,1.102259113874302,0.00047104249095530903,0.000471042490955087,2.220446049250313e-16,0.0,1
2024-01-26,1.2448801882054936,1.2591529979428562,1.1023776711495463,1.1025981466837762,0.0003075799557532566,0.0003075799557532566,0.0,0.0,1
2024-01-29,1.244759493475284,1.2592827759777094,1.10249129070814,1.1027117889662814,-9.695288860178675e-05,0.00010306772494317329,-0.00020002061354496004,-9.695288860178675e-05,0
2024-01-30,1.244759493475284,1.2592827759777094,1.1057966730335564,1.106017832368163,0.0,0.002998102890493959,-0.002998102890493959,-9.695288860178675e-05,0
2024-01-31,1.244759493475284,1.2592827759777094,1.1077954304351476,1.1080169895212346,0.0,0.001807527052968938,-0.001807527052968938,-9.695288860178675e-05,0
2024-02-01,1.244759493475284,1.2592827759777094,1.1076732894096595,1.1078948240675415,0.0,-0.00011025593907731945,0.00011025593907731945,-9.695288860178675e-05,0
2024-02-02,1.244759493475284,1.2592827759777094,1.1074668805448813,1.1076883739209902,0.0,-0.00018634453566013232,0.00018634453566013232,-9.695288860178675e-05,0
2024-02-04,1.244759493475284,1.2592827759777094,1.1090831187658743,1.1093049353896274,0.0,0.0014594009530992658,-0.0014594009530992658,-9.695288860178675e-05,0
2024-02-05,1.244759493475284,1.2592827759777094,1.1090045319045139,1.1092263328108947,0.0,-7.085750385227296e-05,7.085750385227296e-05,-9.695288860178675e-05,0
2024-02-06,1.244759493475284,1.2592827759777094,1.1052172132847295,1.1054382567273864,0.0,-0.003415061445493195,0.003415061445493195,-9.695288860178675e-05,0
2024-02-07,1.244759493475284,1.2592827759777094,1.1073778785573163,1.1075993541330278,0.0,0.0019549688935491805,-0.0019549688935491805,-9.695288860178675e-05,0
2024-02-08,1.244759493475284,1.2592827759777094,1.1069357091084564,1.1071570962502781,0.0,-0.00039929409591954457,0.00039929409591954457,-9.695288860178675e-05,0
2024-02-09,1.244759493475284,1.2592827759777094,1.1065295191864848,1.106750825090322,0.0,-0.0003669498766994961,0.0003669498766994961,-9.695288860178675e-05,0
2024-02-18,1.244759493475284,1.2592827759777094,1.1067870568526301,1.1070084142640007,0.0,0.0002327436021178908,-0.0002327436021178908,-9.695288860178675e-05,0
2024-02-19,1.244759493475284,1.2592827759777094,1.1068732183512302,1.1070945929949003,0.0,7.784830701318413e-05,-7.784830701318413e-05,-9.695288860178675e-05,0
2024-02-20,1.244759493475284,1.2592827759777094,1.108015094915095,1.108236697934078,0.0,0.0010316236267471357,-0.0010316236267471357,-9.695288860178675e-05,0
2024-02-21,1.244759493475284,1.2592827759777094,1.1084231784963767,1.108644863132076,0.0,0.00036830146372057726,-0.00036830146372057726,-9.695288860178675e-05,0
2024-02-22,1.244759493475284,1.2592827759777094,1.1090632353431205,1.109285047990189,0.0,0.0005774480894671363,-0.0005774480894671363,-9.695288860178675e-05,0
2024-02-23,1.244759493475284,1.2592827759777094,1.110628344762746,1.1108504704316986,0.0,0.0014111994426913022,-0.0014111994426913022,-9.695288860178675e-05,0
2024-02-26,1.244759493475284,1.2592827759777094,1.1115874832032064,1.1118098006998471,0.0,0.0008635998216535157,-0.0008635998216535157,-9.695288860178675e-05,0
2024-02-27,1.244759493475284,1.2592827759777094,1.112264466406493,1.1124869192997742,0.0,0.0006090237732216952,-0.0006090237732216952,-9.695288860178675e-05,0
2024-02-28,1.244759493475284,1.2592827759777094,1.1127643924643043,1.1129869453427972,0.0,0.00044946689650759986,-0.00044946689650759986,-9.695288860178675e-05,0
2024-02-29,1.244759493475284,1.2592827759777094,1.1142073608584422,1.1144302023306139,0.0,0.0012967420631984083,-0.0012967420631984083,-9.695288860178675e-05,0
2024-03-01,1.244759493475284,1.2592827759777094,1.1118488081879716,1.112071177949609,0.0,-0.002116798679783871,0.002116798679783871,-9.695288860178675e-05,0
2024-03-04,1.244759493475284,1.2592827759777094,1.1123979693878403,1.1126204489817177,0.0,0.0004939171547646559,-0.0004939171547646559,-9.695288860178675e-05,0
2024-03-05,1.244759493475284,1.2592827759777094,1.1138163202109495,1.1140390834749916,0.0,0.0012750390257272315,-0.0012750390257272315,-9.695288860178675e-05,0
2024-03-06,1.244759493475284,1.2592827759777094,1.118001307285811,1.118224907547268,0.0,0.003757340415041721,-0.003757340415041721,-9.695288860178675e-05,0
2024-03-07,1.244759493475284,1.2592827759777094,1.1176850661810591,1.1179086031942953,0.0,-0.0002828629114215442,0.0002828629114215442,-9.695288860178675e-05,0
2024-03-08,1.244759493475284,1.2592827759777094,1.117281716748052,1.1175051730914016,0.0,-0.0003608793256809628,0.0003608793256809628,-9.695288860178675e-05,0
2024-03-11,1.244759493475284,1.2592827759777094,1.1154524418546963,1.1156755323430672,0.0,-0.0016372548354948169,0.0016372548354948169,-9.695288860178675e-05,0
2024-03-12,1.244759493475284,1.2592827759777094,1.1118734257590002,1.112095800444152,0.0,-0.0032085779378860924,0.0032085779378860924,-9.695288860178675e-05,0
2024-03-13,1.244759493475284,1.2592827759777094,1.1120012477624177,1.1122236480119703,0.0,0.00011496093031482246,-0.00011496093031482246,-9.695288860178675e-05,0
2024-03-14,1.244759493475284,1.2592827759777094,1.1117522315631672,1.1119745820094797,0.0,-0.0002239351797056477,0.0002239351797056477,-9.695288860178675e-05,0
2024-03-15,1.244759493475284,1.2592827759777094,1.1121868263747874,1.1124092637400622,0.0,0.00039090977223321666,-0.00039090977223321666,-9.695288860178675e-05,0
2024-03-18,1.244759493475284,1.2592827759777094,1.1139744407633254,1.114197235651478,0.0,0.0016072968552998113,-0.0016072968552998113,-9.695288860178675e-05,0
2024-03-19,1.244759493475284,1.2592827759777094,1.1147858737776144,1.1150088309523698,0.0,0.0007284125960134169,-0.0007284125960134169,-9.695288860178675e-05,0
2024-03-20,1.244759493475284,1.2592827759777094,1.114283107230838,1.114505963852284,0.0,-0.0004509983115168481,0.0004509983115168481,-9.695288860178675e-05,0
2024-03-21,1.244759493475284,1.2592827759777094,1.1142774262529083,1.1145002817381588,0.0,-5.098325454921948e-06,5.098325454921948e-06,-9.695288860178675e-05,0
2024-03-22,1.244759493475284,1.2592827759777094,1.1139043753688596,1.1141271562439332,0.0,-0.0003347917450892135,0.0003347917450892135,-9.695288860178675e-05,0
2024-03-25,1.244759493475284,1.2592827759777094,1.112663081691225,1.1128856143075634,0.0,-0.0011143628708913944,0.0011143628708913944,-9.695288860178675e-05,0
2024-03-26,1.244759493475284,1.2592827759777094,1.1124585664857567,1.1126810581990538,0.0,-0.00018380694824304822,0.00018380694824304822,-9.695288860178675e-05,0
2024-03-27,1.244759493475284,1.2592827759777094,1.1135815064565227,1.113804222757814,0.0,0.0010094218378966513,-0.0010094218378966513,-9.695288860178675e-05,0
2024-03-28,1.244759493475284,1.2592827759777094,1.113861768034387,1.1140845403879938,0.0,0.00025167585510299517,-0.00025167585510299517,-9.695288860178675e-05,0
2024-03-29,1.244759493475284,1.2592827759777094,1.114296362846007,1.1145192221185762,0.0,0.0003901694304373482,-0.0003901694304373482,-9.695288860178675e-05,0
2024-04-01,1.244759493475284,1.2592827759777094,1.1131431243262828,1.113365752951148,0.0,-0.001034947755531257,0.001034947755531257,-9.695288860178675e-05,0
2024-04-02,1.244759493475284,1.2592827759777094,1.1139753875929803,1.114198182670499,0.0,0.0007476695929835575,-0.0007476695929835575,-9.695288860178675e-05,0
2024-04-03,1.244759493475284,1.2592827759777094,1.1151986915071708,1.1154217312454722,0.0,0.0010981426769525182,-0.0010981426769525182,-9.695288860178675e-05,0
2024-04-07,1.244759493475284,1.2592827759777094,1.1148691947872496,1.115092168626207,0.0,-0.00029546010269787537,0.00029546010269787537,-9.695288860178675e-05,0
2024-04-08,1.244759493475284,1.2592827759777094,1.1156039345994875,1.1158270553864074,0.0,0.0006590367871615044,-0.0006590367871615044,-9.695288860178675e-05,0
2024-04-09,1.244759493475284,1.2592827759777094,1.1164437725034249,1.1166670612579255,0.0,0.0007528100949545369,-0.0007528100949545369,-9.695288860178675e-05,0
2024-04-10,1.244759493475284,1.2592827759777094,1.1156048814291426,1.1158280024054283,0.0,-0.0007513957217936129,0.0007513957217936129,-9.695288860178675e-05,0
2024-04-11,1.244759493475284,1.2592827759777094,1.1158387483539143,1.116061916103585,0.0,0.00020963239643778664,-0.00020963239643778664,-9.695288860178675e-05,0
2024-04-12,1.244759493475284,1.2592827759777094,1.1174881256128302,1.1177116232379527,0.0,0.0014781501909204575,-0.0014781501909204575,-9.695288860178675e-05,0
2024-04-15,1.244759493475284,1.2592827759777094,1.118508807980862,1.1187325097424583,0.0,0.0009133720033689396,-0.0009133720033689396,-9.695288860178675e-05,0
2024-04-16,1.244759493475284,1.2592827759777094,1.1185182762774115,1.118741979932667,0.0,8.465106829724789e-06,-8.465106829724789e-06,-9.695288860178675e-05,0
2024-04-17,1.244759493475284,1.2592827759777094,1.119198099969663,1.1194219395896567,0.0,0.0006077895253655541,-0.0006077895253655541,-9.695288860178675e-05,0
2024-04-18,1.244759493475284,1.2592827759777094,1.1202216228266595,1.1204456671512248,0.0,0.0009145144698015084,-0.0009145144698015084,-9.695288860178675e-05,0
2024-04-19,1.244759493475284,1.2592827759777094,1.1208900845630514,1.121114262579964,0.0,0.0005967227580423451,-0.0005967227580423451,-9.695288860178675e-05,0
2024-04-22,1.244759493475284,1.2592827759777094,1.121774423460771,1.121998778345463,0.0,0.0007889612995053419,-0.0007889612995053419,-9.695288860178675e-05,0
2024-04-23,1.244759493475284,1.2592827759777094,1.1233414265397066,1.1235660948250146,0.0,0.00139689677903454,-0.00139689677903454,-9.695288860178675e-05,0
2024-04-24,1.244759493475284,1.2592827759777094,1.1199394675894856,1.1201634554830036,0.0,-0.0030284282853346722,0.0030284282853346722,-9.695288860178675e-05,0
2024-04-25,1.244759493475284,1.2592827759777094,1.1199328397819008,1.1201568263498571,0.0,-5.9180051927842925e-06,5.9180051927842925e-06,-9.695288860178675e-05,0
2024-04-26,1.244759493475284,1.2592827759777094,1.1169020380564185,1.1171254184640298,0.0,-0.0027062352471711737,0.0027062352471711737,-9.695288860178675e-05,0
2024-04-28,1.244759493475284,1.2592827759777094,1.1152943213023203,1.1155173801665808,0.0,-0.001439442940668223,0.001439442940668223,-9.695288860178675e-05,0
2024-04-29,1.244759493475284,1.2592827759777094,1.1126100592305481,1.1128325812423943,0.0,-0.002406774624870156,0.002406774624870156,-9.695288860178675e-05,0
2024-04-30,1.244759493475284,1.2592827759777094,1.116424835910326,1.1166481208775079,0.0,0.0034286735484092556,-0.0034286735484092556,-9.695288860178675e-05,0
2024-05-06,1.244759493475284,1.2592827759777094,1.11661325501166,1.1168365776626623,0.0,0.00016877007324955784,-0.00016877007324955784,-9.695288860178675e-05,0
2024-05-07,1.244759493475284,1.2592827759777094,1.1183090269236684,1.1185326887290532,0.0,0.0015186743524646662,-0.0015186743524646662,-9.695288860178675e-05,0
2024-05-08,1.244759493475284,1.2592827759777094,1.1188364110414735,1.1190601783236818,0.0,0.00047159068299373885,-0.00047159068299373885,-9.695288860178675e-05,0
2024-05-09,1.244759493475284,1.2592827759777094,1.1175657656445357,1.1177892787976647,0.0,-0.0011356847027842454,0.0011356847027842454,-9.695288860178675e-05,0
2024-05-10,1.244759493475284,1.2592827759777094,1.1171501074260146,1.1173735374474998,0.0,-0.00037193177466510186,0.00037193177466510186,-9.695288860178675e-05,0
2024-05-11,1.244759493475284,1.2592827759777094,1.1154174091574631,1.1156404926392947,0.0,-0.0015509986142718812,0.0015509986142718812,-9.695288860178675e-05,0
2024-05-13,1.244759493475284,1.2592827759777094,1.118002254115466,1.118225854566289,0.0,0.002317379069737946,-0.002317379069737946,-9.695288860178675e-05,0
2024-05-14,1.244759493475284,1.2592827759777094,1.1190305111207373,1.1192543172229614,0.0,0.0009197271306800037,-0.0009197271306800037,-9.695288860178675e-05,0
2024-05-15,1.244759493475284,1.2592827759777094,1.1185731923973985,1.1187969070358779,0.0,-0.000408674043106072,0.000408674043106072,-9.695288860178675e-05,0
2024-05-16,1.244759493475284,1.2592827759777094,1.1175477758810919,1.117771285436268,0.0,-0.0009167183008461643,0.0009167183008461643,-9.695288860178675e-05,0
2024-05-17,1.244759493475284,1.2592827759777094,1.1169938805329482,1.117217279309055,0.0,-0.0004956346029205694,0.0004956346029205694,-9.695288860178675e-05,0
2024-05-20,1.244759493475284,1.2592827759777094,1.1176434056762414,1.1178669343573766,0.0,0.0005814939138102382,-0.0005814939138102382,-9.695288860178675e-05,0
2024-05-21,1.244759493475284,1.2592827759777094,1.1170686800756893,1.1172920938117044,0.0,-0.0005142298497295972,0.0005142298497295972,-9.695288860178675e-05,0
2024-05-22,1.244759493475284,1.2592827759777094,1.117509902694894,1.117733404675433,0.0,0.0003949825351605707,-0.0003949825351605707,-9.695288860178675e-05,0
2024-05-23,1.244759493475284,1.2592827759777094,1.1186584070663435,1.1188821387477568,0.0,0.0010277352967340558,-0.0010277352967340558,-9.695288860178675e-05,0
2024-05-24,1.244759493475284,1.2592827759777094,1.1184964991953479,1.118720198495187,0.0,-0.00014473396880843037,0.00014473396880843037,-9.695288860178675e-05,0
2024-05-27,1.244759493475284,1.2592827759777094,1.1181007243995802,1.1183243445444602,0.0,-0.00035384535941995754,0.00035384535941995754,-9.695288860178675e-05,0
2024-05-28,1.244759493475284,1.2592827759777094,1.1188562944642273,1.1190800657231201,0.0,0.0006757620741661974,-0.0006757620741661974,-9.695288860178675e-05,0
2024-05-29,1.244759493475284,1.2592827759777094,1.119757676295736,1.119981627830995,0.0,0.0008056278862338395,-0.0008056278862338395,-9.695288860178675e-05,0
2024-05-30,1.244759493475284,1.2592827759777094,1.1193912532192718,1.1196151314699156,0.0,-0.00032723426168090874,0.00032723426168090874,-9.695288860178675e-05,0
2024-05-31,1.244759493475284,1.2592827759777094,1.1181177673333693,1.118341390886836,0.0,-0.0011376593145963065,0.0011376593145963065,-9.695288860178675e-05,0
2024-06-03,1.244759493475284,1.2592827759777094,1.1190267238021177,1.119250529146878,0.0,0.0008129344647802572,-0.0008129344647802572,-9.695288860178675e-05,0
2024-06-04,1.244759493475284,1.2592827759777094,1.1195361181564787,1.1197600253801099,0.0,0.00045521196547504417,-0.00045521196547504417,-9.695288860178675e-05,0
2024-06-05,1.244759493475284,1.2592827759777094,1.1204138292466135,1.1206379120124628,0.0,0.0007839953315487147,-0.0007839953315487147,-9.695288860178675e-05,0
2024-06-06,1.244759493475284,1.2592827759777094,1.1208020294051413,1.1210261898110223,0.0,0.00034647926363851056,-0.00034647926363851056,-9.695288860178675e-05,0
2024-06-07,1.244759493475284,1.2592827759777094,1.1208200191685853,1.121044183172419,0.0,1.605079485234029e-05,-1.605079485234029e-05,-9.695288860178675e-05,0
2024-06-11,1.244759493475284,1.2592827759777094,1.1211391007623022,1.1213633285824547,0.0,0.0002846858445244571,-0.0002846858445244571,-9.695288860178675e-05,0
2024-06-12,1.244759493475284,1.2592827759777094,1.1211551968664364,1.1213794279058096,0.0,1.4356919782132493e-05,-1.4356919782132493e-05,-9.695288860178675e-05,0
2024-06-13,1.244759493475284,1.2592827759777094,1.121423149658786,1.1216474342887177,0.0,0.000238997056873691,-0.000238997056873691,-9.695288860178675e-05,0
2024-06-14,1.244759493475284,1.2592827759777094,1.1218889898490194,1.1221133676469892,0.0,0.0004154009040877593,-0.0004154009040877593,-9.695288860178675e-05,0
2024-06-17,1.244759493475284,1.2592827759777094,1.1218122966469688,1.1220366591062982,0.0,-6.83607761058358e-05,6.83607761058358e-05,-9.695288860178675e-05,0
2024-06-18,1.244759493475284,1.2592827759777094,1.1226047930681586,1.1228293140267722,0.0,0.0007064429794170213,-0.0007064429794170213,-9.695288860178675e-05,0
2024-06-19,1.244759493475284,1.2592827759777094,1.1233319582431573,1.1235566246348059,0.0,0.0006477481474236324,-0.0006477481474236324,-9.695288860178675e-05,0
2024-06-20,1.244759493475284,1.2592827759777094,1.1239426633705976,1.1241674519032716,0.0,0.0005436550816158014,-0.0005436550816158014,-9.695288860178675e-05,0
2024-06-21,1.244759493475284,1.2592827759777094,1.1229503858922139,1.1231749759693923,0.0,-0.0008828541799524858,0.0008828541799524858,-9.695288860178675e-05,0
2024-06-24,1.244759493475284,1.2592827759777094,1.1235715061458587,1.1237962204470877,0.0,0.0005531146001176435,-0.0005531146001176435,-9.695288860178675e-05,0
2024-06-25,1.244759493475284,1.2592827759777094,1.1249415686565656,1.1251665569702969,0.0,0.0012193816799490609,-0.0012193816799490609,-9.695288860178675e-05,0
2024-06-26,1.244759493475284,1.2592827759777094,1.1253468117488825,1.1255718811112323,0.0,0.0003602347922841975,-0.0003602347922841975,-9.695288860178675e-05,0
2024-06-27,1.244759493475284,1.2592827759777094,1.1268342811368026,1.12705964799303,0.0,0.0013217875346431818,-0.0013217875346431818,-9.695288860178675e-05,0
2024-06-28,1.244759493475284,1.2592827759777094,1.127478125302166,1.1277036209272264,0.0,0.000571374314876083,-0.000571374314876083,-9.695288860178675e-05,0
2024-07-01,1.244759493475284,1.2592827759777094,1.1247143295393784,1.1249392724052862,0.0,-0.002451307658006052,0.002451307658006052,-9.695288860178675e-05,0
2024-07-02,1.244759493475284,1.2592827759777094,1.1254850488785044,1.1257101458882801,0.0,0.0006852578640494933,-0.0006852578640494933,-9.695288860178675e-05,0
2024-07-03,1.244759493475284,1.2592827759777094,1.1267291830451036,1.1269545288817127,0.0,0.001105420429919457,-0.001105420429919457,-9.695288860178675e-05,0
2024-07-04,1.244759493475284,1.2592827759777094,1.1268910909160996,1.1271164691342828,0.0,0.00014369723748375307,-0.00014369723748375307,-9.695288860178675e-05,0
2024-07-05,1.244759493475284,1.2592827759777094,1.1254282390992076,1.1256533247470275,0.0,-0.0012981306079035138,0.0012981306079035138,-9.695288860178675e-05,0
2024-07-08,1.244759493475284,1.2592827759777094,1.1224675027681916,1.1226919962687452,0.0,-0.0026307642088186922,0.0026307642088186922,-9.695288860178675e-05,0
2024-07-09,1.244759493475284,1.2592827759777094,1.1243299166994702,1.1245547826828102,0.0,0.0016592141212870004,-0.0016592141212870004,-9.695288860178675e-05,0
2024-07-10,1.244759493475284,1.2592827759777094,1.1244993992077057,1.1247242990875472,0.0,0.00015074090417610542,-0.00015074090417610542,-9.695288860178675e-05,0
2024-07-11,1.244759493475284,1.2592827759777094,1.1247843949338445,1.1250093518128312,0.0,0.00025344231072033097,-0.00025344231072033097,-9.695288860178675e-05,0
2024-07-12,1.244759493475284,1.2592827759777094,1.1257283840998258,1.1259535297766456,0.0,0.000839262324613621,-0.000839262324613621,-9.695288860178675e-05,0
2024-07-15,1.244759493475284,1.2592827759777094,1.126251034069356,1.1264762842761697,0.0,0.0004642771532743506,-0.0004642771532743506,-9.695288860178675e-05,0
2024-07-16,1.244759493475284,1.2592827759777094,1.1265360297954947,1.1267613370014538,0.0,0.0002530481371538773,-0.0002530481371538773,-9.695288860178675e-05,0
2024-07-17,1.244759493475284,1.2592827759777094,1.1267774713575058,1.1270028268517773,0.0,0.0002143220950110436,-0.0002143220950110436,-9.695288860178675e-05,0
2024-07-18,1.244759493475284,1.2592827759777094,1.1261355208514525,1.1263607479556228,0.0,-0.0005697225249631233,0.0005697225249631233,-9.695288860178675e-05,0
2024-07-19,1.244759493475284,1.2592827759777094,1.1263788560727737,1.126604131843988,0.0,0.0002160798738832792,-0.0002160798738832792,-9.695288860178675e-05,0
2024-07-22,1.244759493475284,1.2592827759777094,1.1287449833804837,1.1289707323771598,0.0,0.002100649612653216,-0.002100649612653216,-9.695288860178675e-05,0
2024-07-23,1.244759493475284,1.2592827759777094,1.1305704709552198,1.1307965850494108,0.0,0.0016172719273301883,-0.0016172719273301883,-9.695288860178675e-05,0
2024-07-24,1.244759493475284,1.2592827759777094,1.1311177384957787,1.1313439620434778,0.0,0.0004840631828075814,-0.0004840631828075814,-9.695288860178675e-05,0
2024-07-25,1.244759493475284,1.2592827759777094,1.1318486909893968,1.1320750607275947,0.0,0.0006462214044933301,-0.0006462214044933301,-9.695288860178675e-05,0
2024-07-26,1.244759493475284,1.2592827759777094,1.1332102320332094,1.133436874079616,0.0,0.0012029355643132789,-0.0012029355643132789,-9.695288860178675e-05,0
2024-07-29,1.244759493475284,1.2592827759777094,1.1342621597798543,1.1344890122118103,0.0,0.000928272368982741,-0.000928272368982741,-9.695288860178675e-05,0
2024-07-30,1.244759493475284,1.2592827759777094,1.1352582245768574,1.1354852762217729,0.0,0.0008781610039749754,-0.0008781610039749754,-9.695288860178675e-05,0
2024-07-31,1.244759493475284,1.2592827759777094,1.1366150314723955,1.1368423544786899,0.0,0.001195152667617716,-0.001195152667617716,-9.695288860178675e-05,0
2024-08-01,1.244759493475284,1.2592827759777094,1.1380665213334276,1.1382941346376942,0.0,0.0012770285636216627,-0.0012770285636216627,-9.695288860178675e-05,0
2024-08-02,1.244759493475284,1.2592827759777094,1.1386005332588172,1.138828253365469,0.0,0.0004692273389819146,-0.0004692273389819146,-9.695288860178675e-05,0
2024-08-05,1.244759493475284,1.2592827759777094,1.1390332344111276,1.1392610410580097,0.0,0.00038002893874633514,-0.00038002893874633514,-9.695288860178675e-05,0
2024-08-06,1.244759493475284,1.2592827759777094,1.1384083268388632,1.1386360085042309,0.0,-0.0005486297970818121,0.0005486297970818121,-9.695288860178675e-05,0
2024-08-07,1.244759493475284,1.2592827759777094,1.1392955062255476,1.1395233653267927,0.0,0.0007793156161708392,-0.0007793156161708392,-9.695288860178675e-05,0
2024-08-08,1.244759493475284,1.2592827759777094,1.1359134306980805,1.13614061338422,0.0,-0.002968567425208124,0.002968567425208124,-9.695288860178675e-05,0
2024-08-09,1.244759493475284,1.2592827759777094,1.1337461376179085,1.1339728868454322,0.0,-0.0019079738134973878,0.0019079738134973878,-9.695288860178675e-05,0
2024-08-12,1.244759493475284,1.2592827759777094,1.128388975430224,1.12861465322531,0.0,-0.004725186715026197,0.004725186715026197,-9.695288860178675e-05,0
2024-08-13,1.244759493475284,1.2592827759777094,1.1296075451961396,1.1298334667051788,0.0,0.0010799199499895717,-0.0010799199499895717,-9.695288860178675e-05,0
2024-08-14,1.244759493475284,1.2592827759777094,1.132777530880899,1.1330040863870752,0.0,0.0028062716987331537,-0.0028062716987331537,-9.695288860178675e-05,0
2024-08-15,1.244759493475284,1.2592827759777094,1.1321062286555423,1.1323326499012734,0.0,-0.0005926161201613711,0.0005926161201613711,-9.695288860178675e-05,0
2024-08-16,1.244759493475284,1.2592827759777094,1.1325247273630283,1.132751232308501,0.0,0.0003696638150141318,-0.0003696638150141318,-9.695288860178675e-05,0
2024-08-19,1.244759493475284,1.2592827759777094,1.1332499988787172,1.1334766488784929,0.0,0.0006404023666464198,-0.0006404023666464198,-9.695288860178675e-05,0
2024-08-20,1.244759493475284,1.2592827759777094,1.133689327838612,1.1339160657041796,0.0,0.0003876717055630863,-0.0003876717055630863,-9.695288860178675e-05,0
2024-08-21,1.244759493475284,1.2592827759777094,1.1332395837525124,1.133466231669263,0.0,-0.0003967084059589565,0.0003967084059589565,-9.695288860178675e-05,0
2024-08-22,1.244759493475284,1.2592827759777094,1.134640891641833,1.1348678198201612,0.0,0.0012365504253568638,-0.0012365504253568638,-9.695288860178675e-05,0
2024-08-23,1.244759493475284,1.2592827759777094,1.1348160551279978,1.1350430183390234,0.0,0.0001543779071027096,-0.0001543779071027096,-9.695288860178675e-05,0
2024-08-26,1.244759493475284,1.2592827759777094,1.134953345427965,1.1351803360970505,0.0,0.00012098022348805415,-0.00012098022348805415,-9.695288860178675e-05,0
2024-08-27,1.244759493475284,1.2592827759777094,1.1324537151389074,1.1326802058819352,0.0,-0.002202407966042985,0.002202407966042985,-9.695288860178675e-05,0
2024-08-28,1.244759493475284,1.2592827759777094,1.1329678436415431,1.1331944372102714,0.0,0.00045399515738497875,-0.00045399515738497875,-9.695288860178675e-05,0
2024-08-29,1.244759493475284,1.2592827759777094,1.1331770929952862,1.1334037284138854,0.0,0.00018469134399312637,-0.00018469134399312637,-9.695288860178675e-05,0
2024-08-30,1.244759493475284,1.2592827759777094,1.1323145311796305,1.1325409940858664,0.0,-0.0007611888918225285,0.0007611888918225285,-9.695288860178675e-05,0
2024-09-02,1.244759493475284,1.2592827759777094,1.1348046931721383,1.1350316541107728,0.0,0.0021991786945572134,-0.0021991786945572134,-9.695288860178675e-05,0
2024-09-03,1.244759493475284,1.2592827759777094,1.135565944214715,1.135793057403558,0.0,0.0006708211969486122,-0.0006708211969486122,-9.695288860178675e-05,0
2024-09-04,1.244759493475284,1.2592827759777094,1.1364824753207028,1.1367097718157668,0.0,0.0008071139423095897,-0.0008071139423095897,-9.695288860178675e-05,0
2024-09-05,1.244759493475284,1.2592827759777094,1.1375438713638975,1.1377713801381701,0.0,0.0009339308491274068,-0.0009339308491274068,-9.695288860178675e-05,0
2024-09-06,1.244759493475284,1.2592827759777094,1.137006072119888,1.137233473334312,0.0,-0.0004727723101919379,0.0004727723101919379,-9.695288860178675e-05,0
2024-09-09,1.244759493475284,1.2592827759777094,1.1379368056706998,1.138164393031834,0.0,0.0008185827443087934,-0.0008185827443087934,-9.695288860178675e-05,0
2024-09-10,1.244759493475284,1.2592827759777094,1.1392396432759055,1.1394674912045608,0.0,0.0011449120888904485,-0.0011449120888904485,-9.695288860178675e-05,0
2024-09-11,1.244759493475284,1.2592827759777094,1.140728059493481,1.1409562051053797,0.0,0.0013064996696352527,-0.0013064996696352527,-9.695288860178675e-05,0
2024-09-12,1.244759493475284,1.2592827759777094,1.1408918610237866,1.1411200393959913,0.0,0.00014359384687900878,-0.00014359384687900878,-9.695288860178675e-05,0
2024-09-13,1.244759493475284,1.2592827759777094,1.1426794754123246,1.142908011307407,0.0,0.0015668569911033714,-0.0015668569911033714,-9.695288860178675e-05,0
2024-09-14,1.244759493475284,1.2592827759777094,1.1445579854477377,1.1447868970448272,0.0,0.001643951848120162,-0.001643951848120162,-9.695288860178675e-05,0
2024-09-18,1.2445105913570125,1.2592827759777094,1.1445968054635904,1.1448257248246831,-0.00019996000799837876,3.3917037272290784e-05,-0.00023387704527066955,-0.00029689350989992036,1
2024-09-19,1.2446320699985078,1.259405696555442,1.144708531362874,1.1449374730691466,9.761157706411616e-05,9.761157706389412e-05,2.220446049250313e-16,-0.00019931091307945348,1
2024-09-20,1.243993792390652,1.2587598426724402,1.1441214969768077,1.144350321276203,-0.0005128243303713642,-0.0005128243303711422,-2.220446049250313e-16,-0.0007120330319653201,1
2024-09-23,1.244593979238039,1.2593671536624242,1.144673498665641,1.1449024333653741,0.0004824677189372295,0.0004824677189372295,0.0,-0.00022990884598084182,1
2024-09-24,1.2414623010394954,1.2561983028364696,1.1417932428552953,1.1420216015038662,-0.0025162247695114104,-0.0025162247695114104,0.0,-0.002745555113159215,1
2024-09-25,1.24454044627738,1.259312985272237,1.1446242635235837,1.1448531883762885,0.0024794512369059607,0.0024794512369059607,0.0,-0.0002729113462746069,1
2024-09-26,1.2414499472793432,1.2561858024387342,1.141781880899436,1.1420102372756158,-0.002483245126569278,-0.002483245126569167,-1.1102230246251565e-16,-0.0027554787670732717,1
2024-09-27,1.2316431206786442,1.246262570036353,1.1327623816064198,1.132988934082741,-0.007899494153744024,-0.007899494153744246,2.220446049250313e-16,-0.010633206032406028,1
2024-09-29,1.2241464472263777,1.2386769120105143,1.1258675680591026,1.1260927415727144,-0.006086725388549152,-0.006086725388549152,0.0,-0.01665521001583603,1
2024-09-30,1.2305745204254923,1.2451812856322306,1.131779572424586,1.1320059283390709,0.0052510655189002,0.005251065518900422,-2.220446049250313e-16,-0.011491602095960007,1
2024-10-08,1.2279091966726883,1.2424843248207917,1.1293282304479304,1.12955409609402,-0.002165918202078898,-0.002165918202079009,1.1102230246251565e-16,-0.013632630427888204,1
2024-10-09,1.2290045634061697,1.243592693420008,1.130335657200793,1.1305617243322332,0.0008920584164118228,0.0008920584164118228,0.0,-0.012752733114187342,1
2024-10-10,1.2329711498949891,1.2476063627929217,1.1339837918613003,1.1342105886196725,0.003227479056567617,0.003227479056567839,-2.220446049250313e-16,-0.009566413236659743,1
2024-10-11,1.2338688564660378,1.2485147250283695,1.1348094273204132,1.1350363892058772,0.0007280840035268632,0.0007280840035268632,0.0,-0.00884529438558157,1
2024-10-12,1.2338070876652776,1.248452223039692,1.1347526175411164,1.1349795680646246,-5.006107451088759e-05,-5.006107451088759e-05,0.0,-0.008894912655151188,1
2024-10-14,1.2338163529853916,1.2484615983379934,1.134761139008011,1.1349880912358126,7.509537112149189e-06,7.509537112149189e-06,0.0,-0.008887469914715784,1
2024-10-15,1.2345163993940076,1.249169954209673,1.1354049831733741,1.1356320641700088,0.0005673829876886582,0.0005673829876884362,2.220446049250313e-16,-0.0083251295262603,1
2024-10-16,1.2352576250031302,1.2499199780738044,1.1360867005249353,1.1363139178650403,0.0006004177907126262,0.0006004177907128483,-2.220446049250313e-16,-0.007729710291425218,1
2024-10-17,1.2362809281357248,1.25095542768623,1.1370278492019519,1.1372552547717922,0.0008284127228861404,0.0008284127228861404,0.0,-0.006907700958888929,1
2024-10-18,1.2365671235792473,1.2512450202337695,1.1372910678460266,1.137518526059596,0.00023149709504455274,0.0002314970950443307,2.220446049250313e-16,-0.006677802976549629,1
2024-10-21,1.2356035302873876,1.2502699892103988,1.1364048352889973,1.136632116256055,-0.0007792486744031546,-0.0007792486744029326,-2.220446049250313e-16,-0.007451847981835513,1
2024-10-22,1.2337813506649609,1.2484261805444095,1.1347289467997428,1.1349558925891028,-0.0014747284041854991,-0.0014747284041854991,0.0,-0.00891558693413852,1
2024-10-23,1.2324039064080077,1.2470323861968988,1.1334620887214248,1.1336887811391692,-0.0011164411394375406,-0.0011164411394376517,1.1102230246251565e-16,-0.010022074345540477,1
2024-10-24,1.2325655347699969,1.247195933067272,1.1336107409772513,1.1338374631254469,0.00013114885562170997,0.00013114885562170997,0.0,-0.009892239873500186,1
2024-10-25,1.231850046161191,1.246471951698423,1.132952694367064,1.1331792849059374,-0.0005804872752176449,-0.0005804872752176449,0.0,-0.010466984829347936,1
2024-10-28,1.2315226715171617,1.2461406911584316,1.132651602536791,1.1328781328572983,-0.0002657585191067069,-0.0002657585191068179,1.1102230246251565e-16,-0.010729961658066833,1
2024-10-29,1.23176871724019,1.2463896574133309,1.1328778948243234,1.1331044704032882,0.00019978984449009474,0.00019978984449031678,-2.220446049250313e-16,-0.010532315550947802,1
2024-10-30,1.2320147629632183,1.24663862366823,1.1331041871118552,1.1333308079492777,0.0001997499364811972,0.00019974993648097517,2.220446049250313e-16,-0.010334669443828881,1
2024-10-31,1.23252435556949,1.2471542650748202,1.1335728677910537,1.1337995823646119,0.0004136254057913735,0.0004136254057918176,-4.440892098500626e-16,-0.009925318719879894,1
2024-11-01,1.2339007703464306,1.2485470177225195,1.1348387790397165,1.1350657467955245,0.001116744485186727,0.001116744485186505,2.220446049250313e-16,-0.008819658279637266,1
2024-11-04,1.2345689028746536,1.2492230809000489,1.1354532714857763,1.1356803621400735,0.0005414799506409107,0.0005414799506409107,0.0,-0.008282953997126308,1
2024-11-05,1.2352545365630923,1.2499168529743705,1.1360838600359706,1.1363110768079778,0.0005553628370535968,0.0005553628370538188,-2.220446049250313e-16,-0.007732191204903649,1
2024-11-06,1.2359700251718981,1.2506408343432194,1.136741906646158,1.1369692550274872,0.0005792236236561443,0.0005792236236561443,0.0,-0.00715744624905601,1
2024-11-07,1.2362901934558388,1.2509648029845317,1.1370363706688464,1.1372637779429802,0.0002590421105852503,0.00025904211058547233,-2.220446049250313e-16,-0.0069002582184534145,1
2024-11-08,1.2371199543460512,1.251804413032434,1.1377995153707328,1.1380270752738069,0.0006711700008659172,0.0006711700008659172,0.0,-0.006233719463901943,1
2024-11-11,1.2375842498317655,1.2522742196473273,1.1382265355451133,1.1384541808522224,0.0003753035298503793,0.0003753035298503793,0.0,-0.005860755470970425,1
2024-11-12,1.2392159756518484,1.2539253138482276,1.139727260548203,1.1399552060003126,0.0013184765564886458,0.0013184765564886458,0.0,-0.004550006183173583,1
2024-11-13,1.2394959942152945,1.2542086561968993,1.1399847982143483,1.140212795173991,0.00022596429431831488,0.00022596429431853693,-2.220446049250313e-16,-0.004325070027791589,1
2024-11-14,1.239313776253052,1.2540242753303004,1.1398172093654226,1.1400451728072958,-0.00014700972257519762,-0.00014700972257541967,2.220446049250313e-16,-0.0044714439230217895,1
2024-11-15,1.239719391378044,1.25443470505595,1.1401902602494716,1.1404182983015214,0.0003272900961517333,0.00032729009615195537,-2.220446049250313e-16,-0.004145617286181569,1
2024-11-18,1.2383820968415853,1.2530815370010797,1.1389603285276968,1.1391881205934022,-0.0010787074444098543,-0.0010787074444098543,0.0,-0.005219852822363036,1
2024-11-19,1.2387022651255257,1.253405505642392,1.1392547925503849,1.139482643508895,0.0002585375586072747,0.0002585375586072747,0.0,-0.004962664791760774,1
2024-11-20,1.239091408570315,1.253799268171061,1.1396126941599545,1.1398406166987864,0.0003141541399780401,0.0003141541399780401,0.0,-0.0046500696934723695,1
2024-11-21,1.2401126527428843,1.254832634383864,1.1405519491776608,1.1407800595674964,0.0008241879214927472,0.0008241879214925252,2.220446049250313e-16,-0.0038297143032549608,1
2024-11-22,1.2408353477117788,1.255563907651392,1.1412166235954329,1.141444866920152,0.0005827655796399878,0.0005827655796399878,0.0,-0.0032491805492907977,1
2024-11-25,1.2417968820436132,1.2565368552751401,1.1421009624931526,1.1423293826856513,0.0007749088818331806,0.0007749088818331806,0.0,-0.002476789486324016,1
2024-11-26,1.2426616452542565,1.2574118831166265,1.1428962994033074,1.143124878663188,0.0006963805620290309,0.0006963805620290309,0.0,-0.0017821337123495873,1
2024-11-27,1.2429375458976522,1.2576910586660532,1.143150049750833,1.143378679760783,0.00022202394710535422,0.00022202394710535422,0.0,-0.0015605054416054642,1
2024-11-28,1.2436550934664834,1.2584171234345247,1.1438099900203302,1.1440387520183344,0.0005772997776112287,0.0005772997776112287,0.0,-0.000984106543438723,1
2024-11-29,1.2451066602843488,1.2598859201684485,1.1451450198338042,1.145374048837771,0.0011671779623556588,0.0011671779623556588,0.0,0.0,1
2024-12-02,1.24879631664976,1.263619372292124,1.148538457317131,1.1487681650085944,0.002963325539169892,0.002963325539169892,0.0,0.0,1
2024-12-03,1.2486398356878339,1.2634610339208074,1.148394539209579,1.1486242181174209,-0.00012530543199062993,-0.00012530543199062993,0.0,-0.00012530543199062993,1
2024-12-04,1.2506915893530863,1.2655371416447152,1.1502815707118865,1.150511627026029,0.0016431909399416966,0.0016431909399416966,0.0,0.0,1
2024-12-05,1.251297953080549,1.266150702833567,1.1508392533786496,1.1510694212293253,0.0004848227433722485,0.0004848227433722485,0.0,0.0,1
2024-12-06,1.2516757722451992,1.2665330066643117,1.1511867398620148,1.1514169772099871,0.00030194180668163817,0.00030194180668163817,0.0,0.0,1
2024-12-09,1.254284474597306,1.269172673986129,1.1535860062076482,1.1538167234088896,0.002084167809230264,0.002084167809230486,-2.220446049250313e-16,0.0,1
2024-12-10,1.260339876031834,1.275299952276157,1.1591552582380407,1.1593870892896883,0.004827773569047844,0.004827773569047622,2.220446049250313e-16,0.0,1
2024-12-11,1.2621919105746282,1.277173970236674,1.1608586047872886,1.161090776508246,0.001469472305062114,0.001469472305062114,0.0,0.0,1
2024-12-12,1.2634262571098203,1.2784229683104147,1.161993853543569,1.1622262523142777,0.0009779388735189354,0.0009779388735189354,0.0,0.0,1
2024-12-13,1.2672559227569544,1.2822980916084263,1.1655160598599683,1.1657491630719403,0.0030311746535129913,0.0030311746535132134,-2.220446049250313e-16,0.0,1
2024-12-16,1.2711195612445068,1.2862075910002104,1.1690695115549807,1.1693033254572918,0.0030488225923197554,0.0030488225923195333,2.220446049250313e-16,0.0,1
2024-12-17,1.2701806754729512,1.285257560772311,1.1682060029096701,1.168439644110252,-0.0007386290009071539,-0.0007386290009069318,-2.220446049250313e-16,-0.0007386290009071539,1
2024-12-18,1.2689298572575565,1.2839918955015894,1.1670556048789105,1.1672890159998863,-0.0009847561370975866,-0.0009847561370976976,1.1102230246251565e-16,-0.0017226577685630629,1
2024-12-19,1.2687795531757067,1.2838398073291406,1.1669173677492886,1.1671507512228383,-0.00011844948007977418,-0.00011844948007966316,-1.1102230246251565e-16,-0.0018409032007257187,1
2024-12-20,1.2730570426283527,1.2881680700450648,1.1708514449655893,1.1710856152545825,0.0033713417290968106,0.0033713417290965886,2.220446049250313e-16,0.0,1
2024-12-23,1.2726576043834363,1.2877638905182829,1.1704840750594703,1.1707181718744821,-0.00031376303774399705,-0.000313763037743775,-2.220446049250313e-16,-0.00031376303774399705,1
2024-12-24,1.2706851206791598,1.2857679936798447,1.1686699494405937,1.1689036834304818,-0.0015498934650471918,-0.0015498934650473029,1.1102230246251565e-16,-0.0018631702035093456,1
2024-12-25,1.2690153040986083,1.2840783565859268,1.1671341917402713,1.1673676185786193,-0.001314107290135813,-0.001314107290135591,-2.220446049250313e-16,-0.0031748290880979635,1
2024-12-26,1.2702805350341804,1.2853586056540065,1.1682978453861999,1.1685315049552771,0.000997017870064898,0.000997017870064676,2.220446049250313e-16,-0.0021809765793683322,1
2024-12-27,1.2726081893428283,1.287713888927341,1.170438627236033,1.1706727149614802,0.0018323939039066595,0.0018323939039068815,-2.220446049250313e-16,-0.0003525790836502729,1
2024-12-30,1.2716106232105506,1.2867044818101976,1.16952114930039,1.16975505353025,-0.0007838753047729741,-0.0007838753047730851,1.1102230246251565e-16,-0.0011361780103865682,1
2024-12-31,1.2742831533234433,1.2894087345203153,1.17197911908463,1.172213514908447,0.0021016890423148915,0.0021016890423146695,2.220446049250313e-16,0.0,1
2025-01-02,1.2797970482713061,1.2949880787096026,1.177050338716521,1.1772857487842643,0.004327056301012933,0.004327056301013155,-2.220446049250313e-16,0.0,1
2025-01-03,1.281322737650084,1.2965318778299395,1.1784535402651513,1.1786892309732042,0.001192133847189858,0.001192133847189858,0.0,0.0,1
2025-01-06,1.2819363077376356,1.2971527309174704,1.1790178507394988,1.1792536543096468,0.00047885678566572665,0.0004788567856655046,2.220446049250313e-16,0.0,1
2025-01-07,1.2811806694083354,1.296388123255981,1.1783228777727686,1.1785585423483231,-0.0005894507587773656,-0.0005894507587772546,-1.1102230246251565e-16,-0.0005894507587773656,1
2025-01-08,1.2812578804092858,1.296466250741828,1.1783938899968895,1.178629568774889,6.02655057120316e-05,6.02655057120316e-05,0.0,-0.0005292207766133261,1
2025-01-09,1.2782003247716545,1.2933724023022868,1.1755818059216998,1.175816922282884,-0.002386370210386235,-0.002386370210386235,0.0,-0.0029143280703035623,1
2025-01-10,1.2790136139816641,1.2941953451532084,1.176329801349107,1.1765650673093768,0.0006362767981262785,0.0006362767981260564,2.220446049250313e-16,-0.0022799055915105892,1
2025-01-13,1.2768712660752968,1.2920275678459068,1.1743594488371645,1.1745943207269318,-0.0016750000804902632,-0.0016750000804900411,-2.220446049250313e-16,-0.003951086829951489,1
2025-01-14,1.2784432820546447,1.293618243457752,1.1758052577202671,1.1760404187718112,0.0012311468047832008,0.0012311468047829788,2.220446049250313e-16,-0.0027248043930944155,1
2025-01-15,1.2795787985086202,1.2947672383496085,1.1768496108296724,1.1770849807518384,0.0008882024489584861,0.0008882024489584861,0.0,-0.001839022122070877,1
2025-01-16,1.278510198255468,1.293685953945486,1.1758668016478384,1.176101975008168,-0.0008351187550134087,-0.0008351187550132977,-1.1102230246251565e-16,-0.00267260507521927,1
2025-01-17,1.2773592396013027,1.29252133355646,1.174808246093609,1.1750432077428277,-0.0009002342380497463,-0.0009002342380498574,1.1102230246251565e-16,-0.003570433342675594,1
2025-01-20,1.2760065028646537,1.2911525400044204,1.1735641119270097,1.1737988247493951,-0.001059010413602457,-0.001059010413602457,0.0,-0.004625662630187044,1
2025-01-21,1.277433362162215,1.2925963359428732,1.174876417828765,1.1751113931123307,0.0011182225908394905,0.0011182225908394905,0.0,-0.0035126125597982893,1
2025-01-22,1.2776196980445083,1.292784883608717,1.17504779399631,1.1752828035551093,0.00014586739928090786,0.00014586739928090786,0.0,-0.0033672575361760604,1
2025-01-23,1.2762834362823978,1.291691098806859,1.174053622858617,1.1742884335831887,-0.0010458994677020605,-0.0008460686814379947,-0.0001998307862640658,-0.00440963519101345,0
2025-01-24,1.2762834362823978,1.291691098806859,1.1732696479043216,1.1735043018339024,0.0,-0.0006677505516199389,0.0006677505516199389,-0.00440963519101345,0
2025-01-26,1.2762834362823978,1.291691098806859,1.1738282774007396,1.1740630430562198,0.0,0.0004761305275524652,-0.0004761305275524652,-0.00440963519101345,0
2025-01-27,1.2762834362823978,1.291691098806859,1.1757418201333856,1.1759769684974122,0.0,0.00163017263213594,-0.00163017263213594,-0.00440963519101345,0
2025-02-05,1.2762834362823978,1.291691098806859,1.1765381038731952,1.1767734114939699,0.0,0.0006772607099398975,-0.0006772607099398975,-0.00440963519101345,0
2025-02-06,1.2762834362823978,1.291691098806859,1.1778011746328931,1.1780367348678198,0.0,0.0010735485366260011,-0.0010735485366260011,-0.00440963519101345,0
2025-02-07,1.2762834362823978,1.291691098806859,1.1781609699017728,1.178396602095753,0.0,0.0003054804806013056,-0.0003054804806013056,-0.00440963519101345,0
2025-02-08,1.2762834362823978,1.291691098806859,1.177721640941878,1.1779571852700663,0.0,-0.00037289383294658585,0.00037289383294658585,-0.00440963519101345,0
2025-02-10,1.2762834362823978,1.291691098806859,1.176122445654674,1.1763576701438048,0.0,-0.0013578720400562183,0.0013578720400562183,-0.00440963519101345,0
2025-02-11,1.2762834362823978,1.291691098806859,1.1760694231939968,1.1763046370786356,0.0,-4.508243242284937e-05,4.508243242284937e-05,-0.00440963519101345,0
2025-02-12,1.2762834362823978,1.291691098806859,1.176001251458841,1.1762364517091326,0.0,-5.7965740636878316e-05,5.7965740636878316e-05,-0.00440963519101345,0
2025-02-13,1.2762834362823978,1.291691098806859,1.1755117405272337,1.1757468428753393,0.0,-0.0004162503492236569,0.0004162503492236569,-0.00440963519101345,0
2025-02-14,1.2762834362823978,1.291691098806859,1.1738879276690013,1.174122705254535,0.0,-0.001381366771806225,0.001381366771806225,-0.00440963519101345,0
2025-02-17,1.2762834362823978,1.291691098806859,1.1711089826317347,1.171343204428261,0.0,-0.00236730012445463,0.00236730012445463,-0.00440963519101345,0
2025-02-18,1.2762834362823978,1.291691098806859,1.1692276321073567,1.1694614776337782,0.0,-0.001606469211900441,0.001606469211900441,-0.00440963519101345,0
2025-02-19,1.2762834362823978,1.291691098806859,1.169858220657551,1.1700921923016825,0.0,0.0005393206018042829,-0.0005393206018042829,-0.00440963519101345,0
2025-02-20,1.2762834362823978,1.291691098806859,1.168278908793101,1.1685125645748595,0.0,-0.0013500027922720426,0.0013500027922720426,-0.00440963519101345,0
2025-02-21,1.2762834362823978,1.291691098806859,1.1653068105062252,1.1655398718683265,0.0,-0.0025439972120578913,0.0025439972120578913,-0.00440963519101345,0
2025-02-24,1.2762834362823978,1.291691098806859,1.1617221134325995,1.161954457855286,0.0,-0.0030761830629553177,0.0030761830629553177,-0.00440963519101345,0
2025-02-25,1.2762834362823978,1.291691098806859,1.1633430858018672,1.1635757544190275,0.0,0.0013953185107908883,-0.0013953185107908883,-0.00440963519101345,0
2025-02-26,1.2762834362823978,1.291691098806859,1.1643249481540463,1.1645578131436771,0.0,0.0008440006771539554,-0.0008440006771539554,-0.00440963519101345,0
2025-02-27,1.2762834362823978,1.291691098806859,1.1620430886856263,1.1622754973033633,0.0,-0.0019598132566323034,0.0019598132566323034,-0.00440963519101345,0
2025-02-28,1.2762834362823978,1.291691098806859,1.1638089259921005,1.164041687777299,0.0,0.0015195970989951846,-0.0015195970989951846,-0.00440963519101345,0
2025-03-03,1.2762834362823978,1.291691098806859,1.1655170066896234,1.1657501100909613,0.0,0.001467664201034502,-0.001467664201034502,-0.00440963519101345,0
2025-03-04,1.2762834362823978,1.291691098806859,1.1657972682674873,1.1660304277211408,0.0,0.00024046116552156604,-0.00024046116552156604,-0.00440963519101345,0
2025-03-05,1.2762834362823978,1.291691098806859,1.165870174150918,1.1661033481857483,0.0,6.253735998118515e-05,-6.253735998118515e-05,-0.00440963519101345,0
2025-03-06,1.2762834362823978,1.291691098806859,1.1630883886246866,1.1633210063024115,0.0,-0.0023860165461883076,0.0023860165461883076,-0.00440963519101345,0
2025-03-07,1.2762834362823978,1.291691098806859,1.1580682977941628,1.1582999114537216,0.0,-0.004316173112569599,0.004316173112569599,-0.00440963519101345,0
2025-03-10,1.2762834362823978,1.291691098806859,1.1568298446054934,1.1570612105744145,0.0,-0.0010694129102992722,0.0010694129102992722,-0.00440963519101345,0
2025-03-11,1.2762834362823978,1.291691098806859,1.151094897385485,1.1513251163649623,0.0,-0.0049574682454394114,0.0049574682454394114,-0.00440963519101345,0
2025-03-12,1.2762834362823978,1.291691098806859,1.1542686703888643,1.154499524122942,0.0,0.0027571775451249447,-0.0027571775451249447,-0.00440963519101345,0
2025-03-13,1.2762834362823978,1.291691098806859,1.153481854945604,1.1537125513165931,0.0,-0.0006816571076083688,0.0006816571076083688,-0.00440963519101345,0
2025-03-14,1.2762834362823978,1.291691098806859,1.1541484230226862,1.1543792527072907,0.0,0.0005778747833995457,-0.0005778747833995457,-0.00440963519101345,0
2025-03-17,1.2762834362823978,1.291691098806859,1.149292133722468,1.1495219921492124,0.0,-0.00420768178801445,0.00420768178801445,-0.00440963519101345,0
2025-03-18,1.2762834362823978,1.291691098806859,1.1500609594022841,1.1502909715941645,0.0,0.0006689558357333425,-0.0006689558357333425,-0.00440963519101345,0
2025-03-19,1.2762834362823978,1.291691098806859,1.1502711555856822,1.1505012098167993,0.0,0.00018276960162810774,-0.00018276960162810774,-0.00440963519101345,0
2025-03-20,1.2762834362823978,1.291691098806859,1.153960950751007,1.154191742941157,0.0,0.003207761185184177,-0.003207761185184177,-0.00440963519101345,0
2025-03-21,1.2762834362823978,1.291691098806859,1.1537308711448548,1.1539616173190839,0.0,-0.00019938248863826669,0.00019938248863826669,-0.00440963519101345,0
2025-03-24,1.2762834362823978,1.291691098806859,1.1534610246931953,1.153691716898134,0.0,-0.0002338902931423581,0.0002338902931423581,-0.00440963519101345,0
2025-03-25,1.2762834362823978,1.291691098806859,1.155591391416824,1.1558225096951074,0.0,0.0018469342942866174,-0.0018469342942866174,-0.00440963519101345,0
2025-03-26,1.2762834362823978,1.291691098806859,1.1572152042750563,1.1574466473159113,0.0,0.0014051790886406845,-0.0014051790886406845,-0.00440963519101345,0
2025-03-27,1.2762834362823978,1.291691098806859,1.1570372002999265,1.1572686077399865,0.0,-0.00015382097856320165,0.00015382097856320165,-0.00440963519101345,0
2025-03-28,1.2762834362823978,1.291691098806859,1.15680049288619,1.1570318529847672,0.0,-0.00020458064241601903,0.00020458064241601903,-0.00440963519101345,0
2025-03-31,1.2762834362823978,1.291691098806859,1.156485198611093,1.1567164956508151,0.0,-0.00027255717562013615,0.00027255717562013615,-0.00440963519101345,0
2025-04-01,1.2762834362823978,1.291691098806859,1.1567739816558515,1.1570053364521826,0.0,0.0002497075147225303,-0.0002497075147225303,-0.00440963519101345,0
2025-04-02,1.2762834362823978,1.291691098806859,1.1581715022265517,1.1584031365269971,0.0,0.0012081189522430424,-0.0012081189522430424,-0.00440963519101345,0
2025-04-03,1.2762834362823978,1.291691098806859,1.164926184984937,1.165159170221934,0.0,0.005832195616451985,-0.005832195616451985,-0.00440963519101345,0
2025-04-07,1.2762834362823978,1.291691098806859,1.1711421216696578,1.1713763500939918,0.0,0.005335906055542239,-0.005335906055542239,-0.00440963519101345,0
2025-04-08,1.2762834362823978,1.291691098806859,1.1683944220110043,1.1686281008954065,0.0,-0.0023461709794334595,0.0023461709794334595,-0.00440963519101345,0
2025-04-09,1.2762834362823978,1.291691098806859,1.169403742423177,1.1696376231716614,0.0,0.0008638524740947062,-0.0008638524740947062,-0.00440963519101345,0
2025-04-10,1.2762834362823978,1.291691098806859,1.168980509567416,1.1692143056693294,0.0,-0.0003619219268821139,0.0003619219268821139,-0.00440963519101345,0
2025-04-11,1.2762834362823978,1.291691098806859,1.1696527586224277,1.1698866891741522,0.0,0.000575072937067711,-0.000575072937067711,-0.00440963519101345,0
2025-04-14,1.2762834362823978,1.291691098806859,1.1685165630364924,1.1687502663490996,0.0,-0.000971395636490846,0.000971395636490846,-0.00440963519101345,0
2025-04-15,1.2762834362823978,1.291691098806859,1.1691301086528973,1.1693639346746278,0.0,0.000525063688280536,-0.000525063688280536,-0.00440963519101345,0
2025-04-16,1.2762834362823978,1.291691098806859,1.1708031566531871,1.1710373172845177,0.0,0.0014310195143443227,-0.0014310195143443227,-0.00440963519101345,0
2025-04-17,1.2762834362823978,1.291691098806859,1.17048786237809,1.1707219599505656,0.0,-0.0002692974248534874,0.0002692974248534874,-0.00440963519101345,0
2025-04-18,1.2762834362823978,1.291691098806859,1.170210441289191,1.1704444833774488,0.0,-0.00023701321287994404,0.00023701321287994404,-0.00440963519101345,0
2025-04-21,1.2762834362823978,1.291691098806859,1.1691689286687503,1.169402762454484,0.0,-0.0008900216437081054,0.0008900216437081054,-0.00440963519101345,0
2025-04-22,1.2762834362823978,1.291691098806859,1.1695647034645176,1.1697986164052105,0.0,0.00033850950539537905,-0.00033850950539537905,-0.00440963519101345,0
2025-04-23,1.2762834362823978,1.291691098806859,1.1683612829730812,1.1685949552296757,0.0,-0.0010289473407256722,0.0010289473407256722,-0.00440963519101345,0
2025-04-24,1.2762834362823978,1.291691098806859,1.168527924992352,1.1687616305773503,0.0,0.00014262884409066423,-0.00014262884409066423,-0.00440963519101345,0
2025-04-25,1.2762834362823978,1.291691098806859,1.1684455508123714,1.1686792399225339,0.0,-7.049397641134547e-05,7.049397641134547e-05,-0.00440963519101345,0
2025-04-27,1.2762834362823978,1.291691098806859,1.1683423463799825,1.1685760148492583,0.0,-8.832626588139991e-05,8.832626588139991e-05,-0.00440963519101345,0
2025-04-28,1.2762834362823978,1.291691098806859,1.169187865261849,1.1694217028349014,0.0,0.0007236910349832648,-0.0007236910349832648,-0.00440963519101345,0
2025-04-29,1.2762834362823978,1.291691098806859,1.1708684878993783,1.1711026615969582,0.0,0.001437427369426869,-0.001437427369426869,-0.00440963519101345,0
2025-04-30,1.2762834362823978,1.291691098806859,1.1712386982944623,1.171472946034121,0.0,0.00031618443822689635,-0.00031618443822689635,-0.00440963519101345,0
2025-05-06,1.2762834362823978,1.291691098806859,1.1713826164020142,1.1716168929252946,0.0,0.00012287683779699243,-0.00012287683779699243,-0.00440963519101345,0
2025-05-07,1.2762834362823978,1.291691098806859,1.1709082547448861,1.1711424363958352,0.0,-0.00040495876452828483,0.00040495876452828483,-0.00440963519101345,0
2025-05-08,1.2762834362823978,1.291691098806859,1.1713826164020142,1.1716168929252946,0.0,0.0004051228225661063,-0.0004051228225661063,-0.00440963519101345,0
2025-05-09,1.2762834362823978,1.291691098806859,1.1719052663715444,1.1721396474248187,0.0,0.00044618211181535194,-0.00044618211181535194,-0.00440963519101345,0
2025-05-12,1.2762834362823978,1.291691098806859,1.1673642713464232,1.1675977442006924,0.0,-0.0038748823436736135,0.0038748823436736135,-0.00440963519101345,0
2025-05-13,1.2762834362823978,1.291691098806859,1.1682987922158548,1.168532451974298,0.0,0.0008005392081715801,-0.0008005392081715801,-0.00440963519101345,0
2025-05-14,1.2762834362823978,1.291691098806859,1.1680601911428083,1.1682938031810368,0.0,-0.00020422949560172654,0.00020422949560172654,-0.00440963519101345,0
2025-05-15,1.2762834362823978,1.291691098806859,1.1675261792174187,1.1677596844532623,0.0,-0.00045717843090531396,0.00045717843090531396,-0.00440963519101345,0
2025-05-16,1.2762834362823978,1.291691098806859,1.1666049139631565,1.166838234945949,0.0,-0.0007890746012049199,0.0007890746012049199,-0.00440963519101345,0
2025-05-19,1.2762834362823978,1.291691098806859,1.1676757783029001,1.1679093134585607,0.0,0.0009179323067531886,-0.0009179323067531886,-0.00440963519101345,0
2025-05-20,1.2762834362823978,1.291691098806859,1.1683432932096374,1.1685769618682793,0.0,0.0005716611743948885,-0.0005716611743948885,-0.00440963519101345,0
2025-05-21,1.2762834362823978,1.291691098806859,1.1679380501173204,1.168171637727344,0.0,-0.0003468527569526758,0.0003468527569526758,-0.00440963519101345,0
2025-05-22,1.2762834362823978,1.291691098806859,1.167697555384964,1.167931094896041,0.0,-0.00020591394580582456,0.00020591394580582456,-0.00440963519101345,0
2025-05-23,1.2762834362823978,1.291691098806859,1.1672468644692098,1.1674803138421035,0.0,-0.00038596545284852457,0.00038596545284852457,-0.00440963519101345,0
2025-05-26,1.2762834362823978,1.291691098806859,1.167996753555927,1.1682303529066382,0.0,0.0006424425796665023,-0.0006424425796665023,-0.00440963519101345,0
2025-05-27,1.2760282306362707,1.291691098806859,1.1675801485077508,1.1678136645374524,-0.00019996000799826774,-0.0003566833956583082,0.00015672338766004046,-0.004608713448323698,1
2025-05-28,1.2753814969993664,1.2910364267063275,1.1669883799734093,1.167221777649404,-0.0005068333296840422,-0.0005068333296843752,3.3306690738754696e-16,-0.005113210928425205,1
2025-05-29,1.2736834331623104,1.2893175196391715,1.165434632509643,1.165667719436145,-0.0013314163966241521,-0.001331416396624041,-1.1102230246251565e-16,-0.006437819512179921,1
2025-05-30,1.2756701988948804,1.2913286723320048,1.1672525454471396,1.167485995956229,0.0015598583453639847,0.0015598583453642068,-2.220446049250313e-16,-0.00488800325330796,1
2025-06-03,1.275615355882471,1.2912731561378796,1.1672023634754272,1.1674358039481223,-4.2991529046410015e-05,-4.299152904674308e-05,3.3306690738754696e-16,-0.004930784639620489,1
2025-06-04,1.2758637015990422,1.2915245502244839,1.1674296025926143,1.1676630885131327,0.00019468699198865735,0.00019468699198865735,0.0,-0.004737057607261619,1
2025-06-05,1.2762527765550038,1.2919184009601636,1.1677856105428739,1.1680191676649825,0.00030495025093513206,0.00030495025093491,2.220446049250313e-16,-0.0044335519232324705,1
2025-06-06,1.2773206631362601,1.2929993955325616,1.1687627387467783,1.1689964912945277,0.0008367359514303008,0.0008367359514305228,-2.220446049250313e-16,-0.003600525684088862,1
2025-06-09,1.2780822566670789,1.2937703373981475,1.1694596053728188,1.1696934972938933,0.0005962430208783509,0.0005962430208783509,0.0,-0.0030064294515211865,1
2025-06-10,1.2781257171674787,1.2938143313633033,1.1694993722183264,1.16973327209277,3.400446268075896e-05,3.400446268075896e-05,0.0,-0.0029725272208583897,1
2025-06-11,1.2786234433744403,1.2943181670118724,1.1699547972823554,1.1701887882418118,0.000389418818725229,0.00038941881872500694,2.220446049250313e-16,-0.0025842659601722495,1
2025-06-12,1.2786265476958973,1.2943213094379549,1.1699576377713203,1.1701916292988745,2.4278621457707317e-06,2.4278621459927763e-06,-2.220446049250313e-16,-0.0025818443722678275,1
2025-06-13,1.2784589143372118,1.2941516184294972,1.1698042513672189,1.1700382122174924,-0.00013110423758022627,-0.0001311042375804483,2.220446049250313e-16,-0.0027126101191100593,1
2025-06-16,1.2786472431722784,1.294342258945172,1.1699765743644193,1.1702105696792922,0.00014730925879158363,0.00014730925879180568,-2.220446049250313e-16,-0.0025657004529044958,1
2025-06-17,1.2789835446634688,1.2946826884374485,1.1702842940022766,1.170518350861077,0.0002630135035179837,0.00026301350351776165,2.220446049250313e-16,-0.0023033617632516323,1
2025-06-18,1.2794429842391255,1.2951477674976661,1.1707046863690729,1.1709388273063466,0.00035922242907160395,0.00035922242907204804,-4.440892098500626e-16,-0.0019449667533875115,1
2025-06-19,1.2798248157783538,1.29553428590582,1.171054066511748,1.1712882773250501,0.00029843575988297566,0.00029843575988297566,0.0,-0.001647111441135607,1
2025-06-20,1.2798237810045348,1.2955332384304592,1.1710531196820928,1.1712873303060292,-8.085277034552973e-07,-8.085277035663196e-07,1.1102230246251565e-16,-0.0016479186371037846,1
2025-06-23,1.2798548242191061,1.2955646626912847,1.1710815245717412,1.1713157408766555,2.425585071330616e-05,2.425585071330616e-05,0.0,-0.001623702758058898,1
2025-06-24,1.2790435615449733,1.2947434420083779,1.1703392101222634,1.170573277964288,-0.0006338708568980334,-0.0006338708568981444,1.1102230246251565e-16,-0.0022565443970983257,1
2025-06-25,1.27841752338445,1.294109719415063,1.1697663781810212,1.1700003314566574,-0.0004894580445463648,-0.0004894580445461427,-2.220446049250313e-16,-0.0027448979578366117,1
2025-06-26,1.2779591185826122,1.2936456878302063,1.1693469326438801,1.1695808020304088,-0.0003585720576045892,-0.00035857205760470023,1.1102230246251565e-16,-0.003102485771732555,1
2025-06-27,1.2784133842891738,1.2941055295136197,1.1697625908624012,1.1699965433805737,0.00035546184534096525,0.0003554618453407432,2.220446049250313e-16,-0.0027481267417092115,1
2025-06-30,1.2779736054160789,1.2936603524852583,1.1693601882590494,1.1695940602967012,-0.0003440036521047407,-0.00034400365210440764,-3.3306690738754696e-16,-0.0030911850281782893,1
2025-07-01,1.278570669909669,1.294264745768469,1.1699065089699532,1.1701404902717472,0.00046719626372548895,0.0004671962637252669,2.220446049250313e-16,-0.0026254329545484234,1
2025-07-02,1.2799117367791537,1.2956222738361314,1.1711336002027632,1.1713678269228038,0.0010488797381684734,0.0010488797381684734,0.0,-0.0015793069798099024,1
2025-07-03,1.2802397600797917,1.295954323525521,1.1714337452033812,1.1716680319524218,0.00025628587598025554,0.00025628587598025554,0.0,-0.0013234258579023495,1
2025-07-04,1.2803256463067727,1.2960412639804717,1.1715123320647418,1.1717466345311547,6.708604876926039e-05,6.708604876926039e-05,0.0,-0.0012564285925448226,1
2025-07-07,1.2804177411766677,1.2961344892875875,1.1715965999040319,1.1718309192240126,7.193081710155091e-05,7.193081710155091e-05,0.0,-0.0011845881513784517,1
2025-07-08,1.2796851213127824,1.2953928767321052,1.1709262445083302,1.1711604297572318,-0.0005721725342636708,-0.0005721725342635597,-1.1102230246251565e-16,-0.0017560828968374853,1
2025-07-09,1.2795092097635445,1.2952148059207607,1.1707652834669893,1.1709994365236827,-0.000137464714020763,-0.000137464714020874,1.1102230246251565e-16,-0.0018933062114251387,1
2025-07-10,1.2787258859825261,1.2944218670725967,1.1700485334181951,1.1702825431248787,-0.000612206442158536,-0.0006122064421586471,1.1102230246251565e-16,-0.0025043535593239907,1
2025-07-11,1.2775038181022316,1.2931847986714322,1.168930327595704,1.169164113661223,-0.0009556918286326432,-0.0009556918286325322,-1.1102230246251565e-16,-0.003457651997724076,1
2025-07-14,1.2767132509044796,1.2923845274957422,1.168206949739325,1.1684405911292728,-0.0006188374442014366,-0.0006188374442014366,0.0,-0.004074349717400283,1
2025-07-15,1.2780936391790885,1.293781859627117,1.1694700204990232,1.169703914503123,0.0010812046272965503,0.0010812046272965503,0.0,-0.002997550295871232,1
2025-07-16,1.2784061408724405,1.2940981971860939,1.1697559630548167,1.1699899142474277,0.00024450610172244147,0.00024450610172244147,0.0,-0.0027537771134863442,1
2025-07-17,1.27833060238365,1.2940217314847517,1.1696868444900057,1.1699207818589037,-5.9088020915587514e-05,-5.908802091547649e-05,-1.1102230246251565e-16,-0.002812702419162205,1
2025-07-18,1.277799763414479,1.2934843766246353,1.1692011208770186,1.1694349611011938,-0.00041525953316079445,-0.0004152595331606834,-1.1102230246251565e-16,-0.0032267939508294763,1
2025-07-21,1.2766118430702131,1.2922818749103788,1.1681141604331404,1.168347783265227,-0.0009296607952811176,-0.0009296607952811176,0.0,-0.004153454922280031,1
2025-07-22,1.275950622599842,1.2916125381547952,1.1675091362836296,1.1677426381108864,-0.0005179495035709802,-0.0005179495035712023,2.220446049250313e-16,-0.004669253145936025,1
2025-07-23,1.2734061137788057,1.2890367962424636,1.1651808821621175,1.16541391833855,-0.001994206339937854,-0.001994206339937854,0.0,-0.006654148031647433,1
2025-07-24,1.2713075924737787,1.2869125162106587,1.163260711621887,1.1634933637642113,-0.0016479591878193478,-0.0016479591878193478,0.0,-0.00829114145508092,1
2025-07-25,1.2708605701839502,1.2864600068547711,1.16285168121095,1.1630842515471922,-0.00035162402275812354,-0.00035162402275812354,0.0,-0.008639850113327352,1
2025-07-28,1.2721457592672065,1.2877609712529474,1.1640276436423933,1.1642604491711217,0.0010112746538908368,0.0010112746538910589,-2.220446049250313e-16,-0.007637312720869427,1
2025-07-29,1.2698454570674653,1.2854324335257767,1.1619228413194482,1.1621552258877121,-0.0018082064755426952,-0.0018082064755429172,2.220446049250313e-16,-0.009431709358094564,1
2025-07-30,1.271583877083464,1.2871921921320058,1.1635135151397573,1.1637462178427853,0.0013690012483986713,0.0013690012483984493,2.220446049250313e-16,-0.008075620131581696,1
2025-07-31,1.2732529672535866,1.2888817698890578,1.1650407513731853,1.16527375952346,0.0013126072138873734,0.0013126072138873734,0.0,-0.006773613034935622,1
2025-08-01,1.273369896695139,1.2890001346048339,1.1651477431241943,1.1653807726728191,9.183520051370131e-05,9.183520051370131e-05,0.0,-0.006682399890533208,1
2025-08-04,1.2743208538348432,1.2899627644614555,1.1660178795770897,1.166251083153005,0.0007468035345992163,0.0007468035345992163,0.0,-0.005940586795791902,1
2025-08-05,1.2737931191871292,1.2894285520274218,1.1655349964530672,1.165768103452358,-0.0004141301196836089,-0.0004141301196836089,0.0,-0.006352256739554751,1
2025-08-06,1.2744429571454907,1.290086366554036,1.1661296054763735,1.1663628313974688,0.0005101597336121255,0.0005101597336121255,0.0,-0.0058453376715487115,1
2025-08-07,1.2752542198196235,1.2909075872369429,1.1668719199258513,1.1671052943098363,0.0006365625621642668,0.0006365625621644888,-2.220446049250313e-16,-0.005212496032509284,1
2025-08-08,1.2753504537847948,1.291005002445502,1.166959975083761,1.1671933670787777,7.54625734036285e-05,7.546257340340645e-05,2.220446049250313e-16,-0.005137426807470202,1
2025-08-11,1.2738231276278817,1.2894589288128864,1.1655624545130607,1.1657955670039633,-0.0011975736962185346,-0.0011975736962185346,0.0,-0.0063288480564779315,1
2025-08-12,1.2722078456963493,1.2878238197745986,1.16408445342169,1.1643172703123743,-0.0012680582543201924,-0.0012680582543198593,-3.3306690738754696e-16,-0.007588880962779765,1
2025-08-13,1.2723682356383017,1.2879861784555304,1.1642312120182066,1.1644640582606103,0.00012607212138715518,0.00012607212138693313,2.220446049250313e-16,-0.007463765587714444,1
2025-08-14,1.2718839614909876,1.2874959599866522,1.1637880957396918,1.1640208533588396,-0.00038060848561749516,-0.00038060848561738414,-1.1102230246251565e-16,-0.007841533300814607,1
2025-08-15,1.2711016724837882,1.2867040686138493,1.1630722925205526,1.1633049069790566,-0.000615063190420484,-0.000615063190420595,1.1102230246251565e-16,-0.008451773452745281,1
2025-08-18,1.267241966138743,1.2827969855178765,1.1595406179076038,1.1597725260311853,-0.0030365048120054583,-0.0030365048120053473,-1.1102230246251565e-16,-0.011462614413991545,1
2025-08-19,1.2672254097576383,1.2827802259121028,1.159525468633125,1.1597573737268514,-1.3064893325198668e-05,-1.3064893324976623e-05,-2.220446049250313e-16,-0.011475529549482166,1
2025-08-20,1.2672285140790955,1.2827833683381853,1.1595283091220896,1.159760214783914,2.4496995036926705e-06,2.449699503470626e-06,2.220446049250313e-16,-0.011473107961577522,1
2025-08-21,1.2671198628280955,1.2826733834252961,1.1594288920083202,1.1596607777867218,-8.573927258803682e-05,-8.573927258803682e-05,0.0,-0.011557863538234736,1
2025-08-22,1.266913942838105,1.2824649358284868,1.159240472906986,1.1594723210015674,-0.00016251026917912803,-0.000162510269179017,-1.1102230246251565e-16,-0.011718495535899098,1
2025-08-25,1.267765561691181,1.2833270080504668,1.1600197137130066,1.1602517176557492,0.0006721994480287652,0.0006721994480285431,2.220446049250313e-16,-0.011054173254101185,1
2025-08-26,1.268054263586695,1.2836192536761442,1.1602838791867365,1.1605159359625739,0.00022772498657319673,0.00022772498657319673,0.0,-0.01082896557898394,1
2025-08-27,1.267969412133533,1.2835333606965544,1.160206239155031,1.160438280402862,-6.691468622321839e-05,-6.691468622310737e-05,-1.1102230246251565e-16,-0.0108951556483734,1
2025-08-28,1.2663675822616485,1.2819118688379578,1.1587405468491745,1.1589722949585444,-0.0012633032441919934,-0.0012633032441921044,1.1102230246251565e-16,-0.012144695007088813,1
2025-08-29,1.2661016453901535,1.281642667670219,1.1584972116278534,1.1587289110701788,-0.00020999974669289045,-0.00020999974669289045,0.0,-0.012352144370906482,1
2025-09-01,1.2667028489790197,1.2822512508548733,1.159047319657377,1.1592791291213085,0.0004748462266479514,0.0004748462266479514,0.0,-0.011883163513404127,1
2025-09-02,1.2673588955802955,1.2829153502336526,1.1596476096586128,1.1598795391805445,0.0005179167330400247,0.0005179167330400247,0.0,-0.011371401269589132,1
2025-09-03,1.268719623152342,1.2842927803331712,1.1608926906548669,1.1611248691929978,0.001073671851590019,0.001073671851590019,0.0,-0.010309938571455457,1
2025-09-04,1.2697419796855605,1.2853276859896916,1.1618281583539536,1.1620605239856243,0.0008058175459431105,0.0008058175459431105,0.0,-0.00951242895491089,1
2025-09-05,1.267631041094705,1.2831908362535565,1.1598966258578638,1.1601286051830353,-0.0016624941323735154,-0.0016624941323735154,0.0,-0.011159108729962286,1
2025-09-08,1.2657622395775059,1.28129909575186,1.158186651501031,1.1584182888313312,-0.0014742472033385523,-0.0014742472033385523,0.0,-0.012616904648463989,1
2025-09-09,1.2649054468553351,1.2804317861530758,1.1574026765467356,1.157634157082045,-0.000676898627072875,-0.000676898627073097,2.220446049250313e-16,-0.013285262910102458,1
2025-09-10,1.2624406156183654,1.2779366998435295,1.1551473283086542,1.155378357774316,-0.0019486288426517895,-0.0019486288426517895,0.0,-0.015208003706265405,1
2025-09-11,1.2632611912568696,1.2787673478046842,1.1558981642250266,1.1561293438578715,0.000649991475521583,0.000649991475521805,-2.220446049250313e-16,-0.01456789730351249,1
2025-09-12,1.2643342517072214,1.2798535797538864,1.1568800265772055,1.1571114025825209,0.0008494367259743729,0.0008494367259741509,2.220446049250313e-16,-0.013730835084527993,1
2025-09-15,1.264947872581916,1.2804747326428707,1.1574414965625885,1.157672984861901,0.00048533121195304396,0.00048533121195304396,0.0,-0.013252167875407728,1
2025-09-16,1.2660126548417154,1.281552584789186,1.158415784277528,1.1586474674343834,0.0008417597933312315,0.0008417597933312315,0.0,-0.01242156322416843,1
2025-09-17,1.2675399809986285,1.2830986584218014,1.1598133048482282,1.160045267509198,0.00120640670618255,0.00120640670618255,0.0,-0.011230141975160812,1
2025-09-18,1.2665745370254577,1.2821213639101279,1.1589299127801638,1.1591616987627198,-0.0007616674721456773,-0.0007616674721454553,-2.220446049250313e-16,-0.011983255813456384,1
2025-09-19,1.2646777966151448,1.2802013415736886,1.1571943740226474,1.157425812897452,-0.001497535561363339,-0.001497535561363672,3.3306690738754696e-16,-0.013462846023098218,1
2025-09-22,1.264969602832116,1.2804967296254484,1.1574613799853424,1.1576928722613393,0.00023073562116149304,0.0002307356211617151,-2.220446049250313e-16,-0.01323521676007633,1
2025-09-23,1.2643632253741546,1.27988290906399,1.156906537807544,1.1571379191151054,-0.00047936128789483057,-0.00047936128789483057,0.0,-0.013708233597419572,1
2025-09-24,1.262282295224051,1.2777764361133195,1.1550024633714475,1.1552334638641217,-0.0016458325490190662,-0.0016458325490189551,-1.1102230246251565e-16,-0.01533150468939437,1
2025-09-25,1.2619356459946705,1.2774255318674346,1.1546852754370405,1.154916212492128,-0.0002746210025224016,-0.00027462100252251265,1.1102230246251565e-16,-0.015601915338728789,1
2025-09-26,1.2623712857724891,1.2778665189943526,1.1550838907217729,1.1553149074999172,0.00034521552600663696,0.000345215526006859,-2.220446049250313e-16,-0.015262085836132422,1
2025-09-28,1.2630666537788888,1.2785704224368442,1.1557201602498965,1.1559513042819465,0.0005508426991620574,0.0005508426991620574,0.0,-0.014719650145527119,1
2025-09-29,1.262653779025089,1.2781524797678647,1.155342375217573,1.1555734436926166,-0.0003268827916284023,-0.00032688279162818024,-2.220446049250313e-16,-0.015041721336824021,1
2025-09-30,1.264154201062707,1.2796713190410982,1.156715278217245,1.1569466212728883,0.0011883083570038977,0.0011883083570038977,0.0,-0.013871287182988468,1
2025-10-09,1.2655532152660587,1.2810875057289683,1.157995391910732,1.158226990989114,0.0011066800254080356,0.0011066800254078135,2.220446049250313e-16,-0.012779958234032551,1
2025-10-10,1.266245478951001,1.2817882667453773,1.1586288209498907,1.1588605467140807,0.0005470048012139461,0.0005470048012139461,0.0,-0.012239944131332003,1
2025-10-11,1.2683595218633137,1.283928258907595,1.1605631939349457,1.1607953065737326,0.0016695363951577669,0.001669536395157989,-2.220446049250313e-16,-0.010590842768376074,1
2025-10-13,1.267568954665562,1.2831279877319053,1.159839816078567,1.1600717840417827,-0.0006232989811834067,-0.0006232989811834067,0.0,-0.01120754048805217,1
2025-10-14,1.2672543834245718,1.2828095552222067,1.1595519798634633,1.159783890259436,-0.0002481689377389351,-0.00024816893773915716,2.220446049250313e-16,-0.011452928062373524,1
2025-10-15,1.2676507017972667,1.2832107382854125,1.1599146156213074,1.1601465985444317,0.000312737819555986,0.00031273781955576396,2.220446049250313e-16,-0.011143772006567243,1
2025-10-16,1.2674095994974288,1.2829666765263343,1.1596940043117052,1.1599259431125675,-0.0001901961632617688,-0.00019019616326154676,-2.220446049250313e-16,-0.011331848667149091,1
2025-10-17,1.268496112007428,1.2840665256552275,1.1606881754493985,1.1609203130844883,0.0008572702230045248,0.0008572702230045248,0.0,-0.010484292900578507,1
2025-10-20,1.2675906849157619,1.2831499847144832,1.1598596995013208,1.160091671441221,-0.0007137799502068276,-0.0007137799502066056,-2.220446049250313e-16,-0.011190589372720772,1
2025-10-21,1.26712607147101,1.2826796682774613,1.15943457298625,1.1596664599008473,-0.0003665327067173818,-0.00036653270671749283,1.1102230246251565e-16,-0.011553020362425559,1
2025-10-22,1.2675906849157619,1.2831499847144832,1.1598596995013208,1.160091671441221,0.0003666671022029,0.0003666671022029,0.0,-0.011190589372720772,1
2025-10-23,1.267237827043467,1.2827927956164331,1.1595368305889842,1.1597687379551018,-0.00027836893761834514,-0.00027836893761845616,1.1102230246251565e-16,-0.011465843197864034,1
2025-10-24,1.266271348296477,1.2818144536293985,1.1586524916912646,1.1588842221896027,-0.0007626656388919351,-0.000762665638891602,-3.3306690738754696e-16,-0.012219764232128005,1
2025-10-27,1.266204087998239,1.2817463677309433,1.1585909477636929,1.1588226659532457,-5.31168128603543e-05,-5.311681286068737e-05,3.3306690738754696e-16,-0.012272231970058445,1
2025-10-28,1.2692546012167893,1.284834325094731,1.1613822015864739,1.1616144780267912,0.0024091797266054815,0.0024091797266054815,0.0,-0.009892618255915475,1
2025-10-29,1.2690538550958943,1.2846311148747258,1.1611985166334142,1.161430756336741,-0.00015816064066465074,-0.0001581606406648728,2.220446049250313e-16,-0.010049214273738949,1
2025-10-30,1.2696819628040559,1.2852669324187622,1.1617732422339666,1.1620055968824134,0.000494941728153897,0.000494941728153897,0.0,-0.009559246321064307,1
2025-10-31,1.271140993888912,1.2867438726775615,1.1631082720474406,1.1633408937018501,0.001149131142757831,0.001149131142758053,-2.220446049250313e-16,-0.008421100005955195,1
2025-11-03,1.2714203828200545,1.2870266910249912,1.163363916054276,1.1635965888374868,0.00021979381711845214,0.00021979381711845214,0.0,-0.008203157094551439,1
2025-11-04,1.2713034533785024,1.2869083263092151,1.1632569243032669,1.1634895756881276,-9.19675688169086e-05,-9.196756881713064e-05,2.220446049250313e-16,-0.00829437023895363,1
2025-11-05,1.2718198055142067,1.2874310165142797,1.1637293923010852,1.1639621381795453,0.0004061596264306466,0.0004061596264310907,-4.440892098500626e-16,-0.007891579450840625,1
2025-11-06,1.270833666064655,1.286432772495389,1.1628270636399216,1.1630596290526496,-0.0007753767045268756,-0.0007753767045269866,1.1102230246251565e-16,-0.008660837208499417,1
2025-11-07,1.2702003844873981,1.2857917175745484,1.1622476038910945,1.1624800534118727,-0.0004983197991740296,-0.0004983197991740296,0.0,-0.009154841141015058,1
2025-11-10,1.2696716150658653,1.2852564576651537,1.1617637739374174,1.1619961266922048,-0.00041628819199746037,-0.00041628819199734934,-1.1102230246251565e-16,-0.009567318280745973,1
2025-11-11,1.2699551430922842,1.2855434659140268,1.1620232052628725,1.162255609903925,0.0002233081554745553,0.0002233081554745553,0.0,-0.009346146585469395,1
2025-11-12,1.270172445594284,1.2857634357398056,1.162222039490411,1.162454483898309,0.00017111037597028478,0.00017111037597006273,2.220446049250313e-16,-0.0091766354321553,1
2025-11-13,1.269639537077475,1.2852239859289674,1.1617344222181138,1.1619667691025575,-0.00041955603639298733,-0.00041955603639298733,0.0,-0.009592341355758927,1
2025-11-14,1.269620911148732,1.285205131372472,1.1617173792843247,1.1619497227601816,-1.4670249467663155e-05,-1.4670249467663155e-05,0.0,-0.009606870883185903,1
2025-11-17,1.269707832149532,1.2852931193027834,1.1617969129753403,1.1620292723579353,6.846216853939602e-05,6.846216853917397e-05,2.220446049250313e-16,-0.009539066421860198,1
2025-11-18,1.2698289006863603,1.2854156739200029,1.1619076920449691,1.162140073583378,9.535149249506603e-05,9.535149249551012e-05,-4.440892098500626e-16,-0.009444624493585296,1
2025-11-19,1.2693498004081418,1.2849306928279292,1.161469309914729,1.161701603776712,-0.0003772951442194694,-0.00037729514421969146,2.220446049250313e-16,-0.00981835622684435,1
2025-11-20,1.2693435917652274,1.284924407975764,1.1614636289367992,1.1616959216625866,-4.89119934665716e-06,-4.89119934665716e-06,0.0,-0.009823199402653526,1
2025-11-21,1.2695143294453701,1.2850972414103043,1.1616198558298654,1.1618521798010313,0.0001345086399382467,0.0001345086399382467,0.0,-0.00969001206790665,1
2025-11-24,1.2692970269433703,1.2848772715845258,1.1614210216023266,1.1616533058066472,-0.0001711697906511267,-0.00017116979065123772,1.1102230246251565e-16,-0.009859523221220745,1
2025-11-25,1.2689690036427324,1.284545221895136,1.1611208766017087,1.161353100777029,-0.000258429109715852,-0.000258429109715852,0.0,-0.010115404343128409,1
2025-11-26,1.2674665120574764,1.283024287671181,1.1597460799427273,1.1599780291587158,-0.0011840254418687968,-0.0011840254418687968,0.0,-0.011287452888900096,1
2025-11-27,1.266488650798477,1.2820344234551773,1.1588513259188031,1.1590830961839869,-0.0007715085563974045,-0.0007715085563974045,0.0,-0.0120502530788138,1
2025-11-28,1.2661451058905533,1.2816866616353748,1.1585369784733612,1.1587686858690558,-0.00027125778640579856,-0.0002712577864055765,-2.220446049250313e-16,-0.012318242140243796,1
2025-12-01,1.2666376582284198,1.2821852599071397,1.1589876693891155,1.1592194669229932,0.00038901729002072116,0.0003890172900204991,2.220446049250313e-16,-0.011934016859398322,1
2025-12-02,1.266576606573096,1.2821234588608497,1.1589318064394736,1.1591635928007615,-4.819977909809037e-05,-4.8199779097979345e-05,-1.1102230246251565e-16,-0.011981641421520028,1
2025-12-03,1.266160627497839,1.2817023737657876,1.1585511809181852,1.1587828911543687,-0.0003284278843443955,-0.0003284278843443955,0.0,-0.012306134200721353,1
2025-12-04,1.2639689765490976,1.279483820951506,1.1565457957090095,1.1567771048681512,-0.0017309422684169684,-0.0017309422684169684,0.0,-0.014015775261289498,1
2025-12-05,1.2645174066731926,1.2800389828927567,1.157047615426131,1.1572790249492162,0.00043389524131542956,0.00043389524131542956,0.0,-0.013587961398163317,1
2025-12-08,1.2646498577220306,1.2801730597389458,1.157168809621964,1.1574002433838884,0.00010474434605578509,0.000104744346055341,4.440892098500626e-16,-0.01348464031423846,1
2025-12-09,1.2654217989910395,1.2809544763581402,1.1578751445445539,1.1581067195734627,0.000610399205990042,0.0006103992059902641,-2.220446049250313e-16,-0.012882472121989341,1
2025-12-10,1.2652169137748683,1.280747076236692,1.1576876722728744,1.157919209807329,-0.00016191061062365009,-0.00016191061062398315,3.3306690738754696e-16,-0.013042296923685415,1
2025-12-11,1.2662061575458772,1.2817484626816649,1.158592841423003,1.1588245599912874,0.000781876815144189,0.000781876815144189,0.0,-0.01227061757812209,1
2025-12-12,1.2657953523397154,1.2813326149634072,1.1582169500499893,1.1584485934399993,-0.00032443785217251,-0.00032443785217239896,-1.1102230246251565e-16,-0.012591074377482747,1
2025-12-15,1.2644108249698307,1.2799310929305892,1.1569500919716713,1.1571814819900657,-0.0010938003266685037,-0.0010938003266687257,2.220446049250313e-16,-0.013671102582884065,1
2025-12-16,1.264039341168793,1.2795550492760437,1.156610180125546,1.156841502161571,-0.0002937999214350784,-0.00029379992143485634,-2.220446049250313e-16,-0.013960885935454415,1
2025-12-17,1.2650606629281922,1.2805889074572034,1.1575447009949777,1.1577762099351767,0.0008079825731175383,0.0008079825731175383,0.0,-0.013164183514878025,1
2025-12-18,1.2657663786727822,1.2813032856533033,1.158190438819651,1.1584220769074147,0.0005578513072697078,0.0005578513072697078,0.0,-0.012613675864591167,1
2025-12-19,1.2663489563329056,1.2818930142814624,1.1587235039153854,1.1589552486161685,0.00046025686093376095,0.0004602568609335389,2.220446049250313e-16,-0.012159224534515789,1
2025-12-22,1.2659443597696582,1.2814834514153697,1.1583532935203016,1.1585849641790056,-0.00031949847727508196,-0.00031949847727508196,0.0,-0.01247483815806727,1
2025-12-23,1.2662134009626105,1.2817557950091911,1.1585994692305874,1.1588311891244336,0.0002125221309103864,0.00021252213091016436,2.220446049250313e-16,-0.012264967206344957,1
2025-12-24,1.2669594728861433,1.2825110247443643,1.1592821334118035,1.1595139898384859,0.0005892149956441273,0.0005892149956441273,0.0,-0.011682978913299835,1
2025-12-25,1.2667163010386673,1.2822648680345643,1.1590596284428913,1.15929144036858,-0.000191933406458622,-0.00019193340645851098,-1.1102230246251565e-16,-0.011872669965818039,1
2025-12-26,1.2666459364189722,1.2821936397100266,1.158995244026355,1.1592270430751601,-5.554883886582651e-05,-5.554883886593753e-05,1.1102230246251565e-16,-0.011927559291653012,1
2025-12-29,1.2643383908024974,1.2798577696553297,1.1568838138958253,1.1571151906586044,-0.0018217763544866594,-0.0018217763544865484,-1.1102230246251565e-16,-0.013727606300655393,1
2025-12-30,1.2637071787728786,1.2792188096852106,1.1563062478063082,1.1565375090558694,-0.0004992429512625796,-0.0004992429512624685,-1.1102230246251565e-16,-0.014219995841234678,1
2025-12-31,1.263819969119155,1.2793329844995436,1.1564094522386974,1.1566407341291451,8.92535455767618e-05,8.92535455767618e-05,0.0,-0.014132011480704865,1
2026-01-04,1.2644677375298783,1.279988704075436,1.1570021676026936,1.157233568036214,0.0005125480104375413,0.0005125480104375413,0.0,-0.01362670680463518,1
2026-01-05,1.2636481966651931,1.2791591035896424,1.1562522785159763,1.1564835289716795,-0.0006481310992451084,-0.0006481310992451084,0.0,-0.014266006011419807,1
2026-01-06,1.2618756291131656,1.2773647782965052,1.1546303593170537,1.154861285388917,-0.0014027381645503878,-0.0014027381645502768,-1.1102230246251565e-16,-0.015648732704882207,1
2026-01-07,1.2606494221375952,1.2761235199938972,1.1535083661759427,1.153739067849178,-0.0009717336219831063,-0.0009717336219833284,2.220446049250313e-16,-0.01660525992715467,1
2026-01-08,1.26166453525408,1.2771510933228916,1.1544372060674448,1.1546680935086582,0.0008052303032539676,0.0008052303032541896,-2.220446049250313e-16,-0.015813400682387346,1
2026-01-09,1.2620587840791369,1.2775501814353756,1.154797948165979,1.1550289077556122,0.00031248308408504677,0.0003124830840846027,4.440892098500626e-16,-0.015505859018517532,1
2026-01-12,1.2631059751840126,1.2786102265005566,1.1557561397767846,1.15598729100474,0.0008297482796253419,0.0008297482796253419,0.0,-0.014688976698736922,1
2026-01-13,1.2638717078101072,1.279385358267586,1.1564567937214445,1.1566880850801888,0.0006062299135138893,0.0006062299135138893,0.0,-0.014091651682296757,1
2026-01-14,1.264703665960621,1.2802275284577098,1.1572180447640212,1.157449488372974,0.0006582615508938794,0.0006582615508938794,0.0,-0.01344266612389411,1
2026-01-15,1.265893655852525,1.2814321251226881,1.1583068988672092,1.1585385602469827,0.0009409238890756288,0.0009409238890756288,0.0,-0.01251439076050731,1
2026-01-16,1.2663303304041627,1.281874159724967,1.1587064609815962,1.1589382022737926,0.00034495358248998187,0.00034495358248998187,0.0,-0.012173754061942765,1
2026-01-19,1.2670660545895052,1.2826189147065319,1.1593796568662629,1.1596115327976362,0.0005809891524177768,0.0005809891524177768,0.0,-0.011599837728579088,1
2026-01-20,1.2675161812007905,1.283074566488502,1.1597915277661646,1.1600234860717178,0.00035525110127831994,0.000355251101278542,-2.220446049250313e-16,-0.011248707482428455,1
2026-01-21,1.267967342585895,1.2835312657458329,1.160204345495721,1.1604363863648202,0.0003559413219302865,0.00035594132193006445,2.220446049250313e-16,-0.010896770040309534,1
2026-01-22,1.2680377072055902,1.2836024940703707,1.1602687299122576,1.16050078365824,5.5494031535152644e-05,5.549403153559673e-05,-4.440892098500626e-16,-0.010841880714474561,1
2026-01-23,1.2681360107183997,1.2837020042296514,1.1603586787294773,1.160590750465223,7.752412428341238e-05,7.752412428319033e-05,2.220446049250313e-16,-0.010765197097499124,1
2026-01-26,1.2687020319974183,1.2842749732520367,1.1608765945507329,1.161108769869643,0.0004463411449833199,0.00044634114498354194,-2.220446049250313e-16,-0.010323660902914256,1
2026-01-27,1.2687506663669135,1.2843242045939967,1.1609210955445153,1.1611532797636241,3.8333957279590436e-05,3.8333957279590436e-05,0.0,-0.010285722692410681,1
2026-01-28,1.2692401143833227,1.2848196604396789,1.1613689459713046,1.1616012197604988,0.0003857716329802585,0.00038577163298003647,2.220446049250313e-16,-0.00990391899946974,1
2026-01-29,1.2700296468072556,1.285618884140008,1.1620913769980283,1.162323795273428,0.000622051269090651,0.000622051269090429,2.220446049250313e-16,-0.009288028475761712,1
2026-01-30,1.2700441336407222,1.28563354879506,1.1621046326131979,1.1623370535397204,1.1406689208515175e-05,1.140668920873722e-05,-2.220446049250313e-16,-0.009276727732207446,1
2026-02-02,1.2703825046795505,1.285976073238058,1.1624142459103652,1.1626467287595472,0.00026642463034587394,0.000266424630346096,-2.220446049250313e-16,-0.009012774650618338,1
2026-02-03,1.2694584516591416,1.2850406777408185,1.1615687270284982,1.161801040773904,-0.000727381727160914,-0.000727381727161136,2.220446049250313e-16,-0.009733600650187468,1
2026-02-04,1.269598146124713,1.2851820869145332,1.161696549031916,1.1619288883417223,0.00011004256609492558,0.00011004256609492558,0.0,-0.009624629194485479,1
2026-02-05,1.2698982305322366,1.28548585476918,1.1619711296318505,1.1622035238577768,0.00023636172472341066,0.00023636172472341066,0.0,-0.00939054236371839,1
2026-02-06,1.2708833352079691,1.2864830513127097,1.162872511463359,1.1631050859656515,0.000775735135342126,0.000775735135341904,2.220446049250313e-16,-0.008622091802027776,1
2026-02-09,1.2712724101639308,1.2868769020483897,1.1632285194136187,1.1634611651175013,0.0003061452968835532,0.00030614529688377523,-2.220446049250313e-16,-0.008318586117998739,1
2026-02-10,1.2716087116551213,1.287217331540666,1.1635362390514763,1.1637689462992866,0.00026453928245584457,0.0002645392824556225,2.220446049250313e-16,-0.008056247428345653,1
2026-02-11,1.2722409584585588,1.2878573389861458,1.1641147519706483,1.1643475749210423,0.0004972023214708798,0.0004972023214708798,0.0,-0.007563050691798523,1
2026-02-12,1.2729332221435012,1.288558100002555,1.1647481810098073,1.1649811306460092,0.0005441293807906256,0.0005441293807906256,0.0,-0.007023036589097753,1
2026-02-13,1.2732519324797678,1.2888807224136969,1.1650398045435304,1.1652728125044391,0.0002503747492188513,0.00025037474921862923,2.220446049250313e-16,-0.006774420230903688,1
2026-02-14,1.272487234627492,1.2881066381220283,1.1643400974285254,1.164572965448011,-0.0006005864454384779,-0.0006005864454383669,-1.1102230246251565e-16,-0.007370938051375786,1
2026-02-24,1.2724334263889014,1.288052169403264,1.164290862286468,1.1645237204589254,-4.22858769237866e-05,-4.22858769237866e-05,0.0,-0.00741291224172036,1
2026-02-25,1.2716997717511973,1.287309509372421,1.1636195600611114,1.1638522839731236,-0.000576576049079569,-0.000576576049079569,0.0,-0.00798521418314746,1
2026-02-26,1.2701113939389603,1.2857016346935153,1.1621661765407694,1.1623986097760775,-0.0012490194993506343,-0.0012490194993506343,0.0,-0.009224259994276784,1
2026-02-27,1.2701403676058935,1.285730964003619,1.1621926877711077,1.162425126308662,2.281191009823047e-05,2.281191009823047e-05,0.0,-0.009201658507168364,1
2026-02-28,1.2714607389989974,1.2870675425640645,1.1634008424108189,1.163633522579301,0.001039547617553982,0.001039547617553982,0.0,-0.008171676451793064,1
2026-03-02,1.2713872700578452,1.2869931718134442,1.1633336175053177,1.1635662842288188,-5.778309852488839e-05,-5.778309852499941e-05,1.1102230246251565e-16,-0.008228987365532459,1
2026-03-03,1.27187050943134,1.2874823428069613,1.1637757869541774,1.1640085421115682,0.0003800882586098009,0.00038008825860957884,2.220446049250313e-16,-0.007852026848400695,1
2026-03-04,1.2718405009905878,1.2874519660214967,1.1637483288941841,1.163981078559963,-2.359394335338383e-05,-2.3593943353272806e-05,-1.1102230246251565e-16,-0.007875435531477293,1
2026-03-05,1.2725834685926634,1.2882040533305874,1.1644281525864355,1.1646610382169527,0.000584167276869163,0.0005841672768693851,-2.220446049250313e-16,-0.007295868826336704,1
2026-03-06,1.2722554452920256,1.2878720036411977,1.1641280075858176,1.1643608331873347,-0.0002577617175874014,-0.00025776171758751243,1.1102230246251565e-16,-0.007551749948244146,1
2026-03-09,1.2704414867872362,1.2860357793336266,1.162468215200697,1.162700708843737,-0.001425781678908833,-0.001425781678908833,0.0,-0.008966764480433098,1
2026-03-10,1.270191071523027,1.2857822902963008,1.1622390824242002,1.162471530240685,-0.00019710885295676217,-0.00019710885295676217,0.0,-0.009162105904728324,1
2026-03-11,1.2699127173657032,1.285500519424232,1.1619843852470195,1.162216782124069,-0.00021914353168139833,-0.00021914353168139833,0.0,-0.009379241620164125,1
2026-03-12,1.26957952019597,1.285163232358038,1.161679506098127,1.1619118419993466,-0.0002623780084857197,-0.00026237800848560866,-1.1102230246251565e-16,-0.009639158721912455,1
2026-03-13,1.2698858132464081,1.2854732850648498,1.161959767675991,1.1621921596295262,0.0002412555066977351,0.00024125550669751306,2.220446049250313e-16,-0.00940022871533619,1
2026-03-16,1.2686026937107897,1.284174415617395,1.1607856989038579,1.1610178560436386,-0.0010104211908141814,-0.0010104211908139593,-2.220446049250313e-16,-0.01040115171585787,1
2026-03-17,1.2685985546155136,1.2841702257159515,1.160781911585238,1.1610140679675551,-3.262719917462853e-06,-3.2627199175738753e-06,1.1102230246251565e-16,-0.01040438049973047,1
2026-03-18,1.269111802429761,1.2846897734949334,1.1612515390940914,1.16148378940191,0.0004045785897990317,0.0004045785897990317,0.0,-0.010004011299521776,1
2026-03-19,1.2694046434205513,1.2849862090220543,1.161519491886441,1.1617517957848185,0.00023074483290574932,0.00023074483290574932,0.0,-0.00977557484053182,1
2026-03-20,1.26975336219757,1.2853392082186608,1.161838573480158,1.162070941194854,0.000274710494266861,0.00027471049426708305,-2.220446049250313e-16,-0.009503549799261046,1
2026-03-23,1.2691211153941324,1.2846992007731812,1.161260060560986,1.161492312573098,-0.0004979288279602923,-0.0004979288279602923,0.0,-0.009996746535808287,1
2026-03-24,1.2693042703601036,1.2848846039120518,1.1614276494099114,1.1616599349397934,0.00014431638064293928,0.00014431638064293928,0.0,-0.009853872849443612,1
2026-03-25,1.2696012504461702,1.2851852293406159,1.161699389520881,1.161931729398785,0.0002339707609919639,0.0002339707609919639,0.0,-0.009622207606580946,1
2026-03-26,1.2697357710426462,1.2853214011375265,1.1618224773760237,1.1620548418714989,0.00010595499683763165,0.00010595499683740961,2.220446049250313e-16,-0.009517272130719845,1
2026-03-27,1.2702283233805125,1.2858199994092914,1.1622731682917782,1.1625056229254365,0.0003879171943481641,0.0003879171943481641,0.0,-0.009133046849874593,1
2026-03-30,1.271009577613893,1.2866108433067336,1.1629880246812625,1.1632206222861987,0.0006150502386068624,0.0006150502386068624,0.0,-0.008523613893911874,1
2026-03-31,1.2713241488548832,1.2869292758164321,1.163275860896366,1.1635085160685452,0.00024749714442018345,0.00024749714442018345,0.0,-0.00827822631959052,1
2026-04-01,1.2707539884805885,1.2863521168926035,1.1627541577564908,1.162986708588042,-0.0004484775773418992,-0.0004484775773420102,1.1102230246251565e-16,-0.008722991298047877,1
2026-04-02,1.2700399945454461,1.2856293588936165,1.162100845294578,1.162333265463637,-0.00056186637351896,-0.000561866373519071,1.1102230246251565e-16,-0.009279956516080046,1
2026-04-03,1.2702728186547316,1.285865040849808,1.1623138819669407,1.1625463447433342,0.00018332029722323284,0.00018332029722323284,0.0,-0.009098337423243508,1
2026-04-07,1.2706080853721027,1.2862044228667235,1.1626206547751432,1.1628531789060983,0.0002639328437541444,0.0002639328437541444,0.0,-0.008836805929558933,1
2026-04-08,1.2705635900978838,1.2861593814262071,1.1625799410999809,1.1628124570882008,-3.501888169232803e-05,-3.5018881692105985e-05,-2.220446049250313e-16,-0.008871515356189907,1
2026-04-09,1.271053038114293,1.2866548372718893,1.1630277915267702,1.1632603970850754,0.00038522118863149046,0.0003852211886312684,2.220446049250313e-16,-0.008489711663248967,1
2026-04-10,1.2711016724837882,1.2867040686138493,1.1630722925205526,1.1633049069790566,3.826305278908926e-05,3.826305278908926e-05,0.0,-0.008451773452745281,1
2026-04-13,1.2720546991711303,1.2876687934211928,1.163944322632758,1.1641771114972845,0.0007497643248945973,0.0007497643248945973,0.0,-0.007708345966067731,1
2026-04-14,1.2729415003340536,1.2885664798054417,1.1647557556470467,1.1649887067981761,0.0006971407467786239,0.0006971407467784019,2.220446049250313e-16,-0.007016579021352443,1
2026-04-15,1.273345062123482,1.2889749951961735,1.1651250192124758,1.1653580442163183,0.00031703089994516986,0.00031703089994516986,0.0,-0.006701772593769029,1
2026-04-16,1.2737848409965769,1.2894201722245349,1.1655274218158276,1.1657605273001908,0.0003453728970852499,0.00034537289708502783,2.220446049250313e-16,-0.006358714307300062,1
2026-04-17,1.2744408875978526,1.2900842716033143,1.1661277118170634,1.1663609373594268,0.0005150372183440055,0.0005150372183442276,-2.220446049250313e-16,-0.005846952063485067,1
2026-04-20,1.2752324895694234,1.2908855902543648,1.1668520365030972,1.1670854069103977,0.0006211366719901523,0.0006211366719903744,-2.220446049250313e-16,-0.005229447147840793,1
2026-04-21,1.2753028541891187,1.2909568185789029,1.1669164209196337,1.1671498042038175,5.5177875619483174e-05,5.5177875619483174e-05,0.0,-0.00517455782200571,1
2026-04-22,1.2765249220694133,1.2921938869800673,1.1680346267421249,1.1682682336674732,0.0009582569946271491,0.000958256994626927,2.220446049250313e-16,-0.0042212593836056245,1
2026-04-23,1.2760716911366705,1.2917350927720148,1.1676199153532585,1.1678534393363291,-0.00035505059470986033,-0.0003550505947097493,-1.1102230246251565e-16,-0.004574811217661012,1
2026-04-24,1.2751600554020903,1.2908122669791053,1.166785758427251,1.1670191155789365,-0.0007144079293602834,-0.0007144079293603944,1.1102230246251565e-16,-0.00528595086561201,1
2026-04-27,1.2738169189849673,1.2894526439607212,1.165556773535131,1.165789884889838,-0.0010533081015461354,-0.0010533081015459134,-2.220446049250313e-16,-0.006333691232286998,1
2026-04-28,1.2739162572715959,1.289553201595363,1.165647669182006,1.1658807987158424,7.798474423448276e-05,7.798474423448276e-05,0.0,-0.006256200419343383,1
2026-04-29,1.2751455685686235,1.2907976023240535,1.1667725028120817,1.167005857312644,0.000964985955717701,0.000964985955717701,0.0,-0.005297251609166387,1
2026-04-30,1.275066925758376,1.290717994196629,1.166700543758306,1.1669338838670575,-6.167359412601048e-05,-6.167359412589946e-05,-1.1102230246251565e-16,-0.005358598502746781,1
2026-05-06,1.2743011931322814,1.2899428624295994,1.1659998898136457,1.1662330897916084,-0.0006005430857201066,-0.0006005430857204397,3.3306690738754696e-16,-0.005955923519186834,1
2026-05-07,1.274049743094253,1.2896883259169127,1.165769810207494,1.1660029641695355,-0.00019732386611859276,-0.00019732386611837072,-2.220446049250313e-16,-0.006152072139450349,1
2026-05-08,1.274534017241567,1.2901785443857907,1.1662129264860086,1.1664461690713057,0.00038010615357753075,0.0003801061535773087,2.220446049250313e-16,-0.005774304426350407,1
2026-05-09,1.274538156336843,1.290182734287234,1.1662167138046284,1.1664499571473894,3.2475361348982545e-06,3.2475361348982545e-06,0.0,-0.005771075642477808,1
2026-05-11,1.274581616837243,1.2902267282523898,1.166256480650136,1.1664897319462662,3.409901867912346e-05,3.4099018678901416e-05,2.220446049250313e-16,-0.0057371734118149,1
2026-05-12,1.275288367355652,1.2909421539238508,1.1669031653044644,1.1671365459375251,0.0005544960864591886,0.0005544960864591886,0.0,-0.005185858565559864,1
2026-05-13,1.275550165131871,1.2912071651901462,1.167142713207166,1.1673761417498072,0.00020528515974915784,0.00020528515974937989,-2.220446049250313e-16,-0.004981637985614795,1
2026-05-14,1.2758637015990422,1.2915245502244839,1.1674296025926143,1.1676630885131327,0.000245804889326795,0.000245804889326795,0.0,-0.004737057607261619,1
2026-05-15,1.2755180871434806,1.2911746934539596,1.1671133614878624,1.16734678416016,-0.00027088665907526455,-0.00027088665907526455,0.0,-0.005006661060627748,1
2026-05-18,1.275641225227947,1.2912993430219009,1.1672260342168008,1.1674594794236441,9.653966157552318e-05,9.653966157574523e-05,-2.220446049250313e-16,-0.004910604740416602,1
2026-05-19,1.276742224571413,1.292413856805846,1.1682334609696636,1.1684671076618576,0.0008630948276773243,0.0008630948276773243,0.0,-0.004051748230291641,1
2026-05-20,1.2773972363988697,1.2930769087092644,1.1688328041412444,1.1690665707020726,0.0005130337313599131,0.0005130337313599131,0.0,-0.0035407931824448236,1
2026-05-21,1.2775110615189649,1.293192130998958,1.1689369554032882,1.169170742794369,8.910706619036368e-05,8.910706619014164e-05,2.220446049250313e-16,-0.0034520016259469433,1
2026-05-22,1.2768581192391464,1.2925311740462613,1.1683395058910178,1.1685731737921958,-0.0005111049911710186,-0.0005111049911706855,-3.3306690738754696e-16,-0.003961342281857294,1
2026-05-25,1.2768343194413083,1.2925070821129618,1.1683177288089537,1.1685513923547155,-1.8639344089521614e-05,-1.863934408985468e-05,3.3306690738754696e-16,-0.003979907789125048,1
2026-05-26,1.2772947937907841,1.2929732086485402,1.1687390680054048,1.1689728158190058,0.0003606375098668124,0.00036063750986703447,-2.220446049250313e-16,-0.0036207055832927493,1
2026-05-27,1.2786317215649927,1.2943265468147593,1.1699623719195948,1.1701963643939788,0.001046686936099439,0.001046686936099217,2.220446049250313e-16,-0.002577808392426939,1
2026-05-28,1.2797534163848396,1.2954620101059213,1.1709887352655566,1.1712229330126096,0.0008772618424279788,0.0008772618424282008,-2.220446049250313e-16,-0.0017028079629387571,1
2026-05-29,1.2800214228039728,1.2957333062243817,1.1712339641461875,1.1714682109390167,0.00020942035840798567,0.00020942035840798567,0.0,-0.0014937442071846219,1
2026-06-01,1.2812952293752196,1.2970227483935888,1.1723995114514263,1.1726339913537165,0.0009951447284815007,0.0009951447284817228,-2.220446049250313e-16,-0.0005000859703766514,1
2026-06-02,1.281571513984905,1.2973024243149358,1.1726523149692967,1.1728868454322905,0.00021562915661532678,0.00021562915661532678,0.0,-0.0002845646468772056,1
2026-06-03,1.2815808269492763,1.2973118515931834,1.1726608364361912,1.1728953686034784,7.266831596686174e-06,7.266831596908219e-06,-2.220446049250313e-16,-0.0002772998831639395,1
2026-06-04,1.2812652209344673,1.2969923716081242,1.1723720533914326,1.172606527802111,-0.0002462630590068793,-0.0002462630590071013,2.220446049250313e-16,-0.0005234946534532492,1
2026-06-05,1.281462862733905,1.2971924394020466,1.1725528978555273,1.1727874084350984,0.00015425518168177277,0.0001542551816819948,-2.220446049250313e-16,-0.0003693202235343085,1
2026-06-08,1.280402219569382,1.2961187771571745,1.1715823974592077,1.1718167139386995,-0.0008276815469003829,-0.0008276815469003829,0.0,-0.001196696090900895,1
2026-06-09,1.2796840865389636,1.2953918292567443,1.170925297678675,1.1711594827382108,-0.0005608651870815384,-0.0005608651870817605,2.220446049250313e-16,-0.001756890092805552,1
2026-06-10,1.27835233263385,1.2940437284673296,1.1697067279127595,1.169940669258342,-0.0010406895882526523,-0.0010406895882523193,-3.3306690738754696e-16,-0.002795751303830807,1
2026-06-11,1.27738585388686,1.293065386480295,1.16882238901504,1.169056153492843,-0.0007560347193160677,-0.0007560347193159567,-1.1102230246251565e-16,-0.003549672338094667,1
2026-06-12,1.2772420203260126,1.2929197874051368,1.1686907796930026,1.1689245178489411,-0.00011259993243994959,-0.00011259993243994959,0.0,-0.003661872577669145,1
2026-06-15,1.2774168971014315,1.2930968107411205,1.1688507939046884,1.1690845640634693,0.0001369174930325734,0.0001369174930325734,0.0,-0.0035254564590497806,1
2026-06-16,1.2781909079180789,1.293880322311037,1.169559022486588,1.1697929342910853,0.0006059187242659636,0.0006059187242655195,4.440892098500626e-16,-0.0029216738748639726,1
2026-06-17,1.2790590831522592,1.2947591541387906,1.1703534125670876,1.170587483249601,0.0006792218821165541,0.0006792218821165541,0.0,-0.0022444364575756603,1
2026-06-18,1.2793298658695489,1.2952923190974635,1.1708353488614553,1.1710695159312277,0.00021170462010422497,0.00041178697749999493,-0.00020008235739576996,-0.0020332069950390608,0
2026-06-22,1.2793298658695489,1.2952923190974635,1.1707207824732069,1.1709549266297015,0.0,-9.785012756902134e-05,9.785012756902134e-05,-0.0020332069950390608,0
2026-06-23,1.2793298658695489,1.2952923190974635,1.170435786747068,1.1706698739044175,0.0,-0.00024343612106791923,0.00024343612106791923,-0.0020332069950390608,0
2026-06-24,1.2793298658695489,1.2952923190974635,1.1701924515257467,1.170426490016052,0.0,-0.00020790138517345902,0.00020790138517345902,-0.0020332069950390608,0
2026-06-25,1.2793298658695489,1.2952923190974635,1.1706081097442682,1.170842231366217,0.0,0.00035520500750063633,-0.00035520500750063633,-0.0020332069950390608,0
2026-06-26,1.2793298658695489,1.2952923190974635,1.171051226022783,1.1712854362679874,0.0,0.00037853511762486747,-0.00037853511762486747,-0.0020332069950390608,0
2026-06-29,1.2793298658695489,1.2952923190974635,1.1721997303942326,1.1724341703403114,0.0,0.0009807464830982049,-0.0009807464830982049,-0.0020332069950390608,0
2026-06-30,1.2793298658695489,1.2952923190974635,1.1721287181701117,1.1723631439137456,0.0,-6.0580310914382096e-05,6.0580310914382096e-05,-0.0020332069950390608,0
2026-07-01,1.2793298658695489,1.2952923190974635,1.1707491873628553,1.1709833372003278,0.0,-0.0011769448063776444,0.0011769448063776444,-0.0020332069950390608,0
2026-07-02,1.2793298658695489,1.2952923190974635,1.1705550872835913,1.1707891983010479,0.0,-0.00016579134229532944,0.00016579134229532944,-0.0020332069950390608,0
2026-07-03,1.2793298658695489,1.2952923190974635,1.170647876589776,1.170882006165094,0.0,7.926949119507753e-05,-7.926949119507753e-05,-0.0020332069950390608,0
2026-07-06,1.2793298658695489,1.2952923190974635,1.1711525367958622,1.1713867673032212,0.0,0.0004310947947525623,-0.0004310947947525623,-0.0020332069950390608,0
2026-07-07,1.2793298658695489,1.2952923190974635,1.1714148086102822,1.1716490915720044,0.0,0.00022394334314257414,-0.00022394334314257414,-0.0020332069950390608,0
2026-07-08,1.2793298658695489,1.2952923190974635,1.1713759885944293,1.1716102637921482,0.0,-3.313942727001251e-05,3.313942727001251e-05,-0.0020332069950390608,0
2026-07-09,1.2793298658695489,1.2952923190974635,1.171981959573595,1.1722163559655097,0.0,0.0005173155204358793,-0.0005173155204358793,-0.0020332069950390608,0
2026-07-10,1.2793298658695489,1.2952923190974635,1.1717746038791619,1.1720089587999376,0.0,-0.00017692737737062814,0.00017692737737062814,-0.0020332069950390608,0
2026-07-13,1.2793298658695489,1.2952923190974635,1.171839935125353,1.1720743031123781,0.0,5.5754106613070675e-05,-5.5754106613070675e-05,-0.0020332069950390608,0
2026-07-14,1.2793298658695489,1.2952923190974635,1.1714271173957966,1.1716614028192758,0.0,-0.0003522816702028475,0.0003522816702028475,-0.0020332069950390608,0
2026-07-15,1.2793298658695489,1.2952923190974635,1.1719118941791289,1.1721462765579647,0.0,0.00041383435310082817,-0.00041383435310082817,-0.0020332069950390608,0
2026-07-16,1.2793298658695489,1.2952923190974635,1.1717897531536408,1.1720241111042715,0.0,-0.00010422372713747574,0.00010422372713747574,-0.0020332069950390608,0
2026-07-17,1.2793298658695489,1.2952923190974635,1.1716761335950474,1.1719104688217663,0.0,-9.696241009748974e-05,9.696241009748974e-05,-0.0020332069950390608,0
2026-07-20,1.2793298658695489,1.2952923190974635,1.171871180503966,1.172105554740067,0.0,0.00016646827849964296,-0.00016646827849964296,-0.0020332069950390608,0
2026-07-21,1.2793298658695489,1.2952923190974635,1.1717054853143507,1.1719398264114136,0.0,-0.00014139368931676,0.00014139368931676,-0.0020332069950390608,0
2026-07-22,1.2793298658695489,1.2952923190974635,1.17259171787138,1.1728262362149544,0.0,0.0007563611915597512,-0.0007563611915597512,-0.0020332069950390608,0
2026-07-23,1.2793298658695489,1.2952923190974635,1.1732071571470952,1.1734417985785246,0.0,0.0005248538483901832,-0.0005248538483901832,-0.0020332069950390608,0
2026-07-24,1.2793298658695489,1.2952923190974635,1.172892809701653,1.1731273882635933,0.0,-0.0002679385678199253,0.0002679385678199253,-0.0020332069950390608,0
2026-07-27,1.2793298658695489,1.2952923190974635,1.1732194659326096,1.173454109825796,0.0,0.00027850476041346717,-0.00027850476041346717,-0.0020332069950390608,0
2026-07-28,1.2793298658695489,1.2952923190974635,1.1730717605064378,1.173306374858539,0.0,-0.00012589752425762324,0.00012589752425762324,-0.0020332069950390608,0
2026-07-29,1.2793298658695489,1.2952923190974635,1.1730840692919522,1.1733186861058105,0.0,1.0492781369997317e-05,-1.0492781369997317e-05,-0.0020332069950390608,0
2026-07-30,1.2793298658695489,1.2952923190974635,1.1736767846559484,1.1739115200128796,0.0,0.000505262478207591,-0.000505262478207591,-0.0020332069950390608,0
2026-07-31,1.2793298658695489,1.2952923190974635,1.1744626532695535,1.1746975458002074,0.0,0.0006695783914951736,-0.0006695783914951736,-0.0020332069950390608,0
2026-08-03,1.2793298658695489,1.2952923190974635,1.1750799862045784,1.1753150022018193,0.0,0.0005256301111886685,-0.0005256301111886685,-0.0020332069950390608,0
2026-08-04,1.2793298658695489,1.2952923190974635,1.174943642734266,1.175178631462813,0.0,-0.00011602909751928792,0.00011602909751928792,-0.0020332069950390608,0
2026-08-05,1.2793298658695489,1.2952923190974635,1.1753763438865765,1.1756114191553537,0.0,0.0003682739635948451,-0.0003682739635948451,-0.0020332069950390608,0
2026-08-06,1.2793298658695489,1.2952923190974635,1.1751424769618048,1.175377505457197,0.0,-0.00019897195139928492,0.00019897195139928492,-0.0020332069950390608,0
2026-08-07,1.2793298658695489,1.2952923190974635,1.175208755037651,1.1754437967886586,0.0,5.640003416229611e-05,-5.640003416229611e-05,-0.0020332069950390608,0
2026-08-10,1.2793298658695489,1.2952923190974635,1.1757096279251174,1.1759447698507024,0.0,0.00042619907766949794,-0.00042619907766949794,-0.0020332069950390608,0
2026-08-11,1.2793298658695489,1.2952923190974635,1.1758365030988802,1.1760716703995,0.0,0.00010791369803331285,-0.00010791369803331285,-0.0020332069950390608,0
2026-08-12,1.2793298658695489,1.2952923190974635,1.1753649819307173,1.1756000549271033,0.0,-0.0004010091257757864,0.0004010091257757864,-0.0020332069950390608,0
2026-08-13,1.2793298658695489,1.2952923190974635,1.1760732105126166,1.1763084251547191,0.0,0.0006025605601553963,-0.0006025605601553963,-0.0020332069950390608,0
2026-08-14,1.2793298658695489,1.2952923190974635,1.1767587151827978,1.1769940669258343,0.0,0.0005828758482495644,-0.0005828758482495644,-0.0020332069950390608,0
2026-08-17,1.2793298658695489,1.2952923190974635,1.1774442198529786,1.1776797086969493,0.0,0.0005825363019080765,-0.0005825363019080765,-0.0020332069950390608,0
2026-08-18,1.2793298658695489,1.2952923190974635,1.177791706336344,1.178027264677611,0.0,0.0002951192740228148,-0.0002951192740228148,-0.0020332069950390608,0
2026-08-19,1.2793298658695489,1.2952923190974635,1.177927102977001,1.1781626883975964,0.0,0.00011495805236938494,-0.00011495805236938494,-0.0020332069950390608,0
2026-08-20,1.2793298658695489,1.2952923190974635,1.1773798354364422,1.1776153114035295,0.0,-0.00046460221449673433,0.00046460221449673433,-0.0020332069950390608,0
2026-08-21,1.2793298658695489,1.2952923190974635,1.1771014675178881,1.1773368878113917,0.0,-0.0002364300034498612,0.0002364300034498612,-0.0020332069950390608,0
2026-08-24,1.2793298658695489,1.2952923190974635,1.1778608249011548,1.1780963970661351,0.0,0.0006451078383820086,-0.0006451078383820086,-0.0020332069950390608,0
2026-08-25,1.2793298658695489,1.2952923190974635,1.177646841399137,1.1778823707674169,0.0,-0.00018167129553336991,0.00018167129553336991,-0.0020332069950390608,0
2026-08-26,1.2793298658695489,1.2952923190974635,1.1770115187006682,1.1772469210044083,0.0,-0.0005394849084925379,0.0005394849084925379,-0.0020332069950390608,0
2026-08-27,1.2793298658695489,1.2952923190974635,1.1759908363326363,1.176226034499903,0.0,-0.0008671812907647958,0.0008671812907647958,-0.0020332069950390608,0
2026-08-28,1.2793298658695489,1.2952923190974635,1.1761707339670762,1.1764059681138697,0.0,0.00015297537096525815,-0.00015297537096525815,-0.0020332069950390608,0
2026-08-31,1.2793298658695489,1.2952923190974635,1.17645478286356,1.1766900738201327,0.0,0.00024150311539017366,-0.00024150311539017366,-0.0020332069950390608,0
2026-09-01,1.2793298658695489,1.2952923190974635,1.1770276148048024,1.1772630203277634,0.0,0.0004869136915301997,-0.0004869136915301997,-0.0020332069950390608,0
2026-09-02,1.2793298658695489,1.2952923190974635,1.1768297274069186,1.1770650933524,0.0,-0.00016812468577187545,0.00016812468577187545,-0.0020332069950390608,0
2026-09-03,1.2793298658695489,1.2952923190974635,1.1775332218405437,1.1777687284849117,0.0,0.0005977877829235201,-0.0005977877829235201,-0.0020332069950390608,0
2026-09-04,1.2793298658695489,1.2952923190974635,1.1774262300895348,1.1776617153355526,0.0,-9.086091927124063e-05,9.086091927124063e-05,-0.0020332069950390608,0
2026-09-07,1.2793298658695489,1.2952923190974635,1.1776203301687986,1.1778558542348323,0.0,0.00016485115950670703,-0.00016485115950670703,-0.0020332069950390608,0
2026-09-08,1.2793298658695489,1.2952923190974635,1.177330600294385,1.1775660664144438,0.0,-0.0002460299529407628,0.0002460299529407628,-0.0020332069950390608,0
2026-09-09,1.2793298658695489,1.2952923190974635,1.1774783057205567,1.1777138013817008,0.0,0.00012545790123397182,-0.00012545790123397182,-0.0020332069950390608,0
2026-09-10,1.2793298658695489,1.2952923190974635,1.1774158149633303,1.177651298126323,0.0,-5.307168456758493e-05,5.307168456758493e-05,-0.0020332069950390608,0
2026-09-11,1.2793298658695489,1.2952923190974635,1.176842036192433,1.1770774045996715,0.0,-0.0004873204212184623,0.0004873204212184623,-0.0020332069950390608,0
2026-09-14,1.2793298658695489,1.2952923190974635,1.1769547089213714,1.1771900998631557,0.0,9.574159103209468e-05,-9.574159103209468e-05,-0.0020332069950390608,0
2026-09-15,1.2793298658695489,1.2952923190974635,1.1773211319978358,1.1775565962242354,0.0,0.0003113315012777118,-0.0003113315012777118,-0.0020332069950390608,0
2026-09-16,1.2793298658695489,1.2952923190974635,1.1776203301687986,1.1778558542348323,0.0,0.00025413471552582223,-0.00025413471552582223,-0.0020332069950390608,0
