date,DR001,R001,DR007,R007,M0017139,BENCHMARK
2011-06-27,1.0,1.0,1.0,1.0,1.0,0.9998000399920016
2011-06-28,1.0,1.0,1.0,1.0,1.0,0.9998218170740656
2011-06-29,1.0,1.0,1.0,1.0,1.0,0.9997659541244236
2011-06-30,1.0,1.0,1.0,1.0,1.0,0.9993294656534935
2011-07-01,1.0,1.0,1.0,1.0,1.0,1.0009239267924226
2011-07-04,1.0,1.0,1.0,1.0,1.0,1.000604845198706
2011-07-05,1.0,1.0,1.0,1.0,1.0,1.0009532785117259
2011-07-06,1.0,1.0,1.0,1.0,1.0,1.0008027325965894
2011-07-07,1.0,1.0,1.0,1.0,1.0,1.000336892406356
2011-07-08,1.0,1.0,1.0,1.0,1.0,1.000672070104207
2011-07-11,1.0,1.0,1.0,1.0,1.0,0.9997252404492609
2011-07-12,1.0,1.0,1.0,1.0,1.0,1.0005082685739013
2011-07-13,1.0,1.0,1.0,1.0,1.0,0.9994468725307067
2011-07-14,1.0,1.0,1.0,1.0,1.0,0.9981317261399868
2011-07-15,1.0,1.0,1.0,1.0,1.0,0.9973041970215639
2011-07-18,1.0,1.0,1.0,1.0,1.0,0.9955213167813005
2011-07-19,1.0,1.0,1.0,1.0,1.0,0.9906773362665965
2011-07-20,1.0,1.0,1.0,1.0,1.0,0.986457316494502
2011-07-21,1.0,1.0,1.0,1.0,1.0,0.9846895855287177
2011-07-22,1.0,1.0,1.0,1.0,1.0,0.9856780756884813
2011-07-25,1.0,1.0,1.0,1.0,1.0,0.9868076434668321
2011-07-26,1.0,1.0,1.0,1.0,1.0,0.9861003617145873
2011-07-27,1.0,1.0,1.0,1.0,1.0,0.9861524373456093
2011-07-28,1.0,1.0,1.0,1.0,1.0,0.9862859403269567
2011-07-29,1.0,1.0,1.0,1.0,1.0,0.9869600830412782
2011-08-01,1.0,1.0,1.0,1.0,1.0,0.9878216980272794
2011-08-02,1.0,1.0,1.0,1.0,1.0,0.9875575325535493
2011-08-03,1.0,1.0,1.0,1.0,1.0,0.9841337965212643
2011-08-04,1.0,1.0,1.0,1.0,1.0,0.9853286955458064
2011-08-05,1.0,1.0,1.0,1.0,1.0,0.9887893579346341
2011-08-08,1.0,1.0,1.0,1.0,1.0,0.9905230030328404
2011-08-09,1.0,1.0,1.0,1.0,1.0,0.9928351610502186
2011-08-10,1.0,1.0,1.0,1.0,1.0,0.9930557723598209
2011-08-11,1.0,1.0,1.0,1.0,1.0,0.995722044668149
2011-08-12,1.0,1.0,1.0,1.0,1.0,0.9954521982164894
2011-08-15,1.0,1.0,1.0,1.0,1.0,0.995757077365382
2011-08-16,1.0,1.0,1.0,1.0,1.0,0.9939741971251187
2011-08-17,1.0,1.0,1.0,1.0,1.0,0.9946597017952995
2011-08-18,1.0,1.0,1.0,1.0,1.0,0.9937270745851777
2011-08-19,1.0,1.0,1.0,1.0,1.0,0.9961320219087406
2011-08-22,1.0,1.0,1.0,1.0,1.0,0.9956112655985204
2011-08-23,1.0,1.0,1.0,1.0,1.0,0.9947562784201041
2011-08-24,1.0,1.0,1.0,1.0,0.9998000399920017,0.9942251069836794
2011-08-25,1.0,1.0,1.0,1.0,0.9978043570111509,0.9922405520269124
2011-08-26,0.9998000399920016,0.9998000399920016,0.9998000399920016,0.9998000399920016,0.9972035574114768,0.9916431025146415
2011-08-29,0.9937544443790913,0.9937544443790913,0.9937544443790913,0.9937544443790913,0.9911736622217211,0.9856468303098681
2011-08-30,0.9904170999510581,0.9904170999510581,0.9904170999510581,0.9904170999510581,0.9878449848834319,0.9823367138361768
2011-08-31,0.9912724376534372,0.9912724376534372,0.9912724376534372,0.9912724376534372,0.9886981012721924,0.9831850732070084
2011-09-01,0.99304039013648,0.99304039013648,0.99304039013648,0.99304039013648,0.9904614623793182,0.9849386017279685
2011-09-02,0.9933410947974728,0.9933410947974728,0.9933410947974728,0.9933410947974728,0.9907613861097418,0.9852368530692764
2011-09-05,0.9944866363631593,0.9944866363631593,0.9944866363631593,0.9944866363631593,0.9919039527018321,0.9863730486552118
2011-09-06,0.9966555283941922,0.9966555283941922,0.9966555283941922,0.9966555283941922,0.9940672121161893,0.9885242456312492
2011-09-07,0.9946565583620693,0.9946565583620693,0.9946565583620693,0.9946565583620693,0.992073433412992,0.9865415843337921
2011-09-08,0.993897637074802,0.993897637074802,0.993897637074802,0.993897637074802,0.9913164830457324,0.9857888547581101
2011-09-09,0.9958660593318399,0.9958660593318399,0.9958660593318399,0.9958660593318399,0.9932797933064739,0.9877412175066088
2011-09-13,0.997010646279555,0.997010646279555,0.9968112441502991,0.9968112441502991,0.9944214077597373,0.988876466262889
2011-09-14,0.9966240260011359,0.9966240260011359,0.9968112441502991,0.9968112441502991,0.994035791534907,0.988493000252636
2011-09-15,0.9951959175159134,0.9951959175159134,0.9968112441502991,0.9968112441502991,0.9926113918501012,0.9870765430888366
2011-09-16,0.9937601720869198,0.9937601720869198,0.9968112441502991,0.9968112441502991,0.9911793750546816,0.9856525112877979
2011-09-19,0.993299091606731,0.993299091606731,0.9968112441502991,0.9968112441502991,0.9907194920013653,0.985195192564459
2011-09-20,0.9929878861480528,0.9929878861480528,0.9966119217659458,0.9966119217659458,0.9904090947438474,0.9848865260969465
2011-09-21,0.9935759308184385,0.9935759308184385,0.9972021125801669,0.9972021125801669,0.9909956122611204,0.9854697731643933
2011-09-22,0.9944284046669035,0.9944284046669035,0.9980576976403931,0.9980576976403931,0.9918458722334007,0.98631529204626
2011-09-23,1.0008501197605475,1.0008501197605475,1.0045028496002386,1.0045028496002386,0.9982509101208928,0.9926846151350822
2011-09-26,1.006429861803412,1.006429861803412,1.0101029556215404,1.0101029556215404,1.0038161615631984,0.9982188344682417
2011-09-27,1.0050905327895303,1.0050905327895303,1.0087587385560337,1.0087587385560337,1.00248031078928,0.9968904324623525
2011-09-28,1.0042380589410653,1.0042380589410653,1.0079031534958074,1.0079031534958074,1.0016300508169995,0.9960449135804856
2011-09-29,1.006531051308381,1.006531051308381,1.010204514430481,1.010204514430481,1.0039170882788333,0.9983191984116662
2011-09-30,1.0083075953531664,1.0083075953531664,1.0119875421987687,1.0119875421987687,1.0056890186353997,1.0000812483995207
2011-10-08,1.009361493593598,1.009361493593598,1.0130452867749051,1.0130452867749051,1.0067401799001225,1.001126548338581
2011-10-09,1.013174237771391,1.013174237771391,1.0168719460476305,1.0168719460476305,1.0105430223741292,1.0049081859804354
2011-10-10,1.0146262117058986,1.0146262117058986,1.0183292191457314,1.0183292191457314,1.0119912255296035,1.0063483138856086
2011-10-11,1.015726886226929,1.015726886226929,1.0194339107184536,1.0194339107184536,1.0130890415968368,1.0074400084777613
2011-10-12,1.0150939745118872,1.0150939745118872,1.018798689111589,1.018798689111589,1.012457773554707,1.006812260416532
2011-10-13,1.0136057250944661,1.0136057250944661,1.0173050081385848,1.0173050081385848,1.0109733891238164,1.0053361529844713
2011-10-14,1.0152696242186259,1.0152696242186259,1.0189749798742784,1.0189749798742784,1.0126329670988274,1.0069864770730421
2011-10-17,1.0144543804710457,1.0144543804710457,1.0181567607909265,1.0181567607909265,1.01181984054079,1.0061778845477183
2011-10-18,1.0180551994591869,1.0180551994591869,1.0217707214260592,1.0217707214260592,1.01541130819526,1.0097493260061747
2011-10-19,1.018879989386481,1.018879989386481,1.0225985215291225,1.0225985215291225,1.016233956141565,1.0105673868280483
2011-10-20,1.0196179090783775,1.0196179090783775,1.0233391343528122,1.0233391343528122,1.0169699594546364,1.0112992861513215
2011-10-21,1.0188599424090816,1.0188599424090816,1.0225784013877286,1.0225784013877286,1.0162139612262033,1.0105475034052942
2011-10-24,1.0181592528180698,1.0181592528180698,1.0218751545409133,1.0218751545409133,1.015515091327375,1.009852530438564
2011-10-25,1.0159779507534086,1.0159779507534086,1.019685891536863,1.019685891536863,1.0133394541082699,1.007689024677012
2011-10-26,1.0154309546557934,1.0154309546557934,1.0191368991074008,1.0191368991074008,1.0127938785605468,1.007146491284728
2011-10-27,1.0147608128398669,1.0147608128398669,1.018464311523662,1.018464311523662,1.012125477104174,1.006481816866956
2011-10-28,1.0150242873999746,1.0150242873999746,1.0187287476676958,1.0187287476676958,1.0123882674203548,1.006743141851721
2011-10-31,1.015778435597385,1.015778435597385,1.019485648224895,1.019485648224895,1.013140457093481,1.0074911372791284
2011-11-01,1.0186289248600013,1.0186289248600013,1.022346540710713,1.022346540710713,1.0159835436301319,1.0103183706287973
2011-11-02,1.0200484417834812,1.0200484417834812,1.0237712383417954,1.0237712383417954,1.017399374065497,1.011726306325702
2011-11-03,1.0201133558055369,1.0201133558055369,1.0238363892758329,1.0238363892758329,1.0174641195057152,1.0117906907422383
2011-11-04,1.0204398351517574,1.0204398351517574,1.024164060149962,1.024164060149962,1.0177897509844611,1.0121145064842298
2011-11-07,1.0202909147482182,1.0202909147482182,1.0240145962424645,1.0240145962424645,1.0176412173274891,1.0119668010580583
2011-11-08,1.021802074996953,1.021802074996953,1.025531271662776,1.025531271662776,1.0191484530902215,1.013465632401838
2011-11-09,1.0248511247976217,1.0248511247976217,1.0285914493585908,1.0285914493585908,1.0221895845028348,1.0164898063197358
2011-11-10,1.0320069411112764,1.0320069411112764,1.0357733817342414,1.0357733817342414,1.0293268171480914,1.0235872414132112
2011-11-11,1.030948269780988,1.030948269780988,1.0347108466482493,1.0347108466482493,1.0282708951892348,1.022537207325876
2011-11-14,1.0306857498388515,1.0306857498388515,1.0344473686061864,1.0344473686061864,1.0280090570118807,1.022276829170766
2011-11-15,1.0274648688033297,1.0274648688033297,1.0312147325555667,1.0312147325555667,1.0247965406104538,1.0190822259149779
2011-11-16,1.0279774986539745,1.0279774986539745,1.031729233314068,1.031729233314068,1.0253078391604142,1.0195906734396838
2011-11-17,1.026615258808779,1.026615258808779,1.030362021801254,1.030362021801254,1.0239491370546536,1.0182395475220758
2011-11-18,1.0266028487751506,1.0266028487751506,1.030349566475629,1.030349566475629,1.023936759249906,1.0182272387365616
2011-11-21,1.0251642394922427,1.0251642394922427,1.0289057068051242,1.0289057068051242,1.0225018860380062,1.016800366446558
2011-11-22,1.0256720962530304,1.0256720962530304,1.0294154170537695,1.0294154170537695,1.0230084238938328,1.017304079822989
2011-11-23,1.028725919143556,1.028725919143556,1.03248038525944,1.03248038525944,1.0260543160005797,1.0203329878891616
2011-11-24,1.0287087360200708,1.0287087360200708,1.0324631394239596,1.0324631394239596,1.0260371775016985,1.0203159449553727
2011-11-25,1.0280481403838584,1.0280481403838584,1.031800132859932,1.031800132859932,1.025378297433593,1.0196607388341499
2011-11-28,1.0281292829114277,1.0281292829114277,1.0318815715274787,1.0318815715274787,1.025459229233866,1.0197412193548203
2011-11-29,1.0274715511291295,1.0274715511291295,1.0312214392693646,1.0312214392693646,1.024803205582241,1.0190888537225624
2011-11-30,1.028259110955539,1.028259110955539,1.0320118733955537,1.0320118733955537,1.025588720114303,1.019869988187893
2011-12-01,1.0366530667781066,1.0366530667781066,1.0404364640277703,1.0404364640277703,1.0339608768178437,1.0281954613438338
2011-12-02,1.0386243528890586,1.0386243528890586,1.04241494459817,1.04241494459817,1.0359270434950654,1.030150664581297
2011-12-05,1.0403474383274454,1.0403474383274454,1.0441443186560744,1.0441443186560744,1.0376456540773342,1.0318596921084746
2011-12-06,1.0398854032292852,1.0398854032292852,1.0436805973020435,1.0436805973020435,1.0371848188851913,1.031401426555481
2011-12-07,1.0386491729563152,1.0386491729563152,1.0424398552494198,1.0424398552494198,1.0359517991045606,1.0301752821523258
2011-12-08,1.0383818799243216,1.0383818799243216,1.0421715866975012,1.0421715866975012,1.035685200233073,1.029910169848941
2011-12-09,1.0388305503708821,1.0388305503708821,1.042621894623936,1.042621894623936,1.0361327054816416,1.0303551797867656
2011-12-12,1.0383465590593797,1.0383465590593797,1.042136136924569,1.042136136924569,1.0356499710964835,1.0298751371517079
2011-12-13,1.0378873878151338,1.0378873878151338,1.0416752898764516,1.0416752898764516,1.0351919923208208,1.029419712087679
2011-12-14,1.038248233408325,1.038248233408325,1.0420374524215419,1.0420374524215419,1.035551900797329,1.0297776136972483
2011-12-15,1.0381021768586998,1.0381021768586998,1.0418908628199577,1.0418908628199577,1.0354062235568375,1.0296327487600416
2011-12-16,1.0387513170792555,1.0387513170792555,1.0425423721603315,1.0425423721603315,1.036053677959022,1.030276592925405
2011-12-19,1.0393708641426977,1.0393708641426977,1.0431641803396001,1.0431641803396001,1.0366716160575775,1.030891085371465
2011-12-20,1.0392572646041003,1.0392572646041003,1.0430501662050347,1.0430501662050347,1.036558311537195,1.0307784126425261
2011-12-21,1.0389804253923929,1.0389804253923929,1.0427723166334046,1.0427723166334046,1.03628219127744,1.030503832042592
2011-12-22,1.038182364768298,1.038182364768298,1.0419713433855333,1.0419713433855333,1.0354862032182839,1.0297122824510572
2011-12-23,1.0382339141387538,1.0382339141387538,1.0420230808919748,1.0420230808919748,1.0355376187149279,1.0297634112524243
2011-12-26,1.0389651515048504,1.0389651515048504,1.0427569870018665,1.0427569870018665,1.0362669570562122,1.0304886827681128
2011-12-27,1.0402920704851037,1.0402920704851037,1.0440887487417483,1.0440887487417483,1.0375904300253833,1.0318047759884879
2011-12-28,1.0398348084768005,1.0398348084768005,1.0436298178975731,1.0436298178975731,1.037134355527374,1.0313512445837687
2011-12-29,1.0408629320320042,1.0408629320320042,1.044661693720489,1.044661693720489,1.0381598090437747,1.0323709801221457
2011-12-30,1.0418337785089236,1.0418337785089236,1.0456360834251364,1.0456360834251364,1.0391281342305712,1.0333339058812259
2011-12-31,1.0434776306556837,1.0434776306556837,1.047285935019436,1.047285935019436,1.0407677172902206,1.0349643465470428
2012-01-04,1.0418204138573237,1.0418204138573237,1.0456226699975404,1.0456226699975404,1.0391148042869969,1.0333206502660566
2012-01-05,1.0417325890039546,1.0417325890039546,1.0455345246161956,1.0455345246161956,1.0390272075149367,1.0332335419378016
2012-01-06,1.043212246859633,1.043212246859633,1.0470195826714597,1.0470195826714597,1.0405030226963865,1.0347011279029679
2012-01-09,1.044663266176169,1.044663266176169,1.0482662024880556,1.0482662024880556,1.0419502737130337,1.0361403089784857
2012-01-10,1.0449744716348472,1.0449744716348472,1.0482662024880556,1.0482662024880556,1.0420522188363577,1.0364489754459982
2012-01-11,1.0434289451391419,1.0434289451391419,1.0482662024880556,1.0482662024880556,1.0420522188363577,1.0349160582346404
2012-01-12,1.0439014810349876,1.0439014810349876,1.0482662024880556,1.0482662024880556,1.0420522188363577,1.035384738913839
2012-01-13,1.0437697437549336,1.0437697437549336,1.0482662024880556,1.0482662024880556,1.0420522188363577,1.0352540764214564
2012-01-16,1.0431133635207595,1.0431133635207595,1.0482662024880556,1.0482662024880556,1.0420522188363577,1.0348100133132867
2012-01-17,1.0431133635207595,1.0431133635207595,1.0482662024880556,1.0482662024880556,1.0420522188363577,1.0354065159959025
2012-01-18,1.0431133635207595,1.0431133635207595,1.0482662024880556,1.0482662024880556,1.0420522188363577,1.0355106672579468
2012-01-19,1.0431133635207595,1.0431133635207595,1.0482662024880556,1.0482662024880556,1.0420522188363577,1.0374564021988608
2012-01-20,1.0431133635207595,1.0431133635207595,1.0482662024880556,1.0482662024880556,1.0420522188363577,1.0372916538389
2012-01-21,1.0431133635207595,1.0431133635207595,1.0482662024880556,1.0482662024880556,1.0420522188363577,1.0377234081615556
2012-01-29,1.0431133635207595,1.0431133635207595,1.0482662024880556,1.0482662024880556,1.0420522188363577,1.0377754837925777
2012-01-30,1.0431133635207595,1.0431133635207595,1.0482662024880556,1.0482662024880556,1.0420522188363577,1.0368049833962578
2012-01-31,1.0431133635207595,1.0431133635207595,1.0482662024880556,1.0482662024880556,1.0420522188363577,1.0365644886639018
2012-02-01,1.0431133635207595,1.0431133635207595,1.0482662024880556,1.0482662024880556,1.0420522188363577,1.0346045512781634
2012-02-02,1.0431133635207595,1.0431133635207595,1.0482662024880556,1.0482662024880556,1.0420522188363577,1.033119922379208
2012-02-03,1.0431133635207595,1.0431133635207595,1.0482662024880556,1.0482662024880556,1.0420522188363577,1.0329835789088957
2012-02-06,1.0431133635207595,1.0431133635207595,1.0482662024880556,1.0482662024880556,1.0420522188363577,1.0313474572651489
2012-02-07,1.0431133635207595,1.0431133635207595,1.0482662024880556,1.0482662024880556,1.0420522188363577,1.030607983304636
2012-02-08,1.0431133635207595,1.0431133635207595,1.0482662024880556,1.0482662024880556,1.0420522188363577,1.0291044178125817
2012-02-09,1.0431133635207595,1.0431133635207595,1.0482662024880556,1.0482662024880556,1.0420522188363577,1.0268244520034717
2012-02-10,1.0431133635207595,1.0431133635207595,1.0482662024880556,1.0482662024880556,1.0420522188363577,1.0271539487233932
2012-02-13,1.0431133635207595,1.0431133635207595,1.0482662024880556,1.0482662024880556,1.0420522188363577,1.0274569342129756
2012-02-14,1.0431133635207595,1.0431133635207595,1.0482662024880556,1.0482662024880556,1.0420522188363577,1.0287162176540539
2012-02-15,1.0431133635207595,1.0431133635207595,1.0482662024880556,1.0482662024880556,1.0420522188363577,1.026466550393902
2012-02-16,1.0431133635207595,1.0431133635207595,1.0482662024880556,1.0482662024880556,1.0420522188363577,1.02632831326428
2012-02-17,1.0431133635207595,1.0431133635207595,1.0482662024880556,1.0482662024880556,1.0420522188363577,1.0259098145567938
2012-02-20,1.0431133635207595,1.0431133635207595,1.0482662024880556,1.0482662024880556,1.0420522188363577,1.0276320976991407
2012-02-21,1.0429047825642466,1.0429047825642466,1.0482662024880556,1.0482662024880556,1.0420522188363577,1.0281253959493677
2012-02-22,1.0426012833951168,1.0426012833951168,1.0482662024880556,1.0482662024880556,1.0420522188363577,1.0278261977784047
2012-02-23,1.0423006655472131,1.0423006655472131,1.0482662024880556,1.0482662024880556,1.0420522188363577,1.0275298400964066
2012-02-24,1.042216146791253,1.042216146791253,1.0482662024880556,1.0482662024880556,1.0420522188363577,1.0274465190867712
2012-02-27,1.040984862187379,1.040984862187379,1.0482662024880556,1.0482662024880556,1.0420522188363577,1.0262326834691304
2012-02-28,1.0406986509456047,1.0406986509456047,1.0482662024880556,1.0482662024880556,1.0420522188363577,1.0259505282319565
2012-02-29,1.041441071381482,1.041441071381482,1.0482662024880556,1.0482662024880556,1.0420522188363577,1.0266824275552298
2012-03-01,1.0409329984053124,1.0409329984053124,1.0482662024880556,1.0482662024880556,1.0420522188363577,1.0261815546677633
2012-03-02,1.039787192997807,1.039787192997807,1.0482662024880556,1.0482662024880556,1.0420522188363577,1.0250519868894126
2012-03-05,1.0391542627685144,1.0391542627685144,1.0482662024880556,1.0482662024880556,1.0420522188363577,1.0244280261468033
2012-03-06,1.0404278067503687,1.0404278067503687,1.0482662024880556,1.0482662024880556,1.0420522188363577,1.0256835222692617
2012-03-07,1.0412316953723988,1.0412316953723988,1.0482662024880556,1.0482662024880556,1.0420522188363577,1.0264760186904516
2012-03-08,1.0416091484529937,1.0416091484529937,1.0480565911698216,1.0480565911698216,1.0420522188363577,1.0268481227448454
2012-03-09,1.0415755330386913,1.0415755330386913,1.04802276767991,1.04802276767991,1.0418438500663445,1.0268149837069223
2012-03-12,1.0420202169478907,1.0420202169478907,1.0484702041321683,1.0484702041321683,1.0422886485291802,1.027253365837162
2012-03-13,1.0416206737378972,1.0416206737378972,1.048068187794934,1.048068187794934,1.0418890023941054,1.0268594847007046
2012-03-14,1.0412057634813656,1.0412057634813656,1.047650709290883,1.047650709290883,1.0414739852538353,1.0264504542897679
2012-03-15,1.0405670706096213,1.0405670706096213,1.0470080629825638,1.0470080629825638,1.0408351278504102,1.0258208125692287
2012-03-16,1.0407236223962293,1.0407236223962293,1.0471655838070089,1.0471655838070089,1.0409917199658363,1.0259751458029849
2012-03-19,1.0401156636175612,1.0401156636175612,1.0465538618323231,1.0465538618323231,1.0403836045728017,1.0253758026314042
2012-03-20,1.0402337977878238,1.0402337977878238,1.0466727272397267,1.0466727272397267,1.0405017691752398,1.0254922626789627
2012-03-21,1.0398505820647772,1.0398505820647772,1.046287139454735,1.046287139454735,1.0401184547331848,1.0251144776466392
2012-03-22,1.040376903408711,1.040376903408711,1.0468167186682071,1.0468167186682071,1.0406449116611198,1.0256333402975497
2012-03-23,1.0416225946187145,1.0416225946187145,1.0480701205657863,1.0480701205657863,1.041890923769755,1.0268613783600145
2012-03-26,1.0418031574155386,1.0418031574155386,1.0482518010258826,1.0482518010258826,1.0420715330807981,1.0270393823351445
2012-03-27,1.0417541749546981,1.0417541749546981,1.0482025153691543,1.0482025153691543,1.0420225380017385,1.026991094022742
2012-03-28,1.0420211773882995,1.0420211773882995,1.0484711705175944,1.0484711705175944,1.0422896092170049,1.0272543126668172
2012-03-29,1.0427050109592497,1.0427050109592497,1.0491592369409377,1.0491592369409377,1.0429736189481906,1.0279284553811385
2012-03-30,1.0435117809025058,1.0435117809025058,1.0499710006988148,1.0499710006988148,1.0437805967209381,1.0287237922912933
2012-03-31,1.0438123987504095,1.0438123987504095,1.0502734793371664,1.0502734793371664,1.044081292010069,1.0290201499732916
2012-04-01,1.042678118627808,1.042678118627808,1.0491321781490086,1.0491321781490086,1.0429467196890991,1.0279019441508004
2012-04-05,1.04256382621918,1.04256382621918,1.0490171782833093,1.0490171782833093,1.0428323978379601,1.0277892714218617
2012-04-06,1.0425590240171367,1.0425590240171367,1.0490123463561791,1.0490123463561791,1.0428275943988365,1.027784537273587
2012-04-09,1.0419203311453924,1.0419203311453924,1.0483697000478598,1.0483697000478598,1.0421887369954115,1.0271548955530478
2012-04-10,1.0419366586323393,1.0419366586323393,1.0483861286001026,1.0483861286001026,1.0422050686884314,1.0271709916571818
2012-04-11,1.0420932104189473,1.0420932104189473,1.0485436494245477,1.0485436494245477,1.0423616608038573,1.0273253248909382
2012-04-12,1.0418108409388076,1.0418108409388076,1.048259532109291,1.048259532109291,1.0420792185833958,1.0270469569723841
2012-04-13,1.0424649008570903,1.0424649008570903,1.0489176405844267,1.0489176405844267,1.042733446992016,1.0276917479674024
2012-04-16,1.0423669359354093,1.0423669359354093,1.0488190692709702,1.0488190692709702,1.0426354568338967,1.027595171342598
2012-04-17,1.0426906043531203,1.0426906043531203,1.0491447411595471,1.0491447411595471,1.0429592086308204,1.0279142529363148
2012-04-18,1.0423419644847847,1.0423419644847847,1.0487939432498932,1.0487939432498932,1.0426104789504544,1.0275705537715694
2012-04-19,1.0417138364575353,1.0417138364575353,1.0481619271812603,1.0481619271812603,1.0419821891131011,1.0269513271772344
2012-04-20,1.0419568278809206,1.0419568278809206,1.0484064226940495,1.0484064226940495,1.0422252431327501,1.0271908750799357
2012-04-23,1.04184445635311,1.04184445635311,1.0482933555992024,1.0482933555992024,1.0421128426572603,1.0270800960103073
2012-04-24,1.0424821887844458,1.0424821887844458,1.0489350355220957,1.0489350355220957,1.0427507393728606,1.0277087909011915
2012-04-25,1.042324676557429,1.042324676557429,1.0487765483122244,1.0487765483122244,1.0425931865696099,1.0275535108377802
2012-04-26,1.042425522800336,1.042425522800336,1.0488780187819589,1.0488780187819589,1.0426940587912032,1.0276529279515494
2012-04-27,1.0427981736788878,1.0427981736788878,1.049252976327264,1.049252976327264,1.0430668056671866,1.0280202978576687
2012-04-28,1.0426608307004523,1.0426608307004523,1.0491147832113397,1.0491147832113397,1.0429294273082546,1.0278849012170113
2012-05-02,1.0424745052611768,1.0424745052611768,1.0489273044386873,1.0489273044386873,1.0427430538702631,1.0277012162639518
2012-05-03,1.042786648393984,1.042786648393984,1.0492413797021516,1.0492413797021516,1.0430552774132902,1.0280089359018092
2012-05-04,1.0423611732929574,1.0423611732929574,1.048813270958414,1.048813270958414,1.0426296927069485,1.027589490364668
2012-05-07,1.0427050109592497,1.0427050109592497,1.0491592369409377,1.0491592369409377,1.0429736189481906,1.0279284553811385
2012-05-08,1.0427319032906917,1.0427319032906917,1.049186295732867,1.049186295732867,1.0430005182072823,1.0279549666114773
2012-05-09,1.0427328637311004,1.0427328637311004,1.0491872621182932,1.0491872621182932,1.0430014788951072,1.0279559134411322
2012-05-10,1.043527147949044,1.043527147949044,1.0499864628656312,1.0499864628656312,1.0437959677261333,1.0287389415657726
2012-05-11,1.0445721071136425,1.0445721071136425,1.0510378902091673,1.0510378902091673,1.044841196079406,1.029769092230354
2012-05-14,1.0491975881216438,1.0491975881216438,1.055692002420995,1.055692002420995,1.0494678686431576,1.034329023848574
2012-05-15,1.0526205977380303,1.0526205977380303,1.059136200079416,1.059136200079416,1.0528917600503858,1.0377035247388018
2012-05-16,1.0546019863010507,1.0546019863010507,1.0611298532133446,1.0611298532133446,1.05487365903274,1.0396568343169554
2012-05-17,1.0532640928118178,1.0532640928118178,1.0597836783148653,1.0597836783148653,1.0535354208929342,1.0383379006076157
2012-05-18,1.0547748655746056,1.0547748655746056,1.0613038025900325,1.0613038025900325,1.055046582841186,1.0398272636548458
2012-05-21,1.0530038134610769,1.0530038134610769,1.0595217878644076,1.0595217878644076,1.0532750744924406,1.0380813097711252
2012-05-22,1.0532218334338377,1.0532218334338377,1.0597411573561195,1.0597411573561195,1.0534931506286473,1.0382962401027982
2012-05-23,1.0533025104281633,1.0533025104281633,1.0598223337319073,1.0598223337319073,1.053573848405922,1.0383757737938133
2012-05-24,1.0551916967119546,1.0551916967119546,1.0617232138649357,1.0617232138649357,1.0554635213571053,1.0402381877250921
2012-05-25,1.0594445268414043,1.0594445268414043,1.0660023685314586,1.0660023685314586,1.0597174470448736,1.0444307494371934
2012-05-28,1.0567716211841645,1.0567716211841645,1.063312917890778,1.063312917890778,1.0570438528287356,1.0417957225074785
2012-05-29,1.055694967486081,1.055694967486081,1.0622295998281828,1.0622295998281828,1.0559669217772478,1.040734326464284
2012-05-30,1.055010173474722,1.055010173474722,1.0615405670194134,1.0615405670194134,1.0552819513582374,1.0400592369203077
2012-05-31,1.0559014621739382,1.0559014621739382,1.0624373726947822,1.0624373726947822,1.0561734696595582,1.0409378948400976
2012-06-01,1.0564066538288819,1.0564066538288819,1.0629456914288813,1.0629456914288813,1.05667879145535,1.0414359272385991
2012-06-04,1.0563730384145795,1.0563730384145795,1.0629118679389697,1.0629118679389697,1.0566451673814854,1.0414027882006758
2012-06-05,1.0555662684713234,1.0555662684713234,1.062100104181093,1.062100104181093,1.055838189608738,1.0406074512905212
2012-06-06,1.0552185890433965,1.0552185890433965,1.061750272656865,1.061750272656865,1.055490420616197,1.040264698955431
2012-06-07,1.0547787073362402,1.0547787073362402,1.0613076681317368,1.0613076681317368,1.0550504255924849,1.0398310509734656
2012-06-08,1.0589037988913412,1.0589037988913412,1.0654582935365957,1.0654582935365957,1.059176579799568,1.0438976843414587
2012-06-11,1.05664772437145,1.05664772437145,1.0631882541708184,1.0631882541708184,1.0569199240993494,1.0416735814819904
2012-06-12,1.055862084117184,1.055862084117184,1.0623977508923144,1.0623977508923144,1.0561340814587454,1.0408990748242446
2012-06-13,1.0549218129571272,1.0549218129571272,1.0614516595602173,1.0614516595602173,1.055193568078365,1.0399721285920525
2012-06-14,1.0538192273680107,1.0538192273680107,1.0603422490911187,1.0603422490911187,1.0540906984556102,1.0388851681481746
2012-06-15,1.0537241437675555,1.0537241437675555,1.0602465769339404,1.0602465769339404,1.053995590360965,1.0387914320123348
2012-06-18,1.0524342722987543,1.0524342722987543,1.0589487213067634,1.0589487213067634,1.0527053866123939,1.0375198397857421
2012-06-19,1.0521682303055617,1.0521682303055617,1.0586810325437492,1.0586810325437492,1.0524392760849524,1.0372575679713223
2012-06-20,1.0520971577153224,1.0520971577153224,1.0586095200222219,1.0586095200222219,1.0523681851859246,1.037187502576856
2012-06-21,1.0522508281807046,1.0522508281807046,1.058764141690389,1.058764141690389,1.0525218952378765,1.0373389953216476
2012-06-25,1.0547028325439578,1.0547028325439578,1.0612313236830793,1.0612313236830793,1.0549745312543335,1.0397562514307246
2012-06-26,1.055378982591639,1.055378982591639,1.0619116590230142,1.0619116590230142,1.0556508554829218,1.0404228195078067
2012-06-27,1.0572892985644202,1.0572892985644202,1.0638337996354157,1.0638337996354157,1.0575616635662486,1.0423060636914945
2012-06-28,1.0580778201399121,1.0580778201399121,1.064627202070198,1.064627202070198,1.0583503882703267,1.0430834108382052
2012-06-29,1.0591727222057599,1.0591727222057599,1.065728881455888,1.065728881455888,1.0594455723904836,1.0441627966448435
2012-07-02,1.0587933482443477,1.0587933482443477,1.0653471592126007,1.0653471592126007,1.0590661006997275,1.0437887989311398
2012-07-03,1.0593331157540022,1.0593331157540022,1.0658902678220374,1.0658902678220374,1.0596060072572084,1.0443209171972196
2012-07-04,1.0588231218970154,1.0588231218970154,1.065377117160808,1.065377117160808,1.059095882022293,1.0438181506504434
2012-07-05,1.0592005749776103,1.0592005749776103,1.0657569066332433,1.0657569066332433,1.0594734323374,1.0441902547048372
2012-07-06,1.0606826129000761,1.0606826129000761,1.067461610524785,1.067461610524785,1.0611680856601695,1.0458604622161618
2012-07-09,1.0606826129000761,1.0606826129000761,1.0697780363910123,1.0697780363910123,1.0634708543759734,1.0481300128990674
2012-07-10,1.0606826129000761,1.0606826129000761,1.0707038336291625,1.0707038336291625,1.0643911933120354,1.049037075708506
2012-07-11,1.0606826129000761,1.0606826129000761,1.071634462794443,1.071634462794443,1.0653163356872208,1.0499488726662192
2012-07-12,1.0606826129000761,1.0606826129000761,1.0723254283740644,1.0723254283740644,1.0660032274818807,1.0506258558695054
2012-07-13,1.0606826129000761,1.0606826129000761,1.0717805255734456,1.0717805255734456,1.0654615373113843,1.0503020401275136
2012-07-16,1.0606826129000761,1.0606826129000761,1.0717805255734456,1.0717805255734456,1.0654615373113843,1.0492311757877697
2012-07-17,1.0606826129000761,1.0606826129000761,1.0717805255734456,1.0717805255734456,1.0654615373113843,1.047808090816386
2012-07-18,1.0606826129000761,1.0606826129000761,1.0717805255734456,1.0717805255734456,1.0654615373113843,1.0469019748366026
2012-07-19,1.0606826129000761,1.0606826129000761,1.0717805255734456,1.0717805255734456,1.0654615373113843,1.0466046703249494
2012-07-20,1.0606826129000761,1.0606826129000761,1.0717805255734456,1.0717805255734456,1.0654615373113843,1.0474539765254363
2012-07-23,1.0606826129000761,1.0606826129000761,1.0717805255734456,1.0717805255734456,1.0654615373113843,1.0473791769826954
2012-07-24,1.0606826129000761,1.0606826129000761,1.0717805255734456,1.0717805255734456,1.0654615373113843,1.0474956370302537
2012-07-25,1.0606826129000761,1.0606826129000761,1.0717805255734456,1.0717805255734456,1.0654615373113843,1.047545819001966
2012-07-26,1.0606826129000761,1.0606826129000761,1.0717805255734456,1.0717805255734456,1.0654615373113843,1.0468356967607564
2012-07-27,1.0606826129000761,1.0606826129000761,1.0717805255734456,1.0717805255734456,1.0654615373113843,1.0473498252633922
2012-07-30,1.0606826129000761,1.0606826129000761,1.0717805255734456,1.0717805255734456,1.0654615373113843,1.0471311076130996
2012-07-31,1.0604705187963168,1.0604705187963168,1.0717805255734456,1.0717805255734456,1.0654615373113843,1.0465800527539209
2012-08-01,1.0604081580427092,1.0604081580427092,1.0717805255734456,1.0717805255734456,1.0654615373113843,1.0465185088263496
2012-08-02,1.0602939898937966,1.0602939898937966,1.0717805255734456,1.0717805255734456,1.0654615373113843,1.046405836097411
2012-08-03,1.0597461746582584,1.0597461746582584,1.0717805255734456,1.0717805255734456,1.0654615373113843,1.0458651963644368
2012-08-06,1.059723149149234,1.059723149149234,1.0717805255734456,1.0717805255734456,1.0654615373113843,1.045842472452718
2012-08-07,1.0590026425960128,1.0590026425960128,1.0717805255734456,1.0717805255734456,1.0654615373113843,1.0451314033818533
2012-08-08,1.0579348346150075,1.0579348346150075,1.0717805255734456,1.0717805255734456,1.0654615373113843,1.0440775819758985
2012-08-09,1.0573927757567252,1.0573927757567252,1.0715662123309793,1.0715662123309793,1.0654615373113843,1.043542623220854
2012-08-10,1.0577228080527414,1.0577228080527414,1.0719006684247765,1.0719006684247765,1.0654615373113843,1.0438683326221554
2012-08-13,1.0582965269859321,1.0582965269859321,1.0724820775645747,1.0724820775645747,1.0654615373113843,1.0444345367558132
2012-08-14,1.0579716815695823,1.0579716815695823,1.0723673513463536,1.0723673513463536,1.0654615373113843,1.0443228108565297
2012-08-15,1.0579716815695823,1.0579716815695823,1.071694550134413,1.071694550134413,1.0654615373113843,1.0436676047353068
2012-08-16,1.0579716815695823,1.0579716815695823,1.0710606391659374,1.0710606391659374,1.0654615373113843,1.043050271800282
2012-08-17,1.0579716815695823,1.0579716815695823,1.070872021485133,1.070872021485133,1.0654615373113843,1.0428665868472227
2012-08-20,1.0579716815695823,1.0579716815695823,1.0694253044282436,1.0694253044282436,1.0654615373113843,1.041457704320663
2012-08-21,1.0579716815695823,1.0579716815695823,1.0685502739502861,1.0685502739502861,1.0654615373113843,1.0406055576312114
2012-08-22,1.0579716815695823,1.0579716815695823,1.066438127521556,1.066438127521556,1.0654615373113843,1.0387563993151017
2012-08-23,1.0579716815695823,1.0579716815695823,1.066438127521556,1.066438127521556,1.0654615373113843,1.0385556714282533
2012-08-24,1.0579716815695823,1.0579716815695823,1.066438127521556,1.066438127521556,1.0654615373113843,1.0405667376153585
2012-08-27,1.0579716815695823,1.0579716815695823,1.066438127521556,1.066438127521556,1.0654615373113843,1.0413488189103441
2012-08-28,1.0579716815695823,1.0579716815695823,1.066438127521556,1.066438127521556,1.0654615373113843,1.041140516386256
2012-08-29,1.0579716815695823,1.0579716815695823,1.066438127521556,1.066438127521556,1.0654615373113843,1.0407068684042906
2012-08-30,1.0579716815695823,1.0579716815695823,1.066438127521556,1.066438127521556,1.0654615373113843,1.0401633881823518
2012-08-31,1.0579716815695823,1.0579716815695823,1.066438127521556,1.066438127521556,1.0654615373113843,1.0405014063691673
2012-09-03,1.0579716815695823,1.0579716815695823,1.066438127521556,1.066438127521556,1.0654615373113843,1.0403896804698836
2012-09-04,1.0579716815695823,1.0579716815695823,1.066438127521556,1.066438127521556,1.0654615373113843,1.0404587990346947
2012-09-05,1.0579716815695823,1.0579716815695823,1.066438127521556,1.066438127521556,1.0654615373113843,1.0398708178189733
2012-09-06,1.0579716815695823,1.0579716815695823,1.066438127521556,1.066438127521556,1.0654615373113843,1.0397666665569292
2012-09-07,1.0579716815695823,1.0579716815695823,1.066438127521556,1.066438127521556,1.0654615373113843,1.0374582958581706
2012-09-10,1.0579716815695823,1.0579716815695823,1.066438127521556,1.066438127521556,1.0654615373113843,1.0337883841156
2012-09-11,1.0579716815695823,1.0579716815695823,1.066438127521556,1.066438127521556,1.0654615373113843,1.0334503659287841
2012-09-12,1.0579716815695823,1.0579716815695823,1.066438127521556,1.066438127521556,1.0654615373113843,1.031067195687285
2012-09-13,1.0579716815695823,1.0579716815695823,1.066438127521556,1.066438127521556,1.0654615373113843,1.0311533571858849
2012-09-14,1.0577601295436736,1.0577601295436736,1.066438127521556,1.066438127521556,1.0654615373113843,1.0270071901268765
2012-09-17,1.0574090641173397,1.0574090641173397,1.066438127521556,1.066438127521556,1.0654615373113843,1.0266663314510958
2012-09-18,1.058495416575495,1.058495416575495,1.066438127521556,1.066438127521556,1.0654615373113843,1.0277210996867057
2012-09-19,1.0589264469044934,1.0589264469044934,1.066438127521556,1.066438127521556,1.0654615373113843,1.028139598394192
2012-09-20,1.060106416809671,1.060106416809671,1.066438127521556,1.066438127521556,1.0654615373113843,1.0292852622766766
2012-09-21,1.0609392220154739,1.0609392220154739,1.066438127521556,1.066438127521556,1.0654615373113843,1.0300938548020004
2012-09-24,1.0607549126666487,1.0607549126666487,1.066438127521556,1.066438127521556,1.0654615373113843,1.0299149039972155
2012-09-25,1.061675484229035,1.061675484229035,1.066438127521556,1.066438127521556,1.0654615373113843,1.0308087111914848
2012-09-26,1.062114440250106,1.062114440250106,1.066438127521556,1.066438127521556,1.0654615373113843,1.0314411934009886
2012-09-27,1.062114440250106,1.062114440250106,1.066438127521556,1.066438127521556,1.0654615373113843,1.0328633315427176
2012-09-28,1.062114440250106,1.062114440250106,1.066438127521556,1.066438127521556,1.0654615373113843,1.0333850346825928
2012-09-29,1.062114440250106,1.062114440250106,1.066438127521556,1.066438127521556,1.0654615373113843,1.0332827770798585
2012-10-08,1.062114440250106,1.062114440250106,1.066438127521556,1.066438127521556,1.0654615373113843,1.031662751540246
2012-10-09,1.062114440250106,1.062114440250106,1.066438127521556,1.066438127521556,1.0654615373113843,1.0308617336521617
2012-10-10,1.062114440250106,1.062114440250106,1.066438127521556,1.066438127521556,1.0654615373113843,1.0302311451019674
2012-10-11,1.062114440250106,1.062114440250106,1.066438127521556,1.066438127521556,1.0654615373113843,1.0306496438094537
2012-10-12,1.062114440250106,1.062114440250106,1.066438127521556,1.066438127521556,1.0654615373113843,1.0312991689527466
2012-10-15,1.062114440250106,1.062114440250106,1.066438127521556,1.066438127521556,1.0654615373113843,1.0315765900416458
2012-10-16,1.062114440250106,1.062114440250106,1.066438127521556,1.066438127521556,1.0654615373113843,1.030155398729572
2012-10-17,1.062114440250106,1.062114440250106,1.066438127521556,1.066438127521556,1.0654615373113843,1.0295333316462725
2012-10-18,1.062114440250106,1.062114440250106,1.066438127521556,1.066438127521556,1.0654615373113843,1.0285022341520362
2012-10-19,1.062114440250106,1.062114440250106,1.066438127521556,1.066438127521556,1.0654615373113843,1.0280430217693872
2012-10-22,1.062114440250106,1.062114440250106,1.066438127521556,1.066438127521556,1.0654615373113843,1.0282172384258972
2012-10-23,1.062114440250106,1.062114440250106,1.066438127521556,1.066438127521556,1.0654615373113843,1.0274948073991732
2012-10-24,1.062114440250106,1.062114440250106,1.066438127521556,1.066438127521556,1.0654615373113843,1.0271804599537313
2012-10-25,1.062114440250106,1.062114440250106,1.066438127521556,1.066438127521556,1.0654615373113843,1.0267382905048716
2012-10-26,1.062114440250106,1.062114440250106,1.066438127521556,1.066438127521556,1.0654615373113843,1.0262014380905173
2012-10-29,1.062114440250106,1.062114440250106,1.066438127521556,1.066438127521556,1.0654615373113843,1.0261067551250225
2012-10-30,1.062114440250106,1.062114440250106,1.066438127521556,1.066438127521556,1.0654615373113843,1.0263538776649637
2012-10-31,1.062114440250106,1.062114440250106,1.066438127521556,1.066438127521556,1.0652484876138615,1.0260338492415917
2012-11-01,1.062114440250106,1.062114440250106,1.066224882545047,1.066224882545047,1.0639223974947172,1.0247565760370696
2012-11-02,1.062114440250106,1.062114440250106,1.0660702148535046,1.0660702148535046,1.0637680638040532,1.024607923781243
2012-11-05,1.062114440250106,1.062114440250106,1.0664820052679298,1.0664820052679298,1.0641789649677316,1.0250036985770103
2012-11-06,1.062114440250106,1.062114440250106,1.066524366482811,1.066524366482811,1.0642212347046651,1.0250444122521731
2012-11-07,1.062114440250106,1.062114440250106,1.0665982523227198,1.0665982523227198,1.064294960990014,1.025115424476294
2012-11-08,1.062114440250106,1.062114440250106,1.067290808928799,1.067290808928799,1.064986022038019,1.025781045723721
2012-11-09,1.062114440250106,1.062114440250106,1.0678237721206747,1.0678237721206747,1.0655178343096698,1.0262932805670468
2012-11-12,1.062114440250106,1.062114440250106,1.0679626774997033,1.0679626774997033,1.0656564397261261,1.0264267835483945
2012-11-13,1.062114440250106,1.062114440250106,1.068443428031377,1.068443428031377,1.0661361520894637,1.0268888364200082
2012-11-14,1.062114440250106,1.062114440250106,1.0695458047628172,1.0695458047628172,1.0672361482668713,1.0279483388038926
2012-11-15,1.062114440250106,1.062114440250106,1.0701132480133173,1.0701132480133173,1.0678023661383516,1.0284937126851417
2012-11-16,1.062114440250106,1.062114440250106,1.0714077279285206,1.0714077279285206,1.0690940506576665,1.0297378468517406
2012-11-19,1.062114440250106,1.062114440250106,1.07233770436684,1.07233770436684,1.0700220188359264,1.0306316540460099
2012-11-20,1.062114440250106,1.062114440250106,1.0719466019875892,1.0719466019875892,1.0696317610321453,1.030255762672996
2012-11-21,1.062114440250106,1.062114440250106,1.07157027677632,1.07157027677632,1.0692562484854344,1.0298940737448068
2012-11-22,1.062114440250106,1.062114440250106,1.0708255075100386,1.0708255075100386,1.0685130875291162,1.0291782705256676
2012-11-23,1.0619020598381383,1.0619020598381383,1.0706747803966246,1.0706747803966246,1.0683626859070043,1.029033405588461
2012-11-26,1.0610617773889188,1.0610617773889188,1.0698275560990032,1.0698275560990032,1.0675172911683355,1.0282191320852072
2012-11-27,1.0605751952264637,1.0605751952264637,1.0693369541220081,1.0693369541220081,1.067027748633618,1.027747610917044
2012-11-28,1.0606826732141545,1.0606826732141545,1.0694453200205412,1.0694453200205412,1.0671358805187965,1.0278517621790881
2012-11-29,1.0613754176984531,1.0613754176984531,1.070143787493813,1.070143787493813,1.0678328396696293,1.0285230644044447
2012-11-30,1.0615766946572198,1.0615766946572198,1.0703467272674294,1.0703467272674294,1.0680353412000547,1.0287181113133639
2012-12-03,1.0611897739015326,1.0611897739015326,1.0699566100327105,1.0699566100327105,1.0676460664134118,1.0283431667700051
2012-12-04,1.0606934210129237,1.0606934210129237,1.0694561566103946,1.0694561566103946,1.0671466937073144,1.0278621773052925
2012-12-05,1.0603279958547749,1.0603279958547749,1.0690877125553824,1.0690877125553824,1.0667790452977073,1.0275080630143427
2012-12-06,1.059410524668941,1.059410524668941,1.0681626618397235,1.0681626618397235,1.0658559922051376,1.0266189899683487
2012-12-07,1.059329427641865,1.059329427641865,1.0680808948435576,1.0680808948435576,1.0657744017826845,1.0265404031069878
2012-12-10,1.0591066550855603,1.0591066550855603,1.0678562818902346,1.0678562818902346,1.0655502738752234,1.0263245259456601
2012-12-11,1.0592571242683275,1.0592571242683275,1.0680079941481808,1.0680079941481808,1.0657016585144734,1.0264703377125217
2012-12-12,1.0591867750400208,1.0591867750400208,1.0679370637418684,1.0679370637418684,1.0656308812805384,1.0264021659773659
2012-12-13,1.0591594170067904,1.0591594170067904,1.067909479694969,1.067909479694969,1.0656033568006749,1.0263756547470273
2012-12-14,1.0585487466221832,1.0585487466221832,1.0672937643623952,1.0672937643623952,1.064988971089433,1.025783886212686
2012-12-17,1.0586366831575666,1.0586366831575666,1.0673824273702859,1.0673824273702859,1.065077442631852,1.0258691008816312
2012-12-18,1.058497938846184,1.058497938846184,1.067242536846725,1.067242536846725,1.0649378541982577,1.0257346510706289
2012-12-19,1.0580133108289596,1.0580133108289596,1.0667539051587944,1.0667539051587944,1.0644502776978162,1.0252650235617755
2012-12-20,1.0574026404443524,1.0574026404443524,1.0661381898262208,1.0661381898262208,1.0638358919865742,1.0246732550274342
2012-12-21,1.0573616033945066,1.0573616033945066,1.0660968137558715,1.0660968137558715,1.0637946052667786,1.0246334881819266
2012-12-24,1.057404594589583,1.057404594589583,1.066140160115285,1.066140160115285,1.06383785802085,1.0246751486867443
2012-12-25,1.0576820832123486,1.0576820832123486,1.0664199411624065,1.0664199411624065,1.0641170348880384,1.0249440483087489
2012-12-26,1.0577299597705017,1.0577299597705017,1.06646821324448,1.06646821324448,1.0641652027278,1.0249904429618413
2012-12-27,1.058623981213567,1.058623981213567,1.0673696204913683,1.0673696204913683,1.065064663409058,1.0258567920961168
2012-12-28,1.058760771379719,1.058760771379719,1.0675075407258647,1.0675075407258647,1.065202285808376,1.0259893482478093
2012-12-31,1.0587334133464883,1.0587334133464883,1.0674799566789654,1.0674799566789654,1.0651747613285125,1.025962837017471
2013-01-04,1.0572951624566613,1.0572951624566613,1.0660298239276875,1.0660298239276875,1.0637277601013957,1.0245691037653901
2013-01-05,1.057606848620965,1.057606848620965,1.0663440850334334,1.0663440850334334,1.0640413425684134,1.024871142425318
2013-01-06,1.0577123724634252,1.0577123724634252,1.066450480642902,1.066450480642902,1.0641475084193162,1.0249734000280522
2013-01-07,1.057951755254191,1.057951755254191,1.066691841053271,1.066691841053271,1.0641754699485992,1.025205373293514
2013-01-08,1.0583093638314172,1.0583093638314172,1.0670524039520264,1.0670524039520264,1.0641754699485992,1.0255519129472241
2013-01-09,1.0586845597157197,1.0586845597157197,1.0674306994523597,1.0674306994523597,1.0641754699485992,1.0259154955347234
2013-01-10,1.057782721691732,1.057782721691732,1.0665214110492147,1.0665214110492147,1.0641754699485992,1.0250415717632084
2013-01-11,1.0571251518215867,1.0571251518215867,1.065858408779099,1.065858408779099,1.0641754699485992,1.0244043554054296
2013-01-14,1.057099747933587,1.057099747933587,1.065832795021264,1.065832795021264,1.0641754699485992,1.024379737834401
2013-01-15,1.0572248132283546,1.0572248132283546,1.0657457017426708,1.0657457017426708,1.0641754699485992,1.024500932030234
2013-01-16,1.0573850531372757,1.0573850531372757,1.0657457017426708,1.0657457017426708,1.0641754699485992,1.0246562120936453
2013-01-17,1.0576752437040409,1.0576752437040409,1.0657457017426708,1.0657457017426708,1.0641754699485992,1.0249374205011643
2013-01-18,1.0585487466221832,1.0585487466221832,1.0657457017426708,1.0657457017426708,1.0641754699485992,1.025783886212686
2013-01-21,1.0586679494812585,1.0586679494812585,1.0657457017426708,1.0657457017426708,1.0641754699485992,1.0258993994305894
2013-01-22,1.0585956461077208,1.0585956461077208,1.0657457017426708,1.0657457017426708,1.0641754699485992,1.0258293340361233
2013-01-23,1.0590597556000225,1.0590597556000225,1.0657457017426708,1.0657457017426708,1.0641754699485992,1.0262790781222226
2013-01-24,1.0583904608584929,1.0583904608584929,1.0657457017426708,1.0657457017426708,1.0641754699485992,1.0256304998085848
2013-01-25,1.0583435613729553,1.0583435613729553,1.0657457017426708,1.0657457017426708,1.0641754699485992,1.0255850519851475
2013-01-28,1.0579820445052677,1.0579820445052677,1.0655325952236263,1.0655325952236263,1.0639626774131168,1.0252347250128173
2013-01-29,1.0577280056252711,1.0577280056252711,1.0652767433322863,1.0652767433322863,1.0637072024848493,1.0249885493025315
2013-01-30,1.0577553636585013,1.0577553636585013,1.065304296612892,1.065304296612892,1.0637347151694319,1.0250150605328698
2013-01-31,1.0573997092265062,1.0573997092265062,1.0649461039650159,1.0649461039650159,1.0633770502698574,1.0246704145384693
2013-02-01,1.0582370604578797,1.0582370604578797,1.0657894311607021,1.0657894311607021,1.064219134937262,1.025481847552758
2013-02-04,1.0582321750948027,1.0582321750948027,1.0657845109320225,1.0657845109320225,1.0642142219578723,1.0254771134044833
2013-02-05,1.0585526549126447,1.0585526549126447,1.0661072779334055,1.0661072779334055,1.0645365134058407,1.0257876735313058
2013-02-06,1.0586474309563356,1.0586474309563356,1.06620273036979,1.06620273036979,1.0646318252060019,1.0258795160078356
2013-02-07,1.0585282280972603,1.0585282280972603,1.0660826767900073,1.0660826767900073,1.0645119485088916,1.025764002789932
2013-02-08,1.0586972616597197,1.0586972616597197,1.066252916702322,1.066252916702322,1.0646819375957775,1.0259278043202378
2013-02-16,1.0586073709791055,1.0586073709791055,1.0661623844946173,1.0661623844946173,1.0645915387750058,1.0258406959919828
2013-02-17,1.0589806127181773,1.0589806127181773,1.0665382899657398,1.0665382899657398,1.0649668904003833,1.026202384920172
2013-02-18,1.0588418684067946,1.0588418684067946,1.0663985554712387,1.0663985554712387,1.0648273617857142,1.0260679351091697
2013-02-19,1.0587568630892574,1.0587568630892574,1.0663129434922134,1.0663129434922134,1.0647418759443323,1.0259855609291895
2013-02-20,1.0600798194104706,1.0600798194104706,1.0676453414186535,1.0676453414186535,1.0660723107630792,1.0272675682819865
2013-02-21,1.0599469375347799,1.0599469375347799,1.067511511198568,1.067511511198568,1.0659386777236775,1.0271387994489138
2013-02-22,1.0594408139200173,1.0594408139200173,1.0670017755073598,1.0670017755073598,1.0654296930588987,1.0266483416876517
2013-02-25,1.0585594944209522,1.0585594944209522,1.066114166253557,1.066114166253557,1.0645433915769862,1.0257943013388904
2013-02-26,1.0587568630892574,1.0587568630892574,1.0663129434922134,1.0663129434922134,1.0647418759443323,1.0259855609291895
2013-02-27,1.0587685879606417,1.0587685879606417,1.0663247520410446,1.0663247520410446,1.0647536670948679,1.0259969228850487
2013-02-28,1.0581123551166636,1.0581123551166636,1.0658770112311993,1.0658770112311993,1.0643065859703997,1.0255661153920483
2013-03-01,1.0581123551166636,1.0581123551166636,1.0660160537447392,1.0660160537447392,1.0644454236236478,1.025905080408519
2013-03-04,1.0581123551166636,1.0581123551166636,1.0660160537447392,1.0660160537447392,1.0644454236236478,1.0260594136422754
2013-03-05,1.0581123551166636,1.0581123551166636,1.0660160537447392,1.0660160537447392,1.0644454236236478,1.026517679195269
2013-03-06,1.0581123551166636,1.0581123551166636,1.0660160537447392,1.0660160537447392,1.0644454236236478,1.0263889103621964
2013-03-07,1.0581123551166636,1.0581123551166636,1.0660160537447392,1.0660160537447392,1.0644454236236478,1.025958102869196
2013-03-08,1.0581123551166636,1.0581123551166636,1.0660160537447392,1.0660160537447392,1.0644454236236478,1.0256825754396068
2013-03-11,1.0581123551166636,1.0581123551166636,1.0660160537447392,1.0660160537447392,1.0644454236236478,1.0256125100451408
2013-03-12,1.0581123551166636,1.0581123551166636,1.0660160537447392,1.0660160537447392,1.0644454236236478,1.0255699027106682
2013-03-13,1.0581123551166636,1.0581123551166636,1.0660160537447392,1.0660160537447392,1.0644454236236478,1.0257195017961496
2013-03-14,1.0581123551166636,1.0581123551166636,1.0660160537447392,1.0660160537447392,1.0644454236236478,1.0253862177576085
2013-03-15,1.0581123551166636,1.0581123551166636,1.0660160537447392,1.0660160537447392,1.0644454236236478,1.0252356718424722
2013-03-18,1.0581123551166636,1.0581123551166636,1.0660160537447392,1.0660160537447392,1.0644454236236478,1.02501316687356
2013-03-19,1.0581123551166636,1.0581123551166636,1.0660160537447392,1.0660160537447392,1.0644454236236478,1.0252356718424722
2013-03-20,1.0581123551166636,1.0581123551166636,1.0660160537447392,1.0660160537447392,1.0644454236236478,1.0255310826948154
2013-03-21,1.0581123551166636,1.0581123551166636,1.0660160537447392,1.0660160537447392,1.0644454236236478,1.0253644406755449
2013-03-22,1.0581123551166636,1.0581123551166636,1.0660160537447392,1.0660160537447392,1.0644454236236478,1.0253000562590087
2013-03-25,1.0581123551166636,1.0581123551166636,1.0660160537447392,1.0660160537447392,1.0644454236236478,1.0254079948396724
2013-03-26,1.0581123551166636,1.0581123551166636,1.0660160537447392,1.0660160537447392,1.0644454236236478,1.025295322110734
2013-03-27,1.0581123551166636,1.0581123551166636,1.0660160537447392,1.0660160537447392,1.0644454236236478,1.0253739089720944
2013-03-28,1.0579007749616713,1.0579007749616713,1.065802893166106,1.065802893166106,1.0644454236236478,1.0259088677271389
2013-03-29,1.057823642872534,1.057823642872534,1.0657251849294698,1.0657251849294698,1.0642325771082262,1.025834068184398
2013-04-01,1.059459038433355,1.059459038433355,1.0673727962758714,1.0673727962758714,1.0658778808826415,1.0274200078564328
2013-04-02,1.061111032038674,1.061111032038674,1.0690371296478787,1.0690371296478787,1.0675398832625285,1.0290220436326014
2013-04-03,1.0617622611963264,1.0617622611963264,1.0696932232407441,1.0696932232407441,1.0681950579595643,1.0296535790124506
2013-04-07,1.0631701659119706,1.0631701659119706,1.0711116444714972,1.0711116444714972,1.0696114926119265,1.0310189073748826
2013-04-08,1.0625628727544596,1.0625628727544596,1.0704998150640572,1.0704998150640572,1.069000520105845,1.0304299793295062
2013-04-09,1.0628674956887736,1.0628674956887736,1.0708067134163421,1.0708067134163421,1.069306988629796,1.0307253901818492
2013-04-10,1.0633049029790709,1.0633049029790709,1.0712473879734694,1.0712473879734694,1.0697470459975202,1.0311495698672652
2013-04-11,1.0631057264450963,1.0631057264450963,1.071046723666206,1.071046723666206,1.06954666273186,1.0309564166176561
2013-04-12,1.0630500741782505,1.0630500741782505,1.0709906556980002,1.0709906556980002,1.0694906732899845,1.0309024473273243
2013-04-15,1.0654470270748568,1.0654470270748568,1.0734055129251143,1.0734055129251143,1.0719021483742766,1.0332269141302168
2013-04-16,1.0682052315281818,1.0682052315281818,1.0761843201212846,1.0761843201212846,1.0746770636953054,1.0359017079054393
2013-04-17,1.0674475796146314,1.0674475796146314,1.0754210088348322,1.0754210088348322,1.073914821469069,1.0351669680932014
2013-04-18,1.0659713300098783,1.0659713300098783,1.0739337322045281,1.0739337322045281,1.0724296278529997,1.0337353616549227
2013-04-19,1.065076011962551,1.065076011962551,1.0730317264704083,1.0730317264704083,1.0715288854284393,1.0328671188613374
2013-04-22,1.0633507916903298,1.0633507916903298,1.0712936194560252,1.0712936194560252,1.069793212730295,1.0311940708610476
2013-04-23,1.0650672247625228,1.0650672247625228,1.0730228736333232,1.0730228736333232,1.0715200449902482,1.0328585973944429
2013-04-24,1.0657731298314623,1.0657731298314623,1.0737340515458298,1.0737340515458298,1.0722302268582495,1.033543155234969
2013-04-25,1.0668119721459182,1.0668119721459182,1.0747806536190068,1.0747806536190068,1.0732753631065948,1.0345505819878316
2013-04-26,1.0669828343686907,1.0669828343686907,1.0747378015594609,1.0747378015594609,1.0732325710637587,1.034716277177447
2013-04-27,1.0674055963256073,1.0674055963256073,1.0747378015594609,1.0747378015594609,1.0732325710637587,1.0351262544180386
2013-04-28,1.0669818580131318,1.0669818580131318,1.0747378015594609,1.0747378015594609,1.0732325710637587,1.0347153303477918
2013-05-02,1.0687188298961288,1.0687188298961288,1.0747378015594609,1.0747378015594609,1.0732325710637587,1.0366070959983742
2013-05-03,1.0687188298961288,1.0687188298961288,1.0747378015594609,1.0747378015594609,1.0732325710637587,1.0368608463458997
2013-05-06,1.0687188298961288,1.0687188298961288,1.0747378015594609,1.0747378015594609,1.0732325710637587,1.0356403829206744
2013-05-07,1.0687188298961288,1.0687188298961288,1.0747378015594609,1.0747378015594609,1.0732325710637587,1.0363069509977563
2013-05-08,1.0687188298961288,1.0687188298961288,1.0747378015594609,1.0747378015594609,1.0732325710637587,1.03589034594958
2013-05-09,1.0687188298961288,1.0687188298961288,1.0747378015594609,1.0747378015594609,1.0732325710637587,1.0362018529060573
2013-05-10,1.0687188298961288,1.0687188298961288,1.0747378015594609,1.0747378015594609,1.0732325710637587,1.03650105107702
2013-05-13,1.0687188298961288,1.0687188298961288,1.0747378015594609,1.0747378015594609,1.0732325710637587,1.0365114662032247
2013-05-14,1.0687188298961288,1.0687188298961288,1.0747378015594609,1.0747378015594609,1.0732325710637587,1.0365843720866557
2013-05-15,1.0687188298961288,1.0687188298961288,1.0747378015594609,1.0747378015594609,1.0732325710637587,1.036666746266636
2013-05-16,1.0687188298961288,1.0687188298961288,1.0747378015594609,1.0747378015594609,1.0732325710637587,1.0369507951631194
2013-05-17,1.0687188298961288,1.0687188298961288,1.0747378015594609,1.0747378015594609,1.0732325710637587,1.0365427115818378
2013-05-20,1.0687188298961288,1.0687188298961288,1.0747378015594609,1.0747378015594609,1.0732325710637587,1.0361251597040066
2013-05-21,1.0687188298961288,1.0687188298961288,1.0747378015594609,1.0747378015594609,1.0732325710637587,1.036222683158466
2013-05-22,1.0687188298961288,1.0687188298961288,1.0747378015594609,1.0747378015594609,1.0732325710637587,1.0364735930170268
2013-05-23,1.0687188298961288,1.0687188298961288,1.0747378015594609,1.0747378015594609,1.0732325710637587,1.0361213723853868
2013-05-24,1.0687188298961288,1.0687188298961288,1.0747378015594609,1.0747378015594609,1.0732325710637587,1.0365143066921894
2013-05-27,1.0687188298961288,1.0687188298961288,1.0747378015594609,1.0747378015594609,1.0732325710637587,1.036522828159084
2013-05-28,1.0687188298961288,1.0687188298961288,1.0747378015594609,1.0747378015594609,1.0732325710637587,1.0365209344997741
2013-05-29,1.0687188298961288,1.0687188298961288,1.0747378015594609,1.0747378015594609,1.0732325710637587,1.0360740309026397
2013-05-30,1.0687188298961288,1.0687188298961288,1.0747378015594609,1.0747378015594609,1.0732325710637587,1.035595881926892
2013-05-31,1.0687188298961288,1.0687188298961288,1.0747378015594609,1.0747378015594609,1.0732325710637587,1.035659319513773
2013-06-03,1.0687188298961288,1.0687188298961288,1.0747378015594609,1.0747378015594609,1.0732325710637587,1.0347200644960668
2013-06-04,1.0687188298961288,1.0687188298961288,1.0747378015594609,1.0747378015594609,1.0732325710637587,1.0340042612769276
2013-06-05,1.0687188298961288,1.0687188298961288,1.0747378015594609,1.0747378015594609,1.0732325710637587,1.0335365274273842
2013-06-06,1.0687188298961288,1.0687188298961288,1.0747378015594609,1.0747378015594609,1.0732325710637587,1.0332846707391685
2013-06-07,1.0687188298961288,1.0687188298961288,1.0747378015594609,1.0747378015594609,1.0732325710637587,1.0322971274090598
2013-06-08,1.0687188298961288,1.0687188298961288,1.0747378015594609,1.0747378015594609,1.0732325710637587,1.031922182865701
2013-06-09,1.0687188298961288,1.0687188298961288,1.0747378015594609,1.0747378015594609,1.0732325710637587,1.0351925324938849
2013-06-13,1.0687188298961288,1.0687188298961288,1.0747378015594609,1.0747378015594609,1.0732325710637587,1.0338489812135163
2013-06-14,1.0687188298961288,1.0687188298961288,1.0747378015594609,1.0747378015594609,1.0732325710637587,1.0325414094600358
2013-06-17,1.0687188298961288,1.0687188298961288,1.0747378015594609,1.0747378015594609,1.0732325710637587,1.0319903546008573
2013-06-18,1.0687188298961288,1.0687188298961288,1.0747378015594609,1.0747378015594609,1.0732325710637587,1.031080451302454
2013-06-19,1.0687188298961288,1.0687188298961288,1.0747378015594609,1.0747378015594609,1.0732325710637587,1.0262288961505106
2013-06-20,1.0687188298961288,1.0687188298961288,1.0747378015594609,1.0747378015594609,1.0732325710637587,1.0178077931994205
2013-06-21,1.0687188298961288,1.0687188298961288,1.0747378015594609,1.0747378015594609,1.0732325710637587,1.0208073495462895
2013-06-24,1.0687188298961288,1.0687188298961288,1.0747378015594609,1.0747378015594609,1.0732325710637587,1.0208812022593754
2013-06-25,1.0687188298961288,1.0687188298961288,1.0747378015594609,1.0747378015594609,1.0732325710637587,1.021886735352928
2013-06-26,1.0687188298961288,1.0687188298961288,1.0747378015594609,1.0747378015594609,1.0732325710637587,1.0271624701902875
2013-06-27,1.0687188298961288,1.0687188298961288,1.0747378015594609,1.0747378015594609,1.0732325710637587,1.0285666185685725
2013-06-28,1.0687188298961288,1.0687188298961288,1.0747378015594609,1.0747378015594609,1.0732325710637587,1.0293950945166503
2013-07-01,1.0687188298961288,1.0687188298961288,1.0747378015594609,1.0747378015594609,1.0732325710637587,1.029026777780876
2013-07-02,1.0687188298961288,1.0687188298961288,1.0747378015594609,1.0747378015594609,1.0732325710637587,1.028907477244353
2013-07-03,1.0687188298961288,1.0687188298961288,1.0747378015594609,1.0747378015594609,1.0732325710637587,1.0285931297989108
2013-07-04,1.0687188298961288,1.0687188298961288,1.0747378015594609,1.0747378015594609,1.0732325710637587,1.0287436757140473
2013-07-05,1.0687188298961288,1.0687188298961288,1.0747378015594609,1.0747378015594609,1.0732325710637587,1.0288667635691902
2013-07-08,1.0687188298961288,1.0687188298961288,1.0747378015594609,1.0747378015594609,1.0732325710637587,1.027904784639765
2013-07-09,1.0687188298961288,1.0687188298961288,1.0747378015594609,1.0747378015594609,1.0732325710637587,1.0276898543080923
2013-07-10,1.0687188298961288,1.0687188298961288,1.0747378015594609,1.0747378015594609,1.0732325710637587,1.0238693966503851
2013-07-11,1.0687188298961288,1.0687188298961288,1.0747378015594609,1.0747378015594609,1.0732325710637587,1.0225050151176078
2013-07-12,1.0687188298961288,1.0687188298961288,1.0747378015594609,1.0747378015594609,1.0732325710637587,1.0217030503998683
2013-07-15,1.0687188298961288,1.0687188298961288,1.0747378015594609,1.0747378015594609,1.0732325710637587,1.0212258482537757
2013-07-16,1.0687188298961288,1.0687188298961288,1.0747378015594609,1.0747378015594609,1.0732325710637587,1.0201227917057634
2013-07-17,1.0687188298961288,1.0687188298961288,1.0747378015594609,1.0747378015594609,1.0732325710637587,1.017010562629956
2013-07-18,1.0687188298961288,1.0687188298961288,1.0747378015594609,1.0747378015594609,1.0732325710637587,1.0166706507838301
2013-07-19,1.0687188298961288,1.0687188298961288,1.0747378015594609,1.0747378015594609,1.0732325710637587,1.0158033548198997
2013-07-22,1.0687188298961288,1.0687188298961288,1.0747378015594609,1.0747378015594609,1.0732325710637587,1.013323607953596
2013-07-23,1.0687188298961288,1.0687188298961288,1.0747378015594609,1.0747378015594609,1.0732325710637587,1.0121031445283706
2013-07-24,1.0687188298961288,1.0687188298961288,1.0747378015594609,1.0747378015594609,1.0732325710637587,1.008218302454127
2013-07-25,1.0687188298961288,1.0687188298961288,1.0747378015594609,1.0747378015594609,1.0732325710637587,1.0135801987900863
2013-07-26,1.0687188298961288,1.0687188298961288,1.0747378015594609,1.0747378015594609,1.0732325710637587,1.0136815095631655
2013-07-29,1.0687188298961288,1.0687188298961288,1.0747378015594609,1.0747378015594609,1.0732325710637587,1.0129306736467936
2013-07-30,1.0687188298961288,1.0687188298961288,1.0747378015594609,1.0747378015594609,1.0730179674702647,1.0133169801460113
2013-07-31,1.0687188298961288,1.0687188298961288,1.0747378015594609,1.0747378015594609,1.0736897184807617,1.0139513560148252
2013-08-01,1.0687188298961288,1.0687188298961288,1.0747378015594609,1.0747378015594609,1.0746652613661551,1.0148726212690877
2013-08-02,1.0687188298961288,1.0687188298961288,1.0747378015594609,1.0747378015594609,1.0750272048210645,1.0152144267745233
2013-08-05,1.0687188298961288,1.0687188298961288,1.0747378015594609,1.0747378015594609,1.074294294390209,1.0145222942967576
2013-08-06,1.0687188298961288,1.0687188298961288,1.0747378015594609,1.0747378015594609,1.0736255512200574,1.0138907589169088
2013-08-07,1.0687188298961288,1.0687188298961288,1.0747378015594609,1.0747378015594609,1.0700833179064966,1.0105456097459844
2013-08-08,1.0687188298961288,1.0687188298961288,1.0747378015594609,1.0747378015594609,1.0662162378356208,1.0068936877668573
2013-08-09,1.0687188298961288,1.0687188298961288,1.0747378015594609,1.0747378015594609,1.0655364659175357,1.006251737260804
2013-08-12,1.0687188298961288,1.0687188298961288,1.0747378015594609,1.0747378015594609,1.0639543418957982,1.004757640065299
2013-08-13,1.0687188298961288,1.0687188298961288,1.0747378015594609,1.0747378015594609,1.0589021727287917,0.999986565434026
2013-08-14,1.0687188298961288,1.0687188298961288,1.0747378015594609,1.0747378015594609,1.056257278451641,0.9974888288042784
2013-08-15,1.0687188298961288,1.0687188298961288,1.0747378015594609,1.0747378015594609,1.0551183095741417,0.9964132303162596
2013-08-16,1.0687188298961288,1.0687188298961288,1.0747378015594609,1.0747378015594609,1.055878290568107,0.9971309271947089
2013-08-19,1.0687188298961288,1.0687188298961288,1.0747378015594609,1.0747378015594609,1.0523922036076623,0.9938388004844614
2013-08-20,1.0687188298961288,1.0687188298961288,1.0747378015594609,1.0747378015594609,1.048869019949623,0.990511641076981
2013-08-21,1.0687188298961288,1.0687188298961288,1.0747378015594609,1.0747378015594609,1.0500786628485843,0.9918523518683846
2013-08-22,1.0687188298961288,1.0687188298961288,1.0747378015594609,1.0747378015594609,1.0500786628485843,0.991897799691822
2013-08-23,1.0687188298961288,1.0687188298961288,1.0747378015594609,1.0747378015594609,1.0500786628485843,0.9943794402174356
2013-08-26,1.0687188298961288,1.0687188298961288,1.0747378015594609,1.0747378015594609,1.0500786628485843,0.9959076232805185
2013-08-27,1.0687188298961288,1.0687188298961288,1.0747378015594609,1.0747378015594609,1.0500786628485843,0.9952486298406761
2013-08-28,1.0687188298961288,1.0687188298961288,1.0745228969800649,1.0745228969800649,1.049868689110762,0.9923456501186113
2013-08-29,1.0685051288703546,1.0685051288703546,1.0740348838483693,1.0740348838483693,1.049391873113372,0.9918949592028572
2013-08-30,1.068874354083749,1.068874354083749,1.0744060198854992,1.0744060198854992,1.0497544936828158,0.9922377115379476
2013-09-02,1.0683174563861986,1.0683174563861986,1.0738462401167894,1.0738462401167894,1.0492075576858095,0.9917207425463471
2013-09-03,1.0683664144255434,1.0683664144255434,1.0738954515250276,1.0738954515250276,1.0492556399712605,0.9917661903697844
2013-09-04,1.0669619306718308,1.0669619306718308,1.072483699251194,1.072483699251194,1.0478762794073817,0.9904624059349237
2013-09-05,1.0671394035644568,1.0671394035644568,1.0726620906060573,1.0726620906060573,1.048050577692142,0.9906271542948843
2013-09-06,1.0677829977900144,1.0677829977900144,1.0733090155768557,1.0733090155768557,1.0486826594029681,0.9912246038071554
2013-09-09,1.0662938574266005,1.0662938574266005,1.0718121685762765,1.0718121685762765,1.0472201565538302,0.9898422325109341
2013-09-10,1.064626224211408,1.064626224211408,1.0701359049831622,1.0701359049831622,1.0455823537056517,0.9882941660250973
2013-09-11,1.0619161927418257,1.0619161927418257,1.0674118484896429,1.0674118484896429,1.0429207988630766,0.9857784396319057
2013-09-12,1.060693261717351,1.060693261717351,1.066182588521359,1.066182588521359,1.0417197434410792,0.9846431908756254
2013-09-13,1.0600955656536795,1.0600955656536795,1.0655817992457841,1.0655817992457841,1.0411327388728635,0.984088348697827
2013-09-16,1.0607208006144826,1.0607208006144826,1.066210269938493,1.066210269938493,1.0417467897266453,0.9846687552763088
2013-09-17,1.0636440035470467,1.0636440035470467,1.0691486011053832,1.0691486011053832,1.0446177028537889,0.9873823690673843
2013-09-18,1.0642478193656364,1.0642478193656364,1.0697555418069877,1.0697555418069877,1.045210717707686,0.9879428922231124
2013-09-22,1.0692017609718694,1.0692017609718694,1.0747351211780922,1.0747351211780922,1.05007604396677,0.9925416438571852
2013-09-23,1.0684429113620202,1.0684429113620202,1.0739723443504,1.0739723443504,1.049330768542278,0.9918372025939055
2013-09-24,1.0675361676749826,1.0675361676749826,1.0730609080603213,1.0730609080603213,1.0484402445471521,0.9909954710306583
2013-09-25,1.0681399834935723,1.0681399834935723,1.0736678487619258,1.0736678487619258,1.0490332594010492,0.9915559941863864
2013-09-26,1.0698626945030283,1.0698626945030283,1.0753994751893081,1.0753994751893081,1.0507251548203602,0.9931551894735903
2013-09-27,1.0691936012986452,1.0691936012986452,1.0747269192767193,1.0747269192767193,1.0500680302525283,0.9925340692199458
2013-09-29,1.068838655513393,1.068838655513393,1.074370136566992,1.074370136566992,1.0497194336830076,0.9922045725000245
2013-09-30,1.0692292998690012,1.0692292998690012,1.0747628025952263,1.0747628025952263,1.0501030902523365,0.9925672082578688
2013-10-08,1.0691089446889444,1.0691089446889444,1.0746418245499738,1.0746418245499738,1.049984887967269,0.992455482358585
2013-10-09,1.0684123125874296,1.0684123125874296,1.0739415872202511,1.0739415872202511,1.049300717113871,0.9918087977042571
2013-10-10,1.0689732901215923,1.0689732901215923,1.074505467939647,1.074505467939647,1.0498516599679981,0.9923295540144773
2013-10-11,1.0687335997206318,1.0687335997206318,1.0742645370868142,1.0742645370868142,1.049616257112144,0.992107049045565
2013-10-12,1.0687611386177633,1.0687611386177633,1.0742922185039483,1.0742922185039483,1.0496433033977102,0.9921326134462486
2013-10-14,1.0660766061270068,1.0660766061270068,1.0715937929522195,1.0715937929522195,1.0470067914121408,0.9896405577944306
2013-10-15,1.0650607268105956,1.0650607268105956,1.0705726562312765,1.0705726562312765,1.0460090839890301,0.9886975154581042
2013-10-16,1.0640397476984196,1.0640397476984196,1.0695463933219753,1.0695463933219753,1.0450063679945185,0.9877497389735034
2013-10-17,1.063254379150592,1.063254379150592,1.0687569603148206,1.0687569603148206,1.0442350479987403,0.9870206801391949
2013-10-18,1.062240539752487,1.062240539752487,1.067737874069221,1.067737874069221,1.0432393440041903,0.9860795314621785
2013-10-21,1.0615112689580755,1.0615112689580755,1.0670048291340057,1.0670048291340057,1.0425231182938248,0.9854025482588921
2013-10-22,1.0607748584495929,1.0607748584495929,1.0662646075350894,1.0662646075350894,1.0417998805834976,0.9847189372480211
2013-10-23,1.0594866500393247,1.0594866500393247,1.0649697323558214,1.0649697323558214,1.0405347154475653,0.9835230913938242
2013-10-24,1.0576782624610148,1.0576782624610148,1.0631519859640222,1.0631519859640222,1.0387586760287149,0.9818443624156048
2013-10-25,1.0572284604745315,1.0572284604745315,1.0626998561508336,1.0626998561508336,1.0383169200311329,0.9814268105377736
2013-10-28,1.0571081052944749,1.0571081052944749,1.0625788781055814,1.0625788781055814,1.0381987177460654,0.98131508463849
2013-10-29,1.0561952418525193,1.0561952418525193,1.0616612903894729,1.0616612903894729,1.0373021834652583,0.9804676720973133
2013-10-30,1.0550120892350126,1.0550120892350126,1.0604720146903828,1.0604720146903828,1.0361401949001898,0.9793693496975759
2013-10-31,1.056712361143102,1.056712361143102,1.062181085888989,1.062181085888989,1.0378100526053355,0.980947714732371
2013-11-01,1.0581964017107506,1.0581964017107506,1.06367280670121,1.06367280670121,1.0392675468830725,0.9823253518803174
2013-11-04,1.057422252713606,1.057422252713606,1.0628946513084432,1.0628946513084432,1.038507245744377,0.9816067081722134
2013-11-05,1.0560697868766975,1.0560697868766975,1.0615351861558626,1.0615351861558626,1.0371789726087899,0.980351212049755
2013-11-06,1.0545316884739386,1.0545316884739386,1.0599891277470452,1.0599891277470452,1.0356683874742008,0.9789233929300962
2013-11-07,1.0498929142459896,1.0498929142459896,1.0553263468164742,1.0553263468164742,1.031112590927708,0.9746172116594016
2013-11-08,1.047741820392264,1.047741820392264,1.0531641205670077,1.0531641205670077,1.0289999755106998,0.9726203479171205
2013-11-11,1.0414731514377844,1.0414731514377844,1.046863009837173,1.046863009837173,1.0228434395443973,0.9668011328578221
2013-11-12,1.0413181176465247,1.0413181176465247,1.0467071737110851,1.0467071737110851,1.022691178973802,0.9666572147502702
2013-11-13,1.036956772308198,1.036956772308198,1.0423232574271974,1.0423232574271974,1.0184078487115322,0.962608571145721
2013-11-14,1.0343109982652563,1.0343109982652563,1.0396637909069906,1.0396637909069906,1.015809401868612,0.9601524950207909
2013-11-15,1.0293918474657326,1.0293918474657326,1.0349261676263906,1.0349261676263906,1.011180480179662,0.9557771951852853
2013-11-18,1.0293918474657326,1.0293918474657326,1.0330417807859358,1.0330417807859358,1.0093393293325967,0.9540369222794944
2013-11-19,1.0293918474657326,1.0293918474657326,1.0302039136837262,1.0302039136837262,1.0067679287752425,0.9516064105552479
2013-11-20,1.0293918474657326,1.0293918474657326,1.0302039136837262,1.0302039136837262,1.0033220316512463,0.9483493165422336
2013-11-21,1.0293918474657326,1.0293918474657326,1.0302039136837262,1.0302039136837262,1.0031447282236452,0.9481817276933081
2013-11-22,1.0293918474657326,1.0293918474657326,1.0302039136837262,1.0302039136837262,1.0082735053384304,0.9530294955266317
2013-11-25,1.0293918474657326,1.0293918474657326,1.0302039136837262,1.0302039136837262,1.008068153910983,0.9528353954473678
2013-11-26,1.0293918474657326,1.0293918474657326,1.0302039136837262,1.0302039136837262,1.008336613338085,0.9530891457948935
2013-11-27,1.0293918474657326,1.0293918474657326,1.0302039136837262,1.0302039136837262,1.0110903258944415,0.9556919805163402
2013-11-28,1.0293918474657326,1.0293918474657326,1.0302039136837262,1.0302039136837262,1.0163012435802055,0.9606173883813695
2013-11-29,1.0293918474657326,1.0293918474657326,1.0302039136837262,1.0302039136837262,1.0214049778379848,0.9654414854733195
2013-12-02,1.0293918474657326,1.0293918474657326,1.0302039136837262,1.0302039136837262,1.0161960635807812,0.9605179712676002
2013-12-03,1.0293918474657326,1.0293918474657326,1.0302039136837262,1.0302039136837262,1.0190028669939897,0.963170987960759
2013-12-04,1.0293918474657326,1.0293918474657326,1.0302039136837262,1.0302039136837262,1.0179711012853514,0.9621957534161645
2013-12-05,1.0293918474657326,1.0293918474657326,1.0302039136837262,1.0302039136837262,1.0153819008662661,0.959940405178083
2013-12-06,1.0293918474657326,1.0293918474657326,1.0302039136837262,1.0302039136837262,1.0153819008662661,0.9597879656036367
2013-12-09,1.0293918474657326,1.0293918474657326,1.0302039136837262,1.0302039136837262,1.0153819008662661,0.9571860777118449
2013-12-10,1.0293918474657326,1.0293918474657326,1.0302039136837262,1.0302039136837262,1.0153819008662661,0.952957536472856
2013-12-11,1.0293918474657326,1.0293918474657326,1.0302039136837262,1.0302039136837262,1.0153819008662661,0.9502694870824642
2013-12-12,1.0293918474657326,1.0293918474657326,1.0302039136837262,1.0302039136837262,1.0153819008662661,0.9513498197187575
2013-12-13,1.0293918474657326,1.0293918474657326,1.0302039136837262,1.0302039136837262,1.0153819008662661,0.9555234448377598
2013-12-16,1.0293918474657326,1.0293918474657326,1.0302039136837262,1.0302039136837262,1.0153819008662661,0.9547697684324227
2013-12-17,1.0293918474657326,1.0293918474657326,1.0302039136837262,1.0302039136837262,1.0153819008662661,0.9547025435269215
2013-12-18,1.0293918474657326,1.0293918474657326,1.0302039136837262,1.0302039136837262,1.0153819008662661,0.954046390576044
2013-12-19,1.0293918474657326,1.0293918474657326,1.0302039136837262,1.0302039136837262,1.0153819008662661,0.9527018924660204
2013-12-20,1.0293918474657326,1.0293918474657326,1.0302039136837262,1.0302039136837262,1.0153819008662661,0.9523657679385147
2013-12-23,1.0293918474657326,1.0293918474657326,1.0302039136837262,1.0302039136837262,1.0153819008662661,0.9517209769434964
2013-12-24,1.0293918474657326,1.0293918474657326,1.0302039136837262,1.0302039136837262,1.0153819008662661,0.9528013095797899
2013-12-25,1.0293918474657326,1.0293918474657326,1.0302039136837262,1.0302039136837262,1.0153819008662661,0.9531024014100626
2013-12-26,1.0293918474657326,1.0293918474657326,1.0302039136837262,1.0302039136837262,1.0153819008662661,0.9534461005748083
2013-12-27,1.0293918474657326,1.0293918474657326,1.0302039136837262,1.0302039136837262,1.0153819008662661,0.9530739965204142
2013-12-30,1.0293918474657326,1.0293918474657326,1.0302039136837262,1.0302039136837262,1.0153819008662661,0.9533542580982783
2013-12-31,1.0293918474657326,1.0293918474657326,1.0302039136837262,1.0302039136837262,1.0153819008662661,0.9529973033183636
2014-01-02,1.0293918474657326,1.0293918474657326,1.0302039136837262,1.0302039136837262,1.0153819008662661,0.9517115086469471
2014-01-03,1.0293918474657326,1.0293918474657326,1.0302039136837262,1.0302039136837262,1.0153819008662661,0.9505809940389413
2014-01-06,1.0293918474657326,1.0293918474657326,1.0302039136837262,1.0302039136837262,1.0153819008662661,0.950114207019053
2014-01-07,1.0293918474657326,1.0293918474657326,1.0302039136837262,1.0302039136837262,1.0153819008662661,0.949412606244738
2014-01-08,1.0293918474657326,1.0293918474657326,1.0302039136837262,1.0302039136837262,1.0153819008662661,0.9506898794492602
2014-01-09,1.0293918474657326,1.0293918474657326,1.0302039136837262,1.0302039136837262,1.0153819008662661,0.9515590690725007
2014-01-10,1.0293918474657326,1.0293918474657326,1.0302039136837262,1.0302039136837262,1.0153819008662661,0.9524547699260796
2014-01-13,1.0293918474657326,1.0293918474657326,1.0302039136837262,1.0302039136837262,1.0153819008662661,0.952396066487473
2014-01-14,1.0293918474657326,1.0293918474657326,1.0302039136837262,1.0302039136837262,1.0153819008662661,0.9521754551778705
2014-01-15,1.0293918474657326,1.0293918474657326,1.0302039136837262,1.0302039136837262,1.0153819008662661,0.9532633624514035
2014-01-16,1.0293918474657326,1.0293918474657326,1.0302039136837262,1.0302039136837262,1.0153819008662661,0.9527530212673877
2014-01-17,1.0293918474657326,1.0293918474657326,1.0302039136837262,1.0302039136837262,1.0153819008662661,0.9524718128598687
2014-01-20,1.0291860102636798,1.0291860102636798,1.0302039136837262,1.0302039136837262,1.0153819008662661,0.9524263650364312
2014-01-21,1.0308936279864507,1.0308936279864507,1.0302039136837262,1.0302039136837262,1.0153819008662661,0.9540066237305361
2014-01-22,1.0329787837198279,1.0329787837198279,1.0302039136837262,1.0302039136837262,1.0153819008662661,0.9559362625673162
2014-01-23,1.0344725655504123,1.0344725655504123,1.0302039136837262,1.0302039136837262,1.0153819008662661,0.9573186338635374
2014-01-24,1.0332192212062576,1.0332192212062576,1.0302039136837262,1.0302039136837262,1.0153819008662661,0.9561587675362285
2014-01-26,1.0355417450113444,1.0355417450113444,1.0302039136837262,1.0302039136837262,1.0153819008662661,0.958308070852956
2014-01-27,1.0361341420523775,1.0361341420523775,1.0302039136837262,1.0302039136837262,1.0153819008662661,0.9588562852231699
2014-01-28,1.0374693374557422,1.0374693374557422,1.0302039136837262,1.0302039136837262,1.0153819008662661,0.9600918979228744
2014-01-29,1.0370273417360079,1.0370273417360079,1.0302039136837262,1.0302039136837262,1.0153819008662661,0.9596828675119378
2014-01-30,1.0364042505477709,1.0364042505477709,1.0302039136837262,1.0302039136837262,1.0153819008662661,0.9591062482520755
2014-02-07,1.0383420743745702,1.0383420743745702,1.0302039136837262,1.0302039136837262,1.0153819008662661,0.9608995436185435
2014-02-08,1.0386633397819696,1.0386633397819696,1.0302039136837262,1.0302039136837262,1.0153819008662661,0.9611968481301965
2014-02-10,1.0379164488666774,1.0379164488666774,1.0302039136837262,1.0302039136837262,1.0153819008662661,0.9605056624820859
2014-02-11,1.037622939153456,1.037622939153456,1.0302039136837262,1.0302039136837262,1.0153819008662661,0.9604261287910705
2014-02-12,1.037622939153456,1.037622939153456,1.0302039136837262,1.0302039136837262,1.0153819008662661,0.9601733252731999
2014-02-13,1.037622939153456,1.037622939153456,1.0302039136837262,1.0302039136837262,1.0153819008662661,0.9604393844062397
2014-02-14,1.037622939153456,1.037622939153456,1.0302039136837262,1.0302039136837262,1.0153819008662661,0.9605444824979386
2014-02-17,1.037622939153456,1.037622939153456,1.0302039136837262,1.0302039136837262,1.0153819008662661,0.9601307179387272
2014-02-18,1.037622939153456,1.037622939153456,1.0302039136837262,1.0302039136837262,1.0153819008662661,0.959239751233423
2014-02-19,1.037622939153456,1.037622939153456,1.0302039136837262,1.0302039136837262,1.0153819008662661,0.958468085064642
2014-02-20,1.037622939153456,1.037622939153456,1.0302039136837262,1.0302039136837262,1.0153819008662661,0.9583563591653583
2014-02-21,1.037622939153456,1.037622939153456,1.0302039136837262,1.0302039136837262,1.0153819008662661,0.9587057393080334
2014-02-24,1.0374154560622435,1.0374154560622435,1.0302039136837262,1.0302039136837262,1.0153819008662661,0.9596317387105705
2014-02-25,1.0456030379999062,1.0456030379999062,1.0302039136837262,1.0302039136837262,1.0153819008662661,0.967205429120484
2014-02-26,1.0443993129894436,1.0443993129894436,1.0302039136837262,1.0302039136837262,1.0153819008662661,0.9660919574462675
2014-02-27,1.0491302798247826,1.0491302798247826,1.0299979141009061,1.0299979141009061,1.0153819008662661,0.9704682041114282
2014-02-28,1.0473840596990602,1.0473840596990602,1.028283538754352,1.028283538754352,1.0151788650932474,0.9688529127200901
2014-03-03,1.0455446941856237,1.0455446941856237,1.0264777166571903,1.0264777166571903,1.013396056793722,0.967151459830152
2014-03-04,1.0415998334795664,1.0415998334795664,1.0226047960325602,1.0226047960325602,1.0095724935291859,0.9635023783399901
2014-03-05,1.0413787411307058,1.0413787411307058,1.0223877356135356,1.0223877356135356,1.0093581993763212,0.9632978631345217
2014-03-06,1.040574210639019,1.040574210639019,1.0215978768665301,1.0215978768665301,1.0085784067645087,0.9625536550257342
2014-03-07,1.041082927756536,1.041082927756536,1.0220973168121559,1.0220973168121559,1.009071481736609,0.9630242293642424
2014-03-10,1.042700177345423,1.042700177345423,1.0236850735809455,1.0236850735809455,1.0106390037807105,0.964520220219057
2014-03-11,1.0419632028492214,1.0419632028492214,1.0229615388508642,1.0229615388508642,1.009924689937829,0.963838502867496
2014-03-12,1.0436582441904851,1.0436582441904851,1.0246256687300515,1.0246256687300515,1.0115676117764567,0.9654064527760866
2014-03-13,1.0445815094621156,1.0445815094621156,1.025532096961348,1.025532096961348,1.012462488285178,0.9662604931248479
2014-03-14,1.0450370006437957,1.0450370006437957,1.0259792816209121,1.0259792816209121,1.0129039739241812,0.9666818323212989
2014-03-17,1.04654677478532,1.04654677478532,1.0274615229082318,1.0274615229082318,1.0143673251995293,0.9680784060623444
2014-03-18,1.045789328775335,1.045789328775335,1.0267178899912035,1.0267178899912035,1.0136331693054563,0.9673777521176842
2014-03-19,1.0450656607630926,1.0450656607630926,1.0260074190826376,1.0260074190826376,1.012931752795849,0.9667083435516374
2014-03-20,1.0447831538728818,1.0447831538728818,1.025730064102773,1.025730064102773,1.012657932489411,0.9664470185668723
2014-03-21,1.0450462128249982,1.0450462128249982,1.0259883258050382,1.0259883258050382,1.0129129028472172,0.9666903537881935
2014-03-24,1.0451260517287535,1.0451260517287535,1.0260667087341304,1.0260667087341304,1.0129902868468628,0.9667642065012791
2014-03-25,1.0449499967102165,1.0449499967102165,1.0258938643263886,1.0258938643263886,1.0128196452066187,0.9666013518006284
2014-03-26,1.0450400713708632,1.0450400713708632,1.025982296348954,1.025982296348954,1.01290695023186,0.9666846728102637
2014-03-27,1.0448517334440561,1.0448517334440561,1.0257973930290443,1.0257973930290443,1.0127244033609013,0.9665104561537536
2014-03-28,1.0438189455736846,1.0438189455736846,1.024783439497583,1.024783439497583,1.0117233718783072,0.9655551050319131
2014-03-31,1.0449489731345272,1.0449489731345272,1.0258928594170413,1.0258928594170413,1.0128186531040593,0.9666004049709735
2014-04-01,1.044941808104703,1.044941808104703,1.0258858250516099,1.0258858250516099,1.0128117083861423,0.966593777163389
2014-04-02,1.0442386116062439,1.0442386116062439,1.0251954523299904,1.0251954523299904,1.012130133927726,0.965943305190441
2014-04-03,1.043276450458425,1.043276450458425,1.0242508375434953,1.0242508375434953,1.0111975575217416,0.9650532853147917
2014-04-04,1.042554829597561,1.042554829597561,1.023542376453624,1.023542376453624,1.0104981252172534,0.9643857704080548
2014-04-08,1.0424923914805218,1.0424923914805218,1.0234810769834366,1.0234810769834366,1.0104376069611203,0.964328013799103
2014-04-09,1.0421413050191368,1.0421413050191368,1.0231363930773005,1.0231363930773005,1.0100973157831918,0.9640032512274564
2014-04-10,1.0427329317674765,1.0427329317674765,1.0237172306800604,1.0237172306800604,1.0106707510626163,0.9645505187680153
2014-04-11,1.0435794288624192,1.0435794288624192,1.0245482907103067,1.0245482907103067,1.0114912198793709,0.9653335468926558
2014-04-14,1.0453737570455324,1.0453737570455324,1.0263098967961855,1.0263098967961855,1.0132303756662757,0.9669933392777761
2014-04-15,1.0460697885141672,1.0460697885141672,1.0269932351523734,1.0269932351523734,1.013905005406775,0.9676371834431393
2014-04-16,1.046909120579286,1.046909120579286,1.0278172608171885,1.0278172608171885,1.0147185295056127,0.9684135837601953
2014-04-17,1.051246010774295,1.051246010774295,1.0320750617218482,1.0320750617218482,1.0189220680504596,0.9724253010082016
2014-04-18,1.0511180638131488,1.0511180638131488,1.0319494480534313,1.0319494480534313,1.018798055230515,0.9723069473013334
2014-04-21,1.0516564646256517,1.0516564646256517,1.0324780303701298,1.0324780303701298,1.0193199011768423,0.9728049796998349
2014-04-22,1.0516789832908133,1.0516789832908133,1.032500138375771,1.032500138375771,1.0193417274331527,0.9728258099522437
2014-04-23,1.0503360519866236,1.0503360519866236,1.031181697312067,1.031181697312067,1.0180400888750127,0.9715835694449546
2014-04-24,1.05053769639739,1.05053769639739,1.0313796644534923,1.0313796644534923,1.0182355330792456,0.971770094886979
2014-04-25,1.0501047238808716,1.0501047238808716,1.0309545877995694,1.0309545877995694,1.0178158736965526,0.9713695859429369
2014-04-28,1.05014361975706,1.05014361975706,1.0309927743547682,1.0309927743547682,1.017853573593816,0.9714055654698247
2014-04-29,1.0508365804986273,1.0508365804986273,1.031673097982914,1.031673097982914,1.0185252270266365,0.9720465691462232
2014-04-30,1.051548989178289,1.051548989178289,1.0323725148886596,1.0323725148886596,1.0192157304080889,0.9727055625860657
2014-05-04,1.0533678831779423,1.0533678831779423,1.0341582387988744,1.0341582387988744,1.0209786966564232,0.9743880788829048
2014-05-05,1.0534548871115215,1.0534548871115215,1.0342436560933979,1.0342436560933979,1.0210630253739856,0.9744685594035752
2014-05-06,1.0548449028974132,1.0548449028974132,1.0356083229870794,1.0356083229870794,1.0224103006498653,0.9757543540749919
2014-05-07,1.0563659363715183,1.0563659363715183,1.0371016182772197,1.0371016182772197,1.0238845650533686,0.9771613429422418
2014-05-08,1.059126520005207,1.059126520005207,1.0398118587869831,1.0398118587869831,1.0265602656564963,0.9797149425216313
2014-05-09,1.068624278825006,1.068624278825006,1.0491364126209075,1.0491364126209075,1.035765985306634,0.9885005748898755
2014-05-12,1.0674676382962451,1.0674676382962451,1.0480008650584185,1.0480008650584185,1.0346449094143337,0.9874306573797865
2014-05-13,1.0660817168131103,1.0660817168131103,1.0466402178021266,1.0466402178021266,1.0333016025486923,0.9861486500269896
2014-05-14,1.065456312067028,1.065456312067028,1.0460262181909046,1.0460262181909046,1.0326954278848024,0.9855701371078176
2014-05-15,1.0644839151623173,1.0644839151623173,1.0450715543109361,1.0450715543109361,1.0317529304532223,0.9846706489356188
2014-05-16,1.0639577972580845,1.0639577972580845,1.0445550309064058,1.0445550309064058,1.0312429897376096,0.9841839784929766
2014-05-19,1.0640652727054472,1.0640652727054472,1.044660546387876,1.044660546387876,1.031347160506363,0.9842833956067458
2014-05-20,1.0648401195021482,1.0648401195021482,1.0454212627638089,1.0454212627638089,1.0320981821439486,0.9850001456555402
2014-05-21,1.0647940585961355,1.0647940585961355,1.0453760418431788,1.0453760418431788,1.0320535375287683,0.9849575383210675
2014-05-22,1.0648114593828515,1.0648114593828515,1.0453931253020834,1.0453931253020834,1.032070403272281,0.9849736344252015
2014-05-23,1.0662055694714996,1.0662055694714996,1.046761811833154,1.046761811833154,1.0334216469583988,0.986263216415238
2014-05-26,1.0656088248447142,1.0656088248447142,1.0461759496836576,1.0461759496836576,1.0328432511661765,0.9857112147264044
2014-05-27,1.065929204035424,1.065929204035424,1.0464904863093736,1.0464904863093736,1.0331537792673182,0.9860075724084026
2014-05-28,1.0672629231584112,1.0672629231584112,1.0477998831889515,1.0477998831889515,1.034446488902422,0.9872412914487974
2014-05-29,1.069394007743261,1.069394007743261,1.0498921044501037,1.0498921044501037,1.0365120464314217,0.9892125907903949
2014-05-30,1.071706265225094,1.071706265225094,1.0521621946657342,1.0521621946657342,1.0387532061134632,0.9913514789809182
2014-06-03,1.0756787624747586,1.0756787624747586,1.0560622478427426,1.0560622478427426,1.0426035561471074,0.9950261248717637
2014-06-04,1.077248927581944,1.077248927581944,1.057603778781555,1.057603778781555,1.0441254414734693,0.996478561562451
2014-06-05,1.0760533911769945,1.0760533911769945,1.0564300446638675,1.0564300446638675,1.0429666656839056,0.995372664525474
2014-06-06,1.0753829491005888,1.0753829491005888,1.0557718290413627,1.0557718290413627,1.0423168385073953,0.9947524911014843
2014-06-09,1.0743245718379881,1.0743245718379881,1.054732752776218,1.054732752776218,1.0412910044608124,0.99377346923827
2014-06-10,1.0752058705063625,1.0752058705063625,1.0555979797242736,1.0555979797242736,1.0421452047645916,0.9945886895711786
2014-06-11,1.0749868253088803,1.0749868253088803,1.055382929123944,1.055382929123944,1.0419328948168463,0.9943860680250202
2014-06-12,1.0749039156780578,1.0749039156780578,1.0553015314668097,1.0553015314668097,1.0418525345095222,0.9943093748229695
2014-06-13,1.0739049058054289,1.0739049058054289,1.0543207399438106,1.0543207399438106,1.0408842424113935,0.9933852690797422
2014-06-16,1.0747759687169116,1.0747759687169116,1.0551759177983928,1.0551759177983928,1.0417285216895773,0.9941910211161012
2014-06-17,1.0753317703161303,1.0753317703161303,1.055721583573996,1.055721583573996,1.0422672333794172,0.994705149618737
2014-06-18,1.0754034206143723,1.0754034206143723,1.0557919272283094,1.0557919272283094,1.0423366805585863,0.9947714276945833
2014-06-19,1.0751915404467143,1.0751915404467143,1.0555839109934109,1.0555839109934109,1.042131315328758,0.9945754339560093
2014-06-20,1.0758824540369034,1.0758824540369034,1.0562622248028624,1.0562622248028624,1.0428009845564594,0.995214543973098
2014-06-23,1.0756889982316504,1.0756889982316504,1.056072296936216,1.056072296936216,1.0426134771727031,0.9950355931683132
2014-06-24,1.0762233047413965,1.0762233047413965,1.056596859615525,1.056596859615525,1.0431313547087924,0.9955298382481951
2014-06-25,1.0761229943238582,1.0761229943238582,1.0564983784994861,1.0564983784994861,1.0430341286579556,0.9954370489420103
2014-06-26,1.0761359814522022,1.0761359814522022,1.056722473283942,1.056722473283942,1.043255367528737,0.9956481919550634
2014-06-27,1.0761359814522022,1.0761359814522022,1.056228057885053,1.056228057885053,1.0427672530694345,0.9951823517648299
2014-06-30,1.0761359814522022,1.0761359814522022,1.055568837353201,1.055568837353201,1.0421164337903646,0.9945612315111853
2014-07-01,1.0761359814522022,1.0761359814522022,1.0543740001392192,1.0543740001392192,1.0409368238470502,0.9934354510514544
2014-07-02,1.0761359814522022,1.0761359814522022,1.0514456943010841,1.0514456943010841,1.0380458369884982,0.9906763894369416
2014-07-03,1.0761359814522022,1.0761359814522022,1.0493635221334052,1.0493635221334052,1.0359902004850943,0.9887145583918933
2014-07-04,1.0761359814522022,1.0761359814522022,1.0484339809871202,1.0484339809871202,1.0350725056175032,0.9878387409610682
2014-07-07,1.0761359814522022,1.0761359814522022,1.0495976660113344,1.0495976660113344,1.0362213603814714,0.9889351697014959
2014-07-08,1.0761359814522022,1.0761359814522022,1.0500076690250473,1.0500076690250473,1.0366261382257709,0.9893214762007136
2014-07-09,1.0761359814522022,1.0761359814522022,1.0502488472684077,1.0502488472684077,1.0368642428400647,0.9895487153179008
2014-07-10,1.0761359814522022,1.0761359814522022,1.049707201130194,1.049707201130194,1.036329499560463,0.9890383741338848
2014-07-11,1.0761359814522022,1.0761359814522022,1.0498298000705688,1.0498298000705688,1.0364505360727292,0.9891538873517883
2014-07-14,1.0761359814522022,1.0761359814522022,1.049149476442423,1.049149476442423,1.0357788826399084,0.9885128836753899
2014-07-15,1.0761359814522022,1.0761359814522022,1.0480410614323121,1.0480410614323121,1.0346845935167162,0.9874685305659844
2014-07-16,1.0761359814522022,1.0761359814522022,1.0434328399960158,1.0434328399960158,1.0303411685109714,0.9833233103366305
2014-07-17,1.0761359814522022,1.0761359814522022,1.0434328399960158,1.0434328399960158,1.0273420424734279,0.9804610442897287
2014-07-18,1.0761359814522022,1.0761359814522022,1.0434328399960158,1.0434328399960158,1.0260434957037043,0.979417638009978
2014-07-21,1.0761359814522022,1.0761359814522022,1.0434328399960158,1.0434328399960158,1.0260434957037043,0.9796202595561366
2014-07-22,1.0761359814522022,1.0761359814522022,1.0434328399960158,1.0434328399960158,1.0260434957037043,0.9803531057090648
2014-07-23,1.0761359814522022,1.0761359814522022,1.0434328399960158,1.0434328399960158,1.0260434957037043,0.980228124194612
2014-07-24,1.0761359814522022,1.0761359814522022,1.0434328399960158,1.0434328399960158,1.0260434957037043,0.9800860997463701
2014-07-25,1.0761359814522022,1.0761359814522022,1.0434328399960158,1.0434328399960158,1.0260434957037043,0.9804818745421375
2014-07-28,1.0761359814522022,1.0761359814522022,1.0434328399960158,1.0434328399960158,1.0260434957037043,0.9813207656164197
2014-07-29,1.0761359814522022,1.0761359814522022,1.0434328399960158,1.0434328399960158,1.0260434957037043,0.980982747429604
2014-07-30,1.0761359814522022,1.0761359814522022,1.0434328399960158,1.0434328399960158,1.0260434957037043,0.9806059092269355
2014-07-31,1.0761359814522022,1.0761359814522022,1.0434328399960158,1.0434328399960158,1.0260434957037043,0.981227976310235
2014-08-01,1.0761359814522022,1.0761359814522022,1.0434328399960158,1.0434328399960158,1.0260434957037043,0.9810490255054501
2014-08-04,1.0761359814522022,1.0761359814522022,1.0434328399960158,1.0434328399960158,1.0260434957037043,0.9828716725912213
2014-08-05,1.0761359814522022,1.0761359814522022,1.0434328399960158,1.0434328399960158,1.0260434957037043,0.982262861123091
2014-08-06,1.0761359814522022,1.0761359814522022,1.0434328399960158,1.0434328399960158,1.0260434957037043,0.982156816201737
2014-08-07,1.0761359814522022,1.0761359814522022,1.0434328399960158,1.0434328399960158,1.0260434957037043,0.9817818716583784
2014-08-08,1.0761359814522022,1.0761359814522022,1.0434328399960158,1.0434328399960158,1.0260434957037043,0.981456162257077
2014-08-11,1.0761359814522022,1.0761359814522022,1.0434328399960158,1.0434328399960158,1.0260434957037043,0.9802849339739087
2014-08-12,1.0761359814522022,1.0761359814522022,1.0434328399960158,1.0434328399960158,1.0260434957037043,0.9802499012766758
2014-08-13,1.0761359814522022,1.0761359814522022,1.0434328399960158,1.0434328399960158,1.0260434957037043,0.9806248458200343
2014-08-14,1.0761359814522022,1.0761359814522022,1.0434328399960158,1.0434328399960158,1.0260434957037043,0.9831964351628679
2014-08-15,1.0761359814522022,1.0761359814522022,1.0434328399960158,1.0434328399960158,1.0260434957037043,0.9840088150068115
2014-08-18,1.0761359814522022,1.0761359814522022,1.0434328399960158,1.0434328399960158,1.0260434957037043,0.9835410811572682
2014-08-19,1.0761359814522022,1.0761359814522022,1.0434328399960158,1.0434328399960158,1.0260434957037043,0.9832371488380306
2014-08-20,1.0761359814522022,1.0761359814522022,1.0434328399960158,1.0434328399960158,1.0260434957037043,0.9828205437898542
2014-08-21,1.0761359814522022,1.0761359814522022,1.0434328399960158,1.0434328399960158,1.0260434957037043,0.9822997874796339
2014-08-22,1.0761359814522022,1.0761359814522022,1.0434328399960158,1.0434328399960158,1.0260434957037043,0.9815214935032682
2014-08-25,1.0761359814522022,1.0761359814522022,1.0434328399960158,1.0434328399960158,1.0260434957037043,0.982508090003722
2014-08-26,1.0761359814522022,1.0761359814522022,1.0434328399960158,1.0434328399960158,1.0260434957037043,0.9829777175125753
2014-08-27,1.0761359814522022,1.0761359814522022,1.0434328399960158,1.0434328399960158,1.0260434957037043,0.9836452324193122
2014-08-28,1.0761359814522022,1.0761359814522022,1.0434328399960158,1.0434328399960158,1.0260434957037043,0.9841707228778073
2014-08-29,1.0761359814522022,1.0761359814522022,1.0434328399960158,1.0434328399960158,1.0260434957037043,0.9839444305902751
2014-09-01,1.0761359814522022,1.0761359814522022,1.0434328399960158,1.0434328399960158,1.0260434957037043,0.9836367109524177
2014-09-02,1.0761359814522022,1.0761359814522022,1.0434328399960158,1.0434328399960158,1.0260434957037043,0.9832920649580174
2014-09-03,1.0761359814522022,1.0761359814522022,1.0434328399960158,1.0434328399960158,1.0258383280380967,0.9828868218657004
2014-09-04,1.0761359814522022,1.0761359814522022,1.0434328399960158,1.0434328399960158,1.0251683247181183,0.9822448713596469
2014-09-05,1.0761359814522022,1.0761359814522022,1.0434328399960158,1.0434328399960158,1.0244775690829193,0.9815830374308399
2014-09-09,1.0761359814522022,1.0761359814522022,1.0434328399960158,1.0434328399960158,1.0243411967257556,0.9814523749384572
2014-09-10,1.0761359814522022,1.0761359814522022,1.0432241951569845,1.0432241951569845,1.024010147887713,0.9811351870040503
2014-09-11,1.0761359814522022,1.0761359814522022,1.0433007079831005,1.0433007079831005,1.0240852515047019,0.9812071460578261
2014-09-12,1.0761359814522022,1.0761359814522022,1.0438081088299758,1.0438081088299758,1.0245833070699957,0.981684348203919
2014-09-15,1.0761359814522022,1.0761359814522022,1.044115166882152,1.044115166882152,1.024884709743437,0.9819731312486774
2014-09-16,1.0761359814522022,1.0761359814522022,1.0443396716219402,1.0443396716219402,1.0251050795669698,0.9821842742617304
2014-09-17,1.0761359814522022,1.0761359814522022,1.0469874181046417,1.0469874181046417,1.0277040599969747,0.9846744362542386
2014-09-18,1.0761359814522022,1.0761359814522022,1.0529131351377907,1.0529131351377907,1.0335206374916546,0.990247475603251
2014-09-19,1.0761359814522022,1.0761359814522022,1.0586375026285288,1.0586375026285288,1.0391395738889957,0.9956311490212743
2014-09-22,1.0761359814522022,1.0761359814522022,1.0603912571429268,1.0603912571429268,1.0408610278468162,0.9972805262801901
2014-09-23,1.0761359814522022,1.0761359814522022,1.0613345797491212,1.0613345797491212,1.0417869763878482,0.9981677056668746
2014-09-24,1.0761359814522022,1.0761359814522022,1.0605452895428709,1.0605452895428709,1.0410122232862804,0.997425391217397
2014-09-25,1.0761359814522022,1.0761359814522022,1.0610536971374582,1.0610536971374582,1.0415112670570608,0.9979035401931448
2014-09-26,1.0761359814522022,1.0761359814522022,1.0605150871115094,1.0605150871115094,1.0409825771216794,0.9973969863277486
2014-09-28,1.0761359814522022,1.0761359814522022,1.0606822072317101,1.0606822072317101,1.0411466192324708,0.9975541600504696
2014-09-29,1.0761359814522022,1.0761359814522022,1.0616446580444339,1.0616446580444339,1.04209134367775,0.998459329200598
2014-09-30,1.0761359814522022,1.0761359814522022,1.0626725474584409,1.0626725474584409,1.0431003014796645,0.9994260422782981
2014-10-08,1.0761359814522022,1.0761359814522022,1.062058431354088,1.062058431354088,1.042497496132781,0.9988484761887809
2014-10-09,1.0761359814522022,1.0761359814522022,1.0614714974379604,1.0614714974379604,1.0419213723340386,0.9982964744999473
2014-10-10,1.0759207972927438,1.0759207972927438,1.0611191357387417,1.0611191357387417,1.0415755004136957,0.9979650841207162
2014-10-11,1.076157620791043,1.076157620791043,1.0613527012079382,1.0613527012079382,1.0418047640866088,0.9981847486006638
2014-10-13,1.077294781899256,1.077294781899256,1.0624742181591662,1.0624742181591662,1.0429056249987858,0.9992395168362737
2014-10-14,1.0837604717192024,1.0837604717192024,1.0688509581673151,1.0688509581673151,1.0491649185515044,1.005236735870702
2014-10-15,1.0890604182845893,1.0890604182845893,1.0740779922882988,1.0740779922882988,1.0542956814384188,1.0101526754391816
2014-10-16,1.089848468890999,1.089848468890999,1.0748552015220043,1.0748552015220043,1.0550585760741464,1.0108836279328
2014-10-17,1.0908866132779402,1.0908866132779402,1.0758790639451632,1.0758790639451632,1.056063581054114,1.0118465536918804
2014-10-20,1.095560814996528,1.095560814996528,1.0804889617186577,1.0804889617186577,1.060588573977685,1.0161820866818783
2014-10-21,1.0966622484218076,1.0966622484218076,1.0815752424999638,1.0815752424999638,1.0616548476978276,1.0172037158795648
2014-10-22,1.0939826722018269,1.0939826722018269,1.0789325297558225,1.0789325297558225,1.0590608082952564,1.0147182880353316
2014-10-23,1.0919012794732397,1.0919012794732397,1.0768797711709446,1.0768797711709446,1.0570458573078876,1.0127877023688965
2014-10-24,1.090907029096759,1.090907029096759,1.0758991988994042,1.0758991988994042,1.0560833451638478,1.011865490284979
2014-10-27,1.0930006713166376,1.0930006713166376,1.0779640384568265,1.0779640384568265,1.0581101546170568,1.0138074379072735
2014-10-28,1.0942889094841104,1.0942889094841104,1.0792345540694386,1.0792345540694386,1.0593572699412646,1.0150023369318155
2014-10-29,1.0968878432197566,1.0968878432197566,1.0817977337443279,1.0817977337443279,1.061873241110387,1.0174129652333082
2014-10-30,1.0952933677700003,1.0952933677700003,1.0802251938180996,1.0802251938180996,1.0603296641401712,1.0159340173122824
2014-10-31,1.0950677729720515,1.0950677729720515,1.0800027025737358,1.0800027025737358,1.060111270727612,1.015724767958539
2014-11-03,1.0986211462374813,1.0986211462374813,1.0835071913593952,1.0835071913593952,1.063551214026793,1.0190206819874064
2014-11-04,1.1043345131339513,1.1043345131339513,1.0891419583037607,1.0891419583037607,1.0690822001358185,1.0243200875661393
2014-11-05,1.1072978692355149,1.1072978692355149,1.0920645469118528,1.0920645469118528,1.0719509606636906,1.0270687340544478
2014-11-06,1.1050255886009712,1.1050255886009712,1.089823526504821,1.089823526504821,1.0697512152503101,1.0249610912425378
2014-11-07,1.1109318849852796,1.1109318849852796,1.0956485687667645,1.0956485687667645,1.0754689721963206,1.0304394476260557
2014-11-10,1.1147241233308907,1.1147241233308907,1.0993886365170447,1.0993886365170447,1.079140155579388,1.0339569197941803
2014-11-11,1.115202874282194,1.115202874282194,1.0998608011939979,1.0998608011939979,1.0796036239526476,1.03440098290235
2014-11-12,1.1125192148984493,1.1125192148984493,1.0972140614590085,1.0972140614590085,1.0770056317281296,1.0319117677394969
2014-11-13,1.108543234183468,1.108543234183468,1.0932927791205587,1.0932927791205587,1.0731565713574571,1.0282238662334822
2014-11-14,1.105495152433806,1.105495152433806,1.0902866304523657,1.0902866304523657,1.0702057897741892,1.025396632883813
2014-11-17,1.102758411921132,1.102758411921132,1.0875875398363493,1.0875875398363493,1.0675564108643631,1.0228581825789027
2014-11-18,1.105738100677751,1.105738100677751,1.0905262364078347,1.0905262364078347,1.0704409826800225,1.0256219783416904
2014-11-19,1.1053757198937153,1.1053757198937153,1.0901688409700554,1.0901688409700554,1.070090169732246,1.0252858538141842
2014-11-20,1.1036465000397542,1.1036465000397542,1.0884634103458362,1.0884634103458362,1.0684161496377866,1.0236819243787059
2014-11-21,1.1024501330569665,1.1024501330569665,1.087283502027309,1.087283502027309,1.0672579728073817,1.022572240023109
2014-11-24,1.1168136823870054,1.1168136823870054,1.1014494490836189,1.1014494490836189,1.0811630122106504,1.0358950800978548
2014-11-25,1.11367577103454,1.11367577103454,1.0983547066167654,1.0983547066167654,1.0781252685445535,1.0329845257385506
2014-11-26,1.1136931244805361,1.1136931244805361,1.0983718213278701,1.0983718213278701,1.0781420680378273,1.0330006218426846
2014-11-27,1.1136267730693747,1.1136267730693747,1.0983063827265866,1.0983063827265866,1.0780778346811921,1.032939077915113
2014-11-28,1.1140800042471544,1.1140800042471544,1.0987533787107386,1.0987533787107386,1.0785165979172844,1.0333594702819093
2014-12-01,1.1145873373448039,1.1145873373448039,1.0992537323236293,1.0992537323236293,1.079007736044171,1.0338300446204174
2014-12-02,1.113304203132036,1.113304203132036,1.0979882504495777,1.0979882504495777,1.077765561747397,1.0326398797441503
2014-12-03,1.1069844864166447,1.1069844864166447,1.0917554753642522,1.0917554753642522,1.0716475815792754,1.0267780573503793
2014-12-04,1.1030830234403526,1.1030830234403526,1.0879076856087826,1.0879076856087826,1.0678706602091317,1.0231592744091755
2014-12-05,1.0932864927801023,1.0932864927801023,1.0782459278162018,1.0782459278162018,1.058386852153331,1.0140725502106582
2014-12-08,1.0930915217103818,1.0930915217103818,1.0780536390031996,1.0780536390031996,1.0581981049053726,1.0138917057465637
2014-12-09,1.0935794597801534,1.0935794597801534,1.0785348644095611,1.0785348644095611,1.0586704671280123,1.014344290321628
2014-12-10,1.096900092711048,1.096900092711048,1.0818098147168724,1.0818098147168724,1.0618850995762272,1.0174243271891674
2014-12-11,1.0958762393972798,1.0958762393972798,1.0808000467616823,1.0808000467616823,1.0608939294730733,1.0164746570452565
2014-12-12,1.0950963551183979,1.0950963551183979,1.0798148853313714,1.0798148853313714,1.0601389404812394,1.0157512791888776
2014-12-15,1.0932844511982203,1.0932844511982203,1.0798148853313714,1.0798148853313714,1.0583848757423577,1.0140706565513484
2014-12-16,1.0946533318500278,1.0946533318500278,1.0798148853313714,1.0798148853313714,1.0597100593000142,1.015340355118631
2014-12-17,1.095559794205587,1.095559794205587,1.0798148853313714,1.0798148853313714,1.0605875857721982,1.0161811398522231
2014-12-18,1.0954311745470278,1.0954311745470278,1.0798148853313714,1.0798148853313714,1.0604630718808747,1.0160618393157002
2014-12-19,1.0982975555092018,1.0982975555092018,1.0798148853313714,1.0798148853313714,1.0630253052969336,1.0187205369867884
2014-12-22,1.0985922717366092,1.098812034143438,1.0798148853313714,1.0798148853313714,1.0630253052969336,1.0191977391328813
2014-12-23,1.0985922717366092,1.1015907557043492,1.0798148853313714,1.0798148853313714,1.0630253052969336,1.0219795246591128
2014-12-24,1.0985922717366092,1.1015907557043492,1.0798148853313714,1.0798148853313714,1.0630253052969336,1.0257952481685453
2014-12-25,1.0985922717366092,1.1015907557043492,1.0798148853313714,1.0798148853313714,1.0630253052969336,1.0250576678673424
2014-12-26,1.0985922717366092,1.1015907557043492,1.0798148853313714,1.0798148853313714,1.0630253052969336,1.0265820636118057
2014-12-29,1.0985922717366092,1.1015907557043492,1.0798148853313714,1.0798148853313714,1.0630253052969336,1.0256229251713451
2014-12-30,1.0985922717366092,1.1015907557043492,1.0798148853313714,1.0798148853313714,1.0630253052969336,1.0252508211169513
2014-12-31,1.0985922717366092,1.1015907557043492,1.0798148853313714,1.0798148853313714,1.0630253052969336,1.024236766556504
2015-01-04,1.0985922717366092,1.1015907557043492,1.0798148853313714,1.0798148853313714,1.0630253052969336,1.0249771873466722
2015-01-05,1.0985922717366092,1.1015907557043492,1.0798148853313714,1.0798148853313714,1.0630253052969336,1.024204574348236
2015-01-06,1.0985922717366092,1.1015907557043492,1.0798148853313714,1.0798148853313714,1.0630253052969336,1.0235995501987254
2015-01-07,1.0985922717366092,1.1015907557043492,1.0798148853313714,1.0798148853313714,1.0630253052969336,1.0236033375173452
2015-01-08,1.0985922717366092,1.1015907557043492,1.0798148853313714,1.0798148853313714,1.0630253052969336,1.0241136787013612
2015-01-09,1.0985922717366092,1.1015907557043492,1.0798148853313714,1.0798148853313714,1.0630253052969336,1.0237557770917916
2015-01-12,1.0985922717366092,1.1015907557043492,1.0798148853313714,1.0798148853313714,1.0630253052969336,1.023836257612462
2015-01-13,1.0985922717366092,1.1015907557043492,1.0798148853313714,1.0798148853313714,1.0630253052969336,1.0263197917973854
2015-01-14,1.0985922717366092,1.1015907557043492,1.0798148853313714,1.0798148853313714,1.0630253052969336,1.0293127203366699
2015-01-15,1.0985922717366092,1.1015907557043492,1.0798148853313714,1.0798148853313714,1.0630253052969336,1.0307897745983856
2015-01-16,1.0985922717366092,1.1015907557043492,1.0798148853313714,1.0798148853313714,1.0630253052969336,1.0331843067957442
2015-01-19,1.0985922717366092,1.1015907557043492,1.0798148853313714,1.0798148853313714,1.0630253052969336,1.0347049152215877
2015-01-20,1.0985922717366092,1.1015907557043492,1.0798148853313714,1.0798148853313714,1.0630253052969336,1.0353080457117882
2015-01-21,1.0985922717366092,1.1015907557043492,1.0798148853313714,1.0798148853313714,1.0630253052969336,1.0358060781102898
2015-01-22,1.0985922717366092,1.1015907557043492,1.0798148853313714,1.0798148853313714,1.0630253052969336,1.0367121940900732
2015-01-23,1.0985922717366092,1.1015907557043492,1.0798148853313714,1.0798148853313714,1.0630253052969336,1.037799154533951
2015-01-26,1.0985922717366092,1.1015907557043492,1.0798148853313714,1.0798148853313714,1.0630253052969336,1.0383341132889958
2015-01-27,1.0985922717366092,1.1015907557043492,1.0798148853313714,1.0798148853313714,1.0630253052969336,1.0377688559849931
2015-01-28,1.0985922717366092,1.1015907557043492,1.0798148853313714,1.0798148853313714,1.0630253052969336,1.0368144516928075
2015-01-29,1.0985922717366092,1.1015907557043492,1.0798148853313714,1.0798148853313714,1.0630253052969336,1.0345695185809303
2015-01-30,1.0983725972171658,1.1015907557043492,1.0798148853313714,1.0798148853313714,1.0630253052969336,1.0343072467665102
2015-02-02,1.0996113444043165,1.1015907557043492,1.0798148853313714,1.0798148853313714,1.0630253052969336,1.0354737409014039
2015-02-03,1.1012281507979351,1.1015907557043492,1.0798148853313714,1.0798148853313714,1.0630253052969336,1.036996242986557
2015-02-04,1.1009204749543735,1.1015907557043492,1.0798148853313714,1.0798148853313714,1.0630253052969336,1.0367065131121436
2015-02-05,1.1024588541721823,1.1015907557043492,1.0798148853313714,1.0798148853313714,1.0630253052969336,1.038155162484211
2015-02-06,1.1019008146519969,1.1015907557043492,1.0798148853313714,1.0798148853313714,1.0630253052969336,1.0376296720257159
2015-02-09,1.1035618620165852,1.1015907557043492,1.0798148853313714,1.0798148853313714,1.0630253052969336,1.0391938346156868
2015-02-10,1.104304909233553,1.1015907557043492,1.0798148853313714,1.0798148853313714,1.0630253052969336,1.0398935417306918
2015-02-11,1.1054843333005397,1.1015907557043492,1.0798148853313714,1.0798148853313714,1.0630253052969336,1.0410041729159436
2015-02-12,1.1072549776159395,1.1015907557043492,1.0798148853313714,1.0798148853313714,1.0630253052969336,1.0426715399383037
2015-02-13,1.109445911155551,1.1015907557043492,1.0798148853313714,1.0798148853313714,1.0630253052969336,1.044734681756431
2015-02-15,1.110906868674163,1.1015907557043492,1.0798148853313714,1.0798148853313714,1.0630253052969336,1.0461104252450677
2015-02-16,1.1115795325282245,1.1015907557043492,1.0798148853313714,1.0798148853313714,1.0630253052969336,1.0467438542842267
2015-02-17,1.112252196382286,1.1015907557043492,1.0798148853313714,1.0798148853313714,1.0630253052969336,1.0473772833233854
2015-02-25,1.1129636468988826,1.1015907557043492,1.0798148853313714,1.0798148853313714,1.0630253052969336,1.0482568880728302
2015-02-26,1.1129636468988826,1.1015907557043492,1.0798148853313714,1.0798148853313714,1.0630253052969336,1.0463973146305163
2015-02-27,1.1129636468988826,1.1015907557043492,1.0798148853313714,1.0798148853313714,1.0630253052969336,1.046318727769156
2015-02-28,1.1129636468988826,1.1015907557043492,1.0798148853313714,1.0798148853313714,1.0630253052969336,1.0469426885117652
2015-03-02,1.1129636468988826,1.1015907557043492,1.0798148853313714,1.0798148853313714,1.0630253052969336,1.0450935301956557
2015-03-03,1.1129636468988826,1.1015907557043492,1.0798148853313714,1.0798148853313714,1.0630253052969336,1.0429366522416885
2015-03-04,1.1129636468988826,1.1015907557043492,1.0798148853313714,1.0798148853313714,1.0630253052969336,1.042173507539802
2015-03-05,1.1129636468988826,1.1015907557043492,1.0798148853313714,1.0798148853313714,1.0630253052969336,1.0388614974068007
2015-03-06,1.1129636468988826,1.1015907557043492,1.0798148853313714,1.0798148853313714,1.0630253052969336,1.038488446522752
2015-03-09,1.1129636468988826,1.1015907557043492,1.0798148853313714,1.0798148853313714,1.0630253052969336,1.03492552653119
2015-03-10,1.1129636468988826,1.1015907557043492,1.0798148853313714,1.0798148853313714,1.0630253052969336,1.03545007016003
2015-03-11,1.1129636468988826,1.1015907557043492,1.0798148853313714,1.0798148853313714,1.0630253052969336,1.0404815229464135
2015-03-12,1.1129636468988826,1.1015907557043492,1.0798148853313714,1.0798148853313714,1.0630253052969336,1.0402949975043891
2015-03-13,1.1129636468988826,1.1015907557043492,1.0798148853313714,1.0798148853313714,1.0630253052969336,1.0388823276592096
2015-03-16,1.1129636468988826,1.1015907557043492,1.0798148853313714,1.0798148853313714,1.0630253052969336,1.0352124159166387
2015-03-17,1.1129636468988826,1.1015907557043492,1.0798148853313714,1.0798148853313714,1.0630253052969336,1.0343280770189192
2015-03-18,1.1129636468988826,1.1015907557043492,1.0798148853313714,1.0798148853313714,1.0630253052969336,1.033307394650887
2015-03-19,1.1129636468988826,1.1015907557043492,1.0798148853313714,1.0798148853313714,1.0630253052969336,1.0335696664653073
2015-03-20,1.1129636468988826,1.1015907557043492,1.0798148853313714,1.0798148853313714,1.0630253052969336,1.0346916596064184
2015-03-23,1.1129636468988826,1.1015907557043492,1.0798148853313714,1.0798148853313714,1.0630253052969336,1.0350003260739309
2015-03-24,1.1129636468988826,1.1015907557043492,1.0798148853313714,1.0798148853313714,1.0630253052969336,1.0351451910111376
2015-03-25,1.1129636468988826,1.1015907557043492,1.0798148853313714,1.0798148853313714,1.0630253052969336,1.034698287414003
2015-03-26,1.1129636468988826,1.1015907557043492,1.0798148853313714,1.0798148853313714,1.0630253052969336,1.0298296893282703
2015-03-27,1.1129636468988826,1.1015907557043492,1.0798148853313714,1.0798148853313714,1.0630253052969336,1.0296403233972813
2015-03-30,1.1129636468988826,1.1015907557043492,1.0798148853313714,1.0798148853313714,1.0630253052969336,1.0273073351274942
2015-03-31,1.1129636468988826,1.1015907557043492,1.0798148853313714,1.0798148853313714,1.0630253052969336,1.0220334939494446
2015-04-01,1.1129636468988826,1.1015907557043492,1.0798148853313714,1.0798148853313714,1.0630253052969336,1.0249734000280522
2015-04-02,1.1129636468988826,1.1015907557043492,1.0798148853313714,1.0798148853313714,1.0630253052969336,1.0280771076369655
2015-04-03,1.1129636468988826,1.1015907557043492,1.0798148853313714,1.0798148853313714,1.0630253052969336,1.026958901814474
2015-04-07,1.1129636468988826,1.1015907557043492,1.0798148853313714,1.0798148853313714,1.0630253052969336,1.0257289700926993
2015-04-08,1.1129636468988826,1.1015907557043492,1.0798148853313714,1.0798148853313714,1.0630253052969336,1.0185453735006236
2015-04-09,1.1129636468988826,1.1015907557043492,1.0798148853313714,1.0798148853313714,1.0630253052969336,1.0184355412606498
2015-04-10,1.1129636468988826,1.1015907557043492,1.0798148853313714,1.0798148853313714,1.0630253052969336,1.0199286916264996
2015-04-13,1.1129636468988826,1.1015907557043492,1.0795989655382636,1.0798148853313714,1.0630253052969336,1.0212646682696285
2015-04-14,1.1129636468988826,1.1015907557043492,1.0816238110181464,1.0795989655382638,1.062812742748384,1.0231801046615845
2015-04-15,1.1129636468988826,1.1015907557043492,1.083980959364723,1.0819517012035307,1.065128896732579,1.0254098884989824
2015-04-16,1.1129636468988826,1.1015907557043492,1.0851590330818868,1.0831275695169145,1.0662864819722382,1.0265243070028538
2015-04-17,1.1127410986791468,1.1015907557043492,1.0859627656178956,1.083929797431653,1.0670762363880804,1.0272846112157754
2015-04-20,1.1214935123669785,1.1013704816080276,1.0945045507515192,1.0924555919825605,1.075469467004267,1.035364855491085
2015-04-21,1.1252328257377113,1.1050427002366627,1.0981538768116543,1.096098086350103,1.079055325784044,1.0388169964130183
2015-04-22,1.1239210918372267,1.1037545028625473,1.0968737100450847,1.094820316109816,1.0777974230469802,1.0376060012843424
2015-04-23,1.121815548680311,1.1016867396029237,1.0948188371977294,1.0927692900712627,1.075778287535493,1.035662160002738
2015-04-24,1.121607353229335,1.1014822798164143,1.094615652011167,1.0925664852559553,1.0755786360455604,1.035469953582784
2015-04-27,1.1230042113782484,1.1028540740490533,1.0959788944944098,1.0939271756916638,1.076918169687375,1.0367595355728205
2015-04-28,1.125686138000428,1.105487878688077,1.0985962800257463,1.096539661366684,1.079490034939464,1.0392354951205045
2015-04-29,1.1251712901364377,1.1049822687726698,1.0980938220767096,1.0960381440401599,1.078996315491453,1.0387601866337215
2015-04-30,1.1264696913233132,1.10625737266292,1.0993609769840411,1.0973029267799594,1.0802414326651222,1.0399588729768832
2015-05-04,1.1273886229690007,1.1071598158585472,1.1002577943592142,1.0981980652751098,1.0811226530344804,1.0408072323477149
2015-05-05,1.1258184395431663,1.1056178063356619,1.0987253977058773,1.0966685373330616,1.0796169070685346,1.0393576361459926
2015-05-06,1.121696579851182,1.101569905439204,1.0947027313768367,1.0926534016053728,1.0756642009698172,1.0355523277627643
2015-05-07,1.121468898126469,1.1013463090224302,1.0944805288575414,1.092431615058583,1.0754458628872305,1.0353421315793663
2015-05-08,1.1239303221774177,1.1037635675821464,1.0968827182553265,1.0948293074563074,1.077806274590869,1.037614522751237
2015-05-11,1.122974469170966,1.1028248655081232,1.0959498680391866,1.0938982035751912,1.076889648045956,1.036732077512827
2015-05-12,1.123639053664722,1.1034775253192466,1.0965984591765885,1.0945455805225768,1.0775269592059382,1.037345623129232
2015-05-13,1.1245395246300276,1.104361839075676,1.097477260131278,1.0954227363247442,1.0783904764875192,1.0381769395662748
2015-05-14,1.1254010230478597,1.1052078795715765,1.098318026420503,1.0962619286639477,1.0792166205837928,1.0389722764764295
2015-05-15,1.12592715243875,1.1057245685887158,1.0988314944042794,1.096774435413961,1.0797211585854454,1.0394580000894167
2015-05-18,1.1257189569877737,1.1055201088022064,1.0986283092177167,1.0965716305986535,1.0795215070955124,1.0392657936694625
2015-05-19,1.124449272414826,1.10427320626182,1.0973891798533595,1.0953348209368277,1.078303928058386,1.0380936185566396
2015-05-20,1.123817506908416,1.1036527765648259,1.0967726179079278,1.0947194132214115,1.077698089054452,1.0375103714891927
2015-05-21,1.1235077777153382,1.1033486048627283,1.0964703424087066,1.094417703594698,1.0774010705817443,1.037224428933399
2015-05-22,1.1240195487992646,1.103851193204936,1.096969797620996,1.0949162238057248,1.0778918395151256,1.0376968969312172
2015-05-25,1.1237159731663144,1.1035530646492377,1.0966735275952693,1.0946205084100056,1.077600722071677,1.0374166353533532
2015-05-26,1.1176157438933798,1.0975622921854085,1.0907201015377588,1.0886782274176459,1.0717508350661604,1.031784892565734
2015-05-27,1.1175470291386242,1.0974948103839497,1.0906530404170707,1.0886112918382094,1.071684940239434,1.0317214549788527
2015-05-28,1.1121544592803374,1.0921989997560388,1.0853902438114236,1.0833583474101955,1.0665136715987134,1.0267430246531462
2015-05-29,1.111558589541337,1.0916138217463742,1.0848087137947098,1.0827779060422464,1.0659422552654576,1.0261929166236228
2015-06-01,1.1063690871672534,1.0865174349496398,1.0797440978143797,1.0777227712370447,1.0609657205902872,1.0214019585695957
2015-06-02,1.1087617964634464,1.088867211707897,1.0820792260914767,1.0800535280553323,1.0632602374671989,1.0236109121545849
2015-06-03,1.1100478905300672,1.0901302293053485,1.0833343700518192,1.0813063223331432,1.0644935525823498,1.024798236541887
2015-06-04,1.1106140180617854,1.0906861987740832,1.0838868736133098,1.0818577915846197,1.0650364472741864,1.0253208865114174
2015-06-05,1.1108806723339715,1.0909480684513857,1.0841471107980698,1.0821175415943731,1.0652921585420805,1.0255670622217032
2015-06-08,1.1129759595573416,1.093005759800344,1.0861919745229343,1.0841585772479359,1.0673014590048027,1.0275014352067582
2015-06-09,1.1134867050479134,1.0935073409514848,1.0866904288229746,1.0846560984204636,1.0677912444333073,1.0279729563749211
2015-06-10,1.1130774932994432,1.0931054717159323,1.0862910648355928,1.084257482059342,1.0673988259875777,1.027595171342598
2015-06-11,1.1118037063530772,1.0918545404112792,1.0850479318222392,1.0830166762435198,1.0661773129309449,1.0264192089111548
2015-06-12,1.1107093982437597,1.0907798675432723,1.0839799584524739,1.0819507021650314,1.0651279132277025,1.0254089416693273
2015-06-15,1.1090397322625327,1.0891401604869315,1.0823504733109763,1.0803242674885754,1.0635267672887345,1.0238675029910753
2015-06-16,1.1083864292956767,1.0884985797775404,1.0817128922083143,1.0796878799646794,1.062900274682394,1.0232643725008745
2015-06-17,1.109474583844867,1.089567209499148,1.082774860104585,1.0807478598121731,1.0639437733563772,1.0242689587647722
2015-06-18,1.1114816700397447,1.091538282416383,1.0847336453760288,1.0827029781548174,1.0658684923997188,1.0261219043995016
2015-06-19,1.112679563077873,1.0927146815821114,1.0859027108829509,1.0838698551217099,1.0670172260954893,1.0272278014364786
2015-06-23,1.1114447486789807,1.0915020235379873,1.0846976125350622,1.0826670127688516,1.0658330862241643,1.0260878185319238
2015-06-24,1.110832469446307,1.090900730471258,1.0841000679223631,1.0820705867849176,1.0652459338128843,1.0255225612279208
2015-06-25,1.1103278775158625,1.0904051924665163,1.0836076190958173,1.0815790598433843,1.0647620494136385,1.0250567210376873
2015-06-26,1.1110222042169011,1.0910870608185694,1.0842852366884423,1.0822554089072423,1.0654278822150398,1.025697724714086
2015-06-29,1.1106683745095771,1.0907395799006103,1.0839399219625108,1.0819107406250694,1.0650885730326418,1.0253710684831294
2015-06-30,1.1110427160839922,1.0911072046399004,1.084305254933424,1.0822753896772233,1.0654475523125702,1.0257166613071849
2015-07-01,1.1097730315110446,1.0898603020995137,1.0830661255690666,1.0810385800153972,1.0642299732754434,1.0245444861943616
2015-07-02,1.109512530798986,1.0896044755686105,1.082811893857801,1.0807848242366382,1.0639801630368084,1.0243039914620053
2015-07-03,1.1117811432992768,1.091832382207815,1.0850259117527594,1.0829946973965405,1.0661556758236617,1.026398378658746
2015-07-06,1.1172957587667565,1.0972480485726455,1.090407816916047,1.0883665274059418,1.0714439815446875,1.0314894817133908
2015-07-07,1.1212145509745377,1.1010965256379264,1.0942323026197702,1.0921838535108184,1.0752019536778548,1.0351073178249397
2015-07-08,1.121286342509357,1.1011670290125848,1.0943023664772058,1.092253786205752,1.075270799019211,1.035173595900786
2015-07-09,1.1229498549304564,1.102800692922526,1.0959258461452086,1.093874226651214,1.0768660439289197,1.0367093536011083
2015-07-10,1.1186874889488971,1.0986148068499515,1.0917660548380443,1.089722222649155,1.0727785976621196,1.0327743295551528
2015-07-13,1.1189326057606372,1.0988555255148564,1.0920052728655738,1.0899609928504284,1.0730136553276068,1.0330006218426846
2015-07-14,1.1163942622080965,1.0963627276251493,1.089528015049108,1.0874883725652753,1.07057948075823,1.0306572184466931
2015-07-15,1.1152866213851698,1.0952749612732773,1.088447029820105,1.0864094109862994,1.069517295491593,1.0296346424193517
2015-07-16,1.1151881644231316,1.0951782709308886,1.0883509422441935,1.0863135032903906,1.0694228790234475,1.0295437467724768
2015-07-17,1.1161511965830655,1.0961240233423775,1.089290798846077,1.087251600441,1.0703463901024959,1.0304328198184711
2015-07-20,1.117464981670259,1.0974142350986258,1.0905729674371445,1.0885313687582852,1.0716062598493126,1.0316457086064568
2015-07-21,1.117227044012001,1.0971805667711867,1.0903407557953588,1.0882995918265053,1.071378086717961,1.0314260441265095
2015-07-22,1.1164711817096886,1.0964382669551407,1.089603083467789,1.087563300452704,1.0706532436239689,1.0307282306708143
2015-07-23,1.1176249742335709,1.0975713569050074,1.0907291097480005,1.0886872187641374,1.0717596866100492,1.0317934140326286
2015-07-24,1.1198033345186604,1.099710630730356,1.0928550473650402,1.0908091765361232,1.073848650967769,1.033804480219734
2015-07-27,1.1208935402545597,1.1007812748340968,1.093919017085809,1.0918711544606152,1.0748941166515051,1.0348109601429414
2015-07-28,1.12209861244617,1.101964724337291,1.0950950889784747,1.093045024697001,1.0760497348814115,1.0359234849875032
2015-07-29,1.1223693690917744,1.1022306227788599,1.095359329812231,1.0933087708607505,1.0763093801688115,1.036173448016409
2015-07-30,1.122662688791179,1.1025186794238926,1.095645590715467,1.0935944958714794,1.0765906625634951,1.0364442412977233
2015-07-31,1.1195130915993194,1.0994255956585228,1.0925717891985516,1.0905264486408917,1.0735703190877148,1.0335365274273842
2015-08-03,1.1186126206340141,1.0985412819020934,1.0916929882438617,1.0896492928387242,1.0727068018061339,1.0327052109903416
2015-08-04,1.1196771865360493,1.0995867462291704,1.0927319351584037,1.0906862948007399,1.0737276798679574,1.0336880201721754
2015-08-05,1.120300747295623,1.1001991183976318,1.0933404898058425,1.0912937102081632,1.0743256508328791,1.0342636926023827
2015-08-06,1.1206556025963015,1.1005476065066577,1.0936868054440234,1.0916393775288353,1.0746659435201535,1.0345912956629941
2015-08-07,1.120890463474496,1.1007782532608972,1.093916014349062,1.091868157345118,1.0748911661368756,1.0348081196539767
2015-08-10,1.1207796993922035,1.10066947662571,1.0938079158261615,1.0917602611872204,1.074784947610212,1.0347058620512426
2015-08-11,1.1174742120104502,1.0974232998182247,1.0905819756473862,1.0885403601047767,1.0716151113932013,1.0316542300733513
2015-08-12,1.1166824539407285,1.0966457483148495,1.0898092713910987,1.0877691023835088,1.070855845628531,1.0309232775797332
2015-08-13,1.1161511965830655,1.0961240233423775,1.089290798846077,1.087251600441,1.0703463901024959,1.0304328198184711
2015-08-14,1.1172188392651643,1.097172509242654,1.090332748497366,1.0882915995185127,1.0713702186789487,1.0314184694892699
2015-08-17,1.1167296312350383,1.0966920791039108,1.0898553133545563,1.0878150581544652,1.0709010868528508,1.0309668317438607
2015-08-18,1.116468104929625,1.0964352453819408,1.0896000807310415,1.087560303337207,1.0706502931093391,1.0307253901818492
2015-08-19,1.1157153194073766,1.0956959671390945,1.0888654111402192,1.086827009078903,1.0699284005299765,1.030030417215119
2015-08-20,1.1157337800877587,1.0957140965782923,1.0888834275607024,1.086844991771886,1.0699461036177538,1.030047460148908
2015-08-21,1.116219911337821,1.0961915051438362,1.089357859966765,1.0873185360204365,1.0704122849292224,1.0304962574053524
2015-08-24,1.1173460128411299,1.0972974009349061,1.0904568616162515,1.0884154802923953,1.0714921732836367,1.031535876366483
2015-08-25,1.118603390293823,1.0985322171824945,1.09168398003362,1.0896403014922327,1.0726979502622453,1.032696689523447
2015-08-26,1.1190772144236305,1.0989975394552398,1.0921464014926936,1.0901018572787946,1.0731523295151957,1.0331341248240322
2015-08-27,1.1249743762123618,1.1047888880878924,1.0979016469248868,1.095846328648342,1.0788074825551621,1.0385783953399719
2015-08-28,1.1254553794956512,1.1052612606981036,1.098371074769704,1.0963148777043972,1.079268746342248,1.0390224584481416
2015-08-31,1.1290490586100366,1.1087904581952888,1.10187827129047,1.0998155086050747,1.0827149474295596,1.0423401495590727
2015-09-01,1.1308417957938108,1.1105510281796154,1.1036278659018568,1.101561827901417,1.0844341139537095,1.0439952077959183
2015-09-02,1.1313227990771004,1.1110234007898265,1.104097293746674,1.1020303769574722,1.0848953777407955,1.044439270904088
2015-09-06,1.1310110186973135,1.1107172147055957,1.1037930164229546,1.1017266692537606,1.0845963922583346,1.0441514346889842
2015-09-07,1.1296814987517554,1.1096334771179897,1.1027160348429474,1.1006517038287809,1.0835381410112035,1.0431326459802623
2015-09-08,1.1296814987517554,1.108986600799409,1.1022936498738372,1.1002301095821811,1.0831231019533138,1.042733083865875
2015-09-09,1.1296814987517554,1.108986600799409,1.1016610733324204,1.0995987172507804,1.0825015268713558,1.0421346875239494
2015-09-10,1.1296814987517554,1.108986600799409,1.101632046877197,1.0995697451343078,1.0824730052299367,1.0421072294639557
2015-09-11,1.1296814987517554,1.108986600799409,1.1018582530454886,1.0997955278350937,1.0826952773320295,1.0423212129659736
2015-09-14,1.1296814987517554,1.108986600799409,1.1019233123416785,1.099860465337532,1.082759205149003,1.0423827568935449
2015-09-15,1.1296814987517554,1.108986600799409,1.1026479728100103,1.1005837692108453,1.0834712626796004,1.043068261563726
2015-09-16,1.1296814987517554,1.108986600799409,1.1029662629052168,1.100901463453544,1.0837840172303326,1.043369353393999
2015-09-17,1.1296814987517554,1.108986600799409,1.1029062081702723,1.1008415211436007,1.0837250069377415,1.0433125436147022
2015-09-18,1.1296814987517554,1.108986600799409,1.1036108503936224,1.101544844246933,1.0844173943708086,1.0439791116917843
2015-09-21,1.1296814987517554,1.108986600799409,1.1031314134263144,1.1010663048058873,1.0839462955349575,1.043525580287065
2015-09-22,1.1296814987517554,1.108986600799409,1.1027640786309032,1.1006996576767354,1.0835853492452763,1.0431780938036999
2015-09-23,1.1296814987517554,1.108986600799409,1.1020494272850623,1.0999863441884123,1.082883126763444,1.0425020574300683
2015-09-24,1.1296814987517554,1.108986600799409,1.1032755447901816,1.1012101663497509,1.0840879202371758,1.0436619237573772
2015-09-25,1.1296814987517554,1.108986600799409,1.1030923778486004,1.1010273423044243,1.0839079388447734,1.0434886539305221
2015-09-28,1.1296814987517554,1.108986600799409,1.1047789149882954,1.1027107221753265,1.0855651445617027,1.0450840618991062
2015-09-29,1.1296814987517554,1.108986600799409,1.1065505296691618,1.104479020318648,1.0873059481931358,1.0467599503883607
2015-09-30,1.1296814987517554,1.108986600799409,1.1081289682859563,1.1060545040316527,1.0888569353834014,1.0482531007542106
2015-10-08,1.1296814987517554,1.108986600799409,1.1087435284068898,1.1066679136700706,1.0894608073775822,1.0488344541623473
2015-10-09,1.1296814987517554,1.108986600799409,1.1161292598928294,1.114039818754573,1.096718089861393,1.0558211101861943
2015-10-10,1.1296814987517554,1.108986600799409,1.1163324450793919,1.1142426235698806,1.0969177413513256,1.0560133166061483
2015-10-12,1.1296814987517554,1.108986600799409,1.11535855746104,1.1132705591103034,1.0959607911064757,1.0550920513518858
2015-10-13,1.1296814987517554,1.108986600799409,1.1198566571083923,1.1177602381250418,1.1003806620215382,1.0593471038212134
2015-10-14,1.1296814987517554,1.108986600799409,1.1257049873797498,1.123597620075001,1.1061272810150207,1.064879429495063
2015-10-15,1.1296814987517554,1.108986600799409,1.121942558235469,1.1198422343570655,1.1024302861841973,1.061320296822121
2015-10-16,1.1296814987517554,1.108986600799409,1.1184453708371938,1.1163515938413788,1.0989939201456507,1.0580120740077394
2015-10-19,1.1296814987517554,1.108986600799409,1.1183622951205203,1.1162686736459575,1.0989122892409,1.057933487146379
2015-10-20,1.1296814987517554,1.108986600799409,1.1222318218754523,1.1201309564832915,1.1027145190935104,1.0615939305924003
2015-10-21,1.1296814987517554,1.108986600799409,1.12187649802703,1.1197762978161283,1.1023653748623474,1.0612578060648947
2015-10-22,1.1296814987517554,1.108986600799409,1.1220476540216222,1.1199471333994662,1.1025335541962316,1.0614197139358903
2015-10-23,1.1296814987517554,1.108986600799409,1.1237001601448484,1.1215965459614003,1.1041573207473592,1.0629829296962063
2015-10-26,1.1296814987517554,1.108986600799409,1.1269731431993304,1.1248634018532995,1.1073733816935662,1.0660790626678798
2015-10-27,1.1296814987517554,1.108986600799409,1.1296385725186227,1.1275238413762743,1.109992455179728,1.068600470039001
2015-10-28,1.1296814987517554,1.108986600799409,1.1287417551434495,1.126628702881124,1.1091112348103698,1.0677521106681693
2015-10-29,1.1296814987517554,1.108986600799409,1.1260513030179304,1.123943287395673,1.106467573702295,1.0652070325556744
2015-10-30,1.1296814987517554,1.108986600799409,1.1242506618818406,1.1221460171358788,1.104698248429443,1.0635036860064264
2015-11-02,1.1296814987517554,1.108986600799409,1.1248502083190377,1.1227444411968108,1.105287367850476,1.0640708369697391
2015-11-03,1.1296814987517554,1.108986600799409,1.1224340061497657,1.1203327622600998,1.1029131870785667,1.0617851901826993
2015-11-04,1.1296814987517554,1.108986600799409,1.11989168903711,1.1177952044725086,1.1004150846922163,1.0593802428591366
2015-11-05,1.1296814987517554,1.108986600799409,1.1184463717494428,1.1163525928798779,1.0989949036505273,1.0580130208373943
2015-11-06,1.1296814987517554,1.108986600799409,1.1184733963801679,1.1163795669193524,1.0990214582821933,1.058038585238078
2015-11-09,1.1296814987517554,1.108986600799409,1.1111126877004551,1.1090326377973259,1.0917887634202954,1.0510755999556047
2015-11-10,1.1296814987517554,1.108986600799409,1.112800225752399,1.110717016706727,1.0934469526421011,1.052671954753844
2015-11-11,1.1296814987517554,1.108986600799409,1.1161853109787778,1.11409576491052,1.096773166134478,1.0558741326468712
2015-11-12,1.1296814987517554,1.108986600799409,1.1164315353920506,1.1143415283812868,1.0970151083341007,1.056107052741988
2015-11-13,1.1296814987517554,1.108986600799409,1.1170170690577608,1.114925965903232,1.0975904586868626,1.0566609480901314
2015-11-16,1.1296814987517554,1.108986600799409,1.1167288063300265,1.114638242815505,1.097307209282426,1.056388261149507
2015-11-17,1.1296814987517554,1.108986600799409,1.1167478236627588,1.114657224546987,1.0973258958750798,1.0564062509129508
2015-11-18,1.1296814987517554,1.108986600799409,1.1155297134556323,1.1134413946936412,1.09612897044036,1.0552539592228818
2015-11-19,1.1296814987517554,1.108986600799409,1.1144217035959039,1.1123354590751908,1.0950402305420568,1.0542058187948564
2015-11-20,1.1296814987517554,1.108986600799409,1.1155777572435879,1.1134893485415958,1.0961761786744328,1.055299407046319
2015-11-23,1.1296814987517554,1.108986600799409,1.115525709806636,1.113437398539645,1.096125036420854,1.055250171904262
2015-11-24,1.1296814987517554,1.108986600799409,1.1167197981197847,1.1146292514690137,1.0972983577385373,1.0563797396826125
2015-11-25,1.1296814987517554,1.108986600799409,1.1182571993343673,1.116163774603557,1.0988090212288657,1.0578340700326094
2015-11-26,1.1296814987517554,1.108986600799409,1.1208365502002389,1.1187382968156134,1.1013435132956473,1.0602740500534056
2015-11-27,1.1296814987517554,1.108986600799409,1.1204461944230988,1.1183486718009832,1.100959946393806,1.0599047864879765
2015-11-30,1.1296814987517554,1.108986600799409,1.1223309121881109,1.1202298612946975,1.1028118860762854,1.06168766672824
2015-12-01,1.1296814987517554,1.108986600799409,1.1222188100162143,1.1201179689828038,1.1027017335301157,1.0615816218068863
2015-12-02,1.1296814987517554,1.108986600799409,1.1226922415100278,1.1205905141928554,1.1031669313367076,1.0620294722336754
2015-12-03,1.1296814987517554,1.108986600799409,1.1234419247845864,1.121338794028645,1.103903576489218,1.06273864764523
2015-12-04,1.1296814987517554,1.108986600799409,1.1242576682675842,1.1221530104053723,1.1047051329635786,1.0635103138140112
2015-12-07,1.1296814987517554,1.108986600799409,1.1241045286934754,1.1220001575150174,1.1045546567174718,1.0633654488768045
2015-12-08,1.1296814987517554,1.108986600799409,1.125110445503798,1.1230041912065643,1.1055430791183702,1.0643170126800252
2015-12-09,1.1296814987517554,1.108986600799409,1.126422641462338,1.124313930678821,1.1068324540114824,1.0655583063576592
2015-12-10,1.1296814987517554,1.108986600799409,1.1262554891167422,1.1241470912494795,1.1066682086971045,1.0654001858052835
2015-12-11,1.1296814987517554,1.108986600799409,1.1272353822085885,1.1251251499400512,1.1076310599712134,1.0663271320374756
2015-12-14,1.1296814987517554,1.108986600799409,1.1254697730012166,1.1233628460277238,1.1058961573690393,1.0646569245261508
2015-12-15,1.1296814987517554,1.108986600799409,1.1248291891618072,1.1227234613883308,1.105266714248069,1.0640509535469853
2015-12-16,1.1296814987517554,1.108986600799409,1.1264336514970779,1.1243249201023107,1.106843272565124,1.0655687214838638
2015-12-17,1.1296814987517554,1.108986600799409,1.1265717773874504,1.1244627874151798,1.1069789962380834,1.0656993839762463
2015-12-18,1.1296814987517554,1.108986600799409,1.130802633464299,1.1286857231506715,1.111136271351116,1.0697016329277034
2015-12-21,1.1296814987517554,1.108986600799409,1.1363126553954683,1.1341854300879513,1.1165504656963359,1.0749139301781814
2015-12-22,1.1296814987517554,1.108986600799409,1.1383284926651098,1.1361974936250414,1.118531244517639,1.0768208451032428
2015-12-23,1.1296814987517554,1.108986600799409,1.1377719854546229,1.1356420282195687,1.1179844158062962,1.0762944078150927
2015-12-24,1.1296814987517554,1.108986600799409,1.142074907213405,1.1399368947269921,1.122212503270438,1.0803648285017056
2015-12-25,1.1296814987517554,1.108986600799409,1.140552519682559,1.1384173571699345,1.1207165923532574,1.0789247005965328
2015-12-28,1.1296814987517554,1.108986600799409,1.1426414235463827,1.1405023505174554,1.122769167030546,1.0809007340864052
2015-12-29,1.1296814987517554,1.108986600799409,1.1414022941820252,1.1392655408556291,1.1215515879934193,1.0797285589735819
2015-12-30,1.1296814987517554,1.108986600799409,1.1413442412715789,1.1392075966226842,1.1214945447105815,1.0796736428535951
2015-12-31,1.1296814987517554,1.108986600799409,1.1412941956591252,1.1391576446977318,1.1214453694667557,1.0796263013708478
2016-01-04,1.1296814987517554,1.108986600799409,1.137305560346553,1.1351764762790106,1.1175261025338399,1.0758531851958877
2016-01-05,1.1296814987517554,1.108986600799409,1.1357641554829743,1.1336379569904709,1.1160115050240054,1.0743950675272709
2016-01-06,1.1296814987517554,1.108986600799409,1.1360464127372139,1.1339196858472034,1.1162888533991828,1.0746620734899655
2016-01-07,1.1296814987517554,1.108986600799409,1.1376538778092318,1.1355241416766806,1.1178683622308674,1.076182681915809
2016-01-08,1.1296814987517554,1.108986600799409,1.13922831277703,1.137095629235689,1.119415415401627,1.077672044963039
2016-01-11,1.1296814987517554,1.108986600799409,1.1391742635155797,1.13704168115674,1.119362306138295,1.077620916161672
2016-01-12,1.1296814987517554,1.108986600799409,1.1415974720705955,1.1394603533629444,1.1217433714443399,1.0799131907562964
2016-01-13,1.1296814987517554,1.108986600799409,1.1464188663743997,1.1442727218128765,1.1264809144345171,1.0844740692041717
2016-01-14,1.1296814987517554,1.108986600799409,1.1442198621631774,1.14207783423046,1.1243201542208117,1.0823938844522552
2016-01-15,1.1296814987517554,1.108986600799409,1.1444280519109853,1.1422856342382626,1.1245247232351268,1.0825908250204839
2016-01-18,1.1296814987517554,1.108986600799409,1.142515308602999,1.140376471666575,1.122645245416105,1.080781433549882
2016-01-19,1.1296814987517554,1.108986600799409,1.1406826640984749,1.1387750129525949,1.12106868709905,1.0792636656130035
2016-01-20,1.1296814987517554,1.108986600799409,1.1406826640984749,1.1372984340509964,1.1196150668915594,1.077864251382993
2016-01-21,1.1296814987517554,1.108986600799409,1.1406826640984749,1.1383964333076102,1.120920177862696,1.0791206943351066
2016-01-22,1.1296814987517554,1.108986600799409,1.1406826640984749,1.1383964333076102,1.121676493112737,1.07984880633976
2016-01-25,1.1296814987517554,1.108986600799409,1.1406826640984749,1.1383964333076102,1.1184397785641231,1.0767327899453327
2016-01-26,1.1296814987517554,1.108986600799409,1.1406826640984749,1.1383964333076102,1.1175978983898256,1.0759223037606989
2016-01-27,1.1296814987517554,1.108986600799409,1.1406826640984749,1.1383964333076102,1.115983966887463,1.0743685562969325
2016-01-28,1.1296814987517554,1.108986600799409,1.1406826640984749,1.1383964333076102,1.115319117590938,1.073728499450189
2016-01-29,1.1296814987517554,1.108986600799409,1.1406826640984749,1.1383964333076102,1.1176775622848234,1.0759989969627497
2016-02-01,1.1296814987517554,1.108986600799409,1.1406826640984749,1.1383964333076102,1.1179873663209257,1.0762972483040576
2016-02-02,1.1296814987517554,1.108986600799409,1.1406826640984749,1.1383964333076102,1.1170225480370637,1.0753684084125554
2016-02-03,1.1296814987517554,1.108986600799409,1.1406826640984749,1.1383964333076102,1.1159092205168477,1.0742965972431564
2016-02-04,1.1296814987517554,1.108986600799409,1.1406826640984749,1.1383964333076102,1.1148096620649028,1.073238041688927
2016-02-05,1.1296814987517554,1.108986600799409,1.1406826640984749,1.1383964333076102,1.11563187214167,1.0740295912804616
2016-02-06,1.1296814987517554,1.108986600799409,1.1406826640984749,1.1383964333076102,1.1159338081387606,1.0743202679845303
2016-02-14,1.1296814987517554,1.108986600799409,1.1406826640984749,1.1383964333076102,1.1196553905914968,1.077903071398846
2016-02-15,1.1296814987517554,1.108986600799409,1.1406826640984749,1.1383964333076102,1.1180955518573426,1.0764013995661015
2016-02-16,1.1296814987517554,1.108986600799409,1.1406826640984749,1.1383964333076102,1.1174906963582851,1.0758190993283097
2016-02-17,1.1296814987517554,1.108986600799409,1.1406826640984749,1.1383964333076102,1.1171140139905795,1.0754564635704653
2016-02-18,1.1296814987517554,1.108986600799409,1.1406826640984749,1.1383964333076102,1.1170510696784826,1.075395866472549
2016-02-19,1.1296814987517554,1.108986600799409,1.1406826640984749,1.1383964333076102,1.1177257540237724,1.0760453916158417
2016-02-22,1.1296814987517554,1.108986600799409,1.1406826640984749,1.1383964333076102,1.1173677582487207,1.0757007456214416
2016-02-23,1.1296814987517554,1.108986600799409,1.140454573183838,1.1383964333076102,1.1175595416996413,1.075885377404156
2016-02-24,1.1296814987517554,1.108986600799409,1.1393947150040373,1.1383964333076102,1.1165209605500406,1.074885525288533
2016-02-25,1.1296814987517554,1.108986600799409,1.1392100427454357,1.1383964333076102,1.1163399956527615,1.0747113086320228
2016-02-26,1.1296814987517554,1.108986600799409,1.13956232515179,1.1383964333076102,1.1166852058644186,1.075043645840909
2016-02-29,1.1296814987517554,1.108986600799409,1.139697818385003,1.1383964333076102,1.1168179790227484,1.0751714678443265
2016-03-01,1.1296814987517554,1.108986600799409,1.140457584144576,1.1383964333076102,1.1175624922142708,1.0758882178931208
2016-03-02,1.1296814987517554,1.108986600799409,1.1395703543804248,1.1383964333076102,1.1166930739034309,1.0750512204781484
2016-03-03,1.1296814987517554,1.108986600799409,1.1391739112165788,1.1383964333076102,1.116304589477207,1.0746772227644448
2016-03-04,1.1296814987517554,1.108986600799409,1.1381301114940479,1.1383964333076102,1.1152817444056307,1.073692519923301
2016-03-07,1.1296814987517554,1.108986600799409,1.1361549212498736,1.1383964333076102,1.1133462068086473,1.071829159162367
2016-03-08,1.1296814987517554,1.108986600799409,1.136676821111139,1.1383964333076102,1.1138576293444356,1.0723215105829391
2016-03-09,1.1296814987517554,1.108986600799409,1.1379163332816447,1.1383964333076102,1.1150722578669325,1.0734908452067973
2016-03-10,1.1296814987517554,1.108986600799409,1.1390725422050638,1.1381687995477008,1.1162052554846789,1.0745815929692952
2016-03-11,1.1296814987517554,1.108986600799409,1.1398935308329776,1.1389891368014338,1.117009762473669,1.075356099627041
2016-03-14,1.1296814987517554,1.108986600799409,1.1403652480152753,1.1394604797222827,1.1174720097656314,1.0758011095648656
2016-03-15,1.1296814987517554,1.108986600799409,1.1414602340703537,1.1405545970130193,1.1185450135859103,1.076834100718412
2016-03-16,1.1296814987517554,1.108986600799409,1.142128667354205,1.141222499960435,1.1192000278336698,1.077464689268606
2016-03-17,1.1296814987517554,1.108986600799409,1.1428824111923022,1.1419756457765151,1.1199386399959332,1.0781757583394707
2016-03-18,1.1296814987517554,1.108986600799409,1.1426254758759866,1.141718914313244,1.1196868627475451,1.0779333699478042
2016-03-21,1.1296814987517554,1.108986600799409,1.1423946355527346,1.1414882571392115,1.1194606566259466,1.0777155991271667
2016-03-22,1.1296814987517554,1.108986600799409,1.1425231032108922,1.141616622870847,1.1195865452501406,1.0778367933229998
2016-03-23,1.1296814987517554,1.108986600799409,1.1421326819685225,1.1409982660872706,1.119203961853176,1.0774684765872258
2016-03-24,1.1296814987517554,1.108986600799409,1.1422681752017358,1.1409982660872706,1.1193367350115055,1.0775962985906435
2016-03-25,1.1296814987517554,1.108986600799409,1.1430700944116419,1.1409982660872706,1.1201225554078418,1.0783528154849453
2016-03-28,1.1296814987517554,1.108986600799409,1.1420614225643884,1.1409982660872706,1.1191341330069433,1.0774012516817246
2016-03-29,1.1296814987517554,1.108986600799409,1.1421617879223238,1.1409982660872706,1.1192324834945948,1.077495934647219
2016-03-30,1.1296814987517554,1.108986600799409,1.142016258153317,1.1409982660872706,1.1190898752875,1.077358644347252
2016-03-31,1.1296814987517554,1.108986600799409,1.1427479216126684,1.1409982660872706,1.11980685034248,1.0780488831657078
2016-04-01,1.1296814987517554,1.108986600799409,1.142457865728234,1.1409982660872706,1.119522617433167,1.0777752493954282
2016-04-05,1.1296814987517554,1.108986600799409,1.142629490490304,1.1409982660872706,1.1196907967670513,1.0779371572664238
2016-04-06,1.1296814987517554,1.108986600799409,1.1421781980598078,1.1409982660872706,1.1194724586844647,1.077726961083026
2016-04-07,1.1296814987517554,1.108986600799409,1.1421781980598078,1.1409982660872706,1.1183719167276436,1.0766674586991414
2016-04-08,1.1296814987517554,1.108986600799409,1.1421781980598078,1.1409982660872706,1.1179332735527174,1.0762451726730353
2016-04-11,1.1296814987517554,1.108986600799409,1.1421781980598078,1.1409982660872706,1.1174867623387792,1.07581531200969
2016-04-12,1.1296814987517554,1.108986600799409,1.1421781980598078,1.1409982660872706,1.1180562116622819,1.0763635263799036
2016-04-13,1.1296814987517554,1.108986600799409,1.1421781980598078,1.1409982660872706,1.1169900923761387,1.0753371630339423
2016-04-14,1.1296814987517554,1.108986600799409,1.1421781980598078,1.1409982660872706,1.1156839979001254,1.0740797732521739
2016-04-15,1.1296814987517554,1.108986600799409,1.1421781980598078,1.1409982660872706,1.1151814269082259,1.0735959432984963
2016-04-18,1.1296814987517554,1.108986600799409,1.1421781980598078,1.1409982660872706,1.1158816823803053,1.074270086012818
2016-04-19,1.1296814987517554,1.108986600799409,1.1421781980598078,1.1409982660872706,1.1163016389625775,1.0746743822754798
2016-04-20,1.1296814987517554,1.108986600799409,1.1421781980598078,1.1409982660872706,1.115120449605882,1.07353723985989
2016-04-21,1.1296814987517554,1.108986600799409,1.1421781980598078,1.1409982660872706,1.1147329486845345,1.073164188975841
2016-04-22,1.1296814987517554,1.108986600799409,1.1421781980598078,1.1409982660872706,1.1117804670452338,1.070321806351693
2016-04-25,1.1296814987517554,1.108986600799409,1.1421781980598078,1.1409982660872706,1.109098449246975,1.0677398018826552
2016-04-26,1.1296814987517554,1.108986600799409,1.1421781980598078,1.1409982660872706,1.110076053094232,1.0686809505596715
2016-04-27,1.1296814987517554,1.108986600799409,1.1421781980598078,1.1409982660872706,1.1115985186430783,1.070146642865528
2016-04-28,1.1296814987517554,1.108986600799409,1.1421781980598078,1.1409982660872706,1.1121620669373222,1.0706891762578121
2016-04-29,1.1296814987517554,1.108986600799409,1.1421781980598078,1.1409982660872706,1.1122220607347895,1.0707469328667638
2016-05-03,1.1296814987517554,1.108986600799409,1.1421781980598078,1.1409982660872706,1.1125672709464467,1.0710792700756497
2016-05-04,1.1296814987517554,1.108986600799409,1.1421781980598078,1.1409982660872706,1.1134357057524102,1.0719153206609673
2016-05-05,1.1296814987517554,1.108986600799409,1.1421781980598078,1.1409982660872706,1.113974666424741,1.0724341833118778
2016-05-06,1.1296814987517554,1.108986600799409,1.1421781980598078,1.1409982660872706,1.1127246317266892,1.0712307628204412
2016-05-09,1.1296814987517554,1.108986600799409,1.1421781980598078,1.1409982660872706,1.113460293374323,1.0719389914023407
2016-05-10,1.1296814987517554,1.108986600799409,1.1421781980598078,1.1409982660872706,1.113290147030686,1.0717751898720353
2016-05-11,1.1296814987517554,1.108986600799409,1.1421781980598078,1.1409982660872706,1.1136009345716649,1.0720743880429981
2016-05-12,1.1296814987517554,1.108986600799409,1.1421781980598078,1.1409982660872706,1.113450458325558,1.0719295231057915
2016-05-13,1.1296814987517554,1.108986600799409,1.1421781980598078,1.1409982660872706,1.1142903714901025,1.0727381156311153
2016-05-16,1.1296814987517554,1.108986600799409,1.1421781980598078,1.1409982660872706,1.1128003616021809,1.071303668703872
2016-05-17,1.1296814987517554,1.108986600799409,1.1421781980598078,1.1409982660872706,1.112714796677924,1.0712212945238917
2016-05-18,1.1296814987517554,1.108986600799409,1.1421781980598078,1.1409982660872706,1.111408702201911,1.0699639047421234
2016-05-19,1.1296814987517554,1.108986600799409,1.1421781980598078,1.1409982660872706,1.1099481974602847,1.0685578627045285
2016-05-20,1.1296814987517554,1.108986600799409,1.1421781980598078,1.1409982660872706,1.1109031806953817,1.0694772342994812
2016-05-23,1.1296814987517554,1.108986600799409,1.1421781980598078,1.1409982660872706,1.1108264673150134,1.0694033815863955
2016-05-24,1.1296814987517554,1.108986600799409,1.1421781980598078,1.1409982660872706,1.1116408093527685,1.0701873565406905
2016-05-25,1.1296814987517554,1.108986600799409,1.1421781980598078,1.1407701120648577,1.1112749455387048,1.0698351359090508
2016-05-26,1.1296814987517554,1.108986600799409,1.1419498080981882,1.1403935279811273,1.1109080982197643,1.069481968447756
2016-05-27,1.1296814987517554,1.108986600799409,1.141737500911457,1.1401815101323782,1.1107015621956962,1.0692831342202174
2016-05-30,1.1296814987517554,1.108986600799409,1.1402928010550795,1.1387387791520809,1.1092961337271547,1.0679301146432991
2016-05-31,1.1296814987517554,1.108986600799409,1.1407305582543876,1.1391759397640255,1.1097219913386862,1.0683400918838908
2016-06-01,1.1296814987517554,1.108986600799409,1.140119922345884,1.138566136046671,1.1091279543932706,1.0677682067723036
2016-06-02,1.1296814987517554,1.108986600799409,1.1385215525257775,1.1369699445282315,1.107573033183499,1.0662712690878338
2016-06-03,1.1296814987517554,1.108986600799409,1.1375429174936058,1.1359926432063785,1.1066210004630317,1.0653547379818462
2016-06-06,1.1296814987517554,1.108986600799409,1.139148364219937,1.137595901986443,1.1081828062069388,1.0668583034739005
2016-06-07,1.1296814987517554,1.108986600799409,1.1387793541096656,1.137227394773141,1.1078238269270104,1.0665127106498449
2016-06-08,1.1296814987517554,1.108986600799409,1.139402121857411,1.1378493137961383,1.1084296659309443,1.0670959577172918
2016-06-12,1.1296814987517554,1.108986600799409,1.139276759518579,1.137724122304496,1.1083077113262563,1.0669785508400784
2016-06-13,1.1296814987517554,1.108986600799409,1.1390118810284666,1.1374596047979615,1.1080500330486092,1.0667304814704825
2016-06-14,1.1296814987517554,1.108986600799409,1.1401421640511606,1.1385883474403493,1.1091495915005538,1.0677890370247123
2016-06-15,1.1296814987517554,1.108986600799409,1.1417738964291821,1.1402178560493066,1.1107369683712505,1.0693172200877952
2016-06-16,1.1296814987517554,1.108986600799409,1.1422419832265949,1.1406853049253582,1.1111923311290774,1.0697556022180352
2016-06-17,1.1296814987517554,1.108764847829843,1.1417172811793872,1.1401613179563068,1.1106818920981656,1.0692641976271182
2016-06-20,1.1296814987517554,1.109264587766216,1.1422318733605599,1.1406752088373224,1.1111824960803123,1.0697461339214858
2016-06-21,1.1296814987517554,1.1086853214352532,1.141635391264505,1.140079539643218,1.1106022282031678,1.0691875044250678
2016-06-22,1.1296814987517554,1.1095286939408415,1.142503828756897,1.140946793605482,1.111447058892095,1.0700008310986664
2016-06-23,1.1296814987517554,1.1097574550512048,1.1427393886355084,1.1411820324567132,1.1116762155283233,1.0702214424082686
2016-06-24,1.1296814987517554,1.1108610065020559,1.1438757375778232,1.1423168327519224,1.112781675009527,1.071285678940428
2016-06-27,1.1296814987517554,1.1150287786629662,1.1481673757096087,1.1466026221230647,1.1169566532103372,1.0753049708256741
2016-06-28,1.1296814987517554,1.1152359400118361,1.1483806938829437,1.1468156495806174,1.117164172739282,1.0755047518828678
2016-06-29,1.1296814987517554,1.1157013166912875,1.1488599015329946,1.1472942041535081,1.1176303540507504,1.0759535491393122
2016-06-30,1.1296814987517554,1.1148864165985772,1.1480207826521036,1.1464562288465474,1.1168140450032422,1.0751676805257069
2016-07-01,1.1296814987517554,1.1177640939139195,1.1509839843869123,1.1494153922498025,1.1196966977963103,1.0779428382443537
2016-07-04,1.1296814987517554,1.1179496555012958,1.1511750608549707,1.1496062083136767,1.119882580217972,1.0781217890491386
2016-07-05,1.1296814987517554,1.1169354485184404,1.1501307116935726,1.148563282419592,1.118866619680531,1.0771437140155793
2016-07-06,1.1296814987517554,1.117135737215926,1.1503369529606833,1.1487692426155196,1.1190672546753402,1.0773368672651884
2016-07-07,1.1296814987517554,1.117607004739421,1.150822226530355,1.1492538548412317,1.1195393370160678,1.0777913454995622
2016-07-08,1.1296814987517554,1.1178475475378717,1.1510699182482085,1.1495012089981056,1.1197802957108143,1.078023318765024
2016-07-11,1.1296814987517554,1.1179270739324616,1.1511518081630905,1.1495829873111947,1.119859959605812,1.0781000119670745
2016-07-12,1.1296814987517554,1.1172515904821185,1.1504562493798942,1.1488883764543405,1.1191833082507692,1.077448593164472
2016-07-13,1.1296814987517554,1.1168229834693804,1.1502449531797663,1.148677368214395,1.1189777557315772,1.077250705766588
2016-07-14,1.1296814987517554,1.1168229834693804,1.1502398982467488,1.1486723201703772,1.1189728382071946,1.0772459716183134
2016-07-15,1.1296814987517554,1.1168229834693804,1.150474447138757,1.1489065494128048,1.1192010113385464,1.077465636098261
2016-07-18,1.1296814987517554,1.1168229834693804,1.1504279417549965,1.148630335386359,1.1191557701142265,1.0774220819341334
2016-07-19,1.1296814987517554,1.1168229834693804,1.1504602933263082,1.148630335386359,1.119187242270275,1.0774523804830916
2016-07-20,1.1296814987517554,1.1168229834693804,1.1511548411229011,1.148630335386359,1.1198629101204416,1.0781028524560397
2016-07-21,1.1296814987517554,1.1168229834693804,1.1528613865095803,1.148630335386359,1.1215230663520004,1.0797011009135884
2016-07-22,1.1296814987517554,1.1168229834693804,1.1533689017845288,1.148630335386359,1.1220167858000114,1.0801764094003714
2016-07-25,1.1296814987517554,1.1168229834693804,1.1523447723552005,1.148630335386359,1.1210204953601008,1.0792172709599113
2016-07-26,1.1296814987517554,1.1168229834693804,1.1528583535497698,1.148630335386359,1.1215201158373709,1.0796982604246237
2016-07-27,1.1296814987517554,1.1168229834693804,1.15204855328038,1.148630335386359,1.1207323284312816,1.0789398498710119
2016-07-28,1.1296814987517554,1.1168229834693804,1.1526753649745394,1.148630335386359,1.1213421014547214,1.0795268842570784
2016-07-29,1.1296814987517554,1.1168229834693804,1.1528472326971315,1.148630335386359,1.121509297283729,1.0796878452984193
2016-08-01,1.1296814987517554,1.1168229834693804,1.1534881982037397,1.148630335386359,1.1221328393754402,1.080288135299655
2016-08-02,1.1296814987517554,1.1168229834693804,1.153840021541752,1.148630335386359,1.1224750990724677,1.0806176320195762
2016-08-03,1.1296814987517554,1.1168229834693804,1.153448769726204,1.148630335386359,1.1220944826852561,1.0802512089431122
2016-08-04,1.1296814987517554,1.1168229834693804,1.1539067466575816,1.148630335386359,1.122540010394318,1.0806801227768028
2016-08-05,1.1296814987517554,1.1168229834693804,1.1558741265879595,1.148630335386359,1.1244539108840177,1.0825226532853278
2016-08-08,1.1296814987517554,1.1168229834693804,1.1556931599859361,1.148630335386359,1.1242778635111215,1.0823531707770924
2016-08-09,1.1296814987517554,1.1168229834693804,1.1571560576011761,1.148630335386359,1.12570099506744,1.0837232332877995
2016-08-10,1.1296814987517554,1.1168229834693804,1.1576069576263295,1.148630335386359,1.126139638242366,1.0841455193139053
2016-08-11,1.1296814987517554,1.1168229834693804,1.1586937682250738,1.148630335386359,1.1271969059846207,1.0851633611929723
2016-08-12,1.1296814987517554,1.1168229834693804,1.1596749707588234,1.148630335386359,1.1283771118364396,1.0862995567789075
2016-08-15,1.1296814987517554,1.1168229834693804,1.1596749707588234,1.148630335386359,1.1301749587507106,1.0880303613881488
2016-08-16,1.1296814987517554,1.1168229834693804,1.1596749707588234,1.148630335386359,1.1311289584809312,1.0889487861534466
2016-08-17,1.1296814987517554,1.1168229834693804,1.1596749707588234,1.148630335386359,1.130343138084595,1.0881922692591448
2016-08-18,1.1296814987517554,1.1168229834693804,1.1596749707588234,1.148630335386359,1.1290626147353713,1.0869594970484047
2016-08-19,1.1296814987517554,1.1168229834693804,1.1596749707588234,1.148630335386359,1.128699701435937,1.0866101169057298
2016-08-22,1.1296814987517554,1.1168229834693804,1.1596749707588234,1.148630335386359,1.1280092810126228,1.0859454424879575
2016-08-23,1.1296814987517554,1.1168229834693804,1.1596749707588234,1.148630335386359,1.1265517267856262,1.0845422409393277
2016-08-24,1.1296814987517554,1.1168229834693804,1.1596749707588234,1.148630335386359,1.1245719314691998,1.0826362728439214
2016-08-25,1.1296814987517554,1.1168229834693804,1.1596749707588234,1.148630335386359,1.1252908735339326,1.0833284053216867
2016-08-26,1.1296814987517554,1.1168229834693804,1.1596749707588234,1.148630335386359,1.1249682839344355,1.0830178451948644
2016-08-29,1.1296814987517554,1.1168229834693804,1.1596749707588234,1.148630335386359,1.12533119723387,1.0833672253375397
2016-08-30,1.1296814987517554,1.1168229834693804,1.1596749707588234,1.148630335386359,1.1236238327682384,1.0817235290565532
2016-08-31,1.1296814987517554,1.1168229834693804,1.1596749707588234,1.148630335386359,1.1225970536771557,1.0807350388967896
2016-09-01,1.1296814987517554,1.1168229834693804,1.1596749707588234,1.148630335386359,1.122576400074749,1.0807151554740357
2016-09-02,1.1296814987517554,1.1168229834693804,1.1596749707588234,1.148630335386359,1.1225734495601194,1.080712314985071
2016-09-05,1.1296814987517554,1.1168229834693804,1.1596749707588234,1.148630335386359,1.1219961321976046,1.0801565259776176
2016-09-06,1.1296814987517554,1.1168229834693804,1.1596749707588234,1.148630335386359,1.1215771591202086,1.0797531765446104
2016-09-07,1.1296814987517554,1.1168229834693804,1.1596749707588234,1.148630335386359,1.1215653570616906,1.079741814588751
2016-09-08,1.1296814987517554,1.1168229834693804,1.1596749707588234,1.148630335386359,1.121190641703738,1.0793810724902169
2016-09-09,1.1296814987517554,1.1168229834693804,1.1596749707588234,1.148630335386359,1.1214807756423102,1.0796603872384256
2016-09-12,1.1296814987517554,1.1168229834693804,1.1596749707588234,1.148630335386359,1.1204707161341283,1.0786879931827964
2016-09-13,1.1296814987517554,1.1168229834693804,1.1596749707588234,1.148630335386359,1.1206792191679498,1.0788887210696447
2016-09-14,1.1296814987517554,1.1168229834693804,1.1596749707588234,1.148630335386359,1.1212053942768858,1.079395274935041
2016-09-18,1.1296814987517554,1.1168229834693804,1.1596749707588234,1.148630335386359,1.1221043177340213,1.0802606772396615
2016-09-19,1.1296814987517554,1.1168229834693804,1.1596749707588234,1.148630335386359,1.122080713616985,1.080237953327943
2016-09-20,1.1296814987517554,1.1168229834693804,1.1596749707588234,1.148630335386359,1.122950131927825,1.0810749507429152
2016-09-21,1.1296814987517554,1.1168229834693804,1.1596749707588234,1.148630335386359,1.1228507979352969,1.0809793209477656
2016-09-22,1.1296814987517554,1.1168229834693804,1.1596749707588234,1.148630335386359,1.1230101257252925,1.081132707351867
2016-09-23,1.1296814987517554,1.1168229834693804,1.1596749707588234,1.148630335386359,1.1226422949014754,1.080778593060917
2016-09-26,1.1296814987517554,1.1168229834693804,1.1596749707588234,1.148630335386359,1.1236749750218171,1.0817727641986103
2016-09-27,1.1296814987517554,1.1168229834693804,1.1596749707588234,1.148630335386359,1.12313503084461,1.0812529547180452
2016-09-28,1.1296814987517554,1.1168229834693804,1.1596749707588234,1.148630335386359,1.1234182802490464,1.0815256416586696
2016-09-29,1.1296814987517554,1.1168229834693804,1.1596749707588234,1.148630335386359,1.1227878536231999,1.0809187238498492
2016-09-30,1.1296814987517554,1.1168229834693804,1.1596749707588234,1.148630335386359,1.123552504077069,1.0818712344827248
2016-10-08,1.1296814987517554,1.1168229834693804,1.1596749707588234,1.148630335386359,1.123552504077069,1.0820530257764747
2016-10-09,1.1296814987517554,1.1168229834693804,1.1596749707588234,1.148630335386359,1.123552504077069,1.0839163865374082
2016-10-10,1.1296814987517554,1.1168229834693804,1.1596749707588234,1.148630335386359,1.123552504077069,1.084658700986886
2016-10-11,1.1296814987517554,1.1168229834693804,1.1596749707588234,1.148630335386359,1.123552504077069,1.08459052925173
2016-10-12,1.1296814987517554,1.1168229834693804,1.1596749707588234,1.148630335386359,1.123552504077069,1.084066932452545
2016-10-13,1.1296814987517554,1.1168229834693804,1.1596749707588234,1.148630335386359,1.123552504077069,1.0845545497248419
2016-10-14,1.1296814987517554,1.1168229834693804,1.1596749707588234,1.148630335386359,1.123552504077069,1.0852779275812205
2016-10-17,1.1296814987517554,1.1168229834693804,1.1596749707588234,1.148630335386359,1.123552504077069,1.0849607396468137
2016-10-18,1.1296814987517554,1.1168229834693804,1.1596749707588234,1.148630335386359,1.123552504077069,1.0853981749473989
2016-10-19,1.1296814987517554,1.1168229834693804,1.1596749707588234,1.148630335386359,1.123552504077069,1.0865523602967782
2016-10-20,1.1296814987517554,1.1168229834693804,1.1596749707588234,1.148630335386359,1.123552504077069,1.0879498808674786
2016-10-21,1.1296814987517554,1.1168229834693804,1.1596749707588234,1.148630335386359,1.123552504077069,1.0897801025904894
2016-10-24,1.1296814987517554,1.1168229834693804,1.1596749707588234,1.148630335386359,1.123552504077069,1.0904031165034436
2016-10-25,1.1296814987517554,1.1168229834693804,1.1596749707588234,1.148630335386359,1.123552504077069,1.0899211802090762
2016-10-26,1.1296814987517554,1.1168229834693804,1.1596749707588234,1.148630335386359,1.123552504077069,1.0883295595591118
2016-10-27,1.1296814987517554,1.1168229834693804,1.1596749707588234,1.148630335386359,1.123552504077069,1.0866044359278
2016-10-28,1.1296814987517554,1.1168229834693804,1.1596749707588234,1.148630335386359,1.123552504077069,1.0875238075227527
2016-10-31,1.1296814987517554,1.1168229834693804,1.1596749707588234,1.148630335386359,1.123552504077069,1.085812886336265
2016-11-01,1.1296814987517554,1.1168229834693804,1.1596749707588234,1.148630335386359,1.123552504077069,1.0857011604369815
2016-11-02,1.1296814987517554,1.1168229834693804,1.1596749707588234,1.148630335386359,1.123552504077069,1.0852845553888053
2016-11-03,1.1296814987517554,1.1168229834693804,1.1596749707588234,1.148630335386359,1.123552504077069,1.0852230114612338
2016-11-04,1.1296814987517554,1.1168229834693804,1.1596749707588234,1.148630335386359,1.123552504077069,1.0852627783067417
2016-11-07,1.1296814987517554,1.1168229834693804,1.1596749707588234,1.148630335386359,1.123552504077069,1.0847533839523806
2016-11-08,1.1296814987517554,1.1168229834693804,1.1596749707588234,1.148630335386359,1.123552504077069,1.0835849961581772
2016-11-09,1.1296814987517554,1.1168229834693804,1.1596749707588234,1.148630335386359,1.123552504077069,1.0830916979079503
2016-11-10,1.1296814987517554,1.1168229834693804,1.1596749707588234,1.148630335386359,1.123552504077069,1.0819507681737404
2016-11-11,1.1296814987517554,1.1168229834693804,1.1596749707588234,1.148630335386359,1.123552504077069,1.0807871145278116
2016-11-14,1.1296814987517554,1.1168229834693804,1.1596749707588234,1.148630335386359,1.123552504077069,1.0780356275505383
2016-11-15,1.1296814987517554,1.1168229834693804,1.1596749707588234,1.148630335386359,1.123552504077069,1.0772118857507353
2016-11-16,1.1296814987517554,1.1168229834693804,1.1596749707588234,1.148630335386359,1.123552504077069,1.0759762730510307
2016-11-17,1.1296814987517554,1.1168229834693804,1.1596749707588234,1.148630335386359,1.123552504077069,1.0747482349885658
2016-11-18,1.1296814987517554,1.1168229834693804,1.1596749707588234,1.148630335386359,1.123552504077069,1.0744158977796796
2016-11-21,1.1296814987517554,1.1168229834693804,1.1596749707588234,1.148630335386359,1.123552504077069,1.0732314138813421
2016-11-22,1.1296814987517554,1.1168229834693804,1.1596749707588234,1.148630335386359,1.123552504077069,1.0741772967066334
2016-11-23,1.1296814987517554,1.1168229834693804,1.1596749707588234,1.148630335386359,1.123552504077069,1.0759005266786352
2016-11-24,1.1296814987517554,1.1168229834693804,1.1596749707588234,1.148630335386359,1.123552504077069,1.0761164038399629
2016-11-25,1.1296814987517554,1.1168229834693804,1.1596749707588234,1.148630335386359,1.123552504077069,1.0738667365798111
2016-11-28,1.1296814987517554,1.1168229834693804,1.1596749707588234,1.148630335386359,1.123552504077069,1.074885525288533
2016-11-29,1.1296814987517554,1.1168229834693804,1.1596749707588234,1.148630335386359,1.123552504077069,1.0713888833728173
2016-11-30,1.1296814987517554,1.1168229834693804,1.1596749707588234,1.148630335386359,1.123552504077069,1.0685114680514363
2016-12-01,1.1296814987517554,1.1168229834693804,1.1596749707588234,1.148630335386359,1.123552504077069,1.0660175187403083
2016-12-02,1.1296814987517554,1.1168229834693804,1.1596749707588234,1.148630335386359,1.123552504077069,1.0654465804583757
2016-12-05,1.1296814987517554,1.1168229834693804,1.1596749707588234,1.148630335386359,1.123552504077069,1.0625890485597487
2016-12-06,1.1296814987517554,1.1168229834693804,1.1596749707588234,1.148630335386359,1.123552504077069,1.0561979483888628
2016-12-07,1.1296814987517554,1.1168229834693804,1.1596749707588234,1.148630335386359,1.123552504077069,1.0582203765318277
2016-12-08,1.1296814987517554,1.1168229834693804,1.1596749707588234,1.148630335386359,1.123552504077069,1.0595326824335827
2016-12-09,1.1296814987517554,1.1168229834693804,1.1596749707588234,1.148630335386359,1.123552504077069,1.0591302798302307
2016-12-12,1.1296814987517554,1.1168229834693804,1.1596749707588234,1.148630335386359,1.123552504077069,1.0550248264463846
2016-12-13,1.1296814987517554,1.1168229834693804,1.1596749707588234,1.148630335386359,1.123552504077069,1.0524475561256215
2016-12-14,1.1296814987517554,1.1168229834693804,1.1596749707588234,1.148630335386359,1.123552504077069,1.0513908942307018
2016-12-15,1.1296814987517554,1.1168229834693804,1.1596749707588234,1.148630335386359,1.123552504077069,1.0417947756778234
2016-12-16,1.1296814987517554,1.1168229834693804,1.1596749707588234,1.148630335386359,1.123552504077069,1.0443597372130724
2016-12-19,1.1296814987517554,1.1168229834693804,1.1596749707588234,1.148630335386359,1.123552504077069,1.0410401524428317
2016-12-20,1.1296814987517554,1.1168229834693804,1.1596749707588234,1.148630335386359,1.123552504077069,1.0394882986383749
2016-12-21,1.1296814987517554,1.1168229834693804,1.1596749707588234,1.148630335386359,1.123552504077069,1.044194988853112
2016-12-22,1.1296814987517554,1.1168229834693804,1.1596749707588234,1.148630335386359,1.123552504077069,1.0502613264523513
2016-12-23,1.1296814987517554,1.1168229834693804,1.1596749707588234,1.148630335386359,1.123552504077069,1.0524522902738964
2016-12-26,1.1296814987517554,1.1168229834693804,1.1596749707588234,1.148630335386359,1.123552504077069,1.0560994781047484
2016-12-27,1.1296814987517554,1.1168229834693804,1.1596749707588234,1.148630335386359,1.123552504077069,1.053998463100423
2016-12-28,1.1296814987517554,1.1168229834693804,1.1596749707588234,1.148630335386359,1.123552504077069,1.0562017357074827
2016-12-29,1.1296814987517554,1.1168229834693804,1.1596749707588234,1.148630335386359,1.123552504077069,1.0610788552601098
2016-12-30,1.1296814987517554,1.1168229834693804,1.1596749707588234,1.148630335386359,1.123552504077069,1.0632347863844218
2016-12-31,1.1296814987517554,1.1168229834693804,1.1596749707588234,1.148630335386359,1.123552504077069,1.063195966368569
2017-01-03,1.1296814987517554,1.1168229834693804,1.1596749707588234,1.148630335386359,1.123552504077069,1.0581616730932208
2017-01-04,1.1296814987517554,1.1168229834693804,1.1596749707588234,1.148630335386359,1.123552504077069,1.0541679456086586
2017-01-05,1.1296814987517554,1.1168229834693804,1.1596749707588234,1.148630335386359,1.123552504077069,1.0506883466267318
2017-01-06,1.1296814987517554,1.1168229834693804,1.1596749707588234,1.148630335386359,1.123552504077069,1.0514988328113655
2017-01-09,1.1296814987517554,1.1168229834693804,1.1596749707588234,1.148630335386359,1.123552504077069,1.0535562936515634
2017-01-10,1.1296814987517554,1.1168229834693804,1.1596749707588234,1.148630335386359,1.123552504077069,1.0537352444563481
2017-01-11,1.1294556076302293,1.1168229834693804,1.1596749707588234,1.148630335386359,1.123552504077069,1.0515385996568734
2017-01-12,1.1309892254279084,1.1168229834693804,1.1596749707588234,1.148630335386359,1.123552504077069,1.052966418776532
2017-01-13,1.1308122695281762,1.1168229834693804,1.1596749707588234,1.148630335386359,1.123552504077069,1.0528016704165712
2017-01-16,1.128604388733242,1.1168229834693804,1.159443082142395,1.148630335386359,1.123552504077069,1.0507461032356835
2017-01-17,1.1266873664861432,1.1168229834693804,1.157473677978367,1.148630335386359,1.123552504077069,1.0489613293361102
2017-01-18,1.1260822586680936,1.1168229834693804,1.1568520358151857,1.148630335386359,1.123552504077069,1.0483979656914173
2017-01-19,1.1247266137580765,1.1168229834693804,1.1554593484143107,1.148630335386359,1.123552504077069,1.0471358417613743
2017-01-20,1.1261229381852735,1.1168229834693804,1.1568938268849795,1.148630335386359,1.123552504077069,1.0484358388776152
2017-01-22,1.1257273298806998,1.1168229834693804,1.1564874087312358,1.148630335386359,1.123552504077069,1.0480675221418412
2017-01-23,1.1256235971118913,1.1168229834693804,1.156380841503262,1.148630335386359,1.123552504077069,1.0479709455170367
2017-01-24,1.1229499358452482,1.1168229834693804,1.153634123441071,1.148630335386359,1.123552504077069,1.0454817303541835
2017-01-25,1.1189430034030368,1.1168229834693804,1.1495177030663917,1.148630335386359,1.123552504077069,1.0417512215136961
2017-01-26,1.1181253451077227,1.1168229834693804,1.1484479670230257,1.148630335386359,1.123552504077069,1.0409899704711194
2017-02-03,1.1144072372374878,1.1168229834693804,1.1484479670230257,1.148630335386359,1.123552504077069,1.0375283612526367
2017-02-04,1.1151496384260193,1.1168229834693804,1.1484479670230257,1.148630335386359,1.123552504077069,1.0382195469007474
2017-02-06,1.1112983051370207,1.1168229834693804,1.1484479670230257,1.148630335386359,1.123552504077069,1.0346339029974665
2017-02-07,1.1106179402121883,1.1168229834693804,1.1484479670230257,1.148400655255308,1.123552504077069,1.0340004739583077
2017-02-08,1.1126041176384927,1.1168229834693804,1.1484479670230257,1.150454401530454,1.123552504077069,1.0358496322744175
2017-02-09,1.1154492357477355,1.1168229834693804,1.1484479670230257,1.1536270346651778,1.123552504077069,1.0387062173433894
2017-02-10,1.1154492357477355,1.1168229834693804,1.1484479670230257,1.151332475334728,1.123552504077069,1.0366402350362973
2017-02-13,1.1154492357477355,1.1168229834693804,1.1484479670230257,1.1517793991273224,1.123552504077069,1.0370426376396495
2017-02-14,1.1154492357477355,1.1168229834693804,1.1484479670230257,1.1524997351224453,1.123552504077069,1.0376912159532876
2017-02-15,1.1154492357477355,1.1168229834693804,1.1484479670230257,1.1527500124462982,1.123552504077069,1.0379165614111647
2017-02-16,1.1154492357477355,1.1168229834693804,1.1484479670230257,1.1550900745077126,1.123552504077069,1.0402315599175076
2017-02-17,1.1154492357477355,1.1168229834693804,1.1484479670230257,1.1550900745077126,1.123552504077069,1.0420456855363842
2017-02-20,1.1154492357477355,1.1168229834693804,1.1484479670230257,1.1550900745077126,1.123552504077069,1.0436268910601443
2017-02-21,1.1154492357477355,1.1168229834693804,1.1484479670230257,1.1550900745077126,1.123552504077069,1.0427302433769103
2017-02-22,1.1154492357477355,1.1168229834693804,1.1484479670230257,1.1550900745077126,1.123552504077069,1.0432330099236868
2017-02-23,1.1154492357477355,1.1168229834693804,1.1484479670230257,1.1550900745077126,1.123552504077069,1.0438020545463091
2017-02-24,1.1154492357477355,1.1168229834693804,1.1484479670230257,1.1550900745077126,1.123552504077069,1.04282019219413
2017-02-27,1.1154492357477355,1.1168229834693804,1.1484479670230257,1.1550900745077126,1.123552504077069,1.0437045310918498
2017-02-28,1.1154492357477355,1.1168229834693804,1.1484479670230257,1.1550900745077126,1.123552504077069,1.0437424042780477
2017-03-01,1.1154492357477355,1.1168229834693804,1.1484479670230257,1.1550900745077126,1.123552504077069,1.0431118157278536
2017-03-02,1.1154492357477355,1.1168229834693804,1.1484479670230257,1.1550900745077126,1.123552504077069,1.0427037321465717
2017-03-03,1.1154492357477355,1.1168229834693804,1.1484479670230257,1.1550900745077126,1.123552504077069,1.042351511514932
2017-03-06,1.1154492357477355,1.1168229834693804,1.1484479670230257,1.1550900745077126,1.123552504077069,1.0420210679653559
2017-03-07,1.1154492357477355,1.1168229834693804,1.1484479670230257,1.1550900745077126,1.123552504077069,1.0420087591798415
2017-03-08,1.1154492357477355,1.1168229834693804,1.1484479670230257,1.1550900745077126,1.123552504077069,1.0404995127098573
2017-03-09,1.1154492357477355,1.1168229834693804,1.1484479670230257,1.1550900745077126,1.123552504077069,1.039873658307938
2017-03-10,1.1154492357477355,1.1168229834693804,1.1484479670230257,1.1550900745077126,1.123552504077069,1.0403404453278264
2017-03-13,1.1154492357477355,1.1168229834693804,1.1484479670230257,1.1550900745077126,1.123552504077069,1.0404228195078067
2017-03-14,1.1154492357477355,1.1168229834693804,1.1484479670230257,1.1550900745077126,1.123552504077069,1.041647070251652
2017-03-15,1.1154492357477355,1.1168229834693804,1.1484479670230257,1.1550900745077126,1.123552504077069,1.0415684833902916
2017-03-16,1.1154492357477355,1.1168229834693804,1.1484479670230257,1.1550900745077126,1.123552504077069,1.0443398537903184
2017-03-17,1.1154492357477355,1.1168229834693804,1.1484479670230257,1.1550900745077126,1.123552504077069,1.0441268171179556
2017-03-20,1.1154492357477355,1.1168229834693804,1.1484479670230257,1.1550900745077126,1.123552504077069,1.042503951089378
2017-03-21,1.1154492357477355,1.1168229834693804,1.1484479670230257,1.1550900745077126,1.123552504077069,1.040732432804974
2017-03-22,1.1154492357477355,1.1168229834693804,1.1484479670230257,1.1550900745077126,1.123552504077069,1.0414311930903242
2017-03-23,1.1154492357477355,1.1168229834693804,1.1484479670230257,1.1550900745077126,1.123552504077069,1.042068409448103
2017-03-24,1.1154492357477355,1.1168229834693804,1.1484479670230257,1.1550900745077126,1.123552504077069,1.0449240476874202
2017-03-27,1.1154492357477355,1.1168229834693804,1.1484479670230257,1.1550900745077126,1.123552504077069,1.0456019777203616
2017-03-28,1.1154492357477355,1.1168229834693804,1.1484479670230257,1.1550900745077126,1.123552504077069,1.0444970275130396
2017-03-29,1.1154492357477355,1.1168229834693804,1.1484479670230257,1.1550900745077126,1.123552504077069,1.0436401466753134
2017-03-30,1.1154492357477355,1.1168229834693804,1.1484479670230257,1.1550900745077126,1.123552504077069,1.043209339182313
2017-03-31,1.1154492357477355,1.1168229834693804,1.1484479670230257,1.1550900745077126,1.123552504077069,1.0430360693554577
2017-04-01,1.1154492357477355,1.1168229834693804,1.1484479670230257,1.1550900745077126,1.123552504077069,1.043752819404252
2017-04-05,1.1154492357477355,1.1168229834693804,1.1484479670230257,1.1550900745077126,1.123552504077069,1.0424831208369694
2017-04-06,1.1154492357477355,1.1168229834693804,1.1484479670230257,1.1550900745077126,1.123552504077069,1.0431364332988822
2017-04-07,1.1154492357477355,1.1168229834693804,1.1484479670230257,1.1550900745077126,1.123552504077069,1.0427103599541563
2017-04-10,1.1154492357477355,1.1168229834693804,1.1484479670230257,1.1550900745077126,1.123552504077069,1.0419595240377844
2017-04-11,1.1154492357477355,1.1168229834693804,1.1484479670230257,1.1550900745077126,1.123552504077069,1.0422303173190988
2017-04-12,1.1154492357477355,1.1168229834693804,1.1484479670230257,1.1550900745077126,1.123552504077069,1.0418127654412677
2017-04-13,1.1154492357477355,1.1168229834693804,1.1484479670230257,1.1550900745077126,1.123552504077069,1.0409587250925063
2017-04-14,1.1154492357477355,1.1168229834693804,1.1484479670230257,1.1550900745077126,1.123552504077069,1.0372566211416672
2017-04-17,1.1154492357477355,1.1168229834693804,1.1484479670230257,1.1550900745077126,1.123552504077069,1.032923928640634
2017-04-18,1.1154492357477355,1.1168229834693804,1.1484479670230257,1.1550900745077126,1.123552504077069,1.0324760782138447
2017-04-19,1.1154492357477355,1.1168229834693804,1.1484479670230257,1.1550900745077126,1.123552504077069,1.0325167918890072
2017-04-20,1.1154492357477355,1.1168229834693804,1.1484479670230257,1.1550900745077126,1.123552504077069,1.0306562716170382
2017-04-21,1.1154492357477355,1.1168229834693804,1.1484479670230257,1.1550900745077126,1.123552504077069,1.027607480128112
2017-04-24,1.1154492357477355,1.1168229834693804,1.1484479670230257,1.1550900745077126,1.123552504077069,1.02580187597613
2017-04-25,1.1154492357477355,1.1168229834693804,1.1484479670230257,1.1550900745077126,1.123552504077069,1.0285410541678888
2017-04-26,1.1154492357477355,1.1168229834693804,1.1484479670230257,1.1550900745077126,1.123552504077069,1.0287029620388846
2017-04-27,1.1154492357477355,1.1168229834693804,1.1484479670230257,1.1550900745077126,1.123552504077069,1.02878628304852
2017-04-28,1.1154492357477355,1.1168229834693804,1.1484479670230257,1.1550900745077126,1.123552504077069,1.0280723734886905
2017-05-02,1.1154492357477355,1.1168229834693804,1.1484479670230257,1.1550900745077126,1.123552504077069,1.0265148387063043
2017-05-03,1.1154492357477355,1.1168229834693804,1.1484479670230257,1.1550900745077126,1.123552504077069,1.0240919016192973
2017-05-04,1.1154492357477355,1.1168229834693804,1.1484479670230257,1.1550900745077126,1.123552504077069,1.0217948928763985
2017-05-05,1.1154492357477355,1.1168229834693804,1.1484479670230257,1.1550900745077126,1.123552504077069,1.0210989730800129
2017-05-08,1.1154492357477355,1.1168229834693804,1.1484479670230257,1.1550900745077126,1.123552504077069,1.0182575372855198
2017-05-09,1.1154492357477355,1.1168229834693804,1.1484479670230257,1.1550900745077126,1.123552504077069,1.0162805569659925
2017-05-10,1.1154492357477355,1.1168229834693804,1.1484479670230257,1.1550900745077126,1.123552504077069,1.0119611200801286
2017-05-11,1.1154492357477355,1.1168229834693804,1.1484479670230257,1.1550900745077126,1.123552504077069,1.0146898831456832
2017-05-12,1.1154492357477355,1.1168229834693804,1.1484479670230257,1.1550900745077126,1.123552504077069,1.0144427606057425
2017-05-15,1.1154492357477355,1.1168229834693804,1.1484479670230257,1.1550900745077126,1.123552504077069,1.0159539007350362
2017-05-16,1.1154492357477355,1.1168229834693804,1.1484479670230257,1.1550900745077126,1.123552504077069,1.0153346741407014
2017-05-17,1.1154492357477355,1.1168229834693804,1.1484479670230257,1.1550900745077126,1.123552504077069,1.01290132192749
2017-05-18,1.1154492357477355,1.1168229834693804,1.1484479670230257,1.1550900745077126,1.123552504077069,1.0132251376694816
2017-05-19,1.1154492357477355,1.1168229834693804,1.1484479670230257,1.1550900745077126,1.123552504077069,1.0118380322249858
2017-05-22,1.1154492357477355,1.1168229834693804,1.1484479670230257,1.1550900745077126,1.123552504077069,1.0092778048380115
2017-05-23,1.1154492357477355,1.1168229834693804,1.1484479670230257,1.1550900745077126,1.123552504077069,1.0101517286095267
2017-05-24,1.1154492357477355,1.1168229834693804,1.1484479670230257,1.1550900745077126,1.123552504077069,1.0113712452050971
2017-05-25,1.1154492357477355,1.1168229834693804,1.1484479670230257,1.1550900745077126,1.123552504077069,1.0125841339930832
2017-05-26,1.1154492357477355,1.1168229834693804,1.1484479670230257,1.1550900745077126,1.123552504077069,1.0124298007593269
2017-05-27,1.1154492357477355,1.1168229834693804,1.1484479670230257,1.1550900745077126,1.123552504077069,1.0129865365964352
2017-05-31,1.1154492357477355,1.1168229834693804,1.1484479670230257,1.1550900745077126,1.123552504077069,1.0158061953088644
2017-06-01,1.1154492357477355,1.1168229834693804,1.1484479670230257,1.1548591026871753,1.123552504077069,1.01526934289451
2017-06-02,1.1154492357477355,1.1168229834693804,1.1484479670230257,1.1543927575231994,1.123552504077069,1.0148593656539187
2017-06-05,1.1154492357477355,1.1168229834693804,1.1484479670230257,1.155005575995029,1.123552504077069,1.0153981117275828
2017-06-06,1.1154492357477355,1.1168229834693804,1.1484479670230257,1.1543744483597176,1.123552504077069,1.0148432695497844
2017-06-07,1.1154492357477355,1.1168229834693804,1.1484479670230257,1.152947410617759,1.123552504077069,1.0135887202569809
2017-06-08,1.1154492357477355,1.1168229834693804,1.1484479670230257,1.1530292633486185,1.123552504077069,1.0136606793107568
2017-06-09,1.1154492357477355,1.1168229834693804,1.1484479670230257,1.1545413848502863,1.123552504077069,1.0149900281463011
2017-06-12,1.1154492357477355,1.1168229834693804,1.1484479670230257,1.158736337306836,1.123552504077069,1.018677929652316
2017-06-13,1.1154492357477355,1.1168229834693804,1.1484479670230257,1.1591237467127977,1.123552504077069,1.0192223567039098
2017-06-14,1.1154492357477355,1.1168229834693804,1.1484479670230257,1.1591237467127977,1.123552504077069,1.02106583404209
2017-06-15,1.1154492357477355,1.1168229834693804,1.1484479670230257,1.1591237467127977,1.123552504077069,1.0202884868953792
2017-06-16,1.1154492357477355,1.1168229834693804,1.1484479670230257,1.1591237467127977,1.123552504077069,1.0193889987231803
2017-06-19,1.1154492357477355,1.1168229834693804,1.1484479670230257,1.1591237467127977,1.123552504077069,1.0240171020765567
2017-06-20,1.1154492357477355,1.1168229834693804,1.1484479670230257,1.1591237467127977,1.123552504077069,1.0241572328654887
2017-06-21,1.1154492357477355,1.1168229834693804,1.1484479670230257,1.1591237467127977,1.123552504077069,1.0205602270063485
2017-06-22,1.1154492357477355,1.1168229834693804,1.1484479670230257,1.1591237467127977,1.123552504077069,1.0195262890231473
2017-06-23,1.1154492357477355,1.1168229834693804,1.1484479670230257,1.1591237467127977,1.123552504077069,1.0201511965954118
2017-06-26,1.1154492357477355,1.1168229834693804,1.1484479670230257,1.1591237467127977,1.123552504077069,1.0221395388707986
2017-06-27,1.1154492357477355,1.1168229834693804,1.1484479670230257,1.1591237467127977,1.123552504077069,1.0229140455285446
2017-06-28,1.1154492357477355,1.1168229834693804,1.1484479670230257,1.1591237467127977,1.123552504077069,1.0214824390902661
2017-06-29,1.1154492357477355,1.1168229834693804,1.1484479670230257,1.1591237467127977,1.123552504077069,1.020786519293881
2017-06-30,1.1154492357477355,1.1168229834693804,1.1484479670230257,1.1591237467127977,1.123552504077069,1.019182589858402
2017-07-03,1.1154492357477355,1.1168229834693804,1.1484479670230257,1.1591237467127977,1.123552504077069,1.0166517141907314
2017-07-04,1.1154492357477355,1.1168229834693804,1.1484479670230257,1.1591237467127977,1.123552504077069,1.0168827406265382
2017-07-05,1.1154492357477355,1.1168229834693804,1.1484479670230257,1.1591237467127977,1.123552504077069,1.0191049498266966
2017-07-06,1.1154492357477355,1.1168229834693804,1.1484479670230257,1.1591237467127977,1.123552504077069,1.0199211169892601
2017-07-07,1.1154492357477355,1.1168229834693804,1.148218323358354,1.1591237467127977,1.123552504077069,1.0189449356150109
2017-07-10,1.1154492357477355,1.1168229834693804,1.1476443022203624,1.1591237467127977,1.123552504077069,1.0184355412606498
2017-07-11,1.1154492357477355,1.1168229834693804,1.1482492650182086,1.1591237467127977,1.123552504077069,1.0189723936750041
2017-07-12,1.1154492357477355,1.1168229834693804,1.148979061409261,1.1591237467127977,1.123552504077069,1.019620025158987
2017-07-13,1.1154492357477355,1.1168229834693804,1.1501825852822252,1.1591237467127977,1.123552504077069,1.0206880490097665
2017-07-14,1.1154492357477355,1.1168229834693804,1.1499105120662625,1.158891968319134,1.123552504077069,1.020446607447755
2017-07-17,1.1154492357477355,1.1168229834693804,1.1502839458920935,1.1592683188759063,1.123552504077069,1.0207779978269864
2017-07-18,1.1154492357477355,1.1168229834693804,1.1478630277469206,1.156828491980718,1.123552504077069,1.0186296413399138
2017-07-19,1.1154492357477355,1.1168229834693804,1.1477424619688665,1.1567069845152458,1.123552504077069,1.0185226495889048
2017-07-20,1.1154492357477355,1.1168229834693804,1.1481532391772806,1.157120970127695,1.123552504077069,1.018887179006059
2017-07-21,1.1154492357477355,1.1168229834693804,1.1477606001832639,1.1567252643994317,1.123552504077069,1.0185387456930388
2017-07-24,1.1154492357477355,1.1168229834693804,1.1476848464643097,1.1566489190007723,1.123552504077069,1.0184715207875377
2017-07-25,1.1154492357477355,1.1168229834693804,1.1470105316702377,1.1559693374239723,1.123552504077069,1.0178731244456116
2017-07-26,1.1154492357477355,1.1168229834693804,1.1449961229183263,1.153939194992013,1.123552504077069,1.0160855100570736
2017-07-27,1.1154492357477355,1.1168229834693804,1.145942510928361,1.1548929748316041,1.123552504077069,1.0169253479610108
2017-07-28,1.1154492357477355,1.1168229834693804,1.145969184773063,1.1549198570142307,1.123552504077069,1.0169490187023844
2017-07-31,1.1154492357477355,1.1168229834693804,1.1449737168887766,1.1539166139586068,1.123552504077069,1.0160656266343198
2017-08-01,1.1154492357477355,1.1168229834693804,1.143653895052911,1.1525864835622437,1.123552504077069,1.0148943983511514
2017-08-02,1.1154492357477355,1.1168229834693804,1.1444231687341229,1.1533617657091944,1.123552504077069,1.0155770625323677
2017-08-03,1.1154492357477355,1.1168229834693804,1.144749656593278,1.1536908036245435,1.123552504077069,1.015866792406781
2017-08-04,1.1154492357477355,1.1168229834693804,1.145159366847904,1.154103713949688,1.123552504077069,1.0162303749942805
2017-08-07,1.1154492357477355,1.1168229834693804,1.1421973460765724,1.151348827874116,1.123552504077069,1.0138045974183085
2017-08-08,1.1154492357477355,1.1168229834693804,1.1421973460765724,1.1516509836068387,1.123552504077069,1.0140706565513484
2017-08-09,1.1154492357477355,1.1168229834693804,1.1421973460765724,1.1510671026001893,1.123552504077069,1.0135565280487127
2017-08-10,1.1154492357477355,1.1168229834693804,1.1421973460765724,1.1525198157493297,1.123552504077069,1.014835694912545
2017-08-11,1.1154492357477355,1.1168229834693804,1.1421973460765724,1.1541381231434498,1.123552504077069,1.0162606735432387
2017-08-14,1.1154492357477355,1.1168229834693804,1.1421973460765724,1.1553295414774598,1.123552504077069,1.0173097608009187
2017-08-15,1.1154492357477355,1.1168229834693804,1.1421973460765724,1.1550510420654485,1.123552504077069,1.017064531920288
2017-08-16,1.1154492357477355,1.1168229834693804,1.1421973460765724,1.1536424156958158,1.123552504077069,1.0158241850723086
2017-08-17,1.1154492357477355,1.1168229834693804,1.1421973460765724,1.1538219886757612,1.123552504077069,1.0159823056246846
2017-08-18,1.1154492357477355,1.1168229834693804,1.1421973460765724,1.1536908036245435,1.123552504077069,1.015866792406781
2017-08-21,1.1154492357477355,1.1168229834693804,1.1421973460765724,1.1519886238206285,1.123552504077069,1.0143679610630014
2017-08-22,1.1154492357477355,1.1168229834693804,1.1421973460765724,1.151826255437564,1.123552504077069,1.0142249897851046
2017-08-23,1.1154492357477355,1.1168229834693804,1.1421973460765724,1.1524413197760601,1.123552504077069,1.0147665763477338
2017-08-24,1.1154492357477355,1.1168229834693804,1.1421973460765724,1.1512830441624242,1.123552504077069,1.0139494623555154
2017-08-25,1.1154492357477355,1.1168229834693804,1.1421973460765724,1.1512830441624242,1.123552504077069,1.013637955399038
2017-08-28,1.1154492357477355,1.1168229834693804,1.1421973460765724,1.1512830441624242,1.123552504077069,1.0124676739455247
2017-08-29,1.1154492357477355,1.1168229834693804,1.1421973460765724,1.1512830441624242,1.123552504077069,1.0131938922908685
2017-08-30,1.1154492357477355,1.1168229834693804,1.1421973460765724,1.1512830441624242,1.123552504077069,1.0133349699094554
2017-08-31,1.1154492357477355,1.1168229834693804,1.1421973460765724,1.1512830441624242,1.123552504077069,1.0137345320238424
2017-09-01,1.1154492357477355,1.1168229834693804,1.1421973460765724,1.1512830441624242,1.123552504077069,1.013446695808739
2017-09-04,1.1154492357477355,1.1168229834693804,1.1421973460765724,1.1512830441624242,1.123552504077069,1.0128729170378417
2017-09-05,1.1154492357477355,1.1168229834693804,1.1421973460765724,1.1512830441624242,1.123552504077069,1.0114877052526556
2017-09-06,1.1154492357477355,1.1168229834693804,1.1421973460765724,1.1512830441624242,1.123552504077069,1.012095569891131
2017-09-07,1.1154492357477355,1.1168229834693804,1.1421973460765724,1.1512830441624242,1.123552504077069,1.0144181430347137
2017-09-08,1.1154492357477355,1.1168229834693804,1.1421973460765724,1.1512830441624242,1.123552504077069,1.015372547326899
2017-09-11,1.1154492357477355,1.1168229834693804,1.1421973460765724,1.1512830441624242,1.123552504077069,1.0149256437297647
2017-09-12,1.1154492357477355,1.1168229834693804,1.1421973460765724,1.1512830441624242,1.123552504077069,1.0150837642821406
2017-09-13,1.1154492357477355,1.1168229834693804,1.1421973460765724,1.1512830441624242,1.123552504077069,1.0143651205740367
2017-09-14,1.1154492357477355,1.1168229834693804,1.1421973460765724,1.1512830441624242,1.123552504077069,1.0162862379439221
2017-09-15,1.1154492357477355,1.1168229834693804,1.1421973460765724,1.1512830441624242,1.123552504077069,1.016255939394964
2017-09-18,1.1154492357477355,1.1168229834693804,1.1421973460765724,1.1512830441624242,1.123552504077069,1.0148262266159953
2017-09-19,1.1154492357477355,1.1168229834693804,1.1421973460765724,1.1512830441624242,1.123552504077069,1.0152049584779739
2017-09-20,1.1152261905096337,1.1168229834693804,1.1421973460765724,1.1512830441624242,1.123552504077069,1.0147372246284305
2017-09-21,1.1139712344289423,1.1168229834693804,1.1421973460765724,1.1512830441624242,1.123552504077069,1.0135953480645654
2017-09-22,1.115253245947526,1.1168229834693804,1.1421973460765724,1.1512830441624242,1.123552504077069,1.014761842199459
2017-09-25,1.116628910904967,1.1168229834693804,1.1421973460765724,1.1512830441624242,1.123552504077069,1.0160135510032977
2017-09-26,1.115973336832964,1.1168229834693804,1.1421973460765724,1.1512830441624242,1.123552504077069,1.0154170483206817
2017-09-27,1.1159525249576623,1.1168229834693804,1.1421973460765724,1.1512830441624242,1.123552504077069,1.0153981117275828
2017-09-28,1.1162043486488127,1.1168229834693804,1.1421973460765724,1.1512830441624242,1.123552504077069,1.0156272445040797
2017-09-29,1.116146075397968,1.1168229834693804,1.1421973460765724,1.1512830441624242,1.123552504077069,1.0155742220434028
2017-09-30,1.1164384822459565,1.1168229834693804,1.1421973460765724,1.1512830441624242,1.123552504077069,1.0158402811764426
2017-10-09,1.1144030808414522,1.1168229834693804,1.1421973460765724,1.1512830441624242,1.123552504077069,1.0139882823713682
2017-10-10,1.1146549045326024,1.1168229834693804,1.1421973460765724,1.1512830441624242,1.123552504077069,1.0142174151478651
2017-10-11,1.1144342986544047,1.1168229834693804,1.1421973460765724,1.1512830441624242,1.123552504077069,1.0140166872610166
2017-10-12,1.113061755478259,1.1168229834693804,1.1421973460765724,1.1512830441624242,1.123552504077069,1.0127678189461427
2017-10-13,1.1134061920145017,1.1168229834693804,1.1421973460765724,1.1512830441624242,1.123552504077069,1.0130812195619299
2017-10-16,1.1104956512535615,1.1168229834693804,1.1421973460765724,1.1512830441624242,1.123552504077069,1.010432937017046
2017-10-17,1.1077193470883173,1.1168229834693804,1.1421973460765724,1.1512830441624242,1.123552504077069,1.0079067954976497
2017-10-18,1.1075445273357831,1.1168229834693804,1.1421973460765724,1.1512830441624242,1.123552504077069,1.0077477281156186
2017-10-19,1.1085029141934257,1.1168229834693804,1.1421973460765724,1.1512830441624242,1.123552504077069,1.008619758227824
2017-10-20,1.1082927142528787,1.1165996635366733,1.1421973460765724,1.1512830441624242,1.123552504077069,1.008428498637525
2017-10-23,1.108150152907062,1.1164560336555733,1.1421973460765724,1.1512830441624242,1.123552504077069,1.0082987829747971
2017-10-24,1.107665236212533,1.115967482381175,1.1421973460765724,1.1512830441624242,1.123552504077069,1.0078575603555924
2017-10-25,1.1036599908107245,1.111932216597572,1.1421973460765724,1.1512830441624242,1.123552504077069,1.0042132130137051
2017-10-26,1.104038766941215,1.1123138317561148,1.1421973460765724,1.1512830441624242,1.123552504077069,1.0045578590081055
2017-10-27,1.1003019947307984,1.1085490514420284,1.1421973460765724,1.1512830441624242,1.123552504077069,1.0011577937171943
2017-10-30,1.093290473941662,1.1014849774358146,1.1421973460765724,1.1512830441624242,1.123552504077069,0.9947780555021678
2017-10-31,1.0940303361086368,1.1022303850669244,1.1421973460765724,1.1512830441624242,1.123552504077069,0.9954512513868344
2017-11-01,1.0963539819860695,1.104571447289524,1.1421973460765724,1.1512830441624242,1.123552504077069,0.9975655220063291
2017-11-02,1.0960157890124171,1.1042307194693963,1.1421973460765724,1.1512830441624242,1.123552504077069,0.9972578023684715
2017-11-03,1.0953310783149919,1.1035408766827997,1.1421973460765724,1.1512830441624242,1.123552504077069,0.996634788455517
2017-11-06,1.0956401346632219,1.1038522494907317,1.1421973460765724,1.1512830441624242,1.123552504077069,0.996915996863036
2017-11-07,1.094526699334582,1.1027304686675425,1.1421973460765724,1.151052833595705,1.123552504077069,0.9959028891322438
2017-11-08,1.0947670764943165,1.1029726475181563,1.1419689522861152,1.151305624880753,1.123552504077069,0.9961216067825364
2017-11-09,1.0940282549211067,1.1022282882803391,1.1411982757504395,1.150528647337965,1.123552504077069,0.9954493577275246
2017-11-10,1.0926411434322496,1.1008307800211699,1.1397513576912057,1.1490698993597452,1.123552504077069,0.9941872337974814
2017-11-13,1.0888232049081563,1.0969842250302528,1.1357688052836075,1.1450547858322966,1.123552504077069,0.9907133157934844
2017-11-14,1.0886972930625811,1.096857369441836,1.1356374646345697,1.1449223713496524,1.123552504077069,0.990598749405236
2017-11-15,1.0890698256304812,1.0972326942406228,1.136026059282136,1.1453141431247484,1.123552504077069,0.9909377144217066
2017-11-16,1.0910042894397725,1.0991816573717523,1.1380439292537152,1.1473485110853716,1.123552504077069,0.9926978707502513
2017-11-17,1.0910084518148329,1.0991858509449233,1.138048271093353,1.1473528884236408,1.123552504077069,0.9927016580688712
2017-11-20,1.089660882889049,1.0978281816308764,1.1366426005106767,1.1459357251589786,1.123552504077069,0.991475513665716
2017-11-21,1.0889855375355095,1.097147774383914,1.1359381370294743,1.1449964569243916,1.123552504077069,0.9908610212196561
2017-11-22,1.0857170325193803,1.0938547710515427,1.1325287074540407,1.1449964569243916,1.123552504077069,0.9878870292734705
2017-11-23,1.0872779231670064,1.0954273609905931,1.1341568973181446,1.1449964569243916,1.123552504077069,0.9893072737558896
2017-11-24,1.0897035472334173,1.097871165755877,1.136687104366962,1.1449964569243916,1.123552504077069,0.9915143336815687
2017-11-27,1.0893611918847046,1.0975262443625788,1.1363299880567685,1.1449964569243916,1.123552504077069,0.9912028267250915
2017-11-28,1.0894048968228383,1.0975702768808724,1.1363755773729636,1.1449964569243916,1.123552504077069,0.9912425935705994
2017-11-29,1.0922342712701016,1.100420858243724,1.1393269428666293,1.1449964569243916,1.123552504077069,0.9938170234023975
2017-11-30,1.0937296045105276,1.1019273994053342,1.140886748756441,1.1449964569243916,1.123552504077069,0.9951776176165551
2017-12-01,1.0939106678256523,1.102109819838264,1.141075618780677,1.1449964569243916,1.123552504077069,0.9953423659765157
2017-12-04,1.0945672824914203,1.1027713560059578,1.14176054398351,1.1449964569243916,1.123552504077069,0.9959398154887867
2017-12-05,1.0952686426890867,1.1034779730852378,1.1422636455336548,1.1449964569243916,1.123552504077069,0.9965779786762202
2017-12-06,1.09543097531644,1.103641522438899,1.1422636455336548,1.1449964569243916,1.123552504077069,0.9967256841023919
2017-12-07,1.094614109210849,1.1028185337041294,1.1422636455336548,1.1449964569243916,1.123552504077069,0.9959824228232591
2017-12-08,1.0933071234419034,1.101501751728498,1.1422636455336548,1.1449964569243916,1.123552504077069,0.994793204776647
2017-12-11,1.0904881549322907,1.098661654298573,1.1422636455336548,1.1449964569243916,1.123552504077069,0.9922282432413981
2017-12-12,1.0897701452343829,1.0979382629266101,1.1422636455336548,1.1449964569243916,1.123552504077069,0.9915749307794854
2017-12-13,1.0898533927355896,1.098022134390026,1.1422636455336548,1.1449964569243916,1.123552504077069,0.991650677151881
2017-12-14,1.0908721340316068,1.0990485114235795,1.1422636455336548,1.1449964569243916,1.123552504077069,0.9925776233840733
2017-12-15,1.092311275208718,1.1004984393473838,1.1422636455336548,1.1449964569243916,1.123552504077069,0.9938870887968636
2017-12-18,1.0925412464308015,1.1007301342650706,1.1422636455336548,1.1449964569243916,1.123552504077069,0.9940963381506066
2017-12-19,1.092683807776618,1.1008737641461703,1.1422636455336548,1.1449964569243916,1.123552504077069,0.9942260538133343
2017-12-20,1.093003270062499,1.1011956208870295,1.1422636455336548,1.1449964569243916,1.123552504077069,0.9945167305174027
2017-12-21,1.0934798620069075,1.1016757850150862,1.1422636455336548,1.1449964569243916,1.123552504077069,0.994950378499368
2017-12-22,1.0943778944261748,1.1025805484266864,1.1422636455336548,1.144767503423707,1.123552504077069,0.9957674924915865
2017-12-25,1.0938628005124584,1.1020615937468,1.1420352384859576,1.1442286924913614,1.123552504077069,0.9952988118123882
2017-12-26,1.0935568659455235,1.101753366118746,1.1417158309186222,1.1439086714527562,1.123552504077069,0.995020443893834
2017-12-27,1.093250931378589,1.101445138490692,1.1413964233512868,1.143588650414151,1.123552504077069,0.9947420759752799
2017-12-28,1.0932467690035286,1.1014409449175213,1.1413920776700985,1.143584296386415,1.123552504077069,0.99473828865666
2017-12-29,1.0940584321402942,1.1022586916858275,1.1422394855018048,1.1442044451286004,1.123552504077069,0.9954768157875181
2017-12-30,1.0940490667964085,1.1022492561461932,1.1422297077191312,1.1442044451286004,1.123552504077069,0.9954682943206236
2017-12-31,1.0940625945153544,1.1022628852589982,1.142243831182993,1.1442044451286004,1.123552504077069,0.9954806031061378
2018-01-02,1.0935079580385645,1.1017040916339889,1.1416647691646604,1.1442044451286004,1.123552504077069,0.9949759429000514
2018-01-03,1.0923695484595628,1.100557149371775,1.1404762253596776,1.1442044451286004,1.123552504077069,0.9939401112575406
2018-01-04,1.0913955526954442,1.0995758532498077,1.1394593359616303,1.1442044451286004,1.123552504077069,0.9930538787005111
2018-01-05,1.091728542700271,1.0999113391034718,1.1398069904566892,1.1442044451286004,1.123552504077069,0.9933568641900938
2018-01-08,1.0918867129525636,1.100070694883962,1.139972126341842,1.1442044451286004,1.123552504077069,0.9935007822976456
2018-01-09,1.0930115948126196,1.1012040080333712,1.1411465466829631,1.1442044451286004,1.123552504077069,0.9945243051546423
2018-01-10,1.0921655920816062,1.1003516642864057,1.140263286981454,1.1442044451286004,1.123552504077069,0.9937545326451712
2018-01-11,1.0912238547242052,1.099402868356512,1.1392800766126154,1.1442044451286004,1.123552504077069,0.9928976518074449
2018-01-12,1.0915651694791528,1.0997467413565178,1.139636422470051,1.1442044451286004,1.123552504077069,0.9932082119342673
2018-01-15,1.0903383094301187,1.0985106856644242,1.138355532939818,1.1442044451286004,1.123552504077069,0.9920918997710859
2018-01-16,1.0898887729236024,1.0980577797619777,1.1378861993714886,1.1442044451286004,1.123552504077069,0.9916828693601492
2018-01-17,1.0899470461744472,1.098116489786369,1.1379470389081239,1.1442044451286004,1.123552504077069,0.9917358918208262
2018-01-18,1.0879324566452444,1.0960868003717015,1.1358437292130172,1.1442044451286004,1.123552504077069,0.9899028296088506
2018-01-19,1.0882831367440777,1.0962208208895592,1.1362098528531261,1.1442044451286004,1.123552504077069,0.9902219112025674
2018-01-22,1.0870843727267008,1.0962208208895592,1.134958296670914,1.1442044451286004,1.123552504077069,0.9891311634400695
2018-01-23,1.0871124687583582,1.0962208208895592,1.1347606324929307,1.1442044451286004,1.123552504077069,0.9891567278407531
2018-01-24,1.0874100785751721,1.0962208208895592,1.1347606324929307,1.1442044451286004,1.123552504077069,0.9894275211220677
2018-01-25,1.0879001982385268,1.0962208208895592,1.1345337257477812,1.143975649998601,1.123552504077069,0.9898734778895473
2018-01-26,1.0878367220188567,1.0962208208895592,1.1344675285799573,1.143908901918424,1.123552504077069,0.9898157212805956
2018-01-29,1.0881478595546168,1.0962208208895592,1.1347920032222427,1.1442360769343736,1.123552504077069,0.9900988233474245
2018-01-30,1.0882331882433538,1.0962208208895592,1.13488098957899,1.1443258038618245,1.123552504077069,0.9901764633791301
2018-01-31,1.089452764136032,1.0962208208895592,1.136152843360792,1.1456082423858807,1.123552504077069,0.9912861477347269
2018-02-01,1.0900927293015588,1.0962208208895592,1.1368202410363961,1.1462811943417635,1.123552504077069,0.9918684479725186
2018-02-02,1.0901645302713496,1.096001620565446,1.1368951198000006,1.146356696268521,1.123552504077069,0.99193377921871
2018-02-05,1.0894413176046163,1.0952745355863043,1.136140906166594,1.1455962058468323,1.123552504077069,0.9912757326085223
2018-02-06,1.09202719311085,1.097874256698775,1.1388376268558242,1.1483153694409278,1.123552504077069,0.9936286043010634
2018-02-07,1.0928211661536091,1.0986724809276742,1.1396656340533626,1.1491502675585514,1.123552504077069,0.9943510353277872
2018-02-08,1.092496500898903,1.0983460773111386,1.139327051817934,1.1488088675419084,1.123552504077069,0.9940556244754439
2018-02-09,1.0924142939914614,1.0982634302415673,1.1392413210596044,1.148722423306925,1.123552504077069,0.9939808249327032
2018-02-11,1.0922186623636256,1.0980667511392959,1.1390373035587693,1.1485167079122813,1.123552504077069,0.9938028209575733
2018-02-12,1.0928263691224345,1.098677711754862,1.139671060050725,1.149155738712664,1.123552504077069,0.9943557694760619
2018-02-13,1.0929730928433115,1.0988252210815659,1.1398240731763516,1.1493100252586472,1.123552504077069,0.9944892724574094
2018-02-14,1.0934788214131423,1.099333657484246,1.1403514801199996,1.1498418214384178,1.123552504077069,0.9949494316697131
2018-02-22,1.0931624809085567,1.0990156231912116,1.1400215794803514,1.1495091752683555,1.123552504077069,0.9946615954546095
2018-02-23,1.09314270962702,1.0989957460478967,1.1400009606903734,1.1494883848827266,1.123552504077069,0.9946436056911654
2018-02-24,1.0931489531896106,1.0990020230405224,1.1400074718872086,1.1494949502676621,1.123552504077069,0.9946492866690951
2018-02-26,1.0948659329019994,1.1007281960125854,1.1417980510168786,1.1513004311249084,1.123552504077069,0.9962115555997563
2018-02-27,1.0968076808676461,1.1026803407191728,1.1438230332326143,1.153342265839831,1.123552504077069,0.9979783397358856
2018-02-28,1.0966391046777026,1.1025108619182793,1.143647230918065,1.1531650004465739,1.123552504077069,0.9978249533317843
2018-03-01,1.0963290077357075,1.1021991046178703,1.1433238414752518,1.1528389196614468,1.123552504077069,0.9975427980946102
2018-03-02,1.0956671901011141,1.101533743399548,1.1426336546107245,1.1521429888582901,1.123552504077069,0.9969406144340647
2018-03-05,1.095145852624807,1.1010096145153034,1.1420899696749882,1.1515947792161807,1.123552504077069,0.9964662527769367
2018-03-06,1.0957774930402129,1.1016446369359352,1.1427486857548124,1.152258977325483,1.123552504077069,0.997040978377489
2018-03-07,1.0968170462115319,1.1026897562081113,1.143832800027867,1.153352113917234,1.123552504077069,0.99798686120278
2018-03-08,1.0970615857463266,1.1029356050859507,1.144087821903911,1.1536092581605388,1.123552504077069,0.9982093661716923
2018-03-09,1.0970074748705423,1.1028812044831946,1.1440313915313396,1.153552358157765,1.123552504077069,0.9981601310296352
2018-03-12,1.0976516024111294,1.1035287808890775,1.1447031300048338,1.154229687036938,1.123552504077069,0.9987462185860466
2018-03-13,1.0974726202835348,1.1033488404338079,1.144516475695559,1.1540414793354552,1.123552504077069,0.9985833638853959
2018-03-14,1.0972592985616925,1.103134376519097,1.1442940098036911,1.1538171620168276,1.123552504077069,0.998389263806132
2018-03-15,1.0977983261320061,1.103676290215781,1.14485614313046,1.1543839735829209,1.123552504077069,0.9988797215673941
2018-03-16,1.0979669023219496,1.1038457690166745,1.1450319454450095,1.1545612389761777,1.123552504077069,0.9990331079714954
2018-03-19,1.098242659669697,1.1041230028576423,1.1453195233052293,1.15485121014416,1.123552504077069,0.9992840178300562
2018-03-20,1.1003040759183285,1.1061954565895553,1.1474693034603058,1.1570188814036781,1.123552504077069,1.0011596873765043
2018-03-21,1.101089724210967,1.1069853114949537,1.1482886290620637,1.157845025674721,1.123552504077069,1.0018745437659884
2018-03-22,1.1022281337899689,1.1081298164837032,1.1494758372850085,1.1590421141946166,1.123552504077069,1.0029103754084994
2018-03-23,1.105187582457868,1.111105110988277,1.152562144584876,1.162154106654016,1.123552504077069,1.0056031589471661
2018-03-26,1.1050804013000644,1.1109973559482027,1.1524503690392056,1.1620414008792908,1.123552504077069,1.0055056354927066
2018-03-27,1.1042333579752859,1.1101457772819852,1.1515670166685685,1.1611506969897158,1.123552504077069,1.0047349161535806
2018-03-28,1.104148029286549,1.1100599917161007,1.1514780303118213,1.161060970062265,1.123552504077069,1.004657276121875
2018-03-29,1.1032874582428245,1.1091948128991942,1.1505805703480412,1.1601560411719964,1.123552504077069,1.0038742479972345
2018-03-30,1.103975290721545,1.109886328253457,1.1512978871993818,1.1608793277457177,1.123552504077069,1.0045001023991538
2018-04-02,1.1043134836951973,1.1102263320206813,1.151650577027953,1.161234952763054,1.123552504077069,1.0048078220370114
2018-04-03,1.103071014739687,1.1089772104881706,1.1503548488577557,1.1599284411609012,1.123552504077069,1.0036773074290057
2018-04-04,1.1044362737594773,1.1103497795423198,1.1517786305657112,1.1613640720001177,1.123552504077069,1.004919547936295
2018-04-08,1.105324940834859,1.111243204826042,1.1527053909152496,1.1622985451225956,1.123552504077069,1.0057281404616187
2018-04-09,1.1069638760148663,1.1128909153902837,1.15441458008448,1.164021958668149,1.123552504077069,1.007219397168159
2018-04-10,1.1057765585289054,1.1116972406259664,1.1531763674863262,1.1627734412995925,1.123552504077069,1.0061390645318653
2018-04-11,1.1068390047630563,1.1127653755377702,1.1542843561477767,1.1638906509694402,1.123552504077069,1.0071057776095653
2018-04-12,1.107267729394271,1.113196395698067,1.154731458330458,1.1643414740683404,1.123552504077069,1.0074958714274034
2018-04-13,1.107925384653804,1.1138575722546389,1.155417304397095,1.1650330279482068,1.123552504077069,1.008094267769329
2018-04-16,1.1117818251472056,1.1177346613664358,1.159439053642281,1.1690882473766646,1.123552504077069,1.011603218470559
2018-04-17,1.112371841812008,1.1183278371695629,1.160054361743204,1.169708676253064,1.123552504077069,1.0121400708849135
2018-04-18,1.1232158694379488,1.1292299271949366,1.17136322544641,1.1811116556551031,1.123552504077069,1.022006982719106
2018-04-19,1.1231388654993328,1.1291525109525533,1.1712829206854432,1.1810306825742327,1.123552504077069,1.0219369173246402
2018-04-20,1.1225217933966378,1.1285321348480482,1.1706393973982343,1.1803818036964466,1.123552504077069,1.0213754473392573
2018-04-23,1.1188047924677578,1.1245702728585107,1.1667630648823673,1.176473211198214,1.123552504077069,1.01799337181179
2018-04-24,1.1194686912898815,1.1245702728585107,1.1672219310614103,1.1769358961969232,1.123552504077069,1.0185974491316454
2018-04-25,1.1172730384455538,1.1245702728585107,1.1672219310614103,1.1769358961969232,1.123552504077069,1.0165996385597094
2018-04-26,1.1153198439484913,1.1245702728585107,1.1672219310614103,1.1769358961969232,1.123552504077069,1.0148224392973757
2018-04-27,1.1145768600002213,1.1245702728585107,1.1672219310614103,1.1769358961969232,1.123552504077069,1.0141464029237441
2018-04-28,1.1148179566264849,1.1245702728585107,1.1672219310614103,1.1769358961969232,1.123552504077069,1.0145686889498502
2018-05-02,1.1148179566264849,1.1245702728585107,1.1672219310614103,1.1769358961969232,1.123552504077069,1.0116249955526229
2018-05-03,1.1148179566264849,1.1245702728585107,1.1672219310614103,1.1769358961969232,1.123552504077069,1.0128549272743976
2018-05-04,1.1148179566264849,1.1245702728585107,1.1672219310614103,1.1769358961969232,1.123552504077069,1.0145412308898567
2018-05-07,1.1148179566264849,1.1245702728585107,1.1672219310614103,1.1769358961969232,1.123552504077069,1.0137979696107242
2018-05-08,1.1148179566264849,1.1245702728585107,1.1672219310614103,1.1769358961969232,1.123552504077069,1.0114687686595567
2018-05-09,1.1148179566264849,1.1245702728585107,1.1672219310614103,1.1769358961969232,1.123552504077069,1.0106554419859581
2018-05-10,1.1148179566264849,1.1245702728585107,1.1672219310614103,1.1769358961969232,1.123552504077069,1.0114858115933458
2018-05-11,1.1148179566264849,1.1245702728585107,1.1672219310614103,1.1769358961969232,1.123552504077069,1.0123379582827972
2018-05-14,1.1148179566264849,1.1245702728585107,1.1672219310614103,1.1769358961969232,1.123552504077069,1.0120340259635596
2018-05-15,1.1148179566264849,1.1245702728585107,1.1672219310614103,1.1769358961969232,1.123552504077069,1.0111856665927277
2018-05-16,1.1148179566264849,1.1245702728585107,1.1672219310614103,1.1769358961969232,1.123552504077069,1.0110209182327674
2018-05-17,1.1148179566264849,1.1245702728585107,1.1672219310614103,1.1769358961969232,1.123552504077069,1.011236795394095
2018-05-18,1.1148179566264849,1.1245702728585107,1.1672219310614103,1.1769358961969232,1.123552504077069,1.0112926583437367
2018-05-21,1.1148179566264849,1.1245702728585107,1.1672219310614103,1.1769358961969232,1.123552504077069,1.012075686468377
2018-05-22,1.1148179566264849,1.1245702728585107,1.1672219310614103,1.1769358961969232,1.123552504077069,1.0132582767074048
2018-05-23,1.1148179566264849,1.1245702728585107,1.1669885333547394,1.1769358961969232,1.123552504077069,1.0143821635078258
2018-05-24,1.1148179566264849,1.1245702728585107,1.1671922274514526,1.176700556085706,1.123552504077069,1.0145592206533005
2018-05-25,1.114595037618961,1.1243454037777552,1.1696605206233894,1.1791889567790028,1.123552504077069,1.0167047366514084
2018-05-28,1.1152033010761302,1.1249589882629465,1.1702988347446406,1.1798324708153098,1.1233278385093672,1.0172595788292067
2018-05-29,1.1153154042388849,1.1250720720929814,1.1704164762550415,1.1799510706718306,1.1234407583719481,1.0173618364319408
2018-05-30,1.1160170869983497,1.1257798931032021,1.1711528249682939,1.180693417921905,1.1241475530673621,1.0180018932786845
2018-05-31,1.1151918831614052,1.1249474704654427,1.1702868527389514,1.1798203912002938,1.1233163374122523,1.0172491637030023
2018-06-01,1.114778762246809,1.124530735610313,1.169853321987658,1.1793833287660784,1.122900206807556,1.0168723255003338
2018-06-04,1.1124079879529964,1.122139222019568,1.167365421897321,1.1768751614300283,1.120512160824826,1.014709766568437
2018-06-05,1.1119626892787207,1.121690027916928,1.1668981236754494,1.1764040564444043,1.1200636180373518,1.0143035766464652
2018-06-06,1.1118993717516092,1.121626156494408,1.1668316780075376,1.1763370694884063,1.1199998392260793,1.0142458200375133
2018-06-07,1.1112859183332016,1.1210073366467153,1.1661879175200642,1.175688064718001,1.1193819166447336,1.0136862437114402
2018-06-08,1.1128989582861721,1.1226344873122223,1.1678806481419486,1.1773945848757164,1.121006708000759,1.0151576169952266
2018-06-11,1.1118267122942684,1.1215528614193853,1.1667554288804258,1.176260199211032,1.1199266504262584,1.0141795419616673
2018-06-12,1.109967668178586,1.1196775545713011,1.1648045404996055,1.1742934182570626,1.1180540627051245,1.0124837700496587
2018-06-13,1.1110419901549853,1.1207612746091387,1.1659319383076172,1.1754300002153866,1.1191362113881917,1.013463738742528
2018-06-14,1.1132487616736568,1.1229873507448322,1.1682477332253303,1.177764660353934,1.1213590597941832,1.0154766985889434
2018-06-15,1.1154243934248964,1.1251820147055158,1.1705308499457094,1.1800663760878924,1.1235505415716796,1.0174612535457104
2018-06-19,1.118101375431789,1.1278824146838569,1.1733400856431608,1.1828984967357352,1.1262470260679407,1.0199031272258159
2018-06-20,1.1160627586572496,1.1258259642932165,1.1712007529910498,1.180741736381969,1.1241935574558208,1.018043553783502
2018-06-21,1.1176944824706794,1.1274719622637293,1.1729130905313343,1.1824680231824378,1.1258371687889432,1.0195319700010772
2018-06-22,1.1183629494782168,1.1281462769539392,1.173614582500764,1.1831752297342837,1.1265105057472964,1.0201417282988625
2018-06-25,1.1177204322768726,1.1274981390762373,1.1729403223624457,1.1824954768529286,1.1258633076460223,1.0195556407424509
2018-06-26,1.117813851579168,1.1275923756012667,1.1730383569544467,1.182594310066696,1.1259574075315064,1.019640855411396
2018-06-27,1.1191642794934633,1.128954616924191,1.1744555014454836,1.1837861944792274,1.1273176736538932,1.0208726807924808
2018-06-28,1.121255833872637,1.1310644680123483,1.1766503870330622,1.1837861944792274,1.1294244655344543,1.0227805425471972
2018-06-29,1.1250548854993245,1.1348967533635421,1.1806371271077705,1.1837861944792274,1.1332511942108079,1.0262459390842997
2018-07-02,1.1253693971503862,1.135214016331141,1.1809671769008405,1.1837861944792274,1.1335679971586043,1.0265328284697484
2018-07-03,1.1241020086159093,1.1339355408082428,1.1796371742693599,1.1837861944792274,1.13229137537887,1.0253767494610593
2018-07-04,1.123410705778922,1.1332381905230255,1.1789117182885525,1.1837861944792274,1.1315950362262877,1.0247461609108652
2018-07-05,1.1235549867013561,1.1333837336005708,1.1790631272695318,1.1837861944792274,1.1317403682716463,1.0248777702329026
2018-07-06,1.1227017570737232,1.1325230400053026,1.1781677446625891,1.1837861944792274,1.1308809226508916,1.024099476256537
2018-07-09,1.1210357795161183,1.1308424886422792,1.1764194611052374,1.1837861944792274,1.129202808026425,1.0225798146603486
2018-07-10,1.1207659015317089,1.1305702497921943,1.176136250061679,1.1837861944792274,1.1289309639128042,1.0223336389500626
2018-07-11,1.1231013840890987,1.1329261629179281,1.1785871148617046,1.1837861944792274,1.1312834610499067,1.0244640056736911
2018-07-12,1.1225761600117479,1.1323963442327631,1.17803594260001,1.1837861944792274,1.1307544105826295,1.0239849098682885
2018-07-13,1.1243532027398597,1.1341889323533216,1.1799007783945181,1.183549484582311,1.1325443995153939,1.025605882237556
2018-07-16,1.1251472668093723,1.1349899428160712,1.180734072426527,1.1843853554793804,1.1333442485420089,1.0263302069235898
2018-07-17,1.1254171447937817,1.135262181666156,1.1810172834700854,1.1846694423202144,1.1336160926556296,1.0265763826338759
2018-07-18,1.1262454626074694,1.1360977455214163,1.1818865235191613,1.1855413703932358,1.1344504449735888,1.0273319526985227
2018-07-19,1.1277536653434193,1.1376191418643902,1.1834692375433553,1.1871289787768196,1.1359696353470154,1.0287076961871593
2018-07-20,1.1237376733369566,1.1335680183606283,1.179254839360556,1.1829015480568703,1.131924385825482,1.0250444122521731
2018-07-23,1.1234065538099312,1.1332340022330243,1.1789073611955747,1.182552995356001,1.131590854009155,1.0247423735922454
2018-07-24,1.1205873668650996,1.1303901533221383,1.1759488950636325,1.179585380510981,1.1287511285761012,1.0221707842494119
2018-07-25,1.1201835878807331,1.1299828421195113,1.1755251677715393,1.1791603428914257,1.1283444079599532,1.021802467513638
2018-07-26,1.121852679415081,1.1316665347000359,1.1772767191486242,1.1809173107378144,1.1300256592472693,1.023324969598791
2018-07-27,1.1229290773759757,1.1327523488828741,1.178406295503125,1.1820503801760638,1.1311098990389028,1.0243068319509703
2018-07-30,1.1227495047171185,1.1325712053403176,1.178217851231834,1.1818613531627395,1.1309290181479166,1.0241430304206645
2018-07-31,1.1255645396929592,1.1354108659612023,1.1811719602707982,1.1848245974409775,1.1337645613638379,1.0267108324448782
2018-08-01,1.1261914870105876,1.1360432977513995,1.1818298813104495,1.1854845530250688,1.1343960761508645,1.0272827175564656
2018-08-02,1.1265132646073834,1.1363678902265004,1.1821675560162308,1.1858232719506785,1.134720197978643,1.0275762347494988
2018-08-03,1.1280588350642518,1.137926981179486,1.1837894838772256,1.1874502154353013,1.1362770283062635,1.0289860641057136
2018-08-06,1.1278657685061741,1.1377322256944253,1.1835868790537567,1.1872469840799353,1.1360825552095963,1.0288099537898934
2018-08-07,1.1266243297778904,1.1364799269840353,1.1822841082533875,1.1859401846120987,1.134832072286941,1.0276775455225782
2018-08-08,1.1238155227555362,1.1336465487981526,1.17933653485389,1.182983496184034,1.1320028023967186,1.025115424476294
2018-08-09,1.1220550879033881,1.1318707138375994,1.177489127431293,1.18113037586844,1.1302295423324848,1.0235096013815057
2018-08-10,1.1212537578881414,1.1310623738673478,1.1766482084865733,1.180286856479502,1.1294223744258878,1.0227786488878872
2018-08-13,1.1190127326252948,1.1288017443391434,1.174296467551793,1.1779278430588842,1.1271650227285523,1.0207344436628587
2018-08-14,1.1205510371364291,1.1303535057846268,1.1759107705000766,1.179547138051638,1.1287145341761906,1.0221376452114888
2018-08-15,1.1192950665166772,1.1290865480592323,1.1745927498742852,1.1782250416000644,1.127449413493571,1.020991981329004
2018-08-16,1.117443288346729,1.1272185707186504,1.172649486406176,1.176275768815265,1.1255841446524195,1.0193028372245805
2018-08-17,1.1152925684094348,1.1250490364979744,1.1703925122436636,1.174011815222157,1.1234177561777188,1.017341006179532
2018-08-20,1.1150154244792911,1.1247694681403873,1.170101676287394,1.1737200798894543,1.1231385931841158,1.0170882026616614
2018-08-21,1.1145099222546473,1.1242595438327285,1.169571200217344,1.1731879633837383,1.1226294082482184,1.0166270966197029
2018-08-22,1.116126076184361,1.1258898357157363,1.1712671986589616,1.1748892065036558,1.1242573362670936,1.0181013103924537
2018-08-23,1.116393878184275,1.1261599804208204,1.1715482311560312,1.1751711080610987,1.124527089272148,1.01834559244343
2018-08-24,1.115934047618531,1.125696127303176,1.1710656831087374,1.1746870677899854,1.1240639087247095,1.0179261469062888
2018-08-27,1.1152603906497554,1.1250165772504643,1.1703587447730854,1.1739779433295958,1.1233853439949408,1.0173116544602288
2018-08-28,1.1156309538821945,1.1253903821330806,1.170747615321356,1.1743680164148949,1.1237586068740277,1.0176496726470445
2018-08-29,1.1155915101767806,1.1253505933780683,1.170706222938067,1.1743264960304653,1.1237188758112677,1.0176136931201565
2018-08-30,1.1178076236256818,1.1275860931662647,1.1730318213149802,1.1766592860503908,1.1259511342058075,1.0196351744334664
2018-08-31,1.1177287362148542,1.1275065156562398,1.1729490365484014,1.1765762452815316,1.1258716720802875,1.0195632153796903
2018-09-03,1.116590058719096,1.1263578771233822,1.1717541037992334,1.175377617341551,1.1247246990316646,1.0185245432482146
2018-09-04,1.1154285453938872,1.125186202995517,1.1705352070386874,1.1741549512842695,1.1235547237888122,1.01746504086433
2018-09-05,1.1151866932001664,1.124942235102941,1.1702814063727291,1.1739003657692142,1.1233111096408366,1.0172444295547276
2018-09-06,1.1148576496576363,1.1246103131203375,1.1699361067542366,1.1735539983517358,1.122979668933076,1.0169442845541097
2018-09-07,1.114224474386522,1.1239715988951386,1.1692716500751186,1.1728874869174715,1.1223418808203502,1.0163667184645926
2018-09-10,1.112252289115837,1.121982161144519,1.1672020309106526,1.1708114676959922,1.1203553276823526,1.014567742120195
2018-09-11,1.1108945952558078,1.1206125903140922,1.1657772615069044,1.169382292358258,1.1189877426799835,1.0133292889315257
2018-09-12,1.1115879740772907,1.1213120347443102,1.1665048960342008,1.1701121770108622,1.119686172941132,1.0139617711410296
2018-09-13,1.1121235780771188,1.1218523241544787,1.1670669610283402,1.1706759801257483,1.120225678951241,1.014450335242982
2018-09-14,1.1129550098675496,1.1226910292272398,1.1679394688971492,1.1715511861238561,1.1210631679320497,1.0152087457965937
2018-09-17,1.1131979000535182,1.1229360441923162,1.168194358836352,1.1718068642806068,1.1213078276343083,1.015430303935851
2018-09-18,1.1128595145807585,1.1225946985572097,1.1678392557586592,1.1714506630878687,1.120966976937999,1.0151216374683385
2018-09-19,1.110970368689892,1.120689026606616,1.1658567784537497,1.1694620552020305,1.1190640681426538,1.0133984074963367
2018-09-20,1.1093988484268307,1.1191037588411223,1.1642076187616437,1.1678077956750204,1.1174810989579547,1.0119649073987484
2018-09-21,1.1107233265349326,1.1204398233515385,1.1655975314215692,1.169202006478498,1.1188152262232627,1.0131730620384596
2018-09-25,1.1110139643642964,1.1207330036516299,1.1659025279300168,1.1695079461532423,1.1191079814225464,1.0134381743418444
2018-09-26,1.1122688969918006,1.1219989143045241,1.167219459282564,1.1708289499631204,1.120372056550883,1.0145828913946744
2018-09-27,1.1143282736112947,1.1240763061451715,1.1693805773995642,1.1729967510870232,1.1224464362486661,1.0164614014300872
2018-09-28,1.1147237486576795,1.1244752407677956,1.1697955905057018,1.1734130475730145,1.1228447924305487,1.0168221435286218
2018-09-29,1.1150787420064028,1.1248333395629073,1.1701681219553057,1.1737867310328807,1.1232023719953883,1.0171459592706134
2018-09-30,1.1149749427816298,1.1247286323128745,1.17005919463086,1.1736774668633292,1.1230978165670726,1.0170512763051185
2018-10-08,1.1148950173785548,1.1246480077303493,1.169975320591037,1.1735933334527744,1.1230173088872697,1.0169783704216877
2018-10-09,1.114836889812682,1.1245893716703312,1.1699143212893475,1.1735321455178256,1.1229587578474127,1.0169253479610108
2018-10-10,1.1152427447815438,1.1249987770179588,1.1703402271279297,1.173959368420772,1.1233675695721272,1.0172955583560945
2018-10-11,1.1182394284007369,1.1280216753264003,1.1734849589846736,1.1771138249957251,1.1263860847876006,1.0200290555699238
2018-10-12,1.117971626400823,1.1277515306213164,1.1732039264876042,1.1768319234382822,1.1261163317825462,1.0197847735189478
2018-10-15,1.118017298059723,1.1277976018113305,1.17325185451036,1.1768799996728847,1.1261623361710051,1.0198264340237655
2018-10-16,1.1184225920975743,1.1284321277465283,1.1739119540965004,1.1775421405403672,1.126795942066598,1.0204002127946628
2018-10-17,1.1184225920975743,1.1281755949839483,1.1736450821516087,1.177274443324966,1.1265397812672246,1.0201682395292009
2018-10-18,1.1184225920975743,1.130696945564734,1.1762680521242583,1.1799055245277672,1.1290574759810663,1.0224482053383113
2018-10-19,1.1184225920975743,1.1299482887270007,1.1754892217544723,1.1791242857154736,1.1283099046686091,1.0217712221350246
2018-10-22,1.1184225920975743,1.1286258361590886,1.1741134696467246,1.1777442792540376,1.126989369608982,1.0205753762808278
2018-10-23,1.1184225920975743,1.129481294391855,1.175003405887445,1.1786369675192736,1.1278435874583213,1.0213489361089187
2018-10-24,1.1184225920975743,1.1312791178749153,1.1768736880481756,1.1805130333104736,1.1296388041625014,1.0229746426264612
2018-10-25,1.1184225920975743,1.1316581581200333,1.1772680049626687,1.1809085696042503,1.130017294813004,1.0233173949615515
2018-10-26,1.1184225920975743,1.132054998597657,1.1776808395223175,1.1813226808068507,1.1304135598863205,1.0236762434007762
2018-10-29,1.1184225920975743,1.1345166660459236,1.1802417209200329,1.1838914814330073,1.1328716580060219,1.025902239919554
2018-10-30,1.1184225920975743,1.134253850848342,1.1799683133356744,1.1836172283674329,1.1326092238809495,1.0256645856761626
2018-10-31,1.1181989523071127,1.1346213732959562,1.1803506482444786,1.184000745602559,1.1329762134343377,1.0259969228850487
2018-11-01,1.1190224222765033,1.1354569371512166,1.1812198882935543,1.1848726736755804,1.1338105657522968,1.0267524929496958
2018-11-02,1.1159297662636423,1.132318860867739,1.1779553363799202,1.1815980265141206,1.130677039565676,1.0239148444738226
2018-11-05,1.1168853216416565,1.1332884500030411,1.1789640034042863,1.1826098127241678,1.131645222831879,1.0247916087343023
2018-11-06,1.118586953194946,1.135015072556079,1.1807602149843939,1.1844115788800726,1.1333693418448045,1.0263529308353085
2018-11-07,1.1203928083909775,1.1368474494316498,1.1826664431621914,1.1863237018472246,1.135199061840329,1.028009882731464
2018-11-08,1.120429957412153,1.1368851440416616,1.182705656998992,1.1863630369482632,1.1352367017945226,1.0280439685990421
2018-11-09,1.1206765856360683,1.1371353943692395,1.1829659933044168,1.1866241783134914,1.135486589268197,1.0282702608865741
2018-11-12,1.1205702981588161,1.1370275459017058,1.1828537981602378,1.1865116362188532,1.1353788971770318,1.0281727374321148
2018-11-13,1.1210067991576282,1.1374704575693437,1.1833145607426427,1.1869738236560563,1.1358211666388072,1.028573246376157
2018-11-14,1.1252820323445765,1.1418084789381953,1.1878274197944232,1.1915006382005768,1.1401528980339257,1.0324959616365985
2018-11-15,1.1266348758657179,1.143181190986123,1.1892554570179046,1.1929330914633975,1.141523619699144,1.0337372553142328
2018-11-16,1.1297048296989716,1.1462962316745933,1.1924960449201605,1.196183700507556,1.1446341436915355,1.036554073537697
2018-11-19,1.129082583594282,1.1456648469568966,1.1918392131537539,1.1955248375651601,1.1440036744587918,1.0359831352557647
2018-11-20,1.128212677348422,1.1447821648391217,1.1909209558086775,1.1946037406158405,1.1431222721980907,1.0351849578566454
2018-11-21,1.128594486732726,1.1451695816642424,1.1913239869091263,1.1950080180431815,1.1435091272828588,1.0355352848289754
2018-11-22,1.1279289001033312,1.1444942199015318,1.1906214056664521,1.1943032641495739,1.1428347447702225,1.034924579701535
2018-11-23,1.1278638893162742,1.1444282543340114,1.1905527814520516,1.1942344277227563,1.1427688748503837,1.0348649294332735
2018-11-26,1.1268288763096344,1.1433780406161842,1.1894602403878622,1.1931385081021544,1.1417201839043776,1.0339152592893623
2018-11-27,1.1272880794880538,1.1438439878788293,1.189944966981645,1.1936247336566588,1.1421854555603823,1.0343365984858135
2018-11-28,1.1283602415158693,1.1449318962066684,1.1910767218826348,1.1947599883782993,1.1432717864605821,1.0353203544973024
2018-11-29,1.1296542657534827,1.1462449251220774,1.1924426705311824,1.1961301610644757,1.1445829115316608,1.036507678884605
2018-11-30,1.1289040619091886,1.1454837034143401,1.191650768882463,1.195335810551836,1.1438227935678058,1.035819333725459
2018-12-03,1.1287379232311534,1.1453151247417876,1.1914753958901054,1.195159895238858,1.1436544593282176,1.0356668941510128
2018-12-04,1.132547761736153,1.149180916412992,1.1954969927086363,1.199193928378701,1.1475146457416323,1.0391625892370737
2018-12-05,1.1337695517659252,1.150420650253378,1.196786692230072,1.2004876161461913,1.1487525820128899,1.0402836355485297
2018-12-06,1.1352059805847114,1.151878175173832,1.1983029605863544,1.2020085733863486,1.150207993575044,1.0416016224282145
2018-12-07,1.135458800312156,1.1521347079364122,1.1985698325312462,1.20227627060175,1.1504641543744176,1.0418335956936764
2018-12-10,1.1368287969810582,1.153755576166917,1.2002560275136638,1.2039676799464079,1.1520826724047442,1.0432992879995329
2018-12-11,1.1368287969810582,1.1535363405456278,1.2002680095193528,1.2039796990050586,1.1520941735018588,1.0433097031257372
2018-12-12,1.1368287969810582,1.1535363405456278,1.2003976330354431,1.2041097233668248,1.1522185944615546,1.043422375854676
2018-12-13,1.1368287969810582,1.1535363405456278,1.1968095669682055,1.200510561621797,1.148774538652836,1.0403035189712835
2018-12-14,1.1368287969810582,1.1535363405456278,1.1963531614787786,1.200052744751376,1.1483364514081935,1.0399067973458611
2018-12-17,1.1368287969810582,1.1535363405456278,1.1920047826869111,1.1956909191028786,1.1441625987098318,1.0361270533633167
2018-12-18,1.1368287969810582,1.1535363405456278,1.1925439729429166,1.1962317767421586,1.1446801480799944,1.036595734042515
2018-12-19,1.1368287969810582,1.1535363405456278,1.1940003312707541,1.1976926386890627,1.146078054156575,1.0378616452911777
2018-12-20,1.1368287969810582,1.1535363405456278,1.1961440210158432,1.1998429575458371,1.1481357049858274,1.0397250060521115
2018-12-21,1.1368287969810582,1.1535363405456278,1.1969664223154073,1.2006679020259512,1.1489250984696109,1.0404398624415958
2018-12-24,1.1368287969810582,1.1535363405456278,1.1960830217141536,1.199541813256966,1.1480771539459707,1.0396719835914345
2018-12-25,1.1368287969810582,1.1535363405456278,1.1966069621447368,1.199541813256966,1.148580065556169,1.0401274086554635
2018-12-26,1.1368287969810582,1.1535363405456278,1.1973848184863876,1.199541813256966,1.1495566132566375,1.0410117475531833
2018-12-27,1.1368287969810582,1.1535363405456278,1.1973848184863876,1.199541813256966,1.1520136658220559,1.0432367972423064
2018-12-28,1.1368287969810582,1.1535363405456278,1.1973848184863876,1.199541813256966,1.155563322613373,1.0464512839208484
2018-12-29,1.1368287969810582,1.1535363405456278,1.1973848184863876,1.199541813256966,1.1560139565094136,1.04685936750213
2018-12-30,1.1368287969810582,1.1535363405456278,1.1973848184863876,1.199541813256966,1.1559815443266357,1.0468300157828265
2018-12-31,1.1368287969810582,1.1535363405456278,1.1973848184863876,1.199541813256966,1.1559867720980515,1.0468347499311013
2019-01-02,1.1368287969810582,1.1535363405456278,1.1973848184863876,1.199541813256966,1.1605202580389757,1.0511503994983455
2019-01-03,1.1368287969810582,1.1535363405456278,1.1973848184863876,1.199541813256966,1.1605202580389757,1.0518605217395551
2019-01-04,1.136601476685721,1.1535363405456278,1.1973848184863876,1.199541813256966,1.1605202580389757,1.0519012354147177
2019-01-07,1.1356275146004435,1.1535363405456278,1.1973848184863876,1.199541813256966,1.1605202580389757,1.050999853583209
2019-01-08,1.138636361756747,1.1535363405456278,1.1973848184863876,1.199541813256966,1.1605202580389757,1.0537844795984053
2019-01-09,1.1384031019296008,1.1533056794097458,1.1973848184863876,1.199541813256966,1.1605202580389757,1.0535686024370776
2019-01-10,1.1380573044665505,1.1529553551903324,1.1973848184863876,1.199541813256966,1.1605202580389757,1.053248574013706
2019-01-11,1.1384194710402777,1.1533222628047475,1.1973848184863876,1.199541813256966,1.1605202580389757,1.053583751711557
2019-01-14,1.13688691305315,1.1517696424477024,1.1971453894085058,1.199541813256966,1.1605202580389757,1.0521654008884476
2019-01-15,1.1367549370983172,1.1516359388255004,1.197006418325255,1.199541813256966,1.1605202580389757,1.0520432598629597
2019-01-16,1.1402118886594017,1.1551381445574465,1.2006465988702546,1.199541813256966,1.1605202580389757,1.0552425972670225
2019-01-17,1.1411797123281753,1.1561186377869288,1.2016657201474281,1.199541813256966,1.1605202580389757,1.0561382981206013
2019-01-18,1.1407623000059135,1.1556957612143826,1.2012261836980762,1.199541813256966,1.1605202580389757,1.0557519916213833
2019-01-21,1.1397044462284167,1.15462405931239,1.2001122604416306,1.199541813256966,1.1605202580389757,1.054772969758169
2019-01-22,1.1398415375303361,1.1547629452455304,1.2002566180009766,1.199541813256966,1.1605202580389757,1.0548998449319318
2019-01-23,1.1393913869867205,1.1543069018829804,1.1997826081046168,1.199541813256966,1.1605202580389757,1.0544832398837556
2019-01-24,1.138307956473791,1.1532092884262977,1.1986417524676962,1.1993019528663926,1.1605202580389757,1.0534805472791675
2019-01-25,1.138497224315993,1.1534010339310061,1.1988410520832111,1.1995013622542272,1.1605202580389757,1.0536557107653326
2019-01-28,1.137766752752035,1.15266099992905,1.1980718632968455,1.1987317498060441,1.1605202580389757,1.0529796743917013
2019-01-29,1.1382475953781699,1.1531481371572285,1.1985781920497753,1.1992383574400023,1.1605202580389757,1.0534246843295259
2019-01-30,1.1397146769225899,1.1546344239342663,1.2001230333938206,1.2007840496678661,1.160288200398896,1.0547824380547184
2019-01-31,1.140338749267148,1.1552666658687105,1.2007801834774106,1.2014415617034289,1.1609235381656617,1.0553600041442357
2019-02-01,1.140335680058896,1.1552635564821476,1.2007769515917535,1.2014383280376801,1.160920413553694,1.0553571636552708
2019-02-02,1.140578147510798,1.155509198020612,1.2010322705586562,1.201693787631825,1.161167257899142,1.055581562283493
2019-02-03,1.1409965829024769,1.155933111055346,1.2014728843032272,1.2021346440622267,1.1615932466640717,1.0559688156123659
2019-02-11,1.1422314276891679,1.1571841209157954,1.2027731796325596,1.2034356555817747,1.1628503822124094,1.0571116390058857
2019-02-12,1.1421373053027757,1.157088766394535,1.2026740684724118,1.2033364898321488,1.1627545607787335,1.0570245306776307
2019-02-13,1.1418375459635042,1.1567850829735642,1.2023584209732447,1.203020668477362,1.1624493903432214,1.0567471095887313
2019-02-14,1.1413198728383465,1.1562606331066319,1.201813309592431,1.2024752568544201,1.1619223724580028,1.056268013783329
2019-02-15,1.1414395719601713,1.1563818991825825,1.201939353133054,1.202601369818618,1.162044232324743,1.0563787928529575
2019-02-18,1.1390384280377492,1.1539493224282538,1.1994109412540621,1.200071565314576,1.1595997442286796,1.054156583652799
2019-02-19,1.1386793306722738,1.1535855242004012,1.199032810632193,1.1996932264219815,1.1592341646284587,1.053824246443913
2019-02-20,1.1391427811183146,1.1540550415713904,1.1995208253664,1.2001815099500308,1.1597059810355814,1.0542531602776037
2019-02-21,1.1382885181548623,1.1531895956447331,1.1986212838585353,1.1992814729833179,1.1588362973712385,1.0534625575157237
2019-02-22,1.1373974246923868,1.1522868370793216,1.1976829597227867,1.198342632027621,1.157929118363283,1.0526378688862656
2019-02-25,1.13447349229772,1.149324628147122,1.194604049986886,1.195262026457722,1.154952404695388,1.04993182973243
2019-02-26,1.1327291589412094,1.1475574601172411,1.1927672616384914,1.1934242264238952,1.1531765835604122,1.0483174851707469
2019-02-27,1.1345522686428526,1.1494044357355684,1.1946870017187488,1.1953450238786048,1.1550326030692255,1.0500047356158608
2019-02-28,1.1341195102793313,1.148966012230208,1.194231305841112,1.1948890770080423,1.15459203278178,1.0496042266718186
2019-03-01,1.1324989683223152,1.147324256125028,1.1925248702142166,1.193181701492745,1.1529422376628347,1.0481044484983841
2019-03-04,1.131638566942359,1.146452591425245,1.1916188649350379,1.1922751971945347,1.1520663047745563,1.0473081647585742
2019-03-05,1.1309602719186835,1.1457654169948575,1.1909046182048413,1.1915605570640788,1.1513757655296946,1.0466804166973451
2019-03-06,1.1312907233404743,1.1461001942814566,1.1912525845605781,1.1919087150763523,1.1517121820848837,1.046986242675893
2019-03-07,1.1341266717652525,1.1489732674655213,1.194238846907645,1.1948966222281225,1.1545993235430378,1.0496108544794034
2019-03-08,1.1349287581884222,1.1497858538206103,1.1950834463593407,1.195741686877108,1.15541588880393,1.050353168928881
2019-03-11,1.1348377050102818,1.1496936086859126,1.1949875670848498,1.1956457547932309,1.1553231919822218,1.0502689010895907
2019-03-12,1.134550222504018,1.1494023628111931,1.1946848471283107,1.1953428681014389,1.1550305199945803,1.0500028419565508
2019-03-13,1.1346412756821584,1.149494607945891,1.1947807264028019,1.195438800185316,1.1551232168162888,1.050087109795841
2019-03-14,1.134507253588491,1.1493588313993135,1.194639600729113,1.1952975967809574,1.1549867754270327,1.0499630751110431
2019-03-15,1.1343650469394853,1.1492147631552352,1.194489856693672,1.1951477702679358,1.154842001739196,1.0498314657890055
2019-03-18,1.1346914060836066,1.1495453945930838,1.1948335138685326,1.1954916167258776,1.1551742521450945,1.0501335044489335
2019-03-19,1.1346484371680796,1.149271962808568,1.1947882674693349,1.1954463454053963,1.1551305075775469,1.0500937376034256
2019-03-20,1.1341606769557726,1.149271962808568,1.1945135571884897,1.1951714838167593,1.1548649155602924,1.0498522960414145
2019-03-21,1.1341606769557726,1.149271962808568,1.1953075237648925,1.1959658877023491,1.155632528567024,1.0505501094971097
2019-03-22,1.1341606769557726,1.149271962808568,1.1966907708260879,1.1973498966427794,1.156969862489199,1.0517658387740603
2019-03-25,1.1341606769557726,1.149271962808568,1.1979307376231565,1.1985905464016855,1.158168671947473,1.052855639706903
2019-03-26,1.1341606769557726,1.149271962808568,1.1995078978237719,1.200168575287036,1.1596934825877105,1.0542417983217443
2019-03-27,1.1341606769557726,1.149271962808568,1.19904681547004,1.1997072389735592,1.159247704613652,1.0538365552294273
2019-03-28,1.1341606769557726,1.149271962808568,1.1995531442229699,1.199973803838196,1.1597372271552584,1.0542815651672521
2019-03-29,1.1341606769557726,1.149271962808568,1.19946696060545,1.199973803838196,1.159653904169453,1.0542058187948564
2019-04-01,1.1341606769557726,1.149271962808568,1.194452372637445,1.199973803838196,1.155036769218516,1.0500085229344804
2019-04-02,1.1341606769557726,1.149271962808568,1.194452372637445,1.199973803838196,1.1525224981218405,1.0477228761474409
2019-04-03,1.1341606769557726,1.149271962808568,1.194452372637445,1.199973803838196,1.1476397711536488,1.0432841387250535
2019-04-04,1.1341606769557726,1.149271962808568,1.194452372637445,1.199973803838196,1.1460097652438321,1.0418023503150633
2019-04-08,1.1341606769557726,1.149271962808568,1.194452372637445,1.199973803838196,1.1473335591808143,1.0430057708064997
2019-04-09,1.1341606769557726,1.149271962808568,1.194452372637445,1.199973803838196,1.144652642112528,1.0405686312746685
2019-04-10,1.1341606769557726,1.149271962808568,1.194452372637445,1.199973803838196,1.1446255621421413,1.0405440137036397
2019-04-11,1.1341606769557726,1.149271962808568,1.194452372637445,1.199973803838196,1.1457295917040617,1.0415476531378827
2019-04-12,1.1341606769557726,1.149271962808568,1.194452372637445,1.199973803838196,1.142841408708585,1.0389220945047173
2019-04-15,1.1341606769557726,1.149271962808568,1.194452372637445,1.199973803838196,1.1396543045015315,1.0360247957605824
2019-04-16,1.1341606769557726,1.149271962808568,1.194452372637445,1.199973803838196,1.1375420668113667,1.0341046252203518
2019-04-17,1.1341606769557726,1.149271962808568,1.194452372637445,1.199973803838196,1.1377201696935255,1.0342665330913476
2019-04-18,1.1341606769557726,1.149271962808568,1.194452372637445,1.199973803838196,1.13958868765021,1.0359651454923207
2019-04-19,1.1341606769557726,1.149271962808568,1.194452372637445,1.199973803838196,1.1388773176588969,1.0353184608379926
2019-04-22,1.1341606769557726,1.149271962808568,1.194452372637445,1.199973803838196,1.1356329288991023,1.0323690864628359
2019-04-23,1.1341606769557726,1.149271962808568,1.194452372637445,1.199973803838196,1.135919351662808,1.032629464617946
2019-04-24,1.1341606769557726,1.149271962808568,1.194452372637445,1.199973803838196,1.1340977028856394,1.0309734595514453
2019-04-25,1.1341606769557726,1.149271962808568,1.194452372637445,1.199973803838196,1.13461326386031,1.0314421402306437
2019-04-26,1.1341606769557726,1.149271962808568,1.194452372637445,1.199973803838196,1.1348736481909514,1.0316788476443801
2019-04-28,1.1341606769557726,1.149271962808568,1.194452372637445,1.199973803838196,1.1347476221749209,1.0315642812561314
2019-04-29,1.1341606769557726,1.149271962808568,1.194452372637445,1.199973803838196,1.1345341070237946,1.0313701811768676
2019-04-30,1.1341606769557726,1.149271962808568,1.194452372637445,1.199973803838196,1.136003716185936,1.0327061578199965
2019-05-05,1.1341606769557726,1.149271962808568,1.194452372637445,1.199973803838196,1.1362838897257064,1.032960854997177
2019-05-06,1.1341606769557726,1.149271962808568,1.194452372637445,1.199973803838196,1.1387849149673286,1.0354415486931356
2019-05-07,1.1341606769557726,1.149271962808568,1.194452372637445,1.199973803838196,1.1387849149673286,1.0351849578566454
2019-05-08,1.1341606769557726,1.149271962808568,1.194452372637445,1.199973803838196,1.1387849149673286,1.0360579347985057
2019-05-09,1.1341606769557726,1.149271962808568,1.194452372637445,1.199973803838196,1.1387849149673286,1.0384638289517234
2019-05-10,1.1341606769557726,1.149271962808568,1.194452372637445,1.199973803838196,1.1387849149673286,1.0388785403405898
2019-05-13,1.1341606769557726,1.149271962808568,1.194452372637445,1.199973803838196,1.1387849149673286,1.0408810850608008
2019-05-14,1.1341606769557726,1.149271962808568,1.194452372637445,1.199973803838196,1.1387849149673286,1.039804539743127
2019-05-15,1.1341606769557726,1.149271962808568,1.194452372637445,1.199973803838196,1.1387849149673286,1.0402637521257758
2019-05-16,1.1341606769557726,1.149271962808568,1.194452372637445,1.199973803838196,1.1387849149673286,1.0412967432793219
2019-05-17,1.133933890177737,1.1490421543776923,1.194452372637445,1.1997338570667828,1.1387849149673286,1.0412891686420824
2019-05-20,1.1335998234321283,1.1487036366065901,1.194452372637445,1.1993804050810024,1.1387849149673286,1.04098239583388
2019-05-21,1.1320893055854717,1.147172992981082,1.194452372637445,1.1977822348366565,1.1387849149673286,1.039595290389384
2019-05-22,1.1307159200757473,1.1457813088109954,1.194452372637445,1.1963291544506711,1.1387849149673286,1.0383341132889958
2019-05-23,1.131395395339192,1.1464698372404902,1.194452372637445,1.1970480583353291,1.1387849149673286,1.0389580740316053
2019-05-24,1.1317356485060157,1.1468146238592054,1.194452372637445,1.1974080557282534,1.1387849149673286,1.0392705278177374
2019-05-27,1.1291889051058508,1.1442339482585193,1.194452372637445,1.1947135297872742,1.1387849149673286,1.0369318585700207
2019-05-28,1.130522078877678,1.1455848849191215,1.194452372637445,1.1961240650268232,1.1387849149673286,1.0381561093138658
2019-05-29,1.1328296139908638,1.1479231650787713,1.194452372637445,1.1985655018915646,1.1387849149673286,1.040275114081635
2019-05-30,1.1336183826957733,1.1487224431494292,1.194452372637445,1.1994000413024348,1.1387849149673286,1.040999438767669
2019-05-31,1.1340916439187188,1.1492020099918239,1.194452372637445,1.1999007649489566,1.1387849149673286,1.041434033579289
2019-06-03,1.1365280628072167,1.1516708911434113,1.194452372637445,1.202478564462533,1.1387849149673286,1.0436713920539267
2019-06-04,1.1383118142575348,1.153478408871827,1.194452372637445,1.204365823522409,1.1387849149673286,1.0453094073569833
2019-06-05,1.1382087072372853,1.153373928078277,1.194452372637445,1.2042567334033412,1.1387849149673286,1.0452147243914889
2019-06-06,1.1393470087408406,1.1545273960390696,1.194452372637445,1.2054610883178518,1.1387849149673286,1.0462600243305493
2019-06-10,1.1384057814590813,1.1538043889477032,1.194452372637445,1.2044652434569623,1.1387849149673286,1.0456048182093263
2019-06-11,1.1384057814590813,1.1507312742618956,1.194452372637445,1.2044652434569623,1.1387849149673286,1.0430284947182182
2019-06-12,1.1384057814590813,1.1507312742618956,1.194452372637445,1.2044652434569623,1.1387849149673286,1.043523686627755
2019-06-13,1.1384057814590813,1.1507312742618956,1.194452372637445,1.2044652434569623,1.1387849149673286,1.0443474284275582
2019-06-14,1.1384057814590813,1.1507312742618956,1.194452372637445,1.2044652434569623,1.1387849149673286,1.0454097713004078
2019-06-17,1.1384057814590813,1.1507312742618956,1.194452372637445,1.2044652434569623,1.1387849149673286,1.046051721806461
2019-06-18,1.1384057814590813,1.1507312742618956,1.194452372637445,1.2044652434569623,1.1387849149673286,1.0453359185873219
2019-06-19,1.1384057814590813,1.1507312742618956,1.194452372637445,1.2044652434569623,1.1387849149673286,1.0446579885543803
2019-06-20,1.1381781458299154,1.15050117402709,1.194452372637445,1.2044652434569623,1.1387849149673286,1.0451332970411635
2019-06-21,1.1381121539676864,1.1504344676725102,1.1942135299314587,1.2044652434569623,1.1387849149673286,1.0450726999432467
2019-06-24,1.137716202794312,1.1500342295450312,1.1937980609930174,1.2044652434569623,1.1387849149673286,1.0447091173557475
2019-06-25,1.1379162406266938,1.1502364331823514,1.1940079593629591,1.2044652434569623,1.1387849149673286,1.044892802308807
2019-06-26,1.1377760079194572,1.1500946821788693,1.193860814113928,1.2044652434569623,1.1387849149673286,1.0447640334757344
2019-06-27,1.137269726601419,1.149582919364827,1.193329576486911,1.2044652434569623,1.1385572035266234,1.044299140115156
2019-06-28,1.1386442133569081,1.1509722876563102,1.1947718163174887,1.2044652434569623,1.1399332463069853,1.045561264045199
2019-07-01,1.1383699346795186,1.1506950393700877,1.1944840175215894,1.2044652434569623,1.1396586571250076,1.0453094073569833
2019-07-02,1.1420726968242765,1.1544378912340907,1.1983693012662295,1.2044652434569623,1.1433656110817072,1.0487094726478945
2019-07-03,1.1440039899173233,1.1563900943923413,1.20039579429149,1.2044652434569623,1.1452990905472875,1.0504828845916085
2019-07-04,1.1441648450815067,1.1565526911316295,1.2005645785477317,1.2044652434569623,1.1454601278119059,1.05063059001778
2019-07-05,1.1432863284155825,1.1556646627862854,1.1996427568405656,1.2044652434569623,1.1445806165974508,1.049823891151766
2019-07-08,1.1429883339127045,1.155363441903886,1.1993300731863745,1.2044652434569623,1.1442822847418435,1.0495502573814866
2019-07-09,1.143112068654384,1.1554885163187232,1.1994599072296372,1.2044652434569623,1.1444061595607808,1.0496638769400803
2019-07-10,1.1430522635292388,1.155428063684885,1.1993971541087267,1.2044652434569623,1.1443462867316276,1.0496089608200931
2019-07-11,1.143745178082644,1.1561284804079737,1.2001242247509987,1.2044652434569623,1.145039985717677,1.050245230348217
2019-07-12,1.144400972213545,1.1567913748066105,1.2008123451802917,1.2044652434569623,1.1456965222580446,1.0508474140087627
2019-07-15,1.1435925719012392,1.1559742219630076,1.1999640960976412,1.2044652434569623,1.1448872067743208,1.050105099559285
2019-07-16,1.144049359322606,1.156435955011115,1.2004434001073532,1.2044652434569623,1.145344511314231,1.0505245450964262
2019-07-17,1.1435080198277583,1.1558887544462022,1.1998753761680783,1.2044652434569623,1.1448025589813802,1.0500274595275796
2019-07-18,1.1445659518691178,1.1569581406930602,1.2009854572379755,1.2044652434569623,1.1458616886832944,1.0509989067535543
2019-07-19,1.145103166872576,1.1575011721108117,1.2015491533758083,1.2044652434569623,1.1463995118555141,1.0514922050037812
2019-07-22,1.145335169513225,1.1577356866386315,1.201792592206926,1.2044652434569623,1.1466317771410215,1.0517052416761439
2019-07-23,1.1455816078737364,1.1579847931815155,1.202051178343091,1.2044652434569623,1.1468784944887382,1.051931533963676
2019-07-24,1.1445680141148122,1.1569602252666409,1.2009876211386965,1.2044652434569623,1.14586375326361,1.051000800412864
2019-07-25,1.1450598597129882,1.1574573960656187,1.2015037114606661,1.2044652434569623,1.146356155668886,1.0514524381582735
2019-07-26,1.144711340190591,1.157105103130494,1.2011380122388093,1.2044652434569623,1.1460072415955458,1.0511324097349015
2019-07-29,1.1438441658759875,1.1562285399398433,1.200228091985609,1.2044652434569623,1.1451390855728267,1.0503361259950919
2019-07-30,1.144172062941438,1.1565599871391619,1.2005721522002555,1.2044652434569623,1.1454673538430107,1.0506372178253647
2019-07-31,1.1449978562339327,1.1576262465256488,1.201678987419071,1.2044652434569623,1.1465233866744513,1.0516058245623745
2019-08-01,1.1449978562339327,1.1583214518147857,1.2021601681798784,1.2044652434569623,1.1472119242097114,1.0522373599422234
2019-08-02,1.1449978562339327,1.1618089650947279,1.2021601681798784,1.2044652434569623,1.150896167782939,1.055616594980726
2019-08-05,1.1449978562339327,1.1618089650947279,1.2021601681798784,1.2044652434569623,1.1534371332832904,1.0581588326042561
2019-08-06,1.1449978562339327,1.1618089650947279,1.2021601681798784,1.2044652434569623,1.1534371332832904,1.058141789670467
2019-08-07,1.1449978562339327,1.1618089650947279,1.2021601681798784,1.2044652434569623,1.1534371332832904,1.0585157873841706
2019-08-08,1.1449978562339327,1.1618089650947279,1.2021601681798784,1.2044652434569623,1.1534371332832904,1.0582932824152584
2019-08-09,1.1449978562339327,1.1618089650947279,1.2021601681798784,1.2044652434569623,1.1534371332832904,1.0600950992486207
2019-08-12,1.1449978562339327,1.1618089650947279,1.2021601681798784,1.2044652434569623,1.1534371332832904,1.0591293330005758
2019-08-13,1.1449978562339327,1.1618089650947279,1.2021601681798784,1.2044652434569623,1.1534371332832904,1.0610476098814965
2019-08-14,1.1449978562339327,1.1618089650947279,1.2021601681798784,1.2044652434569623,1.1534371332832904,1.0607285282877796
2019-08-15,1.1449978562339327,1.1618089650947279,1.2021601681798784,1.2044652434569623,1.1534371332832904,1.061108206979413
2019-08-16,1.1449978562339327,1.1618089650947279,1.2021601681798784,1.2044652434569623,1.1534371332832904,1.060935883982213
2019-08-19,1.1449978562339327,1.1618089650947279,1.2021601681798784,1.2044652434569623,1.1534371332832904,1.0609633420422062
2019-08-20,1.1449978562339327,1.1618089650947279,1.2021601681798784,1.2044652434569623,1.1534371332832904,1.0603999783975133
2019-08-21,1.1449978562339327,1.1618089650947279,1.2021601681798784,1.2044652434569623,1.1534371332832904,1.0588869446089095
2019-08-22,1.1449978562339327,1.1618089650947279,1.2021601681798784,1.2044652434569623,1.1534371332832904,1.0587685909020415
2019-08-23,1.1449978562339327,1.1618089650947279,1.2021601681798784,1.2044652434569623,1.1534371332832904,1.0585773313117421
2019-08-26,1.1449978562339327,1.1618089650947279,1.2021601681798784,1.2044652434569623,1.1534371332832904,1.0595781302570202
2019-08-27,1.1449978562339327,1.1618089650947279,1.2021601681798784,1.2044652434569623,1.1534371332832904,1.0592183349881408
2019-08-28,1.1449978562339327,1.1618089650947279,1.2021601681798784,1.2044652434569623,1.1534371332832904,1.0589626909813055
2019-08-29,1.1449978562339327,1.1618089650947279,1.2021601681798784,1.2044652434569623,1.1534371332832904,1.0604293301168168
2019-08-30,1.1449978562339327,1.1618089650947279,1.2021601681798784,1.2044652434569623,1.1534371332832904,1.0587922616434151
2019-09-02,1.1449978562339327,1.1618089650947279,1.2021601681798784,1.2044652434569623,1.1534371332832904,1.0578482724774338
2019-09-03,1.1449978562339327,1.1618089650947279,1.2021601681798784,1.2044652434569623,1.1534371332832904,1.0581039164842694
2019-09-04,1.1449978562339327,1.1618089650947279,1.2021601681798784,1.2044652434569623,1.1534371332832904,1.0587269303972238
2019-09-05,1.1449978562339327,1.1618089650947279,1.2021601681798784,1.2044652434569623,1.1534371332832904,1.061548482768963
2019-09-06,1.1449978562339327,1.1618089650947279,1.2021601681798784,1.2044652434569623,1.1534371332832904,1.0614348632103696
2019-09-09,1.1449978562339327,1.1618089650947279,1.2021601681798784,1.2044652434569623,1.1534371332832904,1.060965235701516
2019-09-10,1.1449978562339327,1.1618089650947279,1.2021601681798784,1.2044652434569623,1.1534371332832904,1.059461670209462
2019-09-11,1.1449978562339327,1.1618089650947279,1.2021601681798784,1.2044652434569623,1.1534371332832904,1.0589437543882063
2019-09-12,1.1449978562339327,1.1618089650947279,1.2021601681798784,1.2044652434569623,1.1534371332832904,1.0563655372377885
2019-09-16,1.1449978562339327,1.1618089650947279,1.2021601681798784,1.2044652434569623,1.1534371332832904,1.0562613859757441
2019-09-17,1.1449978562339327,1.1618089650947279,1.2021601681798784,1.2044652434569623,1.1534371332832904,1.0553978773304336
2019-09-18,1.1449978562339327,1.1618089650947279,1.2021601681798784,1.2044652434569623,1.1534371332832904,1.0529332797386088
2019-09-19,1.1449978562339327,1.1618089650947279,1.2021601681798784,1.2044652434569623,1.1534371332832904,1.053878215734245
2019-09-20,1.1449978562339327,1.1618089650947279,1.2021601681798784,1.2044652434569623,1.1534371332832904,1.0542900866341467
2019-09-23,1.1449978562339327,1.1618089650947279,1.2021601681798784,1.2044652434569623,1.1534371332832904,1.0544709310982414
2019-09-24,1.1449978562339327,1.1618089650947279,1.2021601681798784,1.2044652434569623,1.1534371332832904,1.0534275248184906
2019-09-25,1.1449978562339327,1.1618089650947279,1.2021601681798784,1.204224398577247,1.1534371332832904,1.053580911222592
2019-09-26,1.1449978562339327,1.1618089650947279,1.2021601681798784,1.2030285569741965,1.1534371332832904,1.0525346644538767
2019-09-27,1.1449978562339327,1.1618089650947279,1.2021601681798784,1.2017840159393476,1.1534371332832904,1.0514458103506885
2019-09-29,1.1449978562339327,1.1618089650947279,1.2021601681798784,1.2022147353583648,1.1534371332832904,1.051822648553357
2019-09-30,1.1449978562339327,1.1618089650947279,1.2021601681798784,1.2018608528206296,1.1534371332832904,1.0515130352561899
2019-10-08,1.1449978562339327,1.1618089650947279,1.2021601681798784,1.2044981976049134,1.1534371332832904,1.0538204591252933
2019-10-09,1.1449978562339327,1.1618089650947279,1.2021601681798784,1.204413785256463,1.1534371332832904,1.0537466064122076
2019-10-10,1.1449978562339327,1.1618089650947279,1.2021601681798784,1.2033543020624482,1.1534371332832904,1.0528196601800153
2019-10-11,1.1449978562339327,1.1618089650947279,1.2021601681798784,1.20116499205071,1.1534371332832904,1.0509042237880595
2019-10-12,1.1449978562339327,1.1618089650947279,1.2021601681798784,1.1999994523163342,1.1534371332832904,1.0498844882496825
2019-10-14,1.1449978562339327,1.1618089650947279,1.2021601681798784,1.2004366649929243,1.1534371332832904,1.050267007430281
2019-10-15,1.1449978562339327,1.1618089650947279,1.2021601681798784,1.1999291086926254,1.1534371332832904,1.049822944322111
2019-10-16,1.1449978562339327,1.1618089650947279,1.2021601681798784,1.200150961659707,1.1534371332832904,1.050017044401375
2019-10-17,1.1449978562339327,1.1618089650947279,1.2021601681798784,1.2008857819750656,1.1534371332832904,1.0506599417370834
2019-10-18,1.1449978562339327,1.1618089650947279,1.2021601681798784,1.199116369286389,1.1534371332832904,1.0491118752512467
2019-10-21,1.1449978562339327,1.1618089650947279,1.2021601681798784,1.1963816256385085,1.1534371332832904,1.0467192367131979
2019-10-22,1.1449978562339327,1.1618089650947279,1.2021601681798784,1.1965439570778365,1.1534371332832904,1.0468612611614398
2019-10-23,1.1449978562339327,1.1618089650947279,1.2021601681798784,1.1961262241739656,1.1534371332832904,1.0464957849146308
2019-10-24,1.1449978562339327,1.1618089650947279,1.2021601681798784,1.1961662659289998,1.1534371332832904,1.0465308176118637
2019-10-25,1.1449978562339327,1.1618089650947279,1.2021601681798784,1.194896834073454,1.1534371332832904,1.0454201864266122
2019-10-28,1.1449978562339327,1.1618089650947279,1.2021601681798784,1.1905863932544951,1.1534371332832904,1.0416489639109618
2019-10-29,1.1449978562339327,1.1618089650947279,1.2021601681798784,1.1905528447570342,1.1534371332832904,1.0416196121916586
2019-10-30,1.1449978562339327,1.1618089650947279,1.2021601681798784,1.1890951084318677,1.1534371332832904,1.040344232646446
2019-10-31,1.1449978562339327,1.1618089650947279,1.2021601681798784,1.191741110892916,1.1534371332832904,1.0426592311527894
2019-11-01,1.1449978562339327,1.1618089650947279,1.2021601681798784,1.192672893354659,1.1534371332832904,1.043474451485698
2019-11-04,1.1449978562339327,1.1618089650947279,1.2021601681798784,1.1908710143781172,1.1534371332832904,1.0418979801102128
2019-11-05,1.1449978562339327,1.1618089650947279,1.2021601681798784,1.19457650003318,1.1534371332832904,1.0451399248487478
2019-11-06,1.1449978562339327,1.1618089650947279,1.2021601681798784,1.1942291107530179,1.1534371332832904,1.0448359925295103
2019-11-07,1.1449978562339327,1.1618089650947279,1.2021601681798784,1.1937918980764275,1.1534371332832904,1.044453473348912
2019-11-08,1.1449978562339327,1.1618089650947279,1.2021601681798784,1.1935754561573233,1.1534371332832904,1.0442641074179229
2019-11-11,1.1449978562339327,1.1618089650947279,1.2021601681798784,1.1953719240858875,1.1534371332832904,1.0458358446451332
2019-11-12,1.1449978562339327,1.1618089650947279,1.2021601681798784,1.1954585008535294,1.1534371332832904,1.045911591017529
2019-11-13,1.1449978562339327,1.1618089650947279,1.2021601681798784,1.1968329070398407,1.1534371332832904,1.0471140646793105
2019-11-14,1.1449978562339327,1.1618089650947279,1.2021601681798784,1.1956792716110156,1.1534371332832904,1.046104744267138
2019-11-15,1.1449978562339327,1.1618089650947279,1.2021601681798784,1.1965049975323978,1.1534371332832904,1.0468271752938618
2019-11-18,1.1449978562339327,1.1618089650947279,1.2021601681798784,1.1999864658011878,1.1534371332832904,1.049873126293823
2019-11-19,1.1449978562339327,1.1618089650947279,1.2021601681798784,1.2021411451058694,1.1534371332832904,1.0517582641368208
2019-11-20,1.1449978562339327,1.1618089650947279,1.2021601681798784,1.2018186466464045,1.1534371332832904,1.051476108899647
2019-11-21,1.1449978562339327,1.1618089650947279,1.2021601681798784,1.2019723204089683,1.1534371332832904,1.0516105587106492
2019-11-22,1.1449978562339327,1.1618089650947279,1.2021601681798784,1.2021195009139591,1.1534371332832904,1.051739327543722
2019-11-25,1.1449978562339327,1.1618089650947279,1.2019197842230338,1.200304635422271,1.1534371332832904,1.0501514942123775
2019-11-26,1.1449978562339327,1.1618089650947279,1.202758541578378,1.201142265649204,1.1534371332832904,1.0508843403653056
2019-11-27,1.1449978562339327,1.161576649764775,1.2028105575383992,1.201194211709789,1.1534371332832904,1.050929788188743
2019-11-28,1.1449978562339327,1.1617660692262688,1.2030067010543128,1.201390091646578,1.1534371332832904,1.0511011643562882
2019-11-29,1.1447689024534422,1.1623154903162378,1.2035756256170465,1.2019582516842267,1.1534371332832904,1.051598249925135
2019-12-02,1.1423714526067694,1.1598812932585856,1.201055018887679,1.1994410321650455,1.1534371332832904,1.0493959241477304
2019-12-03,1.1433908326146625,1.1609162979404506,1.2021267643972853,1.2005113374550154,1.1534371332832904,1.050332338676472
2019-12-04,1.1435341024034362,1.1610617637147471,1.2022773939481806,1.200661764588793,1.1534371332832904,1.0504639479985096
2019-12-05,1.1438536249539384,1.161386183786919,1.2026133303566515,1.200997249563404,1.1534371332832904,1.0507574651915428
2019-12-06,1.1437350923948812,1.1612658344053068,1.2024887087857672,1.2008727954599192,1.1534371332832904,1.050648579781224
2019-12-09,1.1437855975722186,1.1613171137070373,1.2025418084116224,1.2009258237301,1.1534371332832904,1.0506949744343166
2019-12-10,1.1436990172682115,1.1612292063326424,1.202450780481585,1.200834918124076,1.1534371332832904,1.050615440743301
2019-12-11,1.1444957622086578,1.1620381634803487,1.2032884541710953,1.2016714661414136,1.1534371332832904,1.0513473400665743
2019-12-12,1.1446039875886667,1.1621480476983426,1.2034022390836419,1.2017850981489433,1.1532064919848934,1.0514467571803436
2019-12-13,1.1444421648776057,1.161983744629533,1.2032321035477387,1.2016151912424464,1.1530434530622884,1.051298104924517
2019-12-16,1.1444102126225555,1.1619513026223156,1.2031985099068916,1.2015816427449852,1.1530112606635574,1.0512687532052138
2019-12-17,1.1434155698443786,1.1609414143331347,1.202152772377296,1.2005373104853079,1.1520091424449972,1.0503550625881906
2019-12-18,1.1433753718460897,1.1609006001950228,1.2021105094097788,1.2004951043110825,1.1519686423304647,1.0503181362316478
2019-12-19,1.1436588192699224,1.1611883921945303,1.2024085175140675,1.2007927119498507,1.1522542200611425,1.050578514386758
2019-12-20,1.1458377569207676,1.1634007277834713,1.204699387086674,1.2030805030347813,1.1544495339616982,1.052580112277314
2019-12-23,1.146446911202532,1.1640192189533218,1.2053398335944365,1.203720088905734,1.1550632664665368,1.053139688603387
2019-12-24,1.1475631786934806,1.1651525961732003,1.206513443692418,1.204892121897683,1.1561879234931696,1.0541651051196936
2019-12-25,1.1480022645209451,1.1655984121433465,1.2069750853376076,1.2053531431853748,1.1566303093596015,1.0545684545527008
2019-12-26,1.1503842535990452,1.1680169114555712,1.2094794370794681,1.207854129560623,1.15903020076177,1.056756577885281
2019-12-27,1.1501595570957885,1.167788770888689,1.2092431979277045,1.2076182078687996,1.1588038155061784,1.0565501690205028
2019-12-30,1.1499513520790097,1.167577374583596,1.2090242974292813,1.2073996015305044,1.1585940456821895,1.0563589094302035
2019-12-31,1.150867660296418,1.1685077276292766,1.2099876763555097,1.2083616858609223,1.159517240600635,1.0572006409934505
2020-01-02,1.149070088270366,1.1666826030942183,1.2080977631414014,1.2064743123263344,1.1577061585559003,1.055549370075225
2020-01-03,1.1484135209649788,1.166015972171723,1.2074074680052849,1.2057849448139877,1.157044656685203,1.0549462395850242
2020-01-06,1.149324675592863,1.166941092635594,1.2083654286023444,1.2067416180964279,1.1579626592812728,1.0557832369999964
2020-01-07,1.1487567500272928,1.1663644621202174,1.2077683287279328,1.206145320609296,1.157390465355442,1.0552615338601212
2020-01-08,1.148970108633596,1.1665810910071195,1.207992647555525,1.206369337995569,1.1576054275018068,1.055457527598695
2020-01-09,1.1496648125014624,1.167286443035003,1.2087230383274912,1.2070987472629497,1.1583053525580862,1.0560956907861287
2020-01-10,1.1515706099075234,1.169221451788055,1.2107267364541463,1.2090997528050673,1.160225473372716,1.0578463788181238
2020-01-13,1.1515139204227567,1.1691638933881536,1.2106671348332887,1.2090402312773139,1.1601683578265805,1.0577943031871018
2020-01-14,1.1507048068674524,1.168342378044105,1.209816457153773,1.20819069674483,1.1593531632135547,1.057051041907969
2020-01-15,1.1508965203977537,1.1685370300874083,1.2100180189988556,1.208391987729597,1.1595463176059406,1.0572271522237893
2020-01-16,1.1509995921882386,1.1686416817235927,1.2101263855822335,1.208500208689149,1.1596501640534598,1.0573218351892837
2020-01-17,1.1517231561574406,1.1693763362096083,1.2108871189975456,1.2092599198252045,1.1603791661150447,1.057986509607056
2020-01-19,1.1520931838852804,1.1697520355835107,1.2112761550318718,1.2096484330699964,1.1607519748616384,1.0583264214531818
2020-01-20,1.1535279432088266,1.1712087863591993,1.2127846178724906,1.2111548688269613,1.1621975174111057,1.0596444083328664
2020-01-21,1.1568581927593853,1.1745900807243217,1.216285942181427,1.2146514880300885,1.165552796130451,1.0627036149479971
2020-01-22,1.157330261559805,1.1750693852180467,1.216782261133297,1.215147140024837,1.1660284128600888,1.0631372629299625
2020-01-23,1.1600482646748849,1.177829048864233,1.2196398879369694,1.218000926728225,1.1687668436811702,1.065634052730055
2020-02-03,1.1725776715261973,1.1905505017588247,1.232812929812373,1.2311562665713742,1.181390417841604,1.0771437140155793
2020-02-04,1.171908735605952,1.1898713126399871,1.2321096306862511,1.2304539125438814,1.1807164543972044,1.0765292215695192
2020-02-05,1.171110959947601,1.1890613089759188,1.2312708733309072,1.2296162823169483,1.1799126828934057,1.0757963754165911
2020-02-06,1.1722148588236914,1.190182127999455,1.232431479438883,1.2307753287937508,1.1810248783463362,1.076810429977038
2020-02-07,1.1743907043208222,1.1923913240393107,1.2347190980139882,1.2330598732498952,1.1832170768534664,1.0788091873786294
2020-02-10,1.1752492923355593,1.1932630721687278,1.2356217916535253,1.233961353842964,1.1840821177613015,1.0795978964811996
2020-02-11,1.1724498625059965,1.190420733729956,1.2326785552489845,1.2310220725815297,1.18126164824668,1.077026307138366
2020-02-12,1.1720447903693918,1.1900094527997507,1.2322526745763098,1.23059676421049,1.1808535317079296,1.076654203083972
2020-02-13,1.1720860190855857,1.1900513134542245,1.232296021209661,1.2306400525943109,1.1808950702869374,1.07669207627017
2020-02-14,1.16994315656141,1.187875605937948,1.2300430799412367,1.2283901388452234,1.1787361026430132,1.0747236174175372
2020-02-17,1.1680610656671606,1.1859646670612185,1.2280643061287584,1.2264140241238026,1.1768398665113127,1.0729947064676058
2020-02-18,1.168917592246088,1.186834322157912,1.2289648324366278,1.2273133402976804,1.1777028304901973,1.073781521910866
2020-02-19,1.1681960897126955,1.1861017607046203,1.2282062663529834,1.2265557935808158,1.1769759053575628,1.0731187411524035
2020-02-20,1.1673880068752958,1.1852812918769335,1.2273566723393015,1.2257073412579276,1.1761617492090122,1.0723764267029259
2020-02-21,1.1696442483690046,1.1875721161930128,1.2297288168494411,1.2280762980625224,1.1784349479452074,1.0744490368176027
2020-02-24,1.1715953973628788,1.1895531716659862,1.2317801962727828,1.230124920826843,1.180400761196746,1.0762413853544157
2020-02-25,1.1715180935200153,1.1894746829388476,1.2316989213352492,1.230043755107179,1.1803228763611064,1.0761703731302947
2020-02-26,1.1721004491362534,1.1900659646832903,1.2323111925313337,1.2306552035286482,1.1809096087895898,1.0767053318853392
2020-02-27,1.1742546495573825,1.1922531838795472,1.2345760541239295,1.2329170215832863,1.1830799995427412,1.0786842058641763
2020-02-28,1.1780136777563572,1.1960698290511969,1.2385281834197173,1.2368638399781502,1.1868672794837665,1.0821372936157647
2020-03-02,1.17762509710623,1.1956752923827814,1.238119641400383,1.236455846960639,1.1864757783766189,1.08178033883585
2020-03-03,1.177149936152096,1.1951928483399705,1.2376200714510115,1.235956948337104,1.1859970462535556,1.08134385036492
2020-03-04,1.1818376411833373,1.1999524047536432,1.2425485836630332,1.2408788375775321,1.1907199826867287,1.0856500316356146
2020-03-05,1.1814542141227344,1.1995631006670366,1.2421454599728678,1.2404762556079982,1.1903336739019572,1.0852978110039744
2020-03-06,1.1853925872371525,1.2035618396856478,1.2462861471237332,1.2446113784724828,1.1943016466616658,1.0889156471155235
2020-03-09,1.1932538726974158,1.211543619977442,1.2545512664379568,1.252865391057519,1.2022220152139549,1.0961371168937968
2020-03-10,1.1860625538753027,1.2042420753208471,1.2469905299156887,1.2453148147095712,1.1949766485705406,1.0895310863912384
2020-03-11,1.1857883829126135,1.2039637019685963,1.2467022748039038,1.2450269469571627,1.1947004170201394,1.0892792297030227
2020-03-12,1.1848834125921583,1.203044860602896,1.2457508162018467,1.2440767669322956,1.193788645210921,1.0884479132659801
2020-03-13,1.1810697563442267,1.1991727500640685,1.2417412526168687,1.240072591428869,1.1899463266527106,1.0849446435426797
2020-03-16,1.1809099950689756,1.1990105400279825,1.2415732844126333,1.2399048489415634,1.189785364659056,1.084797884946163
2020-03-17,1.178236312823804,1.1962958765853555,1.2387622552398134,1.2370975972507827,1.1870915878104078,1.082341808821233
2020-03-18,1.1779683261685439,1.1960237823312758,1.2384805021230312,1.2368162227559474,1.186821587046858,1.082095633110947
2020-03-19,1.1769365775457927,1.1949762194530686,1.2373957526234194,1.2357329309508311,1.1857820841071907,1.081147856626346
2020-03-20,1.1786980744451752,1.1967647159154622,1.239247737533346,1.2375824271495761,1.187556819895294,1.082765988506649
2020-03-23,1.1821396415294572,1.2002590340476638,1.2428660977523303,1.2411959249890196,1.19102425277796,1.0859274527245137
2020-03-24,1.1827302428889341,1.2008586879230012,1.2434870382750849,1.2418160310872528,1.1916192929222449,1.0864699861167977
2020-03-25,1.1834672061908993,1.2016069471217206,1.244261859346236,1.2425898109480502,1.1923617950220071,1.0871469693200841
2020-03-26,1.1862027315103616,1.204384401546058,1.2471379084690823,1.245461995214562,1.1951178797391666,1.0896598552243109
2020-03-27,1.1852884847287628,1.2034561415331013,1.2461766968745214,1.2445020753033351,1.1941967617496714,1.088820017320374
2020-03-30,1.1846133645010886,1.2027706733160926,1.245466895753397,1.243793228018269,1.1935165675184205,1.0881998438963842
2020-03-31,1.1867428276925012,1.204932776119665,1.247705749365982,1.246029073042615,1.1956620351241674,1.0901559939635028
2020-04-01,1.1895731790592092,1.2078065100492923,1.250681495745536,1.2490008205919145,1.1985136585730445,1.0927559881959845
2020-04-02,1.1874457773036065,1.2056465002784436,1.2484448094646186,1.24676713998676,1.1963702678962482,1.090801731788176
2020-04-03,1.1857646764008019,1.2039396320922737,1.2466773504897268,1.2450020561364656,1.19467653233721,1.0892574526209589
2020-04-07,1.1932188282886511,1.2115080384211392,1.2545144217996083,1.2528285959312713,1.2021867074217985,1.0961049246855288
2020-04-08,1.1960265038614526,1.2143587489908059,1.2574663275308193,1.2557765348694696,1.2050154846522214,1.098684088665602
2020-04-09,1.1936393611938283,1.2119350170967722,1.2549565574597898,1.2532701374462438,1.2026104009276768,1.0964912311847468
2020-04-10,1.1925674145727883,1.210846640080453,1.2538295449926609,1.2521446394669022,1.2015303978734773,1.095506528343603
2020-04-13,1.1912305734502024,1.2094893083591396,1.2524240304062508,1.250741013621512,1.2001835094491533,1.0942784902811378
2020-04-14,1.1916026626138518,1.2098671007657658,1.2528152337722447,1.2511316912854948,1.2005583951246974,1.0946202957865734
2020-04-15,1.1931683231113137,1.211456759119409,1.2544613221737533,1.2527755676610908,1.202135822662514,1.0960585300324364
2020-04-16,1.1956801826454242,1.2140071194932258,1.25710221581067,1.2554129124453746,1.204666560588557,1.09836595390154
2020-04-17,1.1936393611938283,1.2119350170967722,1.2549565574597898,1.2532701374462438,1.2026104009276768,1.0964912311847468
2020-04-20,1.191380027546405,1.2096410532316073,1.2525811619521487,1.2508979340128623,1.200334086798056,1.094415780581105
2020-04-21,1.1922056325881871,1.2104793128374454,1.2534491782850048,1.2517647838988746,1.2011658968426848,1.0951741911347168
2020-04-22,1.193944453693663,1.2122447859398784,1.255277322546588,1.2535904714865178,1.2029177864123337,1.0967714927626109
2020-04-23,1.1989846642483617,1.217362250949302,1.2605764484737616,1.258882476408614,1.2079958776960225,1.101401489775297
2020-04-24,1.2008368643233707,1.2192428408515381,1.2625237959770605,1.2608272070517645,1.2098619983579424,1.103102942665235
2020-04-26,1.200197819222366,1.2185940007071938,1.2618519231601182,1.2601562371025417,1.2092181503833233,1.1025159082791685
2020-04-27,1.1989073604054983,1.2172837622221637,1.2604951735362284,1.25880131068895,1.2079179928603831,1.101330477551176
2020-04-28,1.2002926452696117,1.2186902802124837,1.2619516204168257,1.2602558003853297,1.2093136891150411,1.1026030166074234
2020-04-29,1.2030395084860273,1.2214792463168016,1.2648395898638438,1.2631398889573922,1.2120811969414276,1.1051263176378547
2020-04-30,1.2001122696362636,1.218507139849161,1.2617619788959147,1.2600664137061135,1.2091319578318824,1.102437321417808
2020-05-06,1.1965892758374987,1.2149301469243734,1.258058009076062,1.2563674213086238,1.2055824862556763,1.0992010576572022
2020-05-07,1.1907244909589227,1.2089754688254735,1.251891950481866,1.250209648710111,1.199673623391834,1.0938135969205591
2020-05-08,1.1913851811359293,1.2096462858134165,1.2525865802813176,1.25090334506084,1.200339279120432,1.0944205147293797
2020-05-09,1.1900689543714404,1.2083098844193398,1.2512027390115832,1.24952136340736,1.1990131599856118,1.0932114132600137
2020-05-11,1.1867995171772678,1.2049903345195665,1.2477653509868398,1.2460885945703686,1.1957191506703029,1.0902080695945249
2020-05-12,1.1873251833087395,1.2055240578641078,1.2483180205620665,1.246640521464084,1.1962487675526507,1.0906909527185473
2020-05-13,1.1858739324987158,1.2040505628266296,1.2467922190681073,1.245116770353591,1.1947866095715804,1.0893578165643834
2020-05-14,1.1857131405055596,1.2038873062741815,1.246623167198038,1.2449479456566896,1.1946246091134505,1.0892101111382115
2020-05-15,1.1872973539253084,1.2054958019223379,1.2482887615845546,1.246611301805005,1.1962207290118205,1.0906653883178636
2020-05-18,1.1838341417650247,1.2019795069465375,1.244647644383061,1.2429750775640556,1.1927314883751754,1.087484040677245
2020-05-19,1.1828807277030418,1.2010114793118305,1.2436452534868163,1.2419740336881988,1.191770908735623,1.0866082232464198
2020-05-20,1.184415466663358,1.2025697421746182,1.2452588319133115,1.243585443775929,1.1933171823391837,1.0880180526026344
2020-05-21,1.1845669821953706,1.2027235800798095,1.245418130790877,1.2437445285864708,1.193469836617037,1.0881572365619117
2020-05-22,1.1904441356888045,1.2086908163750516,1.2515971933750785,1.2499152877001296,1.1993911610545818,1.093556059254414
2020-05-25,1.186233653047507,1.2044157970369134,1.2471704184440957,1.2454944615024277,1.1951490336734225,1.0896882601139593
2020-05-26,1.181518118632835,1.199627984681471,1.242212647254562,1.2405433526029206,1.1903980586994192,1.0853565144425814
2020-05-27,1.1800565606437627,1.1981440244803745,1.240676009102265,1.2390087793964721,1.188925516073597,1.0840139099918678
2020-05-28,1.1810780020874656,1.199181122194963,1.241749921943539,1.2400812491056332,1.1899546343685121,1.0849522181799194
2020-05-29,1.1827281814531245,1.2008565948902776,1.2434848709434174,1.2418138666680618,1.1916172159932945,1.0864680924574879
2020-06-01,1.1804121583209348,1.198505072625211,1.2410498738149185,1.239382141706927,1.1892837863175383,1.084340566222824
2020-06-02,1.1749699677833458,1.1929794662346678,1.2353281182125713,1.2336680750425777,1.1838006938885244,1.079341305644709
2020-06-03,1.1717520664844154,1.1897122421529867,1.2319449134795168,1.2302894166853622,1.180558607796975,1.0763853034619673
2020-06-04,1.1693721388421252,1.1872958358734857,1.229442729069324,1.227790594729305,1.1781607933237568,1.074199073788697
2020-06-05,1.167957993876676,1.1858600154250338,1.2279559395453805,1.2263058031642506,1.1767360200637933,1.072900023502111
2020-06-08,1.1703935802858279,1.1883329335880743,1.2305166419105977,1.228863064438466,1.1791899116186721,1.0751373819767487
2020-06-09,1.1702564948044833,1.188193746911949,1.2303725143547053,1.2287191305622618,1.1790517958434714,1.0750114536326407
2020-06-10,1.1703647201844922,1.1883036311299429,1.2304862992672518,1.2288327625697915,1.1791608346133668,1.07511087074641
2020-06-11,1.1730109276131921,1.1909903986324282,1.2335151452726612,1.2318575383892716,1.1820633428215284,1.0777572596319842
2020-06-12,1.1730109276131921,1.1909903986324282,1.2349271618540736,1.233267657492235,1.1834164620327035,1.0789909786723788
2020-06-15,1.1730109276131921,1.1909903986324282,1.2338109860452824,1.2321529816088488,1.1823468436232556,1.0780157441277844
2020-06-16,1.1730109276131921,1.1909903986324282,1.2276048318152366,1.225955167255302,1.1763995575738313,1.0725932506939087
2020-06-17,1.1730109276131921,1.1909903986324282,1.2245857388023316,1.2229401313221813,1.1735063955459464,1.0699553832752289
2020-06-18,1.1730109276131921,1.1909903986324282,1.2267574051332224,1.2251088793516047,1.175587478354231,1.0718528299037409
2020-06-19,1.1730109276131921,1.1909903986324282,1.2258395401720124,1.2241922478241987,1.1747078989437434,1.0710508651860013
2020-06-22,1.1730109276131921,1.1909903986324282,1.2231782807696152,1.2217789204261875,1.1723921231640653,1.0689394350554717
2020-06-23,1.1730109276131921,1.1909903986324282,1.2231782807696152,1.221305994832945,1.1719383141884063,1.0685256704962605
2020-06-24,1.1730109276131921,1.1909903986324282,1.2231782807696152,1.2237074179254055,1.1742426668588575,1.0706266855005855
2020-06-28,1.1730109276131921,1.1909903986324282,1.2231782807696152,1.225117537028369,1.1755957860700326,1.0718604045409803
2020-06-29,1.1730109276131921,1.1909903986324282,1.2231782807696152,1.2245396371043609,1.1750412460402802,1.071354797505239
2020-06-30,1.1730109276131921,1.1909903986324282,1.2231782807696152,1.2264995186818488,1.1769219052048527,1.0730695060103463
2020-07-01,1.1730109276131921,1.1909903986324282,1.2231782807696152,1.2251787175834326,1.175889671516512,1.07212835733333
2020-07-02,1.1730109276131921,1.1909903986324282,1.2231782807696152,1.2251787175834326,1.1758107482163973,1.0720563982795541
2020-07-03,1.1730109276131921,1.1909903986324282,1.2231782807696152,1.2251787175834326,1.1729290092977396,1.069428945987079
2020-07-06,1.1730109276131921,1.1909903986324282,1.2231782807696152,1.2251787175834326,1.165011756138876,1.0622103166977703
2020-07-07,1.1730109276131921,1.1909903986324282,1.2231782807696152,1.2251787175834326,1.1628912116805339,1.0602768905423705
2020-07-08,1.1730109276131921,1.1909903986324282,1.2231782807696152,1.2251787175834326,1.159770625932582,1.0574316674292574
2020-07-09,1.1730109276131921,1.1909903986324282,1.2231782807696152,1.2251787175834326,1.1564298857158894,1.054385716429296
2020-07-10,1.1730109276131921,1.1909903986324282,1.2231782807696152,1.2251787175834326,1.1594151192503022,1.0573189947003188
2020-07-13,1.1730109276131921,1.1909903986324282,1.2231782807696152,1.2251787175834326,1.1594151192503022,1.0566306495411733
2020-07-14,1.1730109276131921,1.1909903986324282,1.2231782807696152,1.2251787175834326,1.1594151192503022,1.0587506011385974
2020-07-15,1.1730109276131921,1.1909903986324282,1.2231782807696152,1.2251787175834326,1.1594151192503022,1.0624148319032387
2020-07-16,1.1730109276131921,1.1909903986324282,1.2231782807696152,1.2251787175834326,1.1594151192503022,1.0639894096194138
2020-07-17,1.1730109276131921,1.1909903986324282,1.2231782807696152,1.2251787175834326,1.1594151192503022,1.0633237883719868
2020-07-20,1.1730109276131921,1.1909903986324282,1.2231782807696152,1.2251787175834326,1.1594151192503022,1.0641068164966272
2020-07-21,1.1730109276131921,1.1909903986324282,1.2231782807696152,1.2251787175834326,1.1594151192503022,1.0663659520533284
2020-07-22,1.1730109276131921,1.1909903986324282,1.2231782807696152,1.2251787175834326,1.1594151192503022,1.0681601942494512
2020-07-23,1.1730109276131921,1.1909903986324282,1.2231782807696152,1.2251787175834326,1.1594151192503022,1.067003168411107
2020-07-24,1.1730109276131921,1.1909903986324282,1.2231782807696152,1.2251787175834326,1.1594151192503022,1.0702072399634446
2020-07-27,1.1730109276131921,1.1909903986324282,1.2231782807696152,1.2251787175834326,1.1594151192503022,1.0690170750871772
2020-07-28,1.1730109276131921,1.1909903986324282,1.2231782807696152,1.2251787175834326,1.1594151192503022,1.065651095663844
2020-07-29,1.1730109276131921,1.1909903986324282,1.2231782807696152,1.2251787175834326,1.1594151192503022,1.0638776837201303
2020-07-30,1.1730109276131921,1.1909903986324282,1.2231782807696152,1.2251787175834326,1.1594151192503022,1.0635633362746881
2020-07-31,1.1730109276131921,1.1909903986324282,1.2231782807696152,1.2251787175834326,1.1594151192503022,1.061288104613853
2020-08-03,1.1730109276131921,1.1909903986324282,1.2231782807696152,1.2251787175834326,1.1594151192503022,1.0616469530530772
2020-08-04,1.1730109276131921,1.1909903986324282,1.2231782807696152,1.2251787175834326,1.1594151192503022,1.0619575131798997
2020-08-05,1.1730109276131921,1.1909903986324282,1.2231782807696152,1.2251787175834326,1.1594151192503022,1.061106313320103
2020-08-06,1.1730109276131921,1.1909903986324282,1.2231782807696152,1.2251787175834326,1.1594151192503022,1.05975424057284
2020-08-07,1.1730109276131921,1.1909903986324282,1.2231782807696152,1.2251787175834326,1.1594151192503022,1.0590526397985254
2020-08-10,1.1730109276131921,1.1909903986324282,1.2231782807696152,1.2251787175834326,1.1594151192503022,1.0609178942187687
2020-08-11,1.1730109276131921,1.1909903986324282,1.2231782807696152,1.2251787175834326,1.1594151192503022,1.060775869770527
2020-08-12,1.1730109276131921,1.1909903986324282,1.2231782807696152,1.2251787175834326,1.1594151192503022,1.060633845322285
2020-08-13,1.1730109276131921,1.1909903986324282,1.2231782807696152,1.2251787175834326,1.1594151192503022,1.0612246670269714
2020-08-14,1.1730109276131921,1.1909903986324282,1.2231782807696152,1.2251787175834326,1.1594151192503022,1.0627736803424632
2020-08-17,1.1730109276131921,1.1909903986324282,1.2231782807696152,1.2251787175834326,1.1594151192503022,1.0630709848541162
2020-08-18,1.1730109276131921,1.1909903986324282,1.2231782807696152,1.2251787175834326,1.1594151192503022,1.0613288182890155
2020-08-19,1.1730109276131921,1.1909903986324282,1.2231782807696152,1.2251787175834326,1.1594151192503022,1.0598214654783416
2020-08-20,1.1730109276131921,1.1909903986324282,1.2231782807696152,1.2251787175834326,1.1594151192503022,1.0581436833297768
2020-08-21,1.1730109276131921,1.1909903986324282,1.2231782807696152,1.2251787175834326,1.1594151192503022,1.0595203736480685
2020-08-24,1.1730109276131921,1.1909903986324282,1.2231782807696152,1.2251787175834326,1.1594151192503022,1.0585375644662347
2020-08-25,1.1730109276131921,1.1909903986324282,1.2231782807696152,1.2251787175834326,1.1594151192503022,1.0551176157525692
2020-08-26,1.1730109276131921,1.1909903986324282,1.2231782807696152,1.2251787175834326,1.1594151192503022,1.0546754463037096
2020-08-27,1.1730109276131921,1.1909903986324282,1.2231782807696152,1.2251787175834326,1.1594151192503022,1.0543118637162103
2020-08-28,1.1730109276131921,1.1909903986324282,1.2231782807696152,1.2251787175834326,1.1594151192503022,1.0526766889021186
2020-08-31,1.1730109276131921,1.1909903986324282,1.2231782807696152,1.2251787175834326,1.1594151192503022,1.0558059609117154
2020-09-01,1.1730109276131921,1.1909903986324282,1.2231782807696152,1.2251787175834326,1.1594151192503022,1.054929196651235
2020-09-02,1.1730109276131921,1.1909903986324282,1.2231782807696152,1.2251787175834326,1.1594151192503022,1.0514079371644907
2020-09-03,1.1730109276131921,1.1909903986324282,1.2231782807696152,1.2251787175834326,1.1594151192503022,1.0514249800982798
2020-09-04,1.1730109276131921,1.1909903986324282,1.2231782807696152,1.2251787175834326,1.1594151192503022,1.0506930807750066
2020-09-07,1.1730109276131921,1.1909903986324282,1.2231782807696152,1.2251787175834326,1.1594151192503022,1.0491478547781345
2020-09-08,1.1730109276131921,1.1909903986324282,1.2231782807696152,1.2251787175834326,1.1594151192503022,1.050528332415046
2020-09-09,1.1730109276131921,1.1909903986324282,1.2231782807696152,1.2251787175834326,1.1594151192503022,1.05308855980202
2020-09-10,1.1730109276131921,1.1909903986324282,1.2231782807696152,1.2251787175834326,1.1594151192503022,1.0532419462061213
2020-09-11,1.1730109276131921,1.1909903986324282,1.2231782807696152,1.2251787175834326,1.1594151192503022,1.0502954123199293
2020-09-14,1.1730109276131921,1.1909903986324282,1.2231782807696152,1.2251787175834326,1.1594151192503022,1.0491203967181413
2020-09-15,1.1730109276131921,1.1909903986324282,1.2231782807696152,1.2251787175834326,1.1594151192503022,1.051476108899647
2020-09-16,1.1730109276131921,1.1909903986324282,1.2231782807696152,1.2251787175834326,1.1594151192503022,1.0507782954439517
2020-09-17,1.1730109276131921,1.1909903986324282,1.2231782807696152,1.2251787175834326,1.1594151192503022,1.0501079400482498
2020-09-18,1.1730109276131921,1.1909903986324282,1.2231782807696152,1.2251787175834326,1.1594151192503022,1.0507442095763735
2020-09-21,1.1730109276131921,1.1909903986324282,1.2231782807696152,1.2251787175834326,1.1594151192503022,1.0523500326711621
2020-09-22,1.1730109276131921,1.1909903986324282,1.2231782807696152,1.2251787175834326,1.1594151192503022,1.0540003567597331
2020-09-23,1.1730109276131921,1.1909903986324282,1.2231782807696152,1.2251787175834326,1.1594151192503022,1.053668966380502
2020-09-24,1.1730109276131921,1.1909903986324282,1.2231782807696152,1.2251787175834326,1.1594151192503022,1.0536737005287768
2020-09-25,1.1730109276131921,1.1909903986324282,1.2231782807696152,1.2251787175834326,1.1594151192503022,1.051634229452023
2020-09-27,1.1730109276131921,1.1909903986324282,1.2231782807696152,1.2251787175834326,1.1594151192503022,1.0514495976693083
2020-09-28,1.1730109276131921,1.1909903986324282,1.2231782807696152,1.2251787175834326,1.1594151192503022,1.0525128873718128
2020-09-29,1.1730109276131921,1.1909903986324282,1.2231782807696152,1.2251787175834326,1.1594151192503022,1.051349233725884
2020-09-30,1.1730109276131921,1.1909903986324282,1.2231782807696152,1.2251787175834326,1.1594151192503022,1.0494565212456468
2020-10-09,1.1730109276131921,1.1909903986324282,1.2231782807696152,1.2251787175834326,1.1594151192503022,1.045858568556852
2020-10-10,1.1730109276131921,1.1909903986324282,1.2231782807696152,1.2251787175834326,1.1594151192503022,1.0455423274521
2020-10-12,1.1730109276131921,1.1909903986324282,1.2231782807696152,1.2251787175834326,1.1594151192503022,1.0457828221844563
2020-10-13,1.1727763723387243,1.1909903986324282,1.2231782807696152,1.2251787175834326,1.1594151192503022,1.045826376348584
2020-10-14,1.1709883639344258,1.1909903986324282,1.2231782807696152,1.2251787175834326,1.1594151192503022,1.0442319152096549
2020-10-15,1.1707006262399098,1.1909903986324282,1.2231782807696152,1.2251787175834326,1.1594151192503022,1.0439753243731642
2020-10-16,1.1709108552565672,1.1909903986324282,1.2231782807696152,1.2251787175834326,1.1594151192503022,1.0441627966448435
2020-10-19,1.172539599254307,1.1909903986324282,1.2231782807696152,1.2251787175834326,1.1594151192503022,1.045615233335531
2020-10-20,1.172970674914726,1.1909903986324282,1.2231782807696152,1.2251787175834326,1.1594151192503022,1.045999646175439
2020-10-21,1.1739591759980998,1.1909903986324282,1.2231782807696152,1.2251787175834326,1.1594151192503022,1.0468811445841937
2020-10-22,1.1759744016224223,1.1909903986324282,1.2231782807696152,1.2251787175834326,1.1594151192503022,1.0486782272692814
2020-10-23,1.1742511607434576,1.1909903986324282,1.2231782807696152,1.2251787175834326,1.1594151192503022,1.047141522739304
2020-10-26,1.1737319587780761,1.1909903986324282,1.2231782807696152,1.2251787175834326,1.1594151192503022,1.0466785230380353
2020-10-27,1.175718516809218,1.1909903986324282,1.2231782807696152,1.2251787175834326,1.1594151192503022,1.0484500413224394
2020-10-28,1.1744019310483331,1.1909903986324282,1.2231782807696152,1.2251787175834326,1.1594151192503022,1.0472759725503062
2020-10-29,1.1748584890138012,1.1909903986324282,1.2231782807696152,1.2251787175834326,1.1594151192503022,1.047683109301933
2020-10-30,1.174908012811902,1.1909903986324282,1.2231782807696152,1.2251787175834326,1.1594151192503022,1.0479368596494585
2020-11-02,1.174908012811902,1.1909903986324282,1.2231782807696152,1.2251787175834326,1.1594151192503022,1.0482957080886832
2020-11-03,1.174908012811902,1.1909903986324282,1.2231782807696152,1.2251787175834326,1.1594151192503022,1.0486005872375757
2020-11-04,1.174908012811902,1.1909903986324282,1.2231782807696152,1.2251787175834326,1.1594151192503022,1.0496174822869877
2020-11-05,1.174908012811902,1.1909903986324282,1.2231782807696152,1.2251787175834326,1.1594151192503022,1.0493353270498138
2020-11-06,1.174908012811902,1.1909903986324282,1.2231782807696152,1.2251787175834326,1.1594151192503022,1.047559074617135
2020-11-09,1.174908012811902,1.1909903986324282,1.2231782807696152,1.2251787175834326,1.1594151192503022,1.0461142125636873
2020-11-10,1.174908012811902,1.1909903986324282,1.2231782807696152,1.2251787175834326,1.1594151192503022,1.0463092594726064
2020-11-11,1.174908012811902,1.1909903986324282,1.2231782807696152,1.2251787175834326,1.1594151192503022,1.0464295068387843
2020-11-12,1.174908012811902,1.1909903986324282,1.2231782807696152,1.2251787175834326,1.1594151192503022,1.0445121767875187
2020-11-13,1.174908012811902,1.1909903986324282,1.2231782807696152,1.2251787175834326,1.1594151192503022,1.0435719749401573
2020-11-16,1.174908012811902,1.1909903986324282,1.2231782807696152,1.2251787175834326,1.1594151192503022,1.0434545680629441
2020-11-17,1.174908012811902,1.1909903986324282,1.2231782807696152,1.2251787175834326,1.1594151192503022,1.0425759101431542
2020-11-18,1.174908012811902,1.1909903986324282,1.2231782807696152,1.2251787175834326,1.1594151192503022,1.0402665926147405
2020-11-19,1.174908012811902,1.1909903986324282,1.2231782807696152,1.2251787175834326,1.1594151192503022,1.0386711846461567
2020-11-20,1.174908012811902,1.1909903986324282,1.2231782807696152,1.2251787175834326,1.1594151192503022,1.0397240592224566
2020-11-23,1.174908012811902,1.1909903986324282,1.2231782807696152,1.2251787175834326,1.1594151192503022,1.0418686283909093
2020-11-24,1.174908012811902,1.1909903986324282,1.2231782807696152,1.2251787175834326,1.1594151192503022,1.0409388416697525
2020-11-25,1.174908012811902,1.1909903986324282,1.2231782807696152,1.2251787175834326,1.1594151192503022,1.0414965243365155
2020-11-26,1.174908012811902,1.1909903986324282,1.2231782807696152,1.2251787175834326,1.1594151192503022,1.0411443037048755
2020-11-27,1.174908012811902,1.1909903986324282,1.2231782807696152,1.2251787175834326,1.1594151192503022,1.040683197662917
2020-11-30,1.174908012811902,1.1909903986324282,1.2231782807696152,1.2251787175834326,1.1594151192503022,1.043768915508386
2020-12-01,1.174908012811902,1.1907522481827917,1.2231782807696152,1.2251787175834326,1.1594151192503022,1.0428807892920466
2020-12-02,1.1746730781962627,1.1894430580075679,1.2231782807696152,1.2251787175834326,1.1594151192503022,1.041734178579907
2020-12-03,1.1746848224287263,1.1894549499084164,1.2231782807696152,1.2251787175834326,1.1594151192503022,1.0417445937061114
2020-12-04,1.1756659996681702,1.1904484641702089,1.2231782807696152,1.2251787175834326,1.1594151192503022,1.0426147301590067
2020-12-07,1.1752901842293406,1.1900679233430587,1.2231782807696152,1.2251787175834326,1.1594151192503022,1.0422814461204657
2020-12-08,1.1767389954523282,1.1915349514749982,1.2231782807696152,1.2251787175834326,1.1594151192503022,1.0435662939622277
2020-12-09,1.175942522959809,1.190728464381095,1.2231782807696152,1.2251787175834326,1.1594151192503022,1.042859959039638
2020-12-10,1.1767005597824478,1.191496032526767,1.2231782807696152,1.2251787175834326,1.1594151192503022,1.0435322080946496
2020-12-11,1.173790125446513,1.1885490032801442,1.2231782807696152,1.2249337308372652,1.1594151192503022,1.0409511504552669
2020-12-14,1.1738936882236903,1.1886538682239896,1.2231782807696152,1.2247967976219345,1.1594151192503022,1.0410429929317964
2020-12-15,1.1749399925704316,1.189713328481396,1.222933694030809,1.2247967976219345,1.1594151192503022,1.0419708859936436
2020-12-16,1.1752122452320835,1.1899890043647008,1.2232170676118677,1.2247967976219345,1.1594151192503022,1.0422123275556547
2020-12-17,1.1748908803255844,1.1896635987142117,1.222882575659324,1.2247967976219345,1.1594151192503022,1.0419273318295161
2020-12-18,1.1743047363599102,1.189070084753685,1.2222724890083385,1.2247967976219345,1.1591832825937836,1.0414075223489507
2020-12-21,1.175906222604922,1.1906917075966543,1.2239393924263313,1.2247967976219345,1.160764146593597,1.0428277668313697
2020-12-22,1.179138021847356,1.193964142493766,1.2273032035238403,1.2247967976219345,1.1639543301452202,1.0456938201968915
2020-12-23,1.1794156127964914,1.1942452237865473,1.2275921334496258,1.2247967976219345,1.1642283465718546,1.0459399959071773
2020-12-24,1.178097055788098,1.192910087645836,1.226219716302145,1.2247967976219345,1.1629267685453415,1.044770661283319
2020-12-25,1.1804096019258954,1.1952517110310834,1.2286267248377265,1.2247967976219345,1.165209536161072,1.0468214943159322
2020-12-28,1.181572280939774,1.196429009215079,1.2298368967191893,1.2247967976219345,1.1663572434249365,1.0478525918101684
2020-12-29,1.1822064694927987,1.1970711718608948,1.2304969904727143,1.2247967976219345,1.1669832655688626,1.0484150086252062
2020-12-30,1.1846780965976003,1.199573876448544,1.2330695780811496,1.2247967976219345,1.1694230656752411,1.0506069192764065
2020-12-31,1.1831502787198591,1.1980268482563514,1.2314793522203846,1.2247967976219345,1.167914921419419,1.0492520060401787
2021-01-04,1.1811003763262438,1.195951171017351,1.229345715845354,1.2247967976219345,1.165891415499658,1.0474340931026822
2021-01-05,1.1831438727748789,1.1980203617649796,1.2314726846067126,1.2247967976219345,1.1679085979634198,1.049246325062249
2021-01-06,1.1837994144778372,1.1986841460487017,1.2321550037391444,1.2247967976219345,1.1685556982940102,1.049827678470386
2021-01-07,1.1848339745921148,1.1997317144052597,1.2332318233471675,1.2247967976219345,1.1695769364378896,1.0507451564060286
2021-01-08,1.1831321285424157,1.1980084698641311,1.2314604606483142,1.2247967976219345,1.1678970049607547,1.0492359099360447
2021-01-11,1.181611784267151,1.1964690092452057,1.2298780136701664,1.2247967976219345,1.166396238070265,1.0478876245074014
2021-01-12,1.18237622703477,1.1972430638822498,1.2306736822350215,1.2247967976219345,1.1671508371528427,1.0485655545403427
2021-01-13,1.1850507090639397,1.1999511740300082,1.2334574109430692,1.2247967976219345,1.169790880032531,1.0509373628259828
2021-01-14,1.186595609461628,1.201515499532526,1.2350654171069595,1.2247967976219345,1.1713158868376843,1.0523074253366895
2021-01-15,1.1832196764571428,1.1980971185795468,1.231551584701831,1.2247967976219345,1.1679834255260777,1.04931354996775
2021-01-18,1.1821285304955413,1.1969922528825372,1.2304158678397052,1.2247967976219345,1.1669063301875382,1.0483458900603952
2021-01-19,1.1823089646124796,1.197174955722845,1.230603672291466,1.2247967976219345,1.1670844408648506,1.0485059042720812
2021-01-20,1.183229285374613,1.1981068483166046,1.2315615861223388,1.2247967976219345,1.1679929107100766,1.0493220714346445
2021-01-21,1.1852204666059112,1.200123066051363,1.2336341027053765,1.2247967976219345,1.1699584516165111,1.0510879087411191
2021-01-22,1.1861802906954215,1.2010949586752493,1.2346331334872267,1.2245518872444856,1.170905916107066,1.0519391086009156
2021-01-25,1.1857105213968846,1.2006192826413113,1.234144175151282,1.2240669214381867,1.170442196000454,1.0515225035527394
2021-01-26,1.1826175176290183,1.1974873883905903,1.2309248290166657,1.2208738624817153,1.167389020662148,1.0487795380423606
2021-01-27,1.1829132587555973,1.197786848075592,1.2309864039844187,1.2211791705006807,1.1676809535474466,1.0490418098567806
2021-01-28,1.1799473062298351,1.194783602570413,1.2309864039844187,1.2181172727509126,1.1647531934197926,1.0464115170753405
2021-01-29,1.1801639130098236,1.1950029328977667,1.2309864039844187,1.2185846034369825,1.165200050977073,1.0468129728490376
2021-02-01,1.1801639130098236,1.1950029328977667,1.2309864039844187,1.2195710679747946,1.165910071170329,1.0476603853902142
2021-02-02,1.1801639130098236,1.1950029328977667,1.2309864039844187,1.2185778110499872,1.165910071170329,1.047016541224851
2021-02-03,1.1801639130098236,1.1950029328977667,1.2309864039844187,1.2185778110499872,1.165910071170329,1.0448151622771016
2021-02-04,1.1801639130098236,1.1950029328977667,1.2309864039844187,1.2185778110499872,1.165910071170329,1.0437859584421751
2021-02-05,1.1801639130098236,1.1950029328977667,1.2309864039844187,1.2185778110499872,1.165910071170329,1.044013197559362
2021-02-07,1.1801639130098236,1.1950029328977667,1.2309864039844187,1.2185778110499872,1.165910071170329,1.0440671668496941
2021-02-08,1.1801639130098236,1.1950029328977667,1.2309864039844187,1.2185778110499872,1.165910071170329,1.0434952817381067
2021-02-09,1.1801639130098236,1.1950029328977667,1.2309864039844187,1.2185778110499872,1.165910071170329,1.0445178577654484
2021-02-10,1.1801639130098236,1.1950029328977667,1.2309864039844187,1.2185778110499872,1.165910071170329,1.0431648381885306
2021-02-18,1.1801639130098236,1.1950029328977667,1.2309864039844187,1.2185778110499872,1.165910071170329,1.0403319238609319
2021-02-19,1.1801639130098236,1.1950029328977667,1.2309864039844187,1.2185778110499872,1.165910071170329,1.0422738714832263
2021-02-20,1.1801639130098236,1.1950029328977667,1.2309864039844187,1.2185778110499872,1.165910071170329,1.042314585158389
2021-02-22,1.1801639130098236,1.1950029328977667,1.2309864039844187,1.2183341442211428,1.165910071170329,1.0413933199041265
2021-02-23,1.1801639130098236,1.1950029328977667,1.2309864039844187,1.218433837525085,1.165910071170329,1.0414785345730717
2021-02-24,1.1801639130098236,1.1950029328977667,1.2309864039844187,1.2187273789200255,1.165910071170329,1.0417294444316323
2021-02-25,1.1801639130098236,1.1950029328977667,1.2309864039844187,1.2182322355104467,1.165910071170329,1.0413062115758716
2021-02-26,1.1801639130098236,1.1950029328977667,1.2309864039844187,1.2173150571141802,1.165910071170329,1.040522236621576
2021-03-01,1.1801639130098236,1.1950029328977667,1.2309864039844187,1.2194628939624417,1.165910071170329,1.0423581393225163
2021-03-02,1.1801639130098236,1.1950029328977667,1.2309864039844187,1.2199281293808377,1.165910071170329,1.0427558077775938
2021-03-03,1.1801639130098236,1.1950029328977667,1.2309864039844187,1.219621295545372,1.165910071170329,1.0424935359631737
2021-03-04,1.1801639130098236,1.1950029328977667,1.2309864039844187,1.219413047310471,1.165910071170329,1.042315531988044
2021-03-05,1.1801639130098236,1.1947639801017464,1.2309864039844187,1.2207777378710991,1.165910071170329,1.0434820261229374
2021-03-08,1.1801639130098236,1.1955055039134386,1.2309864039844187,1.2215354069810582,1.165910071170329,1.0441296576069206
2021-03-09,1.1801639130098236,1.1951141441239346,1.2309864039844187,1.2211355260619132,1.165910071170329,1.043787852101485
2021-03-10,1.1801639130098236,1.1953786643140702,1.2309864039844187,1.2214058056859338,1.165910071170329,1.0440188785372917
2021-03-11,1.1801639130098236,1.1951726854774891,1.2309864039844187,1.2211953420442783,1.165910071170329,1.043838980902852
2021-03-12,1.1801639130098236,1.1945471602737663,1.230740255933232,1.2205561971956724,1.1656769357831724,1.043292660191948
2021-03-15,1.1801639130098236,1.19396066263908,1.2301359882466782,1.2199569296686432,1.1651046128239946,1.0427804253486224
2021-03-16,1.1801639130098236,1.1941926598550188,1.2303750146513408,1.2201939781913498,1.1653310030518393,1.0429830468947807
2021-03-17,1.1801639130098236,1.1943466019328848,1.2305336209572386,1.2203512720709027,1.1654812246048953,1.0431174967057832
2021-03-18,1.1801639130098236,1.1944257411700976,1.2306151580018196,1.2204321344174336,1.165558451177945,1.0431866152705942
2021-03-19,1.1801639130098236,1.1953938417020287,1.2316125906156692,1.2214213135332135,1.1665031543249795,1.0440321341524612
2021-03-22,1.1801639130098236,1.1960540580782284,1.2322928106177231,1.2220959048898878,1.1671474143659024,1.0446087534123232
2021-03-23,1.1801639130098236,1.1967045175621687,1.2329629781074316,1.2227605269161679,1.1677821533224766,1.0451768512052908
2021-03-24,1.1801639130098236,1.1983902917247142,1.2346998288515927,1.2244830056676101,1.1694271851182645,1.046649171318732
2021-03-25,1.1801639130098236,1.1985171313240826,1.234830511512086,1.2246126069627346,1.1695509592147963,1.0467599503883607
2021-03-26,1.1801639130098236,1.1979100358057382,1.2342050218550247,1.22399229307154,1.1689585361886605,1.0462297257815907
2021-03-29,1.1801639130098236,1.1977485050338932,1.2340385969284138,1.2238272452683472,1.168800909347778,1.0460886481630038
2021-03-30,1.1801639130098236,1.1975826378654884,1.2338677042185382,1.2236577666516457,1.1686390509138516,1.0459437832257972
2021-03-31,1.1801639130098236,1.198087828064682,1.2343882009688782,1.22417395642539,1.1691320315034575,1.046385005845002
2021-04-01,1.1801639130098236,1.1978514944521836,1.234144706780951,1.2239324770891749,1.168901409682569,1.0461785969802238
2021-04-02,1.1801639130098236,1.1978504103530438,1.2341435898351347,1.2239313693857976,1.168900351784308,1.0461776501505688
2021-04-06,1.1801639130098236,1.1972227169510412,1.233496878207566,1.2232900091304375,1.168287828691214,1.0456294357803548
2021-04-07,1.1801639130098236,1.1963131577726644,1.2325597606677903,1.2223606459970227,1.167400252050271,1.0448350456998554
2021-04-08,1.1801639130098236,1.1958795181167043,1.2321129823413182,1.2219175646461693,1.1669770927458885,1.0444563138378768
2021-04-09,1.1801639130098236,1.1971652596966265,1.2334376800793085,1.2232313008514495,1.1682317600833834,1.0455792538086428
2021-04-12,1.1801639130098236,1.1984499171774088,1.2347612608714826,1.2245439293533524,1.169485369522617,1.046701246949754
2021-04-13,1.1801639130098236,1.201208949488456,1.2376038879736626,1.2273630344481568,1.1721777205967523,1.0491109284215916
2021-04-14,1.1801639130098236,1.2010756052942482,1.2374665036382724,1.2272267869327693,1.1720475991106547,1.0489944683740333
2021-04-15,1.1801639130098236,1.2008739628542269,1.2372587517164628,1.2270207541046225,1.1718508300341168,1.0488183580582133
2021-04-16,1.1801639130098236,1.201756419554106,1.2381679456108339,1.2279224246536091,1.1727119592185355,1.0495890773973393
2021-04-19,1.1801639130098236,1.2025066161589173,1.238940872115631,1.2286889553905853,1.173444024815118,1.0502442835185621
2021-04-20,1.1801639130098236,1.2028849667587425,1.239330686205478,1.229075543869205,1.1738132313081917,1.0505747270681383
2021-04-21,1.1801639130098236,1.2029174897329395,1.2393641945799634,1.2291087749705187,1.1738449682560204,1.0506031319577867
2021-04-22,1.1801639130098236,1.20236676736987,1.2387967861053437,1.228546061654935,1.1733075559394543,1.050122142493074
2021-04-23,1.1801639130098236,1.2023277398008336,1.2387565760559611,1.2285061843333582,1.17326947160206,1.050088056625496
2021-04-25,1.1801639130098236,1.2011645014237202,1.2375580931951993,1.2273176186096943,1.1721343467680532,1.0490721084057388
2021-04-26,1.1801639130098236,1.199453792980957,1.2357955526972662,1.2255696626805779,1.1704649833122633,1.0475780112102342
2021-04-27,1.1801639130098236,1.1990320784155355,1.2353610607747716,1.2251387660668729,1.170053460888751,1.04720969447446
2021-04-28,1.1801639130098236,1.1999784969646687,1.2363361544722975,1.2261057911151103,1.1709770060705662,1.0480362767632279
2021-04-29,1.1801639130098236,1.2008132533023923,1.2371962027507568,1.2269587227155032,1.1717915877315033,1.0487653355975364
2021-04-30,1.1801639130098236,1.2024632521933212,1.2388961942829837,1.2286446472555,1.1734017088846795,1.0502064103323643
2021-05-06,1.1801639130098236,1.2032752424491067,1.239732786699303,1.229474317084973,1.1741940746821362,1.0509155857439187
2021-05-07,1.1801639130098236,1.2032242897895313,1.2396802902459425,1.2294222550262477,1.1741443534638711,1.0508710847501364
2021-05-08,1.1801639130098236,1.2034161753372938,1.2398779896554066,1.2296183185240002,1.1743316014560607,1.051038673599062
2021-05-10,1.1801639130098236,1.2040243549547782,1.2405045962582841,1.230239740118572,1.1749250823804576,1.0515698450354867
2021-05-11,1.1801639130098236,1.2046141048868841,1.2411122147822864,1.2308423307557326,1.175500579034418,1.0520849203677773
2021-05-12,1.1801639130098236,1.2053285262200788,1.2418482820751495,1.2315723072812634,1.1761977339883887,1.0527088811103866
2021-05-13,1.1801639130098236,1.204745280882812,1.241247365226044,1.2309763628643655,1.1756285847239938,1.0521994867560256
2021-05-14,1.1801639130098236,1.2057871001562568,1.242320750155394,1.2320408658097908,1.1766452249527735,1.0531093900544288
2021-05-17,1.1801639130098236,1.2046195253825835,1.2411177995113671,1.2308478692726181,1.1755058685257227,1.0520896545160519
2021-05-18,1.1801639130098236,1.2049270459314638,1.2416829740943547,1.2314083671814475,1.176041165045767,1.0525687503214545
2021-05-19,1.1801639130098236,1.2049270459314638,1.2436231089770606,1.2333324479475283,1.177878734325049,1.0542133934320959
2021-05-20,1.1801639130098236,1.2049270459314638,1.2456961604118921,1.2353883454154877,1.179842193497385,1.0559707092716757
2021-05-21,1.1801639130098236,1.2049270459314638,1.2475569921416492,1.2372337792417918,1.1816046520001393,1.057548127476816
2021-05-24,1.1801639130098236,1.2049270459314638,1.2470141564749853,1.236695435400505,1.181090513445314,1.057087968264512
2021-05-25,1.1801639130098236,1.2049270459314638,1.2470465479036548,1.236727558798442,1.181121192494882,1.0571154263245057
2021-05-26,1.1801639130098236,1.2049270459314638,1.248427092932454,1.2380966801725788,1.1824287547454246,1.058285707778019
2021-05-27,1.1801639130098236,1.2049270459314638,1.2473726960819793,1.2370510081845647,1.1814300987870814,1.0573919005837498
2021-05-28,1.1801639130098236,1.2049270459314638,1.2459530579496136,1.2356431171922284,1.180085510097405,1.0561884800923134
2021-05-31,1.1801639130098236,1.2049270459314638,1.246975063371419,1.2366566657823053,1.1810534870061806,1.0570548292265889
2021-06-01,1.1801639130098236,1.2049270459314638,1.2475033787424725,1.2371806094796896,1.1815538728836132,1.0575026796533784
2021-06-02,1.1801639130098236,1.2049270459314638,1.246010022186239,1.2356996100644622,1.1801394629087139,1.0562367684047156
2021-06-03,1.1801639130098236,1.2049270459314638,1.2463127145024238,1.2359997976796653,1.1804261533374332,1.0564933592412058
2021-06-04,1.1801639130098236,1.2049270459314638,1.2434566840504497,1.2331674001443353,1.1777211074841665,1.0540723158135088
2021-06-07,1.1801639130098236,1.2049270459314638,1.2417142485772077,1.2314393828760075,1.1760707861970738,1.0525952615517933
2021-06-08,1.1801639130098236,1.2049270459314638,1.241444688001379,1.2314183365118418,1.1760506861301157,1.052577271788349
2021-06-09,1.1801639130098236,1.2049270459314638,1.241444688001379,1.2313817823003965,1.176015775487504,1.052546026409736
2021-06-10,1.1801639130098236,1.2049270459314638,1.241444688001379,1.2322934221797772,1.1768864257562717,1.0533252672157567
2021-06-11,1.1801639130098236,1.2049270459314638,1.241444688001379,1.230954208796823,1.1756074267587746,1.0521805501629267
2021-06-15,1.1801639130098236,1.2049270459314638,1.241444688001379,1.230440234429833,1.1751165619656905,1.0517412212030317
2021-06-16,1.1801639130098236,1.2049270459314638,1.241444688001379,1.2303926031846164,1.1750710723404694,1.0517005075278691
2021-06-17,1.1801639130098236,1.2049270459314638,1.241444688001379,1.2295219483301896,1.1742395643073573,1.0509562994190815
2021-06-18,1.1801639130098236,1.2049270459314638,1.241444688001379,1.2304922964885583,1.1751662831839556,1.051785722196814
2021-06-21,1.1801639130098236,1.2049270459314638,1.241444688001379,1.2328299531537168,1.177634359826768,1.0539946757818033
2021-06-22,1.1801639130098236,1.2049270459314638,1.241444688001379,1.2328299531537168,1.1781336878059396,1.054441579378938
2021-06-23,1.1801639130098236,1.2049270459314638,1.241444688001379,1.2328299531537168,1.1788985482486114,1.0551261372194638
2021-06-24,1.1801639130098236,1.2049270459314638,1.241444688001379,1.2328299531537168,1.1788234374720836,1.0550589123139629
2021-06-25,1.1801639130098236,1.2049270459314638,1.241444688001379,1.2328299531537168,1.1786107999216313,1.0548685995533185
2021-06-28,1.1801639130098236,1.2049270459314638,1.241444688001379,1.2328299531537168,1.1778681553424395,1.0542039251355466
2021-06-29,1.1801639130098236,1.2049270459314638,1.241444688001379,1.2328299531537168,1.1779485556102722,1.0542758841893223
2021-06-30,1.1801639130098236,1.2049270459314638,1.241444688001379,1.2328299531537168,1.1785293417555376,1.0547956936698877
2021-07-01,1.1801639130098236,1.2049270459314638,1.241444688001379,1.2328299531537168,1.1782786198676907,1.0545712950416655
2021-07-02,1.1801639130098236,1.2049270459314638,1.241444688001379,1.2328299531537168,1.1781675405502903,1.054471877927896
2021-07-05,1.1801639130098236,1.2049270459314638,1.241444688001379,1.2328299531537168,1.178792758422516,1.0550314542539694
2021-07-06,1.1801639130098236,1.204686108709722,1.241444688001379,1.2328299531537168,1.1783505569494357,1.0546356794582017
2021-07-07,1.1799279274243388,1.2068026859409224,1.241444688001379,1.2328299531537168,1.1804208638461284,1.0564886250929313
2021-07-08,1.1850417870061736,1.212033021909285,1.241444688001379,1.2328299531537168,1.1855368598361158,1.0610674933042503
2021-07-09,1.184160925750659,1.2111320976202764,1.241444688001379,1.2328299531537168,1.1846556305847389,1.0602787842016803
2021-07-12,1.1886339667000305,1.2157070192799482,1.241444688001379,1.2325834364664234,1.1891305402285866,1.064283873642102
2021-07-13,1.1897294916228554,1.2168274965469505,1.241444688001379,1.2337194681733574,1.1902265228269377,1.0652647891646263
2021-07-14,1.1910481398649042,1.2181761791260548,1.241444688001379,1.2350868731333449,1.1915457219583512,1.066445485744344
2021-07-15,1.1886625180252395,1.2157362209075633,1.241444688001379,1.2326130434703688,1.1891591034816325,1.0643094380427858
2021-07-16,1.1892208550515437,1.2163072749586994,1.241444688001379,1.2331920248808523,1.1897176737634174,1.0648093641005971
2021-07-19,1.1892895897233426,1.2163775751733281,1.241444688001379,1.233263301001461,1.1897864371503797,1.0648709080281684
2021-07-20,1.1908482805884428,1.2179717677327504,1.241444688001379,1.2348796241057285,1.1913457791870303,1.0662665349395593
2021-07-21,1.1917354865828929,1.21887918127234,1.241444688001379,1.2357996343394326,1.192233355827973,1.067060925020059
2021-07-22,1.1912955846833801,1.2184292598987176,1.241444688001379,1.2353434671675363,1.191793270151415,1.0666670438836015
2021-07-23,1.1920622406380597,1.2192133776772665,1.241444688001379,1.2361384700512499,1.1925602463906089,1.0673534953834372
2021-07-26,1.195199714041555,1.2224223120896178,1.241444688001379,1.239391950818116,1.1956990305308677,1.070162738969662
2021-07-27,1.1933808888801083,1.2203179478443194,1.241444688001379,1.237505875011237,1.1938794455220219,1.068534191963155
2021-07-28,1.192446097343644,1.2203179478443194,1.241444688001379,1.2365365197709575,1.1929442634593361,1.0676971945481826
2021-07-29,1.1951468412170942,1.2203179478443194,1.241444688001379,1.2393371230330323,1.1956461356178198,1.0701153974869146
2021-07-30,1.1983033488373955,1.2203179478443194,1.241444688001379,1.2426103418025287,1.1988039619267763,1.0729416840069286
2021-08-02,1.2002141244933877,1.2203179478443194,1.241444688001379,1.2448407360997331,1.2009557269895625,1.074867535525089
2021-08-03,1.2002141244933877,1.2203179478443194,1.241444688001379,1.2435084209221996,1.1996703806025,1.0737171374943295
2021-08-04,1.2002141244933877,1.2203179478443194,1.241444688001379,1.2429809776296943,1.1991615315389796,1.0732617124303006
2021-08-05,1.2002141244933877,1.2203179478443194,1.241444688001379,1.2453835311720616,1.201479386628736,1.0753362162042872
2021-08-06,1.2002141244933877,1.2203179478443194,1.241444688001379,1.2443505757010849,1.2004828464669148,1.0744443026693282
2021-08-09,1.2002141244933877,1.2203179478443194,1.241444688001379,1.2403689819483072,1.1966416178813803,1.071006364192219
2021-08-10,1.2002141244933877,1.2203179478443194,1.241444688001379,1.2394445854917964,1.1957498096473937,1.0702081867930995
2021-08-11,1.2002141244933877,1.2203179478443194,1.241444688001379,1.2381396842068044,1.194490910716855,1.0690814595037137
2021-08-12,1.2002141244933877,1.2203179478443194,1.241444688001379,1.2403086713847153,1.1965834334770278,1.070954288561197
2021-08-13,1.2002141244933877,1.2203179478443194,1.241444688001379,1.2391156187812942,1.1954324401691065,1.0699241378966156
2021-08-16,1.2002141244933877,1.2203179478443194,1.241444688001379,1.238309650340564,1.1946548849473033,1.0692282181002304
2021-08-17,1.2002141244933877,1.2203179478443194,1.241444688001379,1.2381396842068044,1.194490910716855,1.0690814595037137
2021-08-18,1.2002141244933877,1.2203179478443194,1.241444688001379,1.2407023348816162,1.1969632189527113,1.0712942004073225
2021-08-19,1.2002141244933877,1.2203179478443194,1.241444688001379,1.2421157951810737,1.1983268498110846,1.072514663832548
2021-08-20,1.2002141244933877,1.2203179478443194,1.241444688001379,1.2421706229661575,1.1983797447241327,1.0725620053152953
2021-08-23,1.2002141244933877,1.2203179478443194,1.241444688001379,1.240804314561872,1.1970616034909802,1.0713822555652326
2021-08-24,1.2002141244933877,1.2203179478443194,1.241444688001379,1.2410104670337865,1.19726048836404,1.0715602595403624
2021-08-25,1.2002141244933877,1.2203179478443194,1.241444688001379,1.2421739126332625,1.1983829184189154,1.0725648458042603
2021-08-26,1.2002141244933877,1.2203179478443194,1.241444688001379,1.2392724262466335,1.1955837196204235,1.070059534537273
2021-08-27,1.2002141244933877,1.2203179478443194,1.241444688001379,1.2396803449676561,1.1959772577734995,1.070411755168913
2021-08-30,1.2002141244933877,1.2203179478443194,1.241444688001379,1.2408152801188885,1.1970721824735897,1.071391723861782
2021-08-31,1.2002141244933877,1.2203179478443194,1.241444688001379,1.2416793660118075,1.1979058063032237,1.0721378256298795
2021-09-01,1.2002141244933877,1.2203179478443194,1.241444688001379,1.2439086637533103,1.2000565134677492,1.0740627303183847
2021-09-02,1.2002141244933877,1.2203179478443194,1.241444688001379,1.2439262086445373,1.2000734398399246,1.074077879592864
2021-09-03,1.2002141244933877,1.2203179478443194,1.241444688001379,1.2433976687963304,1.1995635328781433,1.07362150769918
2021-09-06,1.2002141244933877,1.2203179478443194,1.241444688001379,1.2435829867099133,1.199742317684245,1.073781521910866
2021-09-07,1.2002141244933877,1.2203179478443194,1.241444688001379,1.2413613648583222,1.1975990158075465,1.071863245029945
2021-09-08,1.2002141244933877,1.2203179478443194,1.241444688001379,1.2400191806794734,1.1963041483361352,1.0707043255322912
2021-09-09,1.2002141244933877,1.2203179478443194,1.241444688001379,1.2396869243018662,1.1959836051630652,1.0704174361468426
2021-09-10,1.2002141244933877,1.2203179478443194,1.241444688001379,1.24002356690228,1.196308379929179,1.070708112850911
2021-09-13,1.2002141244933877,1.2203179478443194,1.241444688001379,1.2382614018896902,1.1946083374238212,1.0691865575954127
2021-09-14,1.2002141244933877,1.2203179478443194,1.241444688001379,1.2379203730664698,1.1942793310646636,1.0688920935727244
2021-09-15,1.2002141244933877,1.2203179478443194,1.241444688001379,1.23740937810949,1.1937863504750577,1.0684508709535196
2021-09-16,1.2002141244933877,1.2203179478443194,1.241444688001379,1.2377339585971854,1.194099488360301,1.0687311325313837
2021-09-17,1.2002141244933877,1.2203179478443194,1.241444688001379,1.2387142793944816,1.1950452494055965,1.0695775982429054
2021-09-18,1.2002141244933877,1.2203179478443194,1.241444688001379,1.239365633481276,1.1956736409726048,1.0701400150579432
2021-09-22,1.2002141244933877,1.2203179478443194,1.241444688001379,1.240208884815863,1.1964871647352806,1.0708681270625968
2021-09-23,1.2002141244933877,1.2203179478443194,1.241444688001379,1.2409128735763375,1.197166335418815,1.071475991701072
2021-09-24,1.2002141244933877,1.2203179478443194,1.241444688001379,1.2404347752904077,1.1967050917770377,1.0710631739715155
2021-09-26,1.2002141244933877,1.2203179478443194,1.241444688001379,1.2400180841237718,1.1963030904378742,1.070703378702636
2021-09-27,1.2002141244933877,1.2203179478443194,1.241444688001379,1.2400838774658722,1.1963665643335315,1.0707601884819329
2021-09-28,1.2002141244933877,1.2203179478443194,1.241444688001379,1.239291067693562,1.1956017038908597,1.070075630641407
2021-09-29,1.2002141244933877,1.2203179478443194,1.241444688001379,1.2397165313058114,1.196012168416111,1.070443000547526
2021-09-30,1.2002141244933877,1.2203179478443194,1.241444688001379,1.2397867108707186,1.1960798739048122,1.0705035976454425
2021-10-08,1.2002141244933877,1.2203179478443194,1.241444688001379,1.2368018862507626,1.1932002748384876,1.0679263273246793
2021-10-09,1.2002141244933877,1.2200739330577077,1.241444688001379,1.2359323175793353,1.1923613615175488,1.0671754914083074
2021-10-11,1.1999741296674542,1.2164313687648483,1.241444688001379,1.232242407643203,1.1888015338694289,1.0639894096194138
2021-10-12,1.1995245687742306,1.215975642296113,1.241444688001379,1.2317807576927982,1.188356158701566,1.0635907943346816
2021-10-13,1.1993099328133332,1.215758062675648,1.241444688001379,1.2315603499967618,1.1881435211511138,1.0634004815740374
2021-10-14,1.1996302849937774,1.2160828083778346,1.241444688001379,1.231889316707264,1.1884608906294007,1.0636845304705214
2021-10-15,1.198772808990788,1.2152135723816484,1.241444688001379,1.2310087824788198,1.1876113983258523,1.0629242262575995
2021-10-18,1.1933407038510553,1.209706967758238,1.241444688001379,1.2254306036244054,1.1822298698723648,1.058107703802889
2021-10-19,1.1948303414901211,1.2112170352734055,1.241444688001379,1.2269602988282402,1.1837056379463997,1.0594285311715388
2021-10-20,1.196076511472049,1.2124802960549113,1.241444688001379,1.2282399793320935,1.1849402052169362,1.0605334813788607
2021-10-21,1.1981449187171176,1.2145770708053627,1.241444688001379,1.2303640077262357,1.1869893541484098,1.0623674904204912
2021-10-22,1.1975896416043474,1.2140141782549059,1.241444688001379,1.2297937987613654,1.186439247052712,1.0618751389999193
2021-10-25,1.1974817897035979,1.2139048472018366,1.2411964487116367,1.2296830466354962,1.1863323993283557,1.0617795092047697
2021-10-26,1.1979228078720094,1.21435191378518,1.241653566464204,1.2301359241402876,1.1867693113101307,1.0621705498522624
2021-10-27,1.198590208247935,1.215028467331402,1.242345330617605,1.2308212714538336,1.1874304977232288,1.0627623183866037
2021-10-28,1.1988817287321394,1.215323985920392,1.2426474931998108,1.2311206311603906,1.1877193039484701,1.063020802882404
2021-10-29,1.1990419048223615,1.2154863587714853,1.2428135165966272,1.2312851145156418,1.1878779886876136,1.063162827330646
2021-11-01,1.2005988164193204,1.217064622884112,1.2444272640136813,1.232883892728682,1.1894204043520886,1.0645433049675574
2021-11-02,1.2025166581395799,1.2190087671545358,1.2464151174848945,1.234853306768888,1.1913203896287672,1.0662438110278403
2021-11-03,1.2025914069816837,1.2190845411517126,1.2464925950700756,1.2349300656680053,1.1913944425070342,1.0663100891036865
2021-11-04,1.2028818596252864,1.2193789772550283,1.2467936508296356,1.2352283288188606,1.1916821908340145,1.0665676267698319
2021-11-05,1.2060095647470237,1.2225495777940434,1.2500355343581346,1.238440140469063,1.1947807748403572,1.0693408908291688
2021-11-08,1.2057340618718417,1.222270296490163,1.2497499741156108,1.2381572290980314,1.1945078370890303,1.069096608778193
2021-11-09,1.2052193627019279,1.2217485383953166,1.2492164856005077,1.2376286892498245,1.1939979301272492,1.068640236884509
2021-11-10,1.2055087475049293,1.2220418920129585,1.2495164345374226,1.2379258558449782,1.1942846205559685,1.0688968277209994
2021-11-11,1.2038963081966934,1.220407338645286,1.2478451323428055,1.2362700567354508,1.1926871941819237,1.0674671149420307
2021-11-12,1.2040255169094722,1.2205383194118344,1.2479790578829038,1.2364027399753532,1.1928151998714993,1.0675816813302792
2021-11-15,1.204639525255324,1.2211607486743588,1.2486154809040328,1.2370332595038156,1.1934234913715496,1.068126108381873
2021-11-16,1.2049673523199784,1.221493071776263,1.2489552754561835,1.2373699021042295,1.1937482661376633,1.0684167850859414
2021-11-17,1.2049449276673474,1.22147033957711,1.2489320321806292,1.2373468744344944,1.193726050274183,1.0683969016631876
2021-11-18,1.2055290364763573,1.2220624592407636,1.2495374641676857,1.2379466904033098,1.1943047206229265,1.068914817484443
2021-11-19,1.2044078038448025,1.2209258492831105,1.248375300389972,1.2367953069165525,1.1931939274489218,1.0679206463467499
2021-11-22,1.2059348159049201,1.2224738037968668,1.2499580567729538,1.238363381569946,1.1947067219620904,1.0692746127533228
2021-11-23,1.2055407827229736,1.2220743665831773,1.2495496392167857,1.2379587525160285,1.1943163575037972,1.0689252326106478
2021-11-24,1.207109440566549,1.2236645380382174,1.2511755616829399,1.2395695928417871,1.1958704100491429,1.0703161253737634
2021-11-25,1.2076593784763117,1.2242220181603043,1.2517455753453421,1.240134319028149,1.1964152276535356,1.0708037426460606
2021-11-26,1.2105158520852728,1.2271176673381348,1.254706325921899,1.2430676055301264,1.1992451055015951,1.0733365119730411
2021-11-29,1.2098666049995723,1.22645951604837,1.2540333777534702,1.2424008996635088,1.1986019033589335,1.072760839542834
2021-11-30,1.209281428349961,1.2258663138990427,1.2534268389437684,1.2417999871389918,1.198022175111929,1.0722419768919236
2021-12-01,1.2086845054537332,1.2252612044073015,1.2528081250849663,1.241187012501756,1.1974308099840543,1.0717126991148087
2021-12-02,1.2074821169364658,1.2240423255384278,1.251561842786199,1.2399522907816714,1.1962396165422167,1.0706465689233393
2021-12-03,1.205875016831237,1.222413184599125,1.2498960747048091,1.2383019744506523,1.1946474796594766,1.0692215902926456
2021-12-06,1.2096562404010809,1.2262462663706009,1.2538153336923183,1.2421848781902793,1.1983934974015251,1.0725743141008097
2021-12-07,1.2082306731981038,1.2248011479958705,1.2523377254606536,1.2407209763285445,1.1969812032231475,1.0713102965114567
2021-12-08,1.206667354557536,1.2232163889691998,1.2507173371077267,1.2391156187812942,1.1954324401691065,1.0699241378966156
2021-12-09,1.2063512737394977,1.2228959732097093,1.250389717604676,1.238791038293599,1.1951193022838635,1.0696438763187517
2021-12-10,1.207720245390596,1.22428371984372,1.2518086642361324,1.2401968227031446,1.1964755278544101,1.0708577119363925
2021-12-13,1.2065904700342294,1.2231384500006752,1.250637645877255,1.2390366667707737,1.1953562714943178,1.0698559661614595
2021-12-14,1.2077416022026255,1.224305369557199,1.2518308006890413,1.240218753817178,1.1964966858196293,1.0708766485294914
2021-12-15,1.2078003334357073,1.2243649062692665,1.2518916759345406,1.2402790643807702,1.1965548702239819,1.0709287241605134
2021-12-16,1.206942857432718,1.2234956702730804,1.2510028973502507,1.239398530152326,1.1957053779204334,1.0701684199475916
2021-12-17,1.2072215638297044,1.2237781990339827,1.2512917780607111,1.2396847311904629,1.1959814893665432,1.0704155424875326
2021-12-20,1.2069727569695594,1.2235259798719513,1.2510338883843233,1.239429233711973,1.1957349990717403,1.0701949311779304
2021-12-21,1.2067591888492633,1.22330948273716,1.2508125238552348,1.2392099225716382,1.195523419419549,1.070005565246941
2021-12-22,1.2081142785725425,1.2246831570574095,1.2522170817923004,1.2406014517570623,1.1968658923127033,1.0712070920790675
2021-12-23,1.2099221327108494,1.2265158053034158,1.2540909325310332,1.242457920559996,1.1986569140685033,1.0728100746848912
2021-12-24,1.2098730120431813,1.2264660109624137,1.254040018689343,1.2424074789977189,1.1986082507484992,1.0727665205207637
2021-12-27,1.210766794626621,1.2273720514715143,1.2549664292435778,1.24332529612002,1.1994937115929203,1.0735590169419535
2021-12-28,1.211733190370961,1.2283517010064438,1.2559681037377026,1.2443176790300348,1.2004511095190862,1.0744158977796796
2021-12-29,1.2126248372731974,1.2292555765441966,1.2568923006466466,1.2449842563803242,1.201334454566985,1.0752065005415596
2021-12-30,1.2139147887197863,1.2305632192383344,1.2579776965338596,1.2449842563803242,1.2026123956662211,1.0763502707647346
2021-12-31,1.2140504044761742,1.2307006949189268,1.2579776965338596,1.2449842563803242,1.2027467487453625,1.0764705181309124
2022-01-04,1.2129708176280771,1.229606301902558,1.2579776965338596,1.2449842563803242,1.2016772136035352,1.075513273349762
2022-01-05,1.2130872122536387,1.2297242928410193,1.2579776965338596,1.2449842563803242,1.2017925245139796,1.075616477782151
2022-01-06,1.2111394709965375,1.2277498389717247,1.2579776965338596,1.2449842563803242,1.199862918085994,1.0738894604915297
2022-01-07,1.2111362674747332,1.227746591514703,1.2579776965338596,1.2449842563803242,1.1998597443912113,1.073886620002565
2022-01-10,1.2119392836070466,1.2285606207415172,1.2579776965338596,1.2449842563803242,1.2006552838834508,1.0745986359030844
2022-01-11,1.2129793603528891,1.2296149617879497,1.2579776965338596,1.2449842563803242,1.201685676789623,1.0755208479870018
2022-01-12,1.213863532370915,1.2305112599259846,1.2579776965338596,1.2449842563803242,1.202561616549695,1.076304822941297
2022-01-13,1.2139970124461004,1.2306465706352292,1.2579776965338596,1.2449842563803242,1.2026938538323146,1.0764231766481653
2022-01-14,1.2144924904851875,1.2311488439879443,1.2579776965338596,1.2449842563803242,1.2031847186253988,1.0768625056080603
2022-01-17,1.2148726417393145,1.2315342088878725,1.2579776965338596,1.2449842563803242,1.2035613304062993,1.077199576965221
2022-01-18,1.2184018549272086,1.2351118240402947,1.2579776965338596,1.2449842563803242,1.207057684158762,1.0803288489748177
2022-01-19,1.2209732150955745,1.237718449543179,1.2579776965338596,1.2449842563803242,1.2096051031711461,1.0826088147839277
2022-01-20,1.220965740211364,1.2374633299690325,1.2579776965338596,1.2449842563803242,1.2095976978833192,1.0826021869763431
2022-01-21,1.222384900370732,1.2374633299690325,1.2579776965338596,1.2449842563803242,1.211003644672131,1.0838605235877665
2022-01-24,1.225149539687966,1.2374633299690325,1.2579776965338596,1.2449842563803242,1.2137425432697484,1.0863118655644217
2022-01-25,1.2245739736037677,1.2374633299690325,1.2579776965338596,1.2449842563803242,1.2131723361070927,1.085801524380406
2022-01-26,1.2222588951797575,1.2374633299690325,1.2579776965338596,1.2449842563803242,1.2108788126773382,1.0837487976884828
2022-01-27,1.2206186920158828,1.2374633299690325,1.2579776965338596,1.2449842563803242,1.2092538809485083,1.0822944673384858
2022-01-28,1.2222749127887795,1.2374633299690325,1.257726151303599,1.2449842563803242,1.2108946811512524,1.083763000133307
2022-01-29,1.223030943934628,1.2374633299690325,1.2585041106099584,1.2449842563803242,1.21164367312001,1.0844333555290089
2022-01-30,1.223232765808308,1.2374633299690325,1.2587117861875035,1.2449842563803242,1.2118436158913308,1.0846123063337938
2022-02-07,1.2211280519827892,1.2374633299690325,1.2565460265931048,1.2449842563803242,1.2097584984189849,1.0827461050838951
2022-02-08,1.2217313819226259,1.2374633299690325,1.2571668557005808,1.2449842563803242,1.2103562109364254,1.0832810638389396
2022-02-09,1.220583453276034,1.2374633299690325,1.255985632177507,1.2449842563803242,1.2092189703058969,1.0822632219598725
2022-02-10,1.2207916821933227,1.2374633299690325,1.2561999006305298,1.2449842563803242,1.2094252604667834,1.082447853742587
2022-02-11,1.215406562040055,1.2374633299690325,1.2506585887915889,1.2449842563803242,1.2040902795367778,1.0776729917926942
2022-02-14,1.2148790487829235,1.2374633299690325,1.2501157753772645,1.2449842563803242,1.203567677795865,1.0772052579431506
2022-02-15,1.2150146645393114,1.2374633299690325,1.2502553245748742,1.2449842563803242,1.2037020308750066,1.077325505309329
2022-02-16,1.2150168002205144,1.2374633299690325,1.2502575222000334,1.2447353093184603,1.2037041466715286,1.077327398968639
2022-02-17,1.216241613390413,1.2374633299690325,1.2515178602288388,1.2459900806101942,1.2049175559768461,1.078413412582862
2022-02-18,1.2151620265423158,1.2374633299690325,1.2504069607108594,1.2448840877802527,1.2038480208350186,1.0774561678017114
2022-02-21,1.2114341950025465,1.2374633299690325,1.2465710059954633,1.2410650759411572,1.2001548980060182,1.0741507854762948
2022-02-22,1.2111586921273643,1.2372158867916743,1.2462875123499257,1.240782834447463,1.1998819602546913,1.0739065034253188
2022-02-23,1.212428354602525,1.2385128651276618,1.2475940005070743,1.2420835520288678,1.201139801286969,1.0750322838850497
2022-02-24,1.2137108311649034,1.2398229332365944,1.2489136744151783,1.2433973971216075,1.2024103370983783,1.0761694263006398
2022-02-25,1.214020504939333,1.2401392694161035,1.2492323300632633,1.243714645312194,1.2027171275940558,1.0764440069005743
2022-02-28,1.214924965928787,1.2410631892231525,1.2501630243181876,1.2446412288205624,1.2036131674210861,1.0772459716183134
2022-03-01,1.2131555540521335,1.239255709742302,1.2483422918737843,1.2428285382971074,1.2018602300026806,1.075677074880068
2022-03-02,1.2116627128912631,1.2377307511941857,1.2468061518874987,1.2412991832266245,1.200381288233863,1.0743534070224534
2022-03-03,1.2101688038897915,1.236204701831657,1.245268913088633,1.2397687341968637,1.1989012885667842,1.0730287923351836
2022-03-04,1.21044350161316,1.2364853094759123,1.2458007383771612,1.2402982104873599,1.1994133113250873,1.0734870578881777
2022-03-07,1.21044350161316,1.2364853094759123,1.2458523825684025,1.2403496265734204,1.1994630325433524,1.07353155888196
2022-03-08,1.21044350161316,1.2364853094759123,1.2461996073435575,1.2406953177052322,1.1997973283938148,1.073830757052923
2022-03-09,1.21044350161316,1.2364853094759123,1.244609625540871,1.239112358630133,1.1982665496102103,1.0724606945422162
2022-03-10,1.21044350161316,1.2364853094759123,1.2445195229093435,1.2390226539693465,1.1981798019528118,1.0723830545105106
2022-03-11,1.21044350161316,1.2364853094759123,1.2486356748325387,1.2431206254243026,1.2021426888383562,1.0759298783979385
2022-03-14,1.21044350161316,1.2364853094759123,1.251616753361003,1.2460885369452037,1.2050127668203323,1.0784986272518071
2022-03-15,1.21044350161316,1.2364853094759123,1.2469259224586753,1.2414184247879139,1.2004965991443073,1.0744566114548422
2022-03-16,1.21044350161316,1.2364853094759123,1.2476137791335071,1.2421032432958699,1.2011588434556664,1.0750493268188386
2022-03-17,1.21044350161316,1.2364853094759123,1.2477873915210846,1.2422760888617757,1.2013259913808976,1.0751989259043202
2022-03-18,1.21044350161316,1.2364853094759123,1.2483752562511725,1.2428613570754439,1.2018919669505095,1.0757054797697163
2022-03-21,1.21044350161316,1.2364853094759123,1.2474599453723627,1.241950088996966,1.2010107376991324,1.0749167706671463
2022-03-22,1.21044350161316,1.2364853094759123,1.2449436645650704,1.2394449222506099,1.198588150681541,1.0727485307573197
2022-03-23,1.21044350161316,1.2364853094759123,1.2453106679666581,1.2398103046494235,1.1989414887007006,1.0730647718620718
2022-03-24,1.21044350161316,1.2364853094759123,1.2464006900456248,1.2408955122530851,1.19999092377557,1.0740040268797781
2022-03-25,1.21044350161316,1.2364853094759123,1.2469632820863819,1.241455619403362,1.2005325676851797,1.0744888036631106
2022-03-28,1.21044350161316,1.2364853094759123,1.247819257085893,1.242307813680834,1.2013566704304652,1.0752263839643135
2022-03-29,1.21044350161316,1.2362380618635396,1.2476522375737933,1.2421415318705957,1.2011958698947998,1.0750824658567617
2022-03-30,1.21044350161316,1.237407390175486,1.2488323622842876,1.243316444135044,1.2023320526270675,1.0760993609061738
2022-03-31,1.21044350161316,1.2367160275329478,1.2481346162962392,1.242621779993587,1.2016602872313598,1.0754981240752828
2022-04-01,1.21044350161316,1.2376970003533054,1.2491246464304622,1.2436074373029613,1.2026134535644821,1.0763512175943895
2022-04-02,1.21044350161316,1.2383295699522263,1.2497630565392117,1.2442430276434122,1.203228092454098,1.076901325623913
2022-04-06,1.21044350161316,1.2385701859270308,1.2500058941193042,1.2444847926438247,1.2034618879697694,1.0771105749776562
2022-04-07,1.2102014613208958,1.2406126998127032,1.2520672665186405,1.2465370602491366,1.2054465051073244,1.078886827410335
2022-04-08,1.2098849641020293,1.2402882493127403,1.2517398203699186,1.2462110603843268,1.2051312514255594,1.078604672173161
2022-04-11,1.20887068610197,1.2392484834487654,1.2506904543563973,1.245166329273947,1.2041209585863455,1.0777004498526874
2022-04-12,1.2084267403385933,1.2387933817407637,1.250231150698123,1.244709054295791,1.2036787571132654,1.07730467505692
2022-04-13,1.2084745335427847,1.2388423759437783,1.250280597264205,1.244758282463296,1.2037263625350088,1.0773472823913928
2022-04-14,1.2092413489522533,1.2396284607121446,1.2510739399466788,1.2455481210619288,1.2044901650794195,1.0780308934022635
2022-04-15,1.2091946178192665,1.2395805552691972,1.2510255921931763,1.245499986853702,1.2044436175559374,1.077989232897446
2022-04-18,1.2055952585080616,1.2358907474021699,1.2473017163608997,1.2417925588609504,1.2008584003495544,1.0747804271968338
2022-04-19,1.2054104581185219,1.2357013031505137,1.2471105229720487,1.2416022099465986,1.200674326052148,1.0746156788368733
2022-04-20,1.204846498309065,1.2351231715549422,1.2465270534922792,1.2410213175700417,1.20011258207558,1.074112912290097
2022-04-21,1.2052553957227015,1.2355423441807332,1.2469500963354265,1.2414424918920275,1.2005198729060482,1.0744774417072511
2022-04-22,1.2052723888619694,1.235559764341805,1.2469676773367002,1.2414599952404735,1.2005367992782237,1.0744925909817304
2022-04-24,1.2051672438127485,1.235451977095173,1.2468588948913195,1.2413516932719628,1.2004320673503888,1.0743988548458907
2022-04-25,1.2064672189667511,1.236784619417168,1.2482038414887542,1.2426906994280937,1.2017269348218,1.0755577743435445
2022-04-26,1.2063928739824537,1.236708406212479,1.248126924608182,1.242614122278642,1.2016528819435333,1.0754914962676985
2022-04-27,1.2057566933311077,1.2360562389323522,1.2474687358729994,1.241958840671189,1.20101920088522,1.0749243453043857
2022-04-28,1.2046786910587934,1.234951147464358,1.246353441104702,1.240848472004136,1.1999454341503488,1.0739633132046156
2022-04-29,1.2054858651740237,1.23577860511527,1.2471885386652006,1.2416798810553282,1.200749436828676,1.0746829037423744
2022-05-05,1.2060455766986637,1.2363523816705733,1.2477676128946515,1.2422563975947736,1.2013069492122002,1.075181882970531
2022-05-06,1.2059340592222174,1.2362380618635396,1.2476522375737933,1.2421415318705957,1.2011958698947998,1.0750824658567617
2022-05-07,1.2060445146274594,1.2363512929105063,1.247766514082072,1.2422553036354957,1.2013058913139392,1.075180936140876
2022-05-09,1.206725302269384,1.2370491881134467,1.2484708529455981,1.2429565315326199,1.2019840040992127,1.0757878539496966
2022-05-10,1.207471938325972,1.23781458644054,1.2492433181890592,1.2437255849049726,1.2027277065766653,1.0764534751971235
2022-05-11,1.2066371503594313,1.2369588210278866,1.2483796515014909,1.2428657329125554,1.2018961985435532,1.0757092670883361
2022-05-12,1.2074273313353936,1.2377688585177267,1.249197168060716,1.2436796386153015,1.2026832748497052,1.0764137083516157
2022-05-13,1.206983385572017,1.237313756809725,1.2487378644024416,1.2432223636371458,1.2022410733766251,1.0760179335558484
2022-05-16,1.2065086397437168,1.2368270810597808,1.2482466951793587,1.2427333638399314,1.2017681928539774,1.0755947007000874
2022-05-17,1.2074804348956063,1.2378232965210763,1.2492521086896962,1.243734336579196,1.202736169762753,1.0764610498343634
2022-05-18,1.2083608919239297,1.2387258786166104,1.2501630243181876,1.2446412288205624,1.2036131674210861,1.0772459716183134
2022-05-19,1.208662520145937,1.2390350864756354,1.250475087090795,1.2449519132554816,1.2039136105271981,1.0775148712403182
2022-05-20,1.2077926838296558,1.238143391980771,1.2495751595880995,1.244055960606894,1.2030471918514742,1.0767394177529173
2022-05-23,1.2088993620244848,1.2392778799705741,1.2507201222960467,1.24519586617445,1.2041495218393914,1.0777260142533711
2022-05-24,1.2095482875302819,1.2399431123715046,1.2513914967821844,1.2458642752932374,1.204795897676836,1.078304527172543
2022-05-25,1.2106358484434343,1.241058002680102,1.2525166808636985,1.2469844895937914,1.205879185496056,1.079274080739208
2022-05-26,1.2136786824436119,1.2441773002720267,1.2556647789042625,1.2501186829249311,1.2089100640136974,1.0819867477006282
2022-05-27,1.2139898693064572,1.2444963069716546,1.2559867309900865,1.2504392129933513,1.2092200282041579,1.0822641687895276
2022-05-30,1.2125666938927617,1.2430373684818887,1.2545143221334176,1.248973307560986,1.2078024445344755,1.0809954170518996
2022-05-31,1.210643282941864,1.2410656240005709,1.2525243725517556,1.2469921473087366,1.2058865907838825,1.0792807085467924
2022-06-01,1.2100485230674838,1.2404559183630568,1.2519090375071777,1.246379530113121,1.2052941677577467,1.0787504839400228
2022-06-02,1.2096704257187707,1.2400683197792084,1.2515178602288388,1.2459900806101942,1.2049175559768461,1.078413412582862
2022-06-06,1.2089460931574718,1.2393257854135216,1.250768470049549,1.2452440003826768,1.2041960693628735,1.0777676747581888
2022-06-07,1.209243473094662,1.2396306382322786,1.2510761375718382,1.2455503089804845,1.2044922808759415,1.0780327870615736
2022-06-08,1.2094580114779205,1.2398505677658105,1.251298097712918,1.2457712887546173,1.2047059763246548,1.0782240466518727
2022-06-09,1.2098307984706125,1.240232722549324,1.251683780928359,1.2461552684611548,1.2050772986142506,1.0785563838607588
2022-06-10,1.2100474609962795,1.2404548296029896,1.251907938694598,1.2463784361538432,1.2052931098594857,1.0787495371103677
2022-06-13,1.2094973081124778,1.2398908518882892,1.2513387537783633,1.245811765247899,1.2047451185603102,1.0782590793491056
2022-06-14,1.2086869477836346,1.2390601279571762,1.2505003597801259,1.2449770743188728,1.2039379421872,1.0775366483223818
2022-06-15,1.2083014159364918,1.238664908052859,1.2501014908137298,1.2445799671010007,1.2035539251184726,1.0771929491576364
2022-06-16,1.2086444649354646,1.2390165775544966,1.2504564072769417,1.2449333159477576,1.2038956262567617,1.077498775136184
2022-06-17,1.2089418448726548,1.2393214303732536,1.2507640747992306,1.2452396245455652,1.2041918377698297,1.077763887439569
2022-06-20,1.2079318151574125,1.2382860195495466,1.2497191040360276,1.2441992692722967,1.2031857765236595,1.0768634524377152
2022-06-21,1.207721525058971,1.2380704450562827,1.2495015391452662,1.2439826653352757,1.2029763126679902,1.076675980166036
2022-06-22,1.2079742980055825,1.2383295699522263,1.2497630565392117,1.2442430276434122,1.203228092454098,1.076901325623913
2022-06-23,1.2079063254485105,1.2382598893079388,1.2496927325341172,1.2441730142496277,1.2031603869653966,1.0768407285259967
2022-06-24,1.2069568337919108,1.2372865378080504,1.2487103940879516,1.2431950146551987,1.2022146259201012,1.0759942628144747
2022-06-27,1.2039787861351923,1.234233654580212,1.245629323614743,1.24012755284001,1.199248279196378,1.073339352462006
2022-06-28,1.2034052676848972,1.2336457241440375,1.2450359648217573,1.2395368148299521,1.1986770141354615,1.0728280644483352
2022-06-29,1.2033606606943186,1.233599996221224,1.2449898146934137,1.239490868540281,1.1986325824085013,1.0727882976028276
2022-06-30,1.204685063486019,1.2349576800247597,1.2463600339801795,1.2408550357598032,1.1999517815399143,1.0739689941825452
2022-07-01,1.2051757403823826,1.235460687175709,1.2468676853919565,1.2413604449461861,1.2004405305364767,1.0744064294831304
2022-07-04,1.2038396548074355,1.234091027011436,1.245485379166815,1.239984244174607,1.1991096945241928,1.073215317777208
2022-07-05,1.203608123284909,1.2338536773168325,1.2452458380244613,1.2397457610520282,1.198879072703304,1.0730089089124297
2022-07-06,1.2047710912535632,1.235045869590186,1.2464490377991275,1.240943646461312,1.200037471299052,1.0740456873845958
2022-07-07,1.204826318956184,1.2351024851136694,1.2465061760532667,1.2410005323437618,1.2000924820086216,1.074094922526653
2022-07-08,1.2046786910587934,1.234951147464358,1.246353441104702,1.240848472004136,1.1999454341503488,1.0739633132046156
2022-07-11,1.2057365139782268,1.2360355524910793,1.247447858433987,1.241938055444909,1.2009991008182617,1.0749063555409417
2022-07-12,1.2069557717207064,1.2372854490479832,1.248709295275372,1.2431939206959208,1.2022135680218402,1.0759933159848198
2022-07-13,1.207611069653729,1.2379572140093158,1.2493872626369873,1.2438688935703757,1.2028662912488508,1.0765775098819215
2022-07-14,1.208387443704036,1.2387530976182852,1.2501904946326776,1.2446685778025095,1.20363961487761,1.077269642359687
2022-07-15,1.2089790173648036,1.2393595369755983,1.2508025332395167,1.2452779131202911,1.2042288642089631,1.077797026477492
2022-07-18,1.209230728240211,1.239617573111475,1.251062951820883,1.24553718146915,1.20447958609681,1.078021425105714
2022-07-19,1.2090862865564327,1.2394695017423643,1.2509135133100566,1.2453884030073574,1.2043357119333198,1.0778926562726414
2022-07-20,1.210092067986858,1.2405005575258032,1.2519540888229412,1.2464243824435144,1.205337541586446,1.0787893039558756
2022-07-21,1.21127946359321,1.2417177912806976,1.253182561286938,1.2476474289161896,1.2065202718421957,1.079847859510105
2022-07-22,1.2102747442339892,1.2406878242573254,1.2521430845866333,1.2466125434393105,1.2055195000873307,1.0789521586565263
2022-07-25,1.2104786619052053,1.2408968661901874,1.2523540566019171,1.2468225836206643,1.2057226165534343,1.0791339499502757
2022-07-26,1.2112773394508014,1.2417156137605634,1.2531803636617789,1.2476452409976337,1.2065181560456737,1.079845965850795
2022-07-27,1.2116819885796208,1.2421304313460864,1.2535990112546078,1.2480620394825077,1.2069212152830984,1.0802067079493296
2022-07-28,1.210732496923021,1.241157079846198,1.2526166728084422,1.247084039888079,1.205975454237803,1.079360242237808
2022-07-29,1.212937356743045,1.243417345745268,1.2548978077236994,1.2493550993489675,1.2081716510275493,1.081325860601476
2022-08-01,1.214743939861475,1.2452693266192172,1.2567668879216052,1.2512159240806495,1.2099711359694372,1.082936417844539
2022-08-02,1.215520313911782,1.2460652102281864,1.2575701199172953,1.2520156083127831,1.2107444595981967,1.0836285503223047
2022-08-03,1.2153737480855955,1.2459149613389418,1.2574184837813098,1.251864641932435,1.2105984696381844,1.0834978878299222
2022-08-04,1.2166397369610622,1.2472127633387933,1.2587282683761976,1.2531686413916736,1.2118594843652453,1.084626508778618
2022-08-05,1.2156690038803772,1.246217636637565,1.25772395367844,1.252168762611687,1.2108925653547307,1.0837611064739971
2022-08-08,1.215074244005997,1.2456079310000507,1.2571086186338618,1.2515561454160715,1.2103001423285946,1.0832308818672272
2022-08-09,1.2145389601190548,1.2450591959262882,1.2565548170937415,1.2510047899400176,1.2097669616050724,1.0827536797211346
2022-08-10,1.2151156647829626,1.2456503926426634,1.2571514723244663,1.2515988098279092,1.210341400360772,1.0832678082237701
2022-08-11,1.2151124785693501,1.2456471263624624,1.2571481758867276,1.2515955279500754,1.2103382266659892,1.0832649677348054
2022-08-12,1.2153100238133405,1.2458496357349225,1.2573525550265336,1.251799004375762,1.210534995742527,1.0834410780506254
2022-08-15,1.2211960224272966,1.2518835440261782,1.263442174342697,1.2578617266937993,1.2163978679047502,1.0886884079983363
2022-08-16,1.223011102115361,1.2537442349806633,1.2653200450412394,1.2597313030997042,1.2182058160327256,1.0903065398786393
2022-08-17,1.2223621766095636,1.2530790025797327,1.2646486705551017,1.2590628939809165,1.2175594401952807,1.0897280269594671
2022-08-18,1.2239967041929052,1.2547546043228295,1.2663397431151115,1.2607464973095812,1.2191875456188934,1.0911851977984293
2022-08-19,1.2240444973970963,1.2548035985258439,1.2663891896811936,1.2607957254770858,1.2192351510406365,1.0912278051329016
2022-08-22,1.2238926212148886,1.2546479058362645,1.2662320594823104,1.2606392893003484,1.2190838715893197,1.0910924084922444
2022-08-23,1.2230227848986075,1.2537562113414003,1.2653321319796151,1.259743336651761,1.218217452913596,1.0903169550048435
2022-08-24,1.222902770852527,1.2536331814538302,1.2652079661581197,1.2596197192533598,1.218097910410108,1.0902099632538347
2022-08-25,1.2212884226220666,1.2519782661520065,1.2635377710371225,1.2579569011509752,1.2164899050534534,1.0887707821783168
2022-08-26,1.2206660488963756,1.2513402527527504,1.2628938668654746,1.2573158410141345,1.2158699766725327,1.0882159400005182
2022-08-29,1.2214116228817595,1.252104562319777,1.2636652332963563,1.2580838004272097,1.2166126212517243,1.0888806144182903
2022-08-30,1.2225937081320903,1.2533163522743362,1.2648882116974551,1.2593013771034953,1.2177900620161695,1.0899344358242453
2022-08-31,1.2221210864461989,1.252831854044526,1.2643992400995316,1.2588145652248366,1.2173192972900435,1.0895130966277942
2022-09-01,1.2227052256085367,1.2534306720813704,1.2650035870183136,1.2594162428276734,1.2179011413335699,1.090033852938015
2022-09-02,1.2233562752567422,1.254098082002435,1.2656771591296105,1.2600868398650167,1.2185496329675365,1.0906142595164965
2022-09-05,1.2235559446431412,1.254302768895029,1.265883735894576,1.260292504209259,1.2187485178405963,1.0907922634916265
2022-09-06,1.2239117384965652,1.2546675035174704,1.2662518381087433,1.2606589805673505,1.219102913758017,1.0911094514260335
2022-09-07,1.2238405797258805,1.2545945565929821,1.2661782176659098,1.260585685295732,1.219032034574533,1.091046013839152
2022-09-08,1.222982426192846,1.2537148384588546,1.2652903771015902,1.2597017661992014,1.2181772527796797,1.0902809754779557
2022-09-09,1.2223579283247468,1.2530746475394647,1.264644275304783,1.259058518143805,1.217555208602237,1.0897242396408473
2022-09-13,1.221214077637769,1.251902052947317,1.2634608541565502,1.2578803240015233,1.2164158521751864,1.0887045041024705
2022-09-14,1.2200511096691147,1.2507098606739637,1.2622576543818842,1.2566824385922395,1.2152574535794387,1.0876677256303047
2022-09-15,1.220335744751854,1.2510016483719169,1.262552136153218,1.2569756196787125,1.215540970313375,1.0879214759778302
2022-09-16,1.2188244174282055,1.249452342796591,1.260988525852442,1.2554189156262827,1.2140355810880334,1.0865741373788418
2022-09-19,1.218915755551771,1.2495459761623517,1.2610830237342878,1.2555129961241807,1.2141265603384757,1.0866555647291671
2022-09-20,1.2197622263015586,1.2504137179357424,1.261958777360232,1.2563848816686547,1.2149697052524584,1.0874101879641591
2022-09-21,1.220501427859717,1.2511714949423671,1.2627235509156363,1.2571462773260627,1.2157060024420845,1.0880691814040016
2022-09-22,1.2206214419057972,1.251294524829937,1.2628477167371313,1.2572698947244636,1.2158255449455724,1.0881761731550106
2022-09-23,1.2193257150366117,1.2499662375482097,1.261507165390015,1.2559352644054442,1.214534909067205,1.0870210409759762
2022-09-26,1.2167501923663042,1.2473259943857604,1.2588425448844762,1.2532824131565738,1.2119695057843847,1.0847249790627322
2022-09-27,1.2161883566992557,1.2467500403103229,1.258261273029866,1.2527037086985726,1.2114098776043385,1.0842241061752658
2022-09-28,1.214331856234226,1.2448468877132253,1.2563405486407189,1.2507914678808303,1.209560671444186,1.08256904793842
2022-09-29,1.212899122179692,1.2433781503828565,1.2548582504708337,1.2493157168149638,1.2081335666901551,1.081291774733898
2022-09-30,1.2119591891639303,1.2424145977235708,1.2538858013378844,1.2483475628540357,1.2071973267292082,1.0804538304892706
2022-10-08,1.2114536432707073,1.2418963479316838,1.2533627665499931,1.2478268382377626,1.2066937671569928,1.0800031395735163
2022-10-09,1.2134216612121833,1.2439138203358153,1.2553988662599986,1.249853944779683,1.2086540526345457,1.0817576149241315
2022-10-10,1.2135406131870594,1.2440357614633182,1.2555219332689143,1.2499764682188061,1.208772537239773,1.0818636598454854
2022-10-11,1.2141183799221715,1.2446280469397604,1.2561196873122187,1.2505715820659755,1.2093480338937337,1.082378735177776
2022-10-12,1.2136192064561737,1.2441163297082753,1.2556032453998047,1.2500574212053694,1.2088508217110838,1.0819337252399512
2022-10-13,1.2145474566886887,1.2450679060068242,1.2565636075943785,1.2510135416142407,1.20977542479116,1.082761254358374
2022-10-14,1.2162499568291023,1.2468131883942082,1.258325004159483,1.2527671583366902,1.211471235703474,1.0842790222952525
2022-10-17,1.21691906168778,1.2474991072364117,1.2590172560846333,1.2534563526817575,1.2121377116078769,1.0848755249778685
2022-10-18,1.2169838480312394,1.247565521600498,1.259084283651989,1.2535230841977083,1.2122022434017952,1.0849332815868205
2022-10-19,1.217172896705596,1.2477593208924223,1.2592798722911585,1.2537178089491718,1.2123905492922455,1.0851018172654008
2022-10-20,1.2161055151453242,1.2466651170250977,1.2581755656486568,1.2526183798748978,1.211327361539984,1.08415025346218
2022-10-21,1.215689183233258,1.2462383230788379,1.2577448311174522,1.252189547837967,1.2109126654216888,1.0837790962374412
2022-10-24,1.2160694047243796,1.24662809918282,1.2581382060209503,1.2525811852594495,1.2112913929991111,1.0841180612539116
2022-10-25,1.2157752110008022,1.246326512644264,1.2578338349364002,1.2522781585394755,1.2109983551808263,1.0838557894394916
2022-10-26,1.2166386748898579,1.2472116745787263,1.258475424129705,1.2531675474323958,1.2118584264669843,1.0846255619489629
2022-10-27,1.2181754919224084,1.24878711039566,1.258475424129705,1.2544995564061936,1.2131465274095388,1.0859956244596698
2022-10-28,1.219764350443967,1.2504158954558764,1.258475424129705,1.2544995564061936,1.2131465274095388,1.0874120816234691
2022-10-31,1.2216516509739201,1.2523506220949168,1.258475424129705,1.2544995564061936,1.2131465274095388,1.0890945979203082
2022-11-01,1.220433455302645,1.2508515939352203,1.258475424129705,1.2544995564061936,1.2131465274095388,1.0880085843060852
2022-11-02,1.219162156071157,1.2508515939352203,1.258475424129705,1.2544995564061936,1.2131465274095388,1.0868752292091146
2022-11-03,1.2190994938701063,1.2508515939352203,1.258475424129705,1.2544995564061936,1.2131465274095388,1.086819366259473
2022-11-04,1.217712428877355,1.2508515939352203,1.258475424129705,1.2544995564061936,1.2131465274095388,1.0855828067301132
2022-11-07,1.2178961671956905,1.2508515939352203,1.258475424129705,1.2544995564061936,1.2131465274095388,1.085746608260419
2022-11-08,1.2174646389564194,1.2508515939352203,1.258475424129705,1.2544995564061936,1.2131465274095388,1.0855790194114936
2022-11-09,1.2174646389564194,1.2508515939352203,1.258475424129705,1.2544995564061936,1.2131465274095388,1.0858327697590189
2022-11-10,1.2174646389564194,1.2508515939352203,1.258475424129705,1.2544995564061936,1.2131465274095388,1.0857371399638696
2022-11-11,1.2174646389564194,1.2508515939352203,1.258475424129705,1.2544995564061936,1.2131465274095388,1.082777350462508
2022-11-14,1.2174646389564194,1.2508515939352203,1.258475424129705,1.2544995564061936,1.2131465274095388,1.075939346694488
2022-11-15,1.2174646389564194,1.2508515939352203,1.258475424129705,1.2544995564061936,1.2131465274095388,1.0763701541874884
2022-11-16,1.2174646389564194,1.2508515939352203,1.258475424129705,1.2544995564061936,1.2131465274095388,1.0754072284284084
2022-11-17,1.2174646389564194,1.2508515939352203,1.258475424129705,1.2544995564061936,1.2131465274095388,1.0767403645825722
2022-11-18,1.2174646389564194,1.2508515939352203,1.258475424129705,1.2544995564061936,1.2131465274095388,1.0765292215695192
2022-11-21,1.2174646389564194,1.2508515939352203,1.258475424129705,1.2544995564061936,1.2131465274095388,1.0772440779590033
2022-11-22,1.2174646389564194,1.2508515939352203,1.258475424129705,1.2544995564061936,1.2131465274095388,1.076810429977038
2022-11-23,1.2174646389564194,1.2508515939352203,1.258475424129705,1.2544995564061936,1.2131465274095388,1.0782316212891123
2022-11-24,1.2174646389564194,1.2508515939352203,1.258475424129705,1.2544995564061936,1.2131465274095388,1.0794426164177884
2022-11-25,1.2174646389564194,1.2508515939352203,1.258475424129705,1.2544995564061936,1.2131465274095388,1.077779983543703
2022-11-28,1.2174646389564194,1.2508515939352203,1.258475424129705,1.2544995564061936,1.2131465274095388,1.0761722667896045
2022-11-29,1.2174646389564194,1.2508515939352203,1.258475424129705,1.2544995564061936,1.2131465274095388,1.073338405632351
2022-11-30,1.2174646389564194,1.2508515939352203,1.258475424129705,1.2544995564061936,1.2131465274095388,1.073745542383978
2022-12-01,1.2174646389564194,1.2508515939352203,1.258475424129705,1.2544995564061936,1.2131465274095388,1.074605263710669
2022-12-02,1.2174646389564194,1.2508515939352203,1.258475424129705,1.2544995564061936,1.2131465274095388,1.0748419711244053
2022-12-05,1.2174646389564194,1.2508515939352203,1.258475424129705,1.2544995564061936,1.2131465274095388,1.0736234013584898
2022-12-06,1.2174646389564194,1.2508515939352203,1.258475424129705,1.2544995564061936,1.2131465274095388,1.0722410300622687
2022-12-07,1.2174646389564194,1.2508515939352203,1.258475424129705,1.2544995564061936,1.2131465274095388,1.0738364380308527
2022-12-08,1.2174646389564194,1.2508515939352203,1.258475424129705,1.2544995564061936,1.2131465274095388,1.0740002395611583
2022-12-09,1.2174646389564194,1.2508515939352203,1.258475424129705,1.2544995564061936,1.2131465274095388,1.073639497462624
2022-12-12,1.2174646389564194,1.2508515939352203,1.258475424129705,1.2544995564061936,1.2131465274095388,1.0737625853177668
2022-12-13,1.2174646389564194,1.2508515939352203,1.258475424129705,1.2544995564061936,1.2131465274095388,1.0725620053152953
2022-12-14,1.2172211947174758,1.2508515939352203,1.258475424129705,1.2544995564061936,1.2131465274095388,1.0746696481272053
2022-12-15,1.217250150155453,1.2508515939352203,1.258475424129705,1.2544995564061936,1.2131465274095388,1.0746952125278888
2022-12-16,1.2163975733705705,1.2508515939352203,1.258475424129705,1.2544995564061936,1.2131465274095388,1.0739424829522066
2022-12-19,1.2185520724407952,1.2508515939352203,1.258475424129705,1.2544995564061936,1.2131465274095388,1.0758446637289931
2022-12-20,1.2182303453521606,1.2508515939352203,1.258475424129705,1.2544995564061936,1.2131465274095388,1.0755606148325094
2022-12-21,1.2181059442112216,1.2508515939352203,1.258475424129705,1.2544995564061936,1.2131465274095388,1.0754507825925357
2022-12-22,1.219081849713414,1.2508515939352203,1.258475424129705,1.2544995564061936,1.2131465274095388,1.0763123975785365
2022-12-23,1.2198153874755013,1.2508515939352203,1.258475424129705,1.2544995564061936,1.2131465274095388,1.0769600290625196
2022-12-26,1.2192952620155417,1.2508515939352203,1.258475424129705,1.2544995564061936,1.2131465274095388,1.0765008166798709
2022-12-27,1.217788506817102,1.2508515939352203,1.258475424129705,1.2544995564061936,1.2131465274095388,1.0751705210146718
2022-12-28,1.2177509719900945,1.2508515939352203,1.258475424129705,1.2544995564061936,1.2131465274095388,1.0751373819767487
2022-12-29,1.2185810278787723,1.2508515939352203,1.2582237793738302,1.2544995564061936,1.2131465274095388,1.0758702281296766
2022-12-30,1.2193799834822157,1.2506014736404922,1.259048726518023,1.2544995564061936,1.2131465274095388,1.0765756162226117
2022-12-31,1.21935853500964,1.2505794759926927,1.2590265802859644,1.2544995564061936,1.2131465274095388,1.0765566796295127
2023-01-03,1.2199891201033644,1.2512262068379993,1.2594257439725935,1.2544995564061936,1.2131465274095388,1.077113415466621
2023-01-04,1.2214122262587592,1.252685750769499,1.2594257439725935,1.2544995564061936,1.2131465274095388,1.0783698584187345
2023-01-05,1.2206904851565883,1.2519455299210445,1.2594257439725935,1.2544995564061936,1.2131465274095388,1.0777326420609556
2023-01-06,1.21964058242401,1.2508687450612568,1.2594257439725935,1.2544995564061936,1.2131465274095388,1.0768056958287635
2023-01-09,1.2195966130552298,1.2508236498832677,1.2594257439725935,1.2544995564061936,1.2131465274095388,1.0767668758129108
2023-01-10,1.2182453592829634,1.2494377980718965,1.2594257439725935,1.2544995564061936,1.2131465274095388,1.0755738704476787
2023-01-11,1.2178635764711168,1.2490462399410647,1.2594257439725935,1.2544995564061936,1.2131465274095388,1.0752367990905178
2023-01-12,1.218291473499001,1.2494850930146655,1.2594257439725935,1.2544995564061936,1.2131465274095388,1.0756145841228413
2023-01-13,1.2170345930060675,1.2481960308536122,1.2594257439725935,1.2544995564061936,1.2131465274095388,1.0745048997672446
2023-01-16,1.2153315842835604,1.2464494176183285,1.2594257439725935,1.2544995564061936,1.2131465274095388,1.0730013342751903
2023-01-17,1.2159943420861483,1.2471291449353346,1.2594257439725935,1.2544995564061936,1.2131465274095388,1.0735864750019468
2023-01-18,1.2161594953249808,1.247298526823391,1.2594257439725935,1.2544995564061936,1.2131465274095388,1.0737322867688088
2023-01-19,1.2158463476253762,1.2469773611655177,1.2594257439725935,1.2544995564061936,1.2131465274095388,1.0734558125095643
2023-01-20,1.2151278237940917,1.246240439964233,1.2594257439725935,1.2544995564061936,1.2131465274095388,1.0728214366407507
2023-01-28,1.2150688404945085,1.2459307104434976,1.2594257439725935,1.2544995564061936,1.2131465274095388,1.0727693610097286
2023-01-29,1.2159612962099662,1.2459307104434976,1.2594257439725935,1.2544995564061936,1.2131465274095388,1.0737720536143163
2023-01-30,1.2159612962099662,1.2459307104434976,1.2594257439725935,1.2544995564061936,1.2131465274095388,1.0734245671309512
2023-01-31,1.2159612962099662,1.2459307104434976,1.2594257439725935,1.2544995564061936,1.2131465274095388,1.0743941206976162
2023-02-01,1.2159612962099662,1.2459307104434976,1.2594257439725935,1.2544995564061936,1.2131465274095388,1.0739273336777275
2023-02-02,1.2159612962099662,1.2459307104434976,1.2594257439725935,1.2544995564061936,1.2131465274095388,1.0740437937252858
2023-02-03,1.2159612962099662,1.2459307104434976,1.2594257439725935,1.2544995564061936,1.2131465274095388,1.074446196328638
2023-02-06,1.2159612962099662,1.2459307104434976,1.2594257439725935,1.2544995564061936,1.2131465274095388,1.0741403703500905
2023-02-07,1.2159612962099662,1.2459307104434976,1.2594257439725935,1.2544995564061936,1.2131465274095388,1.0742217977004158
2023-02-08,1.2159612962099662,1.2459307104434976,1.2594257439725935,1.2544995564061936,1.2131465274095388,1.0743609816596928
2023-02-09,1.2159612962099662,1.2459307104434976,1.2594257439725935,1.2544995564061936,1.2131465274095388,1.074481229025871
2023-02-10,1.2159612962099662,1.2459307104434976,1.2594257439725935,1.2544995564061936,1.2131465274095388,1.0745389856348226
2023-02-13,1.2159612962099662,1.2459307104434976,1.2594257439725935,1.2544995564061936,1.2131465274095388,1.0747008935058187
2023-02-14,1.2159612962099662,1.2459307104434976,1.2594257439725935,1.2544995564061936,1.2131465274095388,1.0747056276540932
2023-02-15,1.2159612962099662,1.2459307104434976,1.2594257439725935,1.2544995564061936,1.2131465274095388,1.0747577032851152
2023-02-16,1.2159612962099662,1.2459307104434976,1.2594257439725935,1.2544995564061936,1.2131465274095388,1.0751515844215729
2023-02-17,1.2159612962099662,1.2459307104434976,1.2594257439725935,1.2544995564061936,1.2131465274095388,1.0752150220084542
2023-02-20,1.2159612962099662,1.2459307104434976,1.2594257439725935,1.2544995564061936,1.2131465274095388,1.0743496197038334
2023-02-21,1.2159612962099662,1.2459307104434976,1.2594257439725935,1.2544995564061936,1.2131465274095388,1.0736593808853778
2023-02-22,1.2159612962099662,1.2459307104434976,1.2594257439725935,1.2544995564061936,1.2131465274095388,1.0742407342935145
2023-02-23,1.2159612962099662,1.2459307104434976,1.2594257439725935,1.2544995564061936,1.2131465274095388,1.0741214337569913
2023-02-24,1.2159612962099662,1.2459307104434976,1.2594257439725935,1.2544995564061936,1.2131465274095388,1.0743098528583255
2023-02-27,1.2159612962099662,1.2459307104434976,1.2594257439725935,1.2544995564061936,1.2131465274095388,1.074254936738339
2023-02-28,1.2159612962099662,1.2459307104434976,1.2594257439725935,1.2544995564061936,1.2131465274095388,1.0741943396404223
2023-03-01,1.2159612962099662,1.2459307104434976,1.2594257439725935,1.2544995564061936,1.2131465274095388,1.0744793353665612
2023-03-02,1.2159612962099662,1.2459307104434976,1.2594257439725935,1.2544995564061936,1.2131465274095388,1.0741006035045828
2023-03-03,1.2159612962099662,1.2459307104434976,1.2594257439725935,1.2544995564061936,1.2131465274095388,1.073654646737103
2023-03-06,1.2159612962099662,1.2459307104434976,1.2594257439725935,1.2544995564061936,1.2131465274095388,1.07520081956363
2023-03-07,1.2159612962099662,1.2459307104434976,1.2594257439725935,1.2544995564061936,1.2131465274095388,1.0755359972614809
2023-03-08,1.2159612962099662,1.2459307104434976,1.2594257439725935,1.2544995564061936,1.2131465274095388,1.075692224154547
2023-03-09,1.2159612962099662,1.2459307104434976,1.2594257439725935,1.2544995564061936,1.2131465274095388,1.0758247803062393
2023-03-10,1.2159612962099662,1.2459307104434976,1.2594257439725935,1.2544995564061936,1.2131465274095388,1.0762906204964728
2023-03-13,1.2159612962099662,1.2459307104434976,1.2594257439725935,1.2544995564061936,1.2131465274095388,1.0762963014744025
2023-03-14,1.2159612962099662,1.2459307104434976,1.2594257439725935,1.2544995564061936,1.2131465274095388,1.0764771459384974
2023-03-15,1.2159612962099662,1.2459307104434976,1.2594257439725935,1.2544995564061936,1.2131465274095388,1.0762271829095915
2023-03-16,1.2159612962099662,1.2459307104434976,1.2594257439725935,1.2544995564061936,1.2131465274095388,1.0768161109549679
2023-03-17,1.2159612962099662,1.2459307104434976,1.2594257439725935,1.2544995564061936,1.2131465274095388,1.077022519819746
2023-03-20,1.2159612962099662,1.2459307104434976,1.2594257439725935,1.2544995564061936,1.2131465274095388,1.0773311862872588
2023-03-21,1.2159612962099662,1.2459307104434976,1.2594257439725935,1.2544995564061936,1.2131465274095388,1.0771105749776562
2023-03-22,1.2159612962099662,1.2459307104434976,1.2594257439725935,1.2544995564061936,1.2131465274095388,1.0767053318853392
2023-03-23,1.2159612962099662,1.2459307104434976,1.2594257439725935,1.2544995564061936,1.2131465274095388,1.0766343196612183
2023-03-24,1.2159612962099662,1.2459307104434976,1.2594257439725935,1.2544995564061936,1.2131465274095388,1.0760463384454968
2023-03-27,1.2159612962099662,1.2459307104434976,1.2594257439725935,1.2544995564061936,1.2131465274095388,1.076583190859851
2023-03-28,1.2159612962099662,1.2459307104434976,1.2594257439725935,1.2542487066648607,1.2131465274095388,1.0765386898660687
2023-03-29,1.2159612962099662,1.2459307104434976,1.2594257439725935,1.2542531191764827,1.2131465274095388,1.0765424771846888
2023-03-30,1.2159612962099662,1.2459307104434976,1.2594257439725935,1.2544483728157574,1.2131465274095388,1.076710066033614
2023-03-31,1.2159612962099662,1.2459307104434976,1.2594257439725935,1.2540022685526475,1.2131465274095388,1.0765424771846888
2023-04-03,1.2159612962099662,1.2459307104434976,1.2594257439725935,1.2540022685526475,1.2131465274095388,1.076304822941297
2023-04-04,1.2159612962099662,1.2459307104434976,1.2594257439725935,1.2540022685526475,1.2131465274095388,1.076234757546831
2023-04-06,1.2159612962099662,1.2459307104434976,1.2594257439725935,1.2540022685526475,1.2131465274095388,1.0762603219475146
2023-04-07,1.2159612962099662,1.2459307104434976,1.2594257439725935,1.2540022685526475,1.2131465274095388,1.0764932420426314
2023-04-10,1.2159612962099662,1.2459307104434976,1.2594257439725935,1.2540022685526475,1.2131465274095388,1.0769780188259637
2023-04-11,1.2159612962099662,1.2459307104434976,1.2594257439725935,1.2540022685526475,1.2131465274095388,1.0782590793491056
2023-04-12,1.2159612962099662,1.2459307104434976,1.2594257439725935,1.2540022685526475,1.2131465274095388,1.078848954224137
2023-04-13,1.2159612962099662,1.2459307104434976,1.2594257439725935,1.2540022685526475,1.2131465274095388,1.0785999380248863
2023-04-14,1.2157181525794503,1.2459307104434976,1.2594257439725935,1.2540022685526475,1.2131465274095388,1.0785393409269697
2023-04-17,1.2148077828823804,1.2459307104434976,1.2594257439725935,1.2540022685526475,1.2131465274095388,1.0777316952313007
2023-04-18,1.2149326518795167,1.2459307104434976,1.2594257439725935,1.2540022685526475,1.2131465274095388,1.0778424743009294
2023-04-19,1.2155858127876136,1.245681574128672,1.2594257439725935,1.2540022685526475,1.2131465274095388,1.0784219340497565
2023-04-20,1.2155505933268829,1.2456454826961945,1.2594257439725935,1.2540022685526475,1.2131465274095388,1.0783906886711432
2023-04-21,1.2159636215481795,1.2460687367679775,1.2594257439725935,1.2540022685526475,1.2131465274095388,1.0787571117476074
2023-04-23,1.2163456993342883,1.2464602741263713,1.2594257439725935,1.2540022685526475,1.2131465274095388,1.079096076764078
2023-04-24,1.2168771930144064,1.247004926652852,1.2594257439725935,1.2540022685526475,1.2131465274095388,1.079567597932241
2023-04-25,1.2170009947551568,1.2471317935064097,1.2594257439725935,1.2540022685526475,1.2131465274095388,1.0796774301722147
2023-04-26,1.217440704386098,1.2475823895724942,1.2594257439725935,1.2540022685526475,1.2131465274095388,1.0800675239900528
2023-04-27,1.2193052012920542,1.249493048134265,1.2594257439725935,1.2540022685526475,1.2131465274095388,1.0817216353972434
2023-04-28,1.2195645445937986,1.2497588123188732,1.2594257439725935,1.2537515182489978,1.2131465274095388,1.0819517150033953
2023-05-04,1.2212700202982738,1.2515065125946085,1.2594257439725935,1.255504802044678,1.2131465274095388,1.083464748791999
2023-05-05,1.222590216447483,1.2528593944726338,1.2594257439725935,1.256862006084263,1.2131465274095388,1.0846359770751672
2023-05-06,1.2231089030509714,1.25339092284185,1.2594257439725935,1.2573952325703084,1.2131465274095388,1.0850961362874711
2023-05-08,1.2221505068165417,1.2524087984065495,1.2594257439725935,1.2564099704623477,1.2131465274095388,1.0842458832573296
2023-05-09,1.2223554200426112,1.252618784922783,1.2594257439725935,1.2566206278395509,1.2131465274095388,1.084427674551079
2023-05-10,1.2233746498910305,1.2536632491050903,1.2594257439725935,1.2576684288563686,1.2131465274095388,1.0853318968715526
2023-05-11,1.2250303784274006,1.2556110927791109,1.2594257439725935,1.2596224954646957,1.2131465274095388,1.0870182004870115
2023-05-12,1.2250303784274006,1.2545436613215903,1.2594257439725935,1.2585516537972465,1.2131465274095388,1.0860940947437843
2023-05-15,1.2250303784274006,1.254227587867468,1.2594257439725935,1.2582345705576021,1.2131465274095388,1.0858204609735047
2023-05-16,1.2250303784274006,1.2539651047221763,1.2594257439725935,1.2579712488360983,1.2131465274095388,1.0855932218563178
2023-05-17,1.2250303784274006,1.2540121329523741,1.2594257439725935,1.258018427311201,1.2131465274095388,1.0856339355314804
2023-05-18,1.224785421343132,1.2531098471404332,1.2594257439725935,1.2571132588935312,1.2131465274095388,1.0848528010661498
2023-05-19,1.2253776246253012,1.2537157457341488,1.2591739091907552,1.2577210932006695,1.2131465274095388,1.0853773446949901
2023-05-22,1.2258073461405214,1.2541554050025128,1.2596154825550059,1.2581621570841885,1.2131465274095388,1.0857579702162783
2023-05-23,1.2272793026739997,1.2556614020486252,1.261128036093745,1.2596729654613172,1.2131465274095388,1.087061754651139
2023-05-24,1.2273926123272667,1.2557773321044623,1.2612444708614328,1.2597892658883147,1.2131465274095388,1.0871621185945632
2023-05-25,1.227044131695521,1.2554207924987744,1.2608863790287324,1.2594315872166055,1.2129039466202147,1.086853452127051
2023-05-26,1.2265566863946742,1.2549220745227196,1.2603854898394329,1.2589312759457478,1.2124221185311617,1.0864216978043955
2023-05-29,1.2264765144701928,1.254840048539816,1.2603031067490877,1.258848987907778,1.212342870490199,1.0863506855802747
2023-05-30,1.226956477058088,1.2553311107574663,1.2607963068499548,1.2593416189617583,1.2128173020954287,1.0867758120953455
2023-05-31,1.2272140961754214,1.2555946875825301,1.2610610311802641,1.2596060378571017,1.2130719524670555,1.0870039980421875
2023-06-01,1.2283931579447944,1.256801016371101,1.2622726118289418,1.2608162206021802,1.2142374269894798,1.088048351151593
2023-06-02,1.2278127132115493,1.256207148254878,1.2616761582548421,1.2602204552072778,1.21366367117291,1.087534222648957
2023-06-05,1.2275401286683125,1.2559282599130053,1.2613960557476682,1.2599406758781797,1.213394227833637,1.087292781086946
2023-06-06,1.2281430215404123,1.2565450953044413,1.2620155765870646,1.2605594819237138,1.2139901731016762,1.0878267930123353
2023-06-07,1.228966119965088,1.2573872287289196,1.2628613763146095,1.2614043057802058,1.2148037863222265,1.0885558518466438
2023-06-08,1.2288325000909524,1.2572505187574132,1.262724071164034,1.2612671590502558,1.2146717062539554,1.0884374981397755
2023-06-09,1.229981631008519,1.2584262245123667,1.2639048954589827,1.2624466209278256,1.215807594841087,1.0894553400188427
2023-06-12,1.2307544883605195,1.2592169549875587,1.264699068449911,1.263239877613856,1.216571545955967,1.0901398978593688
2023-06-13,1.233546609250458,1.2620736465521525,1.2675681968763355,1.2661056956828907,1.2193314910625603,1.0926130169180879
2023-06-14,1.2345193619341652,1.2630688951447175,1.2685677783725247,1.2671041238769263,1.220293033959574,1.0934746319040887
2023-06-15,1.231905757196072,1.2603948481020562,1.2658820896272691,1.264421533839105,1.2177095478241908,1.0911596333977456
2023-06-16,1.2295273234364577,1.2579614106092456,1.2634380579470261,1.2619803220459955,1.2153585226089652,1.0890529374154907
2023-06-19,1.2279302987007885,1.2563274530298034,1.2617969867873484,1.2603411443296335,1.2137799016329887,1.0876383739110012
2023-06-20,1.2284733298692758,1.2568830423540045,1.2623549949192872,1.2608985086401503,1.2143166750304424,1.0881193633757136
2023-06-21,1.2294193585781563,1.2578509489522687,1.2633271153853614,1.261869507488196,1.215251801913802,1.0889573076203412
2023-06-25,1.2301729746682812,1.2586219931915636,1.2641015164346068,1.2626430150451138,1.215996733498851,1.0896248225270782
2023-06-26,1.2299014590840376,1.258344198529463,1.2638225123686373,1.2623643328898555,1.215728346800124,1.0893843277947217
2023-06-27,1.2289126720154337,1.257332544740317,1.262806454254379,1.2613494470882256,1.214750954294918,1.0885085103638965
2023-06-28,1.229166015296795,1.2575917468462927,1.2630667848198702,1.261609477288211,1.21500137810436,1.088732908992119
2023-06-29,1.2293990483572876,1.2578301690365996,1.2633062450024737,1.2618486611852435,1.2152317257434249,1.0889393178568971
2023-06-30,1.23101103851886,1.2594794381328505,1.264962694339016,1.26350319933536,1.2168251396870475,1.0903671369765557
2023-07-03,1.230899866783579,1.2593656954365573,1.2648484564537372,1.2633890932560417,1.216715249070246,1.0902686666924413
2023-07-04,1.2309501078562541,1.2594170983858437,1.2649000831903534,1.2634406604265027,1.2167649111759158,1.0903131676862237
2023-07-05,1.2308004535972221,1.2592639832177568,1.264746301421709,1.2632870560889589,1.2166169814994523,1.0901806115345314
2023-07-06,1.2312194855225116,1.2596927056884002,1.2651768903739136,1.2637171482340819,1.2170311845935504,1.0905517687592703
2023-07-07,1.23132638142182,1.2598020736656053,1.265286734494374,1.263826865618042,1.2171368486481673,1.090646451724765
2023-07-10,1.2311810029987604,1.2596533332166064,1.265137346490548,1.2636776499758564,1.2169931455338885,1.0905176828916923
2023-07-11,1.2321259627486476,1.2606201461350983,1.2661083685154173,1.2643946221397324,1.2179272157767016,1.0913546803066643
2023-07-12,1.231815964640653,1.260302979001204,1.2657898205660825,1.2643946221397324,1.2176207900183127,1.09108009970673
2023-07-13,1.2319121709500307,1.2604014101806884,1.2658886802744966,1.2643946221397324,1.2177158876674679,1.0911653143756752
2023-07-14,1.2313242435038338,1.259799886306061,1.2652845376119646,1.2643946221397324,1.217134735367075,1.090644558065455
2023-07-17,1.2321238248306616,1.2606179587755544,1.2661061716330082,1.2643946221397324,1.2179251024956095,1.0913527866473545
2023-07-18,1.233247300732394,1.2617674162159784,1.2672606333390464,1.2643946221397324,1.219035631709633,1.0923479046147029
2023-07-19,1.2335188163166377,1.262045210878079,1.2675396374050159,1.2643946221397324,1.21930401840836,1.092588399347059
2023-07-20,1.233434368556184,1.261958810176087,1.267452860549852,1.2643946221397324,1.2192205438052124,1.0925135998043185
2023-07-21,1.2346080855305914,1.2631596705657977,1.2686589489925069,1.2643946221397324,1.220380735124906,1.0935532187654493
2023-07-24,1.2354408045862049,1.2640116471082243,1.269514634690893,1.2643946221397324,1.2212038581103717,1.0942907990666522
2023-07-25,1.2314364841981078,1.2599147226821263,1.2653998739384482,1.2643946221397324,1.217245682624423,1.0907439751792243
2023-07-26,1.2322392724019147,1.2607360761909356,1.2662248032831054,1.2643946221397324,1.2180392196745955,1.0914550442500888
2023-07-27,1.2337550562541095,1.262286914107702,1.267782392911233,1.2643946221397324,1.2195375359690632,1.0927976487008022
2023-07-28,1.233123301489196,1.2616405493624205,1.2671332141593123,1.2641417937809762,1.2189130614062773,1.0922380723747291
2023-07-31,1.231765723567978,1.2602515760519175,1.265738193829466,1.2627500667846139,1.2175711279126429,1.0910355987129476
2023-08-01,1.2326155459674808,1.261121051470697,1.2666114545871259,1.2636212659673762,1.218411157146847,1.0917883282886296
2023-08-02,1.2327726829394643,1.2612818223971884,1.2667729254442026,1.2637823556275851,1.218566483307134,1.0919275122479069
2023-08-03,1.2335348507015338,1.2620616160746598,1.2675561140230849,1.2645636952719996,1.2193198680165522,1.0926026017918833
2023-08-04,1.2333905412374675,1.261913969305433,1.2674078244604634,1.2644157557881344,1.2191772215428196,1.0924747797884657
2023-08-07,1.2336267811749393,1.262155672535056,1.2676505799666806,1.2646579382024619,1.219410739103523,1.0926840291422086
2023-08-08,1.233888676128245,1.2624236240792082,1.2679196980618086,1.2649264209694768,1.2196696160373344,1.0929160024076705
2023-08-09,1.234151640040544,1.2626926693031324,1.268189914598141,1.2651959995845201,1.2199295496116918,1.093148922502787
2023-08-10,1.2338651590303973,1.262399563124223,1.2678955323553074,1.2649023123128469,1.2196463699453186,1.0928951721552616
2023-08-11,1.2342200534161014,1.2627626648085435,1.2682602148352355,1.2652661338583526,1.2199971746066465,1.0932095196007037
2023-08-14,1.2358021127258676,1.2643813108711772,1.2698859078180489,1.2668879889407278,1.2215610026149768,1.094610827490024
2023-08-15,1.2381420639617309,1.2667753758921938,1.272290395614926,1.269286800275403,1.2238739887705403,1.0966834376047008
2023-08-16,1.2397700885081997,1.2684410501850256,1.2739633215695372,1.2709557768230093,1.2254832523223558,1.0981254591691836
2023-08-17,1.2394718489491288,1.2681359135286236,1.273656856473453,1.270650035223021,1.2251884496099745,1.0978612936954537
2023-08-18,1.2395787779861662,1.268499015212944,1.274021538953381,1.2710138567685267,1.2255392542713026,1.0981756411408956
2023-08-21,1.2395787779861662,1.2703615518647446,1.275892184324821,1.2728800859612868,1.2273387131214284,1.099788092043269
2023-08-22,1.2395787779861662,1.2699776702647552,1.2755066314620052,1.272495443303237,1.226967832289723,1.0994557548343828
2023-08-23,1.2395787779861662,1.2696911261644783,1.275218839866399,1.2722083311197356,1.226690992466627,1.099207685464787
2023-08-24,1.2395787779861662,1.2697501848721688,1.2752781556914476,1.2722675069132816,1.22674805105612,1.0992588142661541
2023-08-25,1.2395787779861662,1.2689189882454113,1.274443340375949,1.2714346624115214,1.2259450042410316,1.098539223728395
2023-08-28,1.2395787779861662,1.266624448083651,1.2721388107286908,1.2691355732474519,1.2237281723751692,1.0965527751123183
2023-08-29,1.2395787779861662,1.2661355732255448,1.2716478075102329,1.2686457291786533,1.2232558540510317,1.0961295422565573
2023-08-30,1.2395787779861662,1.266450552999895,1.2719641585771588,1.2689613334108993,1.2235601665283282,1.0964022291971818
2023-08-31,1.2395787779861662,1.267194255244889,1.2727110985962893,1.269706510070369,1.2242786820997231,1.0970460733625451
2023-09-01,1.2395787779861662,1.2649124461718833,1.2704193554637173,1.2676737119772568,1.2223186138865798,1.0952897043526202
2023-09-04,1.2395787779861662,1.2649124461718833,1.2704193554637173,1.2644365769006782,1.2191972977131966,1.0924927695519095
2023-09-05,1.2395787779861662,1.2649124461718833,1.2704193554637173,1.2648935455286179,1.2196379168209492,1.0928875975180221
2023-09-06,1.2395787779861662,1.2649124461718833,1.2704193554637173,1.2630974506096901,1.2179060829657784,1.0913357437135656
2023-09-07,1.2395787779861662,1.2649124461718833,1.2704193554637173,1.2621111873839215,1.2169551064742263,1.090483597024114
2023-09-08,1.2395787779861662,1.2649124461718833,1.2704193554637173,1.2622426891473573,1.2170819033397666,1.0905972165827076
2023-09-11,1.2395787779861662,1.2649124461718833,1.2704193554637173,1.26190407210651,1.2167554014110002,1.090304646219329
2023-09-12,1.2395787779861662,1.2649124461718833,1.2704193554637173,1.2631347094426637,1.2179420087443482,1.0913679359218338
2023-09-13,1.2395787779861662,1.2649124461718833,1.2704193554637173,1.2637692054512415,1.2185538036205799,1.0919161502920476
2023-09-14,1.2395787779861662,1.2649124461718833,1.2704193554637173,1.2646327336978034,1.219386436370961,1.0926622520601448
2023-09-15,1.2395787779861662,1.2649124461718833,1.2704193554637173,1.2633023741910443,1.218103674747912,1.0915128008590405
2023-09-18,1.2395787779861662,1.2649124461718833,1.2704193554637173,1.2614514868706852,1.2163190088654328,1.0899136055718366
2023-09-19,1.2395787779861662,1.2649124461718833,1.2704193554637173,1.2616399727316097,1.2165007510393735,1.090076460272487
2023-09-20,1.2395787779861662,1.2649124461718833,1.2704193554637173,1.2612991639947053,1.216172135829515,1.089781996249799
2023-09-21,1.2395787779861662,1.2649124461718833,1.2704193554637173,1.2616849025007837,1.2165440733017665,1.0901152802883403
2023-09-22,1.2395787779861662,1.2649124461718833,1.2704193554637173,1.2607720610929332,1.2156638917268079,1.08932657118577
2023-09-25,1.2395787779861662,1.2649124461718833,1.2704193554637173,1.2590855509768688,1.214037721926254,1.0878694003468081
2023-09-26,1.2395787779861662,1.2649124461718833,1.2704193554637173,1.2579677859876643,1.2129599485691616,1.086903634098763
2023-09-27,1.2395787779861662,1.2649124461718833,1.2704193554637173,1.257996278036409,1.212987421223362,1.0869282516697916
2023-09-28,1.2395787779861662,1.2649124461718833,1.2704193554637173,1.2587712830217088,1.2139774934151222,1.087815431056476
2023-10-07,1.2395787779861662,1.2649124461718833,1.2704193554637173,1.2587712830217088,1.2148027296816801,1.0885549050169891
2023-10-08,1.2395787779861662,1.2649124461718833,1.2704193554637173,1.2587712830217088,1.2151862901999395,1.0888986041817346
2023-10-09,1.2395787779861662,1.2649124461718833,1.2704193554637173,1.2587712830217088,1.2151714972322931,1.088885348566565
2023-10-10,1.2395787779861662,1.2649124461718833,1.2704193554637173,1.2587712830217088,1.2145364562640457,1.0883163039439425
2023-10-11,1.2395787779861662,1.2649124461718833,1.2704193554637173,1.2587712830217088,1.2132082590975113,1.0871261390676754
2023-10-12,1.2395787779861662,1.2649124461718833,1.2704193554637173,1.2587712830217088,1.2126598626540497,1.0866347344767586
2023-10-13,1.2395787779861662,1.2649124461718833,1.2704193554637173,1.2587712830217088,1.2146991789081556,1.0884621157108043
2023-10-16,1.2395787779861662,1.2649124461718833,1.2704193554637173,1.2587712830217088,1.215320483549303,1.0890188515479124
2023-10-17,1.2395787779861662,1.2649124461718833,1.2704193554637173,1.2587712830217088,1.214664309770132,1.088430870332191
2023-10-18,1.2395787779861662,1.2649124461718833,1.2704193554637173,1.2587712830217088,1.2143599972928354,1.0881581833915668
2023-10-19,1.2395787779861662,1.2649124461718833,1.2704193554637173,1.2587712830217088,1.2131459173052872,1.0870702761180335
2023-10-20,1.2395787779861662,1.2649124461718833,1.2704193554637173,1.2587712830217088,1.2135580071182932,1.0874395396834626
2023-10-23,1.2395787779861662,1.2649124461718833,1.2704193554637173,1.2587712830217088,1.2146875558621477,1.0884517005845997
2023-10-24,1.2395787779861662,1.2649124461718833,1.2704193554637173,1.2587712830217088,1.2134227571283835,1.0873183454876294
2023-10-25,1.2395787779861662,1.2649124461718833,1.2704193554637173,1.2587712830217088,1.2140474009649849,1.0880956926343401
2023-10-26,1.2395787779861662,1.2649124461718833,1.2704193554637173,1.2587712830217088,1.2140474009649849,1.0884734776666638
2023-10-27,1.2395787779861662,1.2649124461718833,1.2704193554637173,1.2587712830217088,1.2140474009649849,1.0882424512308568
2023-10-30,1.2395787779861662,1.2649124461718833,1.2704193554637173,1.2587712830217088,1.2140474009649849,1.0886950358059209
2023-10-31,1.2395787779861662,1.2649124461718833,1.2704193554637173,1.2587712830217088,1.2140474009649849,1.089570853236746
2023-11-01,1.2395787779861662,1.2649124461718833,1.2704193554637173,1.2587712830217088,1.2140474009649849,1.0901465256669534
2023-11-02,1.2395787779861662,1.2649124461718833,1.2704193554637173,1.2587712830217088,1.2140474009649849,1.0913366905432205
2023-11-03,1.2395787779861662,1.2649124461718833,1.2704193554637173,1.2587712830217088,1.2140474009649849,1.0913650954328689
2023-11-06,1.2395787779861662,1.2649124461718833,1.2704193554637173,1.2587712830217088,1.2140474009649849,1.0917248907017483
2023-11-07,1.2395787779861662,1.2649124461718833,1.2704193554637173,1.2587712830217088,1.2140474009649849,1.0917987434148342
2023-11-08,1.2395787779861662,1.2649124461718833,1.2704193554637173,1.2587712830217088,1.2140474009649849,1.0916321013955637
2023-11-09,1.2395787779861662,1.2649124461718833,1.2704193554637173,1.2587712830217088,1.2140474009649849,1.0920913137782124
2023-11-10,1.2395787779861662,1.2649124461718833,1.2704193554637173,1.2587712830217088,1.2140474009649849,1.0919767473899642
2023-11-13,1.2395787779861662,1.2649124461718833,1.2704193554637173,1.2587712830217088,1.2140474009649849,1.0922541684788631
2023-11-14,1.2395787779861662,1.2649124461718833,1.2704193554637173,1.2587712830217088,1.2140474009649849,1.091816733178278
2023-11-15,1.2395787779861662,1.2649124461718833,1.2704193554637173,1.2587712830217088,1.2140474009649849,1.0914806086507722
2023-11-16,1.2395787779861662,1.2649124461718833,1.2704193554637173,1.2587712830217088,1.2140474009649849,1.0919161502920476
2023-11-17,1.2395787779861662,1.2649124461718833,1.2704193554637173,1.2587712830217088,1.2140474009649849,1.0922200826112851
2023-11-20,1.2395787779861662,1.2649124461718833,1.2704193554637173,1.2587712830217088,1.2140474009649849,1.092049653273395
2023-11-21,1.2395787779861662,1.2649124461718833,1.2704193554637173,1.2587712830217088,1.2140474009649849,1.091875436616885
2023-11-22,1.2395787779861662,1.2649124461718833,1.2704193554637173,1.2587712830217088,1.2140474009649849,1.0913518398176996
2023-11-23,1.2395787779861662,1.2649124461718833,1.2704193554637173,1.2587712830217088,1.2140474009649849,1.0900774071021422
2023-11-24,1.2395787779861662,1.2649124461718833,1.2704193554637173,1.2587712830217088,1.2140474009649849,1.0900830880800718
2023-11-27,1.2395787779861662,1.2649124461718833,1.2704193554637173,1.2587712830217088,1.2140474009649849,1.089448712211258
2023-11-28,1.2395787779861662,1.2649124461718833,1.2704193554637173,1.2587712830217088,1.2140474009649849,1.0900026075594016
2023-11-29,1.2395787779861662,1.2649124461718833,1.2704193554637173,1.2587712830217088,1.2140474009649849,1.0901190676069599
2023-11-30,1.2395787779861662,1.2649124461718833,1.2704193554637173,1.2587712830217088,1.2140474009649849,1.0907610181130132
2023-12-01,1.2395787779861662,1.2649124461718833,1.2704193554637173,1.2587712830217088,1.2140474009649849,1.090572599011679
2023-12-04,1.2395787779861662,1.2649124461718833,1.2704193554637173,1.2587712830217088,1.2140474009649849,1.090328316960703
2023-12-05,1.2395787779861662,1.2649124461718833,1.2704193554637173,1.2587712830217088,1.2140474009649849,1.0901522066448832
2023-12-06,1.2395787779861662,1.2649124461718833,1.2704193554637173,1.2587712830217088,1.2140474009649849,1.0901152802883403
2023-12-07,1.2395787779861662,1.2649124461718833,1.2704193554637173,1.2587712830217088,1.2140474009649849,1.0900196504931905
2023-12-08,1.2395787779861662,1.2649124461718833,1.2704193554637173,1.2587712830217088,1.2140474009649849,1.090430574563437
2023-12-11,1.2395787779861662,1.2649124461718833,1.2704193554637173,1.2587712830217088,1.2140474009649849,1.091607483824535
2023-12-12,1.2395787779861662,1.2649124461718833,1.2704193554637173,1.2587712830217088,1.2140474009649849,1.0915667701493723
2023-12-13,1.2395787779861662,1.2649124461718833,1.2704193554637173,1.2587712830217088,1.2140474009649849,1.0927455730697804
2023-12-14,1.2395787779861662,1.2649124461718833,1.2704193554637173,1.2587712830217088,1.2140474009649849,1.0927588286849494
2023-12-15,1.2395787779861662,1.2649124461718833,1.2704193554637173,1.2587712830217088,1.2140474009649849,1.093237924490352
2023-12-18,1.2395787779861662,1.2649124461718833,1.2704193554637173,1.2587712830217088,1.2140474009649849,1.0938675662108912
2023-12-19,1.2395787779861662,1.2649124461718833,1.2704193554637173,1.2587712830217088,1.2140474009649849,1.0937056583398956
2023-12-20,1.2395787779861662,1.2649124461718833,1.2704193554637173,1.2587712830217088,1.2140474009649849,1.0936024539075062
2023-12-21,1.2395787779861662,1.2646595142690296,1.2704193554637173,1.2587712830217088,1.2140474009649849,1.0949507393361495
2023-12-22,1.2395787779861662,1.265239112105632,1.2704193554637173,1.2587712830217088,1.2140474009649849,1.0954525590532709
2023-12-25,1.2395787779861662,1.2662178669429132,1.2704193554637173,1.2587712830217088,1.2140474009649849,1.0962999715944475
2023-12-26,1.2395787779861662,1.267040239722394,1.2704193554637173,1.2587712830217088,1.2140474009649849,1.0970119874949669
2023-12-27,1.2393309118038056,1.2675618777753364,1.2701653223992375,1.2587712830217088,1.2140474009649849,1.0974636252403762
2023-12-28,1.2400227002107214,1.2682694245683208,1.27087432242218,1.2587712830217088,1.2138046400369775,1.0980762240271265
2023-12-29,1.2400590538518883,1.2683066063163293,1.2709115805377595,1.2587712830217088,1.2138402250454805,1.0981084162353947
2023-12-31,1.240557312580826,1.2688162149802098,1.2714222358865868,1.2587712830217088,1.2143279489855507,1.0985496388545994
2024-01-02,1.2401616994269484,1.2684115900754118,1.2710167799229257,1.2587712830217088,1.2139407003636065,1.0981993118822695
2024-01-03,1.2393394656017274,1.2675706264219266,1.2701740890146682,1.2587712830217088,1.2131358512007007,1.0974711998776159
2024-01-04,1.2405562433560857,1.268815121399386,1.2714211400596578,1.2587712830217088,1.2143269023676537,1.0985486920249445
2024-01-05,1.2419537200915398,1.270244431536064,1.2728533858556172,1.2587712830217088,1.2156948319592245,1.099786198383959
2024-01-08,1.2421771880622436,1.2704729899282334,1.273082413683739,1.2587712830217088,1.215913575099728,1.0999840857818426
2024-01-09,1.2436420259563308,1.2719711956568094,1.2745836965762136,1.2587712830217088,1.2173474416188192,1.1012812424091187
2024-01-10,1.243357612175435,1.2716803031576844,1.2742922066131492,1.2587712830217088,1.2170690412581782,1.1010293857209033
2024-01-11,1.24302508328123,1.2713401995214895,1.2739514044382882,1.2587712830217088,1.2167435430921656,1.100734921698215
2024-01-12,1.2417911979310279,1.2700782072508494,1.2726868201624375,1.2587712830217088,1.215535746038858,1.099642280276407
2024-01-15,1.2411197247941763,1.269391438493517,1.2719986408511426,1.2587712830217088,1.21487846999945,1.0990476712531012
2024-01-16,1.2413164621463748,1.2695926573650922,1.2722002730060442,1.2587712830217088,1.215071047692525,1.0992218879096112
2024-01-17,1.2420959269819878,1.2703898777856264,1.2729991308371493,1.2587712830217088,1.215834032139545,1.099912126728067
2024-01-18,1.242903191660846,1.2712155313075786,1.2738264801684034,1.2587712830217088,1.2166242286518907,1.100626983117551
2024-01-19,1.2433629582991361,1.2716857710618032,1.2742976857477935,1.2587712830217088,1.217074274347664,1.1010341198691778
2024-01-22,1.2444375291630467,1.2727848197897,1.275398991811251,1.2587712830217088,1.2181261253342963,1.1019856836723985
2024-01-23,1.2440729235266355,1.272411908728792,1.2750253148285255,1.2587712830217088,1.2177692286313693,1.101662814760062
2024-01-24,1.2439114705908636,1.2722467780244013,1.2748598449622746,1.2587712830217088,1.2176111893289001,1.1015198434821651
2024-01-25,1.2444974057484985,1.2728460603158318,1.2754603581192645,1.2587712830217088,1.2181847359365365,1.1020387061330754
2024-01-26,1.2448801882054936,1.2732375622507441,1.2758526641597796,1.2587712830217088,1.218559425143715,1.1023776711495463
2024-01-29,1.244759493475284,1.2733687919495975,1.2759841633912372,1.2587712830217088,1.2186850192913727,1.10249129070814
2024-01-30,1.244759493475284,1.2771864826054067,1.2798096951997253,1.2585195791058876,1.2223387623703121,1.1057966730335564
2024-01-31,1.244759493475284,1.279495031724402,1.2821229858464507,1.2607943872918126,1.2245481727511889,1.1077954304351476
2024-02-01,1.244759493475284,1.2793539597981347,1.2819816241726336,1.2606553772226585,1.224413159042457,1.1076732894096595
2024-02-02,1.244759493475284,1.2791155591785512,1.2817427339021523,1.2604204609817624,1.224184996340879,1.1074668805448813
2024-02-04,1.244759493475284,1.2809823016447401,1.283613310469637,1.2622599198038247,1.2259715730913086,1.1090831187658743
2024-02-05,1.244759493475284,1.2808915344363667,1.2835223568345455,1.2621704792166948,1.2258847038058454,1.1090045319045139
2024-02-06,1.244759493475284,1.2765172111412546,1.2791390491192915,1.2578600894754821,1.2216982322172583,1.1052172132847295
2024-02-07,1.244759493475284,1.279012762581116,1.2816397261708439,1.260319166822844,1.2240866142585471,1.1073778785573163
2024-02-08,1.244759493475284,1.2785020603364117,1.281127974995088,1.2598159288205573,1.2235978437005797,1.1069357091084564
2024-02-09,1.244759493475284,1.278032914163011,1.280657865242627,1.2593536395208123,1.2231488446227037,1.1065295191864848
2024-02-18,1.244759493475284,1.2783303681470786,1.2809559301672644,1.2596467460232148,1.2234335246907277,1.1067870568526301
2024-02-19,1.244759493475284,1.2784298840020423,1.2810556504177861,1.2597448073898272,1.223528766919368,1.1068732183512302
2024-02-20,1.244759493475284,1.2797487424755187,1.2823772176939354,1.261044389896803,1.224790988103327,1.108015094915095
2024-02-21,1.244759493475284,1.2802200758105668,1.282849519100254,1.2615088343914185,1.2252420804169972,1.1084231784963767
2024-02-22,1.244759493475284,1.2809593364474408,1.2835902981041318,1.2622372902576835,1.2259495941154683,1.1090632353431205
2024-02-23,1.244759493475284,1.282767025549146,1.2854017000174607,1.2640185588182395,1.227679653499452,1.110628344762746
2024-02-26,1.244759493475284,1.283874822923633,1.2865117726963486,1.2651101650202015,1.2287398774292615,1.1115874832032064
2024-02-27,1.244759493475284,1.2846567332126344,1.2872952889504503,1.2658806471864432,1.2294882092257216,1.112264466406493
2024-02-28,1.244759493475284,1.2852341438875892,1.2878738855688638,1.2664496186322833,1.230040823475415,1.1127643924643043
2024-02-29,1.244759493475284,1.2869007610630268,1.2895439258083756,1.2680918771236853,1.2316358691506668,1.1142073608584422
2024-03-01,1.244759493475284,1.2841766512309958,1.2868142209287012,1.2654075819123451,1.229028743968874,1.1118488081879716
2024-03-04,1.244759493475284,1.284810928108787,1.287449800547413,1.266032588424821,1.2296357823492192,1.1123979693878403
2024-03-05,1.244759493475284,1.2864491121828066,1.2890913492867757,1.2676468293829048,1.231203615959145,1.1138163202109495
2024-03-06,1.244759493475284,1.2912827394239055,1.2939349043121315,1.2724098100469448,1.2358296670645337,1.118001307285811
2024-03-07,1.244759493475284,1.2909174834287636,1.2935688981179077,1.2720498925035535,1.2354800966868869,1.1176850661810591
2024-03-08,1.244759493475284,1.290451617997834,1.293102075846233,1.2715908359961143,1.2350342374627021,1.117281716748052
2024-03-11,1.244759493475284,1.288338819846295,1.2909849382197656,1.2695089177511087,1.2330121716854148,1.1154524418546963
2024-03-12,1.244759493475284,1.284205084332414,1.2868427124288504,1.265435599445663,1.2290559560342,1.1118734257590002
2024-03-13,1.244759493475284,1.284352717743624,1.2869906490642402,1.265581075099429,1.2291972494503147,1.1120012477624177
2024-03-14,1.244759493475284,1.2840651059869705,1.2867024465819623,1.2652976669739442,1.2289219889433651,1.1117522315631672
2024-03-15,1.244759493475284,1.2845670595850844,1.2872054311422876,1.2657922841967484,1.2294023865581556,1.1121868263747874
2024-03-18,1.244759493475284,1.2866317401803773,1.2892743523838874,1.2678267881546006,1.2313784011479685,1.1139744407633254
2024-03-19,1.244759493475284,1.2875689389463552,1.2902134760618806,1.2687502891566553,1.2322753526858234,1.1147858737776144
2024-03-20,1.244759493475284,1.2869882475289292,1.2896315919626808,1.2681780849185094,1.2317195985824385,1.114283107230838
2024-03-21,1.244759493475284,1.2869816860439864,1.2896250170011079,1.2681716193338977,1.2317133188750555,1.1142774262529083
2024-03-22,1.244759493475284,1.2865508151994178,1.2891932611911554,1.2677470459443883,1.2313009514235798,1.1139043753688596
2024-03-25,1.244759493475284,1.285117130739445,1.287756632087481,1.2663343157067057,1.2299288353604203,1.112663081691225
2024-03-26,1.244759493475284,1.2848809172815088,1.2875199334708571,1.2661015546606804,1.2297027658946367,1.1124585664857567
2024-03-27,1.244759493475284,1.2861779041385095,1.28881958420843,1.2673795852189498,1.2309440547206527,1.1135815064565227
2024-03-28,1.244759493475284,1.2865016040623478,1.2891439489793588,1.2676985540597996,1.231253853618208,1.113861768034387
2024-03-29,1.244759493475284,1.287003557660462,1.2896469335396843,1.2681931712826038,1.2317342512329985,1.114296362846007
2024-04-01,1.244759493475284,1.2856715762171003,1.2883122163403893,1.2668806576064044,1.2304594706342737,1.1131431243262828
2024-04-02,1.244759493475284,1.2866328337612012,1.2892754482108164,1.2678278657520359,1.2313794477658657,1.1139753875929803
2024-04-03,1.244759493475284,1.2880457401855223,1.2906912566028435,1.2692201216384476,1.2327316780889792,1.1151986915071708
2024-04-07,1.244759493475284,1.2876651740588478,1.2903099088316163,1.268845117730962,1.2323674550607724,1.1148691947872496
2024-04-08,1.244759493475284,1.2885137927780994,1.2911602705283756,1.2696813333407573,1.2331796305489582,1.1156039345994875
2024-04-09,1.244759493475284,1.2894837989687904,1.2921322690142332,1.2706371622658712,1.2341079806237274,1.1164437725034249
2024-04-10,1.244759493475284,1.288514886358923,1.2911613663553045,1.2696824109381926,1.2331806771668554,1.1156048814291426
2024-04-11,1.244759493475284,1.2887850008223962,1.2914320356067213,1.2699485775047124,1.2334391917874505,1.1158387483539143
2024-04-12,1.244759493475284,1.2906900186174175,1.2933409661167143,1.2718257522370104,1.2352624001642802,1.1174881256128302
2024-04-15,1.244759493475284,1.2918688987454505,1.2945222675459755,1.2729874022722674,1.2363906542574046,1.118508807980862
2024-04-16,1.244759493475284,1.2918798345536882,1.2945332258152635,1.2729981782466202,1.2364011204363758,1.1185182762774115
2024-04-17,1.244759493475284,1.2926650255851608,1.2953200295501517,1.273771893205168,1.2371525920865274,1.119198099969663
2024-04-18,1.244759493475284,1.2938471864556649,1.2965046184601992,1.2749367760327306,1.238283986033343,1.1202216228266595
2024-04-19,1.244759493475284,1.2946192545172521,1.2972782722719414,1.2756975598220546,1.2390228982687286,1.1208900845630514
2024-04-22,1.244759493475284,1.2956406590066607,1.2983017746234533,1.2767040358266277,1.2400004393846635,1.121774423460771
2024-04-23,1.244759493475284,1.2974505352700134,1.3001153681906397,1.2784874595820541,1.2417325920044413,1.1233414265397066
2024-04-24,1.244759493475284,1.293521299370179,1.2961780620354129,1.2746156519970102,1.2379720938999932,1.1199394675894856
2024-04-25,1.244759493475284,1.2935136443044124,1.296170391246911,1.274608108814963,1.2379647675747132,1.1199328397819008
2024-04-26,1.244759493475284,1.290013092087499,1.2926626492477788,1.271158719424558,1.2346145436859464,1.1169020380564185
2024-04-28,1.244759493475284,1.288156191848724,1.2908019351226536,1.2693289589794132,1.2328373864965911,1.1152943213023203
2024-04-29,1.244759493475284,1.2850558902133133,1.2876952657794674,1.266273970250329,1.22987022475818,1.1126100592305481
2024-04-30,1.244759493475284,1.289461927352315,1.292110352475657,1.270615610317165,1.2340870482657844,1.116424835910326
2024-05-06,1.244759493475284,1.2896795499362468,1.2923284220344908,1.2708300522067904,1.2342953252273166,1.11661325501166
2024-05-07,1.244759493475284,1.2916381531916332,1.2942910480639958,1.2727600292134182,1.2361698178811065,1.1183090269236684
2024-05-08,1.244759493475284,1.2922472777104776,1.294901423663345,1.273360250984882,1.2367527840498171,1.1188364110414735
2024-05-09,1.244759493475284,1.2907796922449675,1.2934308239248773,1.2719141152267053,1.2353482228318462,1.1175657656445357
2024-05-10,1.244759493475284,1.2902996102633288,1.2929497559031282,1.2714410499526072,1.234888757574999,1.1171501074260146
2024-05-11,1.244759493475284,1.288298357355815,1.2909443926233992,1.2694690466460026,1.2329734468232203,1.1154174091574631
2024-05-13,1.244759493475284,1.2912838330047292,1.2939360001390603,1.27241088764438,1.235830713682431,1.118002254115466
2024-05-14,1.244759493475284,1.292471461779352,1.2951260681837518,1.2735811584591192,1.2369673407187323,1.1190305111207373
2024-05-15,1.244759493475284,1.2919432622414673,1.2945967837771348,1.2730606788978678,1.2364618242744105,1.1185731923973985
2024-05-16,1.244759493475284,1.2907589142093157,1.2934100032132299,1.2718936408754347,1.2353283370918005,1.1175477758810919
2024-05-17,1.244759493475284,1.2901191694274055,1.2927689444598738,1.2712632463757823,1.2347160656219696,1.1169938805329482
2024-05-20,1.244759493475284,1.2908693658725172,1.29352068173304,1.2720024782164001,1.2354340454994122,1.1176434056762414
2024-05-21,1.244759493475284,1.290205562312484,1.2928555147872502,1.2713483765731712,1.2347987484358443,1.1170686800756893
2024-05-22,1.244759493475284,1.2907151709763645,1.2933661701360772,1.2718505369780224,1.2352864723759145,1.117509902694894
2024-05-23,1.244759493475284,1.2920416845156073,1.294695408200728,1.273157662667045,1.2365560198851537,1.1186584070663435
2024-05-24,1.244759493475284,1.2918546821947414,1.2945080217959009,1.2729733935056082,1.2363770482247416,1.1184964991953479
2024-05-27,1.244759493475284,1.291397565410402,1.2940499661396567,1.2725229577776516,1.235939561943734,1.1181007243995802
2024-05-28,1.244759493475284,1.292270242907777,1.29492443602885,1.2733828805310234,1.2367747630256574,1.1188562944642273
2024-05-29,1.244759493475284,1.2933113318520137,1.2959676632650805,1.2744087532894322,1.237771143263741,1.119757676295736
2024-05-30,1.244759493475284,1.2928881160732115,1.2955435782436298,1.2739917230819697,1.2373661021375453,1.1193912532192718
2024-05-31,1.244759493475284,1.29141724986523,1.2940696910243754,1.2725423545314871,1.2359584010658828,1.1181177673333693
2024-06-03,1.244759493475284,1.2924670874560569,1.2951216848760365,1.273576848069378,1.2369631542471438,1.1190267238021177
2024-06-04,1.244759493475284,1.2930554339392495,1.295711239763738,1.274156595489571,1.2375262346758087,1.1195361181564787
2024-06-05,1.244759493475284,1.294069183362892,1.2967270713267482,1.2751555283120972,1.2384964494664636,1.1204138292466135
2024-06-06,1.244759493475284,1.2945175515006409,1.297176360367562,1.2755973432605714,1.238925562804294,1.1208020294051413
2024-06-07,1.244759493475284,1.2945383295362924,1.2971971810792091,1.275617817611842,1.2389454485443396,1.1208200191685853
2024-06-11,1.244759493475284,1.2949068662739058,1.2975664747542195,1.2759809679475393,1.2392981587756782,1.1211391007623022
2024-06-12,1.244759493475284,1.29492545714791,1.2975851038120092,1.2759992871039394,1.2393159512799297,1.1211551968664364
2024-06-13,1.244759493475284,1.2952349405210393,1.2978952228328635,1.2763042471781303,1.2396121441448222,1.121423149658786
2024-06-14,1.244759493475284,1.295772982286338,1.2984343696818397,1.2768344251162993,1.2401270801502184,1.1218889898490194
2024-06-17,1.244759493475284,1.295684402239612,1.298345607700606,1.2767471397240397,1.2400423041005495,1.1218122966469688
2024-06-18,1.244759493475284,1.296599729389114,1.2992628148400227,1.2776490887773884,1.2409183232804613,1.1226047930681586
2024-06-19,1.244759493475284,1.2974395994617756,1.3001044099213515,1.2784766836077013,1.24172212582547,1.1233319582431573
2024-06-20,1.244759493475284,1.2981449590931124,1.300811218290436,1.2791717339534718,1.2423971943691297,1.1239426633705976
2024-06-21,1.244759493475284,1.296998886389793,1.2996627916690398,1.278042411841274,1.2413003388129198,1.1229503858922139
2024-06-24,1.244759493475284,1.2977162754101914,1.3003816541343414,1.278749315758833,1.2419869201534481,1.1235715061458587
2024-06-25,1.244759493475284,1.2992986868621983,1.3019673157003346,1.2803085992477166,1.2435013762506195,1.1249415686565656
2024-06-26,1.244759493475284,1.2997667394547754,1.3024363296258668,1.2807698109500263,1.2439493287105983,1.1253468117488825
2024-06-27,1.244759493475284,1.3014847549289306,1.3041578737310326,1.2824627165208875,1.2455935654270158,1.1268342811368026
2024-06-28,1.244759493475284,1.3022283898890996,1.304903036042626,1.2831954827768937,1.2463052655970757,1.127478125302166
2024-07-01,1.244759493475284,1.2990362274644915,1.3017043172374192,1.2800499758632438,1.2432501879553044,1.1247143295393784
2024-07-02,1.244759493475284,1.2999264022550467,1.3025963203574733,1.2809271401755804,1.2441021349235817,1.1254850488785044
2024-07-03,1.244759493475284,1.3013633674574911,1.3040362369419345,1.2823431032055688,1.2454773908404326,1.1267291830451036
2024-07-04,1.244759493475284,1.3015503697783573,1.3042236233467615,1.2825273723670056,1.2456563625008448,1.1268910909160996
2024-07-05,1.244759493475284,1.29986078740562,1.3025305707417445,1.2808624843294623,1.2440393378497527,1.1254282390992076
2024-07-08,1.244759493475284,1.2964411601696664,1.2991039199353447,1.2774928371492695,1.240766563685375,1.1224675027681916
2024-07-09,1.244759493475284,1.2985922336500375,1.3012594115043208,1.2796124713045107,1.2428252610890627,1.1243299166994702
2024-07-10,1.244759493475284,1.298787984617494,1.3014555645245787,1.27980536124543,1.243012605692652,1.1244993992077057
2024-07-11,1.244759493475284,1.299117152445451,1.3017854084301514,1.280129718073456,1.2433276376796931,1.1247843949338445
2024-07-12,1.244759493475284,1.3002074525267577,1.3028779478781785,1.2812040827164533,1.2443711157231483,1.1257283840998258
2024-07-15,1.244759493475284,1.3008111091414833,1.3034828443428836,1.2817989165007408,1.2449488488023734,1.126251034069356
2024-07-16,1.244759493475284,1.3011402769694405,1.3038126882484564,1.2818668486741012,1.2452638807894145,1.1265360297954947
2024-07-17,1.244759493475284,1.3014191400795039,1.3040921241153038,1.2818668486741012,1.245530768353187,1.1267774713575058
2024-07-18,1.244759493475284,1.3006776922809824,1.3033491534575683,1.2818668486741012,1.2448211614189215,1.1261355208514525
2024-07-19,1.244759493475284,1.3009587425526934,1.3036307809782735,1.2818668486741012,1.2450901422184883,1.1263788560727737
2024-07-22,1.244759493475284,1.3036916010313144,1.3063692524733783,1.2818668486741012,1.2477056403434579,1.1287449833804837
2024-07-23,1.244759493475284,1.3058000248595587,1.3084820067921308,1.2818668486741012,1.249723519649157,1.1305704709552198
2024-07-24,1.244759493475284,1.3064321145757023,1.3091153947569851,1.2818668486741012,1.2503284647937078,1.1311177384957787
2024-07-25,1.244759493475284,1.3072763589716587,1.309961373146029,1.2818668486741012,1.251136453810305,1.1318486909893968
2024-07-26,1.244759493475284,1.3088489281962519,1.311537172269663,1.2818668486741012,1.2526414903464023,1.1332102320332094
2024-07-29,1.244759493475284,1.310063896491469,1.3127546359875746,1.2818668486741012,1.2538042828301321,1.1342621597798543
2024-07-30,1.244759493475284,1.3112143435180834,1.3139074459166864,1.2818668486741012,1.2549053248579305,1.1352582245768574
2024-07-31,1.244759493475284,1.3127814448385575,1.3154777659056762,1.2818668486741012,1.2564051283045419,1.1366150314723955
2024-08-01,1.244759493475284,1.314457904241409,1.3171576685875472,1.2818668486741012,1.2580095935408677,1.1380665213334276
2024-08-02,1.244759493475284,1.31507468382602,1.3177757149753981,1.2818668486741012,1.2585998860348586,1.1386005332588172
2024-08-05,1.244759493475284,1.3155744502624864,1.318276507881866,1.2818668486741012,1.2590781904138546,1.1390332344111276
2024-08-06,1.244759493475284,1.314852686918793,1.317553262108849,1.2818668486741012,1.2583874226017377,1.1384083268388632
2024-08-07,1.244759493475284,1.315877372150673,1.3185800519411472,1.2816105265687874,1.2593681035713642,1.1392955062255476
2024-08-08,1.244759493475284,1.311971101448138,1.3146657581514254,1.2778059793078114,1.255629584442756,1.1359134306980805
2024-08-09,1.244759493475284,1.30946789494251,1.3121574103113713,1.2753679589605622,1.2532338760761872,1.1337461376179085
2024-08-12,1.244759493475284,1.303280414641574,1.3059572215481445,1.2693416072241113,1.2473121120141308,1.128388975430224
2024-08-13,1.244759493475284,1.3046878531617763,1.3073675508055274,1.2707123945491046,1.2486591092477586,1.1296075451961396
2024-08-14,1.244759493475284,1.308349161759785,1.311036379363195,1.274278358779157,1.252163185967406,1.132777530880899
2024-08-15,1.244759493475284,1.3075738129557266,1.3102594380706662,1.2735232008821717,1.251421133878329,1.1321062286555423
2024-08-16,1.244759493475284,1.3080571756798365,1.310743793573202,1.273993976327119,1.251883738988868,1.1325247273630283
2024-08-19,1.244759493475284,1.3088948585908504,1.311583197000673,1.274809845084652,1.2526854482980823,1.1332499988787172
2024-08-20,1.244759493475284,1.3094022800930833,1.3120916606956425,1.2753040527915647,1.2531710790023582,1.133689327838612
2024-08-21,1.244759493475284,1.3088828292017887,1.311571142904456,1.274798128953669,1.2526739355012135,1.1332395837525124
2024-08-22,1.244759493475284,1.3105013288209804,1.3131929667591002,1.2763744811222706,1.2542229299889909,1.134640891641833
2024-08-23,1.244759493475284,1.3107036412733792,1.3133956947409304,1.2765715251433458,1.254416554299963,1.1348160551279978
2024-08-26,1.244759493475284,1.310862210492827,1.3135545896456085,1.276725965051756,1.2545683138950492,1.134953345427965
2024-08-27,1.244759493475284,1.3079751571180531,1.3106616065535408,1.2739140936158722,1.2518052426465818,1.1324537151389074
2024-08-28,1.244759493475284,1.3085689715053646,1.3112566405758865,1.2744924444452983,1.2523735561647324,1.1329678436415431
2024-08-29,1.244759493475284,1.3088106528674195,1.3114988183271545,1.274727832167772,1.252604858720002,1.1331770929952862
2024-08-30,1.244759493475284,1.3078144007369579,1.3105005199950053,1.2737575235018288,1.2516513898157013,1.1323145311796305
2024-09-02,1.244759493475284,1.3106905183034938,1.3133825448177847,1.2765587439095463,1.2544039948851973,1.1348046931721383
2024-09-03,1.244759493475284,1.3115697572858114,1.3142635896685508,1.2774150865741107,1.255245475674503,1.135565944214715
2024-09-04,1.244759493475284,1.3126283435232284,1.3153243501356424,1.2784461061006016,1.2562586017989412,1.1364824753207028
2024-09-05,1.244759493475284,1.3138542476266837,1.3165527721228423,1.2796400863580355,1.2574318604616428,1.1375438713638975
2024-09-06,1.244759493475284,1.3132330937187777,1.3159303424272761,1.2790351079581939,1.2568373814960634,1.137006072119888
2024-09-09,1.244759493475284,1.3143080836685515,1.3170075402983,1.280082104026934,1.2578662068889586,1.1379368056706998
2024-09-10,1.244759493475284,1.3158128508820701,1.3185153981523472,1.2815476855026067,1.2593063531154327,1.1392396432759055
2024-09-11,1.244759493475284,1.3175319599370492,1.320238038084442,1.2832220271303376,1.2609516364497473,1.140728059493481
2024-09-12,1.244759493475284,1.3177211494195626,1.3204276161431268,1.283406289917613,1.2611327013459537,1.1408918610237866
2024-09-13,1.244759493475284,1.3197858300148557,1.3224965373847266,1.2854172040353968,1.2631087159357668,1.1426794754123246
2024-09-14,1.244759493475284,1.3219554943692313,1.3246706580114929,1.2875303680235761,1.2651852058437059,1.1445579854477377
2024-09-18,1.2445105913570125,1.3220003311830062,1.324715586915574,1.2875740372390576,1.2652281171774888,1.1445968054635904
2024-09-19,1.2446320699985078,1.322129373720212,1.324844894493174,1.287699719371419,1.2653516180893523,1.144708531362874
2024-09-20,1.243993792390652,1.3214513536094696,1.3241654817973099,1.2870393556251132,1.2647027149931214,1.1441214969768077
2024-09-23,1.244593979238039,1.322088911229732,1.324804348896808,1.287660310567204,1.2653128932271578,1.144673498665641
2024-09-24,1.2414623010394954,1.3187622383637994,1.3214708433793574,1.284420267799038,1.2621290815840374,1.1417932428552953
2024-09-25,1.24454044627738,1.3220320450268956,1.3247473658965097,1.2876049252207395,1.265258469096506,1.1446242635235837
2024-09-26,1.2414499472793432,1.3187491153939142,1.3214576934562117,1.2844074865652386,1.2621165221692716,1.141781880899436
2024-09-27,1.2316431206786442,1.3083316644666048,1.311018846132334,1.2742613171340913,1.2521464400810516,1.1327623816064198
2024-09-29,1.2241464472263777,1.3003682089078532,1.303039034436714,1.2665052384234452,1.244524968554029,1.1258675680591026
2024-09-30,1.2305745204254923,1.3071965275715232,1.3098813777802256,1.273155740410437,1.2510600507038134,1.131779572424586
2024-10-08,1.2279091966726883,1.3043652468187619,1.3070442818615273,1.2703981892182008,1.2483503569681003,1.1293282304479304
2024-10-09,1.2290045634061697,1.3052677110518986,1.308210241713785,1.2715314586150874,1.2494639584106646,1.130335657200793
2024-10-10,1.2329711498949891,1.3052677110518986,1.3124324628705035,1.2756352997675344,1.253496577168371,1.1339837918613003
2024-10-11,1.2338688564660378,1.3052677110518986,1.313388023952429,1.2765640694236293,1.254409227974683,1.1348094273204132
2024-10-12,1.2338070876652776,1.3052677110518986,1.3133222743367001,1.276500163254632,1.254346430900854,1.1347526175411164
2024-10-14,1.2338163529853916,1.3052677110518986,1.3133321367790594,1.2765097491799817,1.2543558504619285,1.134761139008011
2024-10-15,1.2345163993940076,1.3052677110518986,1.3140772990906526,1.2772340190952851,1.2550675506319882,1.1354049831733741
2024-10-16,1.2352576250031302,1.3052677110518986,1.3148662944793983,1.2780008931232534,1.255821115517934,1.1360867005249353
2024-10-17,1.2362809281357248,1.3052677110518986,1.315955546446639,1.2790596053229764,1.2568614537076979,1.1370278492019519
2024-10-18,1.2365671235792473,1.3052677110518986,1.3162601863328491,1.2793557039059973,1.2571524134831047,1.1372910678460266
2024-10-21,1.2356035302873876,1.3052677110518986,1.3152344923274797,1.2783587676696384,1.2561727791313753,1.1364048352889973
2024-10-22,1.2337813506649609,1.3052677110518986,1.3132948786634797,1.2764735356842165,1.2543202654534256,1.1347289467997428
2024-10-23,1.2324039064080077,1.3052677110518986,1.311828662232727,1.2750484281155754,1.2529198907070431,1.1334620887214248
2024-10-24,1.2325655347699969,1.3052677110518986,1.312000707060551,1.275215649257785,1.2530842097168953,1.1336107409772513
2024-10-25,1.231850046161191,1.3052677110518986,1.3112391073450256,1.2744754028002323,1.2523568102783782,1.132952694367064
2024-10-28,1.2315226715171617,1.3050067097099565,1.3108906343816629,1.2741367001045463,1.2520239857870854,1.132651602536791
2024-10-29,1.23176871724019,1.3052674367975479,1.3111525370176493,1.2743912596777194,1.2522741274645037,1.1328778948243234
2024-10-30,1.2320147629632183,1.3055281638851393,1.3114144396536358,1.274645819250892,1.2525242691419216,1.1331041871118552
2024-10-31,1.23252435556949,1.3060681635016984,1.3119568739833984,1.2751730451451202,1.2530423450010093,1.1335728677910537
2024-11-01,1.2339007703464306,1.3075267079205668,1.313421994587222,1.2765970876109447,1.2544416731294945,1.1348387790397165
2024-11-04,1.2345689028746536,1.3082347074178335,1.314133186264022,1.2772883393389327,1.2551209281447426,1.1354532714857763
2024-11-05,1.2352545365630923,1.308961252356477,1.314863006998612,1.2779976978148035,1.2558179756642425,1.1360838600359706
2024-11-06,1.2359700251718981,1.3097194336362927,1.3156246067141373,1.278737944272356,1.2565453751027595,1.136741906646158
2024-11-07,1.2362901934558388,1.3100587061226563,1.3159654088889983,1.2790691912483259,1.2568708732687721,1.1370363706688464
2024-11-08,1.2371199543460512,1.310937978225579,1.316848645393622,1.2799276641185235,1.2577144472938724,1.1377995153707328
2024-11-11,1.2375842498317655,1.3114299778762222,1.317342863338517,1.2804080254888206,1.2581864719654856,1.1382265355451133
2024-11-12,1.2392159756518484,1.3131590675575282,1.3190797490206863,1.2820962134531675,1.2598453613324632,1.139727260548203
2024-11-13,1.2394959942152945,1.3134557946195569,1.3193778139453236,1.2823859214192888,1.260130041400487,1.1399847982143483
2024-11-14,1.239313776253052,1.3132627038475748,1.3191838525789235,1.2821973982207464,1.259944790032692,1.1398172093654226
2024-11-15,1.239719391378044,1.31369252172419,1.319615608388876,1.2826170487304958,1.2603571574841679,1.1401902602494716
2024-11-18,1.2383820968415853,1.3122754318213403,1.3181921292083474,1.2812334801717031,1.2589976008357744,1.1389603285276968
2024-11-19,1.2387022651255257,1.3126147043077037,1.3185329313832084,1.2815647271476727,1.259323099001787,1.1392547925503849
2024-11-20,1.239091408570315,1.313027067651258,1.3189471539623,1.281967336012356,1.2597187205669085,1.1396126941599545
2024-11-21,1.2401126527428843,1.3141092487010093,1.3200342142756827,1.2830239180064458,1.260756965520878,1.1405519491776608
2024-11-22,1.2408353477117788,1.314875066339039,1.3208034847797099,1.2837716201837148,1.261491691284675,1.1412166235954329
2024-11-25,1.2417968820436132,1.315893974706446,1.3218269871312216,1.2847664262144403,1.2624692324006102,1.1421009624931526
2024-11-26,1.2426616452542565,1.3168103376921225,1.322747481751425,1.2856611125804034,1.2633483914342134,1.1428962994033074
2024-11-27,1.2429375458976522,1.3171027011208858,1.323041163368347,1.2859465601352582,1.2636288850306487,1.143150049750833
2024-11-28,1.2436550934664834,1.317863064217334,1.32380495473773,1.2866889367984442,1.2643583777049598,1.1438099900203302
2024-11-29,1.2451066602843488,1.319401244943291,1.325350070707357,1.2881907317698822,1.265834108939937,1.1451450198338042
2024-12-02,1.24879631664976,1.3233110603488438,1.329277514420225,1.2920080602646578,1.2695851874833108,1.148538457317131
2024-12-03,1.2486398356878339,1.323145242284769,1.3291109487270452,1.291846164636531,1.2694261015629444,1.148394539209579
2024-12-04,1.2506915893530863,1.325319422559118,1.3312949317961704,1.29396891455006,1.2715120110319582,1.1502815707118865
2024-12-05,1.251297953080549,1.325961967557408,1.3319403738572415,1.2945962601090506,1.2721284689733774,1.1508392533786496
2024-12-06,1.2516757722451992,1.3263623309094832,1.332342542340116,1.294987152842751,1.2725125777416304,1.1511867398620148
2024-12-09,1.254284474597306,1.3291266925829404,1.3351193677777295,1.297686123380073,1.2751647074930001,1.1535860062076482
2024-12-10,1.260339876031834,1.3355434152993082,1.3415650217730106,1.3039510581474472,1.2813209139640174,1.1591552582380407
2024-12-11,1.2621919105746282,1.3375059593602987,1.343536414417946,1.3058671781145514,1.2832037795609845,1.1608586047872886
2024-12-12,1.2634262571098203,1.3388139584315202,1.3448503109055936,1.3071442363916819,1.2844586744196633,1.161993853543569
2024-12-13,1.2672559227569544,1.3428721373680874,1.3489267870807797,1.311106418869518,1.2883520929970493,1.1655160598599683
2024-12-16,1.2711195612445068,1.346966316279092,1.3530394255446168,1.3151037497403029,1.292280049965041,1.1690695115549807
2024-12-17,1.2701806754729512,1.345971407894643,1.352040031385539,1.314132375971543,1.2913255344428431,1.1682060029096701
2024-12-18,1.2689298572575565,1.344645954290361,1.3507086016670304,1.3128382760493464,1.2900538936978099,1.1670556048789105
2024-12-19,1.2687795531757067,1.344486681676184,1.3505486109354237,1.3126827710381197,1.2899010874848265,1.1669173677492886
2024-12-20,1.2730570426283527,1.3490194057303337,1.355101771824644,1.3171082732411867,1.2942497848474714,1.1708514449655893
2024-12-23,1.2726576043834363,1.3485961333036163,1.3546765909762641,1.316695013348337,1.2938436971033784,1.1704840750594703
2024-12-24,1.2706851206791598,1.346505952969621,1.3525769865806576,1.3146542763516882,1.291838377212445,1.1686699494405937
2024-12-25,1.2690153040986083,1.3447364996806126,1.3507995553021221,1.3129266795831263,1.290140762983273,1.1671341917402713
2024-12-26,1.2702805350341804,1.3460772260013225,1.352146326597634,1.3142356909447555,1.2914270563788666,1.1682978453861999
2024-12-27,1.2726081893428283,1.348543769704435,1.3546239912836813,1.3166438884131393,1.2937934594443155,1.170438627236033
2024-12-30,1.2716106232105506,1.3474866795459581,1.353562134989661,1.315611803783832,1.29277928670198,1.16952114930039
2024-12-31,1.2742831533234433,1.350318677535025,1.356406901696861,1.3183768106957843,1.2954963067629732,1.17197911908463
2025-01-02,1.2797970482713061,1.3561615824770286,1.362276150727586,1.3240815013816152,1.301101992220091,1.177050338716521
2025-01-03,1.281322737650084,1.3577783086017579,1.3639001662360877,1.3256599837558498,1.3026530799436626,1.1784535402651513
2025-01-06,1.2819363077376356,1.3584284899582615,1.3645532790856605,1.326294785034557,1.303276864210362,1.1790178507394988
2025-01-07,1.2811806694083354,1.357627763254111,1.3637489421199114,1.325512999567156,1.3025086466738562,1.1783228777727686
2025-01-08,1.2812578804092858,1.3577095813778322,1.3638311291395724,1.3255928822784027,1.3025871430161424,1.1783938899968895
2025-01-09,1.2782003247716545,1.3544695836784761,1.3605765231609963,1.3224295269130335,1.2994786878616165,1.1755818059216998
2025-01-10,1.2790136139816641,1.3553314012483384,1.361442226434759,1.3232709581381652,1.3003055160003625,1.176329801349107
2025-01-13,1.2768712660752968,1.3530612210421566,1.359161810595898,1.3210544791767735,1.2981275041564,1.1743594488371645
2025-01-14,1.2784432820546447,1.3547270380411185,1.3608351383161963,1.3226808911777563,1.2997256896853433,1.1758052577202671
2025-01-15,1.2795787985086202,1.355930309913977,1.3620438354186775,1.3238556995844912,1.300880109225896,1.1768496108296724
2025-01-16,1.278510198255468,1.3545269874922603,1.360906367066569,1.3224855728362646,1.2997937198486575,1.1758668016478384
2025-01-17,1.2773592396013027,1.3545269874922603,1.3594092963136437,1.3224855728362646,1.2986236010396477,1.174808246093609
2025-01-20,1.2760065028646537,1.3545269874922603,1.3594092963136437,1.3224855728362646,1.2972483451227967,1.1735641119270097
2025-01-21,1.277433362162215,1.3545269874922603,1.3594092963136437,1.3224855728362646,1.2984392177367365,1.174876417828765
2025-01-22,1.2776196980445083,1.3545269874922603,1.3594092963136437,1.3224855728362646,1.2984392177367365,1.17504779399631
2025-01-23,1.2762834362823978,1.3545269874922603,1.3594092963136437,1.3224855728362646,1.2984392177367365,1.174053622858617
2025-01-24,1.2762834362823978,1.3545269874922603,1.3594092963136437,1.3224855728362646,1.2984392177367365,1.1732696479043216
2025-01-26,1.2762834362823978,1.3545269874922603,1.3594092963136437,1.3224855728362646,1.2984392177367365,1.1738282774007396
2025-01-27,1.2762834362823978,1.3545269874922603,1.3594092963136437,1.3224855728362646,1.2984392177367365,1.1757418201333856
2025-02-05,1.2762834362823978,1.3545269874922603,1.3594092963136437,1.3224855728362646,1.2984392177367365,1.1765381038731952
2025-02-06,1.2762834362823978,1.3545269874922603,1.3594092963136437,1.3224855728362646,1.2984392177367365,1.1778011746328931
2025-02-07,1.2762834362823978,1.3545269874922603,1.3594092963136437,1.3224855728362646,1.2984392177367365,1.1781609699017728
2025-02-08,1.2762834362823978,1.3545269874922603,1.3594092963136437,1.3224855728362646,1.2984392177367365,1.177721640941878
2025-02-10,1.2762834362823978,1.3545269874922603,1.3594092963136437,1.3224855728362646,1.2984392177367365,1.176122445654674
2025-02-11,1.2762834362823978,1.3545269874922603,1.3594092963136437,1.3224855728362646,1.2984392177367365,1.1760694231939968
2025-02-12,1.2762834362823978,1.3545269874922603,1.3594092963136437,1.3224855728362646,1.2984392177367365,1.176001251458841
2025-02-13,1.2762834362823978,1.3545269874922603,1.3594092963136437,1.3224855728362646,1.2984392177367365,1.1755117405272337
2025-02-14,1.2762834362823978,1.3545269874922603,1.3594092963136437,1.3224855728362646,1.2984392177367365,1.1738879276690013
2025-02-17,1.2762834362823978,1.3545269874922603,1.3594092963136437,1.3224855728362646,1.2984392177367365,1.1711089826317347
2025-02-18,1.2762834362823978,1.3545269874922603,1.3594092963136437,1.3224855728362646,1.2984392177367365,1.1692276321073567
2025-02-19,1.2762834362823978,1.3545269874922603,1.3594092963136437,1.3224855728362646,1.2984392177367365,1.169858220657551
2025-02-20,1.2762834362823978,1.3545269874922603,1.3594092963136437,1.3224855728362646,1.2984392177367365,1.168278908793101
2025-02-21,1.2762834362823978,1.3545269874922603,1.3594092963136437,1.3224855728362646,1.2984392177367365,1.1653068105062252
2025-02-24,1.2762834362823978,1.3545269874922603,1.3594092963136437,1.3224855728362646,1.2984392177367365,1.1617221134325995
2025-02-25,1.2762834362823978,1.3545269874922603,1.3594092963136437,1.3224855728362646,1.2984392177367365,1.1633430858018672
2025-02-26,1.2762834362823978,1.3545269874922603,1.3594092963136437,1.3224855728362646,1.2984392177367365,1.1643249481540463
2025-02-27,1.2762834362823978,1.3545269874922603,1.3594092963136437,1.3224855728362646,1.2984392177367365,1.1620430886856263
2025-02-28,1.2762834362823978,1.3545269874922603,1.3594092963136437,1.3224855728362646,1.2984392177367365,1.1638089259921005
2025-03-03,1.2762834362823978,1.3545269874922603,1.3594092963136437,1.3224855728362646,1.2984392177367365,1.1655170066896234
2025-03-04,1.2762834362823978,1.3545269874922603,1.3594092963136437,1.3224855728362646,1.2984392177367365,1.1657972682674873
2025-03-05,1.2762834362823978,1.3545269874922603,1.3594092963136437,1.3224855728362646,1.2984392177367365,1.165870174150918
2025-03-06,1.2762834362823978,1.3545269874922603,1.3594092963136437,1.3224855728362646,1.2984392177367365,1.1630883886246866
2025-03-07,1.2762834362823978,1.3545269874922603,1.3594092963136437,1.3224855728362646,1.2984392177367365,1.1580682977941628
2025-03-10,1.2762834362823978,1.3545269874922603,1.3594092963136437,1.3224855728362646,1.2984392177367365,1.1568298446054934
2025-03-11,1.2762834362823978,1.3545269874922603,1.3594092963136437,1.3224855728362646,1.2984392177367365,1.151094897385485
2025-03-12,1.2762834362823978,1.3545269874922603,1.3594092963136437,1.3224855728362646,1.2984392177367365,1.1542686703888643
2025-03-13,1.2762834362823978,1.3545269874922603,1.3594092963136437,1.3224855728362646,1.2984392177367365,1.153481854945604
2025-03-14,1.2762834362823978,1.3545269874922603,1.3594092963136437,1.3224855728362646,1.2984392177367365,1.1541484230226862
2025-03-17,1.2762834362823978,1.3545269874922603,1.3594092963136437,1.3224855728362646,1.2984392177367365,1.149292133722468
2025-03-18,1.2762834362823978,1.3545269874922603,1.3594092963136437,1.3222211286105425,1.2984392177367365,1.1500609594022841
2025-03-19,1.2762834362823978,1.3545269874922603,1.3594092963136437,1.322462790439483,1.2984392177367365,1.1502711555856822
2025-03-20,1.2762834362823978,1.3545269874922603,1.3594092963136437,1.326704935247505,1.2984392177367365,1.153960950751007
2025-03-21,1.2762834362823978,1.3545269874922603,1.3594092963136437,1.3264404135158272,1.2984392177367365,1.1537308711448548
2025-03-24,1.2762834362823978,1.3545269874922603,1.3594092963136437,1.3261301719786738,1.2984392177367365,1.1534610246931953
2025-03-25,1.2762834362823978,1.3545269874922603,1.3594092963136437,1.3285794472719892,1.2984392177367365,1.155591391416824
2025-03-26,1.2762834362823978,1.3545269874922603,1.3594092963136437,1.330446339328894,1.2984392177367365,1.1572152042750563
2025-03-27,1.2762834362823978,1.3542561362650074,1.3594092963136437,1.3302416887710524,1.2984392177367365,1.1570372002999265
2025-03-28,1.2762834362823978,1.3539790816746544,1.3594092963136437,1.3299695470717952,1.2984392177367365,1.15680049288619
2025-03-31,1.2762834362823978,1.3536100449603046,1.3594092963136437,1.3296070543283844,1.2984392177367365,1.156485198611093
2025-04-01,1.2762834362823978,1.3539480515605349,1.3594092963136437,1.3299390672014784,1.2984392177367365,1.1567739816558515
2025-04-02,1.2762834362823978,1.355583781861978,1.3594092963136437,1.3315457917938933,1.2984392177367365,1.1581715022265517
2025-04-03,1.2762834362823978,1.3634898116522867,1.3594092963136437,1.3393116273238985,1.2984392177367365,1.164926184984937
2025-04-07,1.2762834362823978,1.3707652651949522,1.3594092963136437,1.346458068346394,1.2984392177367365,1.1711421216696578
2025-04-08,1.2762834362823978,1.3675492155101365,1.3594092963136437,1.343299047501416,1.2984392177367365,1.1683944220110043
2025-04-09,1.2762834362823978,1.368730576283401,1.3594092963136437,1.3444594597070487,1.2984392177367365,1.169403742423177
2025-04-10,1.2762834362823978,1.36823520267585,1.3594092963136437,1.3439728703487768,1.2984392177367365,1.168980509567416
2025-04-11,1.2762834362823978,1.3690220377124522,1.3594092963136437,1.3447457527746676,1.2984392177367365,1.1696527586224277
2025-04-14,1.2762834362823978,1.3676921756787586,1.3594092963136437,1.3434394726182326,1.2984392177367365,1.1685165630364924
2025-04-15,1.2762834362823978,1.368410301176953,1.3594092963136437,1.3441448639027074,1.2984392177367365,1.1691301086528973
2025-04-16,1.2762834362823978,1.370368523021567,1.3594092963136437,1.3460683614330577,1.2984392177367365,1.1708031566531871
2025-04-17,1.2762834362823978,1.369999486307217,1.3594092963136437,1.345705868689647,1.2984392177367365,1.17048786237809
2025-04-18,1.2762834362823978,1.3696747783273235,1.3594092963136437,1.3453869186181175,1.2984392177367365,1.170210441289191
2025-04-21,1.2762834362823978,1.368455738129771,1.3594092963136437,1.3441894951413855,1.2984392177367365,1.1691689286687503
2025-04-22,1.2762834362823978,1.3689189734048408,1.3594092963136437,1.3446445160625438,1.2984392177367365,1.1695647034645176
2025-04-23,1.2762834362823978,1.367510427867487,1.3594092963136437,1.3432609476635198,1.2984392177367365,1.1683612829730812
2025-04-24,1.2762834362823978,1.3677054742990955,1.3594092963136437,1.343452535419797,1.2984392177367365,1.168527924992352
2025-04-25,1.2762834362823978,1.3676090593016526,1.3594092963136437,1.3433578301084554,1.2984392177367365,1.1684455508123714
2025-04-27,1.2762834362823978,1.3674882635002588,1.3591374688198798,1.3432391763275793,1.2984392177367365,1.1683423463799825
2025-04-28,1.2762834362823978,1.368477902496999,1.360121064421375,1.3442112664773262,1.2981795818203725,1.169187865261849
2025-04-29,1.2762834362823978,1.3704449900885043,1.3620761396651084,1.346143472542053,1.3000456206817124,1.1708684878993783
2025-04-30,1.2762834362823978,1.370878303467816,1.3625068069441504,1.346569102159691,1.3004566748759567,1.1712386982944623
2025-05-06,1.2762834362823978,1.3710467526587506,1.3626742274720647,1.3467345643128394,1.3006164708798575,1.1713826164020142
2025-05-07,1.2762834362823978,1.3704915352596836,1.362122400600453,1.346189192347528,1.300089774840685,1.1709082547448861
2025-05-08,1.2762834362823978,1.3710467526587506,1.3626742274720647,1.3467345643128394,1.3006164708798575,1.1713826164020142
2025-05-09,1.2762834362823978,1.3716584891942498,1.3632822283365946,1.3473354531847996,1.3011967826834967,1.1719052663715444
2025-05-12,1.2762834362823978,1.366343473932921,1.357999670100569,1.3421146868262481,1.2961547982446315,1.1673642713464232
2025-05-13,1.2762834362823978,1.367437285455634,1.359086802081169,1.343189102254916,1.2971924209804864,1.1682987922158548
2025-05-14,1.2762834362823978,1.3671580144285582,1.358809236469101,1.3429147834220645,1.296927496026651,1.1680601911428083
2025-05-15,1.2762834362823978,1.3665329792727223,1.3581880181944723,1.34230083174854,1.2963345687490198,1.1675261792174187
2025-05-16,1.2762834362823978,1.3654546828070688,1.357116306525654,1.341241656255031,1.2953116640661555,1.1666049139631565
2025-05-19,1.2762834362823978,1.3667080777738252,1.3583620474274356,1.3424728253024707,1.2965006724899164,1.1676757783029001
2025-05-20,1.2762834362823978,1.3674893717186203,1.3591385702707215,1.3432402648943764,1.2972418315869556,1.1683432932096374
2025-05-21,1.2762834362823978,1.3670150542599362,1.3586671493105424,1.3427743583052478,1.2967918796812354,1.1679380501173204
2025-05-22,1.2762834362823978,1.3667335667961378,1.3583873807967912,1.3424978623388024,1.2965248521484014,1.167697555384964
2025-05-23,1.2762834362823978,1.366206054856106,1.357863090196218,1.3419797045434165,1.2960244383467125,1.1672468644692098
2025-05-26,1.2762834362823978,1.3670837637983437,1.3587354392627178,1.3428418494466636,1.296857059630195,1.167996753555927
2025-05-27,1.2760282306362707,1.3665961477193227,1.35825080089244,1.3423628800559708,1.2963944922504824,1.1675801485077508
2025-05-28,1.2753814969993664,1.3659035112434406,1.3575623941164778,1.3416825258078278,1.295737436313391,1.1669883799734093
2025-05-29,1.2736834331623104,1.3640849249123645,1.3557549132855107,1.339896187693903,1.2940122702449635,1.165434632509643
2025-05-30,1.2756701988948804,1.3662127041662744,1.3578696989012675,1.341986235944199,1.2960307460837086,1.1672525454471396
2025-06-03,1.275615355882471,1.3661539685931197,1.3578113220066657,1.3419285419039564,1.2959750277402433,1.1672023634754272
2025-06-04,1.2758637015990422,1.3664199409998583,1.3580756702086354,1.3421897979352433,1.2962273372200863,1.1674296025926143
2025-06-05,1.2762527765550038,1.366836631103749,1.3584898157250542,1.3425990990509262,1.2966226220718406,1.1677856105428739
2025-06-06,1.2773206631362601,1.3679803124527254,1.3596265129935234,1.3437224999854602,1.297707552835166,1.1687627387467783
2025-06-09,1.2780822566670789,1.3687959611667242,1.360437180812897,1.3445236851480735,1.298481301906685,1.1694596053728188
2025-06-10,1.2781257171674787,1.3688425063379035,1.3604834417482417,1.3445694049535486,1.2985254560656574,1.1694993722183264
2025-06-11,1.2786234433744403,1.3693755593697423,1.3610132396030223,1.3450930055829198,1.299031126314843,1.1699547972823554
2025-06-12,1.2786265476958973,1.3693788840248267,1.3610165439555468,1.3450962712833108,1.2990342801833412,1.1699576377713203
2025-06-13,1.2784589143372118,1.369199352650278,1.3608381089192174,1.344919923462192,1.298863971284447,1.1698042513672189
2025-06-16,1.2786472431722784,1.369401048392055,1.3610385729723777,1.3451180426192515,1.299055305973328,1.1699765743644193
2025-06-17,1.2789835446634688,1.3697612193595137,1.3613965444958782,1.345471826828286,1.2993969750606158,1.1702842940022766
2025-06-18,1.2794429842391255,1.3702532683119801,1.361885588669522,1.3459551504861667,1.2998637475983255,1.1707046863690729
2025-06-19,1.2798248157783538,1.370662200887341,1.3622920240300502,1.3463568316342704,1.3002516734235843,1.171054066511748
2025-06-20,1.2798237810045348,1.3706610926689795,1.3622909225792086,1.3463557430674733,1.3002506221340848,1.1710531196820928
2025-06-23,1.2798548242191061,1.3706943392198219,1.3623239661044548,1.3463884000713842,1.3002821608190653,1.1710815245717412
2025-06-24,1.2790435615449733,1.3698254960244753,1.3614604286446874,1.3455349637025136,1.2994579498515777,1.1703392101222634
2025-06-25,1.27841752338445,1.3691550239158214,1.3607940508855558,1.3448763807903108,1.2988219197044732,1.1697663781810212
2025-06-26,1.2779591185826122,1.3686640831817163,1.3603061081627537,1.344394145699227,1.2983561984562628,1.1693469326438801
2025-06-27,1.2784133842891738,1.3691505910423758,1.3607896450821897,1.3448720265231227,1.2988177145464757,1.1697625908624012
2025-06-30,1.2779736054160789,1.368679598238776,1.3603215284745354,1.3444093856343855,1.2983709165092536,1.1693601882590494
2025-07-01,1.278570669909669,1.3693190402333104,1.3609570656101038,1.3450374886762713,1.2989775105503765,1.1699065089699532
2025-07-02,1.2799117367791537,1.3707552912296994,1.3623845459007395,1.3464482712452208,1.3003399817415293,1.1711336002027632
2025-07-03,1.2802397600797917,1.371106596450267,1.3627337058175077,1.346793346919879,1.300673240512822,1.1714337452033812
2025-07-04,1.2803256463067727,1.371198578574264,1.3628251262373556,1.3468836979640326,1.3007604975412679,1.1715123320647418
2025-07-07,1.2804177411766677,1.3712972100084297,1.3629231553622525,1.346980580408968,1.3008540623067097,1.1715965999040319
2025-07-08,1.2796851213127824,1.3705125914085503,1.3621433281664423,1.3462098751166716,1.3001097493411724,1.1709262445083302
2025-07-09,1.2795092097635445,1.3703241942871105,1.3619560815233804,1.3460248187611765,1.2999310301262836,1.1707652834669893
2025-07-10,1.2787258859825261,1.3694852729875222,1.3611222832363348,1.3452007736958256,1.2991352039752784,1.1700485334181951
2025-07-11,1.2775038181022316,1.3681764671026952,1.3598214697924762,1.3439151763085344,1.2978936310765503,1.168930327595704
2025-07-14,1.2767132509044796,1.367329788274577,1.3589799613495397,1.343083511275604,1.2970904458990498,1.168206949739325
2025-07-15,1.2780936391790885,1.3688081515686998,1.360449296772154,1.3445356593828408,1.2984928660911779,1.1694700204990232
2025-07-16,1.2784061408724405,1.369142833513846,1.3607819349262988,1.3448644065555435,1.2988103555199804,1.1697559630548167
2025-07-17,1.27833060238365,1.3690619335734628,1.3607015290148665,1.3447849411793604,1.2987336113865282,1.1696868444900057
2025-07-18,1.277799763414479,1.3684934175540588,1.3601364847331565,1.3442265064124845,1.2981942998733635,1.1692011208770186
2025-07-21,1.2766118430702131,1.3672211828751586,1.3588720191670687,1.3429768317294952,1.2969874195281137,1.1681141604331404
2025-07-22,1.275950622599842,1.3665130313422167,1.3581681920793247,1.3422812375461937,1.2963156455380314,1.1675091362836296
2025-07-23,1.2734061137788057,1.3637879223915064,1.355459724459978,1.3396044517922994,1.2937305246591388,1.1651808821621175
2025-07-24,1.2713075924737787,1.3615404555545643,1.353225982153335,1.3373968383279244,1.2915985095544644,1.163260711621887
2025-07-25,1.2708605701839502,1.3610617052224343,1.3527501553897896,1.3369265774716077,1.2911443524907467,1.16285168121095
2025-07-28,1.2721457592672065,1.3624381124273073,1.3541181573349823,1.338278577433518,1.2924500540489348,1.1640276436423933
2025-07-29,1.2698454570674653,1.35997454300989,1.3516696321142392,1.3358586934437224,1.2901130374918879,1.1619228413194482
2025-07-30,1.271583877083464,1.361836349857061,1.353520069528026,1.3376874856627312,1.2918792038507898,1.1635135151397573
2025-07-31,1.2732529672535866,1.3636239060740174,1.35529670973543,1.339443343906339,1.2935749338132354,1.1650407513731853
2025-08-01,1.273369896695139,1.3637491347488568,1.3554211736805242,1.3395663519544032,1.2936937295266615,1.1651477431241943
2025-08-04,1.2743208538348432,1.3647675874229939,1.3564334070038992,1.340566744840873,1.2946598645765608,1.1660178795770897
2025-08-05,1.2737931191871292,1.3642023960586742,1.355871667074714,1.340011575774388,1.2941237069318943,1.1655349964530672
2025-08-06,1.2744429571454907,1.3648983571896405,1.356563378203201,1.3406951957229225,1.294783916737484,1.1661296054763735
2025-08-07,1.2752542198196235,1.365767200384987,1.3574269156629684,1.3415486320917933,1.2956081277049714,1.1668719199258513
2025-08-08,1.2753504537847948,1.3658702646925982,1.3575293505912316,1.341649868803917,1.2957058976284106,1.166959975083761
2025-08-11,1.2738231276278817,1.364234534391155,1.3559036091491186,1.340043144211502,1.2941541943273753,1.1655624545130607
2025-08-12,1.2722078456963493,1.362504605528992,1.3541842443854748,1.3383438914413397,1.2925131314188956,1.16408445342169
2025-08-13,1.2723682356383017,1.3626763793750107,1.3543549692659134,1.338512619294879,1.2926760812912943,1.1642312120182066
2025-08-14,1.2718839614909876,1.3621577331818702,1.3538394902720727,1.3380031700338695,1.2921840778056002,1.1637880957396918
2025-08-15,1.2711016724837882,1.3613199201006432,1.3530067934358685,1.3371802135353157,1.2913893029440944,1.1630722925205526
2025-08-18,1.267241966138743,1.3571862656125788,1.3488983817969247,1.3331198593823972,1.2874679931115323,1.1595406179076038
2025-08-19,1.2672254097576383,1.3571685341187962,1.34888075858346,1.3331024423136448,1.2874511724795428,1.159525468633125
2025-08-20,1.2672285140790955,1.3571718587738806,1.3488840629359846,1.3331057080140358,1.287454326348041,1.1595283091220896
2025-08-21,1.2671198628280955,1.3570554958459324,1.348768410597623,1.3329914085003478,1.2873439409506096,1.1594288920083202
2025-08-22,1.266913942838105,1.3568349603920113,1.3485492218801565,1.332774783707739,1.2871347343402395,1.159240472906986
2025-08-25,1.267765561691181,1.357747024103453,1.3494557159227438,1.333670674181694,1.2879999455982016,1.1600197137130066
2025-08-26,1.268054263586695,1.3580562170262869,1.3497630207075335,1.3339743843180651,1.2882932553685194,1.1602838791867365
2025-08-27,1.267969412133533,1.357965343120651,1.3496727017385273,1.3338851218407086,1.2882070496295728,1.160206239155031
2025-08-28,1.2663675822616485,1.3562498210971863,1.3479676558358233,1.3322000204389077,1.2865796534845848,1.1587405468491745
2025-08-29,1.2661016453901535,1.3559650089783037,1.3476845829695476,1.3319202587720713,1.2863094720832526,1.1584972116278534
2025-09-01,1.2667028489790197,1.3566088838462835,1.3483245259084824,1.3325527160811452,1.2869202712823729,1.159047319657377
2025-09-02,1.2673588955802955,1.3573114942874185,1.3490228457420186,1.3332428674304615,1.2875867888249586,1.1596476096586128
2025-09-03,1.268719623152342,1.3587688014326744,1.3504712535986436,1.3346743327685548,1.288969234516599,1.1608926906548669
2025-09-04,1.2697419796855605,1.3598637211737488,1.351559487030085,1.3357498367640195,1.2900079085419531,1.1618281583539536
2025-09-05,1.267631041094705,1.3576029557164697,1.3493125273133437,1.3335291604980803,1.2878632779632866,1.1598966258578638
2025-09-08,1.2657622395775059,1.3556015133557606,1.3473233070935224,1.3315632088626457,1.285964649127467,1.158186651501031
2025-09-09,1.2649054468553351,1.3546839085525122,1.3464113057967275,1.3306618755547057,1.2850941814220083,1.1574026765467356
2025-09-10,1.2624406156183654,1.3520441324156303,1.3437876498921792,1.3280689094441824,1.282590009834565,1.1551473283086542
2025-09-11,1.2632611912568696,1.3529229495762294,1.3446611004095206,1.3289321429142265,1.283423682407547,1.1558981642250266
2025-09-12,1.2643342517072214,1.354072172017013,1.3458033049321976,1.3300609866827457,1.284513869618369,1.1568800265772055
2025-09-15,1.264947872581916,1.35472934550533,1.3464564652812305,1.3307065067933839,1.2851372842914814,1.1574414965625885
2025-09-16,1.2660126548417154,1.3558697021992223,1.3475898581971752,1.3318266420275269,1.286219061186309,1.158415784277528
2025-09-17,1.2675399809986285,1.3575054325006655,1.349215599639288,1.3334333666199416,1.2877707644873442,1.1598133048482282
2025-09-18,1.2665745370254577,1.3564714647694687,1.3481879460041313,1.3324177337983136,1.2867899113844539,1.1589299127801638
2025-09-19,1.2646777966151448,1.3544401005130016,1.3461689866115887,1.3304223908593593,1.2848628977321521,1.1571943740226474
2025-09-22,1.264969602832116,1.3547526180909195,1.3464795957489029,1.3307293666961215,1.2851593613709678,1.1574613799853424
2025-09-23,1.2643632253741546,1.3541032021311326,1.3458341455557605,1.3300914665530625,1.2845433057243507,1.156906537807544
2025-09-24,1.262282295224051,1.3518745750063343,1.3436191279134237,1.3279023587242371,1.2824291625411652,1.1550024633714475
2025-09-25,1.2619356459946705,1.3515033218552615,1.343250141881508,1.3275376888472323,1.282076980558884,1.1546852754370405
2025-09-26,1.2623712857724891,1.3519698817854158,1.3437138526857961,1.3279959754687816,1.282519573438109,1.1550838907217729
2025-09-28,1.2630666537788888,1.3527146045242842,1.344454027651311,1.3287274923563852,1.2832260399816697,1.1557201602498965
2025-09-29,1.262653779025089,1.352272425398081,1.3440145487655366,1.3282931542043706,1.2828065754714306,1.155342375217573
2025-09-30,1.264154201062707,1.3538793420221273,1.3456116524857695,1.3298715760600626,1.2843309452454827,1.156715278217245
2025-10-09,1.2655532152660587,1.3553776532467556,1.3471008140235314,1.331343318369646,1.2857522886485993,1.157995391910732
2025-10-10,1.266245478951001,1.3561190513305397,1.3478376846365216,1.3320715695568583,1.2864556013236619,1.1586288209498907
2025-10-11,1.2683595218633137,1.358383141442903,1.3500879487057877,1.3342955115231887,1.2886033857708266,1.1605631939349457
2025-10-13,1.267568954665562,1.357536462614785,1.3492464402628512,1.3334638464902586,1.287800200593326,1.159839816078567
2025-10-14,1.2672543834245718,1.357199564232916,1.348911599207023,1.3331329221839616,1.2874806085855246,1.1595519798634633
2025-10-15,1.2676507017972667,1.3576240118653364,1.349333454879333,1.3335498432672237,1.2878832524637742,1.1599146156213074
2025-10-16,1.2674095994974288,1.3573657969871276,1.349076816833254,1.3332962072035162,1.2876383020104265,1.1596940043117052
2025-10-17,1.268496112007428,1.3585294262666094,1.350233340216871,1.3344392023403964,1.28874215598474,1.1606881754493985
2025-10-20,1.2675906849157619,1.3575597352003745,1.3492695707305236,1.333486706392996,1.287822277672812,1.1598596995013208
2025-10-21,1.26712607147101,1.357062145156101,1.3487750193026722,1.33299793990113,1.2873502486876056,1.15943457298625
2025-10-22,1.2675906849157619,1.3575597352003745,1.3492695707305236,1.333486706392996,1.287822277672812,1.1598596995013208
2025-10-23,1.267237827043467,1.3571818327391332,1.3488939759935585,1.333115505115209,1.2874637879535349,1.1595368305889842
2025-10-24,1.266271348296477,1.356146756789575,1.3478652209075601,1.332098783726784,1.2864818835611453,1.1586524916912646
2025-10-27,1.266204087998239,1.3560747225960834,1.34779362660286,1.3320280268849771,1.286413549743688,1.1585909477636929
2025-10-28,1.2692546012167893,1.359341750325524,1.3510407036837198,1.3352371218026187,1.289512751187761,1.1613822015864739
2025-10-29,1.2690538550958943,1.3591267559634101,1.350827022220461,1.335025939843995,1.2893088010248879,1.1611985166334142
2025-10-30,1.2696819628040559,1.3597994445087869,1.351495602881276,1.3356866998897918,1.2899469337509912,1.1617732422339666
2025-10-31,1.271140993888912,1.3613620323983768,1.353048648567847,1.3372215790736026,1.2914292519450694,1.1631082720474406
2025-11-03,1.2714203828200545,1.3616612513559578,1.3533460402950628,1.3375154921088006,1.291713100109893,1.163363916054276
2025-11-04,1.2713034533785024,1.3615360226811184,1.3532215763499689,1.3373924840607363,1.2915943043964668,1.1632569243032669
2025-11-05,1.2718198055142067,1.3620890236434628,1.3537712003198974,1.3379356788924537,1.2921188978566407,1.1637293923010852
2025-11-06,1.270833666064655,1.3610328915450378,1.3527215176679097,1.3368982747348852,1.2911170189637637,1.1628270636399216
2025-11-07,1.2702003844873981,1.360354661907854,1.3520474297528873,1.3362320718551033,1.2904736297901636,1.1622476038910945
2025-11-10,1.2696716150658653,1.3597883623251728,1.3514845883728603,1.3356758142218215,1.2899364208559976,1.1617637739374174
2025-11-11,1.2699551430922842,1.3600920141561994,1.3517863859034425,1.3359740815242074,1.2902244741788187,1.1620232052628725
2025-11-12,1.270172445594284,1.360324740012096,1.3520176905801657,1.3362026805515836,1.2904452449736814,1.162222039490411
2025-11-13,1.269639537077475,1.359754007555969,1.3514504433967727,1.3356420686511135,1.2899038308815178,1.1617344222181138
2025-11-14,1.269620911148732,1.3597340596254637,1.3514306172816248,1.335622474448767,1.2898849076705297,1.1617173792843247
2025-11-17,1.269707832149532,1.3598271499678223,1.3515231391523144,1.3357139140597176,1.289973215988475,1.1617969129753403
2025-11-18,1.2698289006863603,1.3599568115161071,1.3516520089007744,1.3358412763749699,1.2900962168598982,1.1619076920449691
2025-11-19,1.2693498004081418,1.359443706414774,1.3511420371611416,1.3353372699479455,1.289609469821701,1.161469309914729
2025-11-20,1.2693435917652274,1.3594370571046055,1.3511354284560924,1.3353307385471633,1.2896031620847048,1.1614636289367992
2025-11-21,1.2695143294453701,1.3596199131342381,1.3513171678449463,1.335510352068673,1.289776624852097,1.1616198558298654
2025-11-24,1.2692970269433703,1.3593871872783418,1.3510858631682228,1.3352817530412968,1.2895558540572343,1.1614210216023266
2025-11-25,1.2689690036427324,1.3590358820577744,1.3507367032514548,1.3349366773666387,1.2892225952859413,1.1611208766017087
2025-11-26,1.2674665120574764,1.3574267489970053,1.3491373966295388,1.3333560783773526,1.2876961229328905,1.1597460799427273
2025-11-27,1.266488650798477,1.3563794826454714,1.3480965255842836,1.3323273827541602,1.286702654356008,1.1588513259188031
2025-11-28,1.2661451058905533,1.3560115541494828,1.3477308439048923,1.3319659785775466,1.2863536262422253,1.1585369784733612
2025-12-01,1.2666376582284198,1.3565390660895147,1.3482551345054654,1.3324841363729323,1.2868540400439141,1.1589876693891155
2025-12-02,1.266576606573096,1.3564736812061915,1.3481901489058146,1.3324199109319077,1.2867920139634528,1.1589318064394736
2025-12-03,1.266160627497839,1.356028177424904,1.3477473656675154,1.3319823070795018,1.2863693955847153,1.1585511809181852
2025-12-04,1.2639689765490976,1.3536809709354347,1.3454144927851337,1.3296767226033943,1.2841427644250998,1.1565457957090095
2025-12-05,1.2645174066731926,1.3542683266669828,1.34599826173115,1.3302536630058197,1.2846999478597534,1.157047615426131
2025-12-08,1.2646498577220306,1.3544101786172436,1.3461392474388671,1.3303929995558397,1.2848345129156697,1.157168809621964
2025-12-09,1.2654217989910395,1.3552369095148562,1.3469609297666558,1.331205070386423,1.2856187748821821,1.1578751445445539
2025-12-10,1.2652169137748683,1.355017482279297,1.3467428425000312,1.3309895341606115,1.2854106195613115,1.1576876722728744
2025-12-11,1.2662061575458772,1.356076939032806,1.3477958295045431,1.3320302040185712,1.2864156523226866,1.158592841423003
2025-12-12,1.2657953523397154,1.3556369763433258,1.3473585535204518,1.3315980430001506,1.2859982903914462,1.1582169500499893
2025-12-15,1.2644108249698307,1.3541541801757573,1.3458848122944713,1.3301415406257258,1.2845916650413207,1.1569500919716713
2025-12-16,1.264039341168793,1.3537563297840107,1.3454893914423585,1.3297507451455923,1.2842142521110553,1.156610180125546
2025-12-17,1.2650606629281922,1.3548501413067238,1.3465765234229585,1.33082516057426,1.2852518748469102,1.1575447009949777
2025-12-18,1.2657663786727822,1.3556059462292063,1.3473277128968886,1.3315675631298338,1.2859688542854644,1.158190438819651
2025-12-19,1.2663489563329056,1.3562298731666809,1.3479478297206757,1.3321804262365613,1.2865607302735964,1.1587235039153854
2025-12-22,1.2659443597696582,1.3557965597873691,1.3475171624416336,1.331754796618923,1.286149676079352,1.1583532935203016
2025-12-23,1.2662134009626105,1.356084696561336,1.347803539660434,1.3320378239861506,1.2864230113491821,1.1585994692305874
2025-12-24,1.2669594728861433,1.3568837219999137,1.3485976857171842,1.3328226806468084,1.2871809910782108,1.1592821334118035
2025-12-25,1.2667163010386673,1.356623290684982,1.3483388447694225,1.3325668674495066,1.2869339380458644,1.1590596284428913
2025-12-26,1.2666459364189722,1.356547931836406,1.3482639461121977,1.3324928449073086,1.2868624503599089,1.158995244026355
2025-12-29,1.2643383908024974,1.3540766048904587,1.3458077107355637,1.330065340949934,1.2845180747763665,1.1568838138958253
2025-12-30,1.2637071787728786,1.3534005916899976,1.3451358257222241,1.329401315203746,1.2838767881817652,1.1563062478063082
2025-12-31,1.263819969119155,1.3535213874913916,1.3452558838639521,1.3295199689846222,1.283991378737194,1.1564094522386974
2026-01-04,1.2644677375298783,1.354215132185635,1.345945392090756,1.3302014117995624,1.2846494859637847,1.1570021676026936
2026-01-05,1.2636481966651931,1.3533374232433975,1.3450730430242566,1.3293392668963155,1.2838168646803025,1.1562522785159763
2026-01-06,1.2618756291131656,1.3514390451902998,1.3431862577326985,1.3274745519730047,1.2820160057679222,1.1546303593170537
2026-01-07,1.2606494221375952,1.3501258064320272,1.3418810384854738,1.3261846003185254,1.2807702277111968,1.1535083661759427
2026-01-08,1.26166453525408,1.3512129686445717,1.3429615617610244,1.3272524843464106,1.2818015427100553,1.1544372060674448
2026-01-09,1.2620587840791369,1.3516351998402694,1.343381214531651,1.3276672282960789,1.2822020840093062,1.154797948165979
2026-01-12,1.2631059751840126,1.3527567168220178,1.3444958827832896,1.3287688578946721,1.283265988982645,1.1557561397767846
2026-01-13,1.2638717078101072,1.3535767984094622,1.345310956406029,1.3295743973244736,1.2840439432121613,1.1564567937214445
2026-01-14,1.264703665960621,1.3544678059720368,1.3461965228826271,1.3304496050292849,1.2848891799696356,1.1572180447640212
2026-01-15,1.265893655852525,1.35574225708766,1.347463191350398,1.3317014568458685,1.2860981628938841,1.1583068988672092
2026-01-16,1.2663303304041627,1.3562099252361755,1.347928003605528,1.3321608320342146,1.2865418070626082,1.1587064609815962
2026-01-19,1.2670660545895052,1.356997868491139,1.3487111351538628,1.3329348030269024,1.2872892738966435,1.1593796568662629
2026-01-20,1.2675161812007905,1.3574799434783529,1.3491902662699327,1.3334083295836099,1.2877465848288592,1.1597915277661646
2026-01-21,1.267967342585895,1.3579631266839283,1.3496704988368442,1.3338829447071148,1.2882049470505743,1.160204345495721
2026-01-22,1.2680377072055902,1.3580384855325043,1.349745397494069,1.3339569672493126,1.2882764347365299,1.1602687299122576
2026-01-23,1.2681360107183997,1.3581437662768383,1.3498500353240153,1.3340603810950304,1.2883763072389678,1.1603586787294773
2026-01-26,1.2687020319974183,1.3587499617205303,1.3504525289343374,1.3346558271330053,1.2889513625951101,1.1608765945507329
2026-01-27,1.2687506663669135,1.3588020479835168,1.3505042971238899,1.3347069897724657,1.2890007732015794,1.1609210955445153
2026-01-28,1.2692401143833227,1.3593262352684643,1.3510252833719383,1.3352218818674604,1.2894980331347703,1.1613689459713046
2026-01-29,1.2700296468072556,1.360171805878221,1.3518656903640331,1.3360524583335935,1.2903001670227714,1.1620913769980283
2026-01-30,1.2700441336407222,1.3601873209352808,1.3518811106758148,1.336067698268752,1.2903148850757624,1.1621046326131979
2026-02-02,1.2703825046795505,1.3605497083394622,1.3522412851009982,1.3364236596113803,1.2906586567420486,1.1624142459103652
2026-02-03,1.2694584516591416,1.359560069342722,1.3512576894995032,1.3354515694616336,1.2897198552191322,1.1615687270284982
2026-02-04,1.269598146124713,1.3597096788215124,1.351406385363111,1.3355985259792325,1.289861779301544,1.161696549031916
2026-02-05,1.2698982305322366,1.3600310621463219,1.3517258061071578,1.335914210350371,1.2901666532563545,1.1619711296318505
2026-02-06,1.2708833352079691,1.3610860860263854,1.3527743873083036,1.3369505259411425,1.2911674808597322,1.162872511463359
2026-02-09,1.2712724101639308,1.361502776130276,1.3531885328247226,1.3373598270568254,1.2915627657114865,1.1632285194136187
2026-02-10,1.2716087116551213,1.3618629470977348,1.353546504348223,1.3377136112658599,1.291904434798774,1.1635362390514763
2026-02-11,1.2722409584585588,1.3625400685165572,1.3542194908124041,1.3383787255788446,1.2925467726828748,1.1641147519706483
2026-02-12,1.2729332221435012,1.3632814666003414,1.3549563614253943,1.339106976766057,1.2932500853579374,1.1647481810098073
2026-02-13,1.2732519324797678,1.363622797855656,1.3552956082845886,1.3391743668884741,1.2935738825237362,1.1650398045435304
2026-02-14,1.272487234627492,1.362803824486573,1.3544816361126906,1.3391743668884741,1.292796979583719,1.1643400974285254
2026-02-24,1.2724334263889014,1.3627461971317796,1.3544243606689303,1.3391743668884741,1.292742312529753,1.164290862286468
2026-02-25,1.2716997717511973,1.361960470313539,1.3536434320222785,1.3391743668884741,1.2919969482747165,1.1636195600611114
2026-02-26,1.2701113939389603,1.3602593551287727,1.351952704980515,1.3391743668884741,1.2903832188932198,1.1621661765407694
2026-02-27,1.2701403676058935,1.360290385242892,1.351983545604078,1.3391743668884741,1.2904126549992017,1.1621926877711077
2026-02-28,1.2714607389989974,1.361704471872053,1.353388996877883,1.3391743668884741,1.2917541004003676,1.1634008424108189
2026-03-02,1.2713872700578452,1.3616257883683929,1.3533107938681337,1.3391743668884741,1.291679458845914,1.1633336175053177
2026-03-03,1.27187050943134,1.362143326343172,1.3538251714111327,1.3391743668884741,1.2921704110421086,1.1637757869541774
2026-03-04,1.2718405009905878,1.3621111880106909,1.353793229336728,1.3391743668884741,1.2921399236466276,1.1637483288941841
2026-03-05,1.2725834685926634,1.3629068887941844,1.3545840710409538,1.3391743668884741,1.2928947495071583,1.1644281525864355
2026-03-06,1.2722554452920256,1.362555583573617,1.3542349111241856,1.3391743668884741,1.2925614907358656,1.1641280075858176
2026-03-09,1.2704414867872362,1.3606128767860628,1.3523040677989662,1.3391743668884741,1.2907185802435113,1.162468215200697
2026-03-10,1.270191071523027,1.3603446879426013,1.3520375166953136,1.3391743668884741,1.2904641681846696,1.1622390824242002
2026-03-11,1.2699127173657032,1.3600465772033816,1.3517412264189392,1.3391743668884741,1.2901813713093453,1.1619843852470195
2026-03-12,1.26957952019597,1.3596897308910072,1.3513865592479635,1.3391743668884741,1.289842856090556,1.161679506098127
2026-03-13,1.2698858132464081,1.360017763525985,1.3517125886970591,1.3391743668884741,1.2901540377823624,1.161959767675991
2026-03-16,1.2686026937107897,1.3586435727578348,1.3503467896535497,1.3391743668884741,1.2888504388031727,1.1607856989038579
2026-03-17,1.2685985546155136,1.3586391398843891,1.3503423838501836,1.3391743668884741,1.2888462336451754,1.160781911585238
2026-03-18,1.269111802429761,1.3591888161916492,1.3508887034675872,1.3391743668884741,1.2893676732368513,1.1612515390940914
2026-03-19,1.2694046434205513,1.3595024419879287,1.351200414055743,1.3391743668884741,1.2896651881651662,1.161519491886441
2026-03-20,1.26975336219757,1.3598759115757242,1.351571602989342,1.3391743668884741,1.290019472726446,1.161838573480158
2026-03-23,1.2691211153941324,1.3591987901569018,1.350898616525161,1.3391743668884741,1.2893771348423453,1.161260060560986
2026-03-24,1.2693042703601036,1.3593949448068718,1.3510935733241138,1.3391743668884741,1.2895632130837298,1.1614276494099114
2026-03-25,1.2696012504461702,1.3597130034765967,1.3514096897156358,1.3391743668884741,1.2898649331700422,1.161699389520881
2026-03-26,1.2697357710426462,1.3598570718635803,1.351552878325036,1.3391743668884741,1.290001600804957,1.1618224773760237
2026-03-27,1.2702283233805125,1.3603845838036122,1.3520771689256088,1.3391743668884741,1.290502014606646,1.1622731682917782
2026-03-30,1.271009577613893,1.3612212886664776,1.3529087643109716,1.3391743668884741,1.2912957381786525,1.1629880246812625
2026-03-31,1.2713241488548832,1.3615581870483466,1.3532436053667998,1.3391743668884741,1.291615330186454,1.163275860896366
2026-04-01,1.2707539884805885,1.3609475587312092,1.3526367059531113,1.3391743668884741,1.291036069672314,1.1627541577564908
2026-04-02,1.2700399945454461,1.3601828880618352,1.3518767048724487,1.3391743668884741,1.290310679917765,1.162100845294578
2026-04-03,1.2702728186547316,1.3604322371931528,1.352124531311795,1.3391743668884741,1.2905472200551178,1.1623138819669407
2026-04-07,1.2706080853721027,1.36079129994225,1.352481401384454,1.3391743668884741,1.290887837852906,1.1626206547751432
2026-04-08,1.2705635900978838,1.3607436465527094,1.3524340389982679,1.3391743668884741,1.2908426324044344,1.1625799410999809
2026-04-09,1.271053038114293,1.361267833837657,1.3529550252463163,1.3391743668884741,1.2913398923376251,1.1630277915267702
2026-04-10,1.2711016724837882,1.3613199201006432,1.3530067934358685,1.3391743668884741,1.2913893029440944,1.1630722925205526
2026-04-13,1.2720546991711303,1.362340589211503,1.3540212296609269,1.3391743668884741,1.2923575405729923,1.163944322632758
2026-04-14,1.2729415003340536,1.3632903323472327,1.3549651730321266,1.3391743668884741,1.2932584956739321,1.1647557556470467
2026-04-15,1.273345062123482,1.3637225375081832,1.3553947388603271,1.3391743668884741,1.2936684985786773,1.1651250192124758
2026-04-16,1.2737848409965769,1.364193530311783,1.3558628554679815,1.3389065855713598,1.2941152966158995,1.1655274218158276
2026-04-17,1.2744408875978526,1.3648961407529177,1.3565611753015179,1.339596172294815,1.294781814158485,1.1661277118170634
2026-04-20,1.2752324895694234,1.3657439277993972,1.3574037851952958,1.3404282446030853,1.295586050625485,1.1668520365030972
2026-04-21,1.2753028541891187,1.3658192866479735,1.3574786838525208,1.3405022065860428,1.2956575383114406,1.1669164209196337
2026-04-22,1.2765249220694133,1.3671280925328002,1.3587794972963794,1.3417867522018165,1.2968991112101687,1.1680346267421249
2026-04-23,1.2760716911366705,1.366642692890502,1.3582970618277848,1.3413103500174737,1.296438646409455,1.1676199153532585
2026-04-24,1.2751600554020903,1.3656663525140986,1.3573266836363882,1.340352107267688,1.2955124603605308,1.166785758427251
2026-04-27,1.2738169189849673,1.3642278850809866,1.3558970004440694,1.3389403035341787,1.2941478865903793,1.165556773535131
2026-04-28,1.2739162572715959,1.3643342740436821,1.3560027397248573,1.339044720451295,1.2942488103823167,1.165647669182006
2026-04-29,1.2751455685686235,1.3656508374570389,1.3573112633246065,1.3403368798006086,1.29549774230754,1.1667725028120817
2026-04-30,1.275066925758376,1.3655666128615715,1.3572275530606497,1.3402542164078917,1.2954178443055897,1.166700543758306
2026-05-06,1.2743011931322814,1.3647465312741272,1.35641247943791,1.3394493360051205,1.2946398900760734,1.1659998898136457
2026-05-07,1.274049743094253,1.3644772342123044,1.356144826883416,1.33918503068367,1.2943844267277322,1.165769810207494
2026-05-08,1.274534017241567,1.3649958804054447,1.3566603058772564,1.3396940631546117,1.2948764302134264,1.1662129264860086
2026-05-09,1.274538156336843,1.3650003132788904,1.3566647116806227,1.3396984138594914,1.2948806353714237,1.1662167138046284
2026-05-11,1.274581616837243,1.3650468584500695,1.3567109726159674,1.3397440962607299,1.2949247895303961,1.166256480650136
2026-05-12,1.275288367355652,1.3658037715909137,1.357463263540739,1.3404869791189633,1.2956428202584498,1.1669031653044644
2026-05-13,1.275550165131871,1.3660841508363506,1.3577419306036487,1.3407621612026135,1.2959087965017844,1.167142713207166
2026-05-14,1.2758637015990422,1.3664199409998583,1.3580756702086354,1.3410917270972615,1.2962273372200863,1.1674296025926143
2026-05-15,1.2755180871434806,1.366049796067147,1.357707785627561,1.3407284432397946,1.2958762065273046,1.1671133614878624
2026-05-18,1.275641225227947,1.3661816740521548,1.3578388582777041,1.34085787670997,1.2960013099777268,1.1672260342168008
2026-05-19,1.276742224571413,1.3673608183886965,1.3590108019731029,1.3420151642080085,1.2971198820050316,1.1682334609696636
2026-05-20,1.2773972363988697,1.36806232061147,1.3597080203557976,1.3427036632552438,1.2977853482581176,1.1688328041412444
2026-05-21,1.2775110615189649,1.3681842246312252,1.3598291799483668,1.3428233076394394,1.2979009901030458,1.1689369554032882
2026-05-22,1.2768581192391464,1.3674849388451746,1.3591341644673554,1.3421369839446442,1.2972376264289582,1.1683395058910178
2026-05-25,1.2768343194413083,1.367459449822862,1.3591088310979997,1.342111967391585,1.2972134467704732,1.1683177288089537
2026-05-26,1.2772947937907841,1.3679526069936903,1.359598976722485,1.3425959833094676,1.2976812705976823,1.1687390680054048
2026-05-27,1.2786317215649927,1.3693844251166336,1.3610220512097546,1.344001260985657,1.2990395366308378,1.1699623719195948
2026-05-28,1.2797534163848396,1.3705857338204035,1.362216023921984,1.3451803020080948,1.3001791344481295,1.1709887352655566
2026-05-29,1.2800214228039728,1.370872762376009,1.3625012996899426,1.3454620101490646,1.3004514184284601,1.1712339641461875
2026-06-01,1.2812952293752196,1.3722369791789064,1.3638571856758785,1.3468009395758367,1.3017455558021556,1.1723995114514263
2026-06-02,1.281571513984905,1.3725328734814033,1.3641512730505696,1.3470913491265664,1.302026250098481,1.1726523149692967
2026-06-03,1.2815808269492763,1.372542847446656,1.3641611861081433,1.347101138212546,1.302035711703975,1.1726608364361912
2026-06-04,1.2812652209344673,1.3722048408464256,1.3638252436014737,1.346769396965458,1.3017150684066745,1.1723720533914326
2026-06-05,1.281462862733905,1.3724165105534551,1.364035620712208,1.3469771431234705,1.3019158647010496,1.1725528978555273
2026-06-08,1.280402219569382,1.3712805867330085,1.3629066335996294,1.3458622749980103,1.3008382929642195,1.1715823974592077
2026-06-09,1.2796840865389636,1.370511483190189,1.362142226715601,1.3451074277013575,1.3001086980516732,1.170925297678675
2026-06-10,1.27835233263385,1.3690852061590526,1.3607246594825388,1.3437075884062677,1.2987556884660143,1.1697067279127595
2026-06-11,1.27738585388686,1.3680501302094943,1.3596959043965404,1.342691698816824,1.2977737840736248,1.16882238901504
2026-06-12,1.2772420203260126,1.3678960878572581,1.3595428027295666,1.3425405118222495,1.2976276548332157,1.1686907796930026
2026-06-15,1.2774168971014315,1.3680833767603366,1.3597289479217867,1.342724329103423,1.2978053227586053,1.1688507939046884
2026-06-16,1.2781909079180789,1.3689123240946726,1.3605528331512586,1.3435379109159538,1.2985916873041163,1.169559022486588
2026-06-17,1.2790590831522592,1.3698421192998966,1.3614769504073108,1.3444504712645011,1.299473719194068,1.1703534125670876
2026-06-18,1.2793298658695489,1.370406202445855,1.3620375888856544,1.3450040984604612,1.3000088255492352,1.1708353488614553
2026-06-22,1.2793298658695489,1.3702721080241242,1.3619043133338282,1.344872489637846,1.2998816195198144,1.1707207824732069
2026-06-23,1.2793298658695489,1.3699385342973394,1.3615727766305246,1.3445450990956376,1.2995651813805111,1.170435786747068
2026-06-24,1.2793298658695489,1.3696537221784566,1.3612897037642488,1.3442655663071077,1.299294999979179,1.1701924515257467
2026-06-25,1.2793298658695489,1.3701402300391163,1.3617732406836849,1.3447430561676705,1.2997565160693922,1.1706081097442682
2026-06-26,1.2793298658695489,1.3706588762322567,1.3622887196775255,1.3452520886386123,1.3002485195550861,1.171051226022783
2026-06-29,1.2793298658695489,1.3720031451046486,1.3636247795483134,1.346571439893425,1.3015237337177934,1.1721997303942326
2026-06-30,1.2793298658695489,1.3719200287275428,1.363542170735198,1.346489864176928,1.3014448870053426,1.1721287181701117
2026-07-01,1.2793298658695489,1.3703053545749664,1.3619373568590742,1.3449051199244448,1.2999131582047947,1.1707491873628553
2026-07-02,1.2793298658695489,1.3700781698108773,1.3617115594365587,1.3446821462993528,1.2996976438574288,1.1705550872835913
2026-07-03,1.2793298658695489,1.3699127378552534,1.3618195016190295,1.344788738568909,1.2998006702283647,1.170647876589776
2026-07-06,1.2793298658695489,1.3699127378552534,1.3624065749175702,1.3453684699941482,1.3003610075315162,1.1711525367958622
2026-07-07,1.2793298658695489,1.3699127378552534,1.3627116768006768,1.3456697563070774,1.3006522147228352,1.1714148086102822
2026-07-08,1.2793298658695489,1.3699127378552534,1.3626665173161736,1.345625161582059,1.300609111853362,1.1713759885944293
2026-07-09,1.2793298658695489,1.3699127378552534,1.3633714458547594,1.3463212743628339,1.3012819371329438,1.171981959573595
2026-07-10,1.2793298658695489,1.3699127378552534,1.363130228120462,1.3460830732706626,1.301051704732587,1.1717746038791619
2026-07-13,1.2793298658695489,1.3699127378552534,1.3632062282285284,1.3461581229298398,1.3011242437080417,1.171839935125353
2026-07-14,1.2793298658695489,1.3699127378552534,1.362725995661617,1.345683896097937,1.3006658814863268,1.1714271173957966
2026-07-15,1.2793298658695489,1.3699127378552534,1.3632899384924853,1.3462407863225567,1.301204141709992,1.1719118941791289
2026-07-16,1.2793298658695489,1.3699127378552534,1.3631478513339266,1.3461004760901818,1.3010685253645764,1.1717897531536408
2026-07-17,1.2793298658695489,1.3699127378552534,1.3630156772329418,1.3459699549437865,1.3009423706246548,1.1716761335950474
2026-07-20,1.2793298658695489,1.3699127378552534,1.3632425761062992,1.3461940162450985,1.3011589362615201,1.171871180503966
2026-07-21,1.2793298658695489,1.3699127378552534,1.3630498222090297,1.3460036729066054,1.3009749605991345,1.1717054853143507
2026-07-22,1.2793298658695489,1.3699127378552534,1.364080780196711,1.3470217378484888,1.3019589675705228,1.17259171787138
2026-07-23,1.2793298658695489,1.3699127378552534,1.3647967232437122,1.3477287273914635,1.302642305745098,1.1732071571470952
2026-07-24,1.2793298658695489,1.3699127378552534,1.3644310415643206,1.3473676188864365,1.302293277631315,1.172892809701653
2026-07-27,1.2793298658695489,1.3699127378552534,1.364811042104652,1.347742867182323,1.3026559725085896,1.1732194659326096
2026-07-28,1.2793298658695489,1.3699127378552534,1.3646392157733718,1.3475731896920091,1.3024919713466914,1.1730717605064378
2026-07-29,1.2793298658695489,1.3699127378552534,1.3646535346343118,1.3475873294828686,1.302505638110183,1.1730840692919522
2026-07-30,1.2793298658695489,1.3699127378552534,1.3653430428611157,1.3482682147965641,1.3031637453367737,1.1736767846559484
2026-07-31,1.2793298658695489,1.3699127378552534,1.366257247059594,1.3491709860591319,1.3040363156212313,1.1744626532695535
2026-08-03,1.2793298658695489,1.3699127378552534,1.366975393008278,1.3498801509545464,1.304721756374805,1.1750799862045784
2026-08-04,1.2793298658695489,1.3699127378552534,1.3668167840870962,1.349723525578872,1.3045703706868992,1.174943642734266
2026-08-05,1.2793298658695489,1.3699127378552534,1.3673201471216798,1.350220593611394,1.3050508099881004,1.1753763438865765
2026-08-06,1.2793298658695489,1.3699127378552534,1.3670480887638197,1.3499519375850637,1.304791141481762,1.1751424769618048
2026-08-07,1.2793298658695489,1.3699127378552534,1.3671251903227275,1.350028074920461,1.3048647317467161,1.175208755037651
2026-08-10,1.2793298658695489,1.3699127378552534,1.367707857817902,1.3506034556408204,1.3054208638918703,1.1757096279251174
2026-08-11,1.2793298658695489,1.3699127378552534,1.3678554522306683,1.3507492042542952,1.305561736684783,1.1758365030988802
2026-08-12,1.2793298658695489,1.3699127378552534,1.3673069297115814,1.3502075414967545,1.3050381945141083,1.1753649819307173
2026-08-13,1.2793298658695489,1.3699127378552534,1.3681308149410534,1.3510211233092853,1.3058245590596194,1.1760732105126166
2026-08-14,1.2793298658695489,1.3699127378552534,1.3689282653503283,1.3518086008925372,1.3065856926571462,1.1767587151827978
2026-08-17,1.2793298658695489,1.3699127378552534,1.3697257157596032,1.3525960784757889,1.307346826254673,1.1774442198529786
2026-08-18,1.2793298658695489,1.3699127378552534,1.3701299482184484,1.3529952556485145,1.307732649500933,1.177791706336344
2026-08-19,1.2793298658695489,1.3699127378552534,1.3702874556887885,1.353150793347969,1.3078829838993395,1.177927102977001
2026-08-20,1.2793298658695489,1.3699127378552534,1.3696508171023785,1.3525221164928316,1.3072753385687175,1.1773798354364422
2026-08-21,1.2793298658695489,1.3699127378552534,1.3693269905549657,1.3522023396841631,1.3069662594559095,1.1771014675178881
2026-08-24,1.2793298658695489,1.3699127378552534,1.3702103541298807,1.3530746560125717,1.3078093936343853,1.1778608249011548
2026-08-25,1.2793298658695489,1.3699127378552534,1.3699614262396926,1.3528288411868605,1.307571802207533,1.177646841399137
2026-08-26,1.2793298658695489,1.3699127378552534,1.3692223527250194,1.3520990104432669,1.3068663869534716,1.1770115187006682
2026-08-27,1.2793298658695489,1.3699127378552534,1.3680349887178394,1.3509264954781488,1.3057330968731764,1.1759908363326363
2026-08-28,1.2793298658695489,1.3699127378552534,1.368244264377732,1.3511331539599414,1.305932841878052,1.1761707339670762
2026-08-31,1.2793298658695489,1.3699127378552534,1.368574699630194,1.3514594568259297,1.3062482287278558,1.17645478286356
2026-09-01,1.2793298658695489,1.3699127378552534,1.3692410773893255,1.352117500939006,1.3068842588749605,1.1770276148048024
2026-09-02,1.2793298658695489,1.3699127378552534,1.3690108741634437,1.3518901766090343,1.3066645393695973,1.1768297274069186
2026-09-03,1.2793298658695489,1.3699127378552534,1.3698292521387079,1.3526983200404652,1.3074456474676115,1.1775332218405437
2026-09-04,1.2793298658695489,1.3699127378552534,1.369704788193614,1.3525754126276097,1.3073268517541854,1.1774262300895348
2026-09-07,1.2793298658695489,1.3699127378552534,1.3699305856161297,1.3527983862527018,1.3075423661015515,1.1776203301687986
2026-09-08,1.2793298658695489,1.3699127378552534,1.3695935416586182,1.3524655573293936,1.3072206715147514,1.177330600294385
2026-09-09,1.2793298658695489,1.3699127378552534,1.3697653679898987,1.3526352348197075,1.3073846726766494,1.1774783057205567
2026-09-10,1.2793298658695489,1.3699127378552534,1.369692672234357,1.3525634481891902,1.3073152875696925,1.1774158149633303
2026-09-11,1.2793298658695489,1.3699127378552534,1.3690251930243837,1.3519043163998938,1.3066782061330886,1.176842036192433
2026-09-14,1.2793298658695489,1.3699127378552534,1.369156265674527,1.3520337498700692,1.306803309583511,1.1769547089213714
2026-09-15,1.2793298658695489,1.3699127378552534,1.3695825271502031,1.352454680567194,1.307210158619758,1.1773211319978358
2026-09-16,1.2793298658695489,1.3699127378552534,1.3699305856161297,1.3527983862527018,1.3075423661015515,1.1776203301687986
