date,DR001,R001,DR007,R007,M0017139,BENCHMARK
2011-06-27,1.0,1.0,1.0,1.0,1.0,0.9998000399920016
2011-06-28,0.9998000399920016,0.9998000399920016,0.9998000399920016,0.9998000399920016,0.9998000399920016,0.9998218170740656
2011-06-29,0.9998559017248946,0.9998559017248946,0.9998559017248946,0.9998559017248946,0.9998559017248946,0.9997659541244236
2011-06-30,1.0002923806886854,1.0002923806886854,1.0002923806886854,1.0002923806886854,1.0002923806886854,0.9993294656534935
2011-07-01,0.9986979542786556,0.9986979542786556,0.9986979542786556,0.9986979542786556,0.9986979542786556,1.0009239267924226
2011-07-04,0.9990170289224678,0.9990170289224678,0.9990170289224678,0.9990170289224678,0.9990170289224678,1.000604845198706
2011-07-05,0.9986686031986609,0.9986686031986609,0.9986686031986609,0.9986686031986609,0.9986686031986609,1.0009532785117259
2011-07-06,0.9988191458347622,0.9988191458347622,0.9988191458347622,0.9988191458347622,0.9988191458347622,1.0008027325965894
2011-07-07,0.9992849758785478,0.9992849758785478,0.9992849758785478,0.9992849758785478,0.9992849758785478,1.000336892406356
2011-07-08,0.9989498054811898,0.9989498054811898,0.9989498054811898,0.9989498054811898,0.9989498054811898,1.000672070104207
2011-07-11,0.9998966145132742,0.9998966145132742,0.9998966145132742,0.9998966145132742,0.9998966145132742,0.9997252404492609
2011-07-12,0.9991136034437405,0.9991136034437405,0.9991136034437405,0.9991136034437405,0.9991136034437405,1.0005082685739013
2011-07-13,1.0001749763687071,1.0001749763687071,1.0001749763687071,1.0001749763687071,1.0001749763687071,0.9994468725307067
2011-07-14,1.0014900941142721,1.0014900941142721,1.0014900941142721,1.0014900941142721,1.0014900941142721,0.9981317261399868
2011-07-15,1.0023176052083138,1.0023176052083138,1.0023176052083138,1.0023176052083138,1.0023176052083138,0.9973041970215639
2011-07-18,1.0041004466157286,1.0041004466157286,1.0041004466157286,1.0041004466157286,1.0041004466157286,0.9955213167813005
2011-07-19,1.0089443216238718,1.0089443216238718,1.0089443216238718,1.0089443216238718,1.0089443216238718,0.9906773362665965
2011-07-20,1.0131642494798716,1.0131642494798716,1.0131642494798716,1.0131642494798716,1.0131642494798716,0.986457316494502
2011-07-21,1.014931941942773,1.014931941942773,1.014931941942773,1.014931941942773,1.014931941942773,0.9846895855287177
2011-07-22,1.013943473313277,1.013943473313277,1.013943473313277,1.013943473313277,1.013943473313277,0.9856780756884813
2011-07-25,1.0128139301380004,1.0128139301380004,1.0128139301380004,1.0128139301380004,1.0128139301380004,0.9868076434668321
2011-07-26,1.0135211964849673,1.0135211964849673,1.0135211964849673,1.0135211964849673,1.0135211964849673,0.9861003617145873
2011-07-27,1.0134691219882028,1.0134691219882028,1.0134691219882028,1.0134691219882028,1.0134691219882028,0.9861524373456093
2011-07-28,1.013335621914679,1.013335621914679,1.013335621914679,1.013335621914679,1.013335621914679,0.9862859403269567
2011-07-29,1.0126614938838348,1.0126614938838348,1.0126614938838348,1.0126614938838348,1.0126614938838348,0.9869600830412782
2011-08-01,1.011799897664638,1.011799897664638,1.011799897664638,1.011799897664638,1.011799897664638,0.9878216980272794
2011-08-02,1.0120640573845896,1.0120640573845896,1.0120640573845896,1.0120640573845896,1.0120640573845896,0.9875575325535493
2011-08-03,1.0154877188446065,1.0154877188446065,1.0154877188446065,1.0154877188446065,1.0154877188446065,0.9841337965212643
2011-08-04,1.014292845846116,1.014292845846116,1.014292845846116,1.014292845846116,1.014292845846116,0.9853286955458064
2011-08-05,1.0108322588338479,1.0108322588338479,1.0108322588338479,1.0108322588338479,1.0108322588338479,0.9887893579346341
2011-08-08,1.0090986514961018,1.0090986514961018,1.0090986514961018,1.0090986514961018,1.0090986514961018,0.9905230030328404
2011-08-09,1.0067865438397516,1.0067865438397516,1.0067865438397516,1.0067865438397516,1.0067865438397516,0.9928351610502186
2011-08-10,1.0065659373352762,1.0065659373352762,1.0065659373352762,1.0065659373352762,1.0065659373352762,0.9930557723598209
2011-08-11,1.0038997231009268,1.0038997231009268,1.0038997231009268,1.0038997231009268,1.0038997231009268,0.995722044668149
2011-08-12,1.0041695636750707,1.0041695636750707,1.0041695636750707,1.0041695636750707,1.0041695636750707,0.9954521982164894
2011-08-15,1.0038646911667395,1.0038646911667395,1.0038646911667395,1.0038646911667395,1.0038646911667395,0.995757077365382
2011-08-16,1.0056475325741543,1.0056475325741543,1.0056475325741543,1.0056475325741543,1.0056475325741543,0.9939741971251187
2011-08-17,1.0049620428349253,1.0049620428349253,1.0049620428349253,1.0049620428349253,1.0049620428349253,0.9946597017952995
2011-08-18,1.0058946497315282,1.0058946497315282,1.0058946497315282,1.0058946497315282,1.0058946497315282,0.9937270745851777
2011-08-19,1.003489754790034,1.003489754790034,1.003489754790034,1.003489754790034,1.003489754790034,0.9961320219087406
2011-08-22,1.0040104997576806,1.0040104997576806,1.0040104997576806,1.0040104997576806,1.0040104997576806,0.9956112655985204
2011-08-23,1.0048654683136526,1.0048654683136526,1.0048654683136526,1.0048654683136526,1.0048654683136526,0.9947562784201041
2011-08-24,1.005396628180652,1.005396628180652,1.005396628180652,1.005396628180652,1.005197787490291,0.9942251069836794
2011-08-25,1.0073811399119008,1.0073811399119008,1.0073811399119008,1.0073811399119008,1.005197787490291,0.9922405520269124
2011-08-26,1.0077802521104313,1.0077802521104313,1.0077802521104313,1.0077802521104313,1.005197787490291,0.9916431025146415
2011-08-29,1.0077802521104313,1.0077802521104313,1.0077802521104313,1.0077802521104313,1.005197787490291,0.9856468303098681
2011-08-30,1.0077802521104313,1.0077802521104313,1.0077802521104313,1.0077802521104313,1.005197787490291,0.9823367138361768
2011-08-31,1.0077802521104313,1.0077802521104313,1.0077802521104313,1.0077802521104313,1.005197787490291,0.9831850732070084
2011-09-01,1.0077802521104313,1.0077802521104313,1.0077802521104313,1.0077802521104313,1.005197787490291,0.9849386017279685
2011-09-02,1.0077802521104313,1.0077802521104313,1.0077802521104313,1.0077802521104313,1.005197787490291,0.9852368530692764
2011-09-05,1.0077802521104313,1.0077802521104313,1.0077802521104313,1.0077802521104313,1.005197787490291,0.9863730486552118
2011-09-06,1.0077802521104313,1.0077802521104313,1.0077802521104313,1.0077802521104313,1.005197787490291,0.9885242456312492
2011-09-07,1.0077802521104313,1.0077802521104313,1.0077802521104313,1.0077802521104313,1.005197787490291,0.9865415843337921
2011-09-08,1.0077802521104313,1.0077802521104313,1.0077802521104313,1.0077802521104313,1.005197787490291,0.9857888547581101
2011-09-09,1.0077802521104313,1.0077802521104313,1.0077802521104313,1.0077802521104313,1.005197787490291,0.9877412175066088
2011-09-13,1.0077802521104313,1.0077802521104313,1.0075787363631588,1.0075787363631588,1.005197787490291,0.988876466262889
2011-09-14,1.0077802521104313,1.0077802521104313,1.0079694547301445,1.0079694547301445,1.005197787490291,0.988493000252636
2011-09-15,1.0077802521104313,1.0077802521104313,1.0094127008462213,1.0094127008462213,1.005197787490291,0.9870765430888366
2011-09-16,1.0077802521104313,1.0077802521104313,1.0108636648559666,1.0108636648559666,1.005197787490291,0.9856525112877979
2011-09-19,1.0077802521104313,1.0077802521104313,1.0113296326862238,1.0113296326862238,1.005197787490291,0.985195192564459
2011-09-20,1.0077802521104313,1.0077802521104313,1.0114434341860552,1.0114434341860552,1.005197787490291,0.9848865260969465
2011-09-21,1.0077802521104313,1.0077802521104313,1.0114434341860552,1.0114434341860552,1.005197787490291,0.9854697731643933
2011-09-22,1.0077802521104313,1.0077802521104313,1.0114434341860552,1.0114434341860552,1.005197787490291,0.98631529204626
2011-09-23,1.0077802521104313,1.0077802521104313,1.0114434341860552,1.0114434341860552,1.005197787490291,0.9926846151350822
2011-09-26,1.0077802521104313,1.0077802521104313,1.0114434341860552,1.0114434341860552,1.005197787490291,0.9982188344682417
2011-09-27,1.0077802521104313,1.0077802521104313,1.0114434341860552,1.0114434341860552,1.005197787490291,0.9968904324623525
2011-09-28,1.0077802521104313,1.0077802521104313,1.0114434341860552,1.0114434341860552,1.005197787490291,0.9960449135804856
2011-09-29,1.0077802521104313,1.0077802521104313,1.0114434341860552,1.0114434341860552,1.005197787490291,0.9983191984116662
2011-09-30,1.0077802521104313,1.0077802521104313,1.0114434341860552,1.0114434341860552,1.005197787490291,1.0000812483995207
2011-10-08,1.0077802521104313,1.0077802521104313,1.0114434341860552,1.0114434341860552,1.005197787490291,1.001126548338581
2011-10-09,1.0077802521104313,1.0077802521104313,1.0114434341860552,1.0114434341860552,1.005197787490291,1.0049081859804354
2011-10-10,1.0077802521104313,1.0077802521104313,1.0114434341860552,1.0114434341860552,1.005197787490291,1.0063483138856086
2011-10-11,1.0077802521104313,1.0077802521104313,1.0114434341860552,1.0114434341860552,1.005197787490291,1.0074400084777613
2011-10-12,1.0077802521104313,1.0077802521104313,1.0114434341860552,1.0114434341860552,1.005197787490291,1.006812260416532
2011-10-13,1.0077802521104313,1.0077802521104313,1.0114434341860552,1.0114434341860552,1.005197787490291,1.0053361529844713
2011-10-14,1.0077802521104313,1.0077802521104313,1.0114434341860552,1.0114434341860552,1.005197787490291,1.0069864770730421
2011-10-17,1.0077802521104313,1.0077802521104313,1.0114434341860552,1.0114434341860552,1.005197787490291,1.0061778845477183
2011-10-18,1.0077802521104313,1.0077802521104313,1.0114434341860552,1.0114434341860552,1.005197787490291,1.0097493260061747
2011-10-19,1.0077802521104313,1.0077802521104313,1.0114434341860552,1.0114434341860552,1.005197787490291,1.0105673868280483
2011-10-20,1.0077802521104313,1.0077802521104313,1.0114434341860552,1.0114434341860552,1.005197787490291,1.0112992861513215
2011-10-21,1.0077802521104313,1.0077802521104313,1.0114434341860552,1.0114434341860552,1.005197787490291,1.0105475034052942
2011-10-24,1.0077802521104313,1.0077802521104313,1.0114434341860552,1.0114434341860552,1.005197787490291,1.009852530438564
2011-10-25,1.0077802521104313,1.0077802521104313,1.0114434341860552,1.0114434341860552,1.005197787490291,1.007689024677012
2011-10-26,1.0077802521104313,1.0077802521104313,1.0114434341860552,1.0114434341860552,1.005197787490291,1.007146491284728
2011-10-27,1.0077802521104313,1.0077802521104313,1.0114434341860552,1.0114434341860552,1.005197787490291,1.006481816866956
2011-10-28,1.0077802521104313,1.0077802521104313,1.0114434341860552,1.0114434341860552,1.005197787490291,1.006743141851721
2011-10-31,1.0077802521104313,1.0077802521104313,1.0114434341860552,1.0114434341860552,1.005197787490291,1.0074911372791284
2011-11-01,1.0077802521104313,1.0077802521104313,1.0114434341860552,1.0114434341860552,1.005197787490291,1.0103183706287973
2011-11-02,1.0077802521104313,1.0077802521104313,1.0114434341860552,1.0114434341860552,1.005197787490291,1.011726306325702
2011-11-03,1.0077802521104313,1.0077802521104313,1.0114434341860552,1.0114434341860552,1.005197787490291,1.0117906907422383
2011-11-04,1.0077802521104313,1.0077802521104313,1.0114434341860552,1.0114434341860552,1.005197787490291,1.0121145064842298
2011-11-07,1.0077802521104313,1.0077802521104313,1.0114434341860552,1.0114434341860552,1.005197787490291,1.0119668010580583
2011-11-08,1.0077802521104313,1.0077802521104313,1.0114434341860552,1.0114434341860552,1.005197787490291,1.013465632401838
2011-11-09,1.0077802521104313,1.0077802521104313,1.0114434341860552,1.0114434341860552,1.005197787490291,1.0164898063197358
2011-11-10,1.0077802521104313,1.0077802521104313,1.0114434341860552,1.0114434341860552,1.005197787490291,1.0235872414132112
2011-11-11,1.0077802521104313,1.0077802521104313,1.0114434341860552,1.0114434341860552,1.005197787490291,1.022537207325876
2011-11-14,1.0077802521104313,1.0077802521104313,1.0114434341860552,1.0114434341860552,1.005197787490291,1.022276829170766
2011-11-15,1.0077802521104313,1.0077802521104313,1.0114434341860552,1.0114434341860552,1.005197787490291,1.0190822259149779
2011-11-16,1.0077802521104313,1.0077802521104313,1.0114434341860552,1.0114434341860552,1.005197787490291,1.0195906734396838
2011-11-17,1.0077802521104313,1.0077802521104313,1.0114434341860552,1.0114434341860552,1.005197787490291,1.0182395475220758
2011-11-18,1.0077802521104313,1.0077802521104313,1.0114434341860552,1.0114434341860552,1.005197787490291,1.0182272387365616
2011-11-21,1.0077802521104313,1.0077802521104313,1.0114434341860552,1.0114434341860552,1.005197787490291,1.016800366446558
2011-11-22,1.0077802521104313,1.0077802521104313,1.0114434341860552,1.0114434341860552,1.005197787490291,1.017304079822989
2011-11-23,1.0077802521104313,1.0077802521104313,1.0114434341860552,1.0114434341860552,1.005197787490291,1.0203329878891616
2011-11-24,1.0077802521104313,1.0077802521104313,1.0114434341860552,1.0114434341860552,1.005197787490291,1.0203159449553727
2011-11-25,1.0077802521104313,1.0077802521104313,1.0114434341860552,1.0114434341860552,1.005197787490291,1.0196607388341499
2011-11-28,1.0077802521104313,1.0077802521104313,1.0114434341860552,1.0114434341860552,1.005197787490291,1.0197412193548203
2011-11-29,1.0077802521104313,1.0077802521104313,1.0114434341860552,1.0114434341860552,1.005197787490291,1.0190888537225624
2011-11-30,1.0077802521104313,1.0077802521104313,1.0114434341860552,1.0114434341860552,1.005197787490291,1.019869988187893
2011-12-01,1.0077802521104313,1.0077802521104313,1.0114434341860552,1.0114434341860552,1.005197787490291,1.0281954613438338
2011-12-02,1.0077802521104313,1.0077802521104313,1.0114434341860552,1.0114434341860552,1.005197787490291,1.030150664581297
2011-12-05,1.0077802521104313,1.0077802521104313,1.0114434341860552,1.0114434341860552,1.005197787490291,1.0318596921084746
2011-12-06,1.0077802521104313,1.0077802521104313,1.0114434341860552,1.0114434341860552,1.005197787490291,1.031401426555481
2011-12-07,1.0077802521104313,1.0077802521104313,1.0114434341860552,1.0114434341860552,1.005197787490291,1.0301752821523258
2011-12-08,1.0077802521104313,1.0077802521104313,1.0114434341860552,1.0114434341860552,1.005197787490291,1.029910169848941
2011-12-09,1.0077802521104313,1.0077802521104313,1.0114434341860552,1.0114434341860552,1.005197787490291,1.0303551797867656
2011-12-12,1.0077802521104313,1.0077802521104313,1.0114434341860552,1.0114434341860552,1.005197787490291,1.0298751371517079
2011-12-13,1.0077802521104313,1.0077802521104313,1.0114434341860552,1.0114434341860552,1.005197787490291,1.029419712087679
2011-12-14,1.0077802521104313,1.0077802521104313,1.0114434341860552,1.0114434341860552,1.005197787490291,1.0297776136972483
2011-12-15,1.0077802521104313,1.0077802521104313,1.0114434341860552,1.0114434341860552,1.005197787490291,1.0296327487600416
2011-12-16,1.0077802521104313,1.0077802521104313,1.0114434341860552,1.0114434341860552,1.005197787490291,1.030276592925405
2011-12-19,1.0077802521104313,1.0077802521104313,1.0114434341860552,1.0114434341860552,1.005197787490291,1.030891085371465
2011-12-20,1.0077802521104313,1.0077802521104313,1.0114434341860552,1.0114434341860552,1.005197787490291,1.0307784126425261
2011-12-21,1.0077802521104313,1.0077802521104313,1.0114434341860552,1.0114434341860552,1.005197787490291,1.030503832042592
2011-12-22,1.0077802521104313,1.0077802521104313,1.0114434341860552,1.0114434341860552,1.005197787490291,1.0297122824510572
2011-12-23,1.0077802521104313,1.0077802521104313,1.0114434341860552,1.0114434341860552,1.005197787490291,1.0297634112524243
2011-12-26,1.0077802521104313,1.0077802521104313,1.0114434341860552,1.0114434341860552,1.005197787490291,1.0304886827681128
2011-12-27,1.0077802521104313,1.0077802521104313,1.0114434341860552,1.0114434341860552,1.005197787490291,1.0318047759884879
2011-12-28,1.0077802521104313,1.0077802521104313,1.0114434341860552,1.0114434341860552,1.005197787490291,1.0313512445837687
2011-12-29,1.0077802521104313,1.0077802521104313,1.0114434341860552,1.0114434341860552,1.005197787490291,1.0323709801221457
2011-12-30,1.0077802521104313,1.0077802521104313,1.0114434341860552,1.0114434341860552,1.005197787490291,1.0333339058812259
2011-12-31,1.0077802521104313,1.0077802521104313,1.0114434341860552,1.0114434341860552,1.005197787490291,1.0349643465470428
2012-01-04,1.0077802521104313,1.0077802521104313,1.0114434341860552,1.0114434341860552,1.005197787490291,1.0333206502660566
2012-01-05,1.0077802521104313,1.0077802521104313,1.0114434341860552,1.0114434341860552,1.005197787490291,1.0332335419378016
2012-01-06,1.0077802521104313,1.0077802521104313,1.0114434341860552,1.0114434341860552,1.005197787490291,1.0347011279029679
2012-01-09,1.0077802521104313,1.0077802521104313,1.0112411859488655,1.0112411859488655,1.005197787490291,1.0361403089784857
2012-01-10,1.0077802521104313,1.0077802521104313,1.010939936936579,1.010939936936579,1.0049967881326647,1.0364489754459982
2012-01-11,1.0077802521104313,1.0077802521104313,1.012436017154038,1.012436017154038,1.0064831872805098,1.0349160582346404
2012-01-12,1.0077802521104313,1.0077802521104313,1.0119785991752597,1.0119785991752597,1.006028729233454,1.035384738913839
2012-01-13,1.0077802521104313,1.0077802521104313,1.0121061217632827,1.0121061217632827,1.0061554266283907,1.0352540764214564
2012-01-16,1.0075787363631588,1.0075787363631588,1.0125395137472162,1.0125395137472162,1.0065860141517626,1.0348100133132867
2012-01-17,1.0069979307935808,1.0069979307935808,1.0119573454105892,1.0119573454105892,1.0060076130009645,1.0354065159959025
2012-01-18,1.0068965202973053,1.0068965202973053,1.0118556969708605,1.0118556969708605,1.0059066223238409,1.0355106672579468
2012-01-19,1.0050019878441578,1.0050019878441578,1.0099567193013865,1.0099567193013865,1.004019932855761,1.0374564021988608
2012-01-20,1.0051624008109938,1.0051624008109938,1.0101175086515026,1.0101175086515026,1.0041796817450293,1.0372916538389
2012-01-21,1.0047420082082514,1.0047420082082514,1.0096961296649916,1.0096961296649916,1.0037610294834989,1.0377234081615556
2012-01-29,1.0046913029601137,1.0046913029601137,1.0096453054451273,1.0096453054451273,1.0037105341449373,1.0377754837925777
2012-01-30,1.0056362644026813,1.0056362644026813,1.0105924840880522,1.0105924840880522,1.0046515836363155,1.0368049833962578
2012-01-31,1.0058704304577173,1.0058704304577173,1.0108271995761526,1.0108271995761526,1.0048847802907641,1.0365644886639018
2012-02-01,1.0077787916149024,1.0077787916149024,1.0127400383964988,1.0127400383964988,1.0067852412148155,1.0346045512781634
2012-02-02,1.00922435214363,1.00922435214363,1.0141889907009929,1.0141889907009929,1.0082248174123576,1.033119922379208
2012-02-03,1.0093571077023906,1.0093571077023906,1.014322057749365,1.014322057749365,1.008357023389683,1.0329835789088957
2012-02-06,1.0109501744075189,1.0109501744075189,1.0159188623298279,1.0159188623298279,1.0099434951175867,1.0313474572651489
2012-02-07,1.0116701889310753,1.0116701889310753,1.0166405662519005,1.0166405662519005,1.0106605289251636,1.030607983304636
2012-02-08,1.013134187731853,1.013134187731853,1.0181080000908906,1.0181080000908906,1.0121184670640009,1.0291044178125817
2012-02-09,1.0153541556866843,1.0153541556866843,1.020333176844221,1.020333176844221,1.0143292447959409,1.0268244520034717
2012-02-10,1.0150333297530127,1.0150333297530127,1.0200115981439888,1.0200115981439888,1.0140097470174045,1.0271539487233932
2012-02-13,1.0147383174002111,1.0147383174002111,1.0197158935920512,1.0197158935920512,1.0137159559566817,1.0274569342129756
2012-02-14,1.0135121723088798,1.0135121723088798,1.0184868715480606,1.0184868715480606,1.0124948868605523,1.0287162176540539
2012-02-15,1.0157026390284312,1.0157026390284312,1.0206824778461971,1.0206824778461971,1.0146762854864197,1.026466550393902
2012-02-16,1.015837238414397,1.015837238414397,1.0208173930480187,1.0208173930480187,1.0148103276578746,1.02632831326428
2012-02-17,1.016244724226704,1.016244724226704,1.0212258349603824,1.0212258349603824,1.0152161265604982,1.0259098145567938
2012-02-20,1.0145677633837478,1.0145677633837478,1.0195449393979623,1.0195449393979623,1.0135461079997012,1.0276320976991407
2012-02-21,1.0138872323915769,1.0138872323915769,1.019063495424339,1.019063495424339,1.0130677794289618,1.0281253959493677
2012-02-22,1.0138872323915769,1.0138872323915769,1.0193555036693773,1.0193555036693773,1.0133578981014257,1.0278261977784047
2012-02-23,1.0138872323915769,1.0138872323915769,1.0196447396842412,1.0196447396842412,1.0136452624826953,1.0275298400964066
2012-02-24,1.0138872323915769,1.0138872323915769,1.0197260584360242,1.0197260584360242,1.013726055024394,1.0274465190867712
2012-02-27,1.0138872323915769,1.0138872323915769,1.020910724797224,1.020910724797224,1.0149030554614153,1.0262326834691304
2012-02-28,1.0138872323915769,1.0138872323915769,1.0211860996612159,1.0211860996612159,1.0151766483867135,1.0259505282319565
2012-02-29,1.0138872323915769,1.0138872323915769,1.0204717883529417,1.0204717883529417,1.0144669593556546,1.0266824275552298
2012-03-01,1.0138872323915769,1.0138872323915769,1.0209606249403635,1.0209606249403635,1.0149526327029124,1.0261815546677633
2012-03-02,1.0138872323915769,1.0138872323915769,1.0220630484730557,1.0220630484730557,1.0160479225011698,1.0250519868894126
2012-03-05,1.0138872323915769,1.0138872323915769,1.0226720150347022,1.0226720150347022,1.016652948466846,1.0244280261468033
2012-03-06,1.0138872323915769,1.0138872323915769,1.0214466892976108,1.0214466892976108,1.0154355517589755,1.0256835222692617
2012-03-07,1.0138872323915769,1.0138872323915769,1.020673237078949,1.020673237078949,1.0146671045157722,1.0264760186904516
2012-03-08,1.0138872323915769,1.0138872323915769,1.0201096404667065,1.0201096404667065,1.014306292369322,1.0268481227448454
2012-03-09,1.0138872323915769,1.0138872323915769,1.0201096404667065,1.0201096404667065,1.0141392947364887,1.0268149837069223
2012-03-12,1.0138872323915769,1.0138872323915769,1.0201096404667065,1.0201096404667065,1.0141392947364887,1.027253365837162
2012-03-13,1.0138872323915769,1.0138872323915769,1.0201096404667065,1.0201096404667065,1.0141392947364887,1.0268594847007046
2012-03-14,1.0138872323915769,1.0138872323915769,1.0201096404667065,1.0201096404667065,1.0141392947364887,1.0264504542897679
2012-03-15,1.0138872323915769,1.0138872323915769,1.0201096404667065,1.0201096404667065,1.0141392947364887,1.0258208125692287
2012-03-16,1.0138872323915769,1.0138872323915769,1.0201096404667065,1.0201096404667065,1.0141392947364887,1.0259751458029849
2012-03-19,1.0138872323915769,1.0138872323915769,1.0201096404667065,1.0201096404667065,1.0141392947364887,1.0253758026314042
2012-03-20,1.0138872323915769,1.0138872323915769,1.0201096404667065,1.0201096404667065,1.0141392947364887,1.0254922626789627
2012-03-21,1.0138872323915769,1.0138872323915769,1.0201096404667065,1.0201096404667065,1.0141392947364887,1.0251144776466392
2012-03-22,1.0138872323915769,1.0138872323915769,1.0201096404667065,1.0201096404667065,1.0141392947364887,1.0256333402975497
2012-03-23,1.0138872323915769,1.0138872323915769,1.0201096404667065,1.0201096404667065,1.0141392947364887,1.0268613783600145
2012-03-26,1.0138872323915769,1.0138872323915769,1.0201096404667065,1.0201096404667065,1.0141392947364887,1.0270393823351445
2012-03-27,1.0138872323915769,1.0138872323915769,1.0201096404667065,1.0201096404667065,1.0141392947364887,1.026991094022742
2012-03-28,1.0138872323915769,1.0138872323915769,1.0201096404667065,1.0201096404667065,1.0141392947364887,1.0272543126668172
2012-03-29,1.0138872323915769,1.0138872323915769,1.0201096404667065,1.0201096404667065,1.0141392947364887,1.0279284553811385
2012-03-30,1.0138872323915769,1.0138872323915769,1.0201096404667065,1.0201096404667065,1.0141392947364887,1.0287237922912933
2012-03-31,1.0138872323915769,1.0138872323915769,1.0201096404667065,1.0201096404667065,1.0141392947364887,1.0290201499732916
2012-04-01,1.0138872323915769,1.0138872323915769,1.0201096404667065,1.0201096404667065,1.0141392947364887,1.0279019441508004
2012-04-05,1.0138872323915769,1.0138872323915769,1.0201096404667065,1.0201096404667065,1.0141392947364887,1.0277892714218617
2012-04-06,1.0138872323915769,1.0138872323915769,1.0201096404667065,1.0201096404667065,1.0141392947364887,1.027784537273587
2012-04-09,1.0138872323915769,1.0138872323915769,1.0201096404667065,1.0201096404667065,1.0141392947364887,1.0271548955530478
2012-04-10,1.0138872323915769,1.0138872323915769,1.0201096404667065,1.0201096404667065,1.0141392947364887,1.0271709916571818
2012-04-11,1.0138872323915769,1.0138872323915769,1.0201096404667065,1.0201096404667065,1.0141392947364887,1.0273253248909382
2012-04-12,1.0138872323915769,1.0138872323915769,1.0201096404667065,1.0201096404667065,1.0141392947364887,1.0270469569723841
2012-04-13,1.0138872323915769,1.0138872323915769,1.0201096404667065,1.0201096404667065,1.0141392947364887,1.0276917479674024
2012-04-16,1.0138872323915769,1.0138872323915769,1.0201096404667065,1.0201096404667065,1.0141392947364887,1.027595171342598
2012-04-17,1.0138872323915769,1.0138872323915769,1.0201096404667065,1.0201096404667065,1.0141392947364887,1.0279142529363148
2012-04-18,1.0138872323915769,1.0138872323915769,1.0201096404667065,1.0201096404667065,1.0141392947364887,1.0275705537715694
2012-04-19,1.0138872323915769,1.0138872323915769,1.0201096404667065,1.0201096404667065,1.0141392947364887,1.0269513271772344
2012-04-20,1.0138872323915769,1.0138872323915769,1.0201096404667065,1.0201096404667065,1.0141392947364887,1.0271908750799357
2012-04-23,1.0138872323915769,1.0138872323915769,1.0201096404667065,1.0201096404667065,1.0141392947364887,1.0270800960103073
2012-04-24,1.0138872323915769,1.0138872323915769,1.0201096404667065,1.0201096404667065,1.0141392947364887,1.0277087909011915
2012-04-25,1.0138872323915769,1.0138872323915769,1.0201096404667065,1.0201096404667065,1.0141392947364887,1.0275535108377802
2012-04-26,1.0138872323915769,1.0138872323915769,1.0201096404667065,1.0201096404667065,1.0141392947364887,1.0276529279515494
2012-04-27,1.0138872323915769,1.0138872323915769,1.0201096404667065,1.0201096404667065,1.0141392947364887,1.0280202978576687
2012-04-28,1.0138872323915769,1.0138872323915769,1.0201096404667065,1.0201096404667065,1.0141392947364887,1.0278849012170113
2012-05-02,1.0138872323915769,1.0138872323915769,1.0201096404667065,1.0201096404667065,1.0141392947364887,1.0277012162639518
2012-05-03,1.0138872323915769,1.0138872323915769,1.0201096404667065,1.0201096404667065,1.0141392947364887,1.0280089359018092
2012-05-04,1.0138872323915769,1.0138872323915769,1.0201096404667065,1.0201096404667065,1.0141392947364887,1.027589490364668
2012-05-07,1.0138872323915769,1.0138872323915769,1.0201096404667065,1.0201096404667065,1.0141392947364887,1.0279284553811385
2012-05-08,1.0138872323915769,1.0138872323915769,1.0201096404667065,1.0201096404667065,1.0141392947364887,1.0279549666114773
2012-05-09,1.0138872323915769,1.0138872323915769,1.0201096404667065,1.0201096404667065,1.0141392947364887,1.0279559134411322
2012-05-10,1.0138872323915769,1.0138872323915769,1.0201096404667065,1.0201096404667065,1.0141392947364887,1.0287389415657726
2012-05-11,1.0138872323915769,1.0138872323915769,1.0201096404667065,1.0201096404667065,1.0141392947364887,1.029769092230354
2012-05-14,1.0138872323915769,1.0138872323915769,1.0201096404667065,1.0201096404667065,1.0141392947364887,1.034329023848574
2012-05-15,1.0138872323915769,1.0138872323915769,1.0201096404667065,1.0201096404667065,1.0141392947364887,1.0377035247388018
2012-05-16,1.0138872323915769,1.0138872323915769,1.0201096404667065,1.0201096404667065,1.0141392947364887,1.0396568343169554
2012-05-17,1.0138872323915769,1.0138872323915769,1.0201096404667065,1.0201096404667065,1.0141392947364887,1.0383379006076157
2012-05-18,1.0138872323915769,1.0138872323915769,1.0201096404667065,1.0201096404667065,1.0141392947364887,1.0398272636548458
2012-05-21,1.0138872323915769,1.0138872323915769,1.0201096404667065,1.0201096404667065,1.0141392947364887,1.0380813097711252
2012-05-22,1.0138872323915769,1.0138872323915769,1.0201096404667065,1.0201096404667065,1.0141392947364887,1.0382962401027982
2012-05-23,1.0138872323915769,1.0138872323915769,1.0201096404667065,1.0201096404667065,1.0141392947364887,1.0383757737938133
2012-05-24,1.0138872323915769,1.0138872323915769,1.0201096404667065,1.0201096404667065,1.0141392947364887,1.0402381877250921
2012-05-25,1.0138872323915769,1.0138872323915769,1.0201096404667065,1.0201096404667065,1.0141392947364887,1.0444307494371934
2012-05-28,1.0138872323915769,1.0138872323915769,1.0201096404667065,1.0201096404667065,1.0141392947364887,1.0417957225074785
2012-05-29,1.0138872323915769,1.0138872323915769,1.0201096404667065,1.0201096404667065,1.0141392947364887,1.040734326464284
2012-05-30,1.0138872323915769,1.0138872323915769,1.0201096404667065,1.0201096404667065,1.0141392947364887,1.0400592369203077
2012-05-31,1.0138872323915769,1.0138872323915769,1.0201096404667065,1.0201096404667065,1.0141392947364887,1.0409378948400976
2012-06-01,1.0138872323915769,1.0138872323915769,1.0201096404667065,1.0201096404667065,1.0141392947364887,1.0414359272385991
2012-06-04,1.0138872323915769,1.0138872323915769,1.0201096404667065,1.0201096404667065,1.0141392947364887,1.0414027882006758
2012-06-05,1.0138872323915769,1.0138872323915769,1.0201096404667065,1.0201096404667065,1.0141392947364887,1.0406074512905212
2012-06-06,1.0138872323915769,1.0138872323915769,1.0201096404667065,1.0201096404667065,1.0141392947364887,1.040264698955431
2012-06-07,1.0138872323915769,1.0138872323915769,1.0201096404667065,1.0201096404667065,1.0141392947364887,1.0398310509734656
2012-06-08,1.0138872323915769,1.0138872323915769,1.0201096404667065,1.0201096404667065,1.0141392947364887,1.0438976843414587
2012-06-11,1.0138872323915769,1.0138872323915769,1.0201096404667065,1.0201096404667065,1.0141392947364887,1.0416735814819904
2012-06-12,1.0138872323915769,1.0138872323915769,1.0201096404667065,1.0201096404667065,1.0141392947364887,1.0408990748242446
2012-06-13,1.0138872323915769,1.0138872323915769,1.0201096404667065,1.0201096404667065,1.0141392947364887,1.0399721285920525
2012-06-14,1.0138872323915769,1.0138872323915769,1.0201096404667065,1.0201096404667065,1.0141392947364887,1.0388851681481746
2012-06-15,1.0138872323915769,1.0138872323915769,1.0201096404667065,1.0201096404667065,1.0141392947364887,1.0387914320123348
2012-06-18,1.0138872323915769,1.0138872323915769,1.0201096404667065,1.0201096404667065,1.0141392947364887,1.0375198397857421
2012-06-19,1.0138872323915769,1.0138872323915769,1.0201096404667065,1.0201096404667065,1.0141392947364887,1.0372575679713223
2012-06-20,1.0138872323915769,1.0138872323915769,1.0201096404667065,1.0201096404667065,1.0141392947364887,1.037187502576856
2012-06-21,1.0138872323915769,1.0138872323915769,1.0201096404667065,1.0201096404667065,1.0141392947364887,1.0373389953216476
2012-06-25,1.0138872323915769,1.0138872323915769,1.0201096404667065,1.0201096404667065,1.0141392947364887,1.0397562514307246
2012-06-26,1.0138872323915769,1.0138872323915769,1.0201096404667065,1.0201096404667065,1.0141392947364887,1.0404228195078067
2012-06-27,1.0138872323915769,1.0138872323915769,1.0201096404667065,1.0201096404667065,1.0141392947364887,1.0423060636914945
2012-06-28,1.0138872323915769,1.0138872323915769,1.0201096404667065,1.0201096404667065,1.0141392947364887,1.0430834108382052
2012-06-29,1.0138872323915769,1.0138872323915769,1.0201096404667065,1.0201096404667065,1.0141392947364887,1.0441627966448435
2012-07-02,1.0138872323915769,1.0138872323915769,1.0201096404667065,1.0201096404667065,1.0141392947364887,1.0437887989311398
2012-07-03,1.0138872323915769,1.0138872323915769,1.0201096404667065,1.0201096404667065,1.0141392947364887,1.0443209171972196
2012-07-04,1.0138872323915769,1.0138872323915769,1.0201096404667065,1.0201096404667065,1.0141392947364887,1.0438181506504434
2012-07-05,1.0138872323915769,1.0138872323915769,1.0201096404667065,1.0201096404667065,1.0141392947364887,1.0441902547048372
2012-07-06,1.0136844954924784,1.0136844954924784,1.0201096404667065,1.0201096404667065,1.0141392947364887,1.0458604622161618
2012-07-09,1.0114847676873744,1.0114847676873744,1.0201096404667065,1.0201096404667065,1.0141392947364887,1.0481300128990674
2012-07-10,1.0106056107256347,1.0106056107256347,1.0201096404667065,1.0201096404667065,1.0141392947364887,1.049037075708506
2012-07-11,1.0097218652620072,1.0097218652620072,1.0201096404667065,1.0201096404667065,1.0141392947364887,1.0499488726662192
2012-07-12,1.0090657094920241,1.0090657094920241,1.0201096404667065,1.0201096404667065,1.0141392947364887,1.0506258558695054
2012-07-13,1.009379563021163,1.009379563021163,1.0199056593348395,1.0199056593348395,1.0139365074350017,1.0503020401275136
2012-07-16,1.010417482148227,1.010417482148227,1.0209455322083152,1.0209455322083152,1.0149702942954413,1.0492311757877697
2012-07-17,1.0117967858157577,1.0117967858157577,1.0223274322338094,1.0223274322338094,1.0163441065423384,1.047808090816386
2012-07-18,1.01267502507712,1.01267502507712,1.0232073246652118,1.0232073246652118,1.0172188492704028,1.0469019748366026
2012-07-19,1.0129631829956858,1.0129631829956858,1.023496025003206,1.023496025003206,1.0175058599460685,1.0466046703249494
2012-07-20,1.0121400057569798,1.0121400057569798,1.0226712982414838,1.0226712982414838,1.0166859600222715,1.0474539765254363
2012-07-23,1.01221250408681,1.01221250408681,1.0227439330398964,1.0227439330398964,1.016758169714557,1.0473791769826954
2012-07-24,1.0120996269403655,1.0120996269403655,1.0226308434170515,1.0226308434170515,1.0166457419658088,1.0474956370302537
2012-07-25,1.0120509888203526,1.0120509888203526,1.0225821137421671,1.0225821137421671,1.016597297488706,1.047545819001966
2012-07-26,1.0127392641035518,1.0127392641035518,1.0232716846131722,1.0232716846131722,1.017282832542048,1.0468356967607564
2012-07-27,1.0122409527985157,1.0122409527985157,1.0227724353025647,1.0227724353025647,1.0167865051634284,1.0473498252633922
2012-07-30,1.0124529415857408,1.0124529415857408,1.022984823130834,1.022984823130834,1.0169976499598576,1.0471311076130996
2012-07-31,1.0127841668159474,1.0127841668159474,1.0235199301267341,1.0235199301267341,1.017529625161251,1.0465800527539209
2012-08-01,1.0127841668159474,1.0127841668159474,1.0235796929355545,1.0235796929355545,1.0175890381992072,1.0465185088263496
2012-08-02,1.0127841668159474,1.0127841668159474,1.0236891048470873,1.0236891048470873,1.017697809761004,1.046405836097411
2012-08-03,1.0127841668159474,1.0127841668159474,1.0242140981368792,1.0242140981368792,1.0182197304482818,1.0458651963644368
2012-08-06,1.0127841668159474,1.0127841668159474,1.0242361644047513,1.0242361644047513,1.0182416675699888,1.045842472452718
2012-08-07,1.0127841668159474,1.0127841668159474,1.0249266547035845,1.0249266547035845,1.0189281166700686,1.0451314033818533
2012-08-08,1.0127841668159474,1.0127841668159474,1.025949977876156,1.025949977876156,1.0199454506892278,1.0440775819758985
2012-08-09,1.0127841668159474,1.0127841668159474,1.0262667862261656,1.0262667862261656,1.0204618870960787,1.043542623220854
2012-08-10,1.0127841668159474,1.0127841668159474,1.0262667862261656,1.0262667862261656,1.0201474550182792,1.0438683326221554
2012-08-13,1.0127841668159474,1.0127841668159474,1.0262667862261656,1.0262667862261656,1.0196008550690814,1.0444345367558132
2012-08-14,1.0125816504858502,1.0125816504858502,1.0262667862261656,1.0262667862261656,1.0197087125841404,1.0443228108565297
2012-08-15,1.013216942264158,1.013216942264158,1.0262667862261656,1.0262667862261656,1.0203412329266905,1.0436676047353068
2012-08-16,1.013815511974355,1.013815511974355,1.0262667862261656,1.0262667862261656,1.0209371913997292,1.043050271800282
2012-08-17,1.0139936140046897,1.0139936140046897,1.0262667862261656,1.0262667862261656,1.0211145164668602,1.0428665868472227
2012-08-20,1.0153596749383913,1.0153596749383913,1.0262667862261656,1.0262667862261656,1.0224746180126905,1.041457704320663
2012-08-21,1.0161859214708722,1.0161859214708722,1.0262667862261656,1.0262667862261656,1.0232972600767007,1.0406055576312114
2012-08-22,1.0179788764463553,1.0179788764463553,1.0260615739113834,1.0260615739113834,1.025082393355603,1.0387563993151017
2012-08-23,1.0181735034073396,1.0181735034073396,1.0262598486672776,1.0262598486672776,1.0252761712640144,1.0385556714282533
2012-08-24,1.0162235615906852,1.0162235615906852,1.0242733600752056,1.0242733600752056,1.02333473599295,1.0405667376153585
2012-08-27,1.0154652508842084,1.0154652508842084,1.0235008367338443,1.0235008367338443,1.0225797333875364,1.0413488189103441
2012-08-28,1.0156672222588148,1.0156672222588148,1.0237065935559986,1.0237065935559986,1.02278082366985,1.041140516386256
2012-08-29,1.016087689938677,1.016087689938677,1.0241349418493926,1.0241349418493926,1.0231994570757572,1.0407068684042906
2012-08-30,1.0166146516160592,1.0166146516160592,1.024671780103559,1.024671780103559,1.0237241199032483,1.0401633881823518
2012-08-31,1.0162869071581753,1.0162869071581753,1.0243378928966995,1.0243378928966995,1.0233978052178576,1.0405014063691673
2012-09-03,1.0163952372591005,1.0163952372591005,1.0244482533740369,1.0244482533740369,1.0235056627329167,1.0403896804698836
2012-09-04,1.0163282194847993,1.0163282194847993,1.0243799795194128,1.0243799795194128,1.0234389373210582,1.0404587990346947
2012-09-05,1.0168983295922112,1.0168983295922112,1.0249607749128578,1.0249607749128578,1.0240065603452253,1.0398708178189733
2012-09-06,1.0169993152795143,1.0169993152795143,1.0250636533239348,1.0250636533239348,1.024107105486382,1.0397666665569292
2012-09-07,1.0192375253308346,1.0192375253308346,1.0273438130167183,1.0273438130167183,1.026335551433112,1.0374582958581706
2012-09-10,1.0227958937307182,1.0227958937307182,1.030968874119765,1.030968874119765,1.0298783965887828,1.0337883841156
2012-09-11,1.0231236381886024,1.0231236381886024,1.0313027613266246,1.0313027613266246,1.0302047112741737,1.0334503659287841
2012-09-12,1.0254343743244403,1.0254343743244403,1.033656806423727,1.033656806423727,1.0325053669131892,1.031067195687285
2012-09-13,1.0253508316194895,1.0253508316194895,1.0335716979200176,1.0335716979200176,1.0324221886600502,1.0311533571858849
2012-09-14,1.0291718215616705,1.0291718215616705,1.037667193939172,1.037667193939172,1.036424799324829,1.0270071901268765
2012-09-17,1.0291718215616705,1.0291718215616705,1.038003886920879,1.038003886920879,1.0367538561504333,1.0266663314510958
2012-09-18,1.0291718215616705,1.0291718215616705,1.0369620091941518,1.0369620091941518,1.035735608084536,1.0277210996867057
2012-09-19,1.0291718215616705,1.0291718215616705,1.0365486250332783,1.0365486250332783,1.0353315994264332,1.028139598394192
2012-09-20,1.0291718215616705,1.0291718215616705,1.0354169625114291,1.0354169625114291,1.0342256028737082,1.0292852622766766
2012-09-21,1.0291718215616705,1.0291718215616705,1.0346182519381573,1.0346182519381573,1.0334450069596364,1.0300938548020004
2012-09-24,1.0291718215616705,1.0291718215616705,1.0347950157535537,1.0347950157535537,1.0336177617930784,1.0299149039972155
2012-09-25,1.0291718215616705,1.0291718215616705,1.0339121319348548,1.0339121319348548,1.0327549016726056,1.0308087111914848
2012-09-26,1.0289660283559994,1.0289660283559994,1.0332873794021316,1.0332873794021316,1.0321443184517622,1.0314411934009886
2012-09-27,1.0275473029406965,1.0275473029406965,1.0318826214617869,1.0318826214617869,1.030771420251603,1.0328633315427176
2012-09-28,1.0270268517397432,1.0270268517397432,1.0313672941481185,1.0313672941481185,1.0302677804990812,1.0333850346825928
2012-09-29,1.0271288639533602,1.0271288639533602,1.0314683020426305,1.0314683020426305,1.0303664975467623,1.0332827770798585
2012-10-08,1.0287450018931628,1.0287450018931628,1.033068528964022,1.033068528964022,1.0319304315151197,1.031662751540246
2012-10-09,1.0295440975664958,1.0295440975664958,1.0338597574710338,1.0338597574710338,1.0327037150552894,1.0308617336521617
2012-10-10,1.0301731728838006,1.0301731728838006,1.034482639487192,1.034482639487192,1.0333124701826568,1.0302311451019674
2012-10-11,1.0297556784539976,1.0297556784539976,1.0340692553263182,1.0340692553263182,1.032908461524554,1.0306496438094537
2012-10-12,1.029107711986023,1.029107711986023,1.0334276681445096,1.0334276681445096,1.0322814254624308,1.0312991689527466
2012-10-15,1.0288309566287104,1.0288309566287104,1.0331536374677313,1.0331536374677313,1.0320136097682586,1.0315765900416458
2012-10-16,1.0302487374864797,1.0302487374864797,1.0345574601497936,1.0345574601497936,1.03338559392168,1.030155398729572
2012-10-17,1.030869311785983,1.030869311785983,1.035171924841409,1.035171924841409,1.0339861226284075,1.0295333316462725
2012-10-18,1.0318979349399544,1.0318979349399544,1.036190421111073,1.036190421111073,1.0349815195258598,1.0285022341520362
2012-10-19,1.0323560453436975,1.0323560453436975,1.0366440213780952,1.0366440213780952,1.0354248321936876,1.0280430217693872
2012-10-22,1.0321822467575352,1.0321822467575352,1.0364719338541115,1.0364719338541115,1.0352566475939344,1.0282172384258972
2012-10-23,1.0329029441555886,1.0329029441555886,1.0371855359236744,1.0371855359236744,1.0359540652548676,1.0274948073991732
2012-10-24,1.0332165372567075,1.0332165372567075,1.0374960416734709,1.0374960416734709,1.0362575287718137,1.0271804599537313
2012-10-25,1.0336576456248476,1.0336576456248476,1.0379328072914076,1.0379328072914076,1.0366843885983612,1.0267382905048716
2012-10-26,1.0341932097463369,1.0341932097463369,1.0384630987375962,1.0384630987375962,1.0372026530986878,1.0262014380905173
2012-10-29,1.034287665499686,1.034287665499686,1.0385566245658482,1.0385566245658482,1.0372940577724665,1.0261067551250225
2012-10-30,1.034041135983445,1.034041135983445,1.0383125221541105,1.0383125221541105,1.0370554915739036,1.0263538776649637
2012-10-31,1.0343603964297647,1.0343603964297647,1.0386286394536022,1.0386286394536022,1.0371663376561766,1.0260338492415917
2012-11-01,1.0356346045424436,1.0356346045424436,1.0396878563077323,1.0396878563077323,1.0371663376561766,1.0247565760370696
2012-11-02,1.0357829000752017,1.0357829000752017,1.0396878563077323,1.0396878563077323,1.0371663376561766,1.024607923781243
2012-11-05,1.0353880750262026,1.0353880750262026,1.0396878563077323,1.0396878563077323,1.0371663376561766,1.0250036985770103
2012-11-06,1.0353474590522624,1.0353474590522624,1.0396878563077323,1.0396878563077323,1.0371663376561766,1.0250444122521731
2012-11-07,1.0352766172372507,1.0352766172372507,1.0396878563077323,1.0396878563077323,1.0371663376561766,1.025115424476294
2012-11-08,1.0346125932912067,1.0346125932912067,1.0396878563077323,1.0396878563077323,1.0371663376561766,1.025781045723721
2012-11-09,1.0341015876655881,1.0341015876655881,1.0396878563077323,1.0396878563077323,1.0371663376561766,1.0262932805670468
2012-11-12,1.033968405053366,1.033968405053366,1.0396878563077323,1.0396878563077323,1.0371663376561766,1.0264267835483945
2012-11-13,1.0335074609770225,1.0335074609770225,1.0396878563077323,1.0396878563077323,1.0371663376561766,1.0268888364200082
2012-11-14,1.0324505010970464,1.0324505010970464,1.0396878563077323,1.0396878563077323,1.0371663376561766,1.0279483388038926
2012-11-15,1.0319064359577559,1.0319064359577559,1.0396878563077323,1.0396878563077323,1.0371663376561766,1.0284937126851417
2012-11-16,1.0306652873587492,1.0306652873587492,1.0396878563077323,1.0396878563077323,1.0371663376561766,1.0297378468517406
2012-11-19,1.0297736250471339,1.0297736250471339,1.0396878563077323,1.0396878563077323,1.0371663376561766,1.0306316540460099
2012-11-20,1.03014861438793,1.03014861438793,1.0396878563077323,1.0396878563077323,1.0371663376561766,1.030255762672996
2012-11-21,1.0305094353657231,1.0305094353657231,1.0396878563077323,1.0396878563077323,1.0371663376561766,1.0298940737448068
2012-11-22,1.031223520861042,1.031223520861042,1.0396878563077323,1.0396878563077323,1.0371663376561766,1.0291782705256676
2012-11-23,1.0311627253599567,1.0311627253599567,1.0396878563077323,1.0396878563077323,1.0371663376561766,1.029033405588461
2012-11-26,1.0311627253599567,1.0311627253599567,1.0396878563077323,1.0396878563077323,1.0371663376561766,1.0282191320852072
2012-11-27,1.0311627253599567,1.0311627253599567,1.0396878563077323,1.0396878563077323,1.0371663376561766,1.027747610917044
2012-11-28,1.0311627253599567,1.0311627253599567,1.0396878563077323,1.0396878563077323,1.0371663376561766,1.0278517621790881
2012-11-29,1.0311627253599567,1.0311627253599567,1.0396878563077323,1.0396878563077323,1.0371663376561766,1.0285230644044447
2012-11-30,1.0311627253599567,1.0311627253599567,1.0396878563077323,1.0396878563077323,1.0371663376561766,1.0287181113133639
2012-12-03,1.0311627253599567,1.0311627253599567,1.0396878563077323,1.0396878563077323,1.0371663376561766,1.0283431667700051
2012-12-04,1.0311627253599567,1.0311627253599567,1.0396878563077323,1.0396878563077323,1.0371663376561766,1.0278621773052925
2012-12-05,1.0311627253599567,1.0311627253599567,1.0396878563077323,1.0396878563077323,1.0371663376561766,1.0275080630143427
2012-12-06,1.0311627253599567,1.0311627253599567,1.0396878563077323,1.0396878563077323,1.0371663376561766,1.0266189899683487
2012-12-07,1.0311627253599567,1.0311627253599567,1.0396878563077323,1.0396878563077323,1.0371663376561766,1.0265404031069878
2012-12-10,1.0311627253599567,1.0311627253599567,1.0396878563077323,1.0396878563077323,1.0371663376561766,1.0263245259456601
2012-12-11,1.0311627253599567,1.0311627253599567,1.0396878563077323,1.0396878563077323,1.0371663376561766,1.0264703377125217
2012-12-12,1.0311627253599567,1.0311627253599567,1.0396878563077323,1.0396878563077323,1.0371663376561766,1.0264021659773659
2012-12-13,1.0311627253599567,1.0311627253599567,1.0396878563077323,1.0396878563077323,1.0371663376561766,1.0263756547470273
2012-12-14,1.0311627253599567,1.0311627253599567,1.0396878563077323,1.0396878563077323,1.0371663376561766,1.025783886212686
2012-12-17,1.0311627253599567,1.0311627253599567,1.0396878563077323,1.0396878563077323,1.0371663376561766,1.0258691008816312
2012-12-18,1.0311627253599567,1.0311627253599567,1.0396878563077323,1.0396878563077323,1.0371663376561766,1.0257346510706289
2012-12-19,1.0311627253599567,1.0311627253599567,1.0396878563077323,1.0396878563077323,1.0371663376561766,1.0252650235617755
2012-12-20,1.0311627253599567,1.0311627253599567,1.0396878563077323,1.0396878563077323,1.0371663376561766,1.0246732550274342
2012-12-21,1.0311627253599567,1.0311627253599567,1.0396878563077323,1.0396878563077323,1.0371663376561766,1.0246334881819266
2012-12-24,1.0311627253599567,1.0311627253599567,1.0396878563077323,1.0396878563077323,1.0371663376561766,1.0246751486867443
2012-12-25,1.0311627253599567,1.0311627253599567,1.0396878563077323,1.0396878563077323,1.0371663376561766,1.0249440483087489
2012-12-26,1.0311627253599567,1.0311627253599567,1.0396878563077323,1.0396878563077323,1.0371663376561766,1.0249904429618413
2012-12-27,1.0311627253599567,1.0311627253599567,1.0396878563077323,1.0396878563077323,1.0371663376561766,1.0258567920961168
2012-12-28,1.0311627253599567,1.0311627253599567,1.0396878563077323,1.0396878563077323,1.0371663376561766,1.0259893482478093
2012-12-31,1.0311627253599567,1.0311627253599567,1.0396878563077323,1.0396878563077323,1.0371663376561766,1.025962837017471
2013-01-04,1.0311627253599567,1.0311627253599567,1.0396878563077323,1.0396878563077323,1.0371663376561766,1.0245691037653901
2013-01-05,1.0311627253599567,1.0311627253599567,1.0396878563077323,1.0396878563077323,1.0371663376561766,1.024871142425318
2013-01-06,1.0311627253599567,1.0311627253599567,1.0396878563077323,1.0396878563077323,1.0371663376561766,1.0249734000280522
2013-01-07,1.0311627253599567,1.0311627253599567,1.0396878563077323,1.0396878563077323,1.0369589458670032,1.025205373293514
2013-01-08,1.0311627253599567,1.0311627253599567,1.0396878563077323,1.0396878563077323,1.0366084332737477,1.0255519129472241
2013-01-09,1.0311627253599567,1.0311627253599567,1.0396878563077323,1.0396878563077323,1.0362406823562338,1.0259154955347234
2013-01-10,1.0311627253599567,1.0311627253599567,1.0396878563077323,1.0396878563077323,1.0371246253168205,1.0250415717632084
2013-01-11,1.0311627253599567,1.0311627253599567,1.0396878563077323,1.0396878563077323,1.0377691471071508,1.0244043554054296
2013-01-14,1.0311627253599567,1.0311627253599567,1.0396878563077323,1.0396878563077323,1.0377940469088576,1.024379737834401
2013-01-15,1.0311627253599567,1.0311627253599567,1.0394799603156692,1.0394799603156692,1.0376714632696864,1.024500932030234
2013-01-16,1.0311627253599567,1.0311627253599567,1.0393224099327403,1.0393224099327403,1.037514402981998,1.0246562120936453
2013-01-17,1.0311627253599567,1.0311627253599567,1.0390370900319483,1.0390370900319483,1.0372299706317334,1.0249374205011643
2013-01-18,1.0311627253599567,1.0311627253599567,1.038178248310372,1.038178248310372,1.0363738005268963,1.025783886212686
2013-01-21,1.0311627253599567,1.0311627253599567,1.038061046196242,1.038061046196242,1.0362569629958114,1.0258993994305894
2013-01-22,1.0311627253599567,1.0311627253599567,1.0381321360031734,1.0381321360031734,1.0363278316622073,1.0258293340361233
2013-01-23,1.0311627253599567,1.0311627253599567,1.0376758162965194,1.0376758162965194,1.03587293143872,1.0262790781222226
2013-01-24,1.0311627253599567,1.0311627253599567,1.0383338773471678,1.0383338773471678,1.0365289454452227,1.0256304998085848
2013-01-25,1.0311627253599567,1.0311627253599567,1.0383799896543664,1.0383799896543664,1.0365749143099117,1.0255850519851475
2013-01-28,1.0311627253599567,1.0311627253599567,1.038527393792635,1.038527393792635,1.036721859915073,1.0252347250128173
2013-01-29,1.0311627253599567,1.0311627253599567,1.038527393792635,1.038527393792635,1.036721859915073,1.0249885493025315
2013-01-30,1.0311627253599567,1.0311627253599567,1.038527393792635,1.038527393792635,1.036721859915073,1.0250150605328698
2013-01-31,1.0311627253599567,1.0311627253599567,1.038527393792635,1.038527393792635,1.036721859915073,1.0246704145384693
2013-02-01,1.0311627253599567,1.0311627253599567,1.038527393792635,1.038527393792635,1.036721859915073,1.025481847552758
2013-02-04,1.0311627253599567,1.0311627253599567,1.038527393792635,1.038527393792635,1.036721859915073,1.0254771134044833
2013-02-05,1.0311627253599567,1.0311627253599567,1.038527393792635,1.038527393792635,1.036721859915073,1.0257876735313058
2013-02-06,1.0311627253599567,1.0311627253599567,1.038527393792635,1.038527393792635,1.036721859915073,1.0258795160078356
2013-02-07,1.0311627253599567,1.0311627253599567,1.038527393792635,1.038527393792635,1.036721859915073,1.025764002789932
2013-02-08,1.0311627253599567,1.0311627253599567,1.038527393792635,1.038527393792635,1.036721859915073,1.0259278043202378
2013-02-16,1.0311627253599567,1.0311627253599567,1.038527393792635,1.038527393792635,1.036721859915073,1.0258406959919828
2013-02-17,1.0311627253599567,1.0311627253599567,1.038527393792635,1.038527393792635,1.036721859915073,1.026202384920172
2013-02-18,1.0311627253599567,1.0311627253599567,1.038527393792635,1.038527393792635,1.036721859915073,1.0260679351091697
2013-02-19,1.0311627253599567,1.0311627253599567,1.038527393792635,1.038527393792635,1.036721859915073,1.0259855609291895
2013-02-20,1.0311627253599567,1.0311627253599567,1.038527393792635,1.038527393792635,1.036721859915073,1.0272675682819865
2013-02-21,1.0311627253599567,1.0311627253599567,1.038527393792635,1.038527393792635,1.036721859915073,1.0271387994489138
2013-02-22,1.0311627253599567,1.0311627253599567,1.038527393792635,1.038527393792635,1.036721859915073,1.0266483416876517
2013-02-25,1.0311627253599567,1.0311627253599567,1.038527393792635,1.038527393792635,1.036721859915073,1.0257943013388904
2013-02-26,1.0311627253599567,1.0311627253599567,1.038527393792635,1.038527393792635,1.036721859915073,1.0259855609291895
2013-02-27,1.0311627253599567,1.0311627253599567,1.038527393792635,1.038527393792635,1.036721859915073,1.0259969228850487
2013-02-28,1.0309565340531461,1.0309565340531461,1.038527393792635,1.038527393792635,1.036721859915073,1.0255661153920483
2013-03-01,1.0306157874222843,1.0306157874222843,1.0383197298466655,1.0383197298466655,1.0365145570036722,1.025905080408519
2013-03-04,1.0304606430065566,1.0304606430065566,1.0381635290005635,1.0381635290005635,1.0363586277208636,1.0260594136422754
2013-03-05,1.0299999687905312,1.0299999687905312,1.0376997178992546,1.0376997178992546,1.0358956229792726,1.026517679195269
2013-03-06,1.0301294144380095,1.0301294144380095,1.0378300449855729,1.0378300449855729,1.0360257234851742,1.0263889103621964
2013-03-07,1.0305624862733227,1.0305624862733227,1.038266065752299,1.038266065752299,1.0364609862071243,1.025958102869196
2013-03-08,1.0308394618866767,1.0308394618866767,1.038544927385524,1.038544927385524,1.0367393630248993,1.0256825754396068
2013-03-11,1.0309098955478047,1.0309098955478047,1.0386158406530797,1.0386158406530797,1.0368101530060516,1.0256125100451408
2013-03-12,1.0309527268282204,1.0309527268282204,1.0386589635860526,1.0386589635860526,1.0368532009675633,1.0255699027106682
2013-03-13,1.03080234144365,1.03080234144365,1.0385075541769477,1.0385075541769477,1.0367020547915893,1.0257195017961496
2013-03-14,1.031137377237123,1.031137377237123,1.038844871341536,1.038844871341536,1.0370387855127463,1.0253862177576085
2013-03-15,1.0312887144279248,1.0312887144279248,1.0389972390380402,1.0389972390380402,1.0371908883100873,1.0252356718424722
2013-03-18,1.0315123888923172,1.0315123888923172,1.039222436576899,1.039222436576899,1.0374156943313142,1.02501316687356
2013-03-19,1.0312887144279248,1.0312887144279248,1.0389972390380402,1.0389972390380402,1.0371908883100873,1.0252356718424722
2013-03-20,1.03099175088371,1.03099175088371,1.038698253369428,1.038698253369428,1.0368924224436071,1.0255310826948154
2013-03-21,1.0311592687804465,1.0311592687804465,1.038866911951722,1.038866911951722,1.0370607878041855,1.0253644406755449
2013-03-22,1.0312239916041857,1.0312239916041857,1.0389320754948812,1.0389320754948812,1.0371258380571364,1.0253000562590087
2013-03-25,1.0311154856937996,1.0311154856937996,1.0388228307313498,1.0388228307313498,1.037016783221307,1.0254079948396724
2013-03-26,1.031228750635343,1.031228750635343,1.0389368669318781,1.0389368669318781,1.037130621163971,1.025295322110734
2013-03-27,1.031149750718132,1.031149750718132,1.038857329077728,1.038857329077728,1.0370512215905163,1.0253739089720944
2013-03-28,1.0304057199797765,1.0304057199797765,1.0381082319844686,1.0381082319844686,1.0365107305182044,1.0259088677271389
2013-03-29,1.0304057199797765,1.0304057199797765,1.0381082319844686,1.0381082319844686,1.0363790150441112,1.025834068184398
2013-04-01,1.0304057199797765,1.0304057199797765,1.0381082319844686,1.0381082319844686,1.0363790150441112,1.0274200078564328
2013-04-02,1.0304057199797765,1.0304057199797765,1.0381082319844686,1.0381082319844686,1.0363790150441112,1.0290220436326014
2013-04-03,1.0304057199797765,1.0304057199797765,1.0381082319844686,1.0381082319844686,1.0363790150441112,1.0296535790124506
2013-04-07,1.0304057199797765,1.0304057199797765,1.0381082319844686,1.0381082319844686,1.0363790150441112,1.0310189073748826
2013-04-08,1.0304057199797765,1.0304057199797765,1.0381082319844686,1.0381082319844686,1.0363790150441112,1.0304299793295062
2013-04-09,1.0304057199797765,1.0304057199797765,1.0381082319844686,1.0381082319844686,1.0363790150441112,1.0307253901818492
2013-04-10,1.0304057199797765,1.0304057199797765,1.0381082319844686,1.0381082319844686,1.0363790150441112,1.0311495698672652
2013-04-11,1.0304057199797765,1.0304057199797765,1.0381082319844686,1.0381082319844686,1.0363790150441112,1.0309564166176561
2013-04-12,1.0304057199797765,1.0304057199797765,1.0381082319844686,1.0381082319844686,1.0363790150441112,1.0309024473273243
2013-04-15,1.0304057199797765,1.0304057199797765,1.0381082319844686,1.0381082319844686,1.0363790150441112,1.0332269141302168
2013-04-16,1.0304057199797765,1.0304057199797765,1.0381082319844686,1.0381082319844686,1.0363790150441112,1.0359017079054393
2013-04-17,1.0304057199797765,1.0304057199797765,1.0381082319844686,1.0381082319844686,1.0363790150441112,1.0351669680932014
2013-04-18,1.0304057199797765,1.0304057199797765,1.0381082319844686,1.0381082319844686,1.0363790150441112,1.0337353616549227
2013-04-19,1.0304057199797765,1.0304057199797765,1.0381082319844686,1.0381082319844686,1.0363790150441112,1.0328671188613374
2013-04-22,1.0304057199797765,1.0304057199797765,1.0381082319844686,1.0381082319844686,1.0363790150441112,1.0311940708610476
2013-04-23,1.0304057199797765,1.0304057199797765,1.0381082319844686,1.0381082319844686,1.0363790150441112,1.0328585973944429
2013-04-24,1.0304057199797765,1.0304057199797765,1.0381082319844686,1.0381082319844686,1.0363790150441112,1.033543155234969
2013-04-25,1.0304057199797765,1.0304057199797765,1.0381082319844686,1.0381082319844686,1.0363790150441112,1.0345505819878316
2013-04-26,1.0304057199797765,1.0304057199797765,1.0379006518540979,1.0379006518540979,1.0361717806879736,1.034716277177447
2013-04-27,1.0304057199797765,1.0304057199797765,1.0374894128945484,1.0374894128945484,1.0357612267450278,1.0351262544180386
2013-04-28,1.0304057199797765,1.0304057199797765,1.0379016015976534,1.0379016015976534,1.0361727288495046,1.0347153303477918
2013-05-02,1.0301996800437678,1.0301996800437678,1.0360040139736815,1.0360040139736815,1.0342783021104616,1.0366070959983742
2013-05-03,1.0299474981632453,1.0299474981632453,1.0357494827007963,1.0357494827007963,1.0340241948201394,1.0368608463458997
2013-05-06,1.031160417730385,1.031160417730385,1.0369737021438894,1.0369737021438894,1.0352463750336662,1.0356403829206744
2013-05-07,1.0304979698054306,1.0304979698054306,1.036305082680788,1.036305082680788,1.0345788693158053,1.0363069509977563
2013-05-08,1.0309119997585272,1.0309119997585272,1.0367229698452265,1.0367229698452265,1.0349960603894683,1.03589034594958
2013-05-09,1.0306024182708708,1.0306024182708708,1.0364105042154532,1.0364105042154532,1.0346841152457522,1.0362018529060573
2013-05-10,1.0303050694863742,1.0303050694863742,1.036110385251902,1.036110385251902,1.0343844962019395,1.03650105107702
2013-05-13,1.0302947187375466,1.0302947187375466,1.036099938072791,1.036099938072791,1.0343740664250978,1.0365114662032247
2013-05-14,1.0302222634957547,1.0302222634957547,1.0360268078190145,1.0360268078190145,1.0343010579872067,1.0365843720866557
2013-05-15,1.0301403984823017,1.0301403984823017,1.0359441801296823,1.0359441801296823,1.0342185679340052,1.036666746266636
2013-05-16,1.0298581053324631,1.0298581053324631,1.0356592570630199,1.0356592570630199,1.0339341194746896,1.0369507951631194
2013-05-17,1.0302636664910645,1.0302636664910645,1.0360685965354581,1.0360685965354581,1.0343427770945732,1.0365427115818378
2013-05-20,1.0306786374213273,1.0306786374213273,1.0364874334434522,1.0364874334434522,1.0347609163297673,1.0361251597040066
2013-05-21,1.0305817167732159,1.0305817167732159,1.0363896098572314,1.0363896098572314,1.034663255692069,1.036222683158466
2013-05-22,1.0303323578241919,1.0303323578241919,1.0361379278150127,1.0361379278150127,1.03441199288634,1.0364735930170268
2013-05-23,1.0306824013299918,1.0306824013299918,1.0364912324176743,1.0364912324176743,1.0347647089758916,1.0361213723853868
2013-05-24,1.0302918958060483,1.0302918958060483,1.0360970888421244,1.0360970888421244,1.0343712219405048,1.0365143066921894
2013-05-27,1.0302834270115533,1.0302834270115533,1.0360885411501246,1.0360885411501246,1.0343626884867252,1.036522828159084
2013-05-28,1.0302853089658854,1.0302853089658854,1.0360904406372355,1.0360904406372355,1.0343645848097873,1.0365209344997741
2013-05-29,1.0307294501882982,1.0307294501882982,1.0365387195954512,1.0365387195954512,1.0348121170524442,1.0360740309026397
2013-05-30,1.031204643657193,1.031204643657193,1.0370183400909998,1.0370183400909998,1.0352909386256257,1.035595881926892
2013-05-31,1.0311415981870624,1.0311415981870624,1.0369547072727785,1.0369547072727785,1.0352274118030453,1.035659319513773
2013-06-03,1.032075047535862,1.032075047535862,1.0378968528798758,1.0378968528798758,1.0361679880418493,1.0347200644960668
2013-06-04,1.0327864262734554,1.0327864262734554,1.0386148590078654,1.0386148590078654,1.0368847981593252,1.0340042612769276
2013-06-05,1.0332512689935227,1.0332512689935227,1.039084032324303,1.039084032324303,1.0373531899556652,1.0335365274273842
2013-06-06,1.0335015689197131,1.0335015689197131,1.039336664110077,1.039336664110077,1.0376054009229252,1.0332846707391685
2013-06-07,1.034483008103985,1.034483008103985,1.0403272466385067,1.0403272466385067,1.0385943333998129,1.0322971274090598
2013-06-08,1.0348556350617721,1.0348556350617721,1.0407033450865013,1.0407033450865013,1.0389698053661098,1.031922182865701
2013-06-09,1.031605499929964,1.031605499929964,1.0374229308456606,1.0374229308456606,1.0356948554378542,1.0351925324938849
2013-06-13,1.0329407465287004,1.0329407465287004,1.038770616950974,1.038770616950974,1.0370402966504177,1.0338489812135163
2013-06-14,1.0342402359951242,1.0342402359951242,1.040082212801177,1.040082212801177,1.0383497077248016,1.0325414094600358
2013-06-17,1.034787884705811,1.034787884705811,1.0406349635505023,1.0406349635505023,1.0389015377358741,1.0319903546008573
2013-06-18,1.0356921637624605,1.0356921637624605,1.0415476671073778,1.0415476671073778,1.0398127209672157,1.031080451302454
2013-06-19,1.0405137307617034,1.0405137307617034,1.046414153085973,1.046414153085973,1.0446711006523293,1.0262288961505106
2013-06-20,1.0488827816772515,1.0488827816772515,1.0548611722689603,1.0548611722689603,1.0531040493095112,1.0178077931994205
2013-06-21,1.045901766014956,1.045901766014956,1.0518523846850043,1.0518523846850043,1.0501002735791365,1.0208073495462895
2013-06-24,1.045828369795998,1.045828369795998,1.051778304687672,1.051778304687672,1.0500263169797144,1.0208812022593754
2013-06-25,1.0448290520455694,1.0448290520455694,1.0507696770316868,1.0507696770316868,1.0490193694337364,1.021886735352928
2013-06-26,1.0395859272759007,1.0395859272759007,1.045477705940209,1.045477705940209,1.0437362133827115,1.0271624701902875
2013-06-27,1.038190458138532,1.038190458138532,1.0440692362473407,1.0440692362473407,1.0423300898321604,1.0285666185685725
2013-06-28,1.0373671031181693,1.0373671031181693,1.043238210636242,1.043238210636242,1.0415004484924892,1.0293950945166503
2013-07-01,1.0377331432357935,1.0377331432357935,1.0436076608793476,1.0436076608793476,1.0418692833280687,1.029026777780876
2013-07-02,1.0378517063587256,1.0378517063587256,1.0437273285673458,1.0437273285673458,1.0419887516809814,1.028907477244353
2013-07-03,1.0381641107778805,1.0381641107778805,1.0440426434277856,1.0440426434277856,1.042303541309291,1.0285931297989108
2013-07-04,1.038014495408466,1.038014495408466,1.0438916342024545,1.0438916342024545,1.0421527836258535,1.0287436757140473
2013-07-05,1.0378921683768692,1.0378921683768692,1.0437681675402342,1.0437681675402342,1.0420295226268166,1.0288667635691902
2013-07-08,1.0388482011776559,1.0388482011776559,1.0447331069926644,1.0447331069926644,1.0429928547423661,1.027904784639765
2013-07-09,1.039061802994367,1.039061802994367,1.0449486987797723,1.0449486987797723,1.043208087409915,1.0276898543080923
2013-07-10,1.042858645859696,1.042858645859696,1.0487809140263826,1.0487809140263826,1.0470339191877123,1.0238693966503851
2013-07-11,1.0442145939560874,1.0442145939560874,1.0501494944899181,1.0501494944899181,1.048400219953959,1.0225050151176078
2013-07-12,1.0450116016157984,1.0450116016157984,1.0509539272814619,1.0509539272814619,1.0492033127707607,1.0217030503998683
2013-07-15,1.0454858541075271,1.0454858541075271,1.051432598033455,1.051432598033455,1.0496811861824111,1.0212258482537757
2013-07-16,1.046582092506067,1.046582092506067,1.052539049275661,1.052539049275661,1.0507857943660874,1.0201227917057634
2013-07-17,1.0496750844511318,1.0496750844511318,1.055660856342726,1.055660856342726,1.0539024013186573,1.017010562629956
2013-07-18,1.050012895253772,1.050012895253772,1.0560018142791656,1.0560018142791656,1.0542427913083052,1.0166706507838301
2013-07-19,1.0508748303379458,1.0508748303379458,1.0568717793760416,1.0568717793760416,1.0551113072707494,1.0158033548198997
2013-07-22,1.0533392495360365,1.0533392495360365,1.0593591577480053,1.0593591577480053,1.0575945423205761,1.013323607953596
2013-07-23,1.0545521691031763,1.0545521691031763,1.0605833771910984,1.0605833771910984,1.058816722534103,1.0121031445283706
2013-07-24,1.0584129984158022,1.0584129984158022,1.0644801749994857,1.0644801749994857,1.062707029296012,1.008218302454127
2013-07-25,1.0530842447240158,1.0530842447240158,1.0591017772444535,1.0591017772444535,1.057337590545661,1.0135801987900863
2013-07-26,1.05298356016724,1.05298356016724,1.0590001546840104,1.0590001546840104,1.0572361372618384,1.0136815095631655
2013-07-29,1.05372975505998,1.05372975505998,1.059753301323555,1.059753301323555,1.0579880293559631,1.0129306736467936
2013-07-30,1.0533458363761996,1.0533458363761996,1.059365805952894,1.059365805952894,1.0573982309749086,1.0133169801460113
2013-07-31,1.0527153816748933,1.0527153816748933,1.058729477770681,1.058729477770681,1.0573982309749086,1.0139513560148252
2013-08-01,1.0517998108922502,1.0517998108922502,1.057805377291139,1.057805377291139,1.0573982309749086,1.0148726212690877
2013-08-02,1.0514601181352778,1.0514601181352778,1.0574625198675887,1.0574625198675887,1.0573982309749086,1.0152144267745233
2013-08-05,1.0521479724437177,1.0521479724437177,1.0581567824066895,1.0581567824066895,1.0573982309749086,1.0145222942967576
2013-08-06,1.0527756042135255,1.0527756042135255,1.0587902613582358,1.0587902613582358,1.0573982309749086,1.0138907589169088
2013-08-07,1.0561000765414579,1.0561000765414579,1.0621457053399643,1.0621457053399643,1.0573982309749086,1.0105456097459844
2013-08-08,1.059729425471216,1.059729425471216,1.0658088662336884,1.0658088662336884,1.0573982309749086,1.0068936877668573
2013-08-09,1.0603674079898513,1.0603674079898513,1.0664527923643456,1.0664527923643456,1.0573982309749086,1.006251737260804
2013-08-12,1.0618522699580022,1.0618522699580022,1.0679514876949903,1.0679514876949903,1.0573982309749086,1.004757640065299
2013-08-13,1.0665938538981243,1.0665938538981243,1.0727372454713644,1.0727372454713644,1.0573982309749086,0.999986565434026
2013-08-14,1.0690761516623717,1.0690761516623717,1.0752426689708832,1.0752426689708832,1.0573982309749086,0.9974888288042784
2013-08-15,1.0701451017230936,1.0701451017230936,1.0763215776499784,1.0763215776499784,1.0573982309749086,0.9964132303162596
2013-08-16,1.069431841031168,1.069431841031168,1.0756016720348778,1.0756016720348778,1.0573982309749086,0.9971309271947089
2013-08-19,1.0727036186377974,1.0727036186377974,1.078903930377496,1.078903930377496,1.0573982309749086,0.9938388004844614
2013-08-20,1.0760102123995734,1.0760102123995734,1.0822413292316693,1.0822413292316693,1.0573982309749086,0.990511641076981
2013-08-21,1.0746777887323353,1.0746777887323353,1.0808964923570223,1.0808964923570223,1.0571867936161854,0.9918523518683846
2013-08-22,1.074632621828361,1.074632621828361,1.0808509046663564,1.0808509046663564,1.0571383520929625,0.991897799691822
2013-08-23,1.072166320675938,1.072166320675938,1.0783616268072818,1.0783616268072818,1.0544932430853171,0.9943794402174356
2013-08-26,1.0706475835298064,1.0706475835298064,1.0768287407086374,1.0768287407086374,1.05286439686695,0.9959076232805185
2013-08-27,1.071302503637432,1.071302503637432,1.0774897622232946,1.0774897622232946,1.0535667989536808,0.9952486298406761
2013-08-28,1.0741875396287823,1.0741875396287823,1.0802025960390367,1.0802025960390367,1.0564494587323414,0.9923456501186113
2013-08-29,1.0744382919767939,1.0744382919767939,1.0802025960390367,1.0802025960390367,1.0564494587323414,0.9918949592028572
2013-08-30,1.0744382919767939,1.0744382919767939,1.0802025960390367,1.0802025960390367,1.0564494587323414,0.9922377115379476
2013-09-02,1.0744382919767939,1.0744382919767939,1.0802025960390367,1.0802025960390367,1.0564494587323414,0.9917207425463471
2013-09-03,1.0744382919767939,1.0744382919767939,1.0802025960390367,1.0802025960390367,1.0564494587323414,0.9917661903697844
2013-09-04,1.0744382919767939,1.0744382919767939,1.0802025960390367,1.0802025960390367,1.0564494587323414,0.9904624059349237
2013-09-05,1.0744382919767939,1.0744382919767939,1.0802025960390367,1.0802025960390367,1.0564494587323414,0.9906271542948843
2013-09-06,1.0744382919767939,1.0744382919767939,1.0802025960390367,1.0802025960390367,1.0564494587323414,0.9912246038071554
2013-09-09,1.0744382919767939,1.0744382919767939,1.0802025960390367,1.0802025960390367,1.0564494587323414,0.9898422325109341
2013-09-10,1.0744382919767939,1.0744382919767939,1.0802025960390367,1.0802025960390367,1.0564494587323414,0.9882941660250973
2013-09-11,1.0744382919767939,1.0744382919767939,1.0802025960390367,1.0802025960390367,1.0564494587323414,0.9857784396319057
2013-09-12,1.0744382919767939,1.0744382919767939,1.0802025960390367,1.0802025960390367,1.0564494587323414,0.9846431908756254
2013-09-13,1.0744382919767939,1.0744382919767939,1.0802025960390367,1.0802025960390367,1.0564494587323414,0.984088348697827
2013-09-16,1.0744382919767939,1.0744382919767939,1.0802025960390367,1.0802025960390367,1.0564494587323414,0.9846687552763088
2013-09-17,1.0744382919767939,1.0744382919767939,1.0802025960390367,1.0802025960390367,1.0564494587323414,0.9873823690673843
2013-09-18,1.0744382919767939,1.0744382919767939,1.0802025960390367,1.0802025960390367,1.0564494587323414,0.9879428922231124
2013-09-22,1.0744382919767939,1.0744382919767939,1.0802025960390367,1.0802025960390367,1.0564494587323414,0.9925416438571852
2013-09-23,1.0744382919767939,1.0744382919767939,1.0802025960390367,1.0802025960390367,1.0564494587323414,0.9918372025939055
2013-09-24,1.0744382919767939,1.0744382919767939,1.0802025960390367,1.0802025960390367,1.0564494587323414,0.9909954710306583
2013-09-25,1.0744382919767939,1.0744382919767939,1.0802025960390367,1.0802025960390367,1.0564494587323414,0.9915559941863864
2013-09-26,1.0744382919767939,1.0744382919767939,1.0802025960390367,1.0802025960390367,1.0564494587323414,0.9931551894735903
2013-09-27,1.0744382919767939,1.0744382919767939,1.0802025960390367,1.0802025960390367,1.0564494587323414,0.9925340692199458
2013-09-29,1.0744382919767939,1.0744382919767939,1.0802025960390367,1.0802025960390367,1.0564494587323414,0.9922045725000245
2013-09-30,1.0744382919767939,1.0744382919767939,1.0802025960390367,1.0802025960390367,1.0564494587323414,0.9925672082578688
2013-10-08,1.0744382919767939,1.0744382919767939,1.0802025960390367,1.0802025960390367,1.0564494587323414,0.992455482358585
2013-10-09,1.0744382919767939,1.0744382919767939,1.0802025960390367,1.0802025960390367,1.0564494587323414,0.9918087977042571
2013-10-10,1.0744382919767939,1.0744382919767939,1.0802025960390367,1.0802025960390367,1.0564494587323414,0.9923295540144773
2013-10-11,1.0744382919767939,1.0744382919767939,1.0802025960390367,1.0802025960390367,1.0564494587323414,0.992107049045565
2013-10-12,1.0744382919767939,1.0744382919767939,1.0802025960390367,1.0802025960390367,1.0564494587323414,0.9921326134462486
2013-10-14,1.0744382919767939,1.0744382919767939,1.0802025960390367,1.0802025960390367,1.0564494587323414,0.9896405577944306
2013-10-15,1.0744382919767939,1.0744382919767939,1.0802025960390367,1.0802025960390367,1.0564494587323414,0.9886975154581042
2013-10-16,1.0744382919767939,1.0744382919767939,1.0802025960390367,1.0802025960390367,1.0564494587323414,0.9877497389735034
2013-10-17,1.0744382919767939,1.0744382919767939,1.0802025960390367,1.0802025960390367,1.0564494587323414,0.9870206801391949
2013-10-18,1.0744382919767939,1.0744382919767939,1.0802025960390367,1.0802025960390367,1.0564494587323414,0.9860795314621785
2013-10-21,1.0744382919767939,1.0744382919767939,1.0802025960390367,1.0802025960390367,1.0564494587323414,0.9854025482588921
2013-10-22,1.0744382919767939,1.0744382919767939,1.0802025960390367,1.0802025960390367,1.0564494587323414,0.9847189372480211
2013-10-23,1.0744382919767939,1.0744382919767939,1.0802025960390367,1.0802025960390367,1.0564494587323414,0.9835230913938242
2013-10-24,1.0744382919767939,1.0744382919767939,1.0802025960390367,1.0802025960390367,1.0564494587323414,0.9818443624156048
2013-10-25,1.0744382919767939,1.0744382919767939,1.0802025960390367,1.0802025960390367,1.0564494587323414,0.9814268105377736
2013-10-28,1.0744382919767939,1.0744382919767939,1.0802025960390367,1.0802025960390367,1.0564494587323414,0.98131508463849
2013-10-29,1.0744382919767939,1.0744382919767939,1.0802025960390367,1.0802025960390367,1.0564494587323414,0.9804676720973133
2013-10-30,1.0744382919767939,1.0744382919767939,1.0802025960390367,1.0802025960390367,1.0564494587323414,0.9793693496975759
2013-10-31,1.0744382919767939,1.0744382919767939,1.0802025960390367,1.0802025960390367,1.0564494587323414,0.980947714732371
2013-11-01,1.0744382919767939,1.0744382919767939,1.0802025960390367,1.0802025960390367,1.0564494587323414,0.9823253518803174
2013-11-04,1.0744382919767939,1.0744382919767939,1.0802025960390367,1.0802025960390367,1.0564494587323414,0.9816067081722134
2013-11-05,1.0744382919767939,1.0744382919767939,1.0802025960390367,1.0802025960390367,1.0564494587323414,0.980351212049755
2013-11-06,1.0744382919767939,1.0744382919767939,1.0802025960390367,1.0802025960390367,1.0564494587323414,0.9789233929300962
2013-11-07,1.0744382919767939,1.0744382919767939,1.0802025960390367,1.0802025960390367,1.0564494587323414,0.9746172116594016
2013-11-08,1.0744382919767939,1.0744382919767939,1.0802025960390367,1.0802025960390367,1.0564494587323414,0.9726203479171205
2013-11-11,1.0744382919767939,1.0744382919767939,1.0802025960390367,1.0802025960390367,1.0564494587323414,0.9668011328578221
2013-11-12,1.0744382919767939,1.0744382919767939,1.0802025960390367,1.0802025960390367,1.0564494587323414,0.9666572147502702
2013-11-13,1.0744382919767939,1.0744382919767939,1.0802025960390367,1.0802025960390367,1.0564494587323414,0.962608571145721
2013-11-14,1.0744382919767939,1.0744382919767939,1.0802025960390367,1.0802025960390367,1.0564494587323414,0.9601524950207909
2013-11-15,1.0742234472873364,1.0742234472873364,1.0802025960390367,1.0802025960390367,1.0564494587323414,0.9557771951852853
2013-11-18,1.0761793863592213,1.0761793863592213,1.0802025960390367,1.0802025960390367,1.0564494587323414,0.9540369222794944
2013-11-19,1.0789111032240353,1.0789111032240353,1.079986598719293,1.079986598719293,1.0564494587323414,0.9516064105552479
2013-11-20,1.0825718379396412,1.0825718379396412,1.0836831037510022,1.0836831037510022,1.0564494587323414,0.9483493165422336
2013-11-21,1.0827601955107642,1.0827601955107642,1.0838733018296687,1.0838733018296687,1.0564494587323414,0.9481817276933081
2013-11-22,1.0773116601200947,1.0773116601200947,1.0783715268987524,1.0783715268987524,1.0564494587323414,0.9530294955266317
2013-11-25,1.0775298143691352,1.0775298143691352,1.0785918128090721,1.0785918128090721,1.0564494587323414,0.9528353954473678
2013-11-26,1.0772446175947799,1.0772446175947799,1.078303829277532,1.078303829277532,1.0564494587323414,0.9530891457948935
2013-11-27,1.0743192223235005,1.0743192223235005,1.075349848948413,1.075349848948413,1.0564494587323414,0.9556919805163402
2013-11-28,1.0687834252332151,1.0687834252332151,1.069759959653369,1.069759959653369,1.0564494587323414,0.9606173883813695
2013-11-29,1.063361494019258,1.063361494019258,1.0642850488578575,1.0642850488578575,1.0564494587323414,0.9654414854733195
2013-12-02,1.0688951627754064,1.0688951627754064,1.0698727890220692,1.0698727890220692,1.0564494587323414,0.9605179712676002
2013-12-03,1.0659133666494973,1.0659133666494973,1.066861856725892,1.066861856725892,1.0564494587323414,0.963170987960759
2013-12-04,1.067009458730042,1.067009458730042,1.0679686591045725,1.0679686591045725,1.0564494587323414,0.9621957534161645
2013-12-05,1.0695443046871855,1.0695443046871855,1.070528273925948,1.070528273925948,1.0562382110901234,0.959940405178083
2013-12-06,1.0697156355852122,1.0697156355852122,1.0707012789579553,1.0707012789579553,1.0564059428602872,0.9597879656036367
2013-12-09,1.072639966689423,1.072639966689423,1.073654184721658,1.073654184721658,1.0592688428876835,0.9571860777118449
2013-12-10,1.0773925368172999,1.0773925368172999,1.0784531938703832,1.0784531938703832,1.0639215763383212,0.952957536472856
2013-12-11,1.0804137071247435,1.0804137071247435,1.0815038850869596,1.0815038850869596,1.0668792812792884,0.9502694870824642
2013-12-12,1.079199492499596,1.079199492499596,1.0802778059470814,1.0802778059470814,1.0656905735168214,0.9513498197187575
2013-12-13,1.0745086440616918,1.0745086440616918,1.0755411215924957,1.0755411215924957,1.0610982651759324,0.9555234448377598
2013-12-16,1.0753557210482099,1.0753557210482099,1.0763964756637867,1.0763964756637867,1.0619275477166195,0.9547697684324227
2013-12-17,1.0754312769100727,1.0754312769100727,1.0764727698083365,1.0764727698083365,1.0620015163854495,0.9547025435269215
2013-12-18,1.0761687446885362,1.0761687446885362,1.0772174436417592,1.0772174436417592,1.0627234922657207,0.954046390576044
2013-12-19,1.0776798619257923,1.0776798619257923,1.0787433265327557,1.0787433265327557,1.064202865642323,0.9527018924660204
2013-12-20,1.0780576412351062,1.0780576412351062,1.0791247972555047,1.0791247972555047,1.0645727089864736,0.9523657679385147
2013-12-23,1.078782339008748,1.078782339008748,1.0798565763039332,1.0798565763039332,1.0652821831199004,0.9517209769434964
2013-12-24,1.0775681243836008,1.0775681243836008,1.0786304971640552,1.0786304971640552,1.0640934753574334,0.9528013095797899
2013-12-25,1.077229719255821,1.077229719255821,1.0782887853617054,1.0782887853617054,1.0637621790660534,0.9531024014100626
2013-12-26,1.076843426609959,1.076843426609959,1.0778987181156265,1.0778987181156265,1.0633840012240066,0.9534461005748083
2013-12-27,1.0772616442678757,1.0772616442678757,1.0783210223241912,1.0783210223241912,1.063793433433165,0.9530739965204142
2013-12-30,1.0769466508156027,1.0769466508156027,1.0780029509609976,1.0780029509609976,1.063485057011,0.9533542580982783
2013-12-31,1.0773478418004234,1.0773478418004234,1.078408062122903,1.078408062122903,1.0638778202243653,0.9529973033183636
2014-01-02,1.0787929806794327,1.0787929806794327,1.0798673219580952,1.0798673219580952,1.0652926012422708,0.9517115086469471
2014-01-03,1.0800635961592102,1.0800635961592102,1.0811503530650315,1.0811503530650315,1.0665365250533012,0.9505809940389413
2014-01-06,1.0805882305239756,1.0805882305239756,1.0816801138152154,1.0816801138152154,1.0670501384861635,0.950114207019053
2014-01-07,1.0813767783217267,1.0813767783217267,1.0824763667886157,1.0824763667886157,1.067822121353813,0.949412606244738
2014-01-08,1.0799412169463336,1.0799412169463336,1.0810267780421692,1.0810267780421692,1.066416716646041,0.9506898794492602
2014-01-09,1.0789643115774599,1.0789643115774599,1.0800403269901024,1.0800403269901024,1.0654603330124348,0.9515590690725007
2014-01-10,1.0779576095306682,1.0779576095306682,1.0790237881063824,1.0790237881063824,1.0644747786361914,0.9524547699260796
2014-01-13,1.0780235878889146,1.0780235878889146,1.0790904111621864,1.0790904111621864,1.064539370994888,0.952396066487473
2014-01-14,1.0782715388158728,1.0782715388158728,1.0793407849041599,1.0793407849041599,1.0647821132461193,0.9521754551778705
2014-01-15,1.0770488108541776,1.0770488108541776,1.0781061092409523,1.0781061092409523,1.063585070985756,0.9532633624514035
2014-01-16,1.0776223969040937,1.0776223969040937,1.078685300000281,1.078685300000281,1.0641466077815225,0.9527530212673877
2014-01-17,1.0779384545234354,1.0779384545234354,1.079004445928891,1.079004445928891,1.0644560260159246,0.9524718128598687
2014-01-20,1.0777754430707165,1.0777754430707165,1.0790560250688683,1.0790560250688683,1.0645060330033027,0.9524263650364312
2014-01-21,1.0777754430707165,1.0777754430707165,1.0772625753892395,1.0772625753892395,1.0627672483796766,0.9540066237305361
2014-01-22,1.0777754430707165,1.0777754430707165,1.075072611071035,1.075072611071035,1.0606440350405815,0.9559362625673162
2014-01-23,1.0777754430707165,1.0777754430707165,1.073503745563391,1.073503745563391,1.0591229891744975,0.9573186338635374
2014-01-24,1.0777754430707165,1.0777754430707165,1.0748200881982293,1.0748200881982293,1.0603992091648762,0.9561587675362285
2014-01-26,1.0777754430707165,1.0777754430707165,1.0723808247034674,1.0723808247034674,1.0580342953867867,0.958308070852956
2014-01-27,1.0777754430707165,1.0777754430707165,1.0717586513274908,1.0717586513274908,1.0574310861015384,0.9588562852231699
2014-01-28,1.0777754430707165,1.0777754430707165,1.0703563434593568,1.0703563434593568,1.0560715211321963,0.9600918979228744
2014-01-29,1.0777754430707165,1.0777754430707165,1.0708205557191528,1.0708205557191528,1.056521584018599,0.9596828675119378
2014-01-30,1.0777754430707165,1.0777754430707165,1.0714749660576155,1.0714749660576155,1.057156047670959,0.9591062482520755
2014-02-07,1.0777754430707165,1.0777754430707165,1.0694397391593429,1.0694397391593429,1.055182855293998,0.9608995436185435
2014-02-08,1.0777754430707165,1.0777754430707165,1.0691023256186578,1.0691023256186578,1.0548557262515663,0.9611968481301965
2014-02-10,1.0777754430707165,1.0777754430707165,1.0698867583724798,1.0698867583724798,1.0556162491846082,0.9605056624820859
2014-02-11,1.0775599310844997,1.0775599310844997,1.06997702186744,1.06997702186744,1.0557037614125198,0.9604261287910705
2014-02-12,1.0778435665803783,1.0778435665803783,1.0702639308335642,1.0702639308335642,1.0559819252798104,0.9601733252731999
2014-02-13,1.0775450588113076,1.0775450588113076,1.0699619779516134,1.0699619779516134,1.0556891760412013,0.9604393844062397
2014-02-14,1.0774271429309985,1.0774271429309985,1.069842701190416,1.069842701190416,1.0555735348828894,0.9605444824979386
2014-02-17,1.077891370315639,1.077891370315639,1.070312286277293,1.070312286277293,1.0560288068304775,0.9601307179387272
2014-02-18,1.0788909995351965,1.0788909995351965,1.0713234523339321,1.0713234523339321,1.0570091521455358,0.959239751233423
2014-02-19,1.079756778296025,1.079756778296025,1.0721992231481305,1.0721992231481305,1.0578582291187264,0.958468085064642
2014-02-20,1.0798821303129302,1.0798821303129302,1.0723260218672415,1.0723260218672415,1.0579811629626976,0.9583563591653583
2014-02-21,1.0794901396837944,1.0794901396837944,1.0719295072286656,1.0719295072286656,1.0575967342472283,0.9587057393080334
2014-02-24,1.0782358714394007,1.0782358714394007,1.0708785822516276,1.0708785822516276,1.0565778418793996,0.9596317387105705
2014-02-25,1.0782358714394007,1.0782358714394007,1.062283133487487,1.062283133487487,1.0482443857952863,0.967205429120484
2014-02-26,1.0782358714394007,1.0782358714394007,1.0635468224169318,1.0635468224169318,1.0494695569860497,0.9660919574462675
2014-02-27,1.0782358714394007,1.0782358714394007,1.0583599024600052,1.0583599024600052,1.0446543008264335,0.9704682041114282
2014-02-28,1.0782358714394007,1.0782358714394007,1.0583599024600052,1.0583599024600052,1.0462184235448948,0.9688529127200901
2014-03-03,1.0782358714394007,1.0782358714394007,1.0583599024600052,1.0583599024600052,1.0462184235448948,0.967151459830152
2014-03-04,1.0782358714394007,1.0782358714394007,1.0583599024600052,1.0583599024600052,1.0462184235448948,0.9635023783399901
2014-03-05,1.0782358714394007,1.0782358714394007,1.0583599024600052,1.0583599024600052,1.0462184235448948,0.9632978631345217
2014-03-06,1.0782358714394007,1.0782358714394007,1.0583599024600052,1.0583599024600052,1.0462184235448948,0.9625536550257342
2014-03-07,1.0782358714394007,1.0782358714394007,1.0583599024600052,1.0583599024600052,1.0462184235448948,0.9630242293642424
2014-03-10,1.0782358714394007,1.0782358714394007,1.0583599024600052,1.0583599024600052,1.0462184235448948,0.964520220219057
2014-03-11,1.0782358714394007,1.0782358714394007,1.0583599024600052,1.0583599024600052,1.0462184235448948,0.963838502867496
2014-03-12,1.0782358714394007,1.0782358714394007,1.0583599024600052,1.0583599024600052,1.0462184235448948,0.9654064527760866
2014-03-13,1.0782358714394007,1.0782358714394007,1.0583599024600052,1.0583599024600052,1.0462184235448948,0.9662604931248479
2014-03-14,1.0782358714394007,1.0782358714394007,1.0583599024600052,1.0583599024600052,1.0462184235448948,0.9666818323212989
2014-03-17,1.0782358714394007,1.0782358714394007,1.0583599024600052,1.0583599024600052,1.0462184235448948,0.9680784060623444
2014-03-18,1.0782358714394007,1.0782358714394007,1.0583599024600052,1.0583599024600052,1.0462184235448948,0.9673777521176842
2014-03-19,1.0782358714394007,1.0782358714394007,1.0583599024600052,1.0583599024600052,1.0462184235448948,0.9667083435516374
2014-03-20,1.0782358714394007,1.0782358714394007,1.0583599024600052,1.0583599024600052,1.0462184235448948,0.9664470185668723
2014-03-21,1.0782358714394007,1.0782358714394007,1.0583599024600052,1.0583599024600052,1.0462184235448948,0.9666903537881935
2014-03-24,1.0782358714394007,1.0782358714394007,1.0583599024600052,1.0583599024600052,1.0462184235448948,0.9667642065012791
2014-03-25,1.0782358714394007,1.0782358714394007,1.0583599024600052,1.0583599024600052,1.0462184235448948,0.9666013518006284
2014-03-26,1.0782358714394007,1.0782358714394007,1.0583599024600052,1.0583599024600052,1.0462184235448948,0.9666846728102637
2014-03-27,1.0782358714394007,1.0782358714394007,1.0583599024600052,1.0583599024600052,1.0462184235448948,0.9665104561537536
2014-03-28,1.0782358714394007,1.0782358714394007,1.0583599024600052,1.0583599024600052,1.0462184235448948,0.9655551050319131
2014-03-31,1.0782358714394007,1.0782358714394007,1.0583599024600052,1.0583599024600052,1.0462184235448948,0.9666004049709735
2014-04-01,1.0782358714394007,1.0782358714394007,1.0583599024600052,1.0583599024600052,1.0462184235448948,0.966593777163389
2014-04-02,1.0782358714394007,1.0782358714394007,1.0583599024600052,1.0583599024600052,1.0462184235448948,0.965943305190441
2014-04-03,1.0782358714394007,1.0782358714394007,1.0583599024600052,1.0583599024600052,1.0462184235448948,0.9650532853147917
2014-04-04,1.0782358714394007,1.0782358714394007,1.0583599024600052,1.0583599024600052,1.0462184235448948,0.9643857704080548
2014-04-08,1.0782358714394007,1.0782358714394007,1.0583599024600052,1.0583599024600052,1.0462184235448948,0.964328013799103
2014-04-09,1.0782358714394007,1.0782358714394007,1.0583599024600052,1.0583599024600052,1.0462184235448948,0.9640032512274564
2014-04-10,1.0782358714394007,1.0782358714394007,1.0583599024600052,1.0583599024600052,1.0462184235448948,0.9645505187680153
2014-04-11,1.0782358714394007,1.0782358714394007,1.0583599024600052,1.0583599024600052,1.0462184235448948,0.9653335468926558
2014-04-14,1.0782358714394007,1.0782358714394007,1.0583599024600052,1.0583599024600052,1.0462184235448948,0.9669933392777761
2014-04-15,1.0782358714394007,1.0782358714394007,1.0583599024600052,1.0583599024600052,1.0462184235448948,0.9676371834431393
2014-04-16,1.0782358714394007,1.0782358714394007,1.0583599024600052,1.0583599024600052,1.0462184235448948,0.9684135837601953
2014-04-17,1.0782358714394007,1.0782358714394007,1.0583599024600052,1.0583599024600052,1.0462184235448948,0.9724253010082016
2014-04-18,1.0782358714394007,1.0782358714394007,1.0583599024600052,1.0583599024600052,1.0462184235448948,0.9723069473013334
2014-04-21,1.0782358714394007,1.0782358714394007,1.0583599024600052,1.0583599024600052,1.0462184235448948,0.9728049796998349
2014-04-22,1.0782358714394007,1.0782358714394007,1.0583599024600052,1.0583599024600052,1.0462184235448948,0.9728258099522437
2014-04-23,1.0782358714394007,1.0782358714394007,1.0583599024600052,1.0583599024600052,1.0462184235448948,0.9715835694449546
2014-04-24,1.0782358714394007,1.0782358714394007,1.0583599024600052,1.0583599024600052,1.0462184235448948,0.971770094886979
2014-04-25,1.0782358714394007,1.0782358714394007,1.0583599024600052,1.0583599024600052,1.0462184235448948,0.9713695859429369
2014-04-28,1.0782358714394007,1.0782358714394007,1.0583599024600052,1.0583599024600052,1.0462184235448948,0.9714055654698247
2014-04-29,1.0782358714394007,1.0782358714394007,1.0583599024600052,1.0583599024600052,1.0462184235448948,0.9720465691462232
2014-04-30,1.0782358714394007,1.0782358714394007,1.0583599024600052,1.0583599024600052,1.0462184235448948,0.9727055625860657
2014-05-04,1.0782358714394007,1.0782358714394007,1.0583599024600052,1.0583599024600052,1.0462184235448948,0.9743880788829048
2014-05-05,1.0782358714394007,1.0782358714394007,1.0583599024600052,1.0583599024600052,1.0462184235448948,0.9744685594035752
2014-05-06,1.0782358714394007,1.0782358714394007,1.0583599024600052,1.0583599024600052,1.0462184235448948,0.9757543540749919
2014-05-07,1.0782358714394007,1.0782358714394007,1.0583599024600052,1.0583599024600052,1.0462184235448948,0.9771613429422418
2014-05-08,1.0782358714394007,1.0782358714394007,1.0583599024600052,1.0583599024600052,1.0462184235448948,0.9797149425216313
2014-05-09,1.0782358714394007,1.0782358714394007,1.0583599024600052,1.0583599024600052,1.0462184235448948,0.9885005748898755
2014-05-12,1.0782358714394007,1.0782358714394007,1.0583599024600052,1.0583599024600052,1.0462184235448948,0.9874306573797865
2014-05-13,1.0782358714394007,1.0782358714394007,1.0583599024600052,1.0583599024600052,1.0462184235448948,0.9861486500269896
2014-05-14,1.0782358714394007,1.0782358714394007,1.0583599024600052,1.0583599024600052,1.0462184235448948,0.9855701371078176
2014-05-15,1.0782358714394007,1.0782358714394007,1.0583599024600052,1.0583599024600052,1.0462184235448948,0.9846706489356188
2014-05-16,1.0782358714394007,1.0782358714394007,1.0583599024600052,1.0583599024600052,1.0462184235448948,0.9841839784929766
2014-05-19,1.0782358714394007,1.0782358714394007,1.0583599024600052,1.0583599024600052,1.0462184235448948,0.9842833956067458
2014-05-20,1.0782358714394007,1.0782358714394007,1.0583599024600052,1.0583599024600052,1.0462184235448948,0.9850001456555402
2014-05-21,1.0782358714394007,1.0782358714394007,1.0583599024600052,1.0583599024600052,1.0462184235448948,0.9849575383210675
2014-05-22,1.0782358714394007,1.0782358714394007,1.0583599024600052,1.0583599024600052,1.0462184235448948,0.9849736344252015
2014-05-23,1.0782358714394007,1.0782358714394007,1.0583599024600052,1.0583599024600052,1.0462184235448948,0.986263216415238
2014-05-26,1.0782358714394007,1.0782358714394007,1.0583599024600052,1.0583599024600052,1.0462184235448948,0.9857112147264044
2014-05-27,1.0782358714394007,1.0782358714394007,1.0583599024600052,1.0583599024600052,1.0462184235448948,0.9860075724084026
2014-05-28,1.0782358714394007,1.0782358714394007,1.0583599024600052,1.0583599024600052,1.0462184235448948,0.9872412914487974
2014-05-29,1.0782358714394007,1.0782358714394007,1.0583599024600052,1.0583599024600052,1.0462184235448948,0.9892125907903949
2014-05-30,1.0782358714394007,1.0782358714394007,1.0583599024600052,1.0583599024600052,1.0462184235448948,0.9913514789809182
2014-06-03,1.0782358714394007,1.0782358714394007,1.0583599024600052,1.0583599024600052,1.0462184235448948,0.9950261248717637
2014-06-04,1.0782358714394007,1.0782358714394007,1.0583599024600052,1.0583599024600052,1.0462184235448948,0.996478561562451
2014-06-05,1.0782358714394007,1.0782358714394007,1.0583599024600052,1.0583599024600052,1.0462184235448948,0.995372664525474
2014-06-06,1.0782358714394007,1.0782358714394007,1.0583599024600052,1.0583599024600052,1.0462184235448948,0.9947524911014843
2014-06-09,1.0782358714394007,1.0782358714394007,1.0583599024600052,1.0583599024600052,1.0462184235448948,0.99377346923827
2014-06-10,1.0782358714394007,1.0782358714394007,1.0583599024600052,1.0583599024600052,1.0462184235448948,0.9945886895711786
2014-06-11,1.0782358714394007,1.0782358714394007,1.0583599024600052,1.0583599024600052,1.0462184235448948,0.9943860680250202
2014-06-12,1.0782358714394007,1.0782358714394007,1.0583599024600052,1.0583599024600052,1.0462184235448948,0.9943093748229695
2014-06-13,1.0782358714394007,1.0782358714394007,1.0583599024600052,1.0583599024600052,1.0462184235448948,0.9933852690797422
2014-06-16,1.0782358714394007,1.0782358714394007,1.0583599024600052,1.0583599024600052,1.0462184235448948,0.9941910211161012
2014-06-17,1.0782358714394007,1.0782358714394007,1.0583599024600052,1.0583599024600052,1.0462184235448948,0.994705149618737
2014-06-18,1.0782358714394007,1.0782358714394007,1.0583599024600052,1.0583599024600052,1.0462184235448948,0.9947714276945833
2014-06-19,1.0782358714394007,1.0782358714394007,1.0583599024600052,1.0583599024600052,1.0462184235448948,0.9945754339560093
2014-06-20,1.0782358714394007,1.0782358714394007,1.0583599024600052,1.0583599024600052,1.0462184235448948,0.995214543973098
2014-06-23,1.0782358714394007,1.0782358714394007,1.0583599024600052,1.0583599024600052,1.0462184235448948,0.9950355931683132
2014-06-24,1.0782358714394007,1.0782358714394007,1.0583599024600052,1.0583599024600052,1.0462184235448948,0.9955298382481951
2014-06-25,1.0782358714394007,1.0782358714394007,1.0583599024600052,1.0583599024600052,1.0462184235448948,0.9954370489420103
2014-06-26,1.0780202673859236,1.0780202673859236,1.0583599024600052,1.0583599024600052,1.0462184235448948,0.9956481919550634
2014-06-27,1.078524647517874,1.078524647517874,1.0583599024600052,1.0583599024600052,1.0462184235448948,0.9951823517648299
2014-06-30,1.0791971543604748,1.0791971543604748,1.0583599024600052,1.0583599024600052,1.0462184235448948,0.9945612315111853
2014-07-01,1.0804160730126884,1.0804160730126884,1.0583599024600052,1.0583599024600052,1.0462184235448948,0.9934354510514544
2014-07-02,1.0834033976153385,1.0834033976153385,1.0583599024600052,1.0583599024600052,1.0462184235448948,0.9906763894369416
2014-07-03,1.0855275350816016,1.0855275350816016,1.0583599024600052,1.0583599024600052,1.0462184235448948,0.9887145583918933
2014-07-04,1.0864758107361834,1.0864758107361834,1.0583599024600052,1.0583599024600052,1.0462184235448948,0.9878387409610682
2014-07-07,1.085288672132934,1.085288672132934,1.0583599024600052,1.0583599024600052,1.0462184235448948,0.9889351697014959
2014-07-08,1.0848704056820482,1.0848704056820482,1.0583599024600052,1.0583599024600052,1.0462184235448948,0.9893214762007136
2014-07-09,1.084624366593292,1.084624366593292,1.0583599024600052,1.0583599024600052,1.0462184235448948,0.9895487153179008
2014-07-10,1.085176929380124,1.085176929380124,1.0583599024600052,1.0583599024600052,1.0462184235448948,0.9890383741338848
2014-07-11,1.085051859510006,1.085051859510006,1.0583599024600052,1.0583599024600052,1.0462184235448948,0.9891538873517883
2014-07-14,1.0857458947728729,1.0857458947728729,1.0583599024600052,1.0583599024600052,1.0462184235448948,0.9885128836753899
2014-07-15,1.0868766494182822,1.0868766494182822,1.0583599024600052,1.0583599024600052,1.0462184235448948,0.9874685305659844
2014-07-16,1.0913648124623458,1.0913648124623458,1.058148272805444,1.058148272805444,1.0462184235448948,0.9833233103366305
2014-07-17,1.094463879817806,1.094463879817806,1.0612283400040972,1.0612283400040972,1.0462184235448948,0.9804610442897287
2014-07-18,1.0955936093003456,1.0955936093003456,1.062351143197255,1.062351143197255,1.0460092217005548,0.979417638009978
2014-07-21,1.0953742244462044,1.0953742244462044,1.0621331033757162,1.0621331033757162,1.045792823713045,0.9796202595561366
2014-07-22,1.0945807483849652,1.0945807483849652,1.0613444920585617,1.0613444920585617,1.045010150618033,0.9803531057090648
2014-07-23,1.0947160698837812,1.0947160698837812,1.0614789839110998,1.0614789839110998,1.0451436297505157,0.980228124194612
2014-07-24,1.094869844314254,1.094869844314254,1.061631815561711,1.061631815561711,1.0452953105828824,0.9800860997463701
2014-07-25,1.0944413262346702,1.0944413262346702,1.061205924695341,1.061205924695341,1.044872626663354,0.9804818745421375
2014-07-28,1.0935330319320111,1.0935330319320111,1.0603031990790635,1.0603031990790635,1.0439766985468413,0.9813207656164197
2014-07-29,1.0938990150765362,1.0938990150765362,1.0606669384075182,1.0606669384075182,1.0443376989278739,0.980982747429604
2014-07-30,1.0943070298987239,1.0943070298987239,1.0610724517204737,1.0610724517204737,1.0447401587364202,0.9806059092269355
2014-07-31,1.0936334978932534,1.0936334978932534,1.0604030490907963,1.0604030490907963,1.0440757966906542,0.981227976310235
2014-08-01,1.093827253675649,1.093827253675649,1.0605956169705666,1.0605956169705666,1.0442669145394363,0.9810490255054501
2014-08-04,1.0918538151512491,1.0918538151512491,1.058634277454388,1.058634277454388,1.042320343857397,0.9828716725912213
2014-08-05,1.0925129948765422,1.0925129948765422,1.059289415796675,1.059289415796675,1.0429705490254755,0.982262861123091
2014-08-06,1.0926278131179619,1.0926278131179619,1.0594035300957982,1.0594035300957982,1.043083804046976,0.982156816201737
2014-08-07,1.0930337776144097,1.0930337776144097,1.0598070056534121,1.0598070056534121,1.043484241444424,0.9817818716583784
2014-08-08,1.0933864336416272,1.0933864336416272,1.0601574995721474,1.0601574995721474,1.0438320961533183,0.981456162257077
2014-08-11,1.0946545601115922,1.0946545601115922,1.0614178512508552,1.0614178512508552,1.0450829574175688,0.9802849339739087
2014-08-12,1.0946924911377753,1.0946924911377753,1.0614555497246727,1.0614555497246727,1.045120372022886,0.9802499012766758
2014-08-13,1.0942865266413275,1.0942865266413275,1.0610520741670588,1.0610520741670588,1.044719934625438,0.9806248458200343
2014-08-14,1.0915021842869015,1.0915021842869015,1.0582848024133233,1.0582848024133233,1.0419735003540518,0.9831964351628679
2014-08-15,1.0906225945445975,1.0906225945445975,1.0574106053718269,1.0574106053718269,1.0411058859929145,0.9840088150068115
2014-08-18,1.0911290250022876,1.0911290250022876,1.0579139309411734,1.0579139309411734,1.0416054215341752,0.9835410811572682
2014-08-19,1.0914581022834993,1.0914581022834993,1.0582409906734815,1.0582409906734815,1.04193001851544,0.9832371488380306
2014-08-20,1.0919091739462194,1.0919091739462194,1.0586892968486081,1.0586892968486081,1.042374948957049,0.9828205437898542
2014-08-21,1.0924730135246192,1.0924730135246192,1.0592496795675161,1.0592496795675161,1.0429311120090603,0.9822997874796339
2014-08-22,1.0933156974036098,1.0933156974036098,1.060087197012866,1.060087197012866,1.0437623229704296,0.9815214935032682
2014-08-25,1.0922474776932594,1.0922474776932594,1.059025526479953,1.059025526479953,1.0427086467882558,0.982508090003722
2014-08-26,1.0917389969098295,1.0917389969098295,1.0585201631552648,1.0585201631552648,1.0422070888358965,0.9829777175125753
2014-08-27,1.0910162570866078,1.0910162570866078,1.0578018543973917,1.0578018543973917,1.0414941889237732,0.9836452324193122
2014-08-28,1.0904472916938588,1.0904472916938588,1.0572363772901299,1.0572363772901299,1.0409329698440164,0.9841707228778073
2014-08-29,1.0906923056197453,1.0906923056197453,1.0574798890534374,1.0574798890534374,1.041174647970254,0.9839444305902751
2014-09-01,1.091025483552436,1.091025483552436,1.0578110242964285,1.0578110242964285,1.041503289773715,0.9836367109524177
2014-09-02,1.09139864283705,1.09139864283705,1.0581818957685785,1.0581818957685785,1.0418713685935916,0.9832920649580174
2014-09-03,1.091837412545332,1.091837412545332,1.058617975411656,1.058617975411656,1.0420942217128448,0.9828868218657004
2014-09-04,1.0925324729710688,1.0925324729710688,1.0593087744724192,1.0593087744724192,1.0420942217128448,0.9822448713596469
2014-09-05,1.0932490618170716,1.0932490618170716,1.0600209699642678,1.0600209699642678,1.0420942217128448,0.9815830374308399
2014-09-09,1.0933905342931065,1.0933905342931065,1.0601615750828304,1.0601615750828304,1.0420942217128448,0.9814523749384572
2014-09-10,1.0937339638544956,1.0937339638544956,1.0602917403732273,1.0602917403732273,1.0420942217128448,0.9811351870040503
2014-09-11,1.0936560514763893,1.0936560514763893,1.0602917403732273,1.0602917403732273,1.0420942217128448,0.9812071460578261
2014-09-12,1.093139369390001,1.093139369390001,1.0602917403732273,1.0602917403732273,1.0420942217128448,0.981684348203919
2014-09-15,1.0928266947147065,1.0928266947147065,1.0602917403732273,1.0602917403732273,1.0420942217128448,0.9819731312486774
2014-09-16,1.092598083394737,1.092598083394737,1.0602917403732273,1.0602917403732273,1.0420942217128448,0.9821842742617304
2014-09-17,1.0899019050471155,1.0899019050471155,1.0602917403732273,1.0602917403732273,1.0420942217128448,0.9846744362542386
2014-09-18,1.083867796395366,1.083867796395366,1.0602917403732273,1.0602917403732273,1.0420942217128448,0.990247475603251
2014-09-19,1.0780387203175803,1.0780387203175803,1.0602917403732273,1.0602917403732273,1.0420942217128448,0.9956311490212743
2014-09-22,1.0762528865983572,1.0762528865983572,1.0602917403732273,1.0602917403732273,1.0420942217128448,0.9972805262801901
2014-09-23,1.0752923089893376,1.0752923089893376,1.0602917403732273,1.0602917403732273,1.0420942217128448,0.9981677056668746
2014-09-24,1.0760960366792751,1.0760960366792751,1.0602917403732273,1.0602917403732273,1.0420942217128448,0.997425391217397
2014-09-25,1.075578329430017,1.075578329430017,1.0602917403732273,1.0602917403732273,1.0420942217128448,0.9979035401931448
2014-09-26,1.0761267915653696,1.0761267915653696,1.0602917403732273,1.0602917403732273,1.0420942217128448,0.9973969863277486
2014-09-28,1.0759566145289798,1.0759566145289798,1.0602917403732273,1.0602917403732273,1.0420942217128448,0.9975541600504696
2014-09-29,1.0749765588254336,1.0749765588254336,1.0602917403732273,1.0602917403732273,1.0420942217128448,0.998459329200598
2014-09-30,1.0739298675353492,1.0739298675353492,1.0602917403732273,1.0602917403732273,1.0420942217128448,0.9994260422782981
2014-10-08,1.0745552168859385,1.0745552168859385,1.0602917403732273,1.0602917403732273,1.0420942217128448,0.9988484761887809
2014-10-09,1.0751528868390425,1.0751528868390425,1.0602917403732273,1.0602917403732273,1.0420942217128448,0.9982964744999473
2014-10-10,1.075295588075293,1.075295588075293,1.0602917403732273,1.0602917403732273,1.0420942217128448,0.9979650841207162
2014-10-11,1.075295588075293,1.075295588075293,1.0602917403732273,1.0602917403732273,1.0420942217128448,0.9981847486006638
2014-10-13,1.075295588075293,1.075295588075293,1.0602917403732273,1.0602917403732273,1.0420942217128448,0.9992395168362737
2014-10-14,1.075295588075293,1.075295588075293,1.0602917403732273,1.0602917403732273,1.0420942217128448,1.005236735870702
2014-10-15,1.075295588075293,1.075295588075293,1.0602917403732273,1.0602917403732273,1.0420942217128448,1.0101526754391816
2014-10-16,1.075295588075293,1.075295588075293,1.0602917403732273,1.0602917403732273,1.0420942217128448,1.0108836279328
2014-10-17,1.075295588075293,1.075295588075293,1.0602917403732273,1.0602917403732273,1.0420942217128448,1.0118465536918804
2014-10-20,1.075295588075293,1.075295588075293,1.0602917403732273,1.0602917403732273,1.0420942217128448,1.0161820866818783
2014-10-21,1.075295588075293,1.075295588075293,1.0602917403732273,1.0602917403732273,1.0420942217128448,1.0172037158795648
2014-10-22,1.075295588075293,1.075295588075293,1.0602917403732273,1.0602917403732273,1.0420942217128448,1.0147182880353316
2014-10-23,1.075295588075293,1.075295588075293,1.0602917403732273,1.0602917403732273,1.0420942217128448,1.0127877023688965
2014-10-24,1.075295588075293,1.075295588075293,1.0602917403732273,1.0602917403732273,1.0420942217128448,1.011865490284979
2014-10-27,1.075295588075293,1.075295588075293,1.0602917403732273,1.0602917403732273,1.0420942217128448,1.0138074379072735
2014-10-28,1.075295588075293,1.075295588075293,1.0602917403732273,1.0602917403732273,1.0420942217128448,1.0150023369318155
2014-10-29,1.075295588075293,1.075295588075293,1.0602917403732273,1.0602917403732273,1.0420942217128448,1.0174129652333082
2014-10-30,1.075295588075293,1.075295588075293,1.0602917403732273,1.0602917403732273,1.0420942217128448,1.0159340173122824
2014-10-31,1.075295588075293,1.075295588075293,1.0602917403732273,1.0602917403732273,1.0420942217128448,1.015724767958539
2014-11-03,1.075295588075293,1.075295588075293,1.0602917403732273,1.0602917403732273,1.0420942217128448,1.0190206819874064
2014-11-04,1.075295588075293,1.075295588075293,1.0602917403732273,1.0602917403732273,1.0420942217128448,1.0243200875661393
2014-11-05,1.075295588075293,1.075295588075293,1.0602917403732273,1.0602917403732273,1.0420942217128448,1.0270687340544478
2014-11-06,1.075295588075293,1.075295588075293,1.0602917403732273,1.0602917403732273,1.0420942217128448,1.0249610912425378
2014-11-07,1.075295588075293,1.075295588075293,1.0602917403732273,1.0602917403732273,1.0420942217128448,1.0304394476260557
2014-11-10,1.075295588075293,1.075295588075293,1.0602917403732273,1.0602917403732273,1.0420942217128448,1.0339569197941803
2014-11-11,1.075295588075293,1.075295588075293,1.0602917403732273,1.0602917403732273,1.0420942217128448,1.03440098290235
2014-11-12,1.075295588075293,1.075295588075293,1.0602917403732273,1.0602917403732273,1.0420942217128448,1.0319117677394969
2014-11-13,1.075295588075293,1.075295588075293,1.0602917403732273,1.0602917403732273,1.0420942217128448,1.0282238662334822
2014-11-14,1.075295588075293,1.075295588075293,1.0602917403732273,1.0602917403732273,1.0420942217128448,1.025396632883813
2014-11-17,1.075295588075293,1.075295588075293,1.0602917403732273,1.0602917403732273,1.0420942217128448,1.0228581825789027
2014-11-18,1.075295588075293,1.075295588075293,1.0602917403732273,1.0602917403732273,1.0420942217128448,1.0256219783416904
2014-11-19,1.075295588075293,1.075295588075293,1.0602917403732273,1.0602917403732273,1.0420942217128448,1.0252858538141842
2014-11-20,1.075295588075293,1.075295588075293,1.0602917403732273,1.0602917403732273,1.0420942217128448,1.0236819243787059
2014-11-21,1.075295588075293,1.075295588075293,1.0602917403732273,1.0602917403732273,1.0420942217128448,1.022572240023109
2014-11-24,1.075295588075293,1.075295588075293,1.0602917403732273,1.0602917403732273,1.0420942217128448,1.0358950800978548
2014-11-25,1.075295588075293,1.075295588075293,1.0602917403732273,1.0602917403732273,1.0420942217128448,1.0329845257385506
2014-11-26,1.075295588075293,1.075295588075293,1.0602917403732273,1.0602917403732273,1.0420942217128448,1.0330006218426846
2014-11-27,1.075295588075293,1.075295588075293,1.0602917403732273,1.0602917403732273,1.0420942217128448,1.032939077915113
2014-11-28,1.075295588075293,1.075295588075293,1.0602917403732273,1.0602917403732273,1.0420942217128448,1.0333594702819093
2014-12-01,1.075295588075293,1.075295588075293,1.0602917403732273,1.0602917403732273,1.0420942217128448,1.0338300446204174
2014-12-02,1.075295588075293,1.075295588075293,1.0602917403732273,1.0602917403732273,1.0420942217128448,1.0326398797441503
2014-12-03,1.075295588075293,1.075295588075293,1.0602917403732273,1.0602917403732273,1.0420942217128448,1.0267780573503793
2014-12-04,1.075295588075293,1.075295588075293,1.0602917403732273,1.0602917403732273,1.0420942217128448,1.0231592744091755
2014-12-05,1.075295588075293,1.075295588075293,1.0602917403732273,1.0602917403732273,1.0420942217128448,1.0140725502106582
2014-12-08,1.075295588075293,1.075295588075293,1.0602917403732273,1.0602917403732273,1.0420942217128448,1.0138917057465637
2014-12-09,1.075295588075293,1.075295588075293,1.0602917403732273,1.0602917403732273,1.0420942217128448,1.014344290321628
2014-12-10,1.075295588075293,1.075295588075293,1.0602917403732273,1.0602917403732273,1.0420942217128448,1.0174243271891674
2014-12-11,1.075295588075293,1.075295588075293,1.0602917403732273,1.0602917403732273,1.0420942217128448,1.0164746570452565
2014-12-12,1.075295588075293,1.075295588075293,1.0600797244283415,1.0600797244283415,1.0420942217128448,1.0157512791888776
2014-12-15,1.075295588075293,1.075295588075293,1.0618336911906407,1.0618336911906407,1.0420942217128448,1.0140706565513484
2014-12-16,1.075295588075293,1.075295588075293,1.0605085816536024,1.0605085816536024,1.0420942217128448,1.015340355118631
2014-12-17,1.075295588075293,1.075295588075293,1.0596311041973083,1.0596311041973083,1.0420942217128448,1.0161811398522231
2014-12-18,1.075295588075293,1.075295588075293,1.0597556111336746,1.0597556111336746,1.0420942217128448,1.0160618393157002
2014-12-19,1.075295588075293,1.075295588075293,1.0569808851232319,1.0569808851232319,1.041885844543936,1.0187205369867884
2014-12-22,1.075080571960901,1.075295588075293,1.0564828573777678,1.0564828573777678,1.0413977910072216,1.0191977391328813
2014-12-23,1.072146260531641,1.075080571960901,1.0535796718298047,1.0535796718298047,1.0385527487634374,1.0219795246591128
2014-12-24,1.0681213200755764,1.0710665872244318,1.0495974261666694,1.0495974261666694,1.0346502571901053,1.0257952481685453
2014-12-25,1.0688993420644781,1.0718424914700173,1.0503671952415037,1.0503671952415037,1.0354046097795906,1.0250576678673424
2014-12-26,1.0672913633711123,1.0702388896274082,1.0487762732768269,1.0487762732768269,1.0338455498706416,1.0265820636118057
2014-12-29,1.0683030915800438,1.071247863954466,1.049777269519198,1.049777269519198,1.03482649874503,1.0256229251713451
2014-12-30,1.0686955981803499,1.071639302168221,1.0501656125826253,1.0501656125826253,1.0352070643004443,1.0252508211169513
2014-12-31,1.0697652535720237,1.0727060460026523,1.0512239215417365,1.0512239215417365,1.0362441780659626,1.024236766556504
2015-01-04,1.0689842353495316,1.071927153679099,1.0504511880160363,1.0504511880160363,1.0354869203959016,1.0249771873466722
2015-01-05,1.069799210886045,1.072739910886285,1.0512575186515496,1.0512575186515496,1.036277102312487,1.024204574348236
2015-01-06,1.070437408640741,1.0733763714933828,1.0518889466859773,1.0518889466859773,1.036895884475107,1.0235995501987254
2015-01-07,1.0704334136626208,1.0733723873894259,1.0518849940848227,1.0518849940848227,1.0368920110343394,1.0236033375173452
2015-01-08,1.0698950903609288,1.072835529381248,1.0513523810792569,1.0513523810792569,1.0363700648909087,1.0241136787013612
2015-01-09,1.0702726157932843,1.0732120272051648,1.0517259018883551,1.0517259018883551,1.0367361050434445,1.0237557770917916
2015-01-12,1.0701877225082308,1.073127364996083,1.0516419091138225,1.0516419091138225,1.0366537944271337,1.023836257612462
2015-01-13,1.0675680156059337,1.0705147888264162,1.0490499909067743,1.0490499909067743,1.034113785643796,1.0263197917973854
2015-01-14,1.0644109841464746,1.0673663506745605,1.0459264478444492,1.0459264478444492,1.0310527990772198,1.0293127203366699
2015-01-15,1.062852942679611,1.065812550131411,1.0443849333942032,1.0443849333942032,1.0295421571778653,1.0307897745983856
2015-01-16,1.0603271177631377,1.0632936004047289,1.0418859013142854,1.0418859013142854,1.027093174252566,1.0331843067957442
2015-01-19,1.0587231340478922,1.0616939826660765,1.040298931950763,1.040298931950763,1.0255379877843844,1.0347049152215877
2015-01-20,1.0580869337822563,1.0610595141109571,1.0396694802169124,1.0396694802169124,1.024921142342148,1.0353080457117882
2015-01-21,1.0575615941594547,1.0605356044406389,1.0391497131650989,1.0391497131650989,1.024411784881212,1.0358060781102898
2015-01-22,1.0566057956442056,1.0595824075689764,1.0382040533388903,1.0382040533388903,1.0234850641775697,1.0367121940900732
2015-01-23,1.0554592369237188,1.0584389697333767,1.0370696568075555,1.0370696568075555,1.0223733866772755,1.037799154533951
2015-01-26,1.0548949462642458,1.0578762150494798,1.0365113518944857,1.0365113518944857,1.0218262631688555,1.0383341132889958
2015-01-27,1.05549119674868,1.0584708425650309,1.0371012776167912,1.0371012776167912,1.022404374203416,1.0377688559849931
2015-01-28,1.0564979312349614,1.059474836762143,1.0380973331077195,1.0380973331077195,1.023380481276845,1.0368144516928075
2015-01-29,1.058865954515688,1.0618364143825318,1.0404402374420354,1.0404402374420354,1.0256764632918252,1.0345695185809303
2015-01-30,1.0589244030430751,1.0621123135815398,1.040713955071983,1.040713955071983,1.0259446990649799,1.0343072467665102
2015-02-02,1.0589244030430751,1.0608852095628476,1.039496553916404,1.039496553916404,1.0247516793085667,1.0354737409014039
2015-02-03,1.0589244030430751,1.0592835997722168,1.0379076082523047,1.0379076082523047,1.0231945561200015,1.036996242986557
2015-02-04,1.0589244030430751,1.0595883837249114,1.0382099822406219,1.0382099822406219,1.0234908743387208,1.0367065131121436
2015-02-05,1.0589244030430751,1.0580644639614383,1.0366981122990346,1.0366981122990346,1.0220092832451233,1.038155162484211
2015-02-06,1.0589244030430751,1.0586172583854432,1.0372465357092182,1.0372465357092182,1.0225467231516245,1.0376296720257159
2015-02-09,1.0589244030430751,1.0569718234512877,1.0356141114324195,1.0356141114324195,1.020946992114616,1.0391938346156868
2015-02-10,1.0589244030430751,1.0562357602452703,1.03488386836913,1.03488386836913,1.0202313739328064,1.0398935417306918
2015-02-11,1.0589244030430751,1.0550674217599407,1.0337247680805797,1.0337247680805797,1.019095487427715,1.0410041729159436
2015-02-12,1.0589244030430751,1.0533134199929626,1.0319846354223212,1.0319846354223212,1.0173902051297898,1.0426715399383037
2015-02-13,1.0589244030430751,1.0511430793624996,1.02983145594342,1.02983145594342,1.0152801482716531,1.044734681756431
2015-02-15,1.0589244030430751,1.0496958536001946,1.0283956735740563,1.0283956735740563,1.0138731209128313,1.0461104252450677
2015-02-16,1.0589244030430751,1.049029512213421,1.0277346010309703,1.0277346010309703,1.0132252879444545,1.0467438542842267
2015-02-17,1.0589244030430751,1.0483631708266474,1.027073528487884,1.027073528487884,1.0125774549760775,1.0473772833233854
2015-02-25,1.058712660510973,1.0474378626826821,1.0261555368697568,1.0261555368697568,1.0116778483578082,1.0482568880728302
2015-02-26,1.060590782151697,1.0493940577254675,1.0280962640366047,1.0280962640366047,1.0135797077746875,1.0463973146305163
2015-02-27,1.0606701528727667,1.049476727882571,1.0281782805105601,1.0281782805105601,1.013660081670615,1.046318727769156
2015-02-28,1.0600399684729513,1.0488203467556894,1.02752708947036,1.02752708947036,1.013021932304157,1.0469426885117652
2015-03-02,1.0619075711024493,1.0507655855125935,1.0294569469840333,1.0294569469840333,1.0149131397589253,1.0450935301956557
2015-03-03,1.0640859626999901,1.053034532715987,1.0317079533415079,1.0317079533415079,1.0171190642760595,1.0429366522416885
2015-03-04,1.0648567193407354,1.0538373296632808,1.0325044024741348,1.0325044024741348,1.017899562590726,1.042173507539802
2015-03-05,1.06820176491062,1.0573214285734962,1.0359609521837247,1.0359609521837247,1.0212868865419706,1.0388614974068007
2015-03-06,1.0685785367672622,1.0577138628132403,1.0363502833974407,1.0363502833974407,1.0216684204575768,1.038488446522752
2015-03-09,1.07217699488032,1.0614619086105934,1.0400686929335148,1.0400686929335148,1.0253123598596732,1.03492552653119
2015-03-10,1.071647219224026,1.0609101102125775,1.0395212576736197,1.0395212576736197,1.024775888313364,1.03545007016003
2015-03-11,1.066565580528095,1.0556172281059781,1.0342702270398973,1.0342702270398973,1.0196300222536403,1.0404815229464135
2015-03-12,1.066753966456416,1.0558134452258503,1.0344648926467555,1.0344648926467555,1.0198207892114435,1.0402949975043891
2015-03-13,1.0681807268881678,1.057299516001734,1.0359392128773752,1.0359392128773752,1.0212655826177488,1.0388823276592096
2015-03-16,1.0718872439347296,1.0611601127358663,1.039769283396063,1.039769283396063,1.0250189467215294,1.0352124159166387
2015-03-17,1.0727804036151962,1.0620904010097774,1.0406922157656333,1.0406922157656333,1.025923395140758,1.0343280770189192
2015-03-18,1.0738112667153494,1.0631641170261332,1.041757441776765,1.041757441776765,1.0269672874276197,1.033307394650887
2015-03-19,1.0735463788872024,1.0628882178271253,1.0414837241468173,1.0414837241468173,1.0266990516544652,1.0335696664653073
2015-03-20,1.0724131944960322,1.0617079270299252,1.0403127660548035,1.0403127660548035,1.025551544827071,1.0346916596064184
2015-03-23,1.0721014492542418,1.0613832225574467,1.0399906290607137,1.0399906290607137,1.0252358594045134,1.0350003260739309
2015-03-24,1.071955139370825,1.0612308305810993,1.039839442066555,1.039839442066555,1.0250877002951537,1.0351451910111376
2015-03-25,1.0724065005797974,1.061700954848001,1.0403058490027832,1.0403058490027832,1.0255447663057278,1.034698287414003
2015-03-26,1.077323660191103,1.0668225204844584,1.045386917786863,1.045386917786863,1.0305240744124458,1.0298296893282703
2015-03-27,1.0775149149406675,1.067021725682298,1.0455845478445869,1.0455845478445869,1.0307177464508246,1.0296403233972813
2015-03-30,1.0798711734553033,1.0694759337196824,1.0480193501557444,1.0480193501557444,1.033103785963651,1.0273073351274942
2015-03-31,1.085197618230677,1.0750237984795166,1.0535233472633534,1.0535233472633534,1.0384975522324995,1.0220334939494446
2015-04-01,1.0822283882436867,1.071931137783056,1.0504551406171907,1.0504551406171907,1.035490793836669,1.0249734000280522
2015-04-02,1.0790937228983233,1.0686661645904643,1.047215983971097,1.047215983971097,1.0323165091276412,1.0280771076369655
2015-04-03,1.080223082194502,1.0698424712837074,1.0483829894619563,1.0483829894619563,1.0334601425142678,1.026958901814474
2015-04-07,1.0814652817929242,1.0711363090436758,1.0496665966868728,1.0496665966868728,1.0347180424035378,1.0257289700926993
2015-04-08,1.0887205307176568,1.078693158223723,1.0571636929266264,1.0571636929266264,1.0420649911794364,1.0185453735006236
2015-04-09,1.0888314584724041,1.0788086972384698,1.0572783183601062,1.0572783183601062,1.042177320961696,1.0184355412606498
2015-04-10,1.0873234147720874,1.0772379642535042,1.0557200053549538,1.0557200053549538,1.0406502169390794,1.0199286916264996
2015-04-13,1.0859741125139093,1.0758325715827455,1.0541125585530002,1.054325725297712,1.0392838607083172,1.0212646682696285
2015-04-14,1.0840395707220634,1.0738176110065976,1.0541125585530002,1.0521131307135168,1.0371155786759065,1.0231801046615845
2015-04-15,1.0817875460459405,1.0714719698020356,1.0541125585530002,1.0521131307135168,1.0371155786759065,1.0254098884989824
2015-04-16,1.0806620118447527,1.0702996472127493,1.0541125585530002,1.0521131307135168,1.0371155786759065,1.0265243070028538
2015-04-17,1.0796866177858517,1.069499838343423,1.0541125585530002,1.0521131307135168,1.0371155786759065,1.0272846112157754
2015-04-20,1.0796866177858517,1.0607819202733313,1.0541125585530002,1.0521131307135168,1.0371155786759065,1.035364855491085
2015-04-21,1.0796866177858517,1.0607819202733313,1.0541125585530002,1.0521131307135168,1.0371155786759065,1.0388169964130183
2015-04-22,1.0796866177858517,1.0607819202733313,1.0541125585530002,1.0521131307135168,1.0371155786759065,1.0376060012843424
2015-04-23,1.0796866177858517,1.0607819202733313,1.0541125585530002,1.0521131307135168,1.0371155786759065,1.035662160002738
2015-04-24,1.0796866177858517,1.0607819202733313,1.0541125585530002,1.0521131307135168,1.0371155786759065,1.035469953582784
2015-04-27,1.0796866177858517,1.0607819202733313,1.0541125585530002,1.0521131307135168,1.0371155786759065,1.0367595355728205
2015-04-28,1.0796866177858517,1.0607819202733313,1.0541125585530002,1.0521131307135168,1.0371155786759065,1.0392354951205045
2015-04-29,1.0796866177858517,1.0607819202733313,1.0541125585530002,1.0521131307135168,1.0371155786759065,1.0387601866337215
2015-04-30,1.0796866177858517,1.0607819202733313,1.0541125585530002,1.0521131307135168,1.0371155786759065,1.0399588729768832
2015-05-04,1.0796866177858517,1.0607819202733313,1.0541125585530002,1.0521131307135168,1.0371155786759065,1.0408072323477149
2015-05-05,1.0796866177858517,1.0607819202733313,1.0541125585530002,1.0521131307135168,1.0371155786759065,1.0393576361459926
2015-05-06,1.0796866177858517,1.0607819202733313,1.0541125585530002,1.0521131307135168,1.0371155786759065,1.0355523277627643
2015-05-07,1.0796866177858517,1.0607819202733313,1.0541125585530002,1.0521131307135168,1.0371155786759065,1.0353421315793663
2015-05-08,1.0796866177858517,1.0607819202733313,1.0541125585530002,1.0521131307135168,1.0371155786759065,1.037614522751237
2015-05-11,1.0796866177858517,1.0607819202733313,1.0541125585530002,1.0521131307135168,1.0371155786759065,1.036732077512827
2015-05-12,1.0796866177858517,1.0607819202733313,1.0541125585530002,1.0521131307135168,1.0371155786759065,1.037345623129232
2015-05-13,1.0796866177858517,1.0607819202733313,1.0541125585530002,1.0521131307135168,1.0371155786759065,1.0381769395662748
2015-05-14,1.0796866177858517,1.0607819202733313,1.0541125585530002,1.0521131307135168,1.0371155786759065,1.0389722764764295
2015-05-15,1.0796866177858517,1.0607819202733313,1.0541125585530002,1.0521131307135168,1.0371155786759065,1.0394580000894167
2015-05-18,1.0796866177858517,1.0607819202733313,1.0541125585530002,1.0521131307135168,1.0371155786759065,1.0392657936694625
2015-05-19,1.0796866177858517,1.0607819202733313,1.0541125585530002,1.0521131307135168,1.0371155786759065,1.0380936185566396
2015-05-20,1.0796866177858517,1.0607819202733313,1.0541125585530002,1.0521131307135168,1.0371155786759065,1.0375103714891927
2015-05-21,1.0796866177858517,1.0607819202733313,1.0541125585530002,1.0521131307135168,1.0371155786759065,1.037224428933399
2015-05-22,1.0796866177858517,1.0607819202733313,1.0541125585530002,1.0521131307135168,1.0371155786759065,1.0376968969312172
2015-05-25,1.0796866177858517,1.0607819202733313,1.0541125585530002,1.0521131307135168,1.0371155786759065,1.0374166353533532
2015-05-26,1.0796866177858517,1.0607819202733313,1.0541125585530002,1.0521131307135168,1.0371155786759065,1.031784892565734
2015-05-27,1.0796866177858517,1.0607819202733313,1.0541125585530002,1.0521131307135168,1.0371155786759065,1.0317214549788527
2015-05-28,1.0796866177858517,1.0607819202733313,1.0541125585530002,1.0521131307135168,1.0371155786759065,1.0267430246531462
2015-05-29,1.0796866177858517,1.0607819202733313,1.0541125585530002,1.0521131307135168,1.0371155786759065,1.0261929166236228
2015-06-01,1.0796866177858517,1.0607819202733313,1.0541125585530002,1.0521131307135168,1.0371155786759065,1.0214019585695957
2015-06-02,1.0796866177858517,1.0607819202733313,1.0541125585530002,1.0521131307135168,1.0371155786759065,1.0236109121545849
2015-06-03,1.0796866177858517,1.0607819202733313,1.0541125585530002,1.0521131307135168,1.0371155786759065,1.024798236541887
2015-06-04,1.0796866177858517,1.0607819202733313,1.0541125585530002,1.0521131307135168,1.0371155786759065,1.0253208865114174
2015-06-05,1.0796866177858517,1.0607819202733313,1.0541125585530002,1.0521131307135168,1.0371155786759065,1.0255670622217032
2015-06-08,1.0796866177858517,1.0607819202733313,1.0541125585530002,1.0521131307135168,1.0371155786759065,1.0275014352067582
2015-06-09,1.0796866177858517,1.0607819202733313,1.0541125585530002,1.0521131307135168,1.0371155786759065,1.0279729563749211
2015-06-10,1.0796866177858517,1.0607819202733313,1.0541125585530002,1.0521131307135168,1.0371155786759065,1.027595171342598
2015-06-11,1.0796866177858517,1.0607819202733313,1.0541125585530002,1.0521131307135168,1.0371155786759065,1.0264192089111548
2015-06-12,1.0796866177858517,1.0607819202733313,1.0541125585530002,1.0521131307135168,1.0371155786759065,1.0254089416693273
2015-06-15,1.0796866177858517,1.0607819202733313,1.0541125585530002,1.0521131307135168,1.0371155786759065,1.0238675029910753
2015-06-16,1.0796866177858517,1.0607819202733313,1.0541125585530002,1.0521131307135168,1.0371155786759065,1.0232643725008745
2015-06-17,1.0796866177858517,1.0607819202733313,1.0541125585530002,1.0521131307135168,1.0371155786759065,1.0242689587647722
2015-06-18,1.0796866177858517,1.0607819202733313,1.0541125585530002,1.0521131307135168,1.0371155786759065,1.0261219043995016
2015-06-19,1.0796866177858517,1.0607819202733313,1.0541125585530002,1.0521131307135168,1.0371155786759065,1.0272278014364786
2015-06-23,1.0796866177858517,1.0607819202733313,1.0541125585530002,1.0521131307135168,1.0371155786759065,1.0260878185319238
2015-06-24,1.0796866177858517,1.0607819202733313,1.0541125585530002,1.0521131307135168,1.0371155786759065,1.0255225612279208
2015-06-25,1.0796866177858517,1.0607819202733313,1.0541125585530002,1.0521131307135168,1.0371155786759065,1.0250567210376873
2015-06-26,1.0796866177858517,1.0607819202733313,1.0541125585530002,1.0521131307135168,1.0371155786759065,1.025697724714086
2015-06-29,1.0796866177858517,1.0607819202733313,1.0541125585530002,1.0521131307135168,1.0371155786759065,1.0253710684831294
2015-06-30,1.0796866177858517,1.0607819202733313,1.0541125585530002,1.0521131307135168,1.0371155786759065,1.0257166613071849
2015-07-01,1.0796866177858517,1.0607819202733313,1.0541125585530002,1.0521131307135168,1.0371155786759065,1.0245444861943616
2015-07-02,1.0796866177858517,1.0607819202733313,1.0541125585530002,1.0521131307135168,1.0371155786759065,1.0243039914620053
2015-07-03,1.0796866177858517,1.0607819202733313,1.0541125585530002,1.0521131307135168,1.0371155786759065,1.026398378658746
2015-07-06,1.0796866177858517,1.0607819202733313,1.0541125585530002,1.0521131307135168,1.0371155786759065,1.0314894817133908
2015-07-07,1.0796866177858517,1.0607819202733313,1.0541125585530002,1.0521131307135168,1.0371155786759065,1.0351073178249397
2015-07-08,1.0796866177858517,1.0607819202733313,1.0541125585530002,1.0521131307135168,1.0371155786759065,1.035173595900786
2015-07-09,1.0796866177858517,1.0607819202733313,1.0541125585530002,1.0521131307135168,1.0371155786759065,1.0367093536011083
2015-07-10,1.0796866177858517,1.0607819202733313,1.0541125585530002,1.0521131307135168,1.0371155786759065,1.0327743295551528
2015-07-13,1.0796866177858517,1.0607819202733313,1.0541125585530002,1.0521131307135168,1.0371155786759065,1.0330006218426846
2015-07-14,1.0796866177858517,1.0607819202733313,1.0541125585530002,1.0521131307135168,1.0371155786759065,1.0306572184466931
2015-07-15,1.0796866177858517,1.0607819202733313,1.0541125585530002,1.0521131307135168,1.0371155786759065,1.0296346424193517
2015-07-16,1.0796866177858517,1.0607819202733313,1.0541125585530002,1.0521131307135168,1.0371155786759065,1.0295437467724768
2015-07-17,1.0796866177858517,1.0607819202733313,1.0541125585530002,1.0521131307135168,1.0371155786759065,1.0304328198184711
2015-07-20,1.0796866177858517,1.0607819202733313,1.0541125585530002,1.0521131307135168,1.0371155786759065,1.0316457086064568
2015-07-21,1.0796866177858517,1.0607819202733313,1.0541125585530002,1.0521131307135168,1.0371155786759065,1.0314260441265095
2015-07-22,1.0796866177858517,1.0607819202733313,1.0541125585530002,1.0521131307135168,1.0371155786759065,1.0307282306708143
2015-07-23,1.0796866177858517,1.0607819202733313,1.0541125585530002,1.0521131307135168,1.0371155786759065,1.0317934140326286
2015-07-24,1.0796866177858517,1.0607819202733313,1.0541125585530002,1.0521131307135168,1.0371155786759065,1.033804480219734
2015-07-27,1.0796866177858517,1.0607819202733313,1.0541125585530002,1.0521131307135168,1.0371155786759065,1.0348109601429414
2015-07-28,1.0796866177858517,1.0607819202733313,1.0541125585530002,1.0521131307135168,1.0371155786759065,1.0359234849875032
2015-07-29,1.0796866177858517,1.0607819202733313,1.0541125585530002,1.0521131307135168,1.0371155786759065,1.036173448016409
2015-07-30,1.0796866177858517,1.0607819202733313,1.0541125585530002,1.0521131307135168,1.0371155786759065,1.0364442412977233
2015-07-31,1.0796866177858517,1.0607819202733313,1.0541125585530002,1.0521131307135168,1.0371155786759065,1.0335365274273842
2015-08-03,1.0796866177858517,1.0607819202733313,1.0541125585530002,1.0521131307135168,1.0371155786759065,1.0327052109903416
2015-08-04,1.0796866177858517,1.0607819202733313,1.0541125585530002,1.0521131307135168,1.0371155786759065,1.0336880201721754
2015-08-05,1.0796866177858517,1.0607819202733313,1.0541125585530002,1.0521131307135168,1.0371155786759065,1.0342636926023827
2015-08-06,1.0796866177858517,1.0607819202733313,1.0541125585530002,1.0521131307135168,1.0371155786759065,1.0345912956629941
2015-08-07,1.0796866177858517,1.0607819202733313,1.0541125585530002,1.0521131307135168,1.0371155786759065,1.0348081196539767
2015-08-10,1.0796866177858517,1.0607819202733313,1.0541125585530002,1.0521131307135168,1.0371155786759065,1.0347058620512426
2015-08-11,1.0796866177858517,1.0607819202733313,1.0541125585530002,1.0521131307135168,1.0371155786759065,1.0316542300733513
2015-08-12,1.0796866177858517,1.0607819202733313,1.0541125585530002,1.0521131307135168,1.0371155786759065,1.0309232775797332
2015-08-13,1.0796866177858517,1.0607819202733313,1.0541125585530002,1.0521131307135168,1.0371155786759065,1.0304328198184711
2015-08-14,1.0796866177858517,1.0607819202733313,1.0541125585530002,1.0521131307135168,1.0371155786759065,1.0314184694892699
2015-08-17,1.0796866177858517,1.0607819202733313,1.0541125585530002,1.0521131307135168,1.0371155786759065,1.0309668317438607
2015-08-18,1.0796866177858517,1.0607819202733313,1.0541125585530002,1.0521131307135168,1.0371155786759065,1.0307253901818492
2015-08-19,1.0796866177858517,1.0607819202733313,1.0541125585530002,1.0521131307135168,1.0371155786759065,1.030030417215119
2015-08-20,1.0796866177858517,1.0607819202733313,1.0541125585530002,1.0521131307135168,1.0371155786759065,1.030047460148908
2015-08-21,1.0796866177858517,1.0607819202733313,1.0541125585530002,1.0521131307135168,1.0371155786759065,1.0304962574053524
2015-08-24,1.0796866177858517,1.0607819202733313,1.0541125585530002,1.0521131307135168,1.0371155786759065,1.031535876366483
2015-08-25,1.0796866177858517,1.0607819202733313,1.0541125585530002,1.0521131307135168,1.0371155786759065,1.032696689523447
2015-08-26,1.0796866177858517,1.0607819202733313,1.0541125585530002,1.0521131307135168,1.0371155786759065,1.0331341248240322
2015-08-27,1.0796866177858517,1.0607819202733313,1.0541125585530002,1.0521131307135168,1.0371155786759065,1.0385783953399719
2015-08-28,1.0796866177858517,1.0607819202733313,1.0541125585530002,1.0521131307135168,1.0371155786759065,1.0390224584481416
2015-08-31,1.0796866177858517,1.0607819202733313,1.0541125585530002,1.0521131307135168,1.0371155786759065,1.0423401495590727
2015-09-01,1.0796866177858517,1.0607819202733313,1.0541125585530002,1.0521131307135168,1.0371155786759065,1.0439952077959183
2015-09-02,1.0796866177858517,1.0607819202733313,1.0541125585530002,1.0521131307135168,1.0371155786759065,1.044439270904088
2015-09-06,1.0796866177858517,1.0607819202733313,1.0541125585530002,1.0521131307135168,1.0371155786759065,1.0441514346889842
2015-09-07,1.0794707236411236,1.0607819202733313,1.0541125585530002,1.0521131307135168,1.0371155786759065,1.0431326459802623
2015-09-08,1.0798842047131803,1.060569806312069,1.0541125585530002,1.0521131307135168,1.0371155786759065,1.042733083865875
2015-09-09,1.080503446508298,1.061178438667054,1.0541125585530002,1.0521131307135168,1.0371155786759065,1.0421346875239494
2015-09-10,1.08053186108434,1.0612063664175202,1.0541125585530002,1.0521131307135168,1.0371155786759065,1.0421072294639557
2015-09-11,1.0803104233538072,1.0609887225690602,1.0541125585530002,1.0521131307135168,1.0371155786759065,1.0423212129659736
2015-09-14,1.080246735510955,1.060926125886981,1.0541125585530002,1.0521131307135168,1.0371155786759065,1.0423827568935449
2015-09-15,1.0795373509228767,1.060228895151207,1.0541125585530002,1.0521131307135168,1.0371155786759065,1.043068261563726
2015-09-16,1.079225770399384,1.059922652921958,1.0541125585530002,1.0521131307135168,1.0371155786759065,1.043369353393999
2015-09-17,1.0792845591774014,1.0599804344746466,1.0541125585530002,1.0521131307135168,1.0371155786759065,1.0433125436147022
2015-09-18,1.0785947708486625,1.0593024642564355,1.0541125585530002,1.0521131307135168,1.0371155786759065,1.0439791116917843
2015-09-21,1.0790641012598359,1.059763753652065,1.0541125585530002,1.0521131307135168,1.0371155786759065,1.043525580287065
2015-09-22,1.0794236926187095,1.0601171841493426,1.0541125585530002,1.0521131307135168,1.0371155786759065,1.0431780938036999
2015-09-23,1.0801232790771182,1.0608047846263353,1.0541125585530002,1.0521131307135168,1.0371155786759065,1.0425020574300683
2015-09-24,1.0789230081925936,1.0596250779256124,1.0541125585530002,1.0521131307135168,1.0371155786759065,1.0436619237573772
2015-09-25,1.0791023139655471,1.0598013116613125,1.0541125585530002,1.0521131307135168,1.0371155786759065,1.0434886539305221
2015-09-28,1.0774513291162215,1.0581786130566446,1.0541125585530002,1.0521131307135168,1.0371155786759065,1.0450840618991062
2015-09-29,1.0757170601647046,1.0564740572523352,1.0541125585530002,1.0521131307135168,1.0371155786759065,1.0467599503883607
2015-09-30,1.0741718951158106,1.0549553654425066,1.0541125585530002,1.0521131307135168,1.0371155786759065,1.0482531007542106
2015-10-08,1.0735702899540978,1.054364067553328,1.0541125585530002,1.0521131307135168,1.0371155786759065,1.0488344541623473
2015-10-09,1.066340250070909,1.0472578995985253,1.0541125585530002,1.0521131307135168,1.0371155786759065,1.0558211101861943
2015-10-10,1.0661413480386164,1.0470624053452628,1.0541125585530002,1.0521131307135168,1.0371155786759065,1.0560133166061483
2015-10-12,1.0670947060554672,1.047999429524694,1.0541125585530002,1.0521131307135168,1.0371155786759065,1.0550920513518858
2015-10-13,1.0626914265819545,1.043671591228328,1.0541125585530002,1.0521131307135168,1.0371155786759065,1.0593471038212134
2015-10-14,1.0569663794160145,1.03804463102235,1.0541125585530002,1.0521131307135168,1.0371155786759065,1.064879429495063
2015-10-15,1.0606494963588124,1.041664645298282,1.0541125585530002,1.0521131307135168,1.0371155786759065,1.061320296822121
2015-10-16,1.0640729628653665,1.045029457716507,1.0541125585530002,1.0521131307135168,1.0371155786759065,1.0580120740077394
2015-10-19,1.0641542873416239,1.0451093888643925,1.0541125585530002,1.0521131307135168,1.0371155786759065,1.057933487146379
2015-10-20,1.0603663304113613,1.0413863308194993,1.0541125585530002,1.0521131307135168,1.0371155786759065,1.0615939305924003
2015-10-21,1.0607141640146316,1.0417282050062393,1.0541125585530002,1.0521131307135168,1.0371155786759065,1.0612578060648947
2015-10-22,1.0605466159972816,1.0415635275810773,1.0541125585530002,1.0521131307135168,1.0371155786759065,1.0614197139358903
2015-10-23,1.0589289447888328,1.0399735718562664,1.0541125585530002,1.0521131307135168,1.0371155786759065,1.0629829296962063
2015-10-26,1.0557249563868776,1.0368244772347452,1.0541125585530002,1.0521131307135168,1.0371155786759065,1.0660790626678798
2015-10-27,1.0531157144558663,1.0342599393212557,1.0541125585530002,1.0521131307135168,1.0371155786759065,1.068600470039001
2015-10-28,1.0539936268742616,1.03512281050807,1.0541125585530002,1.0521131307135168,1.0371155786759065,1.0677521106681693
2015-10-29,1.0566273641294466,1.0377114240685132,1.0541125585530002,1.0521131307135168,1.0371155786759065,1.0652070325556744
2015-10-30,1.0583900476570056,1.0394439076232889,1.0541125585530002,1.0521131307135168,1.0371155786759065,1.0635036860064264
2015-11-02,1.0578031396897973,1.0388670551222825,1.0541125585530002,1.0521131307135168,1.0371155786759065,1.0640708369697391
2015-11-03,1.0601684081920357,1.041191799592115,1.0541125585530002,1.0521131307135168,1.0371155786759065,1.0617851901826993
2015-11-04,1.062657133128111,1.0436378853225932,1.0541125585530002,1.0521131307135168,1.0371155786759065,1.0593802428591366
2015-11-05,1.0640719830523995,1.0450284946906288,1.0541125585530002,1.0521131307135168,1.0371155786759065,1.0580130208373943
2015-11-06,1.0640455281022916,1.045002492991919,1.0541125585530002,1.0521131307135168,1.0371155786759065,1.058038585238078
2015-11-09,1.0712510726613063,1.0520845852997682,1.0541125585530002,1.0521131307135168,1.0371155786759065,1.0510755999556047
2015-11-10,1.069599107999014,1.0504609236692224,1.0541125585530002,1.0521131307135168,1.0371155786759065,1.052671954753844
2015-11-11,1.0662853805447592,1.0472039701493494,1.0541125585530002,1.0521131307135168,1.0371155786759065,1.0558741326468712
2015-11-12,1.0660443465548874,1.0469670657833268,1.0541125585530002,1.0521131307135168,1.0371155786759065,1.056107052741988
2015-11-13,1.0654711559692165,1.046403695644614,1.0541125585530002,1.0521131307135168,1.0371155786759065,1.0566609480901314
2015-11-16,1.0657533421037007,1.0466810470975187,1.0541125585530002,1.0521131307135168,1.0371155786759065,1.056388261149507
2015-11-17,1.0657347256573286,1.0466627496058343,1.0541125585530002,1.0521131307135168,1.0371155786759065,1.0564062509129508
2015-11-18,1.0669271580381172,1.0478347520995317,1.0541125585530002,1.0521131307135168,1.0371155786759065,1.0552539592228818
2015-11-19,1.0680118109925407,1.048900821746634,1.0541125585530002,1.0521131307135168,1.0371155786759065,1.0542058187948564
2015-11-20,1.0668801270157033,1.047788526857381,1.0541125585530002,1.0521131307135168,1.0371155786759065,1.055299407046319
2015-11-23,1.0669310772899852,1.0478386042030443,1.0541125585530002,1.0521131307135168,1.0371155786759065,1.055250171904262
2015-11-24,1.0657621604204033,1.0466897143304221,1.0541125585530002,1.0521131307135168,1.0371155786759065,1.0563797396826125
2015-11-25,1.0642571677031547,1.0452105065815975,1.0541125585530002,1.0521131307135168,1.0371155786759065,1.0578340700326094
2015-11-26,1.061732189687302,1.042728788893628,1.0541125585530002,1.0521131307135168,1.0371155786759065,1.0602740500534056
2015-11-27,1.0621143167444158,1.043104368986103,1.0541125585530002,1.0521131307135168,1.0371155786759065,1.0599047864879765
2015-11-30,1.0602693289276324,1.0412909912575634,1.0541125585530002,1.0521131307135168,1.0371155786759065,1.06168766672824
2015-12-01,1.0603790679799316,1.0413988501559153,1.0541125585530002,1.0521131307135168,1.0371155786759065,1.0615816218068863
2015-12-02,1.0599156164465604,1.0409433389155545,1.0541125585530002,1.0521131307135168,1.0371155786759065,1.0620294722336754
2015-12-03,1.0591817365343081,1.0402220325328269,1.0541125585530002,1.0521131307135168,1.0371155786759065,1.06273864764523
2015-12-04,1.0583831889662367,1.0394371664421418,1.0541125585530002,1.0521131307135168,1.0371155786759065,1.0635103138140112
2015-12-07,1.0585331003501814,1.0395845094014975,1.0541125585530002,1.0521131307135168,1.0371155786759065,1.0633654488768045
2015-12-08,1.0575483883183878,1.0386166683939657,1.0541125585530002,1.0521131307135168,1.0371155786759065,1.0643170126800252
2015-12-09,1.056263853518705,1.037354141467723,1.0541125585530002,1.0521131307135168,1.0371155786759065,1.0655583063576592
2015-12-10,1.056427482284187,1.0375149667893724,1.0541125585530002,1.0521131307135168,1.0371155786759065,1.0654001858052835
2015-12-11,1.0554682453895343,1.0365721644546724,1.0541125585530002,1.0521131307135168,1.0371155786759065,1.0663271320374756
2015-12-14,1.0571966354632496,1.038270942103713,1.0541125585530002,1.0521131307135168,1.0371155786759065,1.0646569245261508
2015-12-15,1.0578237157621033,1.0388872786657235,1.0541125585530002,1.0521131307135168,1.0371155786759065,1.0640509535469853
2015-12-16,1.0562530755760684,1.0373435481830633,1.0541125585530002,1.0521131307135168,1.0371155786759065,1.0655687214838638
2015-12-17,1.056117861386628,1.03721065061188,1.0541125585530002,1.0521131307135168,1.0371155786759065,1.0656993839762463
2015-12-18,1.0519761919752932,1.0331399402249777,1.0541125585530002,1.0521131307135168,1.0371155786759065,1.0697016329277034
2015-12-21,1.0465823215921852,1.0278384827658114,1.0541125585530002,1.0521131307135168,1.0371155786759065,1.0749139301781814
2015-12-22,1.0446089782767303,1.0258989486472352,1.0541125585530002,1.0521131307135168,1.0371155786759065,1.0768208451032428
2015-12-23,1.0451537542863594,1.0264343910354816,1.0541125585530002,1.0521131307135168,1.0371155786759065,1.0762944078150927
2015-12-24,1.0409415383414036,1.0222943427853532,1.0541125585530002,1.0521131307135168,1.0371155786759065,1.0803648285017056
2015-12-25,1.0424318338641478,1.0237591051460058,1.0541125585530002,1.0521131307135168,1.0371155786759065,1.0789247005965328
2015-12-28,1.0403869642021049,1.0217492701383255,1.0541125585530002,1.0521131307135168,1.0371155786759065,1.0809007340864052
2015-12-29,1.0415999726551999,1.0229414961754641,1.0541125585530002,1.0521131307135168,1.0371155786759065,1.0797285589735819
2015-12-30,1.0416568018072834,1.0229973516763962,1.0541125585530002,1.0521131307135168,1.0371155786759065,1.0796736428535951
2015-12-31,1.0417057924556314,1.0230455029703032,1.0541125585530002,1.0521131307135168,1.0371155786759065,1.0796263013708478
2016-01-04,1.045610347128962,1.0268831610946954,1.0541125585530002,1.0521131307135168,1.0371155786759065,1.0758531851958877
2016-01-05,1.0471192590980787,1.0283662209470326,1.0541125585530002,1.0521131307135168,1.0371155786759065,1.0743950675272709
2016-01-06,1.0468429518413964,1.0280946476493968,1.0541125585530002,1.0521131307135168,1.0371155786759065,1.0746620734899655
2016-01-07,1.0452693722164605,1.0265480280891022,1.0541125585530002,1.0521131307135168,1.0371155786759065,1.076182681915809
2016-01-08,1.0437281264194342,1.0250331883827863,1.0541125585530002,1.0521131307135168,1.0371155786759065,1.077672044963039
2016-01-11,1.04378103631965,1.025085191780206,1.0541125585530002,1.0521131307135168,1.0371155786759065,1.077620916161672
2016-01-12,1.0414089091266427,1.0227537061292264,1.0541125585530002,1.0521131307135168,1.0371155786759065,1.0799131907562964
2016-01-13,1.0366891500648023,1.018114810474221,1.0541125585530002,1.0521131307135168,1.0371155786759065,1.0844740692041717
2016-01-14,1.0388417991532108,1.020230578328497,1.0541125585530002,1.0521131307135168,1.0371155786759065,1.0823938844522552
2016-01-15,1.0386379980560834,1.0200302689458438,1.0541125585530002,1.0521131307135168,1.0371155786759065,1.0825908250204839
2016-01-18,1.0405104206359417,1.021870611398971,1.0541125585530002,1.0521131307135168,1.0371155786759065,1.080781433549882
2016-01-19,1.0420810608219766,1.0234143418816313,1.0539017781973608,1.0521131307135168,1.0371155786759065,1.0792636656130035
2016-01-20,1.0435292243871417,1.0248376941295239,1.055268307241591,1.0521131307135168,1.0371155786759065,1.077864251382993
2016-01-21,1.0422290125799873,1.0235597587892307,1.05404138975736,1.0519027501634841,1.0371155786759065,1.0791206943351066
2016-01-22,1.041475536408396,1.02281919188894,1.0533303878392184,1.0511930028440761,1.0371155786759065,1.07984880633976
2016-01-25,1.0447001008826573,1.0259885100539021,1.056373180183306,1.0542304260276545,1.0371155786759065,1.0767327899453327
2016-01-26,1.0455388207823741,1.026812860205591,1.0571646205499239,1.0550204698578407,1.0371155786759065,1.0759223037606989
2016-01-27,1.0471466938611536,1.0283931856716204,1.0586818561125637,1.056535028181831,1.0371155786759065,1.0743685562969325
2016-01-28,1.0478090474268176,1.0290441911652437,1.0593068721030234,1.0571589413000624,1.0371155786759065,1.073728499450189
2016-01-29,1.0454594559320505,1.0267348551094615,1.0570897295806527,1.054945711037461,1.0371155786759065,1.0759989969627497
2016-02-01,1.0451508148474584,1.0264315019578472,1.0567984869223763,1.0546549822915396,1.0371155786759065,1.0762972483040576
2016-02-02,1.046112011368045,1.0273762303443035,1.057705499772437,1.0555603946716947,1.0371155786759065,1.0753684084125554
2016-02-03,1.0472211596466423,1.0284663756383592,1.058752124182497,1.056605172260212,1.0371155786759065,1.0742965972431564
2016-02-04,1.0483165905437022,1.0295430385701207,1.0597858044744113,1.0576370285711332,1.0371155786759065,1.073238041688927
2016-02-05,1.0474974669033248,1.0287379489359951,1.0590128557051446,1.0568654437089418,1.0371155786759065,1.0740295912804616
2016-02-06,1.0471966643224684,1.0284422999914056,1.0587290096858084,1.0565820985502183,1.0371155786759065,1.0743202679845303
2016-02-14,1.0434890520554962,1.02479821006852,1.0552303994670216,1.053089661805563,1.0371155786759065,1.077903071398846
2016-02-15,1.0450430354210931,1.0263255691112516,1.0566967831369467,1.0545534579675673,1.0371155786759065,1.0764013995661015
2016-02-16,1.0456456203957727,1.0269178300263084,1.0572653997554862,1.0551210712334136,1.0371155786759065,1.0758190993283097
2016-02-17,1.0460208887621179,1.0272866689376365,1.0576195138447557,1.055474560470518,1.0371155786759065,1.0754564635704653
2016-02-18,1.0460835967920032,1.0273483025938375,1.0576786869562784,1.0555336291681021,1.0371155786759065,1.075395866472549
2016-02-19,1.0454114450966696,1.0266876668414326,1.0570444251671431,1.0549004865658733,1.0371155786759065,1.0760453916158417
2016-02-22,1.0457680970166425,1.027038208261076,1.0573809722389291,1.0552364397833824,1.0371155786759065,1.0757007456214416
2016-02-23,1.0455770334880854,1.0268504182148384,1.0569905585893122,1.055056464845431,1.0371155786759065,1.075885377404156
2016-02-24,1.046611715981194,1.0278673735421555,1.0569905585893122,1.0560310983555674,1.0371155786759065,1.074885525288533
2016-02-25,1.0467920015671144,1.0280445703037335,1.0569905585893122,1.0562009208611216,1.0371155786759065,1.0747113086320228
2016-02-26,1.0464480872157118,1.0277065482205059,1.0569905585893122,1.0558769659728091,1.0371155786759065,1.075043645840909
2016-02-29,1.0463158124651724,1.0275765397269567,1.0569905585893122,1.0557523679388428,1.0371155786759065,1.0751714678443265
2016-03-01,1.0455740940491847,1.0268475291372041,1.0569905585893122,1.055053696000232,1.0371155786759065,1.0758882178931208
2016-03-02,1.0464402487119762,1.0276988440134809,1.0569905585893122,1.0558695823856112,1.0371155786759065,1.0750512204781484
2016-03-03,1.046827274833925,1.0280792392353464,1.0569905585893122,1.0562341470035126,1.0371155786759065,1.0746772227644448
2016-03-04,1.047846280319562,1.029080786148613,1.0569905585893122,1.0571940133392528,1.0371155786759065,1.073692519923301
2016-03-07,1.0497745522385369,1.0309760210767949,1.0569905585893122,1.0590103757899616,1.0371155786759065,1.071829159162367
2016-03-08,1.0492650494957183,1.0304752476201613,1.0569905585893122,1.0585304426220914,1.0371155786759065,1.0723215105829391
2016-03-09,1.0480549804815242,1.0292859106606573,1.0569905585893122,1.0573906013483998,1.0371155786759065,1.0734908452067973
2016-03-10,1.0469262359435878,1.0281765048490388,1.0569905585893122,1.0561178691647803,1.0371155786759065,1.0745815929692952
2016-03-11,1.0461247489366154,1.0273887496807195,1.0569905585893122,1.0561178691647803,1.0371155786759065,1.075356099627041
2016-03-14,1.045664236842145,1.0269361275179931,1.0569905585893122,1.0561178691647803,1.0371155786759065,1.0758011095648656
2016-03-15,1.0445952608951927,1.025885466284941,1.0569905585893122,1.0561178691647803,1.0371155786759065,1.076834100718412
2016-03-16,1.0439427054591983,1.0252440910500993,1.0569905585893122,1.0561178691647803,1.0371155786759065,1.077464689268606
2016-03-17,1.043206865921012,1.0245208586156154,1.0569905585893122,1.0561178691647803,1.0371155786759065,1.0781757583394707
2016-03-18,1.0434576980405537,1.0247673932404195,1.0569905585893122,1.0561178691647803,1.0371155786759065,1.0779333699478042
2016-03-21,1.043683055022954,1.024988889192392,1.0569905585893122,1.0561178691647803,1.0371155786759065,1.0777155991271667
2016-03-22,1.0435576389631835,1.0248656218799899,1.0569905585893122,1.0561178691647803,1.0371155786759065,1.0778367933229998
2016-03-23,1.0439387862073304,1.0252402389465867,1.0569905585893122,1.055906687827215,1.0371155786759065,1.0774684765872258
2016-03-24,1.043806511456791,1.0251102304530375,1.0569905585893122,1.0557814237371805,1.0371155786759065,1.0775962985906435
2016-03-25,1.0430236408961908,1.024340772776403,1.0569905585893122,1.0550400459006077,1.0371155786759065,1.0783528154849453
2016-03-28,1.0440083529279844,1.0253086137839347,1.0569905585893122,1.0559725674597513,1.0371155786759065,1.0774012516817246
2016-03-29,1.0439103716312887,1.0252123111961207,1.0569905585893122,1.0558797792449113,1.0371155786759065,1.077495934647219
2016-03-30,1.0440524445114976,1.0253519499484511,1.0569905585893122,1.0560143221564295,1.0371155786759065,1.077358644347252
2016-03-31,1.0433381608585848,1.0246499040832862,1.0569905585893122,1.0553378960702446,1.0371155786759065,1.0780488831657078
2016-04-01,1.043621326806036,1.024928218562069,1.0569905585893122,1.0556060540111327,1.0371155786759065,1.0777752493954282
2016-04-05,1.043453778788686,1.024763541136907,1.0569905585893122,1.055447386163756,1.0371155786759065,1.0779371572664238
2016-04-06,1.0436712972673508,1.0249773328818543,1.0567792027487626,1.0556533760007012,1.0371155786759065,1.077726961083026
2016-04-07,1.0447677079773776,1.026054958839494,1.0578181116050713,1.0566916761247624,1.0371155786759065,1.0766674586991414
2016-04-08,1.0452047045606412,1.026484468381145,1.058232189665763,1.0571055115629495,1.0371155786759065,1.0762451726730353
2016-04-11,1.0456495396476404,1.026921682129821,1.0586536951356147,1.057526770058324,1.0371155786759065,1.07581531200969
2016-04-12,1.0450822279397713,1.0263640901463773,1.058116136397632,1.0569895262943994,1.0371155786759065,1.0763635263799036
2016-04-13,1.0461443451959547,1.027408010198282,1.059122550338864,1.0579953505432667,1.0371155786759065,1.0753371630339423
2016-04-14,1.047445536816076,1.0286869085644534,1.060355500259488,1.0592275780363438,1.0371155786759065,1.0740797732521739
2016-04-15,1.047946221242192,1.0291790147881836,1.0608299260196077,1.0597017258141772,1.0371155786759065,1.0735959432984963
2016-04-18,1.0472485944097172,1.0284933403629473,1.0601688866043333,1.0590410737245153,1.0371155786759065,1.074270086012818
2016-04-19,1.0468302142728259,1.028082128312981,1.0597724486403979,1.0586448680471479,1.0371155786759065,1.0746743822754798
2016-04-20,1.0480069696461434,1.0292387223926283,1.0608874884406005,1.059759254507378,1.0371155786759065,1.07353723985989
2016-04-21,1.0483930159551251,1.0296181545886158,1.0612532883417496,1.060124840073848,1.0371155786759065,1.073164188975841
2016-04-22,1.0513344144819354,1.0325091582747954,1.064040423629184,1.0629103422833495,1.0371155786759065,1.070321806351693
2016-04-25,1.054006364442832,1.0351353298444859,1.0665722417267305,1.0654406769020406,1.0371155786759065,1.0677398018826552
2016-04-26,1.0530324303536749,1.0341780821216138,1.0656493861385525,1.0645183620465293,1.0371155786759065,1.0686809505596715
2016-04-27,1.0515156798808227,1.0326873180622513,1.064212182466018,1.063082000480804,1.0371155786759065,1.070146642865528
2016-04-28,1.0509542470507554,1.0321355042340765,1.0636801942849052,1.0625503240097698,1.0371155786759065,1.0706891762578121
2016-04-29,1.050894478459771,1.03207675965551,1.0636235602900574,1.0624937231987173,1.0371155786759065,1.0707469328667638
2016-05-03,1.0505505641083683,1.0317387375722824,1.0632976827131455,1.0621680365646284,1.0371155786759065,1.0710792700756497
2016-05-04,1.0496853892585436,1.030888385721884,1.062477882427068,1.0613487166275897,1.0371155786759065,1.0719153206609673
2016-05-05,1.0491484517526504,1.0303606475406626,1.0619691048995816,1.0608402372102657,1.0371155786759065,1.0724341833118778
2016-05-06,1.050393794033655,1.0315846534317799,1.0631491345299378,1.062019575420884,1.0371155786759065,1.0712307628204412
2016-05-09,1.0496608939343697,1.0308643100749304,1.0624546717734418,1.0613255195738798,1.0371155786759065,1.0719389914023407
2016-05-10,1.0498304015776536,1.0310309135518487,1.062615289496535,1.061486043185553,1.0371155786759065,1.0717751898720353
2016-05-11,1.0495207806800946,1.0307265973743562,1.0623219068346998,1.0611928324266582,1.0371155786759065,1.0720743880429981
2016-05-12,1.0496706920640393,1.0308739403337117,1.0624639560348923,1.0613347983953636,1.0371155786759065,1.0719295231057915
2016-05-13,1.0488339317902564,1.0300515162337793,1.0616710801070213,1.0605423870406288,1.0371155786759065,1.0727381156311153
2016-05-16,1.050318348435199,1.031510500439163,1.0630776457167692,1.061948128495457,1.0371155786759065,1.071303668703872
2016-05-17,1.0504035921633246,1.0315942836905614,1.0631584187913883,1.0620288542423681,1.0371155786759065,1.0712212945238917
2016-05-18,1.0517047837834457,1.0328731820567325,1.0643913687120121,1.0632610817354453,1.0371155786759065,1.0699639047421234
2016-05-19,1.0531598060393796,1.0343032754857722,1.065770081537409,1.0646389867258217,1.0371155786759065,1.0685578627045285
2016-05-20,1.0522084076484626,1.033368177358097,1.064868579750567,1.0637380131597236,1.0371155786759065,1.0694772342994812
2016-05-23,1.0522848330598853,1.033443293376592,1.0649409969898807,1.0638103879672989,1.0371155786759065,1.0694033815863955
2016-05-24,1.0514735479232435,1.0326459079494914,1.064172260141781,1.0630421015484226,1.0371155786759065,1.0701873565406905
2016-05-25,1.051838038346952,1.0330041535761598,1.064517634667739,1.0631775884872385,1.0371155786759065,1.0698351359090508
2016-05-26,1.0522035085836279,1.0333633622287064,1.0646541987262663,1.0631775884872385,1.0371155786759065,1.069481968447756
2016-05-27,1.052409269306689,1.033565597663116,1.0646541987262663,1.0631775884872385,1.0371155786759065,1.0692831342202174
2016-05-30,1.0538094220364733,1.0349417616429797,1.0646541987262663,1.0631775884872385,1.0371155786759065,1.0679301146432991
2016-05-31,1.05338516302178,1.0345247714377446,1.0646541987262663,1.0631775884872385,1.0371155786759065,1.0683400918838908
2016-06-01,1.053976970053823,1.0351064390681417,1.0646541987262663,1.0631775884872385,1.0371155786759065,1.0677682067723036
2016-06-02,1.0555260543545848,1.0366289829814825,1.0646541987262663,1.0631775884872385,1.0371155786759065,1.0662712690878338
2016-06-03,1.056474513306601,1.037561192031523,1.0646541987262663,1.0631775884872385,1.0371155786759065,1.0653547379818462
2016-06-06,1.0549185703150705,1.0360319069370352,1.0646541987262663,1.0631775884872385,1.0371155786759065,1.0668583034739005
2016-06-07,1.0552762020480104,1.0363834113825567,1.0646541987262663,1.0631775884872385,1.0371155786759065,1.0665127106498449
2016-06-08,1.0546726372603639,1.0357901874416218,1.0646541987262663,1.0631775884872385,1.0371155786759065,1.0670959577172918
2016-06-12,1.0547941340682667,1.0359096026505112,1.0646541987262663,1.0631775884872385,1.0371155786759065,1.0669785508400784
2016-06-13,1.05505084506561,1.0361619154305843,1.0646541987262663,1.0631775884872385,1.0371155786759065,1.0667304814704825
2016-06-14,1.05395541416855,1.0350852524988226,1.0646541987262663,1.0631775884872385,1.0371155786759065,1.0677890370247123
2016-06-15,1.0523739960398786,1.0335309287315029,1.0646541987262663,1.0631775884872385,1.0371155786759065,1.0693172200877952
2016-06-16,1.0519203426361767,1.0330850477499236,1.0646541987262663,1.0631775884872385,1.0371155786759065,1.0697556022180352
2016-06-17,1.0524288655660283,1.0333673472297902,1.0646541987262663,1.0631775884872385,1.0371155786759065,1.0692641976271182
2016-06-20,1.0519301407658463,1.0333673472297902,1.0646541987262663,1.0631775884872385,1.0371155786759065,1.0697461339214858
2016-06-21,1.052508230416352,1.0333673472297902,1.0646541987262663,1.0631775884872385,1.0371155786759065,1.0691875044250678
2016-06-22,1.0516665710777344,1.0333673472297902,1.0646541987262663,1.0631775884872385,1.0371155786759065,1.0700008310986664
2016-06-23,1.051438274656433,1.0333673472297902,1.0646541987262663,1.0631775884872385,1.0371155786759065,1.0702214424082686
2016-06-24,1.0503369648815712,1.0333673472297902,1.0646541987262663,1.0631775884872385,1.0371155786759065,1.071285678940428
2016-06-27,1.0461776588368312,1.0333673472297902,1.0646541987262663,1.0631775884872385,1.0371155786759065,1.0753049708256741
2016-06-28,1.0459709183008028,1.0333673472297902,1.0646541987262663,1.0631775884872385,1.0371155786759065,1.0755047518828678
2016-06-29,1.0455064869544644,1.0333673472297902,1.0646541987262663,1.0631775884872385,1.0371155786759065,1.0759535491393122
2016-06-30,1.0463197317170403,1.0333673472297902,1.0646541987262663,1.0631775884872385,1.0371155786759065,1.0751676805257069
2016-07-01,1.043447899910884,1.0333673472297902,1.0646541987262663,1.0631775884872385,1.0371155786759065,1.0779428382443537
2016-07-04,1.0432627152601288,1.0333673472297902,1.0646541987262663,1.0631775884872385,1.0371155786759065,1.0781217890491386
2016-07-05,1.0442748620549973,1.0333673472297902,1.0646541987262663,1.0631775884872385,1.0371155786759065,1.0771437140155793
2016-07-06,1.0440749802097375,1.0333673472297902,1.0646541987262663,1.0631775884872385,1.0371155786759065,1.0773368672651884
2016-07-07,1.0436046699855976,1.0333673472297902,1.0646541987262663,1.0631775884872385,1.0371155786759065,1.0777913454995622
2016-07-08,1.0433646158086927,1.0333673472297902,1.0646541987262663,1.0631775884872385,1.0371155786759065,1.078023318765024
2016-07-11,1.043285250958369,1.0333673472297902,1.0646541987262663,1.0631775884872385,1.0371155786759065,1.0781000119670745
2016-07-12,1.0439593622796366,1.0333673472297902,1.0646541987262663,1.0631775884872385,1.0371155786759065,1.077448593164472
2016-07-13,1.0441641431897308,1.0331607150867728,1.0646541987262663,1.0631775884872385,1.0371155786759065,1.077250705766588
2016-07-14,1.0441690422545657,1.0331652554746236,1.0646541987262663,1.0631775884872385,1.0371155786759065,1.0772459716183134
2016-07-15,1.0439417256462313,1.0329545814783414,1.0646541987262663,1.0631775884872385,1.0371155786759065,1.077465636098261
2016-07-18,1.0439867970427115,1.0329963530465698,1.0646541987262663,1.0629649954881408,1.0371155786759065,1.0774220819341334
2016-07-19,1.0439554430277687,1.032967294564324,1.0646541987262663,1.0629351034917758,1.0371155786759065,1.0774523804830916
2016-07-20,1.043282311519468,1.0323434452736089,1.0646541987262663,1.062293359694815,1.0371155786759065,1.0781028524560397
2016-07-21,1.0416283872312417,1.0308106103351418,1.0646541987262663,1.0607165568865622,1.0371155786759065,1.0797011009135884
2016-07-22,1.0411365211218284,1.0303547553949102,1.0646541987262663,1.0602476261935865,1.0371155786759065,1.0801764094003714
2016-07-25,1.0421290716573575,1.0312746379735045,1.0646541987262663,1.0611938947035153,1.0371155786759065,1.0792172709599113
2016-07-26,1.0416313266701425,1.030813334567852,1.0646541987262663,1.0607193592612214,1.0371155786759065,1.0796982604246237
2016-07-27,1.0424161568566765,1.031540704701568,1.0646541987262663,1.0614675932952324,1.0371155786759065,1.0789398498710119
2016-07-28,1.041808672817162,1.030977696608055,1.0646541987262663,1.0608884358656607,1.0371155786759065,1.0795268842570784
2016-07-29,1.041642104612779,1.0308233234211241,1.0646541987262663,1.060729634634972,1.0371155786759065,1.0796878452984193
2016-08-01,1.0410209031917272,1.0302476022416287,1.0646541987262663,1.0601373994569907,1.0371155786759065,1.080288135299655
2016-08-02,1.0406799282792256,1.0299315912472053,1.0646541987262663,1.0598123239965214,1.0371155786759065,1.0806176320195762
2016-08-03,1.0410591158974387,1.030283017266866,1.0646541987262663,1.0601738303275605,1.0371155786759065,1.0802512089431122
2016-08-04,1.0406152606234063,1.0298716581275733,1.0646541987262663,1.0597506717540186,1.0371155786759065,1.0806801227768028
2016-08-05,1.0387085445897044,1.028104539175999,1.0646541987262663,1.057932864725073,1.0371155786759065,1.0825226532853278
2016-08-08,1.03888393111079,1.0282670850610618,1.0646541987262663,1.0581000730797396,1.0371155786759065,1.0823531707770924
2016-08-09,1.0374661417476008,1.0269530968170082,1.0646541987262663,1.0567483943691105,1.0371155786759065,1.0837232332877995
2016-08-10,1.037029145164337,1.026548094220707,1.0646541987262663,1.0563317746697736,1.0371155786759065,1.0841455193139053
2016-08-11,1.0359758462248563,1.0255719108327614,1.0646541987262663,1.0553275904168873,1.0371155786759065,1.0851633611929723
2016-08-12,1.034800070664506,1.024482217748543,1.0644413104641735,1.0542066405532007,1.0371155786759065,1.0862995567789075
2016-08-15,1.0330089725609053,1.0228222519502501,1.0627453326697232,1.0524990602608508,1.0371155786759065,1.0880303613881488
2016-08-16,1.0320585539829552,1.0219414167071734,1.0618453882164316,1.0515929591210371,1.0371155786759065,1.0889487861534466
2016-08-17,1.0328414245435553,1.022666970685749,1.0625866826681636,1.0523393249052755,1.0371155786759065,1.0881922692591448
2016-08-18,1.0341171410265357,1.0238492876821261,1.0637946493467052,1.053555555507376,1.0371155786759065,1.0869594970484047
2016-08-19,1.0344786920113433,1.0241843683055232,1.0641369993500707,1.0539002475904593,1.0371155786759065,1.0866101169057298
2016-08-22,1.0351665207141485,1.024821838759791,1.0647882993564735,1.0545560032607162,1.0371155786759065,1.0859454424879575
2016-08-23,1.0366186035311813,1.0261676097188008,1.066163266036657,1.0559403763423696,1.0371155786759065,1.0845422409393277
2016-08-24,1.0385909670336695,1.0279955698675773,1.0680308827216836,1.0578207697387043,1.0371155786759065,1.0826362728439214
2016-08-25,1.0378747237548227,1.0273317651637743,1.0673526771594608,1.0571379244467418,1.0371155786759065,1.0833284053216867
2016-08-26,1.038196102407985,1.0276296146067938,1.0676569882735636,1.0574443174094827,1.0371155786759065,1.0830178451948644
2016-08-29,1.0378345514231773,1.0272945339833968,1.067314638270198,1.0570996253263991,1.0371155786759065,1.0833672253375397
2016-08-30,1.0395355067338177,1.0288709566452328,1.0689252605082538,1.0587212661291996,1.0371155786759065,1.0817235290565532
2016-08-31,1.0405584314713228,1.0298189896285028,1.0698938605177757,1.0596964925106072,1.0371155786759065,1.0807350388967896
2016-09-01,1.0405790075436288,1.0298380592574767,1.0699133438513007,1.0597161091332217,1.0371155786759065,1.0807151554740357
2016-09-02,1.0405819469825297,1.0298407834901873,1.0699161271846613,1.059718911507881,1.0371155786759065,1.080712314985071
2016-09-05,1.0411570971941344,1.030373825023884,1.0704607327455706,1.060267242816201,1.0371155786759065,1.0801565259776176
2016-09-06,1.041574497518059,1.0307606660687816,1.0708559660827894,1.06066518001781,1.0371155786759065,1.0797531765446104
2016-09-07,1.0415862552736623,1.030771562999624,1.0708670994162321,1.0606763895164468,1.0371155786759065,1.079741814588751
2016-09-08,1.0419595640140737,1.0311175405538633,1.0712205827530406,1.0610322910981673,1.0371155786759065,1.0793810724902169
2016-09-09,1.041670519188821,1.0308496576706594,1.0709468883059055,1.0607567242566776,1.0371155786759065,1.0796603872384256
2016-09-12,1.0426767871058875,1.0317822533352365,1.0718997160930501,1.0617160705150164,1.0371155786759065,1.0786879931827964
2016-09-13,1.0424690667568923,1.0315897408903578,1.0717030272022277,1.0615180360390983,1.0371155786759065,1.0788887210696447
2016-09-14,1.0419448668195692,1.0311039193903104,1.071206666086237,1.0610182792248712,1.0371155786759065,1.079395274935041
2016-09-18,1.041049317767769,1.0302739364911642,1.070358677189012,1.0601644890786963,1.0371155786759065,1.0802606772396615
2016-09-19,1.041072833278976,1.0302957303528484,1.0703809438558973,1.06018690807597,1.0371155786759065,1.080237953327943
2016-09-20,1.0402066786161845,1.0294929897808076,1.0695607882922793,1.0593611416763875,1.0371155786759065,1.0810749507429152
2016-09-21,1.0403056397258472,1.029584705615396,1.069654493848756,1.0594554882899143,1.0371155786759065,1.0809793209477656
2016-09-22,1.0401469100251999,1.0294375970490264,1.0695041938472785,1.0593041600583166,1.0371155786759065,1.081132707351867
2016-09-23,1.0405133600748426,1.0297772180602744,1.0698511827395785,1.0596535227658326,1.0371155786759065,1.080778593060917
2016-09-26,1.0394845564595359,1.0288237366115833,1.068877016063335,1.0586726916351064,1.0371155786759065,1.0817727641986103
2016-09-27,1.0400224737783963,1.0293222711976133,1.0693863660683423,1.0591855261977432,1.0371155786759065,1.0812529547180452
2016-09-28,1.0397402876439121,1.0290607448574007,1.0691191660657156,1.0589164982304582,1.0371155786759065,1.0815256416586696
2016-09-29,1.0403683477557326,1.0296428225798875,1.0697138716271173,1.0595152722826444,1.0371155786759065,1.0809187238498492
2016-09-30,1.039382655910972,1.0287292965442842,1.0687805271734976,1.05857554264692,1.0369081970364993,1.0818712344827248
2016-10-08,1.039194531821316,1.0285549456508094,1.068602393838413,1.0583961906687303,1.036733961067716,1.0820530257764747
2016-10-09,1.0372662599023412,1.0267678489926912,1.066776527153797,1.0565578328922838,1.0349480423876873,1.0839163865374082
2016-10-10,1.0364980865362454,1.0260559161776683,1.0660491493688684,1.0558254789813417,1.0342365788484889,1.084658700986886
2016-10-11,1.0365686330698665,1.0261212977627214,1.0661159493695251,1.055892735973163,1.0343019173367825,1.08459052925173
2016-10-12,1.0371104696405946,1.0266234646590322,1.0666290104856802,1.0564093070353453,1.0348037532260386,1.084066932452545
2016-10-13,1.036605865962611,1.0261558047103885,1.0661512049254274,1.0559282327188464,1.0343364015389376,1.0845545497248419
2016-10-14,1.0358572888558544,1.0254620334467694,1.065442382696237,1.0552145613056323,1.0336430875798208,1.0852779275812205
2016-10-17,1.0361855261997857,1.0257662394327802,1.0657531882548479,1.0555274931425782,1.0339470930461874,1.0849607396468137
2016-10-18,1.0357328526090506,1.0253467075953562,1.0653245549173007,1.0550959274450586,1.0335278377463026,1.0853981749473989
2016-10-19,1.0345384606023278,1.0242397610373044,1.0641935937950715,1.0539572292085302,1.0324216208403296,1.0865523602967782
2016-10-20,1.0330922566630967,1.0228994385437156,1.0628241937816094,1.0525784608761954,1.031082181830308,1.0879498808674786
2016-10-21,1.0311982781979654,1.0211441246005537,1.0610307993195347,1.050772797470773,1.029328024915422,1.0897801025904894
2016-10-24,1.0305535612657066,1.020546609559374,1.0604203215357555,1.050158143295518,1.0287309037307377,1.0904031165034436
2016-10-25,1.0310522860658886,1.0210088210425965,1.060892560429287,1.0506336128626985,1.0291928105438142,1.0899211802090762
2016-10-26,1.0326993516633463,1.0225352994380728,1.0624521548890633,1.0522038767967468,1.0307182827496721,1.0883295595591118
2016-10-27,1.0344845708891452,1.0241898167709442,1.0641425660167922,1.053905852339778,1.0323717094951053,1.0866044359278
2016-10-28,1.0335331724982282,1.0233080734502975,1.0632416937857139,1.052998817075078,1.0314905473821439,1.0875238075227527
2016-10-31,1.0353036945295229,1.0249489696196166,1.0649181882466394,1.054686780744813,1.0331303619425158,1.085812886336265
2016-11-01,1.0354193124596238,1.025056122772898,1.0650276660254934,1.054797007481409,1.0332374444649972,1.0857011604369815
2016-11-02,1.0358504301650857,1.0254556769037781,1.0654358882517285,1.0552080224314275,1.0336367352267921,1.0852845553888053
2016-11-03,1.035914118007938,1.02551470194584,1.065496193807877,1.0552687405490437,1.0336957213620572,1.0852230114612338
2016-11-04,1.0358729658633257,1.0254765626878923,1.0654572271408274,1.055229507303815,1.0336576072438861,1.0852627783067417
2016-11-07,1.0364001052395495,1.0259651084206503,1.0659563715901785,1.055732066492701,1.0341458309480809,1.0847533839523806
2016-11-08,1.0376091944407768,1.0270856761422549,1.0671012493792114,1.0568847766025258,1.0352656600391152,1.0835849961581772
2016-11-09,1.0381196769965622,1.0275587845563197,1.0675846216061855,1.0573714556683431,1.0357384566002406,1.0830916979079503
2016-11-10,1.0393003516217476,1.028653018028389,1.0687025938393981,1.058497076156462,1.0368319688001566,1.0819507681737404
2016-11-11,1.04050454175814,1.0297690453621429,1.0698428327394964,1.0596451156418547,1.0379472604961706,1.0807871145278116
2016-11-14,1.043351878240122,1.032407918781092,1.0725389549882232,1.0623596825617498,1.0405843944820259,1.0780356275505383
2016-11-15,1.0442043155213763,1.0331979462671503,1.0733461216628248,1.0631723712129229,1.0413739012155752,1.0772118857507353
2016-11-16,1.0454829714432574,1.0343829874962378,1.0745568716747274,1.0643914041896825,1.0425581613158992,1.0759762730510307
2016-11-17,1.0467537888614031,1.035560764104764,1.0757601994643347,1.0656029641673506,1.0437351615841906,1.0747482349885658
2016-11-18,1.0470977032128055,1.0358794993318978,1.076085849467536,1.0659308420024791,1.0440536867146224,1.0744158977796796
2016-11-21,1.048323449234471,1.0370155043721956,1.0772464994789461,1.0670994322353726,1.045188942948726,1.0732314138813421
2016-11-22,1.0473446160804791,1.0361083348795836,1.0763196494698344,1.0661662414738533,1.0442823714236504,1.0741772967066334
2016-11-23,1.045561356480614,1.0344556337018525,1.0746310938976793,1.0644661341805948,1.0426307596362254,1.0759005266786352
2016-11-24,1.0453379591241476,1.0342485920158508,1.0744195605622664,1.0642531537064943,1.0424238544232953,1.0761164038399629
2016-11-25,1.0476659947336415,1.0364061843226033,1.0766239605839372,1.0664726344365942,1.0445800245369885,1.0738667365798111
2016-11-28,1.046611715981194,1.0354290928570875,1.0756256716852344,1.0654675160588218,1.043603577128599,1.074885525288533
2016-11-29,1.0502301652681727,1.0387826233237698,1.0790519550522504,1.0689172392643183,1.046954897090665,1.0713888833728173
2016-11-30,1.0532078168747605,1.041542271059553,1.0818714717466347,1.0717560447941052,1.049712725784063,1.0685114680514363
2016-12-01,1.05578864422973,1.0439341473794126,1.0843152384373254,1.074216529744898,1.0521030254808088,1.0660175187403083
2016-12-02,1.0563794714488062,1.0444817181542323,1.084874688442825,1.0747798070514005,1.052650235320269,1.0654465804583757
2016-12-05,1.0593365469830878,1.0472222962610418,1.0876747218036846,1.0775989959585732,1.0553890069545813,1.0625890485597487
2016-12-06,1.0659502845100595,1.0533518198597707,1.0939372218652492,1.083904338941812,1.0615144902321187,1.0561979483888628
2016-12-07,1.0638574040126354,1.0514121661698617,1.091955488512434,1.0819090481844493,1.0595761150794045,1.0582203765318277
2016-12-08,1.0624993832404306,1.0501535706575895,1.0906695884997928,1.0806143510918909,1.0583183491797503,1.0595326824335827
2016-12-09,1.0629158037513882,1.0505395036249168,1.0910638940592248,1.0810113541686133,1.058704027756484,1.0591302798302307
2016-12-12,1.0671642727761215,1.054476927969226,1.0950867385432164,1.0850617196760686,1.0626388567181735,1.0550248264463846
2016-12-13,1.0698313236721833,1.0569487151152617,1.097612149679154,1.0876044076168652,1.0651090145672781,1.0524475561256215
2016-12-14,1.0709247949433092,1.0579621296835848,1.0986475496893326,1.088646890990094,1.0661217611358311,1.0513908942307018
2016-12-15,1.0808551993634363,1.06716549585738,1.1080505775595486,1.098114246713816,1.0753190608421783,1.0417947756778234
2016-12-16,1.0782008860359449,1.0647055137197567,1.1055372275348405,1.095583702396543,1.0728607002201265,1.0443597372130724
2016-12-19,1.0816361102981025,1.0678892336808148,1.1087900164557065,1.0988587442482813,1.0760423216084296,1.0410401524428317
2016-12-20,1.083242023750948,1.0693775728183434,1.1103106442484332,1.1003897749371006,1.0775296796961162,1.0394882986383749
2016-12-21,1.0783713734921958,1.0648635192169684,1.105698660869761,1.0957462401267775,1.0730186015668364,1.044194988853112
2016-12-22,1.0720937118128908,1.0590454662248119,1.0997543885891026,1.0897613019795758,1.067204383587698,1.0502613264523513
2016-12-23,1.0698264246073483,1.0569441747274106,1.0976075107902195,1.087599736992433,1.0651044771722578,1.0524522902738964
2016-12-26,1.066052185058623,1.0534462599270695,1.0940337107550866,1.0840014879299982,1.061608868048543,1.0560994781047484
2016-12-27,1.0682263900323046,1.0554612840553035,1.0960924496642144,1.0860743110529323,1.0636225639585957,1.053998463100423
2016-12-28,1.0659463652581915,1.05334818754949,1.0939335107541017,1.0839006024422662,1.0615108603161023,1.0562017357074827
2016-12-29,1.0608993486653868,1.0486706799854821,1.0891545273737877,1.0790889251523903,1.0568364359660882,1.0610788552601098
2016-12-30,1.0586683145396216,1.0466029873581775,1.0870419773530198,1.0769619227860443,1.0547701062737989,1.0632347863844218
2016-12-31,1.058708486871267,1.046640218538555,1.0870800162422827,1.077000221906387,1.0548073129129663,1.063195966368569
2017-01-03,1.063918152416587,1.0514684669792131,1.092013010735222,1.0819669639274065,1.0596323787776576,1.0581616730932208
2017-01-04,1.068051003511219,1.0552987381702408,1.0959263774403594,1.0859071026982658,1.0634601252168654,1.0541679456086586
2017-01-05,1.0716518161647925,1.05863592324066,1.0993359608072113,1.089340011655807,1.0667951105568583,1.0506883466267318
2017-01-06,1.070813096265076,1.0578586088405841,1.0985417830216262,1.0885404007530437,1.066018308529366,1.0514988328113655
2017-01-09,1.0686839626878744,1.0558853562805783,1.0965257218906959,1.086510547374884,1.0640463566535008,1.0535562936515634
2017-01-10,1.0684987780371193,1.0557137296198142,1.0963503718889722,1.0863339977713533,1.06387484312173,1.0537352444563481
2017-01-11,1.0705543102198314,1.0578204695826365,1.0985028163545765,1.0885011675078147,1.0659801944111946,1.0515385996568734
2017-01-12,1.0705543102198314,1.056451088606802,1.0971037274519337,1.0870925071791147,1.0646117160730426,1.052966418776532
2017-01-13,1.0705543102198314,1.0566090941040136,1.097265160786854,1.0872550449093492,1.0647696174197523,1.0528016704165712
2017-01-16,1.0705543102198314,1.0585805305088787,1.0990734457112972,1.089283030037736,1.0667397543376094,1.0507461032356835
2017-01-17,1.0705543102198314,1.060292256728672,1.0990734457112972,1.091043855448611,1.0684503522602995,1.0489613293361102
2017-01-18,1.0705543102198314,1.0608325628829303,1.0990734457112972,1.0915996597560225,1.068990302267727,1.0483979656914173
2017-01-19,1.0705543102198314,1.062043030283983,1.0990734457112972,1.0928448482296012,1.070199971780165,1.0471358417613743
2017-01-20,1.0705543102198314,1.060796239780123,1.0990734457112972,1.091562294760566,1.0689540031075637,1.0484358388776152
2017-01-22,1.0705543102198314,1.0611494819549239,1.0990734457112972,1.091925669341378,1.0693070124401505,1.0480675221418412
2017-01-23,1.0705543102198314,1.0612421058670822,1.0990734457112972,1.0920209500797913,1.0693995752985668,1.0479709455170367
2017-01-24,1.0705543102198314,1.063629441799091,1.0990734457112972,1.0944767644061522,1.0717853376002922,1.0454817303541835
2017-01-25,1.0705543102198314,1.0672072674256081,1.0990734457112972,1.0981572164585907,1.0753608048763659,1.0417512215136961
2017-01-26,1.0705543102198314,1.0679373617920347,1.098853674976302,1.098908252867261,1.0760904179956459,1.0409899704711194
2017-02-03,1.0705543102198314,1.0712572933886202,1.1025076986642923,1.1023234134519604,1.0794081612345612,1.0375283612526367
2017-02-04,1.0705543102198314,1.0705943967623872,1.1017780932780141,1.1016415022848842,1.0787457015615831,1.0382195469007474
2017-02-06,1.0705543102198314,1.0740332865206668,1.105563046151761,1.1051790332297027,1.0821823245500326,1.0346339029974665
2017-02-07,1.0705543102198314,1.0746407904151185,1.1062316845126103,1.1055999375730687,1.0827894280037618,1.0340004739583077
2017-02-08,1.0705543102198314,1.072867314920553,1.1042797402394582,1.1055999375730687,1.0810171215087943,1.0358496322744175
2017-02-09,1.0703402421713972,1.0701276448913137,1.1012643711293197,1.1055999375730687,1.078279257353486,1.0387062173433894
2017-02-10,1.0724691444211119,1.072109070149451,1.103445191612688,1.1055999375730687,1.0802593765403878,1.0366402350362973
2017-02-13,1.0720544865585413,1.0717231371821234,1.1030204213535535,1.1055999375730687,1.079873697963654,1.0370426376396495
2017-02-14,1.0713861556506337,1.0711011040465488,1.1023357916417718,1.1055999375730687,1.0792520748458594,1.0376912159532876
2017-02-15,1.0711539472475942,1.0708849815848456,1.1020979202966565,1.1055999375730687,1.0790360948428885,1.0379165614111647
2017-02-16,1.0687684449558654,1.0686647319257503,1.0996542419823414,1.1053788618007085,1.0768173086779136,1.0402315599175076
2017-02-17,1.066899069744842,1.0669248553012816,1.0977392777082198,1.1034511216810796,1.0750785789060973,1.0420456855363842
2017-02-20,1.0652697082613296,1.0654083657590776,1.0960701804546795,1.101770888904576,1.0735630889692842,1.0436268910601443
2017-02-21,1.0661936635456926,1.0662683152180399,1.0970166685379743,1.1027236915628686,1.0744224715861475,1.0427302433769103
2017-02-22,1.065675585133869,1.0657861260282733,1.0964859555789146,1.1021894379075852,1.0739406002349812,1.0432330099236868
2017-02-23,1.0650892101329166,1.0652403714085938,1.0958852804595267,1.1015847553335263,1.0733952053535294,1.0438020545463091
2017-02-24,1.0661009753175885,1.0661820478488728,1.096921719891815,1.1026281094588162,1.07433626108076,1.04282019219413
2017-02-27,1.0651897036854925,1.0653339033983227,1.0959882247811523,1.1016883864568676,1.0734886756909496,1.0437045310918498
2017-02-28,1.065150677063133,1.0652975802955154,1.095948246403822,1.1016481413604242,1.0734523765307864,1.0437424042780477
2017-03-01,1.0658004703254198,1.0659023599572568,1.0966138863863717,1.1023182222162036,1.0740567575475035,1.0431118157278536
2017-03-02,1.0662209821813442,1.066293741390005,1.0970446534021057,1.102751863130379,1.0744478809982618,1.0427037321465717
2017-03-03,1.0665839297692883,1.066631546246113,1.0974164523112775,1.1031261425273007,1.0747854631877796,1.042351511514932
2017-03-06,1.0669244370493756,1.0669484653181063,1.0977652636534845,1.1034772809937676,1.075102173360203,1.0420210679653559
2017-03-07,1.0669371207016423,1.0669602703265186,1.0977782566261167,1.1034903606501116,1.0751139705872563,1.0420087591798415
2017-03-08,1.0684923316026713,1.068407745973389,1.0993713949627295,1.105094127743373,1.0765604921197591,1.0404995127098573
2017-03-09,1.0691372465371634,1.0690079852472794,1.100032037648113,1.1057591779620968,1.0771603357414559,1.039873658307938
2017-03-10,1.0686562434165816,1.0685603030051796,1.099539304147517,1.1052631571484344,1.0767129485924447,1.0403404453278264
2017-03-13,1.0685713605129494,1.0684813002565736,1.0994523511768235,1.1051756240636705,1.0766339979190898,1.0404228195078067
2017-03-14,1.0673098249451762,1.0673071559583283,1.0981600501296211,1.103874701321144,1.0754606275668146,1.041647070251652
2017-03-15,1.0673908051865724,1.0673825263966534,1.0982430052625818,1.103958209896264,1.0755359483241533,1.0415684833902916
2017-03-16,1.0645350320954108,1.0647245833487307,1.0953175875014365,1.101013274964033,1.0728797572792121,1.0443398537903184
2017-03-17,1.0647545568461834,1.0649289008020215,1.0955424658739195,1.1012396536315259,1.07308394005513,1.0441268171179556
2017-03-20,1.066426847614291,1.0664853457573136,1.0972555393425232,1.1029641560141168,1.0746393590681227,1.042503951089378
2017-03-21,1.06825231787516,1.0681843588911242,1.0991255279421484,1.1048466204002474,1.0763372522847556,1.040732432804974
2017-03-22,1.0675322766926258,1.0675141976443299,1.098387926880404,1.1041040983708703,1.075667532779745,1.0414311930903242
2017-03-23,1.0668756537714261,1.0669030614395973,1.0977152906818215,1.1034269746232135,1.075056799409999,1.042068409448103
2017-03-24,1.0639330464455143,1.0641642994879283,1.0947009210311165,1.1003924943513967,1.072319842733695,1.0449240476874202
2017-03-27,1.063234469905278,1.063514115947678,1.093985308076904,1.0996721071250635,1.071670087766774,1.0456019777203616
2017-03-28,1.0643730716126185,1.0645738424720803,1.0951516772355157,1.1008462578137936,1.072729115764535,1.0444970275130396
2017-03-29,1.065256048943504,1.065395652673095,1.0960561880226138,1.101756803120821,1.073550384263227,1.0436401466753134
2017-03-30,1.065699976772844,1.065808827967528,1.096510942064746,1.1022145910928625,1.0739632872100833,1.043209339182313
2017-03-31,1.065878523570139,1.0659750061628712,1.0966938431410322,1.10239871240909,1.07412935586783,1.0430360693554577
2017-04-01,1.065139944741984,1.0652875914422435,1.0959372523500561,1.1016370739589025,1.0734423942617415,1.043752819404252
2017-04-05,1.0664483122565886,1.0665053234638575,1.0972775274500546,1.1029862908171606,1.0746593236062123,1.0424831208369694
2017-04-06,1.0657751030208862,1.0658787499404319,1.096587900441107,1.1022920629035156,1.0740331630933975,1.0431364332988822
2017-04-07,1.0662141525224313,1.0662873848470138,1.097037657186073,1.1027448202385015,1.0744415286452331,1.0427103599541563
2017-04-10,1.0669878553107097,1.0670074903601683,1.0978302285166461,1.1035426792754877,1.0751611594954684,1.0419595240377844
2017-04-11,1.0667088149608388,1.066747780175096,1.0975443831187346,1.1032549268359189,1.0749016205003015,1.0422303173190988
2017-04-12,1.067139083472353,1.0671482423835466,1.0979851447288012,1.1036986290242052,1.0753018187411008,1.0418127654412677
2017-04-13,1.0680191338065614,1.0679673283518505,1.0988866571375995,1.1046061559489992,1.0761203648027804,1.0409587250925063
2017-04-14,1.0718339861422097,1.0715179116512625,1.102794543521637,1.1085401141263216,1.079668607708732,1.0372566211416672
2017-04-17,1.0762986317401448,1.0756732746124156,1.1073680698882244,1.1131441531594233,1.0838212316314004,1.032923928640634
2017-04-18,1.0767601215495468,1.0761027953031115,1.1078408142001552,1.1136200514248642,1.08425046920033,1.0324760782138447
2017-04-19,1.0767181679305102,1.0760637479675939,1.1077978374445252,1.1135767879461878,1.0842114476031548,1.0325167918890072
2017-04-20,1.0786353507539244,1.0778481203930015,1.1097617752308766,1.1155538283089599,1.0859946438461712,1.0306562716170382
2017-04-21,1.0817769938538697,1.0807721301689877,1.1129800346059662,1.118793558572637,1.0889167262393076,1.027607480128112
2017-04-24,1.0836375880748623,1.0825038340953248,1.1148860037451886,1.1207122435455665,1.0906472887000875,1.02580187597613
2017-04-25,1.0808149876127064,1.079876765684788,1.1119945676047742,1.1178015169453124,1.088021951941285,1.0285410541678888
2017-04-26,1.0806481488021191,1.0797214844202871,1.1118236600416873,1.1176294691580175,1.0878667730315876,1.0287029620388846
2017-04-27,1.0805622902329282,1.079641573594111,1.1117357076115604,1.1175409299458425,1.0877869148792283,1.02878628304852
2017-04-28,1.081297942064406,1.0803262640820281,1.1124893000242368,1.1182995500137969,1.0884711540483045,1.0280723734886905
2017-05-02,1.0829029119089435,1.0818200516849776,1.1141334107919456,1.1199546296050233,1.0899639570100155,1.0265148387063043
2017-05-03,1.085399640074397,1.0841438221870736,1.1166910274816522,1.1225293096499767,1.0922861957814551,1.0240919016192973
2017-05-04,1.0877666047205052,1.086346818372335,1.1191157160667353,1.1249701747492566,1.0944877398453525,1.0217948928763985
2017-05-05,1.0884837189063623,1.087014255386419,1.1198503187501798,1.1257096783964005,1.0951547369133512,1.0210989730800129
2017-05-08,1.0914116912488894,1.0897393961745354,1.1228496965093862,1.1287290667570513,1.097878081404594,1.0182575372855198
2017-05-09,1.093448880936059,1.0916354621410755,1.1249365678060281,1.130829860791386,1.0997728975651122,1.0162805569659925
2017-05-10,1.0978998672161682,1.095778112016246,1.1294961017405496,1.1354198140407326,1.1039128167817236,1.0119611200801286
2017-05-11,1.095087999075161,1.0931610324589813,1.126615659653901,1.132520154842,1.101297462291966,1.0146898831456832
2017-05-12,1.095342647786057,1.0933980407047987,1.1268765185659813,1.132782754096292,1.1015343143120309,1.0144427606057425
2017-05-15,1.0937854855539102,1.0919487489027881,1.125281381310502,1.1311769747482086,1.1000859778215197,1.0159539007350362
2017-05-16,1.0944235708294892,1.0925426316336873,1.1259350277798523,1.1318349820750548,1.1006794690901878,1.0153346741407014
2017-05-17,1.0969310313160918,1.094876390989055,1.1285036385233247,1.1344207295215303,1.1030116901306726,1.01290132192749
2017-05-18,1.0965973536949174,1.0945658284600528,1.1281618233971507,1.1340766339469408,1.1027013323112773,1.0132251376694816
2017-05-19,1.0980267037388367,1.0958961621003698,1.1296260314668731,1.135550610604173,1.104030789052254,1.0118380322249858
2017-05-22,1.100664903410344,1.098351603850142,1.1323285697744019,1.138271179123733,1.1064846122792853,1.0092778048380115
2017-05-23,1.0997643640993968,1.097513448252864,1.1314060687175052,1.1373425235233063,1.10564700915852,1.0101517286095267
2017-05-24,1.0985077068594185,1.0963438443424693,1.1301187649674693,1.1360466314178355,1.1044781762012654,1.0113712452050971
2017-05-25,1.0972578792783532,1.0951805969750663,1.1288384574334662,1.134757782204242,1.1033156955970393,1.0125841339930832
2017-05-26,1.0974169127644684,1.095328613619006,1.1290013693210872,1.134921780972248,1.103463614674704,1.0124298007593269
2017-05-27,1.0968432214157828,1.0947946640077388,1.1284136871743315,1.134330178054533,1.1029300170203054,1.0129865365964352
2017-05-31,1.0939376893811126,1.0920904090037369,1.1254372969820903,1.131333930624337,1.1002275445461562,1.0158061953088644
2017-06-01,1.0944908917530594,1.0926052889860298,1.1260039904807473,1.1316886342026724,1.1007420851414693,1.01526934289451
2017-06-02,1.0949133549401018,1.0929984865739186,1.126436756415348,1.1316886342026724,1.1011350235502357,1.0148593656539187
2017-06-05,1.094358201237037,1.0924817904364852,1.1258680639978242,1.1316886342026724,1.1006186679969145,1.0153981117275828
2017-06-06,1.0949299412546047,1.0930139238926118,1.1264537472257132,1.1316886342026724,1.1011504506933052,1.0148432695497844
2017-06-07,1.0962226981202656,1.0942171266731031,1.1277780309747798,1.1316886342026724,1.1023528603737107,1.0135887202569809
2017-06-08,1.0961485475377823,1.094148112777769,1.1277020720578521,1.1316886342026724,1.1022838919694005,1.0136606793107568
2017-06-09,1.0947787130929614,1.0928731718692335,1.1262988310135582,1.1316886342026724,1.1010097914476726,1.0149900281463011
2017-06-12,1.090978495740698,1.0893362097333745,1.1224059365210195,1.1316886342026724,1.0974751607267828,1.018677929652316
2017-06-13,1.0904174880442792,1.0888140651305198,1.1218312473468965,1.1314623417343255,1.096953360299437,1.0192223567039098
2017-06-14,1.0885178672009268,1.0870460381013753,1.1198852998303437,1.1294158548492292,1.0951864986784936,1.02106583404209
2017-06-15,1.0893188886248573,1.087791569786495,1.1207058560250482,1.1302788059189077,1.0959315389408433,1.0202884868953792
2017-06-16,1.090245770905897,1.0886542434781679,1.1216553424866431,1.1312773485695709,1.0967936439947188,1.0193889987231803
2017-06-19,1.0854767176535574,1.084215560315118,1.1167699847768795,1.126139583857527,1.0923578866227777,1.0240171020765567
2017-06-20,1.0853323191508268,1.084081164834731,1.1166220647807572,1.1259840214235288,1.0922235797301738,1.0241572328654887
2017-06-21,1.0890388726094273,1.0875309515238527,1.1204190111677033,1.1299771409286548,1.0956710924666724,1.0205602270063485
2017-06-22,1.0901042993998435,1.0885225722304916,1.1215104208688207,1.131124939428154,1.0966620595391272,1.0195262890231473
2017-06-23,1.0894603601309107,1.0879232410341713,1.1208507776428707,1.1304312150603246,1.0960631233964349,1.0201511965954118
2017-06-26,1.087411462457033,1.086016278136789,1.1187519128330294,1.1282239102535954,1.0941574174878674,1.0221395388707986
2017-06-27,1.0866133680297798,1.0852734706843798,1.1179343550166245,1.1273641124764981,1.0934150996625303,1.0229140455285446
2017-06-28,1.0880885743549715,1.0866464839704952,1.1194455376797103,1.128953371937343,1.0947872079166987,1.0214824390902661
2017-06-29,1.0888056885408288,1.087313920984579,1.1201801403631546,1.1297259286196983,1.0954542049846974,1.020786519293881
2017-06-30,1.0904584659977568,1.0888522043884676,1.1218732246430934,1.13150648783046,1.0969914744176084,1.019182589858402
2017-07-03,1.093066420036935,1.091279495733564,1.124544779708191,1.1343160715201681,1.0994171657955132,1.0166517141907314
2017-07-04,1.0928283576405418,1.0910579248064396,1.1243009116064762,1.1340596037235766,1.0991957409185176,1.0168827406265382
2017-07-05,1.0905384705735939,1.0889266667492223,1.1219551803166203,1.131592677827675,1.0970658876959427,1.0191049498266966
2017-07-06,1.089697446861745,1.0881439038837255,1.1210936462851522,1.130686631759389,1.096283640794426,1.0199211169892601
2017-07-07,1.090703358053063,1.0890801318585832,1.1219089723086424,1.1317703133097403,1.097219251647632,1.0189449356150109
2017-07-10,1.091228266123799,1.0895686775913411,1.1219089723086424,1.132335803779274,1.097707475351827,1.0184355412606498
2017-07-11,1.0906750637518523,1.089053797609048,1.1219089723086424,1.131739831481457,1.097192934756514,1.0189723936750041
2017-07-12,1.0900077085095037,1.0884326725510434,1.1219089723086424,1.1310208807729796,1.0965722191177234,1.019620025158987
2017-07-13,1.0889071577589637,1.087408361051878,1.1219089723086424,1.1298352427625078,1.0955485828011216,1.0206880490097665
2017-07-14,1.089155952476506,1.0876399208322747,1.1219089723086424,1.1298767083497292,1.0957799899471619,1.020446607447755
2017-07-17,1.0888144695308597,1.0873220936827108,1.1219089723086424,1.1298767083497292,1.095462372295734,1.0207779978269864
2017-07-18,1.0910282546842065,1.089382521689454,1.1219089723086424,1.1298767083497292,1.0975214421559907,1.0186296413399138
2017-07-19,1.0911385048923723,1.0894851344548844,1.1219089723086424,1.1298767083497292,1.0976239872834517,1.0185226495889048
2017-07-20,1.0907628736521613,1.0891355245903642,1.1219089723086424,1.1298767083497292,1.097274607866881,1.018887179006059
2017-07-21,1.0911219185778693,1.0894696971361912,1.1219089723086424,1.1298767083497292,1.0976085601403822,1.0185387456930388
2017-07-24,1.0911911908325576,1.0895341706436743,1.1219089723086424,1.1298767083497292,1.0976729911496719,1.0184715207875377
2017-07-25,1.091807811465839,1.0901080756680295,1.1219089723086424,1.1298767083497292,1.0982465178802503,1.0178731244456116
2017-07-26,1.0936498680412108,1.091822526120533,1.1219089723086424,1.1298767083497292,1.0999598382399527,1.0160855100570736
2017-07-27,1.0927844526903872,1.0910170613157817,1.1219089723086424,1.1298767083497292,1.099154904363334,1.0169253479610108
2017-07-28,1.0927600610514125,1.090994359376527,1.1219089723086424,1.1298767083497292,1.099132217388232,1.0169490187023844
2017-07-31,1.0936703570179496,1.0918415957495067,1.1219089723086424,1.1298767083497292,1.0999788952990384,1.0160656266343198
2017-08-01,1.0948772553144193,1.092964887703822,1.1219089723086424,1.1298767083497292,1.101101446827085,1.0148943983511514
2017-08-02,1.094173800446388,1.0923101637757209,1.1219089723086424,1.1298767083497292,1.1004471544651433,1.0155770625323677
2017-08-03,1.0938752467853372,1.0920322920392451,1.1219089723086424,1.1298767083497292,1.1001694658898953,1.015866792406781
2017-08-04,1.0935005912106852,1.0916835902522952,1.1219089723086424,1.1298767083497292,1.0998209939523285,1.0162303749942805
2017-08-07,1.096000246372816,1.0940100849871015,1.1216846353815662,1.1298767083497292,1.1021459551607806,1.0138045974183085
2017-08-08,1.09572608435074,1.0937549151898804,1.1213902646099267,1.1298767083497292,1.1018909535606343,1.0140706565513484
2017-08-09,1.096255870749271,1.0942480013104894,1.1219591020796786,1.1298767083497292,1.1023837146598494,1.0135565280487127
2017-08-10,1.0949377465790766,1.0930211885131733,1.1205438176936109,1.1298767083497292,1.1011577105253378,1.014835694912545
2017-08-11,1.0934693699127978,1.0916545317700495,1.118967205553691,1.1298767083497292,1.099791954624198,1.0162606735432387
2017-08-14,1.0923883324734376,1.0906483818222876,1.1178064837922086,1.1298767083497292,1.0987864678876778,1.0173097608009187
2017-08-15,1.0926410298532157,1.0908835739129648,1.118077807741869,1.1298767083497292,1.0990215049497345,1.017064531920288
2017-08-16,1.0939191517354918,1.0920731555299033,1.1194501412324305,1.1298767083497292,1.1002103024450787,1.0158241850723086
2017-08-17,1.0937562155871405,1.0919215065756829,1.1192751949019544,1.1298767083497292,1.1000587534513975,1.0159823056246846
2017-08-18,1.0938752467853372,1.0920322920392451,1.1194030000056556,1.1298767083497292,1.1001694658898953,1.015866792406781
2017-08-21,1.0954197253652174,1.0934697788328434,1.1210613236053188,1.1298767083497292,1.1016060051533532,1.0143679610630014
2017-08-22,1.0955670508646247,1.0936068985459406,1.1212195086107195,1.1298767083497292,1.1017430344829693,1.0142249897851046
2017-08-23,1.0950089701648829,1.0930874781757964,1.120620291239268,1.1298767083497292,1.1012239564926356,1.0147665763477338
2017-08-24,1.0958509695422907,1.0938711491188637,1.1215243552105312,1.1296507781940903,1.1020071108731564,1.0139494623555154
2017-08-25,1.0961719635111982,1.0941699066394537,1.1218690099573974,1.1299978310688756,1.1023056714654986,1.013637955399038
2017-08-28,1.0973778861421088,1.0952922905161986,1.1231638223194844,1.1313016528112296,1.103427315514541,1.0124676739455247
2017-08-29,1.096629550658364,1.094595795019869,1.1223603262986748,1.1304925660180374,1.1027312791184118,1.0131938922908685
2017-08-30,1.0964841764900746,1.0944604914619118,1.1222042364589087,1.1303353900960222,1.102596064746804,1.0133349699094554
2017-08-31,1.0960724456241813,1.094077282727295,1.1217621565100406,1.1298902341289725,1.1022131086070825,1.0137345320238424
2017-09-01,1.096369047954114,1.0943533383086304,1.1220806216864763,1.130210915204762,1.1024889822243227,1.013446695808739
2017-09-04,1.0969603012828615,1.0949036333161608,1.1227154568737132,1.130850167612421,1.1030389145007948,1.0128729170378417
2017-09-05,1.0983876999956628,1.0962321508013368,1.1242480705353097,1.1323934452896574,1.1043665562837635,1.0114877052526556
2017-09-06,1.0977613227067917,1.09564916500128,1.1235755223666528,1.1317162174914441,1.1037839547631443,1.012095569891131
2017-09-07,1.095368015090591,1.0934216507216235,1.121005801716006,1.1291286165739727,1.101557908766137,1.0144181430347137
2017-09-08,1.0943845442071296,1.0925063085308802,1.1199498382362458,1.1280653056384606,1.1006431699300248,1.015372547326899
2017-09-11,1.0948450583509728,1.092934921144006,1.1204442973259747,1.1285632052035022,1.1010715000199505,1.0149256437297647
2017-09-12,1.0946821222026215,1.0927832721897857,1.1202693509954986,1.1283870415862098,1.100919951026269,1.0150837642821406
2017-09-13,1.0954226523618942,1.0934725030655539,1.1210644663537703,1.1291876894037234,1.1016087275903654,1.0143651205740367
2017-09-14,1.093443026942705,1.0916300136756543,1.118938920817626,1.1270473541972215,1.0997674526910877,1.0162862379439221
2017-09-15,1.0934742482405926,1.0916590721579003,1.1189724434677772,1.127081110099936,1.0997964920192183,1.016255939394964
2017-09-18,1.0949475032346665,1.0930302692888751,1.1205542935217832,1.1286739667592847,1.1011667853153786,1.0148262266159953
2017-09-19,1.0945572370110708,1.0926670382608021,1.120135260394894,1.128252017975351,1.1008037937137467,1.0152049584779739
2017-09-20,1.0948300875435024,1.0931156285804722,1.120652766306602,1.1287731247235089,1.101252088341762,1.0147372246284305
2017-09-21,1.0948300875435024,1.0942107701301116,1.1219161511841724,1.130045300307068,1.1023465080206822,1.0135953480645654
2017-09-22,1.0948300875435024,1.0930920185636475,1.1206255291533542,1.1287456980525532,1.101228493887656,1.014761842199459
2017-09-25,1.0948300875435024,1.0918915400158669,1.119240624668986,1.1273511573216535,1.1000288066442627,1.0160135510032977
2017-09-26,1.0948300875435024,1.0924636288850815,1.1199006018438362,1.1280157266563486,1.100600518416833,1.0154170483206817
2017-09-27,1.0948300875435024,1.0924817904364852,1.1199215535001807,1.1280368240955452,1.1006186679969145,1.0153981117275828
2017-09-28,1.0948300875435024,1.0922620356645012,1.119668038458413,1.1277815450812656,1.1003990580779273,1.0156272445040797
2017-09-29,1.0948300875435024,1.0923128880084314,1.1197267030961773,1.1278406179110163,1.1004498769021558,1.0155742220434028
2017-09-30,1.0948300875435024,1.0920577182112101,1.1194323323245379,1.127544198890303,1.1001948753020092,1.0158402811764426
2017-10-09,1.0948300875435024,1.0938339179384862,1.121481404315025,1.1296075284437372,1.101969904233989,1.0139882823713682
2017-10-10,1.0948300875435024,1.0936141631665022,1.1212278892732572,1.1293522494294574,1.1017502943150017,1.0142174151478651
2017-10-11,1.0948300875435024,1.0938066756113807,1.1214499768305084,1.1295758822849422,1.1019426798638667,1.0140166872610166
2017-10-12,1.0948300875435024,1.0950044299264508,1.1228317385664248,1.1309672583999626,1.1031396446702477,1.0127678189461427
2017-10-13,1.0948300875435024,1.0947038562507205,1.122484988653924,1.1306180957812575,1.1028392691198974,1.0130812195619299
2017-10-16,1.0948300875435024,1.09724374921452,1.1254150777936955,1.1335685726529119,1.1053774878943081,1.010432937017046
2017-10-17,1.0948300875435024,1.0996665001717654,1.1282100287500452,1.1363829710417475,1.1077986418771926,1.0079067954976497
2017-10-18,1.0948300875435024,1.0998190572035562,1.1283860226633387,1.1365601895309996,1.107951098349878,1.0077477281156186
2017-10-19,1.0948300875435024,1.0989827177614184,1.1274211988886766,1.1355886524559928,1.1071153101871207,1.008619758227824
2017-10-20,1.0948300875435024,1.0989727183744467,1.1276328106177558,1.1358017365918793,1.1072986209459448,1.008428498637525
2017-10-23,1.0948300875435024,1.0989727183744467,1.127776329463715,1.1359462540503764,1.1074229455695037,1.0082987829747971
2017-10-24,1.0948300875435024,1.0989727183744467,1.1282645030565408,1.1364378243836588,1.1078458307854047,1.0078575603555924
2017-10-25,1.0948300875435024,1.0989727183744467,1.1322966493200304,1.140498026557058,1.1113387174721074,1.0042132130137051
2017-10-26,1.0948300875435024,1.0989727183744467,1.1319153291745614,1.1401140531636784,1.1110083951146223,1.0045578590081055
2017-10-27,1.0948300875435024,1.0989727183744467,1.1356771990712073,1.1439020983714403,1.1142671522182723,1.0011577937171943
2017-10-30,1.0948300875435024,1.0989727183744467,1.1427358120936526,1.1510098256367982,1.120381745747761,0.9947780555021678
2017-10-31,1.0948300875435024,1.0989727183744467,1.1419909807106075,1.1502598116733567,1.1197365281758604,0.9954512513868344
2017-11-01,1.0948300875435024,1.0989727183744467,1.1396517282797494,1.1479042825870485,1.1177101275597505,0.9975655220063291
2017-11-02,1.0948300875435024,1.0989727183744467,1.139992192695347,1.1482471159739944,1.1180050582360765,0.9972578023684715
2017-11-03,1.0948300875435024,1.0989727183744467,1.1406815021890793,1.1489412217235648,1.1186021794207608,0.996634788455517
2017-11-06,1.0948300875435024,1.0989727183744467,1.1403703700923642,1.1486279247514941,1.118332658156549,0.996915996863036
2017-11-07,1.0948300875435024,1.0989727183744467,1.1414912837067923,1.1495347287647881,1.1193036606909144,0.9959028891322438
2017-11-08,1.0948300875435024,1.0989727183744467,1.1410288680802763,1.1495347287647881,1.1190940330409718,0.9961216067825364
2017-11-09,1.0948300875435024,1.0989727183744467,1.1410288680802763,1.1495347287647881,1.1197383431338683,0.9954493577275246
2017-11-10,1.0948300875435024,1.0989727183744467,1.1410288680802763,1.1495347287647881,1.1209480126463065,0.9941872337974814
2017-11-13,1.0948300875435024,1.0989727183744467,1.1410288680802763,1.1495347287647881,1.1242775531122748,0.9907133157934844
2017-11-14,1.0948300875435024,1.0989727183744467,1.1410288680802763,1.1495347287647881,1.1243873580717685,0.990598749405236
2017-11-15,1.0948300875435024,1.0989727183744467,1.1410288680802763,1.1495347287647881,1.124062480588308,0.9909377144217066
2017-11-16,1.0948300875435024,1.0989727183744467,1.1410288680802763,1.1495347287647881,1.122375477119724,0.9926978707502513
2017-11-17,1.0948300875435024,1.0989727183744467,1.1410288680802763,1.1495347287647881,1.1223718472037074,0.9927016580688712
2017-11-20,1.0948300875435024,1.0989727183744467,1.1410288680802763,1.1495347287647881,1.1235470325139907,0.991475513665716
2017-11-21,1.0948300875435024,1.0989727183744467,1.1410288680802763,1.1493048677912299,1.1241359863876383,0.9908610212196561
2017-11-22,1.0948300875435024,1.0989727183744467,1.1410288680802763,1.1527544165647963,1.1269863779394527,0.9878870292734705
2017-11-23,1.0948300875435024,1.0989727183744467,1.1410288680802763,1.151107067580285,1.125625159433333,0.9893072737558896
2017-11-24,1.0948300875435024,1.0989727183744467,1.1410288680802763,1.1485470872583547,1.1235098258748235,0.9915143336815687
2017-11-27,1.0948300875435024,1.0989727183744467,1.1410288680802763,1.148908405802291,1.1238083864671657,0.9912028267250915
2017-11-28,1.0948300875435024,1.0989727183744467,1.1410288680802763,1.1488622800307244,1.1237702723489944,0.9912425935705994
2017-11-29,1.0948300875435024,1.0989727183744467,1.1410288680802763,1.145876185438134,1.1213028369369018,0.9938170234023975
2017-11-30,1.0948300875435024,1.0989727183744467,1.1410288680802763,1.1442980251109722,1.1199987896080392,0.9951776176165551
2017-12-01,1.0948300875435024,1.0989727183744467,1.1410288680802763,1.1441069326287692,1.1198408882613293,0.9953423659765157
2017-12-04,1.0948300875435024,1.0989727183744467,1.1410288680802763,1.143413947822618,1.1192682690097553,0.9959398154887867
2017-12-05,1.0948300875435024,1.0989727183744467,1.1408007079386886,1.1426737390122443,1.1186566281610055,0.9965779786762202
2017-12-06,1.0948300875435024,1.0989727183744467,1.1406316268849743,1.142502414717855,1.1185150614363693,0.9967256841023919
2017-12-07,1.0948300875435024,1.0989727183744467,1.1414824514180875,1.1433645273530828,1.1192274324545717,0.9959824228232591
2017-12-08,1.0948300875435024,1.0989727183744467,1.1428437706710683,1.1447439075694466,1.1203672260836957,0.994793204776647
2017-12-11,1.0948300875435024,1.0989727183744467,1.1457799281999896,1.1477190198354739,1.1228255867057475,0.9922282432413981
2017-12-12,1.0948300875435024,1.0989727183744467,1.1465277867068022,1.1484768003683488,1.1234517472185623,0.9915749307794854
2017-12-13,1.0948300875435024,1.0989727183744467,1.1464410784741283,1.1483889417558417,1.1233791488982359,0.991650677151881
2017-12-14,1.0948300875435024,1.0989727183744467,1.145379986476781,1.1473137719852842,1.122490726953242,0.9925776233840733
2017-12-15,1.0948300875435024,1.0989727183744467,1.1438810179044303,1.1457949162215648,1.1212356834905999,0.9938870887968636
2017-12-18,1.0948300875435024,1.0989727183744467,1.1436414864116686,1.1455522068045136,1.1210351306306983,0.9940963381506066
2017-12-19,1.0948300875435024,1.0989727183744467,1.1434929985632145,1.145401748930595,1.1209108060071395,0.9942260538133343
2017-12-20,1.0948300875435024,1.0989727183744467,1.1431602557203282,1.145064591505098,1.120632209952887,0.9945167305174027
2017-12-21,1.0948300875435024,1.0989727183744467,1.1426638510882698,1.144561600948494,1.1202165845690184,0.994950378499368
2017-12-22,1.0948300875435024,1.0989727183744467,1.1417284860282997,1.1433828269841888,1.1194334301884976,0.9957674924915865
2017-12-25,1.0948300875435024,1.0989727183744467,1.1420371259334379,1.1433828269841888,1.119882632295517,0.9952988118123882
2017-12-26,1.0948300875435024,1.0989727183744467,1.1420371259334379,1.1433828269841888,1.1201494311227167,0.995020443893834
2017-12-27,1.0948300875435024,1.0989727183744467,1.1420371259334379,1.1433828269841888,1.120416229949916,0.9947420759752799
2017-12-28,1.0948300875435024,1.0989727183744467,1.1420371259334379,1.1433828269841888,1.1204198598659323,0.99473828865666
2017-12-29,1.0948300875435024,1.0989727183744467,1.1420371259334379,1.1431541961449598,1.11971202624275,0.9954768157875181
2017-12-30,1.0948300875435024,1.0989727183744467,1.1420371259334379,1.1431639817577268,1.1197201935537868,0.9954682943206236
2017-12-31,1.0948300875435024,1.0989727183744467,1.1420371259334379,1.14314984698373,1.1197083963267338,0.9954806031061378
2018-01-02,1.0948300875435024,1.0989727183744467,1.1420371259334379,1.143729372717595,1.1201920826359082,0.9949759429000514
2018-01-03,1.0948300875435024,1.0989727183744467,1.1420371259334379,1.1449188683139333,1.1211848646663714,0.9939401112575406
2018-01-04,1.0948300875435024,1.0989727183744467,1.1420371259334379,1.1459365720416963,1.12203426501419,0.9930538787005111
2018-01-05,1.0948300875435024,1.0989727183744467,1.1420371259334379,1.1455886391433159,1.1217438717328845,0.9933568641900938
2018-01-08,1.0948300875435024,1.0989727183744467,1.1420371259334379,1.145423371016585,1.1216059349242644,0.9935007822976456
2018-01-09,1.0948300875435024,1.0989727183744467,1.1420371259334379,1.1442480101942434,1.1206249501208543,0.9945243051546423
2018-01-10,1.0948300875435024,1.0989727183744467,1.1420371259334379,1.1451319772141915,1.121362730551171,0.9937545326451712
2018-01-11,1.0948300875435024,1.0989727183744467,1.1420371259334379,1.1461159749424237,1.122183999049863,0.9928976518074449
2018-01-12,1.0948300875435024,1.0989727183744467,1.1420371259334379,1.1457593437215836,1.121886345936525,0.9932082119342673
2018-01-15,1.0948300875435024,1.0989727183744467,1.1420371259334379,1.1470412589940544,1.122956263682335,0.9920918997710859
2018-01-16,1.0948300875435024,1.0989727183744467,1.1420371259334379,1.147510968406868,1.1233482946120974,0.9916828693601492
2018-01-17,1.0948300875435024,1.0989727183744467,1.1420371259334379,1.1474500801496514,1.1232974757878686,0.9917358918208262
2018-01-18,1.0948300875435024,1.0989727183744467,1.1420371259334379,1.1495550741848535,1.125054355139767,0.9899028296088506
2018-01-19,1.0948300875435024,1.0987529677808905,1.1420371259334379,1.1491886573512466,1.1247485347153923,0.9902219112025674
2018-01-22,1.0948300875435024,1.099963264510933,1.1420371259334379,1.1504412157854162,1.125793950528092,0.9891311634400695
2018-01-23,1.0948300875435024,1.0999348981813226,1.1418087641806018,1.1504118589471155,1.1257694485949816,0.9891567278407531
2018-01-24,1.0948300875435024,1.0996344252084127,1.141496180609987,1.150100893919188,1.1255099095998151,0.9894275211220677
2018-01-25,1.0948300875435024,1.099139590347432,1.1407528741476676,1.1493614362619629,1.1250824869888936,0.9898734778895473
2018-01-26,1.0948300875435024,1.0992036772402551,1.1407528741476676,1.1493614362619629,1.1251378432081423,0.9898157212805956
2018-01-29,1.0948300875435024,1.0988895464049404,1.1407528741476676,1.1493614362619629,1.1248665069859225,0.9900988233474245
2018-01-30,1.0948300875435024,1.098803396811309,1.1407528741476676,1.1493614362619629,1.124792093707588,0.9901764633791301
2018-01-31,1.0948300875435024,1.0975720879852586,1.1407528741476676,1.1493614362619629,1.1237285283148066,0.9912861477347269
2018-02-01,1.0948300875435024,1.0969259660330226,1.1407528741476676,1.1493614362619629,1.1231704287272977,0.9918684479725186
2018-02-02,1.0948300875435024,1.0966333438095441,1.1407528741476676,1.1493614362619629,1.1231078126760163,0.99193377921871
2018-02-05,1.0948300875435024,1.0966333438095441,1.1407528741476676,1.1493614362619629,1.1237385105838515,0.9912757326085223
2018-02-06,1.0948300875435024,1.0966333438095441,1.1407528741476676,1.1493614362619629,1.1214834252587136,0.9936286043010634
2018-02-07,1.0948300875435024,1.0966333438095441,1.1407528741476676,1.1493614362619629,1.1207910187786008,0.9943510353277872
2018-02-08,1.0948300875435024,1.0966333438095441,1.1407528741476676,1.1493614362619629,1.1210741522278738,0.9940556244754439
2018-02-09,1.0948300875435024,1.0966333438095441,1.1407528741476676,1.1493614362619629,1.121145843069196,0.9939808249327032
2018-02-11,1.0948300875435024,1.0966333438095441,1.1407528741476676,1.1493614362619629,1.121316449121963,0.9938028209575733
2018-02-12,1.0948300875435024,1.0966333438095441,1.1407528741476676,1.1493614362619629,1.1207864813835804,0.9943557694760619
2018-02-13,1.0948300875435024,1.0966333438095441,1.1407528741476676,1.1493614362619629,1.120658526844005,0.9944892724574094
2018-02-14,1.0948300875435024,1.0966333438095441,1.1407528741476676,1.1493614362619629,1.1202174920480226,0.9949494316697131
2018-02-22,1.0948300875435024,1.0966333438095441,1.1407528741476676,1.1493614362619629,1.1204933656652627,0.9946615954546095
2018-02-23,1.0948300875435024,1.0966333438095441,1.1407528741476676,1.1493614362619629,1.1205106077663403,0.9946436056911654
2018-02-24,1.0948300875435024,1.0966333438095441,1.1407528741476676,1.1493614362619629,1.1205051628923157,0.9946492866690951
2018-02-26,1.0948300875435024,1.0966333438095441,1.1407528741476676,1.1493614362619629,1.1190078225355844,0.9962115555997563
2018-02-27,1.0948300875435024,1.0966333438095441,1.1407528741476676,1.1493614362619629,1.1173144667139718,0.9979783397358856
2018-02-28,1.0948300875435024,1.0966333438095441,1.1407528741476676,1.1493614362619629,1.1174614783126327,0.9978249533317843
2018-03-01,1.0948300875435024,1.0966333438095441,1.1407528741476676,1.1493614362619629,1.1177319070558485,0.9975427980946102
2018-03-02,1.0948300875435024,1.0966333438095441,1.1407528741476676,1.1493614362619629,1.1183090637024429,0.9969406144340647
2018-03-05,1.0948300875435024,1.0966333438095441,1.1407528741476676,1.1493614362619629,1.118763710683487,0.9964662527769367
2018-03-06,1.0948300875435024,1.0966333438095441,1.1407528741476676,1.1493614362619629,1.1182128709280106,0.997040978377489
2018-03-07,1.0948300875435024,1.0966333438095441,1.1407528741476676,1.1493614362619629,1.117306299402935,0.99798686120278
2018-03-08,1.0948300875435024,1.0966333438095441,1.1407528741476676,1.1493614362619629,1.1170930418369762,0.9982093661716923
2018-03-09,1.0948300875435024,1.0966333438095441,1.1407528741476676,1.1493614362619629,1.1171402307451883,0.9981601310296352
2018-03-12,1.0948300875435024,1.0966333438095441,1.1407528741476676,1.1493614362619629,1.1165785012416634,0.9987462185860466
2018-03-13,1.0948300875435024,1.0966333438095441,1.1407528741476676,1.1493614362619629,1.116734587630365,0.9985833638853959
2018-03-14,1.0948300875435024,1.0966333438095441,1.1407528741476676,1.1493614362619629,1.1169206208262012,0.998389263806132
2018-03-15,1.0948300875435024,1.0966333438095441,1.1407528741476676,1.1493614362619629,1.116450546702088,0.9988797215673941
2018-03-16,1.0948300875435024,1.0966333438095441,1.1407528741476676,1.1493614362619629,1.1163035351034272,0.9990331079714954
2018-03-19,1.0948300875435024,1.0966333438095441,1.1407528741476676,1.1493614362619629,1.1160630531673459,0.9992840178300562
2018-03-20,1.0948300875435024,1.0966333438095441,1.1407528741476676,1.1493614362619629,1.1142653372602642,1.0011596873765043
2018-03-21,1.0948300875435024,1.0966333438095441,1.1407528741476676,1.1493614362619629,1.113580190612184,1.0018745437659884
2018-03-22,1.0948300875435024,1.0966333438095441,1.1407528741476676,1.1493614362619629,1.112587408581721,1.0029103754084994
2018-03-23,1.0948300875435024,1.0966333438095441,1.1407528741476676,1.1493614362619629,1.1100065382941184,1.0056031589471661
2018-03-26,1.0948300875435024,1.0966333438095441,1.1407528741476676,1.1493614362619629,1.1101000086315387,1.0055056354927066
2018-03-27,1.0948300875435024,1.0966333438095441,1.1407528741476676,1.1493614362619629,1.1108386965408594,1.0047349161535806
2018-03-28,1.0948300875435024,1.0966333438095441,1.1407528741476676,1.1493614362619629,1.110913109819194,1.004657276121875
2018-03-29,1.0948300875435024,1.0966333438095441,1.1407528741476676,1.1493614362619629,1.111663594955568,1.0038742479972345
2018-03-30,1.0948300875435024,1.0966333438095441,1.1407528741476676,1.1493614362619629,1.1110637513338713,1.0045001023991538
2018-04-02,1.0948300875435024,1.0966333438095441,1.1407528741476676,1.1493614362619629,1.1107688206575452,1.0048078220370114
2018-04-03,1.0948300875435024,1.0966333438095441,1.1407528741476676,1.1493614362619629,1.1118523505884164,1.0036773074290057
2018-04-04,1.0948300875435024,1.0966333438095441,1.1407528741476676,1.1493614362619629,1.110661738135064,1.004919547936295
2018-04-08,1.0948300875435024,1.0966333438095441,1.1407528741476676,1.1493614362619629,1.1098867510655799,1.0057281404616187
2018-04-09,1.0948300875435024,1.0966333438095441,1.1407528741476676,1.1493614362619629,1.1084574716341544,1.007219397168159
2018-04-10,1.0948300875435024,1.0966333438095441,1.1407528741476676,1.1493614362619629,1.1094929051778095,1.0061390645318653
2018-04-11,1.0948300875435024,1.0966333438095441,1.1407528741476676,1.1493614362619629,1.108566369114644,1.0071057776095653
2018-04-12,1.0948300875435024,1.0966333438095441,1.1407528741476676,1.1493614362619629,1.1081924877649632,1.0074958714274034
2018-04-13,1.0948300875435024,1.0966333438095441,1.1407528741476676,1.1493614362619629,1.107618961034385,1.008094267769329
2018-04-16,1.0948300875435024,1.0966333438095441,1.1407528741476676,1.1493614362619629,1.1042558438452659,1.011603218470559
2018-04-17,1.0948300875435024,1.0966333438095441,1.1407528741476676,1.1493614362619629,1.1037413032499526,1.0121400708849135
2018-04-18,1.0948300875435024,1.0966333438095441,1.1407528741476676,1.1493614362619629,1.0942844645484386,1.022006982719106
2018-04-19,1.0948300875435024,1.0966333438095441,1.1407528741476676,1.1493614362619629,1.0943516179947403,1.0219369173246402
2018-04-20,1.0948300875435024,1.0966333438095441,1.1407528741476676,1.1493614362619629,1.0948897530441597,1.0213754473392573
2018-04-23,1.0948300875435024,1.0964140609973447,1.1407528741476676,1.1493614362619629,1.0981312680467323,1.01799337181179
2018-04-24,1.0948300875435024,1.0957634488364418,1.1405247691938287,1.1491316099399749,1.0975522964421294,1.0185974491316454
2018-04-25,1.0948300875435024,1.097915159901497,1.142761720055421,1.1513854416973992,1.0994670771407375,1.0165996385597094
2018-04-26,1.0948300875435024,1.099829264957946,1.1447516521725811,1.1533903906114678,1.1011704152313948,1.0148224392973757
2018-04-27,1.0948300875435024,1.100557379507922,1.1455086109001529,1.1541530616421791,1.1018183552403078,1.0141464029237441
2018-04-28,1.0946111653104404,1.1001025628562562,1.1450357767369919,1.153676659289662,1.1014136196044881,1.0145686889498502
2018-05-02,1.0977870958264817,1.1032730224303111,1.1483318337174135,1.156997589590056,1.1042349718281719,1.0116249955526229
2018-05-03,1.0964601309695061,1.101948343438128,1.1469546777130495,1.1556100410341823,1.1030561566018724,1.0128549272743976
2018-05-04,1.0946407896221053,1.1001321361362975,1.1450665215592601,1.1537076361242427,1.1014399364956067,1.0145412308898567
2018-05-07,1.0954426890930258,1.10093265423396,1.1458987520930752,1.1545461469913412,1.102152307513809,1.0137979696107242
2018-05-08,1.0979556479445733,1.103441284196062,1.1485067611544575,1.1571738370971532,1.1043847058638452,1.0114687686595567
2018-05-09,1.098833140486638,1.104317265146243,1.1494174439933709,1.158091392300768,1.1051642303283495,1.0106554419859581
2018-05-10,1.0979372604407815,1.103422928367071,1.1484876781613254,1.157154610096379,1.1043683712417716,1.0114858115933458
2018-05-11,1.097017885251191,1.1025051369175214,1.1475335285047221,1.1561932600576672,1.1035516401380998,1.0123379582827972
2018-05-14,1.0973457957354782,1.1028324825345275,1.1478738418822438,1.1565361415714743,1.1038429408984096,1.0120340259635596
2018-05-15,1.098261084813115,1.1037461949109677,1.1488237508737067,1.1574932189433476,1.1046560420860647,1.0111856665927277
2018-05-16,1.0984388306831026,1.103923634591214,1.1490082198073166,1.1576790799508316,1.1048139434327746,1.0110209182327674
2018-05-17,1.0982059223017395,1.1036911274239947,1.1487665018943105,1.1574355379410246,1.1046070382198445,1.011236795394095
2018-05-18,1.0981456521504218,1.1036309610956354,1.1487039520834887,1.1573725161051536,1.1045534969586037,1.0112926583437367
2018-05-21,1.097300848503987,1.102787612730327,1.1478271945656988,1.1564891422362484,1.10380301182223,1.012075686468377
2018-05-22,1.0960249600464331,1.101513922152008,1.1465030468755906,1.1551550020158585,1.1026695705461345,1.0132582767074048
2018-05-23,1.094812406324162,1.10030345720688,1.145017468513381,1.1538870881314687,1.1015923929682918,1.0143821635078258
2018-05-24,1.0946213805903249,1.100112760539029,1.145017468513381,1.1534584257809741,1.1014226943945291,1.0145592206533005
2018-05-25,1.092087215022043,1.0975829603914444,1.145017468513381,1.1534584257809741,1.0993663469712844,1.0167047366514084
2018-05-28,1.092087215022043,1.0975829603914444,1.145017468513381,1.1534584257809741,1.0986395679089342,1.0172595788292067
2018-05-29,1.092087215022043,1.0975829603914444,1.145017468513381,1.1534584257809741,1.0986395679089342,1.0173618364319408
2018-05-30,1.092087215022043,1.0975829603914444,1.145017468513381,1.1534584257809741,1.0986395679089342,1.0180018932786845
2018-05-31,1.092087215022043,1.0975829603914444,1.145017468513381,1.1534584257809741,1.0986395679089342,1.0172491637030023
2018-06-01,1.092087215022043,1.0975829603914444,1.145017468513381,1.1534584257809741,1.0986395679089342,1.0168723255003338
2018-06-04,1.092087215022043,1.0975829603914444,1.145017468513381,1.1534584257809741,1.0986395679089342,1.014709766568437
2018-06-05,1.092087215022043,1.0975829603914444,1.145017468513381,1.1534584257809741,1.0986395679089342,1.0143035766464652
2018-06-06,1.092087215022043,1.0975829603914444,1.145017468513381,1.1534584257809741,1.0986395679089342,1.0142458200375133
2018-06-07,1.092087215022043,1.0975829603914444,1.145017468513381,1.1534584257809741,1.0986395679089342,1.0136862437114402
2018-06-08,1.092087215022043,1.0975829603914444,1.145017468513381,1.1534584257809741,1.0986395679089342,1.0151576169952266
2018-06-11,1.092087215022043,1.0975829603914444,1.145017468513381,1.1534584257809741,1.0986395679089342,1.0141795419616673
2018-06-12,1.092087215022043,1.0975829603914444,1.145017468513381,1.1534584257809741,1.0986395679089342,1.0124837700496587
2018-06-13,1.092087215022043,1.0975829603914444,1.145017468513381,1.1534584257809741,1.0986395679089342,1.013463738742528
2018-06-14,1.092087215022043,1.0975829603914444,1.145017468513381,1.1534584257809741,1.0986395679089342,1.0154766985889434
2018-06-15,1.092087215022043,1.0975829603914444,1.145017468513381,1.1534584257809741,1.0986395679089342,1.0174612535457104
2018-06-19,1.092087215022043,1.0975829603914444,1.145017468513381,1.1534584257809741,1.0986395679089342,1.0199031272258159
2018-06-20,1.092087215022043,1.0975829603914444,1.145017468513381,1.1534584257809741,1.0986395679089342,1.018043553783502
2018-06-21,1.092087215022043,1.0975829603914444,1.145017468513381,1.1534584257809741,1.0986395679089342,1.0195319700010772
2018-06-22,1.092087215022043,1.0975829603914444,1.145017468513381,1.1534584257809741,1.0986395679089342,1.0201417282988625
2018-06-25,1.092087215022043,1.0975829603914444,1.145017468513381,1.1534584257809741,1.0986395679089342,1.0195556407424509
2018-06-26,1.092087215022043,1.0975829603914444,1.145017468513381,1.1534584257809741,1.0986395679089342,1.019640855411396
2018-06-27,1.092087215022043,1.0975829603914444,1.145017468513381,1.153227780224929,1.0986395679089342,1.0208726807924808
2018-06-28,1.092087215022043,1.0975829603914444,1.145017468513381,1.15107256614411,1.0986395679089342,1.0227805425471972
2018-06-29,1.092087215022043,1.0975829603914444,1.145017468513381,1.1471578844886272,1.0986395679089342,1.0262459390842997
2018-07-02,1.092087215022043,1.0975829603914444,1.145017468513381,1.1468338001876404,1.0986395679089342,1.0265328284697484
2018-07-03,1.092087215022043,1.0975829603914444,1.145017468513381,1.1481397636579531,1.0986395679089342,1.0253767494610593
2018-07-04,1.092087215022043,1.0975829603914444,1.145017468513381,1.1488521073690328,1.0986395679089342,1.0247461609108652
2018-07-05,1.092087215022043,1.0975829603914444,1.145017468513381,1.1487034350329366,1.0986395679089342,1.0248777702329026
2018-07-06,1.092087215022043,1.0975829603914444,1.145017468513381,1.1495826340276927,1.0986395679089342,1.024099476256537
2018-07-09,1.092087215022043,1.0975829603914444,1.145017468513381,1.1512993181962856,1.0986395679089342,1.0225798146603486
2018-07-10,1.092087215022043,1.0975829603914444,1.145017468513381,1.1515774103357461,1.0986395679089342,1.0223336389500626
2018-07-11,1.092087215022043,1.0975829603914444,1.145017468513381,1.1491708437442607,1.0986395679089342,1.0244640056736911
2018-07-12,1.092087215022043,1.0975829603914444,1.145017468513381,1.149712053831057,1.0986395679089342,1.0239849098682885
2018-07-13,1.092087215022043,1.0975829603914444,1.145017468513381,1.147649209123945,1.0986395679089342,1.025605882237556
2018-07-16,1.092087215022043,1.0975829603914444,1.145017468513381,1.147649209123945,1.0986395679089342,1.0263302069235898
2018-07-17,1.092087215022043,1.0975829603914444,1.145017468513381,1.147649209123945,1.0986395679089342,1.0265763826338759
2018-07-18,1.092087215022043,1.0975829603914444,1.145017468513381,1.147649209123945,1.0986395679089342,1.0273319526985227
2018-07-19,1.092087215022043,1.0975829603914444,1.145017468513381,1.147649209123945,1.0986395679089342,1.0287076961871593
2018-07-20,1.092087215022043,1.0975829603914444,1.145017468513381,1.147649209123945,1.0986395679089342,1.0250444122521731
2018-07-23,1.092087215022043,1.0975829603914444,1.145017468513381,1.147649209123945,1.0986395679089342,1.0247423735922454
2018-07-24,1.092087215022043,1.0975829603914444,1.145017468513381,1.147649209123945,1.0986395679089342,1.0221707842494119
2018-07-25,1.092087215022043,1.0975829603914444,1.145017468513381,1.147649209123945,1.0986395679089342,1.021802467513638
2018-07-26,1.092087215022043,1.0975829603914444,1.145017468513381,1.147649209123945,1.0986395679089342,1.023324969598791
2018-07-27,1.092087215022043,1.0975829603914444,1.145017468513381,1.147649209123945,1.0986395679089342,1.0243068319509703
2018-07-30,1.092087215022043,1.0975829603914444,1.145017468513381,1.147649209123945,1.0986395679089342,1.0241430304206645
2018-07-31,1.092087215022043,1.0975829603914444,1.145017468513381,1.147649209123945,1.0986395679089342,1.0267108324448782
2018-08-01,1.092087215022043,1.0975829603914444,1.145017468513381,1.147649209123945,1.0986395679089342,1.0272827175564656
2018-08-02,1.092087215022043,1.0975829603914444,1.145017468513381,1.147649209123945,1.0986395679089342,1.0275762347494988
2018-08-03,1.092087215022043,1.0975829603914444,1.145017468513381,1.147649209123945,1.0986395679089342,1.0289860641057136
2018-08-06,1.092087215022043,1.0975829603914444,1.145017468513381,1.147649209123945,1.0986395679089342,1.0288099537898934
2018-08-07,1.092087215022043,1.0975829603914444,1.145017468513381,1.147649209123945,1.0986395679089342,1.0276775455225782
2018-08-08,1.092087215022043,1.0975829603914444,1.145017468513381,1.147649209123945,1.0986395679089342,1.025115424476294
2018-08-09,1.092087215022043,1.0975829603914444,1.145017468513381,1.147649209123945,1.0986395679089342,1.0235096013815057
2018-08-10,1.092087215022043,1.0975829603914444,1.145017468513381,1.147649209123945,1.0986395679089342,1.0227786488878872
2018-08-13,1.092087215022043,1.0975829603914444,1.145017468513381,1.147649209123945,1.0986395679089342,1.0207344436628587
2018-08-14,1.092087215022043,1.0975829603914444,1.145017468513381,1.147649209123945,1.0986395679089342,1.0221376452114888
2018-08-15,1.092087215022043,1.0975829603914444,1.145017468513381,1.147649209123945,1.0986395679089342,1.020991981329004
2018-08-16,1.092087215022043,1.0975829603914444,1.145017468513381,1.147649209123945,1.0986395679089342,1.0193028372245805
2018-08-17,1.092087215022043,1.0975829603914444,1.145017468513381,1.147649209123945,1.0986395679089342,1.017341006179532
2018-08-20,1.092087215022043,1.0975829603914444,1.145017468513381,1.147649209123945,1.0986395679089342,1.0170882026616614
2018-08-21,1.092087215022043,1.0975829603914444,1.145017468513381,1.147649209123945,1.0986395679089342,1.0166270966197029
2018-08-22,1.092087215022043,1.0975829603914444,1.145017468513381,1.147649209123945,1.0986395679089342,1.0181013103924537
2018-08-23,1.092087215022043,1.0975829603914444,1.145017468513381,1.147649209123945,1.0986395679089342,1.01834559244343
2018-08-24,1.092087215022043,1.0975829603914444,1.145017468513381,1.147649209123945,1.0986395679089342,1.0179261469062888
2018-08-27,1.092087215022043,1.0975829603914444,1.145017468513381,1.147649209123945,1.0986395679089342,1.0173116544602288
2018-08-28,1.092087215022043,1.0975829603914444,1.145017468513381,1.147649209123945,1.0986395679089342,1.0176496726470445
2018-08-29,1.092087215022043,1.0975829603914444,1.145017468513381,1.147649209123945,1.0986395679089342,1.0176136931201565
2018-08-30,1.092087215022043,1.0975829603914444,1.145017468513381,1.147649209123945,1.0986395679089342,1.0196351744334664
2018-08-31,1.092087215022043,1.0975829603914444,1.145017468513381,1.147649209123945,1.0986395679089342,1.0195632153796903
2018-09-03,1.092087215022043,1.0975829603914444,1.145017468513381,1.147649209123945,1.0986395679089342,1.0185245432482146
2018-09-04,1.092087215022043,1.0975829603914444,1.145017468513381,1.147649209123945,1.0986395679089342,1.01746504086433
2018-09-05,1.092087215022043,1.0975829603914444,1.145017468513381,1.147649209123945,1.0986395679089342,1.0172444295547276
2018-09-06,1.092087215022043,1.0975829603914444,1.145017468513381,1.147649209123945,1.0986395679089342,1.0169442845541097
2018-09-07,1.092087215022043,1.0975829603914444,1.145017468513381,1.147649209123945,1.0986395679089342,1.0163667184645926
2018-09-10,1.092087215022043,1.0975829603914444,1.145017468513381,1.147649209123945,1.0986395679089342,1.014567742120195
2018-09-11,1.092087215022043,1.0975829603914444,1.145017468513381,1.147649209123945,1.0986395679089342,1.0133292889315257
2018-09-12,1.092087215022043,1.0975829603914444,1.145017468513381,1.147649209123945,1.0986395679089342,1.0139617711410296
2018-09-13,1.092087215022043,1.0975829603914444,1.145017468513381,1.147649209123945,1.0986395679089342,1.014450335242982
2018-09-14,1.092087215022043,1.0975829603914444,1.145017468513381,1.147649209123945,1.0986395679089342,1.0152087457965937
2018-09-17,1.092087215022043,1.0975829603914444,1.145017468513381,1.147649209123945,1.0986395679089342,1.015430303935851
2018-09-18,1.092087215022043,1.0975829603914444,1.145017468513381,1.147649209123945,1.0986395679089342,1.0151216374683385
2018-09-19,1.092087215022043,1.0975829603914444,1.145017468513381,1.147649209123945,1.0986395679089342,1.0133984074963367
2018-09-20,1.092087215022043,1.0975829603914444,1.145017468513381,1.147649209123945,1.0986395679089342,1.0119649073987484
2018-09-21,1.092087215022043,1.0975829603914444,1.145017468513381,1.147649209123945,1.0986395679089342,1.0131730620384596
2018-09-25,1.092087215022043,1.0975829603914444,1.145017468513381,1.147649209123945,1.0986395679089342,1.0134381743418444
2018-09-26,1.092087215022043,1.0975829603914444,1.145017468513381,1.147649209123945,1.0986395679089342,1.0145828913946744
2018-09-27,1.092087215022043,1.0975829603914444,1.145017468513381,1.147649209123945,1.0986395679089342,1.0164614014300872
2018-09-28,1.092087215022043,1.0975829603914444,1.145017468513381,1.147649209123945,1.0986395679089342,1.0168221435286218
2018-09-29,1.092087215022043,1.0975829603914444,1.145017468513381,1.147649209123945,1.0986395679089342,1.0171459592706134
2018-09-30,1.092087215022043,1.0975829603914444,1.145017468513381,1.147649209123945,1.0986395679089342,1.0170512763051185
2018-10-08,1.092087215022043,1.0975829603914444,1.145017468513381,1.147649209123945,1.0986395679089342,1.0169783704216877
2018-10-09,1.092087215022043,1.0975829603914444,1.145017468513381,1.147649209123945,1.0986395679089342,1.0169253479610108
2018-10-10,1.092087215022043,1.0975829603914444,1.145017468513381,1.147649209123945,1.0986395679089342,1.0172955583560945
2018-10-11,1.092087215022043,1.0975829603914444,1.145017468513381,1.147649209123945,1.0986395679089342,1.0200290555699238
2018-10-12,1.092087215022043,1.0975829603914444,1.145017468513381,1.147649209123945,1.0986395679089342,1.0197847735189478
2018-10-15,1.092087215022043,1.0975829603914444,1.145017468513381,1.147649209123945,1.0986395679089342,1.0198264340237655
2018-10-16,1.0918688412537925,1.0975829603914444,1.145017468513381,1.147649209123945,1.0986395679089342,1.0204002127946628
2018-10-17,1.0921170618807443,1.0975829603914444,1.145017468513381,1.147649209123945,1.0986395679089342,1.0201682395292009
2018-10-18,1.089677407718704,1.0975829603914444,1.145017468513381,1.147649209123945,1.0986395679089342,1.0224482053383113
2018-10-19,1.0904018066912367,1.0975829603914444,1.145017468513381,1.147649209123945,1.0986395679089342,1.0217712221350246
2018-10-22,1.0916814093518086,1.0975829603914444,1.145017468513381,1.147649209123945,1.0986395679089342,1.0205753762808278
2018-10-23,1.0908536695468305,1.0975829603914444,1.145017468513381,1.147649209123945,1.0986395679089342,1.0213489361089187
2018-10-24,1.089114098867336,1.0975829603914444,1.145017468513381,1.147649209123945,1.0986395679089342,1.0229746426264612
2018-10-25,1.088747340226697,1.0975829603914444,1.145017468513381,1.147649209123945,1.0986395679089342,1.0233173949615515
2018-10-26,1.0883633581139838,1.0975829603914444,1.145017468513381,1.147649209123945,1.0986395679089342,1.0236762434007762
2018-10-29,1.085981453240663,1.0975829603914444,1.145017468513381,1.147649209123945,1.0986395679089342,1.025902239919554
2018-10-30,1.0862357527401116,1.0975829603914444,1.145017468513381,1.147649209123945,1.0986395679089342,1.0256645856761626
2018-10-31,1.0856605671902884,1.0975829603914444,1.145017468513381,1.147649209123945,1.0986395679089342,1.0259969228850487
2018-11-01,1.0856605671902884,1.0975829603914444,1.145017468513381,1.147649209123945,1.0986395679089342,1.0267524929496958
2018-11-02,1.0856605671902884,1.0975829603914444,1.145017468513381,1.147649209123945,1.0986395679089342,1.0239148444738226
2018-11-05,1.0856605671902884,1.0975829603914444,1.145017468513381,1.147649209123945,1.0986395679089342,1.0247916087343023
2018-11-06,1.0856605671902884,1.0975829603914444,1.145017468513381,1.147649209123945,1.0986395679089342,1.0263529308353085
2018-11-07,1.0856605671902884,1.0975829603914444,1.145017468513381,1.147649209123945,1.0986395679089342,1.028009882731464
2018-11-08,1.0856605671902884,1.0975829603914444,1.145017468513381,1.147649209123945,1.0986395679089342,1.0280439685990421
2018-11-09,1.0856605671902884,1.0975829603914444,1.145017468513381,1.147649209123945,1.0986395679089342,1.0282702608865741
2018-11-12,1.0856605671902884,1.0975829603914444,1.145017468513381,1.147649209123945,1.0986395679089342,1.0281727374321148
2018-11-13,1.0856605671902884,1.0975829603914444,1.145017468513381,1.147649209123945,1.0986395679089342,1.028573246376157
2018-11-14,1.0856605671902884,1.0975829603914444,1.145017468513381,1.147649209123945,1.0986395679089342,1.0324959616365985
2018-11-15,1.0856605671902884,1.0975829603914444,1.145017468513381,1.147649209123945,1.0986395679089342,1.0337372553142328
2018-11-16,1.0856605671902884,1.0975829603914444,1.145017468513381,1.147649209123945,1.0986395679089342,1.036554073537697
2018-11-19,1.0856605671902884,1.0975829603914444,1.145017468513381,1.147649209123945,1.0986395679089342,1.0359831352557647
2018-11-20,1.0856605671902884,1.0975829603914444,1.145017468513381,1.147649209123945,1.0986395679089342,1.0351849578566454
2018-11-21,1.0856605671902884,1.0975829603914444,1.145017468513381,1.147649209123945,1.0986395679089342,1.0355352848289754
2018-11-22,1.0856605671902884,1.0975829603914444,1.145017468513381,1.147649209123945,1.0986395679089342,1.034924579701535
2018-11-23,1.0856605671902884,1.0975829603914444,1.145017468513381,1.147649209123945,1.0986395679089342,1.0348649294332735
2018-11-26,1.0856605671902884,1.0975829603914444,1.145017468513381,1.147649209123945,1.0986395679089342,1.0339152592893623
2018-11-27,1.0856605671902884,1.0975829603914444,1.145017468513381,1.147649209123945,1.0986395679089342,1.0343365984858135
2018-11-28,1.0856605671902884,1.0975829603914444,1.145017468513381,1.147649209123945,1.0986395679089342,1.0353203544973024
2018-11-29,1.0856605671902884,1.0975829603914444,1.145017468513381,1.147649209123945,1.0986395679089342,1.036507678884605
2018-11-30,1.0856605671902884,1.0975829603914444,1.145017468513381,1.147649209123945,1.0986395679089342,1.035819333725459
2018-12-03,1.0856605671902884,1.0975829603914444,1.145017468513381,1.147649209123945,1.0986395679089342,1.0356668941510128
2018-12-04,1.0856605671902884,1.0975829603914444,1.145017468513381,1.147649209123945,1.0986395679089342,1.0391625892370737
2018-12-05,1.0856605671902884,1.0975829603914444,1.145017468513381,1.147649209123945,1.0986395679089342,1.0402836355485297
2018-12-06,1.0856605671902884,1.0975829603914444,1.145017468513381,1.147649209123945,1.0986395679089342,1.0416016224282145
2018-12-07,1.0856605671902884,1.0975829603914444,1.145017468513381,1.147649209123945,1.0986395679089342,1.0418335956936764
2018-12-10,1.0854434784945894,1.0975829603914444,1.145017468513381,1.147649209123945,1.0986395679089342,1.0432992879995329
2018-12-11,1.0854326426482064,1.0973634876939056,1.145017468513381,1.147649209123945,1.0986395679089342,1.0433097031257372
2018-12-12,1.0853154184918812,1.0972449774007245,1.145017468513381,1.147649209123945,1.0986395679089342,1.043422375854676
2018-12-13,1.088560261945122,1.1005254219867604,1.145017468513381,1.147649209123945,1.0986395679089342,1.0403035189712835
2018-12-14,1.0889730091846204,1.1009426977249357,1.145017468513381,1.147649209123945,1.0986395679089342,1.0399067973458611
2018-12-17,1.0929054363447106,1.1049182699129911,1.145017468513381,1.147649209123945,1.0986395679089342,1.0361270533633167
2018-12-18,1.092417823257475,1.1044253069287508,1.145017468513381,1.147649209123945,1.0986395679089342,1.036595734042515
2018-12-19,1.0911007753834667,1.1030938089288935,1.145017468513381,1.147649209123945,1.0986395679089342,1.0378616452911777
2018-12-20,1.0891621439578512,1.101133907609732,1.145017468513381,1.147649209123945,1.0986395679089342,1.0397250060521115
2018-12-21,1.0884184108651989,1.100382014573163,1.145017468513381,1.147649209123945,1.0986395679089342,1.0404398624415958
2018-12-24,1.0892173082667103,1.101189677159464,1.145017468513381,1.1474197251789091,1.0986395679089342,1.0396719835914345
2018-12-25,1.0887434862566894,1.1007106565626568,1.145017468513381,1.1469171015533282,1.0986395679089342,1.0401274086554635
2018-12-26,1.087823424391077,1.0997805001439083,1.1447885108112188,1.145941113057917,1.0986395679089342,1.0410117475531833
2018-12-27,1.0855084935728876,1.0974401708247874,1.142341649547569,1.1434854674859511,1.0986395679089342,1.0432367972423064
2018-12-28,1.0821641573483118,1.0940591418722703,1.1388067159347641,1.1399378433511325,1.0986395679089342,1.0464512839208484
2018-12-29,1.0817395891854864,1.0936299155162952,1.1383579511668351,1.1394874675036784,1.0986395679089342,1.04685936750213
2018-12-30,1.0817701265707476,1.0936607879456113,1.1383902289111643,1.1395198611261173,1.0986395679089342,1.0468300157828265
2018-12-31,1.0817652011860281,1.0936558085215282,1.1383850228233692,1.1395146363483044,1.0986395679089342,1.0468347499311013
2019-01-02,1.0772752204756846,1.0891165655272503,1.1336391531894476,1.1347517288942535,1.0984198839321477,1.0511503994983455
2019-01-03,1.0765364127677517,1.0883696519147648,1.1328582400201976,1.1339680122223494,1.0976778279997719,1.0518605217395551
2019-01-04,1.0762751758786577,1.088326828867649,1.1328134676651607,1.1339230791331603,1.097635283459649,1.0519012354147177
2019-01-07,1.0762751758786577,1.0892749112130973,1.1338047067813286,1.1349178768286972,1.0985771997898115,1.050999853583209
2019-01-08,1.0762751758786577,1.0863460139673378,1.1307424859403097,1.131844662519271,1.0956673511269883,1.0537844795984053
2019-01-09,1.0762751758786577,1.0863514449255967,1.1309798835437617,1.1320829123875298,1.0958929361304304,1.0535686024370776
2019-01-10,1.0762751758786577,1.0863514449255967,1.1313318150787035,1.1324361073676679,1.0962273560039544,1.053248574013706
2019-01-11,1.0762751758786577,1.0863514449255967,1.1309632240628176,1.1320661930985292,1.095877105603873,1.053583751711557
2019-01-14,1.0762751758786577,1.0863514449255967,1.1322915571554684,1.133631536531212,1.097359238652805,1.0521654008884476
2019-01-15,1.0762751758786577,1.0863514449255967,1.1322915571554684,1.1337663357987795,1.0974868722731739,1.0520432598629597
2019-01-16,1.0762751758786577,1.0863514449255967,1.1322915571554684,1.1302354309529614,1.094143662945843,1.0552425972670225
2019-01-17,1.0762751758786577,1.0863514449255967,1.1322915571554684,1.1292469029907999,1.0932076830631396,1.0561382981206013
2019-01-18,1.0762751758786577,1.0863514449255967,1.1322915571554684,1.1296732448603157,1.093611361490352,1.0557519916213833
2019-01-21,1.0762751758786577,1.0863514449255967,1.1322915571554684,1.1307537289119807,1.094634409269121,1.054772969758169
2019-01-22,1.0762751758786577,1.0863514449255967,1.1322915571554684,1.1306137048666005,1.0945018286092032,1.0548998449319318
2019-01-23,1.0762751758786577,1.0863514449255967,1.1322915571554684,1.1310734853141176,1.0949371680895303,1.0544832398837556
2019-01-24,1.0762751758786577,1.0863514449255967,1.1322915571554684,1.1319475613834253,1.095984951066045,1.0534805472791675
2019-01-25,1.0762751758786577,1.0863514449255967,1.1322915571554684,1.1319475613834253,1.0958019106027257,1.0536557107653326
2019-01-28,1.0762751758786577,1.0863514449255967,1.1322915571554684,1.1319475613834253,1.0965083478503475,1.0529796743917013
2019-01-29,1.0762751758786577,1.0863514449255967,1.1322915571554684,1.1319475613834253,1.0960433261327254,1.0534246843295259
2019-01-30,1.0762751758786577,1.0863514449255967,1.1322915571554684,1.1319475613834253,1.0944040721394879,1.0547824380547184
2019-01-31,1.0762751758786577,1.0863514449255967,1.1322915571554684,1.1319475613834253,1.0944040721394879,1.0553600041442357
2019-02-01,1.0762751758786577,1.0863514449255967,1.1322915571554684,1.1319475613834253,1.0944040721394879,1.0553571636552708
2019-02-02,1.0762751758786577,1.0863514449255967,1.1322915571554684,1.1319475613834253,1.0944040721394879,1.055581562283493
2019-02-03,1.0762751758786577,1.0863514449255967,1.1322915571554684,1.1319475613834253,1.0944040721394879,1.0559688156123659
2019-02-11,1.0762751758786577,1.0863514449255967,1.1322915571554684,1.1319475613834253,1.0944040721394879,1.0571116390058857
2019-02-12,1.0762751758786577,1.0863514449255967,1.1322915571554684,1.1319475613834253,1.0944040721394879,1.0570245306776307
2019-02-13,1.0762751758786577,1.0863514449255967,1.1322915571554684,1.1319475613834253,1.0944040721394879,1.0567471095887313
2019-02-14,1.0762751758786577,1.0863514449255967,1.1322915571554684,1.1319475613834253,1.0944040721394879,1.056268013783329
2019-02-15,1.0762751758786577,1.0863514449255967,1.1322915571554684,1.1319475613834253,1.0944040721394879,1.0563787928529575
2019-02-18,1.0762751758786577,1.0863514449255967,1.1322915571554684,1.1319475613834253,1.0944040721394879,1.054156583652799
2019-02-19,1.0762751758786577,1.0863514449255967,1.1322915571554684,1.1319475613834253,1.0944040721394879,1.053824246443913
2019-02-20,1.0762751758786577,1.0863514449255967,1.1322915571554684,1.1319475613834253,1.0944040721394879,1.0542531602776037
2019-02-21,1.0762751758786577,1.0863514449255967,1.1322915571554684,1.1319475613834253,1.0944040721394879,1.0534625575157237
2019-02-22,1.0762751758786577,1.0863514449255967,1.1322915571554684,1.1319475613834253,1.0944040721394879,1.0526378688862656
2019-02-25,1.0762751758786577,1.0863514449255967,1.1322915571554684,1.1319475613834253,1.0944040721394879,1.04993182973243
2019-02-26,1.0762751758786577,1.0863514449255967,1.1322915571554684,1.1319475613834253,1.0944040721394879,1.0483174851707469
2019-02-27,1.0762751758786577,1.0863514449255967,1.1322915571554684,1.1319475613834253,1.0944040721394879,1.0500047356158608
2019-02-28,1.0762751758786577,1.0863514449255967,1.1322915571554684,1.1319475613834253,1.0944040721394879,1.0496042266718186
2019-03-01,1.0762751758786577,1.0863514449255967,1.1322915571554684,1.1319475613834253,1.0944040721394879,1.0481044484983841
2019-03-04,1.0762751758786577,1.0863514449255967,1.1322915571554684,1.1319475613834253,1.0944040721394879,1.0473081647585742
2019-03-05,1.0762751758786577,1.0863514449255967,1.1322915571554684,1.1319475613834253,1.0944040721394879,1.0466804166973451
2019-03-06,1.0762751758786577,1.0863514449255967,1.1322915571554684,1.1319475613834253,1.0944040721394879,1.046986242675893
2019-03-07,1.0762751758786577,1.0863514449255967,1.1322915571554684,1.1319475613834253,1.0944040721394879,1.0496108544794034
2019-03-08,1.0762751758786577,1.0863514449255967,1.1322915571554684,1.1319475613834253,1.0944040721394879,1.050353168928881
2019-03-11,1.0762751758786577,1.0863514449255967,1.1322915571554684,1.1319475613834253,1.0944040721394879,1.0502689010895907
2019-03-12,1.0762751758786577,1.0863514449255967,1.1322915571554684,1.1319475613834253,1.0944040721394879,1.0500028419565508
2019-03-13,1.0762751758786577,1.0863514449255967,1.1322915571554684,1.1319475613834253,1.0944040721394879,1.050087109795841
2019-03-14,1.0762751758786577,1.0863514449255967,1.1322915571554684,1.1319475613834253,1.0944040721394879,1.0499630751110431
2019-03-15,1.0762751758786577,1.0863514449255967,1.1322915571554684,1.1319475613834253,1.0944040721394879,1.0498314657890055
2019-03-18,1.0762751758786577,1.0863514449255967,1.1322915571554684,1.1319475613834253,1.0944040721394879,1.0501335044489335
2019-03-19,1.0762751758786577,1.0861342180819802,1.1322915571554684,1.1319475613834253,1.0944040721394879,1.0500937376034256
2019-03-20,1.0760599638858805,1.0863839462088862,1.1322915571554684,1.1319475613834253,1.0944040721394879,1.0498522960414145
2019-03-21,1.0753447307766462,1.0856621829558282,1.1322915571554684,1.1319475613834253,1.0944040721394879,1.0505501094971097
2019-03-22,1.07409865301239,1.0844047283874068,1.1322915571554684,1.1319475613834253,1.0944040721394879,1.0517658387740603
2019-03-25,1.0729816471660825,1.0832775241753716,1.1322915571554684,1.1319475613834253,1.0944040721394879,1.052855639706903
2019-03-26,1.0715608856030985,1.0818437909291339,1.1322915571554684,1.1319475613834253,1.0944040721394879,1.0542417983217443
2019-03-27,1.0719762448578507,1.082262942451941,1.1322915571554684,1.1319475613834253,1.0944040721394879,1.0538365552294273
2019-03-28,1.071520126050062,1.0818026592376433,1.1322915571554684,1.1317212171399973,1.0944040721394879,1.0542815651672521
2019-03-29,1.071597763293941,1.0818810053166728,1.1322915571554684,1.131802527275348,1.0944040721394879,1.0542058187948564
2019-04-01,1.0758998370703803,1.0862223574208882,1.1320651441266432,1.1363081251504732,1.0944040721394879,1.0500085229344804
2019-04-02,1.0782425409044258,1.0885864503555995,1.1345294108472233,1.138761658484683,1.0944040721394879,1.0477228761474409
2019-04-03,1.0827920833957292,1.093177530586721,1.1393150290684655,1.1435264324162389,1.0944040721394879,1.0432841387250535
2019-04-04,1.08431086197911,1.0947101757577333,1.1409126170625448,1.1451170619390383,1.0944040721394879,1.0418023503150633
2019-04-08,1.083077400266984,1.093465452427154,1.1396151510302925,1.1438252471636527,1.0944040721394879,1.0430057708064997
2019-04-09,1.0855753785887876,1.0959862375199243,1.1422427494307783,1.1464414007685642,1.0944040721394879,1.0405686312746685
2019-04-10,1.0856006106930483,1.0960116999956089,1.142269290828763,1.1464678265625532,1.0944040721394879,1.0405440137036397
2019-04-11,1.084571917211653,1.0949736144484696,1.1411872184493868,1.1453904672691555,1.0944040721394879,1.0415476531378827
2019-04-12,1.087263018177605,1.0976892854128255,1.1440179606267553,1.148208879835752,1.0944040721394879,1.0389220945047173
2019-04-15,1.090232642755973,1.1006860229356992,1.1471416790049553,1.1513189925129192,1.0944040721394879,1.0360247957605824
2019-04-16,1.0922007468883028,1.1026720960390939,1.1492119080477623,1.1533802044440615,1.0944040721394879,1.0341046252203518
2019-04-17,1.0920347972795117,1.1025046312951685,1.149037347314863,1.1532064040297492,1.0944040721394879,1.0342665330913476
2019-04-18,1.0902937820855274,1.1007477204729348,1.1472059908539183,1.151383024244508,1.0944040721394879,1.0359651454923207
2019-04-19,1.0909566100551435,1.101416600122648,1.1479032129625164,1.1520772095250653,1.0944040721394879,1.0353184608379926
2019-04-22,1.093979610238678,1.1044672005748544,1.151083076605684,1.1552432229202863,1.0944040721394879,1.0323690864628359
2019-04-23,1.0937127322128444,1.104197885928191,1.1508023502808458,1.154963719330018,1.0944040721394879,1.032629464617946
2019-04-24,1.0954100764571468,1.1059107270809707,1.152587769706817,1.1567413621641245,1.0944040721394879,1.0309734595514453
2019-04-25,1.094929696010646,1.1054259607169763,1.1520824623221082,1.1562382557016415,1.0944040721394879,1.0314421402306437
2019-04-26,1.0946870796235246,1.1051811292200096,1.1518272565722552,1.1559841615286703,1.0944040721394879,1.0316788476443801
2019-04-28,1.0948045059548914,1.1052996276645417,1.1519507761551842,1.1561071431083885,1.0944040721394879,1.0315642812561314
2019-04-29,1.095003451392331,1.1055003894920543,1.1521600448700635,1.1563155003302248,1.0944040721394879,1.0313701811768676
2019-04-30,1.093634124503417,1.1041185605231736,1.1507196636178934,1.1548813928179753,1.0944040721394879,1.0327061578199965
2019-05-05,1.0933730692708743,1.1038551218324375,1.1504450622310518,1.1546079874878583,1.0944040721394879,1.032960854997177
2019-05-06,1.0908304495338403,1.1012892877442253,1.147770505972593,1.1519450805551203,1.0941852350924695,1.0354415486931356
2019-05-07,1.0910934456974801,1.1015546850869373,1.1480471490054336,1.152220518638621,1.0944563830921825,1.0351849578566454
2019-05-08,1.090198676461776,1.1006517465261236,1.1471059501999759,1.1512834193287032,1.0935338795654839,1.0360579347985057
2019-05-09,1.0877327235030725,1.0981632791909532,1.1445120389584706,1.1487008061546242,1.0909914918633785,1.0384638289517234
2019-05-10,1.0873076595928355,1.0977343344082673,1.1440649184847282,1.1482556331635785,1.0905532526608905,1.0388785403405898
2019-05-13,1.085255124957787,1.095663059943928,1.1419058778409725,1.1461059964602422,1.0884370976077804,1.0408810850608008
2019-05-14,1.086358544286416,1.0967765535921332,1.1430665535913036,1.1472616167589154,1.0895747185512255,1.039804539743127
2019-05-15,1.0858878684954003,1.0963015804880176,1.142571454436589,1.1467686740633511,1.0890894536808904,1.0402637521257758
2019-05-16,1.0848290905820017,1.0952331358352545,1.1414577365442307,1.145659807092505,1.087997857859168,1.0412967432793219
2019-05-17,1.0846233976916968,1.0950255649500131,1.141465903128226,1.145444383206805,1.0880058622281632,1.0412891686420824
2019-05-20,1.0846233976916968,1.0950255649500131,1.1417966497800354,1.145444383206805,1.0883300391724693,1.04098239583388
2019-05-21,1.0846233976916968,1.0950255649500131,1.1432921554741737,1.145444383206805,1.0897958392447182,1.039595290389384
2019-05-22,1.0846233976916968,1.0950255649500131,1.1446518917093902,1.145444383206805,1.0911285666824215,1.0383341132889958
2019-05-23,1.0846233976916968,1.0950255649500131,1.1439791693527777,1.145444383206805,1.0904692067864408,1.0389580740316053
2019-05-24,1.0846233976916968,1.0950255649500131,1.1436422977629719,1.145444383206805,1.090139026565388,1.0392705278177374
2019-05-27,1.0846233976916968,1.0950255649500131,1.1461637305715189,1.145444383206805,1.0926103754926608,1.0369318585700207
2019-05-28,1.0846233976916968,1.0950255649500131,1.1448438064332795,1.145444383206805,1.0913166693538092,1.0381561093138658
2019-05-29,1.0846233976916968,1.0950255649500131,1.1425592045605961,1.145444383206805,1.0890774471273976,1.040275114081635
2019-05-30,1.0846233976916968,1.0950255649500131,1.141778274966046,1.145444383206805,1.0883120293422301,1.040999438767669
2019-05-31,1.0846233976916968,1.0950255649500131,1.141309717209316,1.145444383206805,1.0878527786711296,1.041434033579289
2019-06-03,1.0846233976916968,1.0950255649500131,1.138897512461706,1.145444383206805,1.085488488179168,1.0436713920539267
2019-06-04,1.0846233976916968,1.0950255649500131,1.1371314886727237,1.145444383206805,1.0837575433839526,1.0453094073569833
2019-06-05,1.0846233976916968,1.0950255649500131,1.1372335709726649,1.145444383206805,1.0838575979963927,1.0452147243914889
2019-06-06,1.0846233976916968,1.0950255649500131,1.1361065823813143,1.145444383206805,1.082752995075053,1.0462600243305493
2019-06-10,1.0844065163884191,1.0950255649500131,1.1368129918969072,1.1452153401387775,1.0834453729931393,1.0456048182093263
2019-06-11,1.0870784455278304,1.0948066036292874,1.1395906512783067,1.148037099499288,1.0861678589976367,1.0430284947182182
2019-06-12,1.0865648773764478,1.0942868293610195,1.1390567608496143,1.1474947326688774,1.0856445733745745,1.043523686627755
2019-06-13,1.0857105670672644,1.0934221953009946,1.138168644840126,1.1465925163353072,1.0847740982463447,1.0443474284275582
2019-06-14,1.0846088013581796,1.0923071155132382,1.137023281434786,1.1454289683740824,1.0836514854947659,1.0454097713004078
2019-06-17,1.0839430284965403,1.0916332972457707,1.136331163441185,1.144725861852059,1.0829731152224213,1.046051721806461
2019-06-18,1.0846853946962445,1.0923846344289647,1.13710290562874,1.1455098567350233,1.0837295280924693,1.0453359185873219
2019-06-19,1.0853884822610436,1.0930962183220427,1.137833814896319,1.1462523704072487,1.084445919117541,1.0446579885543803
2019-06-20,1.0846787518935093,1.0923779113525403,1.1373213617506144,1.145731781212476,1.0839436449630913,1.0451332970411635
2019-06-21,1.0846787518935093,1.0923779113525403,1.1371613457038103,1.1457981511496582,1.0840076799150529,1.0450726999432467
2019-06-24,1.0846787518935093,1.0923779113525403,1.1371613457038103,1.1461963707727514,1.0843918896268234,1.0447091173557475
2019-06-25,1.0846787518935093,1.0923779113525403,1.1371613457038103,1.145995186900668,1.0841977836786894,1.044892802308807
2019-06-26,1.0846787518935093,1.0923779113525403,1.1371613457038103,1.1461362230171799,1.084333857951608,1.0447640334757344
2019-06-27,1.0846787518935093,1.0923779113525403,1.1371613457038103,1.1466454048789994,1.084604417029872,1.044299140115156
2019-06-28,1.0846787518935093,1.0923779113525403,1.1371613457038103,1.145263043531127,1.084604417029872,1.045561264045199
2019-07-01,1.0846787518935093,1.0923779113525403,1.1371613457038103,1.1455388935825406,1.084604417029872,1.0453094073569833
2019-07-02,1.0846787518935093,1.0923779113525403,1.1371613457038103,1.14181491788846,1.084604417029872,1.0487094726478945
2019-07-03,1.0846787518935093,1.0923779113525403,1.1371613457038103,1.1398725601956132,1.084604417029872,1.0504828845916085
2019-07-04,1.0846787518935093,1.0923779113525403,1.1371613457038103,1.139710783473732,1.084604417029872,1.05063059001778
2019-07-05,1.0846787518935093,1.0923779113525403,1.1371613457038103,1.1405943332624693,1.084604417029872,1.049823891151766
2019-07-08,1.0846787518935093,1.0923779113525403,1.1371613457038103,1.1408940350100576,1.084604417029872,1.0495502573814866
2019-07-09,1.0846787518935093,1.0923779113525403,1.1371613457038103,1.1407695913778408,1.084604417029872,1.0496638769400803
2019-07-10,1.0846787518935093,1.0923779113525403,1.1371613457038103,1.1408297391334123,1.084604417029872,1.0496089608200931
2019-07-11,1.0846787518935093,1.0923779113525403,1.1371613457038103,1.1401328547929994,1.084604417029872,1.050245230348217
2019-07-12,1.0846787518935093,1.0923779113525403,1.1371613457038103,1.1394733035422517,1.084604417029872,1.0508474140087627
2019-07-15,1.0846787518935093,1.0923779113525403,1.1371613457038103,1.1402863352727333,1.084604417029872,1.050105099559285
2019-07-16,1.0846787518935093,1.0923779113525403,1.1371613457038103,1.1398269308638005,1.084604417029872,1.0505245450964262
2019-07-17,1.0846787518935093,1.0923779113525403,1.1371613457038103,1.140371371754748,1.084604417029872,1.0500274595275796
2019-07-18,1.0846787518935093,1.0923779113525403,1.1371613457038103,1.1393073786992962,1.084604417029872,1.0509989067535543
2019-07-19,1.0846787518935093,1.0923779113525403,1.1371613457038103,1.1387670859294228,1.084604417029872,1.0514922050037812
2019-07-22,1.0846787518935093,1.0923779113525403,1.1371613457038103,1.1385337541190168,1.084604417029872,1.0517052416761439
2019-07-23,1.0846787518935093,1.0923779113525403,1.1371613457038103,1.1382859038848523,1.084604417029872,1.051931533963676
2019-07-24,1.0846787518935093,1.0923779113525403,1.1371613457038103,1.1393053046387596,1.084604417029872,1.051000800412864
2019-07-25,1.0846787518935093,1.0923779113525403,1.1371613457038103,1.1388106412006986,1.084604417029872,1.0514524381582735
2019-07-26,1.0846787518935093,1.0923779113525403,1.1371613457038103,1.139161157431442,1.084604417029872,1.0511324097349015
2019-07-29,1.0846787518935093,1.0923779113525403,1.1371613457038103,1.1400332998872262,1.084604417029872,1.0503361259950919
2019-07-30,1.0846787518935093,1.0923779113525403,1.1371613457038103,1.1397035242618525,1.084604417029872,1.0506372178253647
2019-07-31,1.084461859521605,1.0923779113525403,1.1371613457038103,1.1386426422972062,1.084604417029872,1.0516058245623745
2019-08-01,1.0838105926529855,1.0923779113525403,1.136933958912028,1.1379509431081358,1.084604417029872,1.0522373599422234
2019-08-02,1.080325777879218,1.092159479456649,1.1332827227777875,1.1342497820799617,1.084604417029872,1.055616594980726
2019-08-05,1.077704111399093,1.0895292357367494,1.1305358555823728,1.1314653558091163,1.0843875395219678,1.0581588326042561
2019-08-06,1.0777216868168369,1.089546868655542,1.1305542703345208,1.1314840223539488,1.0844050049009528,1.058141789670467
2019-08-07,1.077336004038569,1.0891599240487038,1.13015016882905,1.1310743953979026,1.0840217368621161,1.0585157873841706
2019-08-08,1.0775654608813359,1.0893901315996075,1.1303905836487604,1.1313180975109933,1.084249757087753,1.0582932824152584
2019-08-09,1.0757073486609718,1.0875259402405875,1.128443735129999,1.1293446289100926,1.0824032784095095,1.0600950992486207
2019-08-12,1.0767032889997903,1.0885251389721693,1.1294872377517209,1.1304023997839332,1.0833929832186573,1.0591293330005758
2019-08-13,1.0747250780915099,1.0865404560013998,1.1274145550932813,1.1283013764600105,1.0814271577840164,1.0610476098814965
2019-08-14,1.0750541289681586,1.0868705834254617,1.127759320175164,1.1286508556604853,1.0817541484905682,1.0607285282877796
2019-08-15,1.0746625877173095,1.0864777611790262,1.1273490804189772,1.1282350065228282,1.0813650586587364,1.061108206979413
2019-08-16,1.0748402947189417,1.0866560495801514,1.1275352740240294,1.12842374603169,1.0815416530462512,1.060935883982213
2019-08-19,1.0748119787681323,1.0866276409887634,1.1275056058122355,1.1283936721539043,1.0815135143801087,1.0609633420422062
2019-08-20,1.0753929439657763,1.0872105069155196,1.1281143156749065,1.1290107051636447,1.082090842185445,1.0603999783975133
2019-08-21,1.0769532504965917,1.0887759182616645,1.1297491364489374,1.130667879532662,1.0836413797197768,1.0588869446089095
2019-08-22,1.0770753020087018,1.0888983690866132,1.1298770166721874,1.1307975083162207,1.083762667073839,1.0587685909020415
2019-08-23,1.0772725372522718,1.0890962496197305,1.1300836711129598,1.1310069884304519,1.0839586674380037,1.0585773313117421
2019-08-26,1.0762404696658687,1.0880608054439638,1.1290023159451559,1.129910847436678,1.0829330615720532,1.0595781302570202
2019-08-27,1.0766115062626833,1.0884330559518078,1.1293910718238367,1.130304918938697,1.0833017751284024,1.0592183349881408
2019-08-28,1.0768751375288412,1.0886975497336973,1.1296672931060572,1.1305849171111841,1.083563755813177,1.0589626909813055
2019-08-29,1.075362675190773,1.0871801391109321,1.1280826013795404,1.1289785572253221,1.0820607629216374,1.0604293301168168
2019-08-30,1.0770508917062798,1.0888738789216235,1.1298514406275375,1.130771582559509,1.0837384096030265,1.0587922616434151
2019-09-02,1.0780243745668698,1.0898505467014148,1.1308714132881812,1.1318055017371749,1.084705797539027,1.0578482724774338
2019-09-03,1.0777607433007121,1.0895860529195256,1.1305951920059607,1.1315255035646876,1.0844438168542525,1.0581039164842694
2019-09-04,1.0771182641409647,1.0889414717769952,1.1299220305107716,1.1308431376480335,1.0838053602224689,1.0587269303972238
2019-09-05,1.0742085560922598,1.0860222441102165,1.1268733659884862,1.127752787447989,1.0809138697016247,1.061548482768963
2019-09-06,1.0743257255438856,1.0861397969021673,1.1269961310028065,1.1278772310802057,1.0810303055615247,1.0614348632103696
2019-09-09,1.0748100259439384,1.0866256817755642,1.1275035597286633,1.1283915980933672,1.0815115737824437,1.060965235701516
2019-09-10,1.0763605683537851,1.0881812970557132,1.1291281500848342,1.1300384021596996,1.0830524083284505,1.059461670209462
2019-09-11,1.076894665770779,1.0887171418656891,1.1296877539417773,1.1306056577165537,1.083583161789827,1.0589437543882063
2019-09-12,1.0795534359105852,1.091384610636373,1.13247349672506,1.1334294911376008,1.086225285510719,1.0563655372377885
2019-09-16,1.079660841241242,1.091492367362328,1.1325860313215204,1.1335435644671328,1.0863320183822938,1.0562613859757441
2019-09-17,1.0805513290735975,1.0923857685811542,1.133519045430354,1.1344893360719788,1.0872169309175321,1.0553978773304336
2019-09-18,1.0830929297617782,1.0949356845598874,1.1361820231993167,1.1371887258608095,1.0897426187785244,1.0529332797386088
2019-09-19,1.0821184704890912,1.0939580371734963,1.1351610274968869,1.1361537696528752,1.0887742605436914,1.053878215734245
2019-09-20,1.081693731226948,1.0935319083026747,1.134716004319976,1.1357026614860901,1.0883521805515546,1.0542900866341467
2019-09-23,1.0815072365164438,1.093344803442153,1.1345206033388497,1.135504588704812,1.0881668534745474,1.0544709310982414
2019-09-24,1.0825832426472064,1.0944243299149012,1.1356479953870238,1.1366473960606676,1.0892361227879603,1.0534275248184906
2019-09-25,1.0824250638875115,1.0942656336457677,1.1354822626176913,1.1362486069005509,1.0890789343770957,1.053580911222592
2019-09-26,1.0835039992545648,1.0953480989383146,1.1366127237912234,1.1362486069005509,1.090151114587006,1.0525346644538767
2019-09-27,1.0846268731659778,1.0964746465278434,1.1377892218451255,1.1362486069005509,1.0912669582443788,1.0514458103506885
2019-09-29,1.0842382611514192,1.0960847631012065,1.137382051214297,1.1362486069005509,1.0908807793090445,1.051822648553357
2019-09-30,1.0845575479070992,1.0964050944592725,1.1377165858783194,1.1362486069005509,1.0911980670272714,1.0515130352561899
2019-10-08,1.0821780316270009,1.0940177931760713,1.135223433045833,1.1362486069005509,1.0888334487724738,1.0538204591252933
2019-10-09,1.0822541917705575,1.0940942024908393,1.1353032303051411,1.1362486069005509,1.0889091320814084,1.0537466064122076
2019-10-10,1.0832100992134037,1.0950532373518382,1.136304788213637,1.1362486069005509,1.0898590546384241,1.0528196601800153
2019-10-11,1.0851853808853935,1.0970349815028089,1.1383744017467186,1.1362486069005509,1.0918219691765676,1.0509042237880595
2019-10-12,1.086236976713734,1.0980900178105675,1.1394762177502424,1.1362486069005509,1.0928669810191678,1.0498844882496825
2019-10-14,1.0858425062265944,1.097694256744333,1.1390629088686977,1.1362486069005509,1.0924749802908387,1.050267007430281
2019-10-15,1.0863004435000314,1.098153692239541,1.1395427154663325,1.1362486069005509,1.0929300504432802,1.049822944322111
2019-10-16,1.0861002790201708,1.0979528728866248,1.1393329919002022,1.1362486069005509,1.0927311391826182,1.050017044401375
2019-10-17,1.0854372952063889,1.0972877200055033,1.138638346527507,1.1362486069005509,1.0920723062753521,1.0506599417370834
2019-10-18,1.087033728984789,1.0988893767958332,1.14031101984762,1.1362486069005509,1.0936587448664863,1.0491118752512467
2019-10-21,1.0895011223536066,1.1013648426729974,1.1428962464408465,1.1362486069005509,1.096110690016209,1.0467192367131979
2019-10-22,1.0893546605390745,1.101217901683059,1.1427427901729463,1.1362486069005509,1.0959651451913341,1.0468612611614398
2019-10-23,1.0897315556084703,1.1015960298305005,1.1431376843023429,1.1362486069005509,1.0963396805406782,1.0464957849146308
2019-10-24,1.089695428360886,1.1015597843863159,1.1430998317562608,1.1362486069005509,1.096303779483876,1.0465308176118637
2019-10-25,1.090840759750527,1.1027088629276351,1.144299859771241,1.1362486069005509,1.0974419400143962,1.0454201864266122
2019-10-28,1.0947298091324031,1.1066106360138026,1.1483746352048863,1.1362486069005509,1.1013066402642357,1.0416489639109618
2019-10-29,1.0947600779074065,1.1066410038183898,1.148406349500252,1.1362486069005509,1.101336719528043,1.0416196121916586
2019-10-30,1.096075305001905,1.1079605339080378,1.1497843867859967,1.1362486069005509,1.102643712055418,1.040344232646446
2019-10-31,1.0936879774250314,1.10556539577204,1.1472830496192223,1.1362486069005509,1.1002713314099604,1.0426592311527894
2019-11-01,1.092847286609617,1.1047219544897928,1.1464022106414746,1.1362486069005509,1.0994359041151796,1.043474451485698
2019-11-04,1.0944730127509235,1.1063529994781103,1.1481055752151677,1.1362486069005509,1.1010514516712888,1.0418979801102128
2019-11-05,1.0911297777312037,1.1029988264811137,1.1446026801398976,1.1362486069005509,1.0977291484688156,1.0451399248487478
2019-11-06,1.0914432060143024,1.1033132801995822,1.1449310765532041,1.1362486069005509,1.0980406143940473,1.0448359925295103
2019-11-07,1.0918376765014424,1.1037090412658166,1.145344385434749,1.1362486069005509,1.0984326151223767,1.044453473348912
2019-11-08,1.0920329589208184,1.1039049625857347,1.1455489937919492,1.1362486069005509,1.0986266748888762,1.0442641074179229
2019-11-11,1.0904121148399963,1.102278815630415,1.1438507444271862,1.1362486069005509,1.0970159788269296,1.0458358446451332
2019-11-12,1.0903340018722458,1.1022004471024478,1.143768901084306,1.1362486069005509,1.0969383549203295,1.045911591017529
2019-11-13,1.0890939585092074,1.1009563467209682,1.1424696380160837,1.1362486069005509,1.0957060754030572,1.0471140646793105
2019-11-14,1.0901348138044822,1.1020006073561315,1.1435602005599617,1.1362486069005509,1.0967404139585,1.046104744267138
2019-11-15,1.0893898113745621,1.101253167520644,1.1427796196772422,1.1362486069005509,1.096000075949304,1.0468271752938618
2019-11-18,1.0862486936588969,1.0981017730897626,1.1394884942516745,1.1362486069005509,1.092878624605158,1.049873126293823
2019-11-19,1.0843046571740071,1.0961513763499786,1.137451618055745,1.1362486069005509,1.0909467596296545,1.0517582641368208
2019-11-20,1.0845956279788775,1.0964432991166564,1.1377564845079735,1.1362486069005509,1.0912359086817387,1.051476108899647
2019-11-21,1.0844569774611204,1.0963041949795147,1.1376112125743612,1.1362486069005509,1.0910981262475241,1.0516105587106492
2019-11-22,1.0843241854159447,1.0961709684819705,1.137472078891465,1.1362486069005509,1.0909661656063043,1.051739327543722
2019-11-25,1.0859616285024138,1.097813768749483,1.1389607839270184,1.1362486069005509,1.0925933567484034,1.0501514942123775
2019-11-26,1.085205885539428,1.0970555532414004,1.1389607839270184,1.1362486069005509,1.09184234545205,1.0508843403653056
2019-11-27,1.0851590177587778,1.0967910700392622,1.1389607839270184,1.1362486069005509,1.0917957711080901,1.050929788188743
2019-11-28,1.0849822871692425,1.0967910700392622,1.1389607839270184,1.1362486069005509,1.091620147019408,1.0511011643562882
2019-11-29,1.084252780008735,1.0967910700392622,1.1389607839270184,1.1362486069005509,1.0911107401323465,1.051598249925135
2019-12-02,1.084252780008735,1.0967910700392622,1.1389607839270184,1.1362486069005509,1.0933676552167368,1.0493959241477304
2019-12-03,1.084252780008735,1.0967910700392622,1.1389607839270184,1.1362486069005509,1.0924080296713965,1.050332338676472
2019-12-04,1.084252780008735,1.0967910700392622,1.1389607839270184,1.1362486069005509,1.092273158133679,1.0504639479985096
2019-12-05,1.084252780008735,1.0967910700392622,1.1389607839270184,1.1362486069005509,1.0919723654956048,1.0507574651915428
2019-12-06,1.084252780008735,1.0967910700392622,1.1389607839270184,1.1362486069005509,1.0920839498613422,1.050648579781224
2019-12-09,1.084252780008735,1.0967910700392622,1.1389607839270184,1.1362486069005509,1.0920364052185496,1.0506949744343166
2019-12-10,1.084252780008735,1.0967910700392622,1.1389607839270184,1.1362486069005509,1.0921179103204794,1.050615440743301
2019-12-11,1.084252780008735,1.0967910700392622,1.1389607839270184,1.1362486069005509,1.0913678693229585,1.0513473400665743
2019-12-12,1.084252780008735,1.0967910700392622,1.1389607839270184,1.1362486069005509,1.0910504861273265,1.0514467571803436
2019-12-13,1.084252780008735,1.0967910700392622,1.1389607839270184,1.1362486069005509,1.0910504861273265,1.051298104924517
2019-12-16,1.084252780008735,1.0967910700392622,1.1389607839270184,1.1362486069005509,1.0910504861273265,1.0512687532052138
2019-12-17,1.084252780008735,1.0967910700392622,1.1389607839270184,1.1362486069005509,1.0910504861273265,1.0503550625881906
2019-12-18,1.084252780008735,1.0967910700392622,1.1389607839270184,1.1362486069005509,1.0910504861273265,1.0503181362316478
2019-12-19,1.084252780008735,1.0967910700392622,1.1389607839270184,1.1362486069005509,1.0910504861273265,1.050578514386758
2019-12-20,1.084252780008735,1.0967910700392622,1.1389607839270184,1.1362486069005509,1.0910504861273265,1.052580112277314
2019-12-23,1.084252780008735,1.0967910700392622,1.1389607839270184,1.1362486069005509,1.0910504861273265,1.053139688603387
2019-12-24,1.084252780008735,1.0967910700392622,1.1389607839270184,1.1362486069005509,1.0910504861273265,1.0541651051196936
2019-12-25,1.084252780008735,1.0967910700392622,1.1389607839270184,1.1362486069005509,1.0910504861273265,1.0545684545527008
2019-12-26,1.084252780008735,1.0967910700392622,1.1389607839270184,1.1362486069005509,1.0910504861273265,1.056756577885281
2019-12-27,1.084252780008735,1.0967910700392622,1.1389607839270184,1.1362486069005509,1.0910504861273265,1.0565501690205028
2019-12-30,1.084252780008735,1.0967910700392622,1.1389607839270184,1.1362486069005509,1.0910504861273265,1.0563589094302035
2019-12-31,1.084252780008735,1.0967910700392622,1.1389607839270184,1.1362486069005509,1.0910504861273265,1.0572006409934505
2020-01-02,1.084252780008735,1.0967910700392622,1.1389607839270184,1.1362486069005509,1.0910504861273265,1.055549370075225
2020-01-03,1.084252780008735,1.0967910700392622,1.1389607839270184,1.1362486069005509,1.0910504861273265,1.0549462395850242
2020-01-06,1.084252780008735,1.0967910700392622,1.1389607839270184,1.1362486069005509,1.0910504861273265,1.0557832369999964
2020-01-07,1.084252780008735,1.0967910700392622,1.1389607839270184,1.1362486069005509,1.0910504861273265,1.0552615338601212
2020-01-08,1.084252780008735,1.0967910700392622,1.1389607839270184,1.1362486069005509,1.0910504861273265,1.055457527598695
2020-01-09,1.084252780008735,1.0967910700392622,1.1389607839270184,1.1362486069005509,1.0910504861273265,1.0560956907861287
2020-01-10,1.084252780008735,1.0967910700392622,1.1389607839270184,1.1362486069005509,1.0910504861273265,1.0578463788181238
2020-01-13,1.084252780008735,1.0967910700392622,1.1389607839270184,1.1362486069005509,1.0910504861273265,1.0577943031871018
2020-01-14,1.084252780008735,1.0967910700392622,1.1389607839270184,1.1362486069005509,1.0910504861273265,1.057051041907969
2020-01-15,1.084252780008735,1.0967910700392622,1.1389607839270184,1.1362486069005509,1.0910504861273265,1.0572271522237893
2020-01-16,1.084252780008735,1.0967910700392622,1.1389607839270184,1.1362486069005509,1.0910504861273265,1.0573218351892837
2020-01-17,1.084252780008735,1.0967910700392622,1.1389607839270184,1.1362486069005509,1.0910504861273265,1.057986509607056
2020-01-19,1.084252780008735,1.0967910700392622,1.1389607839270184,1.1362486069005509,1.0910504861273265,1.0583264214531818
2020-01-20,1.084252780008735,1.0967910700392622,1.1389607839270184,1.1362486069005509,1.0910504861273265,1.0596444083328664
2020-01-21,1.084252780008735,1.0967910700392622,1.1389607839270184,1.1362486069005509,1.0910504861273265,1.0627036149479971
2020-01-22,1.084252780008735,1.0967910700392622,1.1389607839270184,1.1362486069005509,1.0910504861273265,1.0631372629299625
2020-01-23,1.084252780008735,1.0967910700392622,1.1389607839270184,1.1362486069005509,1.0910504861273265,1.065634052730055
2020-02-03,1.084252780008735,1.0967910700392622,1.1389607839270184,1.1362486069005509,1.0910504861273265,1.0771437140155793
2020-02-04,1.084252780008735,1.0967910700392622,1.1389607839270184,1.1362486069005509,1.0910504861273265,1.0765292215695192
2020-02-05,1.084252780008735,1.0967910700392622,1.1389607839270184,1.1362486069005509,1.0910504861273265,1.0757963754165911
2020-02-06,1.084252780008735,1.0967910700392622,1.1389607839270184,1.1362486069005509,1.0910504861273265,1.076810429977038
2020-02-07,1.084252780008735,1.0967910700392622,1.1389607839270184,1.1362486069005509,1.0910504861273265,1.0788091873786294
2020-02-10,1.084252780008735,1.0967910700392622,1.1389607839270184,1.1362486069005509,1.0910504861273265,1.0795978964811996
2020-02-11,1.084252780008735,1.0967910700392622,1.1389607839270184,1.1362486069005509,1.0910504861273265,1.077026307138366
2020-02-12,1.084252780008735,1.0967910700392622,1.1389607839270184,1.1362486069005509,1.0910504861273265,1.076654203083972
2020-02-13,1.084252780008735,1.0967910700392622,1.1389607839270184,1.1362486069005509,1.0910504861273265,1.07669207627017
2020-02-14,1.084252780008735,1.0967910700392622,1.1389607839270184,1.1362486069005509,1.0910504861273265,1.0747236174175372
2020-02-17,1.084252780008735,1.0967910700392622,1.1389607839270184,1.1362486069005509,1.0910504861273265,1.0729947064676058
2020-02-18,1.084252780008735,1.0967910700392622,1.1389607839270184,1.1362486069005509,1.0910504861273265,1.073781521910866
2020-02-19,1.084252780008735,1.0967910700392622,1.1389607839270184,1.1362486069005509,1.0910504861273265,1.0731187411524035
2020-02-20,1.084252780008735,1.0967910700392622,1.1389607839270184,1.1362486069005509,1.0910504861273265,1.0723764267029259
2020-02-21,1.084252780008735,1.0967910700392622,1.1389607839270184,1.1362486069005509,1.0910504861273265,1.0744490368176027
2020-02-24,1.084252780008735,1.0967910700392622,1.1389607839270184,1.1362486069005509,1.0910504861273265,1.0762413853544157
2020-02-25,1.084252780008735,1.0967910700392622,1.1389607839270184,1.1362486069005509,1.0910504861273265,1.0761703731302947
2020-02-26,1.084252780008735,1.0967910700392622,1.1389607839270184,1.1362486069005509,1.0910504861273265,1.0767053318853392
2020-02-27,1.084252780008735,1.0967910700392622,1.1389607839270184,1.1362486069005509,1.0910504861273265,1.0786842058641763
2020-02-28,1.084252780008735,1.0967910700392622,1.1389607839270184,1.1362486069005509,1.0910504861273265,1.0821372936157647
2020-03-02,1.084252780008735,1.0967910700392622,1.1389607839270184,1.1362486069005509,1.0910504861273265,1.08178033883585
2020-03-03,1.084252780008735,1.0967910700392622,1.1389607839270184,1.1362486069005509,1.0910504861273265,1.08134385036492
2020-03-04,1.084252780008735,1.0967910700392622,1.1389607839270184,1.1362486069005509,1.0910504861273265,1.0856500316356146
2020-03-05,1.084252780008735,1.0967910700392622,1.1389607839270184,1.1362486069005509,1.0910504861273265,1.0852978110039744
2020-03-06,1.084252780008735,1.0967910700392622,1.1389607839270184,1.1362486069005509,1.0910504861273265,1.0889156471155235
2020-03-09,1.084252780008735,1.0967910700392622,1.1389607839270184,1.1362486069005509,1.0910504861273265,1.0961371168937968
2020-03-10,1.084252780008735,1.0967910700392622,1.1389607839270184,1.1362486069005509,1.0910504861273265,1.0895310863912384
2020-03-11,1.084252780008735,1.0967910700392622,1.1389607839270184,1.1362486069005509,1.0910504861273265,1.0892792297030227
2020-03-12,1.084252780008735,1.0967910700392622,1.1389607839270184,1.1362486069005509,1.0910504861273265,1.0884479132659801
2020-03-13,1.084252780008735,1.0967910700392622,1.1389607839270184,1.1362486069005509,1.0910504861273265,1.0849446435426797
2020-03-16,1.084252780008735,1.0967910700392622,1.1389607839270184,1.1362486069005509,1.0910504861273265,1.084797884946163
2020-03-17,1.084252780008735,1.0967910700392622,1.1389607839270184,1.1362486069005509,1.0910504861273265,1.082341808821233
2020-03-18,1.084252780008735,1.0967910700392622,1.1389607839270184,1.1362486069005509,1.0910504861273265,1.082095633110947
2020-03-19,1.084252780008735,1.0967910700392622,1.1389607839270184,1.1362486069005509,1.0910504861273265,1.081147856626346
2020-03-20,1.084252780008735,1.0967910700392622,1.1389607839270184,1.1362486069005509,1.0910504861273265,1.082765988506649
2020-03-23,1.084252780008735,1.0967910700392622,1.1389607839270184,1.1362486069005509,1.0910504861273265,1.0859274527245137
2020-03-24,1.084252780008735,1.0967910700392622,1.1389607839270184,1.1362486069005509,1.0910504861273265,1.0864699861167977
2020-03-25,1.084252780008735,1.0967910700392622,1.1389607839270184,1.1362486069005509,1.0910504861273265,1.0871469693200841
2020-03-26,1.084252780008735,1.0967910700392622,1.1389607839270184,1.1362486069005509,1.0910504861273265,1.0896598552243109
2020-03-27,1.084252780008735,1.0967910700392622,1.1389607839270184,1.1362486069005509,1.0910504861273265,1.088820017320374
2020-03-30,1.084252780008735,1.0967910700392622,1.1389607839270184,1.1362486069005509,1.0910504861273265,1.0881998438963842
2020-03-31,1.084252780008735,1.0967910700392622,1.1389607839270184,1.1362486069005509,1.0910504861273265,1.0901559939635028
2020-04-01,1.084252780008735,1.0967910700392622,1.1389607839270184,1.1362486069005509,1.0910504861273265,1.0927559881959845
2020-04-02,1.084252780008735,1.0967910700392622,1.1389607839270184,1.1362486069005509,1.0910504861273265,1.090801731788176
2020-04-03,1.084252780008735,1.0967910700392622,1.1389607839270184,1.1362486069005509,1.0910504861273265,1.0892574526209589
2020-04-07,1.084252780008735,1.0967910700392622,1.1389607839270184,1.1362486069005509,1.0910504861273265,1.0961049246855288
2020-04-08,1.084252780008735,1.0967910700392622,1.1389607839270184,1.1362486069005509,1.0910504861273265,1.098684088665602
2020-04-09,1.084252780008735,1.0967910700392622,1.1389607839270184,1.1362486069005509,1.0910504861273265,1.0964912311847468
2020-04-10,1.084252780008735,1.0967910700392622,1.1389607839270184,1.1362486069005509,1.0910504861273265,1.095506528343603
2020-04-13,1.084252780008735,1.0967910700392622,1.1389607839270184,1.1362486069005509,1.0910504861273265,1.0942784902811378
2020-04-14,1.084252780008735,1.0967910700392622,1.1389607839270184,1.1362486069005509,1.0910504861273265,1.0946202957865734
2020-04-15,1.084252780008735,1.0967910700392622,1.1389607839270184,1.1362486069005509,1.0910504861273265,1.0960585300324364
2020-04-16,1.084252780008735,1.0967910700392622,1.1389607839270184,1.1362486069005509,1.0910504861273265,1.09836595390154
2020-04-17,1.084252780008735,1.0967910700392622,1.1389607839270184,1.1362486069005509,1.0910504861273265,1.0964912311847468
2020-04-20,1.084252780008735,1.0967910700392622,1.1389607839270184,1.1362486069005509,1.0910504861273265,1.094415780581105
2020-04-21,1.084252780008735,1.0967910700392622,1.1389607839270184,1.1362486069005509,1.0910504861273265,1.0951741911347168
2020-04-22,1.084252780008735,1.0967910700392622,1.1389607839270184,1.1362486069005509,1.0910504861273265,1.0967714927626109
2020-04-23,1.084252780008735,1.0967910700392622,1.1389607839270184,1.1362486069005509,1.0910504861273265,1.101401489775297
2020-04-24,1.084252780008735,1.0967910700392622,1.1389607839270184,1.1362486069005509,1.0910504861273265,1.103102942665235
2020-04-26,1.084252780008735,1.0967910700392622,1.1389607839270184,1.1362486069005509,1.0910504861273265,1.1025159082791685
2020-04-27,1.084252780008735,1.0967910700392622,1.1389607839270184,1.1362486069005509,1.0910504861273265,1.101330477551176
2020-04-28,1.084252780008735,1.0967910700392622,1.1389607839270184,1.1362486069005509,1.0910504861273265,1.1026030166074234
2020-04-29,1.084252780008735,1.0967910700392622,1.1389607839270184,1.1362486069005509,1.0910504861273265,1.1051263176378547
2020-04-30,1.084252780008735,1.0967910700392622,1.1389607839270184,1.1362486069005509,1.0910504861273265,1.102437321417808
2020-05-06,1.084252780008735,1.0967910700392622,1.1389607839270184,1.1362486069005509,1.0910504861273265,1.0992010576572022
2020-05-07,1.084252780008735,1.0967910700392622,1.1389607839270184,1.1362486069005509,1.0910504861273265,1.0938135969205591
2020-05-08,1.084252780008735,1.0967910700392622,1.1389607839270184,1.1362486069005509,1.0910504861273265,1.0944205147293797
2020-05-09,1.084252780008735,1.0967910700392622,1.1389607839270184,1.1362486069005509,1.0910504861273265,1.0932114132600137
2020-05-11,1.084252780008735,1.0967910700392622,1.1389607839270184,1.1362486069005509,1.0910504861273265,1.0902080695945249
2020-05-12,1.084252780008735,1.0967910700392622,1.1389607839270184,1.1362486069005509,1.0910504861273265,1.0906909527185473
2020-05-13,1.084252780008735,1.0967910700392622,1.1389607839270184,1.1362486069005509,1.0910504861273265,1.0893578165643834
2020-05-14,1.084252780008735,1.0967910700392622,1.1389607839270184,1.1362486069005509,1.0910504861273265,1.0892101111382115
2020-05-15,1.084252780008735,1.0967910700392622,1.1389607839270184,1.1362486069005509,1.0910504861273265,1.0906653883178636
2020-05-18,1.084252780008735,1.0967910700392622,1.1389607839270184,1.1362486069005509,1.0910504861273265,1.087484040677245
2020-05-19,1.084252780008735,1.0967910700392622,1.1389607839270184,1.1362486069005509,1.0910504861273265,1.0866082232464198
2020-05-20,1.084252780008735,1.0967910700392622,1.1389607839270184,1.1362486069005509,1.0910504861273265,1.0880180526026344
2020-05-21,1.084252780008735,1.0967910700392622,1.1389607839270184,1.1362486069005509,1.0910504861273265,1.0881572365619117
2020-05-22,1.084252780008735,1.0967910700392622,1.1389607839270184,1.1362486069005509,1.0910504861273265,1.093556059254414
2020-05-25,1.084252780008735,1.0967910700392622,1.1389607839270184,1.1362486069005509,1.0910504861273265,1.0896882601139593
2020-05-26,1.084252780008735,1.0967910700392622,1.1389607839270184,1.1362486069005509,1.0910504861273265,1.0853565144425814
2020-05-27,1.084252780008735,1.0967910700392622,1.1389607839270184,1.1362486069005509,1.0910504861273265,1.0840139099918678
2020-05-28,1.084252780008735,1.0967910700392622,1.1389607839270184,1.1362486069005509,1.0910504861273265,1.0849522181799194
2020-05-29,1.084252780008735,1.0967910700392622,1.1389607839270184,1.1362486069005509,1.0910504861273265,1.0864680924574879
2020-06-01,1.084252780008735,1.0967910700392622,1.1389607839270184,1.1362486069005509,1.0910504861273265,1.084340566222824
2020-06-02,1.084252780008735,1.0967910700392622,1.1389607839270184,1.1362486069005509,1.0910504861273265,1.079341305644709
2020-06-03,1.084252780008735,1.0967910700392622,1.1389607839270184,1.1362486069005509,1.0910504861273265,1.0763853034619673
2020-06-04,1.084252780008735,1.0967910700392622,1.1389607839270184,1.1362486069005509,1.0910504861273265,1.074199073788697
2020-06-05,1.084252780008735,1.0967910700392622,1.1389607839270184,1.1362486069005509,1.0910504861273265,1.072900023502111
2020-06-08,1.084252780008735,1.0967910700392622,1.1389607839270184,1.1362486069005509,1.0910504861273265,1.0751373819767487
2020-06-09,1.084252780008735,1.0967910700392622,1.1389607839270184,1.1362486069005509,1.0910504861273265,1.0750114536326407
2020-06-10,1.084252780008735,1.0967910700392622,1.1389607839270184,1.1362486069005509,1.0910504861273265,1.07511087074641
2020-06-11,1.0840359728141722,1.0965717556881247,1.1389607839270184,1.1362486069005509,1.0910504861273265,1.0777572596319842
2020-06-12,1.0827950664707622,1.0953164995141942,1.1389607839270184,1.1362486069005509,1.0910504861273265,1.0789909786723788
2020-06-15,1.083775982459797,1.0963087588074778,1.1389607839270184,1.1362486069005509,1.0910504861273265,1.0780157441277844
2020-06-16,1.0892300658279548,1.1018259131498416,1.1389607839270184,1.1362486069005509,1.0910504861273265,1.0725932506939087
2020-06-17,1.091883300726451,1.1045098300343927,1.1389607839270184,1.1362486069005509,1.0910504861273265,1.0699553832752289
2020-06-18,1.0899748001031249,1.1025792595259072,1.1389607839270184,1.1362486069005509,1.0910504861273265,1.0718528299037409
2020-06-19,1.0907814368436226,1.103395224206889,1.1389607839270184,1.1362486069005509,1.0910504861273265,1.0710508651860013
2020-06-22,1.0929051675771642,1.1055435137447747,1.1387330373195546,1.1362486069005509,1.0910504861273265,1.0689394350554717
2020-06-23,1.0933213426132886,1.1059645014255173,1.139173817552554,1.1362486069005509,1.0910504861273265,1.0685256704962605
2020-06-24,1.0912080876815717,1.1038268088315404,1.136935622273319,1.1362486069005509,1.0910504861273265,1.0706266855005855
2020-06-28,1.0899671813381615,1.1025715526576099,1.135621350777671,1.1362486069005509,1.0910504861273265,1.0718604045409803
2020-06-29,1.090475733899467,1.103085986116458,1.1361599701012903,1.1362486069005509,1.0910504861273265,1.071354797505239
2020-06-30,1.0887510359808825,1.1013413438056459,1.1343333041929107,1.1362486069005509,1.0910504861273265,1.0730695060103463
2020-07-01,1.089697667527582,1.102298922191591,1.135335902709161,1.1360214026200268,1.0910504861273265,1.07212835733333
2020-07-02,1.0897700457947344,1.102372137440416,1.135412560140987,1.136097650043801,1.0910504861273265,1.0720563982795541
2020-07-03,1.0924128048914057,1.1050454573810584,1.138211565053054,1.1388816842671274,1.0910504861273265,1.069428945987079
2020-07-06,1.0996734879015047,1.1123901028684309,1.1459015158457029,1.14653050477835,1.0910504861273265,1.0622103166977703
2020-07-07,1.1016181776584066,1.114357281001329,1.1479611800008167,1.148579152664488,1.0910504861273265,1.0602768905423705
2020-07-08,1.1044799762477755,1.1172521734055203,1.1509921745091996,1.1515939356702887,1.0910504861273265,1.0574316674292574
2020-07-09,1.1075436721086735,1.120351297819591,1.15423700290636,1.1548214088581956,1.0910504861273265,1.054385716429296
2020-07-10,1.1045933053766057,1.1173668130714434,1.1511122039090322,1.1517133230838295,1.0908323196633938,1.0573189947003188
2020-07-13,1.1052856606426527,1.1180671747279647,1.151845492763473,1.1524426898875624,1.091542482963631,1.0566306495411733
2020-07-14,1.1031533587985274,1.1159102149632445,1.1495871244758626,1.1501964006529575,1.0893553362934365,1.0587506011385974
2020-07-15,1.0994677812474933,1.1121820174244026,1.14568364735525,1.1463138015739398,1.08557496219176,1.0624148319032387
2020-07-16,1.0978840304807314,1.1105799521770914,1.1440062617088473,1.1446453875510956,1.0839504758529777,1.0639894096194138
2020-07-17,1.098553529451888,1.1112571932287207,1.1447153429532377,1.145350676221005,1.0846371949727396,1.0633237883719868
2020-07-20,1.0977659396237989,1.1104604957184825,1.1438811890569207,1.144520983859675,1.0838293475871876,1.0641068164966272
2020-07-21,1.0954936429734716,1.1081619222487986,1.1414745491577523,1.1421272160554021,1.0814986053115805,1.0663659520533284
2020-07-22,1.0936889480227716,1.1063363578208643,1.1395631566141964,1.140226046738932,1.0796474918948682,1.0681601942494512
2020-07-23,1.0948527143709275,1.1075135819532842,1.1407957274259248,1.1414520250527718,1.080841191417413,1.067003168411107
2020-07-24,1.0916299767914188,1.104253576663506,1.137382454408831,1.1380570081836772,1.0775355619703657,1.0702072399634446
2020-07-27,1.0928270752362894,1.105464518344727,1.138650327985216,1.139318100442676,1.0787634509227708,1.0690170750871772
2020-07-28,1.0962126639168903,1.1088892579443608,1.1422360802239182,1.142884674015262,1.082236120155706,1.065651095663844
2020-07-29,1.0979964072639412,1.1106936284844773,1.1441252824582613,1.1447637717090606,1.0840657430736491,1.0638776837201303
2020-07-30,1.0983125860099212,1.1110134635188171,1.1444601543972905,1.1450968525602838,1.0843900542368936,1.0635633362746881
2020-07-31,1.1006010725357958,1.113328414083633,1.146883941353578,1.1475076757093483,1.0867374028070043,1.061288104613853
2020-08-03,1.100240133545656,1.1129633011980462,1.146501662844867,1.1471274418460544,1.0863671801236618,1.0616469530530772
2020-08-04,1.0999277641821574,1.112647319597855,1.1461708255075125,1.146798374017135,1.0860467763238297,1.0619575131798997
2020-08-05,1.1007839228949168,1.1135133789227694,1.1470776022339806,1.1477003007799351,1.0869249562508083,1.061106313320103
2020-08-06,1.1021438724408799,1.114889054913846,1.148517955031974,1.1491329497424256,1.0883198849891014,1.05975424057284
2020-08-07,1.1028495605456126,1.1156029035898878,1.1492653649922773,1.1498763621242218,1.0890437240612827,1.0590526397985254
2020-08-10,1.100973439673381,1.113705087271666,1.1472783236673143,1.147899948639554,1.0871193475805845,1.0609178942187687
2020-08-11,1.1011162915164443,1.1138495910522412,1.147429621230129,1.14805043697595,1.0872658737085565,1.060775869770527
2020-08-12,1.1012591433595076,1.1139940948328166,1.1475809187929433,1.1482009253123462,1.0874123998365286,1.060633845322285
2020-08-13,1.1006648796923642,1.1133929591056233,1.146951520931635,1.1475748938329384,1.086802851144165,1.0612246670269714
2020-08-14,1.0991068422573533,1.1118169045388158,1.1453013688465388,1.1459335677106457,1.0852047395084177,1.0627736803424632
2020-08-17,1.0988078057325408,1.1115144099581449,1.1449846526150473,1.14561854545979,1.0848980114805298,1.0630709848541162
2020-08-18,1.1005601216741177,1.1132869896665347,1.1468405693855712,1.1474645357195814,1.086695398650319,1.0613288182890155
2020-08-19,1.1020762559018298,1.114820656457707,1.1484463408522418,1.1490617185965313,1.088250529288528,1.0598214654783416
2020-08-20,1.103763812341218,1.1165277277855694,1.1502336693942898,1.1508394874771566,1.0899814912803032,1.0581436833297768
2020-08-21,1.102379101809124,1.1151270044725266,1.1487670916854085,1.149380753869691,1.0885611646798286,1.0595203736480685
2020-08-24,1.1033676365631222,1.1161269706341075,1.1498140708200844,1.1504221331575515,1.0895751254853943,1.0585375644662347
2020-08-25,1.1068075089440874,1.11960662167036,1.1534573161326562,1.1540458922979682,1.093103474646959,1.0551176157525692
2020-08-26,1.1072522543488246,1.1200565101072177,1.1539283558782185,1.1545144126519478,1.0935596593253785,1.0546754463037096
2020-08-27,1.1076179550670666,1.1204264397854904,1.1543156776390235,1.1548996627931216,1.0939347662129866,1.0543118637162103
2020-08-28,1.1092626559535357,1.1220901599791802,1.156057616912227,1.156632285172828,1.0956217703663702,1.0526766889021186
2020-08-31,1.1061151536780403,1.1189062600138384,1.1527240272782155,1.1533165254942352,1.0923933113467215,1.0558059609117154
2020-09-01,1.1069970257225512,1.1197983300192564,1.15365803756599,1.1542455401575868,1.0932978659767352,1.054929196651235
2020-09-02,1.1105387990849014,1.123381060418986,1.1574092084733694,1.1579766476446325,1.0969307371095862,1.0514079371644907
2020-09-03,1.110521656863734,1.123363719965317,1.1573910527658318,1.157958589044265,1.0969131539742298,1.0514249800982798
2020-09-04,1.11125782002832,1.1241083961145482,1.1581707395395355,1.1587341056044924,1.0976682519537118,1.0506930807750066
2020-09-07,1.1128120480808492,1.1256805972472073,1.1598168570229566,1.1603714187044813,1.0992624562260467,1.0491478547781345
2020-09-08,1.1114235281662737,1.1242760205000155,1.1583462447124002,1.158908672074712,1.0978382222621592,1.050528332415046
2020-09-09,1.108848385608652,1.121671099015512,1.1556188539800651,1.1561958689972793,1.0951968445952516,1.05308855980202
2020-09-10,1.1086941056181436,1.1215150349324907,1.1554554526122256,1.1560333415939716,1.095038596377042,1.0532419462061213
2020-09-11,1.1116578051888975,1.124513006700159,1.158594372715416,1.1591554729464013,1.0980785251120333,1.0502954123199293
2020-09-14,1.1128396661038413,1.125708534644785,1.1598461078851008,1.1604005131161845,1.0992907846107878,1.0491203967181413
2020-09-15,1.110470230200231,1.12331169860431,1.1573365856432185,1.1579044132431624,1.0968604045681598,1.051476108899647
2020-09-16,1.1111721089224822,1.124021693846203,1.1580799610018468,1.1586438126026548,1.0975803362769285,1.0507782954439517
2020-09-17,1.111846369621741,1.1247037516905183,1.158794085498331,1.1593541175504443,1.0982719396009564,1.0501079400482498
2020-09-18,1.1112063933648173,1.1240563747535413,1.1581162724169223,1.15867992980339,1.097615502547642,1.0507442095763735
2020-09-21,1.1095912151925813,1.1224225186745034,1.1564056013067003,1.1569784083465389,1.0959587804607058,1.0523500326711621
2020-09-22,1.1079312767761855,1.1207433847442188,1.1546475236267966,1.1552297338776167,1.0942561468536716,1.0540003567597331
2020-09-23,1.1082645977433332,1.1210805602322278,1.1550005512733634,1.1555808733292074,1.0945980411522729,1.053668966380502
2020-09-24,1.1082598360152311,1.1210757434395417,1.1549955080212697,1.1555758570513277,1.0945931569480072,1.0536737005287768
2020-09-25,1.1103111884816206,1.1231508177286027,1.157168141023285,1.1577368695619747,1.0966972721456842,1.051634229452023
2020-09-27,1.110496895877603,1.1233386726433507,1.157364827854944,1.1579325043992896,1.096887756112048,1.0514495976693083
2020-09-28,1.1094274117458687,1.1222568210061103,1.1562321134346731,1.1568058483874712,1.0957907638339646,1.0525128873718128
2020-09-29,1.1105978445133675,1.1234407886482904,1.1574717447993328,1.1580388494903429,1.0969913012424815,1.051349233725884
2020-09-30,1.1125015834085916,1.1253665423640902,1.15948803698644,1.160044357386714,1.098944006107921,1.0494565212456468
2020-10-09,1.1161204967661957,1.1290273048053303,1.163320908577739,1.1638567285754136,1.102656001349877,1.045858568556852
2020-10-10,1.116438580203417,1.1293490665567447,1.163657797817606,1.1641918159377886,1.1029822661948279,1.0455423274521
2020-10-12,1.1161966844158298,1.129104373488304,1.1634016006112402,1.1639369890214915,1.1027341486181288,1.0457828221844563
2020-10-13,1.115942492703468,1.1290600589955941,1.163355202691977,1.1638908392649965,1.102689213938884,1.045826376348584
2020-10-14,1.115942492703468,1.1306823547721858,1.165053769997174,1.165580321654936,1.1043342139355825,1.0442319152096549
2020-10-15,1.115942492703468,1.1309434249357586,1.1653271142606587,1.165852203916025,1.104598937806785,1.0439753243731642
2020-10-16,1.115942492703468,1.130752679945399,1.1651274014777435,1.1656535593119821,1.104405523317862,1.0441627966448435
2020-10-19,1.115942492703468,1.1292748879493828,1.1635801317353611,1.1641145652584386,1.1029070494491355,1.045615233335531
2020-10-20,1.115942492703468,1.1288837643832923,1.1631706196653433,1.1637072434945934,1.1025104520627582,1.045999646175439
2020-10-21,1.115942492703468,1.1279868775851885,1.1622315661254752,1.162773212553362,1.101601013228479,1.0468811445841937
2020-10-22,1.115942492703468,1.1261584230816428,1.160317147630663,1.1608690334701643,1.0997469692892072,1.0486782272692814
2020-10-23,1.115942492703468,1.1277219539874672,1.1619541872603154,1.1624973172699693,1.1013323819938639,1.047141522739304
2020-10-26,1.115942492703468,1.1281930363121426,1.1624474173150905,1.1629879092466204,1.1018100571710523,1.0466785230380353
2020-10-27,1.115942492703468,1.1263905924891005,1.160560232381585,1.161110818063974,1.0999823879348156,1.0484500413224394
2020-10-28,1.115942492703468,1.1275851570751891,1.161810958900851,1.162354854978181,1.101193670592717,1.0472759725503062
2020-10-29,1.115942492703468,1.1271709129042067,1.1613772392207828,1.1619234550805124,1.100773629025864,1.047683109301933
2020-10-30,1.1157193488337014,1.1269127328162456,1.1611069209085545,1.1616545825861515,1.1005118356772208,1.0479368596494585
2020-11-02,1.1153372894154694,1.1265476199306588,1.1607246423998434,1.1612743487228576,1.1001416129938784,1.0482957080886832
2020-11-03,1.1150126901208235,1.1262374184816906,1.1603998569650016,1.1609513004273941,1.0998270702391653,1.0486005872375757
2020-11-04,1.1139300204237754,1.1252027714127717,1.1593165664152503,1.1598738039387986,1.0987779431628861,1.0496174822869877
2020-11-05,1.1142304259821743,1.1254898522568477,1.1596171442400416,1.1601727741004386,1.0990690417371236,1.0493353270498138
2020-11-06,1.1161215696988058,1.127297112872576,1.161509372425641,1.162054881560965,1.1009015951776262,1.047559074617135
2020-11-09,1.1176598880951703,1.128767198000295,1.1630485729646731,1.1635858495699005,1.1023922543195275,1.0461142125636873
2020-11-10,1.1174522251923844,1.1285687461416383,1.1628407909784078,1.16337917892125,1.1021910251037792,1.0463092594726064
2020-11-11,1.1173242000047447,1.1284463996074179,1.1627126923752251,1.1632517654631014,1.1020669663154297,1.0464295068387843
2020-11-12,1.1193655465005756,1.130397200645184,1.16475520947322,1.165283358004448,1.104045069043051,1.0445121767875187
2020-11-13,1.1203665623377905,1.1313538156725922,1.1657567993390516,1.1662795907913897,1.1050150720102254,1.0435719749401573
2020-11-16,1.1204915633083994,1.131473272131201,1.1658818719909783,1.1664039944828104,1.1051362002760154,1.0434545680629441
2020-11-17,1.121427054443279,1.1323672688536934,1.1668178995795901,1.167335015657314,1.1060427085877353,1.0425759101431542
2020-11-18,1.1238857428893687,1.1347169003258475,1.169277997950953,1.1697819560071134,1.1084252234285592,1.0402665926147405
2020-11-19,1.1255843447883687,1.1363401594609763,1.1709775739065686,1.1714724416526288,1.1100712002661108,1.0386711846461567
2020-11-20,1.1244633683422631,1.135268904767645,1.1698559546409042,1.1703568214521463,1.108984953237412,1.0397240592224566
2020-11-23,1.1221800844839633,1.1330868976809583,1.1675713614424061,1.1680844475725662,1.1067724087050357,1.0418686283909093
2020-11-24,1.1231700115253982,1.1340329157644577,1.1685618561536313,1.169069644548172,1.1077316664228254,1.0409388416697525
2020-11-25,1.122576256915006,1.1334654975860656,1.16796776105698,1.1684787270139236,1.107156307160322,1.0414965243365155
2020-11-26,1.1229512598268327,1.1338238669618923,1.1683429790127597,1.1688519380881859,1.1075196919576926,1.0411443037048755
2020-11-27,1.1234421910581758,1.1342930225694932,1.1688341917666973,1.169340523553685,1.1079954134531749,1.040683197662917
2020-11-30,1.1201568832903175,1.1311534370968612,1.165547000051949,1.1660709136315872,1.104811889112771,1.043768915508386
2020-12-01,1.1211024551486333,1.1318448501159308,1.1664931141447485,1.1670119673618504,1.1057281658330222,1.0428807892920466
2020-12-02,1.1221014076633753,1.1318448501159308,1.1677145898018706,1.1682269098643545,1.1069111201061825,1.041734178579907
2020-12-03,1.1221014076633753,1.1318448501159308,1.1677034946472642,1.1682158740530186,1.1069003748567978,1.0417445937061114
2020-12-04,1.1221014076633753,1.1318448501159308,1.166776544912421,1.167293882178699,1.1060026581127564,1.0426147301590067
2020-12-07,1.1221014076633753,1.1318448501159308,1.1671315898598256,1.1676470281414417,1.106346506093064,1.0422814461204657
2020-12-08,1.1221014076633753,1.1318448501159308,1.1657628512415643,1.1662856103248456,1.1050209330553442,1.0435662939622277
2020-12-09,1.1221014076633753,1.1318448501159308,1.1665153044539613,1.1670340389845217,1.1057496563317915,1.042859959039638
2020-12-10,1.1221014076633753,1.1318448501159308,1.1657991626566395,1.1663217275255806,1.1050560993260574,1.0435322080946496
2020-12-11,1.1221014076633753,1.1318448501159308,1.1685487436981874,1.1688360049850817,1.1077189674917345,1.0409511504552669
2020-12-14,1.1221014076633753,1.1318448501159308,1.1684509046075675,1.168602284528176,1.1076242139289791,1.0410429929317964
2020-12-15,1.1221014076633753,1.1318448501159308,1.1672404264676914,1.1675606964677074,1.1066669098928958,1.0419708859936436
2020-12-16,1.1221014076633753,1.1318448501159308,1.1672404264676914,1.1672896710029936,1.1064178154753437,1.0422123275556547
2020-12-17,1.1221014076633753,1.1318448501159308,1.1672404264676914,1.1676095873358519,1.1067118445721404,1.0419273318295161
2020-12-18,1.1221014076633753,1.1318448501159308,1.1672404264676914,1.1681930892187062,1.1070332468986928,1.0414075223489507
2020-12-21,1.1221014076633753,1.1318448501159308,1.1672404264676914,1.1665988217792131,1.1070332468986928,1.0428277668313697
2020-12-22,1.1221014076633753,1.1318448501159308,1.1672404264676914,1.1633815900863167,1.1070332468986928,1.0456938201968915
2020-12-23,1.1221014076633753,1.1318448501159308,1.1672404264676914,1.1631052503968045,1.1070332468986928,1.0459399959071773
2020-12-24,1.1221014076633753,1.1318448501159308,1.1672404264676914,1.1644178639219869,1.1070332468986928,1.044770661283319
2020-12-25,1.1221014076633753,1.1318448501159308,1.1672404264676914,1.162115741739359,1.1070332468986928,1.0468214943159322
2020-12-28,1.1221014076633753,1.1318448501159308,1.1672404264676914,1.160958303578287,1.1070332468986928,1.0478525918101684
2020-12-29,1.1221014076633753,1.1318448501159308,1.1672404264676914,1.1603269736722481,1.1070332468986928,1.0484150086252062
2020-12-30,1.1221014076633753,1.1318448501159308,1.1672404264676914,1.1578664875906306,1.1070332468986928,1.0506069192764065
2020-12-31,1.1221014076633753,1.1318448501159308,1.1672404264676914,1.1593874187279067,1.1070332468986928,1.0492520060401787
2021-01-04,1.1221014076633753,1.1318448501159308,1.1672404264676914,1.1614280810504578,1.1070332468986928,1.0474340931026822
2021-01-05,1.1221014076633753,1.1318448501159308,1.1672404264676914,1.1593937957976648,1.1070332468986928,1.049246325062249
2021-01-06,1.1221014076633753,1.1318448501159308,1.1672404264676914,1.1587412089924323,1.1070332468986928,1.049827678470386
2021-01-07,1.1221014076633753,1.1318448501159308,1.1672404264676914,1.15771131222652,1.1070332468986928,1.0507451564060286
2021-01-08,1.1221014076633753,1.1318448501159308,1.1672404264676914,1.159405487092221,1.1070332468986928,1.0492359099360447
2021-01-11,1.1221014076633753,1.1318448501159308,1.1672404264676914,1.1609189783147797,1.1070332468986928,1.0478876245074014
2021-01-12,1.1221014076633753,1.1318448501159308,1.1672404264676914,1.1601579813236618,1.1070332468986928,1.0485655545403427
2021-01-13,1.1221014076633753,1.1318448501159308,1.1672404264676914,1.1574955546997086,1.1070332468986928,1.0509373628259828
2021-01-14,1.1221014076633753,1.1318448501159308,1.1672404264676914,1.1559576180430777,1.1070332468986928,1.0523074253366895
2021-01-15,1.1221014076633753,1.1318448501159308,1.1672404264676914,1.1593183338055288,1.1070332468986928,1.04931354996775
2021-01-18,1.1221014076633753,1.1318448501159308,1.1672404264676914,1.1604045613543035,1.1070332468986928,1.0483458900603952
2021-01-19,1.1221014076633753,1.1318448501159308,1.1672404264676914,1.1602249405561205,1.1070332468986928,1.0485059042720812
2021-01-20,1.1221014076633753,1.1318448501159308,1.1672404264676914,1.1593087682008918,1.1070332468986928,1.0493220714346445
2021-01-21,1.1221014076633753,1.1318448501159308,1.1672404264676914,1.1573265623511222,1.1070332468986928,1.0510879087411191
2021-01-22,1.1221014076633753,1.1318448501159308,1.1672404264676914,1.1561348980315214,1.1070332468986928,1.0519391086009156
2021-01-25,1.1221014076633753,1.1318448501159308,1.1672404264676914,1.1561348980315214,1.1070332468986928,1.0515225035527394
2021-01-26,1.1221014076633753,1.1318448501159308,1.1672404264676914,1.1561348980315214,1.1070332468986928,1.0487795380423606
2021-01-27,1.1221014076633753,1.1318448501159308,1.167007025062679,1.1561348980315214,1.1070332468986928,1.0490418098567806
2021-01-28,1.1221014076633753,1.1318448501159308,1.1699330954300091,1.1561348980315214,1.1070332468986928,1.0464115170753405
2021-01-29,1.121877032256924,1.1316185264106486,1.169486495777112,1.1561348980315214,1.1070332468986928,1.0468129728490376
2021-02-01,1.1209688541091072,1.1307024623610233,1.1685437913211147,1.1561348980315214,1.1068118845217885,1.0476603853902142
2021-02-02,1.1216588665566105,1.1313984663316883,1.169260036047459,1.1559037172880637,1.1074920804936335,1.047016541224851
2021-02-03,1.124018100292559,1.1337781857902118,1.1717089610309157,1.1583340342970831,1.1098177505444276,1.0448151622771016
2021-02-04,1.1251211054843768,1.134890768608025,1.1728538992919983,1.159470272829902,1.1109050638111857,1.0437859584421751
2021-02-05,1.1248775716793757,1.13464512014779,1.1726011070356417,1.159219401396713,1.1106649946446523,1.044013197559362
2021-02-07,1.1248197324006879,1.1345867786384844,1.1725410688747568,1.1591598194313306,1.1106079782176004,1.0440671668496941
2021-02-08,1.1254326258099407,1.135204993930075,1.1731772627199215,1.1597911792048565,1.11121215228671,1.0434952817381067
2021-02-09,1.1243367236874355,1.1340995758590189,1.1720396975663159,1.1586622577555055,1.1101318410373089,1.0445178577654484
2021-02-10,1.12578676455138,1.1355622077326664,1.1735448647927071,1.160155988080619,1.1115612528663776,1.0431648381885306
2021-02-18,1.1288228193203944,1.1386246252035923,1.176696341588622,1.1632835186143764,1.114554115142496,1.0403319238609319
2021-02-19,1.126741620011822,1.1365253544038365,1.1745360210978395,1.1611396131582479,1.1125025240568278,1.0422738714832263
2021-02-20,1.1266979868717593,1.1364813423880444,1.1744907291519089,1.1610946653598015,1.1124595116644906,1.042314585158389
2021-02-22,1.1276853135062015,1.137477242187246,1.175515591091222,1.1618818008229328,1.1134327920771456,1.0413933199041265
2021-02-23,1.127593988329326,1.137385124014658,1.1754207939950883,1.1618818008229328,1.1133427661396955,1.0414785345730717
2021-02-24,1.1273250864196371,1.1371138871731488,1.1751416692120276,1.1618818008229328,1.1130776897683146,1.0417294444316323
2021-02-25,1.127778668131452,1.137571407430336,1.1756124947894921,1.1618818008229328,1.1135248185909834,1.0413062115758716
2021-02-26,1.128618859758706,1.1384188946181457,1.1764846280739232,1.1618818008229328,1.1143530572155242,1.040522236621576
2021-03-01,1.1266513095591342,1.1364342597664996,1.1744422773027738,1.1618818008229328,1.1124134984075718,1.0423581393225163
2021-03-02,1.126225125400382,1.1360043749610889,1.1739998908541494,1.1618818008229328,1.111993377366138,1.0427558077775938
2021-03-03,1.1265062040003209,1.1362878942256096,1.1742916552500278,1.1618818008229328,1.1122704571958455,1.0424935359631737
2021-03-04,1.1266969721475717,1.1364803188527934,1.1744896758508405,1.1618818008229328,1.1124585113762968,1.042315531988044
2021-03-05,1.1254468319485658,1.1349937198777091,1.1731920089348757,1.1618818008229328,1.1112261563214245,1.0434820261229374
2021-03-08,1.1247527606043126,1.1349937198777091,1.1724715510042587,1.1618818008229328,1.1105419591968038,1.0441296576069206
2021-03-09,1.1251190760360017,1.1349937198777091,1.172851792689862,1.1618818008229328,1.110903063234798,1.043787852101485
2021-03-10,1.1248714833342506,1.1349937198777091,1.1725947872292326,1.1618818008229328,1.1106589929154889,1.0440188785372917
2021-03-11,1.1250642809298765,1.1349937198777091,1.1727949144321819,1.1618818008229328,1.1108490476723278,1.043838980902852
2021-03-12,1.1256497767860667,1.1349937198777091,1.1731705468723108,1.1618818008229328,1.111205774449186,1.043292660191948
2021-03-15,1.126198742571507,1.1349937198777091,1.1731705468723108,1.1618818008229328,1.111205774449186,1.0427804253486224
2021-03-16,1.1259815915953808,1.1349937198777091,1.1731705468723108,1.1618818008229328,1.111205774449186,1.0429830468947807
2021-03-17,1.1258375007607553,1.1349937198777091,1.1731705468723108,1.1618818008229328,1.111205774449186,1.0431174967057832
2021-03-18,1.1257634258950673,1.1349937198777091,1.1731705468723108,1.1618818008229328,1.111205774449186,1.0431866152705942
2021-03-19,1.1248572771956256,1.1349937198777091,1.1731705468723108,1.1618818008229328,1.111205774449186,1.0440321341524612
2021-03-22,1.124239310165435,1.1349937198777091,1.1731705468723108,1.1618818008229328,1.111205774449186,1.0446087534123232
2021-03-23,1.1236304756529323,1.1349937198777091,1.1731705468723108,1.1618818008229328,1.111205774449186,1.0451768512052908
2021-03-24,1.1220525795413623,1.1349937198777091,1.1731705468723108,1.1618818008229328,1.111205774449186,1.046649171318732
2021-03-25,1.1219338568114243,1.1349937198777091,1.1731705468723108,1.1618818008229328,1.111205774449186,1.0467599503883607
2021-03-26,1.122502102356427,1.1349937198777091,1.1731705468723108,1.1618818008229328,1.111205774449186,1.0462297257815907
2021-03-29,1.1226532962603653,1.1349937198777091,1.1731705468723108,1.1618818008229328,1.111205774449186,1.0460886481630038
2021-03-30,1.1228085490610533,1.1349937198777091,1.1731705468723108,1.1618818008229328,1.111205774449186,1.0459437832257972
2021-03-31,1.1223356875896762,1.1349937198777091,1.1731705468723108,1.1618818008229328,1.111205774449186,1.046385005845002
2021-04-01,1.1225568974625522,1.1349937198777091,1.1731705468723108,1.1618818008229328,1.111205774449186,1.0461785969802238
2021-04-02,1.1225579121867397,1.1349937198777091,1.1731705468723108,1.1618818008229328,1.111205774449186,1.0461776501505688
2021-04-06,1.123145437491305,1.1349937198777091,1.1731705468723108,1.1618818008229328,1.111205774449186,1.0456294357803548
2021-04-07,1.1239967910846216,1.1349937198777091,1.1731705468723108,1.1618818008229328,1.111205774449186,1.0448350456998554
2021-04-08,1.1244026807596235,1.1349937198777091,1.1731705468723108,1.1618818008229328,1.111205774449186,1.0444563138378768
2021-04-09,1.1231992178732426,1.1349937198777091,1.1731705468723108,1.1618818008229328,1.111205774449186,1.0455792538086428
2021-04-12,1.1219967697110496,1.1349937198777091,1.1731705468723108,1.1618818008229328,1.111205774449186,1.046701246949754
2021-04-13,1.1194142966538498,1.1349937198777091,1.1731705468723108,1.1618818008229328,1.111205774449186,1.0491109284215916
2021-04-14,1.119539107728913,1.1349937198777091,1.1731705468723108,1.1618818008229328,1.111205774449186,1.0489944683740333
2021-04-15,1.1197278464277887,1.1349937198777091,1.1731705468723108,1.1618818008229328,1.111205774449186,1.0488183580582133
2021-04-16,1.1189018609391599,1.1349937198777091,1.1731705468723108,1.1618818008229328,1.111205774449186,1.0495890773973393
2021-04-19,1.1181996718014067,1.1349937198777091,1.1731705468723108,1.1618818008229328,1.111205774449186,1.0502442835185621
2021-04-20,1.1178455330599675,1.1349937198777091,1.1731705468723108,1.1618818008229328,1.111205774449186,1.0505747270681383
2021-04-21,1.1178150913343423,1.1349937198777091,1.1731705468723108,1.1618818008229328,1.111205774449186,1.0506031319577867
2021-04-22,1.1183305712215947,1.1349937198777091,1.1731705468723108,1.1618818008229328,1.111205774449186,1.050122142493074
2021-04-23,1.1183671012923448,1.1349937198777091,1.1731705468723108,1.1618818008229328,1.111205774449186,1.050088056625496
2021-04-25,1.1194559003455375,1.1349937198777091,1.1731705468723108,1.1618818008229328,1.111205774449186,1.0490721084057388
2021-04-26,1.12105713511342,1.1349937198777091,1.1731705468723108,1.1618818008229328,1.111205774449186,1.0475780112102342
2021-04-27,1.1214518628223595,1.1349937198777091,1.1731705468723108,1.1618818008229328,1.111205774449186,1.04720969447446
2021-04-28,1.1205660086066678,1.1349937198777091,1.1731705468723108,1.1618818008229328,1.111205774449186,1.0480362767632279
2021-04-29,1.119784670982289,1.1349937198777091,1.1731705468723108,1.1618818008229328,1.111205774449186,1.0487653355975364
2021-04-30,1.1182402607689068,1.1349937198777091,1.1731705468723108,1.1618818008229328,1.111205774449186,1.0502064103323643
2021-05-06,1.1174802323524657,1.1349937198777091,1.1731705468723108,1.1618818008229328,1.111205774449186,1.0509155857439187
2021-05-07,1.1175279243892784,1.1349937198777091,1.1731705468723108,1.1618818008229328,1.111205774449186,1.0508710847501364
2021-05-08,1.11734831820809,1.1349937198777091,1.1731705468723108,1.1618818008229328,1.111205774449186,1.051038673599062
2021-05-10,1.1167790579388999,1.1349937198777091,1.1731705468723108,1.1618818008229328,1.111205774449186,1.0515698450354867
2021-05-11,1.1162270479808973,1.1349937198777091,1.1731705468723108,1.1618818008229328,1.111205774449186,1.0520849203677773
2021-05-12,1.1155583447413315,1.1349937198777091,1.1731705468723108,1.1618818008229328,1.111205774449186,1.0527088811103866
2021-05-13,1.1161042663542093,1.1349937198777091,1.1731705468723108,1.1618818008229328,1.111205774449186,1.0521994867560256
2021-05-14,1.115129116410017,1.1349937198777091,1.1731705468723108,1.1618818008229328,1.111205774449186,1.0531093900544288
2021-05-17,1.11622197435996,1.1349937198777091,1.1731705468723108,1.1618818008229328,1.111205774449186,1.0520896545160519
2021-05-18,1.1157085239210824,1.1347667665244043,1.1731705468723108,1.1618818008229328,1.111205774449186,1.0525687503214545
2021-05-19,1.1139459480073866,1.1329936886668497,1.1731705468723108,1.1618818008229328,1.111205774449186,1.0542133934320959
2021-05-20,1.1120626199153776,1.131099139154114,1.1731705468723108,1.1618818008229328,1.111205774449186,1.0559707092716757
2021-05-21,1.1103720894189946,1.1293985359815832,1.1731705468723108,1.1618818008229328,1.111205774449186,1.057548127476816
2021-05-24,1.1108652453741221,1.1298946303044224,1.1731705468723108,1.1618818008229328,1.111205774449186,1.057087968264512
2021-05-25,1.1108358183726843,1.1298650279682858,1.1731705468723108,1.1618818008229328,1.111205774449186,1.0571154263245057
2021-05-26,1.1095816192769283,1.1286033559867443,1.1731705468723108,1.1618818008229328,1.111205774449186,1.058285707778019
2021-05-27,1.110539518909933,1.1295669630664977,1.1731705468723108,1.1618818008229328,1.111205774449186,1.0573919005837498
2021-05-28,1.1118292333522515,1.1308643620054455,1.1731705468723108,1.1618818008229328,1.111205774449186,1.0561884800923134
2021-05-31,1.1109007607206847,1.1299303572618284,1.1731705468723108,1.1618818008229328,1.111205774449186,1.0570548292265889
2021-06-01,1.1104207961799948,1.1294475329517402,1.1731705468723108,1.1618818008229328,1.111205774449186,1.0575026796533784
2021-06-02,1.1117774824186888,1.1308123027246537,1.1731705468723108,1.1618818008229328,1.111205774449186,1.0562367684047156
2021-06-03,1.111502492163875,1.1305356739973091,1.1731705468723108,1.1618818008229328,1.111205774449186,1.0564933592412058
2021-06-04,1.1140971419113248,1.1331457834283785,1.1731705468723108,1.1618818008229328,1.111205774449186,1.0540723158135088
2021-06-07,1.1156801116438322,1.1347381849584794,1.1731705468723108,1.1618818008229328,1.111205774449186,1.0525952615517933
2021-06-08,1.1156993914033948,1.1347575795925,1.1729359596803748,1.1618818008229328,1.111205774449186,1.052577271788349
2021-06-09,1.1157328773015824,1.134791265009483,1.1729707778634495,1.1618818008229328,1.111205774449186,1.052546026409736
2021-06-10,1.114897759295266,1.1339511711253334,1.1721024334794983,1.1618818008229328,1.111205774449186,1.0533252672157567
2021-06-11,1.1161245608379593,1.1351852823111617,1.1733780450957765,1.1618818008229328,1.111205774449186,1.0521805501629267
2021-06-15,1.1165953928609615,1.1356589196893456,1.1738676098517342,1.1618818008229328,1.111205774449186,1.0517412212030317
2021-06-16,1.1166390260010244,1.1357028128084445,1.173912978999377,1.1618818008229328,1.111205774449186,1.0517005075278691
2021-06-17,1.1174365992124031,1.1365051381947646,1.174742284814426,1.1618818008229328,1.111205774449186,1.0509562994190815
2021-06-18,1.116547700824149,1.1356109434894004,1.1738180203182644,1.1618818008229328,1.111205774449186,1.051785722196814
2021-06-21,1.1141803492947002,1.13322948658573,1.1713564802845369,1.161649470928747,1.111205774449186,1.0539946757818033
2021-06-22,1.113701399478198,1.1327476830458534,1.1708584747569246,1.1611569206919232,1.111205774449186,1.054441579378938
2021-06-23,1.112967753890632,1.1320096661828642,1.1700956400186542,1.1604024422571273,1.111205774449186,1.0551261372194638
2021-06-24,1.1130397993079448,1.132082140867888,1.1701705518670873,1.1604765335003782,1.111205774449186,1.0550589123139629
2021-06-25,1.1132437588696331,1.1322873156804203,1.1703826262549053,1.1606862847664834,1.111205774449186,1.0548685995533185
2021-06-28,1.1139560952492615,1.1330038963689657,1.1711233039675828,1.161418848889895,1.111205774449186,1.0542039251355466
2021-06-29,1.1138789762110113,1.132926317832884,1.1710431166368656,1.1613395399534574,1.111205774449186,1.0542758841893223
2021-06-30,1.1133218926320712,1.1323659149867136,1.1704638686820794,1.1607666372415584,1.111205774449186,1.0547956936698877
2021-07-01,1.1135623822645098,1.1326078375268636,1.1707139265423423,1.1610139558986077,1.111205774449186,1.0545712950416655
2021-07-02,1.1136689283041976,1.132715018399082,1.1708247116703068,1.1611235274555283,1.111205774449186,1.054471877927896
2021-07-05,1.1130692263093824,1.1321117432040244,1.1702011496643347,1.160506796120861,1.111205774449186,1.0550314542539694
2021-07-06,1.1134933810197594,1.1323110261308953,1.1706421799832796,1.1609429952712687,1.111205774449186,1.0546356794582017
2021-07-07,1.1112811164850667,1.1323110261308953,1.168577356217311,1.1589007901579966,1.111205774449186,1.0564886250929313
2021-07-08,1.1112811164850667,1.1323110261308953,1.1634749097521992,1.153854237307826,1.111205774449186,1.0610674933042503
2021-07-09,1.1112811164850667,1.1323110261308953,1.1643538051007183,1.1547235049927294,1.111205774449186,1.0602787842016803
2021-07-12,1.1112811164850667,1.1323110261308953,1.1598907470884305,1.150074738635726,1.111205774449186,1.064283873642102
2021-07-13,1.1112811164850667,1.1323110261308953,1.15879766715918,1.150074738635726,1.111205774449186,1.0652647891646263
2021-07-14,1.1112811164850667,1.1323110261308953,1.1574819618775434,1.150074738635726,1.111205774449186,1.066445485744344
2021-07-15,1.1112811164850667,1.1323110261308953,1.1598622594840968,1.150074738635726,1.111205774449186,1.0643094380427858
2021-07-16,1.1112811164850667,1.1323110261308953,1.1593051685549034,1.150074738635726,1.111205774449186,1.0648093641005971
2021-07-19,1.1112811164850667,1.1323110261308953,1.159236587285211,1.150074738635726,1.111205774449186,1.0648709080281684
2021-07-20,1.1112811164850667,1.1323110261308953,1.1576813751078796,1.150074738635726,1.111205774449186,1.0662665349395593
2021-07-21,1.1112811164850667,1.1323110261308953,1.1567961491806198,1.150074738635726,1.111205774449186,1.067060925020059
2021-07-22,1.1112811164850667,1.1323110261308953,1.1572350693066509,1.150074738635726,1.111205774449186,1.0666670438836015
2021-07-23,1.1112811164850667,1.1323110261308953,1.1564701243754667,1.150074738635726,1.111205774449186,1.0673534953834372
2021-07-26,1.1112811164850667,1.1323110261308953,1.1533396531881248,1.150074738635726,1.111205774449186,1.070162738969662
2021-07-27,1.1112811164850667,1.1320846092090535,1.1551544190938303,1.150074738635726,1.111205774449186,1.068534191963155
2021-07-28,1.1112811164850667,1.1329713865331341,1.1560871243616464,1.150074738635726,1.111205774449186,1.0676971945481826
2021-07-29,1.1112811164850667,1.1304093624542855,1.153392408010965,1.150074738635726,1.111205774449186,1.0701153974869146
2021-07-30,1.1112811164850667,1.127414984272859,1.1502429450874003,1.150074738635726,1.111205774449186,1.0729416840069286
2021-08-02,1.111058904704126,1.1253745939140576,1.1480968788942576,1.150074738635726,1.111205774449186,1.074867535525089
2021-08-03,1.112248037256543,1.1265934111637839,1.1493788210892764,1.150074738635726,1.111205774449186,1.0737171374943295
2021-08-04,1.1127187967279115,1.127075922354828,1.149886322485,1.150074738635726,1.111205774449186,1.0732617124303006
2021-08-05,1.1105744432938818,1.124878038738243,1.1475746061481389,1.150074738635726,1.111205774449186,1.0753362162042872
2021-08-06,1.1114963880382251,1.1258229982849446,1.1485685070104499,1.150074738635726,1.111205774449186,1.0744443026693282
2021-08-09,1.1150500837566013,1.1294654060493534,1.1523995622451109,1.150074738635726,1.111205774449186,1.071006364192219
2021-08-10,1.1158751362188957,1.1303110545608919,1.1532890085581982,1.150074738635726,1.111205774449186,1.0702081867930995
2021-08-11,1.1170398010233207,1.1315047932663853,1.1545445733417967,1.150074738635726,1.111205774449186,1.0690814595037137
2021-08-12,1.1151039128021838,1.129520578846666,1.1524575925502352,1.150074738635726,1.111205774449186,1.070954288561197
2021-08-13,1.1161687491948011,1.1306119970916886,1.1536055374952396,1.150074738635726,1.111205774449186,1.0699241378966156
2021-08-16,1.1168881009857696,1.1313493062921403,1.1543810333909919,1.150074738635726,1.111205774449186,1.0692282181002304
2021-08-17,1.1170398010233207,1.1315047932663853,1.1545445733417967,1.150074738635726,1.111205774449186,1.0690814595037137
2021-08-18,1.114752555941017,1.1291604509514794,1.1520788129222421,1.150074738635726,1.111205774449186,1.0712942004073225
2021-08-19,1.113490998854543,1.1278674012108232,1.1507187935894196,1.150074738635726,1.111205774449186,1.072514663832548
2021-08-20,1.1134420633585587,1.127817244122357,1.1506660387665792,1.150074738635726,1.111205774449186,1.0725620053152953
2021-08-23,1.1146615359184862,1.1290671587669323,1.151980688951759,1.150074738635726,1.111205774449186,1.0713822555652326
2021-08-24,1.1144775384535854,1.1288785681142999,1.1517823308178796,1.150074738635726,1.111205774449186,1.0715602595403624
2021-08-25,1.1134391272287998,1.127814234697049,1.1506628734772089,1.150074738635726,1.111205774449186,1.0725648458042603
2021-08-26,1.116028793676286,1.1304685478186756,1.1534546587019165,1.150074738635726,1.111205774449186,1.070059534537273
2021-08-27,1.1156647135861633,1.1300953790804877,1.1530621628199849,1.150074738635726,1.111205774449186,1.070411755168913
2021-08-30,1.1146517488192895,1.1290571273492394,1.1519701379871912,1.150074738635726,1.111205774449186,1.071391723861782
2021-08-31,1.1138805254025776,1.1282666516350133,1.1511387219792282,1.150074738635726,1.111205774449186,1.0721378256298795
2021-09-01,1.111890808135858,1.1262272644179814,1.1489937108825425,1.150074738635726,1.111205774449186,1.0740627303183847
2021-09-02,1.111875148777143,1.1262112141496723,1.1489768293392335,1.150074738635726,1.111205774449186,1.074077879592864
2021-09-03,1.1123468869584314,1.1266947284824855,1.1494853858314138,1.150074738635726,1.111205774449186,1.07362150769918
2021-09-06,1.1121814849820044,1.12652519752347,1.1493070745302136,1.150074738635726,1.111205774449186,1.073781521910866
2021-09-07,1.1141643512792863,1.1285575627481168,1.1514446999517018,1.150074738635726,1.111205774449186,1.071863245029945
2021-09-08,1.1153622922209807,1.129785408273767,1.1527361380148318,1.150074738635726,1.111205774449186,1.0707043255322912
2021-09-09,1.1156588413266453,1.1300893602298716,1.1530558322412439,1.150074738635726,1.111205774449186,1.0704174361468426
2021-09-10,1.1153583773813018,1.1297813957066898,1.1527319176290047,1.150074738635726,1.111205774449186,1.070708112850911
2021-09-13,1.1169311642222357,1.1313934445299905,1.1544274576350912,1.150074738635726,1.111205774449186,1.0691865575954127
2021-09-14,1.1172355430072578,1.1317054216202498,1.1547555926331579,1.150074738635726,1.111205774449186,1.0688920935727244
2021-09-15,1.117691621829831,1.1321728856847537,1.1552472675820291,1.150074738635726,1.111205774449186,1.0684508709535196
2021-09-16,1.1174019236936041,1.1318759557210345,1.1549349590308147,1.150074738635726,1.111205774449186,1.0687311325313837
2021-09-17,1.1165269570254057,1.1309791469792605,1.1539917027984306,1.150074738635726,1.111205774449186,1.0695775982429054
2021-09-18,1.115945603333113,1.1303832807682832,1.1533649755030881,1.150074738635726,1.111205774449186,1.0701400150579432
2021-09-22,1.1151929754048753,1.1296118647476745,1.1525536063278046,1.150074738635726,1.111205774449186,1.0708681270625968
2021-09-23,1.1145646436364376,1.1289678477317695,1.1518762344025355,1.150074738635726,1.111205774449186,1.071475991701072
2021-09-24,1.1149913611614202,1.1294052175431941,1.1523362564577027,1.150074738635726,1.111205774449186,1.0710631739715155
2021-09-26,1.1153632709309005,1.1297864114155365,1.1527371931112886,1.150074738635726,1.111205774449186,1.070703378702636
2021-09-27,1.1153045483357193,1.1297262229093772,1.1526738873238804,1.150074738635726,1.111205774449186,1.0707601884819329
2021-09-28,1.1160121556076514,1.130451494408597,1.1534367220621509,1.150074738635726,1.111205774449186,1.070075630641407
2021-09-29,1.1156324161588138,1.1300622754021001,1.1530273446369104,1.150074738635726,1.111205774449186,1.070443000547526
2021-09-30,1.115569778723954,1.1299980743288633,1.1529598184636747,1.150074738635726,1.111205774449186,1.0705035976454425
2021-10-08,1.1182338271253365,1.1327286262249583,1.1558317910190996,1.150074738635726,1.111205774449186,1.0679263273246793
2021-10-09,1.1190099440916466,1.1332979886278767,1.1566684825093463,1.150074738635726,1.111205774449186,1.0671754914083074
2021-10-11,1.1220833400700991,1.1332979886278767,1.1602188820864971,1.150074738635726,1.111205774449186,1.0639894096194138
2021-10-12,1.1220833400700991,1.1332979886278767,1.1606630776948121,1.150074738635726,1.111205774449186,1.0635907943346816
2021-10-13,1.1220833400700991,1.1332979886278767,1.1608751520826301,1.150074738635726,1.111205774449186,1.0634004815740374
2021-10-14,1.1220833400700991,1.1332979886278767,1.1605586231455884,1.150074738635726,1.111205774449186,1.0636845304705214
2021-10-15,1.1220833400700991,1.1332979886278767,1.1614058656004034,1.150074738635726,1.111205774449186,1.0629242262575995
2021-10-18,1.1220833400700991,1.1332979886278767,1.1667731412761733,1.150074738635726,1.111205774449186,1.058107703802889
2021-10-19,1.1220833400700991,1.1332979886278767,1.1653012817189297,1.150074738635726,1.111205774449186,1.0594285311715388
2021-10-20,1.1220833400700991,1.1332979886278767,1.1640699841538376,1.150074738635726,1.111205774449186,1.0605334813788607
2021-10-21,1.1220833400700991,1.1332979886278767,1.162026262317005,1.150074738635726,1.111205774449186,1.0623674904204912
2021-10-22,1.1220833400700991,1.1332979886278767,1.162574912474544,1.150074738635726,1.111205774449186,1.0618751389999193
2021-10-25,1.1220833400700991,1.1332979886278767,1.1624448391282525,1.150074738635726,1.111205774449186,1.0617795092047697
2021-10-26,1.1220833400700991,1.1332979886278767,1.1624448391282525,1.150074738635726,1.111205774449186,1.0621705498522624
2021-10-27,1.1220833400700991,1.1332979886278767,1.1624448391282525,1.150074738635726,1.111205774449186,1.0627623183866037
2021-10-28,1.1220833400700991,1.1332979886278767,1.1624448391282525,1.150074738635726,1.111205774449186,1.063020802882404
2021-10-29,1.1220833400700991,1.1332979886278767,1.1624448391282525,1.150074738635726,1.111205774449186,1.063162827330646
2021-11-01,1.1220833400700991,1.1332979886278767,1.1624448391282525,1.150074738635726,1.111205774449186,1.0645433049675574
2021-11-02,1.1220833400700991,1.1332979886278767,1.1624448391282525,1.150074738635726,1.111205774449186,1.0662438110278403
2021-11-03,1.1220833400700991,1.1332979886278767,1.1624448391282525,1.150074738635726,1.111205774449186,1.0663100891036865
2021-11-04,1.1220833400700991,1.1332979886278767,1.1624448391282525,1.150074738635726,1.111205774449186,1.0665676267698319
2021-11-05,1.1220833400700991,1.1332979886278767,1.1624448391282525,1.150074738635726,1.111205774449186,1.0693408908291688
2021-11-08,1.1220833400700991,1.1332979886278767,1.1624448391282525,1.150074738635726,1.111205774449186,1.069096608778193
2021-11-09,1.1220833400700991,1.1332979886278767,1.1624448391282525,1.150074738635726,1.111205774449186,1.068640236884509
2021-11-10,1.1220833400700991,1.1332979886278767,1.1624448391282525,1.150074738635726,1.111205774449186,1.0688968277209994
2021-11-11,1.1220833400700991,1.1332979886278767,1.1624448391282525,1.150074738635726,1.111205774449186,1.0674671149420307
2021-11-12,1.1220833400700991,1.1332979886278767,1.1624448391282525,1.150074738635726,1.111205774449186,1.0675816813302792
2021-11-15,1.1220833400700991,1.1332979886278767,1.1624448391282525,1.150074738635726,1.111205774449186,1.068126108381873
2021-11-16,1.1220833400700991,1.1332979886278767,1.1624448391282525,1.150074738635726,1.111205774449186,1.0684167850859414
2021-11-17,1.1220833400700991,1.1332979886278767,1.1624448391282525,1.150074738635726,1.111205774449186,1.0683969016631876
2021-11-18,1.1220833400700991,1.1332979886278767,1.1624448391282525,1.150074738635726,1.111205774449186,1.068914817484443
2021-11-19,1.1220833400700991,1.1332979886278767,1.1624448391282525,1.150074738635726,1.111205774449186,1.0679206463467499
2021-11-22,1.1220833400700991,1.1332979886278767,1.1624448391282525,1.150074738635726,1.111205774449186,1.0692746127533228
2021-11-23,1.1220833400700991,1.1332979886278767,1.1624448391282525,1.150074738635726,1.111205774449186,1.0689252326106478
2021-11-24,1.1220833400700991,1.1332979886278767,1.1624448391282525,1.150074738635726,1.111205774449186,1.0703161253737634
2021-11-25,1.1220833400700991,1.1332979886278767,1.1624448391282525,1.150074738635726,1.111205774449186,1.0708037426460606
2021-11-26,1.1220833400700991,1.1332979886278767,1.1624448391282525,1.150074738635726,1.111205774449186,1.0733365119730411
2021-11-29,1.1220833400700991,1.1332979886278767,1.1624448391282525,1.150074738635726,1.111205774449186,1.072760839542834
2021-11-30,1.1220833400700991,1.1332979886278767,1.1624448391282525,1.150074738635726,1.111205774449186,1.0722419768919236
2021-12-01,1.1220833400700991,1.1332979886278767,1.1624448391282525,1.150074738635726,1.111205774449186,1.0717126991148087
2021-12-02,1.1220833400700991,1.1332979886278767,1.1624448391282525,1.150074738635726,1.111205774449186,1.0706465689233393
2021-12-03,1.1220833400700991,1.1332979886278767,1.1624448391282525,1.150074738635726,1.111205774449186,1.0692215902926456
2021-12-06,1.1220833400700991,1.1332979886278767,1.1624448391282525,1.150074738635726,1.111205774449186,1.0725743141008097
2021-12-07,1.1220833400700991,1.1332979886278767,1.1624448391282525,1.150074738635726,1.111205774449186,1.0713102965114567
2021-12-08,1.1220833400700991,1.1332979886278767,1.1624448391282525,1.150074738635726,1.111205774449186,1.0699241378966156
2021-12-09,1.1220833400700991,1.1332979886278767,1.1624448391282525,1.150074738635726,1.111205774449186,1.0696438763187517
2021-12-10,1.1220833400700991,1.1332979886278767,1.1624448391282525,1.150074738635726,1.111205774449186,1.0708577119363925
2021-12-13,1.1220833400700991,1.1332979886278767,1.1624448391282525,1.150074738635726,1.111205774449186,1.0698559661614595
2021-12-14,1.1220833400700991,1.1332979886278767,1.1624448391282525,1.150074738635726,1.111205774449186,1.0708766485294914
2021-12-15,1.1220833400700991,1.1332979886278767,1.1624448391282525,1.150074738635726,1.111205774449186,1.0709287241605134
2021-12-16,1.1220833400700991,1.1332979886278767,1.1624448391282525,1.150074738635726,1.111205774449186,1.0701684199475916
2021-12-17,1.1220833400700991,1.1332979886278767,1.1624448391282525,1.150074738635726,1.111205774449186,1.0704155424875326
2021-12-20,1.1220833400700991,1.1332979886278767,1.1624448391282525,1.150074738635726,1.111205774449186,1.0701949311779304
2021-12-21,1.1220833400700991,1.1332979886278767,1.1624448391282525,1.150074738635726,1.111205774449186,1.070005565246941
2021-12-22,1.1220833400700991,1.1332979886278767,1.1624448391282525,1.150074738635726,1.111205774449186,1.0712070920790675
2021-12-23,1.1220833400700991,1.1332979886278767,1.1624448391282525,1.150074738635726,1.111205774449186,1.0728100746848912
2021-12-24,1.1220833400700991,1.1332979886278767,1.1624448391282525,1.150074738635726,1.111205774449186,1.0727665205207637
2021-12-27,1.1220833400700991,1.1332979886278767,1.1624448391282525,1.150074738635726,1.111205774449186,1.0735590169419535
2021-12-28,1.1220833400700991,1.1332979886278767,1.1624448391282525,1.150074738635726,1.111205774449186,1.0744158977796796
2021-12-29,1.1220833400700991,1.1332979886278767,1.1624448391282525,1.1498447696817897,1.111205774449186,1.0752065005415596
2021-12-30,1.1220833400700991,1.1332979886278767,1.1622123966489226,1.1486216016594861,1.111205774449186,1.0763502707647346
2021-12-31,1.1220833400700991,1.1332979886278767,1.1620825569643585,1.1484930070081347,1.111205774449186,1.0764705181309124
2022-01-04,1.1220833400700991,1.1332979886278767,1.1631161626422668,1.149516701437397,1.111205774449186,1.075513273349762
2022-01-05,1.1220833400700991,1.1332979886278767,1.1630047254326803,1.149406332799623,1.111205774449186,1.075616477782151
2022-01-06,1.1220833400700991,1.1332979886278767,1.1648695095637431,1.1512532355087965,1.111205774449186,1.0738894604915297
2022-01-07,1.1220833400700991,1.1332979886278767,1.1648725766429062,1.151256273177726,1.111205774449186,1.073886620002565
2022-01-10,1.1220833400700991,1.1332979886278767,1.164103762132731,1.1504948308327159,1.111205774449186,1.0745986359030844
2022-01-11,1.1220833400700991,1.1332979886278767,1.1631079837644989,1.1495086009869182,1.111205774449186,1.0755208479870018
2022-01-12,1.1220833400700991,1.1332979886278767,1.1622614699155296,1.1486702043623591,1.111205774449186,1.076304822941297
2022-01-13,1.1220833400700991,1.1332979886278767,1.1621336749504074,1.1485436348236273,1.111205774449186,1.0764231766481653
2022-01-14,1.1220833400700991,1.1332979886278767,1.1616593000398738,1.148073808695855,1.111205774449186,1.0768625056080603
2022-01-17,1.1220833400700991,1.1332979886278767,1.1612953399792059,1.1477133386495473,1.111205774449186,1.077199576965221
2022-01-18,1.1220833400700991,1.1332979886278767,1.1579164411013751,1.14436684004548,1.111205774449186,1.0803288489748177
2022-01-19,1.1220833400700991,1.1332979886278767,1.1554545988932612,1.1419286044513517,1.111205774449186,1.0826088147839277
2022-01-20,1.1220833400700991,1.133071374353006,1.155461755411308,1.1419356923455206,1.111205774449186,1.0826021869763431
2022-01-21,1.1220833400700991,1.131754376095607,1.154103039342129,1.1405900050097248,1.111205774449186,1.0838605235877665
2022-01-24,1.1220833400700991,1.129188756465505,1.1514561500245182,1.1379684967235129,1.111205774449186,1.0863118655644217
2022-01-25,1.1220833400700991,1.1297228889416058,1.152007201914125,1.138514264574524,1.111205774449186,1.085801524380406
2022-01-26,1.1220833400700991,1.13187131047813,1.154223677789204,1.1407094866542875,1.111205774449186,1.0837487976884828
2022-01-27,1.1220833400700991,1.133393439389616,1.1557940223206258,1.1422647731462232,1.111205774449186,1.0822944673384858
2022-01-28,1.1220833400700991,1.1318564459379787,1.1539742991032087,1.1406942983096398,1.111205774449186,1.083763000133307
2022-01-29,1.1220833400700991,1.1311548396428408,1.1539742991032087,1.1399774084422631,1.111205774449186,1.0844333555290089
2022-01-30,1.1220833400700991,1.1309675464369353,1.1539742991032087,1.1397860352997007,1.111205774449186,1.0846123063337938
2022-02-07,1.1220833400700991,1.1329207470128069,1.1539742991032087,1.1417817837864228,1.111205774449186,1.0827461050838951
2022-02-08,1.1220833400700991,1.1323608493337771,1.1539742991032087,1.1412096894713553,1.111205774449186,1.0832810638389396
2022-02-09,1.1220833400700991,1.1334261413779487,1.1539742991032087,1.1422981875044484,1.111205774449186,1.0822632219598725
2022-02-10,1.1220833400700991,1.1332329023559826,1.1539742991032087,1.1421007390240268,1.111205774449186,1.082447853742587
2022-02-11,1.1220833400700991,1.1382303607548259,1.1539742991032087,1.14720706049462,1.111205774449186,1.0776729917926942
2022-02-14,1.1220833400700991,1.138719899610473,1.1539742991032087,1.147707263311688,1.111205774449186,1.0772052579431506
2022-02-15,1.1220833400700991,1.1385940465038593,1.1539742991032087,1.1475786686603366,1.111205774449186,1.077325505309329
2022-02-16,1.1220833400700991,1.1385920645651726,1.1539742991032087,1.1473462209685537,1.111205774449186,1.077327398968639
2022-02-17,1.1220833400700991,1.1374554227282752,1.1539742991032087,1.1473462209685537,1.111205774449186,1.078413412582862
2022-02-18,1.1220833400700991,1.138457292734468,1.1539742991032087,1.1473462209685537,1.111205774449186,1.0774561678017114
2022-02-21,1.1220833400700991,1.1419167667123307,1.1539742991032087,1.1473462209685537,1.111205774449186,1.0741507854762948
2022-02-22,1.1220833400700991,1.1419476427405515,1.1539742991032087,1.1473462209685537,1.111205774449186,1.0739065034253188
2022-02-23,1.1220833400700991,1.1419476427405515,1.1539742991032087,1.1473462209685537,1.111205774449186,1.0750322838850497
2022-02-24,1.1220833400700991,1.1419476427405515,1.1539742991032087,1.1473462209685537,1.111205774449186,1.0761694263006398
2022-02-25,1.1220833400700991,1.1419476427405515,1.1539742991032087,1.1473462209685537,1.111205774449186,1.0764440069005743
2022-02-28,1.1220833400700991,1.1419476427405515,1.1539742991032087,1.1473462209685537,1.111205774449186,1.0772459716183134
2022-03-01,1.1220833400700991,1.1419476427405515,1.1539742991032087,1.1473462209685537,1.111205774449186,1.075677074880068
2022-03-02,1.1220833400700991,1.1419476427405515,1.1539742991032087,1.1473462209685537,1.111205774449186,1.0743534070224534
2022-03-03,1.1220833400700991,1.1419476427405515,1.1539742991032087,1.1473462209685537,1.111205774449186,1.0730287923351836
2022-03-04,1.121858968276444,1.1417192988807754,1.1539742991032087,1.1473462209685537,1.111205774449186,1.0734870578881777
2022-03-07,1.1218124620436905,1.1416719693456425,1.1539742991032087,1.1473462209685537,1.111205774449186,1.07353155888196
2022-03-08,1.1214997818404961,1.141353753747729,1.1539742991032087,1.1473462209685537,1.111205774449186,1.073830757052923
2022-03-09,1.122931580112717,1.1428108992229846,1.1539742991032087,1.1473462209685537,1.111205774449186,1.0724606945422162
2022-03-10,1.1230127186464574,1.1428934741566203,1.1539742991032087,1.1473462209685537,1.111205774449186,1.0723830545105106
2022-03-11,1.119306072946568,1.139121209505406,1.1539742991032087,1.1473462209685537,1.111205774449186,1.0759298783979385
2022-03-14,1.116621574872943,1.136389187615725,1.1539742991032087,1.1473462209685537,1.111205774449186,1.0784986272518071
2022-03-15,1.1208457260990048,1.140688119221714,1.1539742991032087,1.1473462209685537,1.111205774449186,1.0744566114548422
2022-03-16,1.1202263026585,1.1400577300942019,1.1539742991032087,1.1473462209685537,1.111205774449186,1.0750493268188386
2022-03-17,1.120069962556903,1.1398986222952452,1.1539742991032087,1.1473462209685537,1.111205774449186,1.0751989259043202
2022-03-18,1.1195405830989638,1.139359871203841,1.1539742991032087,1.1473462209685537,1.111205774449186,1.0757054797697163
2022-03-21,1.1203648318624468,1.1401987116882142,1.1539742991032087,1.1473462209685537,1.111205774449186,1.0749167706671463
2022-03-22,1.12263077384129,1.1425047677617008,1.1539742991032087,1.1473462209685537,1.111205774449186,1.0727485307573197
2022-03-23,1.1223002827404456,1.142168425958843,1.1539742991032087,1.1473462209685537,1.111205774449186,1.0730647718620718
2022-03-24,1.1213187043810515,1.1411694706641273,1.1539742991032087,1.1473462209685537,1.111205774449186,1.0740040268797781
2022-03-25,1.120812083292332,1.1406538808345967,1.1539742991032087,1.1473462209685537,1.111205774449186,1.0744888036631106
2022-03-28,1.1200412672217999,1.139869418965057,1.1539742991032087,1.1473462209685537,1.111205774449186,1.0752263839643135
2022-03-29,1.1201916703575134,1.1397938014730855,1.1539742991032087,1.1473462209685537,1.111205774449186,1.0750824658567617
2022-03-30,1.1191289534643791,1.1397938014730855,1.1539742991032087,1.1473462209685537,1.111205774449186,1.0760993609061738
2022-03-31,1.119757282353709,1.1397938014730855,1.1539742991032087,1.1473462209685537,1.111205774449186,1.0754981240752828
2022-04-01,1.1188657479768802,1.1397938014730855,1.1539742991032087,1.1473462209685537,1.111205774449186,1.0763512175943895
2022-04-02,1.1182908517805012,1.1397938014730855,1.1539742991032087,1.1473462209685537,1.111205774449186,1.076901325623913
2022-04-06,1.1180721735371282,1.1397938014730855,1.1539742991032087,1.1473462209685537,1.111205774449186,1.0771105749776562
2022-04-07,1.115990381793372,1.1397938014730855,1.1539742991032087,1.1473462209685537,1.111205774449186,1.078886827410335
2022-04-08,1.115990381793372,1.1397938014730855,1.1539742991032087,1.1473462209685537,1.111205774449186,1.078604672173161
2022-04-11,1.115990381793372,1.1397938014730855,1.1539742991032087,1.1473462209685537,1.111205774449186,1.0777004498526874
2022-04-12,1.115990381793372,1.1397938014730855,1.1539742991032087,1.1473462209685537,1.111205774449186,1.07730467505692
2022-04-13,1.115990381793372,1.1397938014730855,1.1539742991032087,1.1473462209685537,1.111205774449186,1.0773472823913928
2022-04-14,1.115990381793372,1.1397938014730855,1.1539742991032087,1.1473462209685537,1.111205774449186,1.0780308934022635
2022-04-15,1.115990381793372,1.1397938014730855,1.1539742991032087,1.1473462209685537,1.111205774449186,1.077989232897446
2022-04-18,1.115990381793372,1.1397938014730855,1.1539742991032087,1.1473462209685537,1.111205774449186,1.0747804271968338
2022-04-19,1.115990381793372,1.1397938014730855,1.1539742991032087,1.1473462209685537,1.111205774449186,1.0746156788368733
2022-04-20,1.115990381793372,1.1397938014730855,1.1539742991032087,1.1473462209685537,1.111205774449186,1.074112912290097
2022-04-21,1.115990381793372,1.1397938014730855,1.1539742991032087,1.1473462209685537,1.111205774449186,1.0744774417072511
2022-04-22,1.115990381793372,1.1397938014730855,1.1539742991032087,1.1473462209685537,1.111205774449186,1.0744925909817304
2022-04-24,1.115990381793372,1.1397938014730855,1.1539742991032087,1.1473462209685537,1.111205774449186,1.0743988548458907
2022-04-25,1.115990381793372,1.1397938014730855,1.1539742991032087,1.1473462209685537,1.111205774449186,1.0755577743435445
2022-04-26,1.115990381793372,1.1397938014730855,1.1539742991032087,1.1473462209685537,1.111205774449186,1.0754914962676985
2022-04-27,1.115990381793372,1.1397938014730855,1.1539742991032087,1.1473462209685537,1.111205774449186,1.0749243453043857
2022-04-28,1.115990381793372,1.1397938014730855,1.1539742991032087,1.1473462209685537,1.111205774449186,1.0739633132046156
2022-04-29,1.115990381793372,1.1397938014730855,1.1539742991032087,1.1473462209685537,1.111205774449186,1.0746829037423744
2022-05-05,1.115990381793372,1.1397938014730855,1.1539742991032087,1.1473462209685537,1.111205774449186,1.075181882970531
2022-05-06,1.115990381793372,1.1397938014730855,1.1539742991032087,1.1473462209685537,1.111205774449186,1.0750824658567617
2022-05-07,1.115990381793372,1.1397938014730855,1.1539742991032087,1.1473462209685537,1.111205774449186,1.075180936140876
2022-05-09,1.115990381793372,1.1397938014730855,1.1539742991032087,1.1473462209685537,1.111205774449186,1.0757878539496966
2022-05-10,1.115990381793372,1.1397938014730855,1.1539742991032087,1.1473462209685537,1.111205774449186,1.0764534751971235
2022-05-11,1.115990381793372,1.1397938014730855,1.1539742991032087,1.1473462209685537,1.111205774449186,1.0757092670883361
2022-05-12,1.115990381793372,1.1397938014730855,1.1539742991032087,1.1473462209685537,1.111205774449186,1.0764137083516157
2022-05-13,1.115990381793372,1.1397938014730855,1.1539742991032087,1.1473462209685537,1.111205774449186,1.0760179335558484
2022-05-16,1.115990381793372,1.1397938014730855,1.1539742991032087,1.1473462209685537,1.111205774449186,1.0755947007000874
2022-05-17,1.115990381793372,1.1397938014730855,1.1539742991032087,1.1473462209685537,1.111205774449186,1.0764610498343634
2022-05-18,1.115990381793372,1.1397938014730855,1.1539742991032087,1.1473462209685537,1.111205774449186,1.0772459716183134
2022-05-19,1.115990381793372,1.1397938014730855,1.1539742991032087,1.1473462209685537,1.111205774449186,1.0775148712403182
2022-05-20,1.115990381793372,1.1397938014730855,1.1539742991032087,1.1473462209685537,1.111205774449186,1.0767394177529173
2022-05-23,1.115990381793372,1.1397938014730855,1.1539742991032087,1.1473462209685537,1.111205774449186,1.0777260142533711
2022-05-24,1.115990381793372,1.1397938014730855,1.1539742991032087,1.1473462209685537,1.111205774449186,1.078304527172543
2022-05-25,1.115990381793372,1.1397938014730855,1.1539742991032087,1.1473462209685537,1.111205774449186,1.079274080739208
2022-05-26,1.115990381793372,1.1397938014730855,1.1539742991032087,1.1473462209685537,1.111205774449186,1.0819867477006282
2022-05-27,1.115990381793372,1.1397938014730855,1.1539742991032087,1.1473462209685537,1.111205774449186,1.0822641687895276
2022-05-30,1.115990381793372,1.1397938014730855,1.1539742991032087,1.1473462209685537,1.111205774449186,1.0809954170518996
2022-05-31,1.115990381793372,1.1397938014730855,1.1539742991032087,1.1473462209685537,1.111205774449186,1.0792807085467924
2022-06-01,1.115990381793372,1.1397938014730855,1.1539742991032087,1.1473462209685537,1.111205774449186,1.0787504839400228
2022-06-02,1.115990381793372,1.1397938014730855,1.1539742991032087,1.1473462209685537,1.111205774449186,1.078413412582862
2022-06-06,1.115990381793372,1.1397938014730855,1.1539742991032087,1.1473462209685537,1.111205774449186,1.0777676747581888
2022-06-07,1.115990381793372,1.1397938014730855,1.1539742991032087,1.1473462209685537,1.111205774449186,1.0780327870615736
2022-06-08,1.115990381793372,1.1397938014730855,1.1539742991032087,1.1473462209685537,1.111205774449186,1.0782240466518727
2022-06-09,1.115990381793372,1.1397938014730855,1.1539742991032087,1.1473462209685537,1.111205774449186,1.0785563838607588
2022-06-10,1.115990381793372,1.1397938014730855,1.1539742991032087,1.1473462209685537,1.111205774449186,1.0787495371103677
2022-06-13,1.115990381793372,1.1397938014730855,1.1539742991032087,1.1473462209685537,1.111205774449186,1.0782590793491056
2022-06-14,1.115990381793372,1.1397938014730855,1.1539742991032087,1.1473462209685537,1.111205774449186,1.0775366483223818
2022-06-15,1.115990381793372,1.1397938014730855,1.1539742991032087,1.1473462209685537,1.111205774449186,1.0771929491576364
2022-06-16,1.115990381793372,1.1397938014730855,1.1539742991032087,1.1473462209685537,1.111205774449186,1.077498775136184
2022-06-17,1.115990381793372,1.1397938014730855,1.1539742991032087,1.1473462209685537,1.111205774449186,1.077763887439569
2022-06-20,1.115990381793372,1.1397938014730855,1.1539742991032087,1.1473462209685537,1.111205774449186,1.0768634524377152
2022-06-21,1.115990381793372,1.1397938014730855,1.1539742991032087,1.1473462209685537,1.111205774449186,1.076675980166036
2022-06-22,1.115990381793372,1.1397938014730855,1.1539742991032087,1.1473462209685537,1.111205774449186,1.076901325623913
2022-06-23,1.115990381793372,1.1397938014730855,1.1539742991032087,1.1473462209685537,1.111205774449186,1.0768407285259967
2022-06-24,1.115990381793372,1.1397938014730855,1.1539742991032087,1.1473462209685537,1.111205774449186,1.0759942628144747
2022-06-27,1.115990381793372,1.1397938014730855,1.1539742991032087,1.1473462209685537,1.111205774449186,1.073339352462006
2022-06-28,1.115990381793372,1.1397938014730855,1.1539742991032087,1.1473462209685537,1.111205774449186,1.0728280644483352
2022-06-29,1.115990381793372,1.1397938014730855,1.1539742991032087,1.1473462209685537,1.111205774449186,1.0727882976028276
2022-06-30,1.115990381793372,1.1397938014730855,1.1539742991032087,1.1473462209685537,1.111205774449186,1.0739689941825452
2022-07-01,1.115990381793372,1.1397938014730855,1.1539742991032087,1.1473462209685537,1.111205774449186,1.0744064294831304
2022-07-04,1.115990381793372,1.1397938014730855,1.1539742991032087,1.1473462209685537,1.111205774449186,1.073215317777208
2022-07-05,1.115990381793372,1.1397938014730855,1.1539742991032087,1.1473462209685537,1.111205774449186,1.0730089089124297
2022-07-06,1.115990381793372,1.1397938014730855,1.1539742991032087,1.1473462209685537,1.111205774449186,1.0740456873845958
2022-07-07,1.115990381793372,1.1397938014730855,1.1539742991032087,1.1473462209685537,1.111205774449186,1.074094922526653
2022-07-08,1.115990381793372,1.1397938014730855,1.1539742991032087,1.1473462209685537,1.111205774449186,1.0739633132046156
2022-07-11,1.115990381793372,1.1397938014730855,1.1539742991032087,1.1473462209685537,1.111205774449186,1.0749063555409417
2022-07-12,1.115990381793372,1.1397938014730855,1.1539742991032087,1.1473462209685537,1.111205774449186,1.0759933159848198
2022-07-13,1.115990381793372,1.1397938014730855,1.1539742991032087,1.1473462209685537,1.111205774449186,1.0765775098819215
2022-07-14,1.115990381793372,1.1397938014730855,1.1539742991032087,1.1473462209685537,1.111205774449186,1.077269642359687
2022-07-15,1.115990381793372,1.1397938014730855,1.1539742991032087,1.1473462209685537,1.111205774449186,1.077797026477492
2022-07-18,1.115990381793372,1.1397938014730855,1.1539742991032087,1.1473462209685537,1.111205774449186,1.078021425105714
2022-07-19,1.115990381793372,1.1397938014730855,1.1539742991032087,1.1473462209685537,1.111205774449186,1.0778926562726414
2022-07-20,1.115990381793372,1.1397938014730855,1.1539742991032087,1.1473462209685537,1.111205774449186,1.0787893039558756
2022-07-21,1.115990381793372,1.1397938014730855,1.1539742991032087,1.1473462209685537,1.111205774449186,1.079847859510105
2022-07-22,1.115990381793372,1.1397938014730855,1.1539742991032087,1.1473462209685537,1.111205774449186,1.0789521586565263
2022-07-25,1.115990381793372,1.1397938014730855,1.1539742991032087,1.1473462209685537,1.111205774449186,1.0791339499502757
2022-07-26,1.115990381793372,1.1397938014730855,1.1539742991032087,1.1473462209685537,1.111205774449186,1.079845965850795
2022-07-27,1.115990381793372,1.1397938014730855,1.1539742991032087,1.1473462209685537,1.111205774449186,1.0802067079493296
2022-07-28,1.115990381793372,1.1397938014730855,1.1539742991032087,1.1473462209685537,1.111205774449186,1.079360242237808
2022-07-29,1.115990381793372,1.1397938014730855,1.1539742991032087,1.1473462209685537,1.111205774449186,1.081325860601476
2022-08-01,1.115990381793372,1.1397938014730855,1.1539742991032087,1.1473462209685537,1.111205774449186,1.082936417844539
2022-08-02,1.115990381793372,1.1397938014730855,1.1539742991032087,1.1473462209685537,1.111205774449186,1.0836285503223047
2022-08-03,1.115990381793372,1.1397938014730855,1.1539742991032087,1.1473462209685537,1.111205774449186,1.0834978878299222
2022-08-04,1.115990381793372,1.1397938014730855,1.1539742991032087,1.1473462209685537,1.111205774449186,1.084626508778618
2022-08-05,1.115990381793372,1.1397938014730855,1.1539742991032087,1.1473462209685537,1.111205774449186,1.0837611064739971
2022-08-08,1.115990381793372,1.1397938014730855,1.1539742991032087,1.1473462209685537,1.111205774449186,1.0832308818672272
2022-08-09,1.115990381793372,1.1397938014730855,1.1539742991032087,1.1473462209685537,1.111205774449186,1.0827536797211346
2022-08-10,1.115990381793372,1.1397938014730855,1.1539742991032087,1.1473462209685537,1.111205774449186,1.0832678082237701
2022-08-11,1.115990381793372,1.1397938014730855,1.1539742991032087,1.1473462209685537,1.111205774449186,1.0832649677348054
2022-08-12,1.115990381793372,1.1397938014730855,1.1539742991032087,1.1473462209685537,1.111205774449186,1.0834410780506254
2022-08-15,1.115990381793372,1.1397938014730855,1.1539742991032087,1.1473462209685537,1.111205774449186,1.0886884079983363
2022-08-16,1.115990381793372,1.1397938014730855,1.1539742991032087,1.1473462209685537,1.111205774449186,1.0903065398786393
2022-08-17,1.115990381793372,1.1397938014730855,1.1539742991032087,1.1473462209685537,1.111205774449186,1.0897280269594671
2022-08-18,1.115990381793372,1.1397938014730855,1.1539742991032087,1.1473462209685537,1.111205774449186,1.0911851977984293
2022-08-19,1.115990381793372,1.1397938014730855,1.1539742991032087,1.1473462209685537,1.111205774449186,1.0912278051329016
2022-08-22,1.115990381793372,1.1397938014730855,1.1539742991032087,1.1473462209685537,1.111205774449186,1.0910924084922444
2022-08-23,1.115990381793372,1.1397938014730855,1.1539742991032087,1.1473462209685537,1.111205774449186,1.0903169550048435
2022-08-24,1.115990381793372,1.1397938014730855,1.1539742991032087,1.1473462209685537,1.111205774449186,1.0902099632538347
2022-08-25,1.115990381793372,1.1397938014730855,1.1539742991032087,1.1473462209685537,1.111205774449186,1.0887707821783168
2022-08-26,1.115990381793372,1.1397938014730855,1.1539742991032087,1.1473462209685537,1.111205774449186,1.0882159400005182
2022-08-29,1.115990381793372,1.1397938014730855,1.1539742991032087,1.1473462209685537,1.111205774449186,1.0888806144182903
2022-08-30,1.115990381793372,1.1397938014730855,1.1539742991032087,1.1473462209685537,1.111205774449186,1.0899344358242453
2022-08-31,1.115990381793372,1.1397938014730855,1.1539742991032087,1.1473462209685537,1.111205774449186,1.0895130966277942
2022-09-01,1.115990381793372,1.1397938014730855,1.1539742991032087,1.1473462209685537,1.111205774449186,1.090033852938015
2022-09-02,1.115990381793372,1.1397938014730855,1.1539742991032087,1.1473462209685537,1.111205774449186,1.0906142595164965
2022-09-05,1.115990381793372,1.1397938014730855,1.1539742991032087,1.1473462209685537,1.111205774449186,1.0907922634916265
2022-09-06,1.115990381793372,1.1397938014730855,1.1539742991032087,1.1473462209685537,1.111205774449186,1.0911094514260335
2022-09-07,1.115990381793372,1.1397938014730855,1.1539742991032087,1.1473462209685537,1.111205774449186,1.091046013839152
2022-09-08,1.115990381793372,1.1397938014730855,1.1539742991032087,1.1473462209685537,1.111205774449186,1.0902809754779557
2022-09-09,1.115990381793372,1.1397938014730855,1.1539742991032087,1.1473462209685537,1.111205774449186,1.0897242396408473
2022-09-13,1.115990381793372,1.1397938014730855,1.1539742991032087,1.1473462209685537,1.111205774449186,1.0887045041024705
2022-09-14,1.115990381793372,1.1397938014730855,1.1539742991032087,1.1473462209685537,1.111205774449186,1.0876677256303047
2022-09-15,1.115990381793372,1.1397938014730855,1.1539742991032087,1.1473462209685537,1.111205774449186,1.0879214759778302
2022-09-16,1.115990381793372,1.1397938014730855,1.1539742991032087,1.1473462209685537,1.111205774449186,1.0865741373788418
2022-09-19,1.115990381793372,1.1397938014730855,1.1539742991032087,1.1473462209685537,1.111205774449186,1.0866555647291671
2022-09-20,1.115990381793372,1.1397938014730855,1.1539742991032087,1.1473462209685537,1.111205774449186,1.0874101879641591
2022-09-21,1.115990381793372,1.1397938014730855,1.1539742991032087,1.1473462209685537,1.111205774449186,1.0880691814040016
2022-09-22,1.115990381793372,1.1397938014730855,1.1539742991032087,1.1473462209685537,1.111205774449186,1.0881761731550106
2022-09-23,1.115990381793372,1.1397938014730855,1.1539742991032087,1.1473462209685537,1.111205774449186,1.0870210409759762
2022-09-26,1.115990381793372,1.1397938014730855,1.1539742991032087,1.1473462209685537,1.111205774449186,1.0847249790627322
2022-09-27,1.115990381793372,1.1397938014730855,1.1539742991032087,1.1473462209685537,1.111205774449186,1.0842241061752658
2022-09-28,1.115990381793372,1.1397938014730855,1.1539742991032087,1.1473462209685537,1.111205774449186,1.08256904793842
2022-09-29,1.115990381793372,1.1397938014730855,1.1539742991032087,1.1473462209685537,1.111205774449186,1.081291774733898
2022-09-30,1.115990381793372,1.1397938014730855,1.1539742991032087,1.1473462209685537,1.111205774449186,1.0804538304892706
2022-10-08,1.115990381793372,1.1397938014730855,1.1539742991032087,1.1473462209685537,1.111205774449186,1.0800031395735163
2022-10-09,1.115990381793372,1.1397938014730855,1.1539742991032087,1.1473462209685537,1.111205774449186,1.0817576149241315
2022-10-10,1.115990381793372,1.1397938014730855,1.1539742991032087,1.1473462209685537,1.111205774449186,1.0818636598454854
2022-10-11,1.115990381793372,1.1397938014730855,1.1539742991032087,1.1473462209685537,1.111205774449186,1.082378735177776
2022-10-12,1.115990381793372,1.1397938014730855,1.1539742991032087,1.1473462209685537,1.111205774449186,1.0819337252399512
2022-10-13,1.115990381793372,1.1397938014730855,1.1539742991032087,1.1473462209685537,1.111205774449186,1.082761254358374
2022-10-14,1.115990381793372,1.1397938014730855,1.1539742991032087,1.1473462209685537,1.111205774449186,1.0842790222952525
2022-10-17,1.115990381793372,1.1397938014730855,1.1539742991032087,1.1473462209685537,1.111205774449186,1.0848755249778685
2022-10-18,1.115990381793372,1.1397938014730855,1.1539742991032087,1.1473462209685537,1.111205774449186,1.0849332815868205
2022-10-19,1.115990381793372,1.1397938014730855,1.1539742991032087,1.1473462209685537,1.111205774449186,1.0851018172654008
2022-10-20,1.115990381793372,1.1397938014730855,1.1539742991032087,1.1473462209685537,1.111205774449186,1.08415025346218
2022-10-21,1.115990381793372,1.1397938014730855,1.1539742991032087,1.1473462209685537,1.111205774449186,1.0837790962374412
2022-10-24,1.115990381793372,1.1397938014730855,1.1539742991032087,1.1473462209685537,1.111205774449186,1.0841180612539116
2022-10-25,1.115990381793372,1.1397938014730855,1.1539742991032087,1.1473462209685537,1.111205774449186,1.0838557894394916
2022-10-26,1.115990381793372,1.1397938014730855,1.1537435503931301,1.1473462209685537,1.111205774449186,1.0846255619489629
2022-10-27,1.115990381793372,1.1397938014730855,1.1522861803653361,1.147116797609032,1.1109835777336392,1.0859956244596698
2022-10-28,1.115990381793372,1.1397938014730855,1.1507794591755782,1.1456206204890769,1.10953452894182,1.0874120816234691
2022-10-31,1.115990381793372,1.1397938014730855,1.1489897241794553,1.1438434100999324,1.1078132991937835,1.0890945979203082
2022-11-01,1.115990381793372,1.1395658882954265,1.1501449442360412,1.144990545899791,1.1089243011752117,1.0880085843060852
2022-11-02,1.115990381793372,1.1407529495249635,1.1513505226211618,1.1461876876194343,1.1100837339317675,1.0868752292091146
2022-11-03,1.115990381793372,1.1408114596440468,1.1514099454488327,1.14624669460478,1.110140882246418,1.086819366259473
2022-11-04,1.115990381793372,1.1421066158393478,1.1527253049901587,1.1475528492295537,1.1114058940927523,1.0855828067301132
2022-11-07,1.115990381793372,1.1419350522698324,1.1525510651734285,1.1473798287470989,1.1112383236108105,1.085746608260419
2022-11-08,1.1157672283477025,1.1421105826270823,1.1527293336564415,1.1475568497031363,1.1114097685547624,1.0855790194114936
2022-11-09,1.1155064216105712,1.1418448078488737,1.1524594130154955,1.147288817973091,1.1111501796000782,1.0858327697590189
2022-11-10,1.1156047107167288,1.1419449692391686,1.1525611368391355,1.1473898299310559,1.1112480097658362,1.0857371399638696
2022-11-11,1.118646807210282,1.1450450138536488,1.1557095395391244,1.1505162000359885,1.1142759018268165,1.082777350462508
2022-11-14,1.1256749648802886,1.1522070491082157,1.162983296512675,1.1577390550896751,1.1212712429862537,1.075939346694488
2022-11-15,1.1252321773228458,1.151755827003421,1.1625250357230092,1.1572840012196353,1.120830522932592,1.0763701541874884
2022-11-16,1.1262218805006907,1.1527643827849072,1.1635493241254047,1.1583011216280539,1.1218156048986883,1.0754072284284084
2022-11-17,1.1248516719712849,1.1513680735023775,1.1621312335938678,1.1568929549269198,1.1204517942710939,1.0767403645825722
2022-11-18,1.125068686532405,1.1515892219185735,1.1623558317391325,1.157115981329159,1.1206677955281632,1.0765292215695192
2022-11-21,1.12433395113489,1.1508404907336944,1.1615954209782589,1.1563608919404118,1.1199364908237357,1.0772440779590033
2022-11-22,1.1247796581707337,1.15129468792929,1.1620567032676365,1.1568189461656386,1.120380116723905,1.076810429977038
2022-11-23,1.1233189458109054,1.149806150831934,1.1605449462450252,1.155317768453705,1.118926224854573,1.0782316212891123
2022-11-24,1.1220742748527306,1.1485377704538406,1.1592567802011078,1.1540386170256152,1.1176873656268078,1.0794426164177884
2022-11-25,1.1237831428766203,1.1502791902692684,1.161025364699246,1.1557948249284502,1.1193882544492908,1.077779983543703
2022-11-28,1.1254355676514294,1.1519630916625465,1.1627355335362841,1.1574930259643348,1.1210329635726255,1.0761722667896045
2022-11-29,1.128348233935884,1.1549312405848557,1.1657499830823705,1.1604863803226406,1.1239320297717665,1.073338405632351
2022-11-30,1.1279297753651134,1.1545048109034013,1.1653169014569722,1.160056329412493,1.1235155251056688,1.073745542383978
2022-12-01,1.1270461465691615,1.1536043500876791,1.1644023942107824,1.1591482219092049,1.1226360222293508,1.074605263710669
2022-12-02,1.1268028567024346,1.1533564258542754,1.164150602568109,1.158898192310282,1.1223938683537125,1.0748419711244053
2022-12-05,1.1280553129363446,1.1546327398078378,1.1654468259445918,1.1601853446855372,1.123640476505498,1.0736234013584898
2022-12-06,1.1294761257580297,1.1560806173309155,1.1669172891378048,1.1616455175432474,1.1250546551392253,1.0722410300622687
2022-12-07,1.1278363520562904,1.1544096079977744,1.1652202134661858,1.1599603180465068,1.1234225380174236,1.0738364380308527
2022-12-08,1.1276679954685154,1.154238044428259,1.1650459736494556,1.159787297564052,1.123254967535482,1.0740002395611583
2022-12-09,1.1280387692254072,1.1546158809599663,1.16542970411289,1.1601683426728104,1.1236240100419546,1.073639497462624
2022-12-12,1.1279122584947092,1.1544869603585963,1.1652987724586998,1.1600383272813706,1.1234980900266227,1.0737625853177668
2022-12-13,1.129146224698748,1.15574443207042,1.1665758596703395,1.1613064774071078,1.1247262944838599,1.0725620053152953
2022-12-14,1.1267590608284177,1.1535369146961931,1.164333906883975,1.1590802138582978,1.122570156375177,1.0746696481272053
2022-12-15,1.1267590608284177,1.1535101388789857,1.1643067133865665,1.1590532106616143,1.1225440037566081,1.0746952125278888
2022-12-16,1.1267590608284177,1.1542985379412096,1.165107410810268,1.1598483047861892,1.1233140530811376,1.0739424829522066
2022-12-19,1.1267590608284177,1.1523062188015771,1.1630840131697442,1.1578390669292442,1.121368104536509,1.0758446637289931
2022-12-20,1.1267590608284177,1.1526037278816617,1.1633861631409523,1.1581391024479517,1.1216586891872748,1.0755606148325094
2022-12-21,1.1267590608284177,1.152718764725961,1.1635029944631528,1.158255116181852,1.121771048585571,1.0754507825925357
2022-12-22,1.1267590608284177,1.1518163205163714,1.1625864728838216,1.1573450084417725,1.1208896084782478,1.0763123975785365
2022-12-23,1.1267590608284177,1.151137999813779,1.161897570949467,1.1566609274591193,1.1202270754745016,1.0769600290625196
2022-12-26,1.1267590608284177,1.151618972826582,1.1623860467362535,1.1571459848810297,1.1206968539932398,1.0765008166798709
2022-12-27,1.1267590608284177,1.153012307018311,1.163801115768078,1.1585511512269768,1.1220577587743266,1.0751705210146718
2022-12-28,1.1267590608284177,1.1530470164109876,1.1638363665980525,1.158586155370826,1.122091660316916,1.0751373819767487
2022-12-29,1.1267590608284177,1.1522794429843697,1.1628279336161127,1.1578120637325606,1.12134195191794,1.0758702281296766
2022-12-30,1.1267590608284177,1.151315110539262,1.1628279336161127,1.1570669755277703,1.120620333368538,1.0765756162226117
2022-12-31,1.1267590608284177,1.151315110539262,1.1628279336161127,1.157086977895684,1.120639705678589,1.0765566796295127
2023-01-03,1.1267590608284177,1.151315110539262,1.162595414533206,1.1564989082790171,1.120070159763088,1.077113415466621
2023-01-04,1.1267590608284177,1.151315110539262,1.1612392576106625,1.155171751167934,1.1187848069912003,1.0783698584187345
2023-01-05,1.1267590608284177,1.151315110539262,1.1619270448064967,1.1558448308482347,1.1194366852244184,1.0777326420609556
2023-01-06,1.1267590608284177,1.151315110539262,1.1629275554524423,1.156823946757617,1.1203849598014177,1.0768056958287635
2023-01-09,1.1267590608284177,1.151315110539262,1.1629694563068693,1.1568649516118403,1.1204246730370224,1.0767668758129108
2023-01-10,1.1267590608284177,1.151315110539262,1.1642571411014473,1.158125100790412,1.1216451285702391,1.0755738704476787
2023-01-11,1.1267590608284177,1.151315110539262,1.1646209631545184,1.1584811429392783,1.121989955689148,1.0752367990905178
2023-01-12,1.1267590608284177,1.151315110539262,1.164213196302902,1.1580820956993974,1.1216034781036293,1.0756145841228413
2023-01-13,1.1267590608284177,1.151315110539262,1.1654109475562713,1.1592542344591483,1.1227386954726213,1.0745048997672446
2023-01-16,1.1267590608284177,1.151315110539262,1.1670338391862631,1.1608424224715068,1.1242768568906754,1.0730013342751903
2023-01-17,1.1267590608284177,1.151315110539262,1.1664022604536846,1.1602243493029694,1.1236782525100977,1.0735864750019468
2023-01-18,1.1267590608284177,1.151315110539262,1.1662448767565694,1.1600703310700327,1.1235290857227045,1.0737322867688088
2023-01-19,1.1267590608284177,1.151315110539262,1.1665432925978525,1.1603623656415747,1.12381192144945,1.0734558125095643
2023-01-20,1.1267590608284177,1.151315110539262,1.167228013877509,1.1610324449666882,1.1244608938361602,1.0728214366407507
2023-01-28,1.1267590608284177,1.15108489356055,1.1672842223407645,1.1610874514784515,1.1245141676888009,1.0727693610097286
2023-01-29,1.1265337540776021,1.150009001246717,1.1662019539300834,1.1600283260974138,1.1234884038715973,1.0737720536143163
2023-01-30,1.126898314927625,1.1503818553347025,1.1665770176758057,1.1603953695486326,1.1238438857610342,1.0734245671309512
2023-01-31,1.1258811206212938,1.1493415213126392,1.1655305182871964,1.159371248311444,1.1228520234864199,1.0743941206976162
2023-02-01,1.1263708440519786,1.1498423852509958,1.1660343505123765,1.15986430668052,1.1233295509291785,1.0739273336777275
2023-02-02,1.1262486615327612,1.1497174232542051,1.1659086479490963,1.15974129211785,1.1232104112223646,1.0740437937252858
2023-02-03,1.125826486161481,1.149285643997001,1.165474309823941,1.1593162417996812,1.1227987496337795,1.074446196328638
2023-02-06,1.126147339443654,1.1496137962324762,1.165804406799059,1.1596392800414896,1.1231116124411042,1.0741403703500905
2023-02-07,1.1260619110155832,1.149526424429842,1.1657165172019688,1.1595532698594602,1.1230283115078845,1.0742217977004158
2023-02-08,1.125915888004811,1.149377079604409,1.165566287309268,1.1594062524552933,1.1228859250290093,1.0743609816596928
2023-02-09,1.1257897320703343,1.1492480538028444,1.165436496857751,1.1592792374190406,1.122762910860185,1.074481229025871
2023-02-10,1.125729137487633,1.1491860807800458,1.1653741565621405,1.1592182301969032,1.1227038253145294,1.0745389856348226
2023-02-13,1.1255592739853062,1.1490123531259708,1.1651993993400191,1.1590472099512399,1.1225381920635928,1.0747008935058187
2023-02-14,1.1255543072162322,1.1490072733700036,1.1651942894797231,1.1590422093592616,1.12253334898608,1.0747056276540932
2023-02-15,1.1254996727564195,1.1489513960543654,1.165138081016468,1.1589872028474986,1.1224800751334396,1.0747577032851152
2023-02-16,1.1250864375694725,1.1485287603579022,1.1647129406398453,1.1585711535948906,1.1220771310843776,1.0751515844215729
2023-02-17,1.1250198828638824,1.148460691627943,1.1646444685118797,1.1585041456623792,1.1220122338457066,1.0752150220084542
2023-02-20,1.1259278082505881,1.14938927101873,1.1655785509739782,1.1594182538760416,1.1228975484150399,1.0743496197038334
2023-02-21,1.1266519631815606,1.1501298994387341,1.166323568605127,1.160147340186501,1.123603669116401,1.0736593808853778
2023-02-22,1.1260420439392878,1.1495061054059734,1.165696077760785,1.1595332674915464,1.1230089391978335,1.0742407342935145
2023-02-23,1.1261672065199495,1.1496341152563445,1.1658248462402427,1.1596592824094034,1.1231309847511552,1.0741214337569913
2023-02-24,1.125969529110809,1.1494319409688538,1.1656214738004642,1.1594602588486609,1.1229382302661473,1.0743098528583255
2023-02-27,1.126027143632066,1.149490866138072,1.1656807481798972,1.159518265715611,1.1229944099652953,1.074254936738339
2023-02-28,1.1260907182762117,1.149555887014451,1.1657461543916852,1.159582273292935,1.1230564013574587,1.0741943396404223
2023-03-01,1.1257917187779638,1.1492500857052312,1.1654385408018693,1.159281237655832,1.12276484809119,1.0744793353665612
2023-03-02,1.1261890603038747,1.1496564661825999,1.165847329625545,1.1596812850141087,1.1231522942922114,1.0741006035045828
2023-03-03,1.1266569299506344,1.150134979194701,1.166328678465423,1.1601523407784795,1.1236085121939139,1.073654646737103
2023-03-06,1.125034783171104,1.1484759308958443,1.1646597980927675,1.1585191474383147,1.1220267630782448,1.07520081956363
2023-03-07,1.124683135920673,1.1481162841733732,1.1642980199838147,1.1581651055262399,1.1216838731903411,1.0755359972614809
2023-03-08,1.124519232541235,1.1479486522264588,1.1641293945940485,1.1580000859909507,1.12152405163242,1.075692224154547
2023-03-09,1.1243801630071661,1.1478064190593797,1.163986318505762,1.1578600694155536,1.1213884454620624,1.0758247803062393
2023-03-10,1.123891432930296,1.1473065710722166,1.1634835082526411,1.1573680111648734,1.1209118866348065,1.0762906204964728
2023-03-13,1.1238854728074075,1.147300475365056,1.1634773764202861,1.1573620104544993,1.1209060749417912,1.0762963014744025
2023-03-14,1.123695742228785,1.1471064286871124,1.163282179756981,1.157170987840922,1.1207210693808036,1.0764771459384974
2023-03-15,1.1239579876358863,1.1473746398021758,1.163551980380607,1.1574350190973848,1.1209767838734777,1.0762271829095915
2023-03-16,1.1233401215630952,1.1467427181598677,1.1629163137597913,1.1568129454552645,1.1203743050308896,1.0768161109549679
2023-03-17,1.1231235704314737,1.1465212407997019,1.1626935238508882,1.1565949196450036,1.1201631468513331,1.077022519819746
2023-03-20,1.1227997370878566,1.1461900407106467,1.1623603609595927,1.156268881048008,1.119847378197501,1.0773311862872588
2023-03-21,1.1230311885266995,1.146426757338714,1.1625984804493836,1.1565019086342043,1.1200730656095956,1.0771105749776562
2023-03-22,1.123456343959424,1.146861584449498,1.1630358844907165,1.1569299593075604,1.1204876330446885,1.0767053318853392
2023-03-23,1.1235308454955322,1.1469377807890047,1.1631125323951557,1.1570049681872372,1.1205602792073797,1.0766343196612183
2023-03-24,1.1241477182145085,1.1475686864801191,1.1637471770439118,1.1576260417109618,1.1211617894344652,1.0760463384454968
2023-03-27,1.12358448660153,1.1469926421534495,1.1631677188863518,1.1570589745806046,1.1206125844445176,1.076583190859851
2023-03-28,1.1236311742308247,1.1470403918595402,1.1632157515731338,1.1568785546221876,1.1206581093731376,1.0765386898660687
2023-03-29,1.1236272008155654,1.1470363280547664,1.1632116636848968,1.1568785546221876,1.1206542349111273,1.0765424771846888
2023-03-30,1.12345137719035,1.146856504693531,1.1630307746304205,1.1568785546221876,1.1204827899671757,1.076710066033614
2023-03-31,1.1236272008155654,1.1470363280547664,1.1632116636848968,1.1566472251771522,1.1206542349111273,1.0765424771846888
2023-04-03,1.1238765326230744,1.1472913318043152,1.1634681786717533,1.156902563101104,1.1208973574022683,1.076304822941297
2023-04-04,1.123950040805368,1.1473665121926284,1.1635438046041333,1.1569778420109547,1.1209690349494572,1.076234757546831
2023-04-06,1.123923220252369,1.147339081510406,1.1635162113585353,1.1569503753816848,1.1209428823308882,1.0762603219475146
2023-04-07,1.1236788552139338,1.1470891575168243,1.1632648062319748,1.1567001238705605,1.12070460291726,1.0764932420426314
2023-04-10,1.1231702580607683,1.1465689905057928,1.1627415565376702,1.1561792751970015,1.120208671779953,1.0769780188259637
2023-04-11,1.1218262503493754,1.1451944085410939,1.1613588283415877,1.1548028918858189,1.118898135004999,1.0782590793491056
2023-04-12,1.1212073909227696,1.1445614709475924,1.160722139748713,1.1541691248474844,1.1182946875469086,1.078848954224137
2023-04-13,1.1214686429760559,1.1448286661114622,1.1609909184002796,1.1544366701622226,1.11854943342408,1.0785999380248863
2023-04-14,1.1213059105620944,1.1448936869878412,1.1610563246120678,1.1545017762464176,1.1186114248162433,1.0785393409269697
2023-04-17,1.1213059105620944,1.1457602933558295,1.1619280667785559,1.1553695182748276,1.1194376538399209,1.0777316952313007
2023-04-18,1.1213059105620944,1.1456414270661992,1.1618084960476307,1.1552504962146588,1.1193243258261223,1.0778424743009294
2023-04-19,1.1213059105620944,1.1447882349113883,1.161183049147407,1.1546279192845452,1.1187315331385599,1.0784219340497565
2023-04-20,1.1213059105620944,1.1447882349113883,1.1612167742253603,1.154661489609208,1.1187634974501441,1.0783906886711432
2023-04-21,1.1213059105620944,1.1447882349113883,1.1608212710384542,1.154267801256342,1.1183886432506562,1.0787571117476074
2023-04-23,1.1213059105620944,1.1447882349113883,1.1604554050412648,1.1539036140978771,1.1180418789007422,1.079096076764078
2023-04-24,1.1213059105620944,1.1447882349113883,1.1599464629557887,1.1533970073802355,1.1175595083804708,1.079567597932241
2023-04-25,1.1213059105620944,1.1447882349113883,1.1598279141969228,1.1532790026026323,1.1174471489821747,1.0796774301722147
2023-04-26,1.1213059105620944,1.1447882349113883,1.159406861708537,1.1528598821856277,1.117048079395123,1.0800675239900528
2023-04-27,1.1213059105620944,1.1447882349113883,1.1576214765211341,1.1510826895436201,1.115355908112163,1.0817216353972434
2023-04-28,1.1213059105620944,1.1447882349113883,1.1573731373107512,1.150602998088098,1.1151205345450426,1.0819517150033953
2023-05-04,1.1213059105620944,1.1447882349113883,1.1557400259601673,1.150602998088098,1.113572686971963,1.083464748791999
2023-05-05,1.1213059105620944,1.1447882349113883,1.1544758465229508,1.150602998088098,1.112374509595305,1.0846359770751672
2023-05-06,1.1213059105620944,1.1447882349113883,1.1539791681021851,1.150602998088098,1.1119037624610644,1.0850961362874711
2023-05-08,1.1213059105620944,1.1447882349113883,1.1548968990113366,1.150602998088098,1.112773579182357,1.0842458832573296
2023-05-09,1.1213059105620944,1.1447882349113883,1.1547006803759725,1.150602998088098,1.1125876050058667,1.084427674551079
2023-05-10,1.1213059105620944,1.1447882349113883,1.153724697059447,1.150602998088098,1.1116625772009288,1.0853318968715526
2023-05-11,1.1210816942232498,1.1447882349113883,1.1519045648220319,1.150602998088098,1.109937472990882,1.0870182004870115
2023-05-12,1.122034758331831,1.1447882349113883,1.1529020095518,1.150602998088098,1.1108828417213736,1.0860940947437843
2023-05-15,1.1223169668639827,1.1447882349113883,1.1531973594769058,1.150602998088098,1.1111627716016115,1.0858204609735047
2023-05-16,1.1225513268906828,1.1447882349113883,1.153442632771111,1.150602998088098,1.1113952393222242,1.0855932218563178
2023-05-17,1.1225093373858992,1.1447882349113883,1.153398687972566,1.150602998088098,1.1113535888556145,1.0856339355314804
2023-05-18,1.1230911802899877,1.1447882349113883,1.1542418149213967,1.150602998088098,1.1121526966452207,1.0848528010661498
2023-05-19,1.1230911802899877,1.1447882349113883,1.153441339363273,1.150602998088098,1.111616083656806,1.0853773446949901
2023-05-22,1.1230911802899877,1.1447882349113883,1.153441339363273,1.150602998088098,1.11122670022478,1.0857579702162783
2023-05-23,1.1230911802899877,1.1447882349113883,1.153441339363273,1.150602998088098,1.1098929166777647,1.087061754651139
2023-05-24,1.1230911802899877,1.1447882349113883,1.153441339363273,1.150602998088098,1.109790243434494,1.0871621185945632
2023-05-25,1.1230911802899877,1.1447882349113883,1.153441339363273,1.150602998088098,1.1098836398596503,1.086853452127051
2023-05-26,1.1230911802899877,1.1447882349113883,1.153441339363273,1.150602998088098,1.1098836398596503,1.0864216978043955
2023-05-29,1.1230911802899877,1.1447882349113883,1.153441339363273,1.150602998088098,1.1098836398596503,1.0863506855802747
2023-05-30,1.1230911802899877,1.1447882349113883,1.153441339363273,1.150602998088098,1.1098836398596503,1.0867758120953455
2023-05-31,1.1230911802899877,1.1447882349113883,1.153441339363273,1.150602998088098,1.1098836398596503,1.0870039980421875
2023-06-01,1.1230911802899877,1.1447882349113883,1.153441339363273,1.150602998088098,1.1098836398596503,1.088048351151593
2023-06-02,1.1230911802899877,1.1447882349113883,1.153441339363273,1.150602998088098,1.1098836398596503,1.087534222648957
2023-06-05,1.1230911802899877,1.1447882349113883,1.153441339363273,1.150602998088098,1.1098836398596503,1.087292781086946
2023-06-06,1.1230911802899877,1.1447882349113883,1.153441339363273,1.150602998088098,1.1098836398596503,1.0878267930123353
2023-06-07,1.1230911802899877,1.1447882349113883,1.153441339363273,1.150602998088098,1.1098836398596503,1.0885558518466438
2023-06-08,1.1230911802899877,1.1447882349113883,1.153441339363273,1.150602998088098,1.1098836398596503,1.0884374981397755
2023-06-09,1.1230911802899877,1.1447882349113883,1.153441339363273,1.150602998088098,1.1098836398596503,1.0894553400188427
2023-06-12,1.1230911802899877,1.1447882349113883,1.153441339363273,1.150602998088098,1.1098836398596503,1.0901398978593688
2023-06-13,1.1230911802899877,1.1447882349113883,1.153441339363273,1.150602998088098,1.1098836398596503,1.0926130169180879
2023-06-14,1.1230911802899877,1.1447882349113883,1.153441339363273,1.150602998088098,1.1098836398596503,1.0934746319040887
2023-06-15,1.1230911802899877,1.1447882349113883,1.153441339363273,1.150602998088098,1.1098836398596503,1.0911596333977456
2023-06-16,1.1230911802899877,1.1447882349113883,1.153441339363273,1.150602998088098,1.1098836398596503,1.0890529374154907
2023-06-19,1.1230911802899877,1.1447882349113883,1.153441339363273,1.150602998088098,1.1098836398596503,1.0876383739110012
2023-06-20,1.1230911802899877,1.1447882349113883,1.153441339363273,1.150602998088098,1.1098836398596503,1.0881193633757136
2023-06-21,1.1230911802899877,1.1447882349113883,1.153441339363273,1.150602998088098,1.1098836398596503,1.0889573076203412
2023-06-25,1.1230911802899877,1.1447882349113883,1.153441339363273,1.150602998088098,1.1098836398596503,1.0896248225270782
2023-06-26,1.1230911802899877,1.1447882349113883,1.153441339363273,1.150602998088098,1.1098836398596503,1.0893843277947217
2023-06-27,1.1230911802899877,1.1447882349113883,1.153441339363273,1.150602998088098,1.1098836398596503,1.0885085103638965
2023-06-28,1.1230911802899877,1.1447882349113883,1.153441339363273,1.150602998088098,1.1098836398596503,1.088732908992119
2023-06-29,1.1230911802899877,1.1447882349113883,1.153441339363273,1.150602998088098,1.1098836398596503,1.0889393178568971
2023-06-30,1.1230911802899877,1.1447882349113883,1.153441339363273,1.150602998088098,1.1098836398596503,1.0903671369765557
2023-07-03,1.1230911802899877,1.1447882349113883,1.153441339363273,1.150602998088098,1.1098836398596503,1.0902686666924413
2023-07-04,1.1230911802899877,1.1447882349113883,1.153441339363273,1.150602998088098,1.1098836398596503,1.0903131676862237
2023-07-05,1.1230911802899877,1.1447882349113883,1.153441339363273,1.150602998088098,1.1098836398596503,1.0901806115345314
2023-07-06,1.1230911802899877,1.1447882349113883,1.153441339363273,1.150602998088098,1.1098836398596503,1.0905517687592703
2023-07-07,1.1230911802899877,1.1447882349113883,1.153441339363273,1.150602998088098,1.1098836398596503,1.090646451724765
2023-07-10,1.1230911802899877,1.1447882349113883,1.153441339363273,1.150602998088098,1.1098836398596503,1.0905176828916923
2023-07-11,1.1230911802899877,1.1447882349113883,1.153441339363273,1.1503729235033975,1.1098836398596503,1.0913546803066643
2023-07-12,1.1230911802899877,1.1447882349113883,1.153441339363273,1.1506623528641577,1.1098836398596503,1.09108009970673
2023-07-13,1.1230911802899877,1.1447882349113883,1.153441339363273,1.150572529959094,1.1098836398596503,1.0911653143756752
2023-07-14,1.1230911802899877,1.1447882349113883,1.153441339363273,1.1511214477122602,1.1098836398596503,1.090644558065455
2023-07-17,1.1230911802899877,1.1447882349113883,1.153441339363273,1.1503749195679545,1.1098836398596503,1.0913527866473545
2023-07-18,1.1230911802899877,1.1447882349113883,1.153441339363273,1.1493259876432684,1.1098836398596503,1.0923479046147029
2023-07-19,1.1230911802899877,1.1447882349113883,1.153441339363273,1.1490724874445337,1.1098836398596503,1.092588399347059
2023-07-20,1.1230911802899877,1.1447882349113883,1.153441339363273,1.149151331994534,1.1098836398596503,1.0925135998043185
2023-07-21,1.1230911802899877,1.1447882349113883,1.153441339363273,1.148055492552759,1.1098836398596503,1.0935532187654493
2023-07-24,1.1230911802899877,1.1447882349113883,1.153441339363273,1.1472780254078205,1.1098836398596503,1.0942907990666522
2023-07-25,1.1230911802899877,1.1447882349113883,1.153441339363273,1.1510166543230194,1.1098836398596503,1.0907439751792243
2023-07-26,1.1230911802899877,1.1447882349113883,1.153441339363273,1.1502671320818783,1.1098836398596503,1.0914550442500888
2023-07-27,1.1230911802899877,1.1447882349113883,1.153441339363273,1.1488519223109888,1.1098836398596503,1.0927976487008022
2023-07-28,1.1230911802899877,1.1447882349113883,1.153441339363273,1.1492114985700488,1.1098836398596503,1.0922380723747291
2023-07-31,1.1230911802899877,1.1447882349113883,1.153441339363273,1.1492114985700488,1.1098836398596503,1.0910355987129476
2023-08-01,1.1230911802899877,1.1447882349113883,1.153441339363273,1.1492114985700488,1.1098836398596503,1.0917883282886296
2023-08-02,1.1230911802899877,1.1447882349113883,1.153441339363273,1.1492114985700488,1.1098836398596503,1.0919275122479069
2023-08-03,1.1230911802899877,1.1447882349113883,1.153441339363273,1.1492114985700488,1.1098836398596503,1.0926026017918833
2023-08-04,1.1230911802899877,1.1447882349113883,1.153441339363273,1.1492114985700488,1.1098836398596503,1.0924747797884657
2023-08-07,1.1230911802899877,1.1447882349113883,1.153441339363273,1.1492114985700488,1.1098836398596503,1.0926840291422086
2023-08-08,1.1230911802899877,1.1447882349113883,1.153441339363273,1.1492114985700488,1.1098836398596503,1.0929160024076705
2023-08-09,1.1230911802899877,1.1447882349113883,1.153441339363273,1.1492114985700488,1.1098836398596503,1.093148922502787
2023-08-10,1.1230911802899877,1.1447882349113883,1.153441339363273,1.1492114985700488,1.1098836398596503,1.0928951721552616
2023-08-11,1.1230911802899877,1.1447882349113883,1.153441339363273,1.1492114985700488,1.1098836398596503,1.0932095196007037
2023-08-14,1.1230911802899877,1.1447882349113883,1.153441339363273,1.1492114985700488,1.1098836398596503,1.094610827490024
2023-08-15,1.1230911802899877,1.1447882349113883,1.153441339363273,1.1492114985700488,1.1098836398596503,1.0966834376047008
2023-08-16,1.1230911802899877,1.1447882349113883,1.153441339363273,1.1492114985700488,1.1098836398596503,1.0981254591691836
2023-08-17,1.1230911802899877,1.1447882349113883,1.153441339363273,1.1492114985700488,1.1098836398596503,1.0978612936954537
2023-08-18,1.122866606968594,1.1447882349113883,1.153441339363273,1.1492114985700488,1.1098836398596503,1.0981756411408956
2023-08-21,1.1212179023298987,1.1447882349113883,1.153441339363273,1.1492114985700488,1.1098836398596503,1.099788092043269
2023-08-22,1.1215577116829123,1.1447882349113883,1.153441339363273,1.1492114985700488,1.1098836398596503,1.0994557548343828
2023-08-23,1.1218113585504037,1.1447882349113883,1.153441339363273,1.1492114985700488,1.1098836398596503,1.099207685464787
2023-08-24,1.1217590801884016,1.1447882349113883,1.153441339363273,1.1492114985700488,1.1098836398596503,1.0992588142661541
2023-08-25,1.12249484972769,1.1447882349113883,1.153441339363273,1.1492114985700488,1.1098836398596503,1.098539223728395
2023-08-28,1.1245259609032525,1.1447882349113883,1.153441339363273,1.1492114985700488,1.1098836398596503,1.0965527751123183
2023-08-29,1.1249587095664921,1.1447882349113883,1.153441339363273,1.1492114985700488,1.1098836398596503,1.0961295422565573
2023-08-30,1.1246798916358143,1.1447882349113883,1.153441339363273,1.1492114985700488,1.1098836398596503,1.0964022291971818
2023-08-31,1.124021571521714,1.1447882349113883,1.153441339363273,1.1492114985700488,1.1098836398596503,1.0970460733625451
2023-09-01,1.125817430068267,1.144559323046779,1.1532106972238283,1.1492114985700488,1.1098836398596503,1.0952897043526202
2023-09-04,1.1286772500933437,1.1474820728812618,1.156155539231198,1.1492114985700488,1.1098836398596503,1.0924927695519095
2023-09-05,1.12827354496455,1.1470694842959608,1.1557398320148564,1.1492114985700488,1.1098836398596503,1.0928875975180221
2023-09-06,1.1298602900630945,1.1486911454261968,1.1573737507860409,1.1492114985700488,1.1098836398596503,1.0913357437135656
2023-09-07,1.1307315960964626,1.1495816243872783,1.158270960605483,1.1492114985700488,1.1098836398596503,1.090483597024114
2023-09-08,1.1306154219586801,1.149462893859134,1.1581513326295576,1.1492114985700488,1.1098836398596503,1.0905972165827076
2023-09-11,1.13091457036347,1.1497686249691053,1.158459374667566,1.1492114985700488,1.1098836398596503,1.090304646219329
2023-09-12,1.1298273740573896,1.1486575051098893,1.1573398561928618,1.1492114985700488,1.1098836398596503,1.0913679359218338
2023-09-13,1.1292668338425895,1.1480846303115935,1.1567626512090206,1.1492114985700488,1.1098836398596503,1.0919161502920476
2023-09-14,1.128503957004485,1.1473049665101136,1.155977094167109,1.1492114985700488,1.1098836398596503,1.0926622520601448
2023-09-15,1.129679252031717,1.1485061236865055,1.1571873305235567,1.1492114985700488,1.1098836398596503,1.0915128008590405
2023-09-18,1.1313144030210043,1.1501772558701349,1.15887109428471,1.1492114985700488,1.1098836398596503,1.0899136055718366
2023-09-19,1.1311478867568496,1.1500070754464617,1.1586996275192167,1.1492114985700488,1.1098836398596503,1.090076460272487
2023-09-20,1.131448971397269,1.1503147853985687,1.159009663356824,1.1492114985700488,1.1098836398596503,1.089781996249799
2023-09-21,1.1311081939264405,1.149966509182679,1.158658754627442,1.1492114985700488,1.1098836398596503,1.0901152802883403
2023-09-22,1.1319146360662136,1.1507906969322133,1.159489172160326,1.1492114985700488,1.1098836398596503,1.08932657118577
2023-09-25,1.1334045693832728,1.1523134159556625,1.1610234009515723,1.1492114985700488,1.1098836398596503,1.0878694003468081
2023-09-26,1.1343920495544233,1.153322625444888,1.1620402387469404,1.1492114985700488,1.1098836398596503,1.086903634098763
2023-09-27,1.134366878491237,1.1532969004971234,1.1620143193521566,1.1492114985700488,1.1098836398596503,1.0869282516697916
2023-09-28,1.1334597520987195,1.152369812956531,1.161080224240137,1.148981702229603,1.1098836398596503,1.087815431056476
2023-10-07,1.1327036520853189,1.1515970751025257,1.160301645496821,1.148200648729489,1.1098836398596503,1.0885549050169891
2023-10-08,1.1323522253185272,1.1512379152548897,1.159939770869646,1.1478376238632388,1.1098836398596503,1.0888986041817346
2023-10-09,1.132365778967935,1.15125176714984,1.1599537274668372,1.1478516248222679,1.1098836398596503,1.088885348566565
2023-10-10,1.132947617774662,1.1518464092116285,1.1605528642462648,1.1484526659920098,1.1098836398596503,1.0883163039439425
2023-10-11,1.1341645418679327,1.1530901114939391,1.1618059672940861,1.1497097520991073,1.1098836398596503,1.0871261390676754
2023-10-12,1.1346669950138415,1.1536036210281626,1.1623233582899644,1.1502287876516797,1.1098836398596503,1.0866347344767586
2023-10-13,1.1327985276311745,1.151694038367177,1.1603993416771603,1.1482986554426915,1.1098836398596503,1.0884621157108043
2023-10-16,1.132229274356041,1.1511122587792704,1.1598131645951246,1.1477106151634766,1.1098836398596503,1.0890188515479124
2023-10-17,1.1328304755190648,1.1517266892624167,1.16043223937054,1.1483316577032598,1.1098836398596503,1.088430870332191
2023-10-18,1.1331092934497424,1.1520116425299627,1.1607193465127614,1.148619677431855,1.1098836398596503,1.0881581833915668
2023-10-19,1.134221660819009,1.1531484873369433,1.1618647843822494,1.1497687561407293,1.1098836398596503,1.0870702761180335
2023-10-20,1.133844094871216,1.1527626131204747,1.161475993460491,1.1493787294249234,1.1098836398596503,1.0874395396834626
2023-10-23,1.132809176927138,1.1517049219989235,1.1604103075749534,1.1483096561962143,1.1098836398596503,1.0884517005845997
2023-10-24,1.1339680139515174,1.1528892590171618,1.1616035966348117,1.1495067381931878,1.1098836398596503,1.0873183454876294
2023-10-25,1.1331731892255228,1.152076944320442,1.1607851418995205,1.1486856819529914,1.1096617075181467,1.0880956926343401
2023-10-26,1.1327869102173962,1.1516821653143625,1.1603873788795678,1.1482866546206667,1.1092764348009763,1.0884734776666638
2023-10-27,1.1330231309642205,1.1519235840549225,1.1606306224306164,1.1485306713351708,1.1095120401718774,1.0882424512308568
2023-10-30,1.1325603706487206,1.1514506407844813,1.1601541043265127,1.1480526385911833,1.1090504853878989,1.0886950358059209
2023-10-31,1.1316648616699814,1.1505354262967034,1.1592319720120858,1.1471275752267718,1.108157309289195,1.089570853236746
2023-11-01,1.1310762460385504,1.1499338582874394,1.1586258569340626,1.1465195335775153,1.1075702270535064,1.0901465256669534
2023-11-02,1.1298593219452797,1.1486901560051288,1.1573727538862413,1.1452624474704178,1.1063564731550515,1.0913366905432205
2023-11-03,1.1298302784108343,1.148660473373093,1.1573428468922602,1.145232445415356,1.1063275052815802,1.0913650954328689
2023-11-06,1.1294623936411898,1.1482844933673029,1.1569640249684954,1.1448524193845706,1.1059605788842748,1.0917248907017483
2023-11-07,1.1293868804516312,1.1482073185240091,1.1568862667841437,1.1447744140414093,1.105885262413249,1.0917987434148342
2023-11-08,1.1295572691870455,1.1483814566319541,1.1570617211488348,1.1449504260977732,1.1060552072709482,1.0916321013955637
2023-11-09,1.1290877320468418,1.147901587414038,1.1565782247461354,1.144465392874271,1.105586893316493,1.0920913137782124
2023-11-10,1.1292048743024388,1.14802130736325,1.1566988496218602,1.144586401163021,1.105703730406161,1.0919767473899642
2023-11-13,1.128921215782687,1.1477314069903646,1.1564067579806419,1.1442933810919156,1.105420810841923,1.0922541684788631
2023-11-14,1.129368486213149,1.1481885195237198,1.1568673256879556,1.1447554127398702,1.1058669160933838,1.091816733178278
2023-11-15,1.129712168037422,1.148539764002813,1.1572212251167355,1.1451104370581038,1.1062097025961295,1.0914806086507722
2023-11-16,1.1292668338425895,1.1480846303115935,1.1567626512090206,1.1446504055471531,1.1057655285362336,1.0919161502920476
2023-11-17,1.1289560680240216,1.1477670261488078,1.1564426463734194,1.14432938355799,1.1054555722900887,1.0922200826112851
2023-11-20,1.1291303292306951,1.1479451219410242,1.156622088337308,1.1445093958883619,1.1056293795309176,1.092049653273395
2023-11-21,1.129308462908628,1.148127175417512,1.156805517900394,1.144693408492742,1.105807049154876,1.091875436616885
2023-11-22,1.129843832060242,1.1486743252680431,1.1573568034894512,1.1452464463743848,1.1063410236225335,1.0913518398176996
2023-11-23,1.1311469186390348,1.1500060860253938,1.1586986306194174,1.1465925385781663,1.1076407155456203,1.0900774071021422
2023-11-24,1.1311411099321456,1.1500001494989864,1.158692649220621,1.1465865381671538,1.107634921970926,1.0900830880800718
2023-11-27,1.1317897488680975,1.1506630616144582,1.159360572086206,1.1472565840635385,1.1082818711451223,1.089448712211258
2023-11-28,1.131223399946408,1.1500842502897552,1.1587773857035684,1.1466715439898294,1.1077169976124286,1.0900026075594016
2023-11-29,1.1311043214551812,1.1499625514984075,1.1586547670282445,1.1465485355640752,1.1075982293311954,1.0901190676069599
2023-11-30,1.1304479375767105,1.1492917240143927,1.1579788689642647,1.1458704891196743,1.10694355539074,1.0907610181130132
2023-12-01,1.1306405930218664,1.1494886188068987,1.1581772520243414,1.1460695027515855,1.1071357089514342,1.090572599011679
2023-12-04,1.1308903674180986,1.1497438894424088,1.1584344521725816,1.1463275204251187,1.107384832663289,1.090328316960703
2023-12-05,1.1310704373316613,1.149927921761032,1.1586198755352664,1.146513533166503,1.1075644334788122,1.0901522066448832
2023-12-06,1.1311081939264405,1.149966509182679,1.158658754627442,1.1465525358380835,1.107602091714325,1.0901152802883403
2023-12-07,1.1312059738257407,1.1500664407105337,1.1587594415071796,1.1466535427567923,1.1076996168883457,1.0900196504931905
2023-12-08,1.1307858106940945,1.1496370319670788,1.1583267869942484,1.1462195130268955,1.1072805483187917,1.090430574563437
2023-12-11,1.1295824402502317,1.1484071815797186,1.1570876405436186,1.1449764278788268,1.1060803127612902,1.091607483824535
2023-12-12,1.1296240693162702,1.148449726685637,1.157130507234992,1.1450194308244157,1.1061218333799328,1.0915667701493723
2023-12-13,1.1284187626367779,1.1472178974561411,1.1558893669847634,1.1437743455393432,1.1049196666308665,1.0927455730697804
2023-12-14,1.12840520898737,1.1472040455611907,1.1558754103875721,1.1437603445803142,1.1049061482899132,1.0927588286849494
2023-12-15,1.1279153413730543,1.1467033985008497,1.1553709790890856,1.1432543099182686,1.1044175568240278,1.093237924490352
2023-12-18,1.1272715430261768,1.146045433490717,1.1547080407224977,1.1425892643643945,1.1037754356287433,1.0938675662108912
2023-12-19,1.1274370911725167,1.1462146244933227,1.1548785105881918,1.1427602760782478,1.1039405525075308,1.0937056583398956
2023-12-20,1.1275426160143358,1.1463224713897204,1.1549871726663243,1.1428692835449732,1.1040458024478106,1.0936024539075062
2023-12-21,1.1261640162459845,1.1446846947670148,1.1535675873520066,1.1414451859980304,1.1026707940536977,1.0949507393361495
2023-12-22,1.1256509138041122,1.1446846947670148,1.153039230458335,1.1409151496919352,1.102159028289035,1.0954525590532709
2023-12-25,1.1247844483598184,1.1446846947670148,1.1521470051378895,1.1400200883825857,1.1012948200638029,1.0962999715944475
2023-12-26,1.1240564237630488,1.1446846947670148,1.1513973364887555,1.139268036869032,1.1005686920354512,1.0970119874949669
2023-12-27,1.123370203848889,1.1446846947670148,1.1506907153686183,1.1387910041935463,1.1001081028472548,1.0974636252403762
2023-12-28,1.123370203848889,1.1446846947670148,1.1506907153686183,1.1381439598727092,1.0992593943655211,1.0980762240271265
2023-12-29,1.123370203848889,1.1446846947670148,1.1506907153686183,1.1381099575436389,1.0992593943655211,1.0981084162353947
2023-12-31,1.123370203848889,1.1446846947670148,1.1506907153686183,1.137643925621676,1.0992593943655211,1.0985496388545994
2024-01-02,1.123370203848889,1.1446846947670148,1.1506907153686183,1.1380139509674407,1.0992593943655211,1.0981993118822695
2024-01-03,1.123370203848889,1.1446846947670148,1.1506907153686183,1.1387830036455298,1.0992593943655211,1.0974711998776159
2024-01-04,1.123370203848889,1.1446846947670148,1.1506907153686183,1.1376449256901782,1.0992593943655211,1.0985486920249445
2024-01-05,1.123370203848889,1.1446846947670148,1.1506907153686183,1.1363378361579772,1.0992593943655211,1.099786198383959
2024-01-08,1.123370203848889,1.1446846947670148,1.1506907153686183,1.1361288218410455,1.0992593943655211,1.0999840857818426
2024-01-09,1.123370203848889,1.1446846947670148,1.1506907153686183,1.1347587279932145,1.0992593943655211,1.1012812424091187
2024-01-10,1.123370203848889,1.1446846947670148,1.1506907153686183,1.135024746214764,1.0992593943655211,1.1010293857209033
2024-01-11,1.123370203848889,1.1446846947670148,1.1506907153686183,1.1353357675189066,1.0992593943655211,1.100734921698215
2024-01-12,1.123370203848889,1.1446846947670148,1.1506907153686183,1.1364898465702915,1.0992593943655211,1.099642280276407
2024-01-15,1.123370203848889,1.1446846947670148,1.1506907153686183,1.137117889589589,1.0992593943655211,1.0990476712531012
2024-01-16,1.123370203848889,1.1446846947670148,1.1506907153686183,1.1369338769852089,1.0992593943655211,1.0992218879096112
2024-01-17,1.123370203848889,1.1446846947670148,1.1506907153686183,1.1362048270472025,1.0992593943655211,1.099912126728067
2024-01-18,1.123370203848889,1.1446846947670148,1.1506907153686183,1.1354497753281423,1.0992593943655211,1.100626983117551
2024-01-19,1.123370203848889,1.1446846947670148,1.1506907153686183,1.1350197458722537,1.0992593943655211,1.1010341198691778
2024-01-22,1.123370203848889,1.1446846947670148,1.1506907153686183,1.134014677027677,1.0992593943655211,1.1019856836723985
2024-01-23,1.123370203848889,1.1446846947670148,1.1506907153686183,1.1343557003868816,1.0992593943655211,1.101662814760062
2024-01-24,1.123370203848889,1.1446846947670148,1.1506907153686183,1.1345067107306936,1.0992593943655211,1.1015198434821651
2024-01-25,1.123370203848889,1.1446846947670148,1.1506907153686183,1.1339586731915614,1.0992593943655211,1.1020387061330754
2024-01-26,1.123370203848889,1.1446846947670148,1.1506907153686183,1.1336006486678216,1.0992593943655211,1.1023776711495463
2024-01-29,1.1231455747339423,1.1446846947670148,1.1506907153686183,1.1334806404475737,1.0992593943655211,1.10249129070814
2024-01-30,1.1197782687398867,1.1446846947670148,1.1506907153686183,1.1297558065062292,1.0992593943655211,1.1057966730335564
2024-01-31,1.117742066232453,1.1446846947670148,1.1506907153686183,1.1297558065062292,1.0992593943655211,1.1077954304351476
2024-02-01,1.11786649547142,1.1446846947670148,1.1506907153686183,1.1297558065062292,1.0992593943655211,1.1076732894096595
2024-02-02,1.1180767712395963,1.1446846947670148,1.1506907153686183,1.1297558065062292,1.0992593943655211,1.1074668805448813
2024-02-04,1.1164302541007098,1.1446846947670148,1.1506907153686183,1.1297558065062292,1.0992593943655211,1.1090831187658743
2024-02-05,1.116510313223456,1.1446846947670148,1.1506907153686183,1.1297558065062292,1.0992593943655211,1.1090045319045139
2024-02-06,1.1203685841991713,1.1446846947670148,1.1506907153686183,1.1297558065062292,1.0992593943655211,1.1052172132847295
2024-02-07,1.1181674406075257,1.1446846947670148,1.1506907153686183,1.1297558065062292,1.0992593943655211,1.1073778785573163
2024-02-08,1.1186178937439404,1.1446846947670148,1.1506907153686183,1.1297558065062292,1.0992593943655211,1.1069357091084564
2024-02-09,1.119031693306086,1.1446846947670148,1.1506907153686183,1.1297558065062292,1.0992593943655211,1.1065295191864848
2024-02-18,1.1187693308797373,1.1446846947670148,1.1506907153686183,1.1297558065062292,1.0992593943655211,1.1067870568526301
2024-02-19,1.1186815552150398,1.1446846947670148,1.1506907153686183,1.1297558065062292,1.0992593943655211,1.1068732183512302
2024-02-20,1.1175182865158615,1.1446846947670148,1.1506907153686183,1.1297558065062292,1.0992593943655211,1.108015094915095
2024-02-21,1.1171025578182283,1.1446846947670148,1.1506907153686183,1.1297558065062292,1.0992593943655211,1.1084231784963767
2024-02-22,1.1164505100233324,1.1446846947670148,1.1506907153686183,1.1297558065062292,1.0992593943655211,1.1090632353431205
2024-02-23,1.1148560795426181,1.1446846947670148,1.1506907153686183,1.1297558065062292,1.0992593943655211,1.110628344762746
2024-02-26,1.1138789724180183,1.1446846947670148,1.1506907153686183,1.1297558065062292,1.0992593943655211,1.1115874832032064
2024-02-27,1.1131893064811091,1.1446846947670148,1.1506907153686183,1.1297558065062292,1.0992593943655211,1.112264466406493
2024-02-28,1.1126800147123146,1.1446846947670148,1.1506907153686183,1.1297558065062292,1.0992593943655211,1.1127643924643043
2024-02-29,1.1112100134705671,1.1446846947670148,1.1506907153686183,1.1297558065062292,1.0992593943655211,1.1142073608584422
2024-03-01,1.1136127517206937,1.1446846947670148,1.1506907153686183,1.1297558065062292,1.0992593943655211,1.1118488081879716
2024-03-04,1.113053302429215,1.1446846947670148,1.1506907153686183,1.1297558065062292,1.0992593943655211,1.1123979693878403
2024-03-05,1.1116083799488097,1.1446846947670148,1.1506907153686183,1.1297558065062292,1.0992593943655211,1.1138163202109495
2024-03-06,1.1073449905206443,1.1446846947670148,1.1506907153686183,1.1297558065062292,1.0992593943655211,1.118001307285811
2024-03-07,1.1076671561471165,1.1446846947670148,1.1506907153686183,1.1297558065062292,1.0992593943655211,1.1176850661810591
2024-03-08,1.1080780620060304,1.1446846947670148,1.1506907153686183,1.1297558065062292,1.0992593943655211,1.117281716748052
2024-03-11,1.1099416068873007,1.1446846947670148,1.1506907153686183,1.1297558065062292,1.0992593943655211,1.1154524418546963
2024-03-12,1.1135876729593517,1.1446846947670148,1.1506907153686183,1.1297558065062292,1.0992593943655211,1.1118734257590002
2024-03-13,1.1134574563139212,1.1446846947670148,1.1506907153686183,1.1297558065062292,1.0992593943655211,1.1120012477624177
2024-03-14,1.1137111376305744,1.1446846947670148,1.1506907153686183,1.1297558065062292,1.0992593943655211,1.1117522315631672
2024-03-15,1.1132684010361114,1.1446846947670148,1.1506907153686183,1.1297558065062292,1.0992593943655211,1.1121868263747874
2024-03-18,1.1114472971355738,1.1446846947670148,1.1506907153686183,1.1297558065062292,1.0992593943655211,1.1139744407633254
2024-03-19,1.1106206625790267,1.1446846947670148,1.1506907153686183,1.1297558065062292,1.0992593943655211,1.1147858737776144
2024-03-20,1.111132848051053,1.1446846947670148,1.1506907153686183,1.1297558065062292,1.0992593943655211,1.114283107230838
2024-03-21,1.1111386354575163,1.1446846947670148,1.1506907153686183,1.1297558065062292,1.0992593943655211,1.1142774262529083
2024-03-22,1.1115186751486243,1.1446846947670148,1.1506907153686183,1.1297558065062292,1.0992593943655211,1.1139043753688596
2024-03-25,1.112783223460915,1.1446846947670148,1.1506907153686183,1.1297558065062292,1.0992593943655211,1.112663081691225
2024-03-26,1.1129915700936037,1.1446846947670148,1.1506907153686183,1.1297558065062292,1.0992593943655211,1.1124585664857567
2024-03-27,1.1118475927493041,1.1446846947670148,1.1506907153686183,1.1297558065062292,1.0992593943655211,1.1135815064565227
2024-03-28,1.1115620806971012,1.1446846947670148,1.1506907153686183,1.1297558065062292,1.0992593943655211,1.113861768034387
2024-03-29,1.111119344102638,1.1446846947670148,1.1506907153686183,1.1297558065062292,1.0992593943655211,1.114296362846007
2024-04-01,1.1122941876147432,1.1446846947670148,1.1506907153686183,1.1297558065062292,1.0992593943655211,1.1131431243262828
2024-04-02,1.1114463325678297,1.1446846947670148,1.1506907153686183,1.1297558065062292,1.0992593943655211,1.1139753875929803
2024-04-03,1.1102001110426738,1.1446846947670148,1.1506907153686183,1.1297558065062292,1.0992593943655211,1.1151986915071708
2024-04-07,1.1105357806175609,1.1446846947670148,1.1506907153686183,1.1297558065062292,1.0992593943655211,1.1148691947872496
2024-04-08,1.109787276048272,1.1446846947670148,1.1506907153686183,1.1297558065062292,1.0992593943655211,1.1156039345994875
2024-04-09,1.1089317044594074,1.1446846947670148,1.1506907153686183,1.1297558065062292,1.0992593943655211,1.1164437725034249
2024-04-10,1.1097863114805282,1.1446846947670148,1.1506907153686183,1.1297558065062292,1.0992593943655211,1.1156048814291426
2024-04-11,1.1095480632477779,1.1446846947670148,1.1506907153686183,1.1297558065062292,1.0992593943655211,1.1158387483539143
2024-04-12,1.1078677862378539,1.1446846947670148,1.1506907153686183,1.1297558065062292,1.0992593943655211,1.1174881256128302
2024-04-15,1.1068279822098985,1.1446846947670148,1.1506907153686183,1.1297558065062292,1.0992593943655211,1.118508807980862
2024-04-16,1.1068183365324593,1.1446846947670148,1.1506907153686183,1.1297558065062292,1.0992593943655211,1.1185182762774115
2024-04-17,1.1061257768923183,1.1446846947670148,1.1506907153686183,1.1297558065062292,1.0992593943655211,1.119198099969663
2024-04-18,1.1050830791611312,1.1446846947670148,1.1506907153686183,1.1297558065062292,1.0992593943655211,1.1202216228266595
2024-04-19,1.1044020943339177,1.1446846947670148,1.1506907153686183,1.1297558065062292,1.0992593943655211,1.1208900845630514
2024-04-22,1.103501188061088,1.1446846947670148,1.1506907153686183,1.1297558065062292,1.0992593943655211,1.121774423460771
2024-04-23,1.101904828444886,1.1446846947670148,1.1506907153686183,1.1297558065062292,1.0992593943655211,1.1233414265397066
2024-04-24,1.105370520348822,1.1446846947670148,1.1506907153686183,1.1297558065062292,1.0992593943655211,1.1199394675894856
2024-04-25,1.1053772723230297,1.1446846947670148,1.1506907153686183,1.1297558065062292,1.0992593943655211,1.1199328397819008
2024-04-26,1.1084648536713457,1.1446846947670148,1.1506907153686183,1.1297558065062292,1.0992593943655211,1.1169020380564185
2024-04-28,1.1101026897005368,1.1446846947670148,1.1506907153686183,1.1297558065062292,1.0992593943655211,1.1152943213023203
2024-04-29,1.1128372392545751,1.1446846947670148,1.1506907153686183,1.1297558065062292,1.0992593943655211,1.1126100592305481
2024-04-30,1.1089509958142858,1.1446846947670148,1.1506907153686183,1.1297558065062292,1.0992593943655211,1.116424835910326
2024-05-06,1.108759046833244,1.1446846947670148,1.1506907153686183,1.1297558065062292,1.0992593943655211,1.11661325501166
2024-05-07,1.1070315060038676,1.1446846947670148,1.1506907153686183,1.1297558065062292,1.0992593943655211,1.1183090269236684
2024-05-08,1.106494241770499,1.1446846947670148,1.1506907153686183,1.1297558065062292,1.0992593943655211,1.1188364110414735
2024-05-09,1.1077886916828517,1.1446846947670148,1.1506907153686183,1.1297558065062292,1.0992593943655211,1.1175657656445357
2024-05-10,1.1082121369224363,1.1446846947670148,1.1506907153686183,1.1297558065062292,1.0992593943655211,1.1171501074260146
2024-05-11,1.109977295893826,1.1446846947670148,1.1506907153686183,1.1297558065062292,1.0992593943655211,1.1154174091574631
2024-05-13,1.1073440259529004,1.1446846947670148,1.1506907153686183,1.1297558065062292,1.0992593943655211,1.118002254115466
2024-05-14,1.1062965053829938,1.1446846947670148,1.1506907153686183,1.1297558065062292,1.0992593943655211,1.1190305111207373
2024-05-15,1.1067623916033114,1.1446846947670148,1.1506907153686183,1.1297558065062292,1.0992593943655211,1.1185731923973985
2024-05-16,1.1078070184699862,1.1446846947670148,1.1506907153686183,1.1297558065062292,1.0992593943655211,1.1175477758810919
2024-05-17,1.1083712906001848,1.1446846947670148,1.1506907153686183,1.1297558065062292,1.0992593943655211,1.1169938805329482
2024-05-20,1.1077095971278494,1.1446846947670148,1.1506907153686183,1.1297558065062292,1.0992593943655211,1.1176434056762414
2024-05-21,1.1082950897484143,1.1446846947670148,1.1506907153686183,1.1297558065062292,1.0992593943655211,1.1170686800756893
2024-05-22,1.1078456011797435,1.1446846947670148,1.1506907153686183,1.1297558065062292,1.0992593943655211,1.117509902694894
2024-05-23,1.1066755805063577,1.1446846947670148,1.1506907153686183,1.1297558065062292,1.0992593943655211,1.1186584070663435
2024-05-24,1.1068405215905697,1.1446846947670148,1.1506907153686183,1.1297558065062292,1.0992593943655211,1.1184964991953479
2024-05-27,1.107243710907532,1.1446846947670148,1.1506907153686183,1.1297558065062292,1.0992593943655211,1.1181007243995802
2024-05-28,1.1064739858478767,1.1446846947670148,1.1506907153686183,1.1297558065062292,1.0992593943655211,1.1188562944642273
2024-05-29,1.1055557173556563,1.1446846947670148,1.1506907153686183,1.1297558065062292,1.0992593943655211,1.119757676295736
2024-05-30,1.105929005072557,1.1446846947670148,1.1506907153686183,1.1297558065062292,1.0992593943655211,1.1193912532192718
2024-05-31,1.107226348688141,1.1446846947670148,1.1506907153686183,1.1297558065062292,1.0992593943655211,1.1181177673333693
2024-06-03,1.1063003636539694,1.1446846947670148,1.1506907153686183,1.1297558065062292,1.0992593943655211,1.1190267238021177
2024-06-04,1.105781426207736,1.1446846947670148,1.1506907153686183,1.1297558065062292,1.0992593943655211,1.1195361181564787
2024-06-05,1.1048872719091136,1.1446846947670148,1.1506907153686183,1.1297558065062292,1.0992593943655211,1.1204138292466135
2024-06-06,1.104491799134103,1.1446846947670148,1.1506907153686183,1.1297558065062292,1.0992593943655211,1.1208020294051413
2024-06-07,1.1044734723469685,1.1446846947670148,1.1506907153686183,1.1297558065062292,1.0992593943655211,1.1208200191685853
2024-06-11,1.1041484130172643,1.1446846947670148,1.1506907153686183,1.1297558065062292,1.0992593943655211,1.1211391007623022
2024-06-12,1.1041320153656176,1.1446846947670148,1.1506907153686183,1.1297558065062292,1.0992593943655211,1.1211551968664364
2024-06-13,1.1038590426940855,1.1446846947670148,1.1506907153686183,1.1297558065062292,1.0992593943655211,1.121423149658786
2024-06-14,1.1033844753640727,1.1446846947670148,1.1506907153686183,1.1297558065062292,1.0992593943655211,1.1218889898490194
2024-06-17,1.1034626053513308,1.1446846947670148,1.1506907153686183,1.1297558065062292,1.0992593943655211,1.1218122966469688
2024-06-18,1.1026552621496626,1.1446846947670148,1.1506907153686183,1.1297558065062292,1.0992593943655211,1.1226047930681586
2024-06-19,1.101914474122325,1.1446846947670148,1.1506907153686183,1.1297558065062292,1.0992593943655211,1.1233319582431573
2024-06-20,1.101292327927491,1.1446846947670148,1.1506907153686183,1.1297558065062292,1.0992593943655211,1.1239426633705976
2024-06-21,1.1023031949231283,1.1446846947670148,1.1506907153686183,1.1297558065062292,1.0992593943655211,1.1229503858922139
2024-06-24,1.101670438483111,1.1446846947670148,1.1506907153686183,1.1297558065062292,1.0992593943655211,1.1235715061458587
2024-06-25,1.1002747089576461,1.1446846947670148,1.1506907153686183,1.1297558065062292,1.0992593943655211,1.1249415686565656
2024-06-26,1.0998618739632446,1.1446846947670148,1.1506907153686183,1.1297558065062292,1.0992593943655211,1.1253468117488825
2024-06-27,1.0983465380375323,1.1446846947670148,1.1506907153686183,1.1297558065062292,1.0992593943655211,1.1268342811368026
2024-06-28,1.0976906319716608,1.1446846947670148,1.1506907153686183,1.1297558065062292,1.0992593943655211,1.127478125302166
2024-07-01,1.1005062052161891,1.1446846947670148,1.1506907153686183,1.1297558065062292,1.0992593943655211,1.1247143295393784
2024-07-02,1.099721047072631,1.1446846947670148,1.1506907153686183,1.1297558065062292,1.0992593943655211,1.1254850488785044
2024-07-03,1.0984536050571085,1.1446846947670148,1.1506907153686183,1.1297558065062292,1.0992593943655211,1.1267291830451036
2024-07-04,1.0982886639728966,1.1446846947670148,1.1506907153686183,1.1297558065062292,1.0992593943655211,1.1268910909160996
2024-07-05,1.0997789211372668,1.1446846947670148,1.1506907153686183,1.1297558065062292,1.0992593943655211,1.1254282390992076
2024-07-08,1.1027951244725323,1.1446846947670148,1.1506907153686183,1.1297558065062292,1.0992593943655211,1.1224675027681916
2024-07-09,1.1008978197202242,1.1446846947670148,1.1506907153686183,1.1297558065062292,1.0992593943655211,1.1243299166994702
2024-07-10,1.1007251620940608,1.1446846947670148,1.1506907153686183,1.1297558065062292,1.0992593943655211,1.1244993992077057
2024-07-11,1.1004348272031383,1.1446846947670148,1.1506907153686183,1.1297558065062292,1.0992593943655211,1.1247843949338445
2024-07-12,1.0994731531624413,1.1446846947670148,1.1506907153686183,1.1297558065062292,1.0992593943655211,1.1257283840998258
2024-07-15,1.0989407117677925,1.1446846947670148,1.1506907153686183,1.1297558065062292,1.0992593943655211,1.126251034069356
2024-07-16,1.09865037687687,1.1446846947670148,1.1506907153686183,1.129529900526124,1.0992593943655211,1.1265360297954947
2024-07-17,1.098404412102168,1.1446846947670148,1.1506907153686183,1.1292878173114655,1.0992593943655211,1.1267774713575058
2024-07-18,1.099058389032552,1.1446846947670148,1.1506907153686183,1.129931473858675,1.0992593943655211,1.1261355208514525
2024-07-19,1.0988104951223623,1.1446846947670148,1.1506907153686183,1.129687491952137,1.0992593943655211,1.1263788560727737
2024-07-22,1.0964000403302843,1.1446846947670148,1.1506907153686183,1.1273150764484845,1.0992593943655211,1.1287449833804837
2024-07-23,1.0945403537199894,1.1446846947670148,1.1506907153686183,1.1254847374764787,1.0992593943655211,1.1305704709552198
2024-07-24,1.0939828335639985,1.1446846947670148,1.1506907153686183,1.1249360155232528,1.0992593943655211,1.1311177384957787
2024-07-25,1.0932381872656856,1.1446846947670148,1.1506907153686183,1.124203120457699,1.0992593943655211,1.1318486909893968
2024-07-26,1.0918511388499157,1.1446846947670148,1.1506907153686183,1.1228379609962131,1.0992593943655211,1.1332102320332094
2024-07-29,1.090779504086411,1.1446846947670148,1.1506907153686183,1.1217832376570545,1.0992593943655211,1.1342621597798543
2024-07-30,1.089764778819798,1.1446846947670148,1.1506907153686183,1.120784525728346,1.0992593943655211,1.1352582245768574
2024-07-31,1.0883825532427478,1.1446846947670148,1.1506907153686183,1.1194241129965596,1.0992593943655211,1.1366150314723955
2024-08-01,1.086903870891305,1.1446846947670148,1.1506907153686183,1.1179687656707897,1.0992593943655211,1.1380665213334276
2024-08-02,1.086359854683729,1.1446846947670148,1.1506907153686183,1.1174333345607215,1.0992593943655211,1.1386005332588172
2024-08-05,1.0859190472247535,1.1446846947670148,1.1506907153686183,1.116999483466216,1.0992593943655211,1.1390332344111276
2024-08-06,1.0865556619357466,1.1446846947670148,1.1506907153686183,1.1176260517865084,1.0992593943655211,1.1384083268388632
2024-08-07,1.0856518619596853,1.1446846947670148,1.1506907153686183,1.1165080499835989,1.0992593943655211,1.1392955062255476
2024-08-08,1.089097297940999,1.1446846947670148,1.1506907153686183,1.1165080499835989,1.0992593943655211,1.1359134306980805
2024-08-09,1.0913051935068523,1.1446846947670148,1.1506907153686183,1.1165080499835989,1.0992593943655211,1.1337461376179085
2024-08-12,1.0967627178020014,1.1446846947670148,1.1506907153686183,1.1165080499835989,1.0992593943655211,1.128388975430224
2024-08-13,1.095521319115565,1.1446846947670148,1.1506907153686183,1.1165080499835989,1.0992593943655211,1.1296075451961396
2024-08-14,1.0922919463088914,1.1446846947670148,1.1506907153686183,1.1165080499835989,1.0992593943655211,1.132777530880899
2024-08-15,1.0929758248393369,1.1446846947670148,1.1506907153686183,1.1165080499835989,1.0992593943655211,1.1321062286555423
2024-08-16,1.0925494858965203,1.1446846947670148,1.1506907153686183,1.1165080499835989,1.0992593943655211,1.1325247273630283
2024-08-19,1.0918106270046708,1.1446846947670148,1.1506907153686183,1.1165080499835989,1.0992593943655211,1.1332499988787172
2024-08-20,1.0913630675714878,1.1446846947670148,1.1506907153686183,1.1165080499835989,1.0992593943655211,1.133689327838612
2024-08-21,1.0918212372498541,1.1446846947670148,1.1506907153686183,1.1165080499835989,1.0992593943655211,1.1332395837525124
2024-08-22,1.0903936769888394,1.1446846947670148,1.1506907153686183,1.1165080499835989,1.0992593943655211,1.134640891641833
2024-08-23,1.0902152319562126,1.1446846947670148,1.1506907153686183,1.1165080499835989,1.0992593943655211,1.1348160551279978
2024-08-26,1.090075369633343,1.1446846947670148,1.1506907153686183,1.1165080499835989,1.0992593943655211,1.134953345427965
2024-08-27,1.092621828477315,1.1446846947670148,1.1506907153686183,1.1165080499835989,1.0992593943655211,1.1324537151389074
2024-08-28,1.0920980681923618,1.1446846947670148,1.1506907153686183,1.1165080499835989,1.0992593943655211,1.1329678436415431
2024-08-29,1.0918848987209533,1.1446846947670148,1.1506907153686183,1.1165080499835989,1.0992593943655211,1.1331770929952862
2024-08-30,1.0927636199356725,1.1446846947670148,1.1506907153686183,1.1165080499835989,1.0992593943655211,1.1323145311796305
2024-09-02,1.0902268067691399,1.1446846947670148,1.1506907153686183,1.1165080499835989,1.0992593943655211,1.1348046931721383
2024-09-03,1.089451294303021,1.1446846947670148,1.1506907153686183,1.1165080499835989,1.0992593943655211,1.135565944214715
2024-09-04,1.088517592726898,1.1446846947670148,1.1506907153686183,1.1165080499835989,1.0992593943655211,1.1364824753207028
2024-09-05,1.0874363122859536,1.1446846947670148,1.1506907153686183,1.1165080499835989,1.0992593943655211,1.1375438713638975
2024-09-06,1.0879841867645053,1.1446846947670148,1.1506907153686183,1.1165080499835989,1.0992593943655211,1.137006072119888
2024-09-09,1.0870360166722233,1.1446846947670148,1.1506907153686183,1.1165080499835989,1.0992593943655211,1.1379368056706998
2024-09-10,1.0857087714565772,1.1446846947670148,1.1506907153686183,1.1165080499835989,1.0992593943655211,1.1392396432759055
2024-09-11,1.084192470963121,1.1446846947670148,1.1506907153686183,1.1165080499835989,1.0992593943655211,1.140728059493481
2024-09-12,1.0840256007434215,1.1446846947670148,1.1506907153686183,1.1165080499835989,1.0992593943655211,1.1408918610237866
2024-09-13,1.082204496842884,1.1446846947670148,1.1506907153686183,1.1165080499835989,1.0992593943655211,1.1426794754123246
2024-09-14,1.080290794438929,1.1446846947670148,1.1506907153686183,1.1165080499835989,1.0992593943655211,1.1445579854477377
2024-09-18,1.0800180391809668,1.1446846947670148,1.1506907153686183,1.1165080499835989,1.0992593943655211,1.1445968054635904
2024-09-19,1.0800180391809668,1.1446846947670148,1.1506907153686183,1.1165080499835989,1.0992593943655211,1.144708531362874
2024-09-20,1.0800180391809668,1.1446846947670148,1.1506907153686183,1.1165080499835989,1.0992593943655211,1.1441214969768077
2024-09-23,1.0800180391809668,1.1446846947670148,1.1506907153686183,1.1165080499835989,1.0992593943655211,1.144673498665641
2024-09-24,1.0800180391809668,1.1446846947670148,1.1506907153686183,1.1165080499835989,1.0992593943655211,1.1417932428552953
2024-09-25,1.0800180391809668,1.1446846947670148,1.1506907153686183,1.1165080499835989,1.0992593943655211,1.1446242635235837
2024-09-26,1.0800180391809668,1.1446846947670148,1.1506907153686183,1.1165080499835989,1.0992593943655211,1.141781880899436
2024-09-27,1.0800180391809668,1.1446846947670148,1.1506907153686183,1.1165080499835989,1.0992593943655211,1.1327623816064198
2024-09-29,1.0800180391809668,1.1446846947670148,1.1506907153686183,1.1165080499835989,1.0992593943655211,1.1258675680591026
2024-09-30,1.0800180391809668,1.1446846947670148,1.1506907153686183,1.1165080499835989,1.0992593943655211,1.131779572424586
2024-10-08,1.0800180391809668,1.1446846947670148,1.1506907153686183,1.1165080499835989,1.0992593943655211,1.1293282304479304
2024-10-09,1.0800180391809668,1.1444558036062935,1.1506907153686183,1.1165080499835989,1.0992593943655211,1.130335657200793
2024-10-10,1.0800180391809668,1.1407620964689869,1.1506907153686183,1.1165080499835989,1.0992593943655211,1.1339837918613003
2024-10-11,1.0800180391809668,1.1399261471765574,1.1506907153686183,1.1165080499835989,1.0992593943655211,1.1348094273204132
2024-10-12,1.0800180391809668,1.139983666623284,1.1506907153686183,1.1165080499835989,1.0992593943655211,1.1347526175411164
2024-10-14,1.0800180391809668,1.139975038706275,1.1506907153686183,1.1165080499835989,1.0992593943655211,1.134761139008011
2024-10-15,1.0800180391809668,1.1393231516433713,1.1506907153686183,1.1165080499835989,1.0992593943655211,1.1354049831733741
2024-10-16,1.0800180391809668,1.1386329182826496,1.1506907153686183,1.1165080499835989,1.0992593943655211,1.1360867005249353
2024-10-17,1.0800180391809668,1.1376800127818754,1.1506907153686183,1.1165080499835989,1.0992593943655211,1.1370278492019519
2024-10-18,1.0800180391809668,1.1374135060120412,1.1506907153686183,1.1165080499835989,1.0992593943655211,1.1372910678460266
2024-10-21,1.0800180391809668,1.1383108093809795,1.1506907153686183,1.1165080499835989,1.0992593943655211,1.1364048352889973
2024-10-22,1.0800180391809668,1.1400076330594204,1.1506907153686183,1.1165080499835989,1.0992593943655211,1.1347289467997428
2024-10-23,1.0800180391809668,1.1412903167214283,1.1506907153686183,1.1165080499835989,1.0992593943655211,1.1334620887214248
2024-10-24,1.0800180391809668,1.141139807502493,1.1506907153686183,1.1165080499835989,1.0992593943655211,1.1336107409772513
2024-10-25,1.0800180391809668,1.1418060744270786,1.1506907153686183,1.1165080499835989,1.0992593943655211,1.132952694367064
2024-10-28,1.0800180391809668,1.1418815673587872,1.1506907153686183,1.1165080499835989,1.0992593943655211,1.132651602536791
2024-10-29,1.0800180391809668,1.1418815673587872,1.1506907153686183,1.1165080499835989,1.0992593943655211,1.1328778948243234
2024-10-30,1.0800180391809668,1.1418815673587872,1.1506907153686183,1.1165080499835989,1.0992593943655211,1.1331041871118552
2024-10-31,1.0800180391809668,1.1418815673587872,1.1506907153686183,1.1165080499835989,1.0992593943655211,1.1335728677910537
2024-11-01,1.0800180391809668,1.1418815673587872,1.1506907153686183,1.1165080499835989,1.0992593943655211,1.1348387790397165
2024-11-04,1.0800180391809668,1.1418815673587872,1.1506907153686183,1.1165080499835989,1.0992593943655211,1.1354532714857763
2024-11-05,1.0800180391809668,1.1418815673587872,1.1506907153686183,1.1165080499835989,1.0992593943655211,1.1360838600359706
2024-11-06,1.0800180391809668,1.1418815673587872,1.1506907153686183,1.1165080499835989,1.0992593943655211,1.136741906646158
2024-11-07,1.0800180391809668,1.1418815673587872,1.1506907153686183,1.1165080499835989,1.0992593943655211,1.1370363706688464
2024-11-08,1.0800180391809668,1.1418815673587872,1.1506907153686183,1.1165080499835989,1.0992593943655211,1.1377995153707328
2024-11-11,1.0800180391809668,1.1418815673587872,1.1506907153686183,1.1165080499835989,1.0992593943655211,1.1382265355451133
2024-11-12,1.0800180391809668,1.1418815673587872,1.1506907153686183,1.1165080499835989,1.0992593943655211,1.139727260548203
2024-11-13,1.0800180391809668,1.1418815673587872,1.1506907153686183,1.1165080499835989,1.0992593943655211,1.1399847982143483
2024-11-14,1.0800180391809668,1.1418815673587872,1.1506907153686183,1.1165080499835989,1.0992593943655211,1.1398172093654226
2024-11-15,1.0800180391809668,1.1418815673587872,1.1506907153686183,1.1165080499835989,1.0992593943655211,1.1401902602494716
2024-11-18,1.0800180391809668,1.1418815673587872,1.1506907153686183,1.1165080499835989,1.0992593943655211,1.1389603285276968
2024-11-19,1.0800180391809668,1.1418815673587872,1.1506907153686183,1.1165080499835989,1.0992593943655211,1.1392547925503849
2024-11-20,1.0800180391809668,1.1418815673587872,1.1506907153686183,1.1165080499835989,1.0992593943655211,1.1396126941599545
2024-11-21,1.0800180391809668,1.1418815673587872,1.1506907153686183,1.1165080499835989,1.0992593943655211,1.1405519491776608
2024-11-22,1.0800180391809668,1.1418815673587872,1.1506907153686183,1.1165080499835989,1.0992593943655211,1.1412166235954329
2024-11-25,1.0800180391809668,1.1418815673587872,1.1506907153686183,1.1165080499835989,1.0992593943655211,1.1421009624931526
2024-11-26,1.0800180391809668,1.1418815673587872,1.1506907153686183,1.1165080499835989,1.0992593943655211,1.1428962994033074
2024-11-27,1.0800180391809668,1.1418815673587872,1.1506907153686183,1.1165080499835989,1.0992593943655211,1.143150049750833
2024-11-28,1.0800180391809668,1.1418815673587872,1.1506907153686183,1.1165080499835989,1.0992593943655211,1.1438099900203302
2024-11-29,1.0800180391809668,1.1418815673587872,1.1506907153686183,1.1165080499835989,1.0992593943655211,1.1451450198338042
2024-12-02,1.0800180391809668,1.1418815673587872,1.1506907153686183,1.1165080499835989,1.0992593943655211,1.148538457317131
2024-12-03,1.0800180391809668,1.1418815673587872,1.1506907153686183,1.1165080499835989,1.0992593943655211,1.148394539209579
2024-12-04,1.0800180391809668,1.1418815673587872,1.1506907153686183,1.1165080499835989,1.0992593943655211,1.1502815707118865
2024-12-05,1.0800180391809668,1.1418815673587872,1.1506907153686183,1.1165080499835989,1.0992593943655211,1.1508392533786496
2024-12-06,1.0800180391809668,1.1418815673587872,1.1506907153686183,1.1165080499835989,1.0992593943655211,1.1511867398620148
2024-12-09,1.0800180391809668,1.1418815673587872,1.1506907153686183,1.1165080499835989,1.0992593943655211,1.1535860062076482
2024-12-10,1.0800180391809668,1.1418815673587872,1.1506907153686183,1.1165080499835989,1.0992593943655211,1.1591552582380407
2024-12-11,1.0800180391809668,1.1418815673587872,1.1506907153686183,1.1165080499835989,1.0992593943655211,1.1608586047872886
2024-12-12,1.0800180391809668,1.1418815673587872,1.1506907153686183,1.1165080499835989,1.0992593943655211,1.161993853543569
2024-12-13,1.0800180391809668,1.1418815673587872,1.1506907153686183,1.1165080499835989,1.0992593943655211,1.1655160598599683
2024-12-16,1.0800180391809668,1.1418815673587872,1.1506907153686183,1.1165080499835989,1.0992593943655211,1.1690695115549807
2024-12-17,1.0800180391809668,1.1418815673587872,1.1506907153686183,1.1165080499835989,1.0992593943655211,1.1682060029096701
2024-12-18,1.0800180391809668,1.1418815673587872,1.1506907153686183,1.1165080499835989,1.0992593943655211,1.1670556048789105
2024-12-19,1.0800180391809668,1.1418815673587872,1.1506907153686183,1.1165080499835989,1.0992593943655211,1.1669173677492886
2024-12-20,1.0800180391809668,1.1418815673587872,1.1506907153686183,1.1165080499835989,1.0992593943655211,1.1708514449655893
2024-12-23,1.0800180391809668,1.1418815673587872,1.1506907153686183,1.1165080499835989,1.0992593943655211,1.1704840750594703
2024-12-24,1.0800180391809668,1.1418815673587872,1.1506907153686183,1.1165080499835989,1.0992593943655211,1.1686699494405937
2024-12-25,1.0800180391809668,1.1418815673587872,1.1506907153686183,1.1165080499835989,1.0992593943655211,1.1671341917402713
2024-12-26,1.0800180391809668,1.1418815673587872,1.1506907153686183,1.1165080499835989,1.0992593943655211,1.1682978453861999
2024-12-27,1.0800180391809668,1.1418815673587872,1.1506907153686183,1.1165080499835989,1.0992593943655211,1.170438627236033
2024-12-30,1.0800180391809668,1.1418815673587872,1.1506907153686183,1.1165080499835989,1.0992593943655211,1.16952114930039
2024-12-31,1.0800180391809668,1.1418815673587872,1.1506907153686183,1.1165080499835989,1.0992593943655211,1.17197911908463
2025-01-02,1.0800180391809668,1.1418815673587872,1.1506907153686183,1.1165080499835989,1.0992593943655211,1.177050338716521
2025-01-03,1.0800180391809668,1.1418815673587872,1.1506907153686183,1.1165080499835989,1.0992593943655211,1.1784535402651513
2025-01-06,1.0800180391809668,1.1418815673587872,1.1506907153686183,1.1165080499835989,1.0992593943655211,1.1790178507394988
2025-01-07,1.0800180391809668,1.1418815673587872,1.1506907153686183,1.1165080499835989,1.0992593943655211,1.1783228777727686
2025-01-08,1.0800180391809668,1.1418815673587872,1.1506907153686183,1.1165080499835989,1.0992593943655211,1.1783938899968895
2025-01-09,1.0800180391809668,1.1418815673587872,1.1506907153686183,1.1165080499835989,1.0992593943655211,1.1755818059216998
2025-01-10,1.0800180391809668,1.1418815673587872,1.1506907153686183,1.1165080499835989,1.0992593943655211,1.176329801349107
2025-01-13,1.0800180391809668,1.1418815673587872,1.1506907153686183,1.1165080499835989,1.0992593943655211,1.1743594488371645
2025-01-14,1.0800180391809668,1.1418815673587872,1.1506907153686183,1.1165080499835989,1.0992593943655211,1.1758052577202671
2025-01-15,1.0800180391809668,1.1418815673587872,1.1506907153686183,1.1165080499835989,1.0992593943655211,1.1768496108296724
2025-01-16,1.0800180391809668,1.141653236711445,1.1506907153686183,1.116284793024994,1.0992593943655211,1.1758668016478384
2025-01-17,1.0800180391809668,1.142680992043113,1.1504606232439696,1.1172897108150894,1.0992593943655211,1.174808246093609
2025-01-20,1.0800180391809668,1.1438889263059144,1.1516789730244243,1.1184708038170443,1.0992593943655211,1.1735641119270097
2025-01-21,1.0800180391809668,1.1426148038643293,1.1503938643518898,1.1172249933903249,1.0990395864482314,1.174876417828765
2025-01-22,1.0800180391809668,1.1424484141371094,1.1502260399148563,1.1170623009752916,1.0988792724020493,1.17504779399631
2025-01-23,1.0798020787652138,1.1434136584110375,1.1511996070910187,1.1180060967531094,1.0998092710124976,1.174053622858617
2025-01-24,1.0805231171989498,1.1441748224670494,1.1519673343499355,1.118750347137903,1.1005426413453083,1.1732696479043216
2025-01-26,1.0800093337739447,1.1436324471131278,1.1514202823176156,1.1182200237960815,1.1000200706975327,1.1738282774007396
2025-01-27,1.0782494078384612,1.1417745817058815,1.1495463973052114,1.1164034416370625,1.09823004480066,1.1757418201333856
2025-02-05,1.077517048752988,1.141001467006478,1.1487666163574468,1.1156475061616864,1.0974851601993392,1.1765381038731952
2025-02-06,1.076355375720858,1.139775147138459,1.1475297224403032,1.1144484360972968,1.0963036191075886,1.1778011746328931
2025-02-07,1.0760244643623802,1.139425820639323,1.1471773838432158,1.114106871911039,1.0959670481819026,1.1781609699017728
2025-02-08,1.0764285245474687,1.1398523666803733,1.147607607814396,1.1145239397595224,1.0963780189964245,1.177721640941878
2025-02-10,1.0778993384539663,1.1414050310410062,1.1491736601577662,1.1160421026821266,1.0978739881898028,1.176122445654674
2025-02-11,1.0779481043383736,1.1414565107356156,1.1492255837404948,1.1160924384569435,1.0979235881156935,1.1760694231939968
2025-02-12,1.0780108033326115,1.1415226989143994,1.1492923426325745,1.116157155881708,1.0979873594489813,1.176001251458841
2025-02-13,1.0784610169440143,1.1419979668092763,1.1497717085659802,1.1166218629456433,1.0984452730505068,1.1755117405272337
2025-02-14,1.0799544721539864,1.1435745324566922,1.1513618682870457,1.1181633960494124,1.0999642707809056,1.1738879276690013
2025-02-17,1.0825103269885457,1.1462726200223863,1.1540832203461289,1.1208015299616938,1.1025638383253493,1.1711089826317347
2025-02-18,1.084240645065639,1.1480992299007626,1.155925580326162,1.122587551114574,1.1043237499815026,1.1692276321073567
2025-02-19,1.0836606793689383,1.1474869892470139,1.1553080605744248,1.121988914935501,1.1037338651485895,1.169858220657551
2025-02-20,1.0851132060687831,1.1490203487221684,1.1568546415742715,1.1234882019425487,1.105211234369759,1.168278908793101
2025-02-21,1.0878467080536829,1.1519059694610827,1.1597651438275804,1.1263097018916632,1.1079914873585182,1.1653068105062252
2025-02-24,1.0911436301673596,1.1553863645287892,1.1632755489027724,1.129712759810538,1.1113447966339063,1.1617221134325995
2025-02-25,1.0896527874154804,1.153812556722156,1.1616881708022102,1.128173923266134,1.1098284560423943,1.1633430858018672
2025-02-26,1.0887497477345818,1.1528592630916195,1.1607266573148953,1.1272418125788985,1.1089099717004562,1.1643249481540463
2025-02-27,1.0908484224028228,1.1550747285203495,1.162961225785897,1.129408048602271,1.1110445399396758,1.1620430886856263
2025-02-28,1.0892243442881882,1.153360270833801,1.1612319850396655,1.127731687530242,1.1093926852649272,1.1638089259921005
2025-03-03,1.0876533861547828,1.1517018892431665,1.1595593039103347,1.1261101564986389,1.1077948590808806,1.1655170066896234
2025-03-04,1.0873956236229159,1.151429782285945,1.15928485068734,1.1258440959746063,1.1075326880440304,1.1657972682674873
2025-03-05,1.0873285705318558,1.151358997705857,1.1592134557610883,1.125774884284233,1.1074644881459308,1.165870174150918
2025-03-06,1.0898870378245082,1.154059843112334,1.1619375894406747,1.1284157147558798,1.1100667128292616,1.1630883886246866
2025-03-07,1.0945041220946383,1.1589338670555402,1.1668536400768783,1.133181434007299,1.1147627629555443,1.1580682977941628
2025-03-10,1.0956431538232936,1.1601362856367763,1.1680664266163265,1.1343571338905236,1.1159212755102743,1.1568298446054934
2025-03-11,1.1009177067135576,1.1657043661769502,1.173682518412533,1.1398014872488502,1.1212860389231178,1.151094897385485
2025-03-12,1.0979987202040373,1.1626229387424674,1.1705745211034884,1.136788531584807,1.1183171290733818,1.1542686703888643
2025-03-13,1.0987223710958665,1.1633868606392619,1.1713450299829085,1.1375354785289655,1.1190531565450794,1.153481854945604
2025-03-14,1.098109314263318,1.1627396873355995,1.1706922763714622,1.1369026859312668,1.1184296146195978,1.1541484230226862
2025-03-17,1.1025757467834043,1.167454675793673,1.1754479202253076,1.1415129035926266,1.1229724364033975,1.149292133722468
2025-03-18,1.1018686414594991,1.1667082202218353,1.174695028275742,1.1405646775475424,1.1222532374779841,1.1500609594022841
2025-03-19,1.1016753195605988,1.166504140003919,1.1744891883584962,1.1405646775475424,1.1220566092003463,1.1502711555856822
2025-03-20,1.0982817364974722,1.1629217048272544,1.1708758633246814,1.1405646775475424,1.1186049857861395,1.153960950751007
2025-03-21,1.098493345603025,1.1631450899306492,1.1711011745854505,1.1405646775475424,1.1188202140359862,1.1537308711448548
2025-03-24,1.0987415291218836,1.1634070848050013,1.1713654285332662,1.1405646775475424,1.1190726422302508,1.1534610246931953
2025-03-25,1.0967821855519488,1.1613387042180123,1.1692792131557748,1.1405646775475424,1.1170797880650043,1.155591391416824
2025-03-26,1.0952887303419767,1.1597621385705965,1.1676890534347093,1.1405646775475424,1.1155607903346054,1.1572152042750563
2025-03-27,1.0954524443824867,1.15971028895761,1.167863368319584,1.1405646775475424,1.1157273043715237,1.1570372002999265
2025-03-28,1.0956701492235905,1.15971028895761,1.1680951700281943,1.1405646775475424,1.1159487326121067,1.15680049288619
2025-03-31,1.095960132071941,1.15971028895761,1.168403929904063,1.1405646775475424,1.1162436750285631,1.156485198611093
2025-04-01,1.0956945321657943,1.15971028895761,1.1681211318195586,1.1405646775475424,1.115973532575052,1.1567739816558515
2025-04-02,1.0944092027839172,1.15971028895761,1.1667525745319245,1.1405646775475424,1.1146662202426503,1.1581715022265517
2025-04-03,1.088196777438178,1.15971028895761,1.1601378809750256,1.1405646775475424,1.1083475439693755,1.164926184984937
2025-04-07,1.0824798483107911,1.15971028895761,1.1540507681069234,1.1405646775475424,1.1025328383716677,1.1711421216696578
2025-04-08,1.0850069661063244,1.15971028895761,1.1567415223404698,1.1405646775475424,1.1051031773883544,1.1683944220110043
2025-04-09,1.0840786726638576,1.15971028895761,1.1557531198549562,1.1405646775475424,1.1041590073705088,1.169403742423177
2025-04-10,1.0844679289197514,1.15971028895761,1.1561675813099512,1.1405646775475424,1.1045549210646712,1.168980509567416
2025-04-11,1.0838496471710164,1.15971028895761,1.1555092644574982,1.1405646775475424,1.1039260648614155,1.1696527586224277
2025-04-14,1.084894630408315,1.15971028895761,1.156621912658827,1.1405646775475424,1.1049889204162138,1.1685165630364924
2025-04-15,1.0843303394601738,1.15971028895761,1.1560210826301096,1.1405646775475424,1.1044149784166228,1.1691301086528973
2025-04-16,1.0827916016432517,1.15971028895761,1.154382708153653,1.1405646775475424,1.1028499236121825,1.1708031566531871
2025-04-17,1.0830815844916022,1.15971028895761,1.154691468029522,1.1405646775475424,1.1031448660286391,1.17048786237809
2025-04-18,1.0833367345653757,1.15971028895761,1.1549631396320128,1.1405646775475424,1.1034043799266022,1.170210441289191
2025-04-21,1.0842946358662326,1.15971028895761,1.1559830671498974,1.1405646775475424,1.1043786641851672,1.1691689286687503
2025-04-22,1.0839306333719072,1.15971028895761,1.1555954946931013,1.1405646775475424,1.1040084361669125,1.1695647034645176
2025-04-23,1.085037444784079,1.15971028895761,1.1567739745796752,1.1405646775475424,1.105134177342036,1.1683612829730812
2025-04-24,1.084884180575942,1.15971028895761,1.1566107861768138,1.1405646775475424,1.1049782918606657,1.168527924992352
2025-04-25,1.0849599418606461,1.15971028895761,1.15669145317141,1.1405646775475424,1.1050553488883885,1.1684455508123714
2025-04-27,1.0850548611713673,1.15971028895761,1.1565636929708099,1.1405646775475424,1.1051518916012828,1.1683423463799825
2025-04-28,1.0842772194789445,1.15971028895761,1.1565636929708099,1.1405646775475424,1.1041422062813264,1.169187865261849
2025-04-29,1.082731515107107,1.15971028895761,1.1565636929708099,1.1405646775475424,1.1041422062813264,1.1708684878993783
2025-04-30,1.0823910247356208,1.15971028895761,1.1565636929708099,1.1405646775475424,1.1041422062813264,1.1712386982944623
2025-05-06,1.0822586601922295,1.15971028895761,1.1565636929708099,1.1405646775475424,1.1041422062813264,1.1713826164020142
2025-05-07,1.0826949406938016,1.15971028895761,1.1565636929708099,1.1405646775475424,1.1041422062813264,1.1709082547448861
2025-05-08,1.0822586601922295,1.15971028895761,1.1565636929708099,1.1405646775475424,1.1041422062813264,1.1713826164020142
2025-05-09,1.0817779679030723,1.15971028895761,1.1565636929708099,1.1405646775475424,1.1041422062813264,1.1719052663715444
2025-05-12,1.0859544175748084,1.15971028895761,1.1565636929708099,1.1405646775475424,1.1041422062813264,1.1673642713464232
2025-05-13,1.0850949188621304,1.15971028895761,1.1565636929708099,1.1405646775475424,1.1041422062813264,1.1682987922158548
2025-05-14,1.0853143653419632,1.15971028895761,1.1565636929708099,1.1405646775475424,1.1041422062813264,1.1680601911428083
2025-05-15,1.0858055074634934,1.15971028895761,1.1565636929708099,1.1405646775475424,1.1041422062813264,1.1675261792174187
2025-05-16,1.0866528147050696,1.15971028895761,1.1565636929708099,1.1405646775475424,1.1041422062813264,1.1666049139631565
2025-05-19,1.0856679180039157,1.15971028895761,1.1565636929708099,1.1405646775475424,1.1041422062813264,1.1676757783029001
2025-05-20,1.085053990352003,1.15971028895761,1.1565636929708099,1.1405646775475424,1.1041422062813264,1.1683432932096374
2025-05-21,1.0854267010399725,1.15971028895761,1.1565636929708099,1.1405646775475424,1.1041422062813264,1.1679380501173204
2025-05-22,1.0856478891585342,1.15971028895761,1.1565636929708099,1.1405646775475424,1.1041422062813264,1.167697555384964
2025-05-23,1.086062399175996,1.15971028895761,1.1565636929708099,1.1405646775475424,1.1041422062813264,1.1672468644692098
2025-05-26,1.0853727102393789,1.15971028895761,1.1565636929708099,1.1405646775475424,1.1041422062813264,1.167996753555927
2025-05-27,1.0855411011023675,1.15971028895761,1.1565636929708099,1.1405646775475424,1.1041422062813264,1.1675801485077508
2025-05-28,1.0855411011023675,1.15971028895761,1.1565636929708099,1.1405646775475424,1.1041422062813264,1.1669883799734093
2025-05-29,1.0855411011023675,1.15971028895761,1.1565636929708099,1.1405646775475424,1.1041422062813264,1.165434632509643
2025-05-30,1.0855411011023675,1.15971028895761,1.1565636929708099,1.1405646775475424,1.1041422062813264,1.1672525454471396
2025-06-03,1.0855411011023675,1.15971028895761,1.1565636929708099,1.1405646775475424,1.1041422062813264,1.1672023634754272
2025-06-04,1.0855411011023675,1.15971028895761,1.1565636929708099,1.1405646775475424,1.1041422062813264,1.1674296025926143
2025-06-05,1.0855411011023675,1.15971028895761,1.1565636929708099,1.1405646775475424,1.1041422062813264,1.1677856105428739
2025-06-06,1.0855411011023675,1.15971028895761,1.1565636929708099,1.1405646775475424,1.1041422062813264,1.1687627387467783
2025-06-09,1.0855411011023675,1.15971028895761,1.1565636929708099,1.1405646775475424,1.1041422062813264,1.1694596053728188
2025-06-10,1.0855411011023675,1.15971028895761,1.1565636929708099,1.1405646775475424,1.1041422062813264,1.1694993722183264
2025-06-11,1.0855411011023675,1.15971028895761,1.1565636929708099,1.1405646775475424,1.1041422062813264,1.1699547972823554
2025-06-12,1.0855411011023675,1.15971028895761,1.1565636929708099,1.1405646775475424,1.1041422062813264,1.1699576377713203
2025-06-13,1.0855411011023675,1.15971028895761,1.1565636929708099,1.1405646775475424,1.1041422062813264,1.1698042513672189
2025-06-16,1.0855411011023675,1.15971028895761,1.1565636929708099,1.1405646775475424,1.1041422062813264,1.1699765743644193
2025-06-17,1.0855411011023675,1.15971028895761,1.1565636929708099,1.1405646775475424,1.1041422062813264,1.1702842940022766
2025-06-18,1.0855411011023675,1.15971028895761,1.1565636929708099,1.1405646775475424,1.1041422062813264,1.1707046863690729
2025-06-19,1.0855411011023675,1.15971028895761,1.1565636929708099,1.1405646775475424,1.1041422062813264,1.171054066511748
2025-06-20,1.0855411011023675,1.15971028895761,1.1565636929708099,1.1405646775475424,1.1041422062813264,1.1710531196820928
2025-06-23,1.0855411011023675,1.15971028895761,1.1565636929708099,1.1405646775475424,1.1041422062813264,1.1710815245717412
2025-06-24,1.0855411011023675,1.15971028895761,1.1565636929708099,1.1405646775475424,1.1041422062813264,1.1703392101222634
2025-06-25,1.0855411011023675,1.15971028895761,1.1565636929708099,1.1405646775475424,1.1041422062813264,1.1697663781810212
2025-06-26,1.0855411011023675,1.15971028895761,1.1565636929708099,1.1405646775475424,1.1041422062813264,1.1693469326438801
2025-06-27,1.0855411011023675,1.15971028895761,1.1565636929708099,1.1405646775475424,1.1041422062813264,1.1697625908624012
2025-06-30,1.0855411011023675,1.15971028895761,1.1565636929708099,1.1405646775475424,1.1041422062813264,1.1693601882590494
2025-07-01,1.0855411011023675,1.15971028895761,1.1565636929708099,1.1405646775475424,1.1041422062813264,1.1699065089699532
2025-07-02,1.0855411011023675,1.15971028895761,1.1565636929708099,1.1405646775475424,1.1041422062813264,1.1711336002027632
2025-07-03,1.0855411011023675,1.15971028895761,1.1565636929708099,1.1405646775475424,1.1041422062813264,1.1714337452033812
2025-07-04,1.0855411011023675,1.15971028895761,1.1565636929708099,1.1405646775475424,1.1041422062813264,1.1715123320647418
2025-07-07,1.0855411011023675,1.15971028895761,1.1565636929708099,1.1405646775475424,1.1041422062813264,1.1715965999040319
2025-07-08,1.0855411011023675,1.15971028895761,1.1565636929708099,1.1405646775475424,1.1041422062813264,1.1709262445083302
2025-07-09,1.0855411011023675,1.15971028895761,1.1565636929708099,1.1405646775475424,1.1041422062813264,1.1707652834669893
2025-07-10,1.0855411011023675,1.15971028895761,1.1565636929708099,1.1405646775475424,1.1041422062813264,1.1700485334181951
2025-07-11,1.0855411011023675,1.15971028895761,1.1565636929708099,1.1405646775475424,1.1041422062813264,1.168930327595704
2025-07-14,1.0855411011023675,1.15971028895761,1.1565636929708099,1.1405646775475424,1.1041422062813264,1.168206949739325
2025-07-15,1.0855411011023675,1.15971028895761,1.1565636929708099,1.1405646775475424,1.1041422062813264,1.1694700204990232
2025-07-16,1.0855411011023675,1.15971028895761,1.1565636929708099,1.1405646775475424,1.1041422062813264,1.1697559630548167
2025-07-17,1.0855411011023675,1.15971028895761,1.1565636929708099,1.1405646775475424,1.1041422062813264,1.1696868444900057
2025-07-18,1.0855411011023675,1.15971028895761,1.1565636929708099,1.1405646775475424,1.1041422062813264,1.1692011208770186
2025-07-21,1.0855411011023675,1.15971028895761,1.1565636929708099,1.1405646775475424,1.1041422062813264,1.1681141604331404
2025-07-22,1.0855411011023675,1.15971028895761,1.1565636929708099,1.1405646775475424,1.1041422062813264,1.1675091362836296
2025-07-23,1.0855411011023675,1.15971028895761,1.1565636929708099,1.1405646775475424,1.1041422062813264,1.1651808821621175
2025-07-24,1.0855411011023675,1.15971028895761,1.1565636929708099,1.1405646775475424,1.1041422062813264,1.163260711621887
2025-07-25,1.0855411011023675,1.15971028895761,1.1565636929708099,1.1405646775475424,1.1041422062813264,1.16285168121095
2025-07-28,1.0855411011023675,1.15971028895761,1.1565636929708099,1.1405646775475424,1.1041422062813264,1.1640276436423933
2025-07-29,1.0855411011023675,1.15971028895761,1.1565636929708099,1.1405646775475424,1.1041422062813264,1.1619228413194482
2025-07-30,1.0855411011023675,1.15971028895761,1.1565636929708099,1.1405646775475424,1.1041422062813264,1.1635135151397573
2025-07-31,1.0855411011023675,1.15971028895761,1.1565636929708099,1.1405646775475424,1.1041422062813264,1.1650407513731853
2025-08-01,1.0855411011023675,1.15971028895761,1.1565636929708099,1.1405646775475424,1.1041422062813264,1.1651477431241943
2025-08-04,1.0855411011023675,1.15971028895761,1.1565636929708099,1.1405646775475424,1.1041422062813264,1.1660178795770897
2025-08-05,1.0855411011023675,1.15971028895761,1.1565636929708099,1.1405646775475424,1.1041422062813264,1.1655349964530672
2025-08-06,1.0855411011023675,1.15971028895761,1.1565636929708099,1.1405646775475424,1.1041422062813264,1.1661296054763735
2025-08-07,1.0855411011023675,1.15971028895761,1.1565636929708099,1.1405646775475424,1.1041422062813264,1.1668719199258513
2025-08-08,1.0855411011023675,1.15971028895761,1.1565636929708099,1.1405646775475424,1.1041422062813264,1.166959975083761
2025-08-11,1.0855411011023675,1.15971028895761,1.1565636929708099,1.1405646775475424,1.1041422062813264,1.1655624545130607
2025-08-12,1.0855411011023675,1.15971028895761,1.1565636929708099,1.1405646775475424,1.1041422062813264,1.16408445342169
2025-08-13,1.0855411011023675,1.15971028895761,1.1565636929708099,1.1405646775475424,1.1041422062813264,1.1642312120182066
2025-08-14,1.0855411011023675,1.15971028895761,1.1565636929708099,1.1405646775475424,1.1041422062813264,1.1637880957396918
2025-08-15,1.0855411011023675,1.15971028895761,1.1565636929708099,1.1405646775475424,1.1041422062813264,1.1630722925205526
2025-08-18,1.0855411011023675,1.15971028895761,1.1565636929708099,1.1405646775475424,1.1041422062813264,1.1595406179076038
2025-08-19,1.0855411011023675,1.15971028895761,1.1565636929708099,1.1405646775475424,1.1041422062813264,1.159525468633125
2025-08-20,1.0855411011023675,1.15971028895761,1.1565636929708099,1.1405646775475424,1.1041422062813264,1.1595283091220896
2025-08-21,1.0855411011023675,1.15971028895761,1.1565636929708099,1.1405646775475424,1.1041422062813264,1.1594288920083202
2025-08-22,1.0855411011023675,1.15971028895761,1.1565636929708099,1.1405646775475424,1.1041422062813264,1.159240472906986
2025-08-25,1.0855411011023675,1.15971028895761,1.1565636929708099,1.1405646775475424,1.1041422062813264,1.1600197137130066
2025-08-26,1.0855411011023675,1.15971028895761,1.1565636929708099,1.1405646775475424,1.1041422062813264,1.1602838791867365
2025-08-27,1.0855411011023675,1.15971028895761,1.1565636929708099,1.1405646775475424,1.1041422062813264,1.160206239155031
2025-08-28,1.0855411011023675,1.15971028895761,1.1565636929708099,1.1405646775475424,1.1041422062813264,1.1587405468491745
2025-08-29,1.0855411011023675,1.15971028895761,1.1565636929708099,1.1405646775475424,1.1041422062813264,1.1584972116278534
2025-09-01,1.0855411011023675,1.15971028895761,1.1565636929708099,1.1405646775475424,1.1041422062813264,1.159047319657377
2025-09-02,1.0855411011023675,1.15971028895761,1.1565636929708099,1.1405646775475424,1.1041422062813264,1.1596476096586128
2025-09-03,1.0855411011023675,1.15971028895761,1.1565636929708099,1.1405646775475424,1.1041422062813264,1.1608926906548669
2025-09-04,1.0855411011023675,1.15971028895761,1.1565636929708099,1.1405646775475424,1.1041422062813264,1.1618281583539536
2025-09-05,1.0855411011023675,1.15971028895761,1.1565636929708099,1.1405646775475424,1.1041422062813264,1.1598966258578638
2025-09-08,1.0855411011023675,1.15971028895761,1.1565636929708099,1.1405646775475424,1.1041422062813264,1.158186651501031
2025-09-09,1.0855411011023675,1.15971028895761,1.1565636929708099,1.1405646775475424,1.1041422062813264,1.1574026765467356
2025-09-10,1.0855411011023675,1.15971028895761,1.1565636929708099,1.1405646775475424,1.1041422062813264,1.1551473283086542
2025-09-11,1.0855411011023675,1.15971028895761,1.1565636929708099,1.1405646775475424,1.1041422062813264,1.1558981642250266
2025-09-12,1.0855411011023675,1.15971028895761,1.1565636929708099,1.1405646775475424,1.1041422062813264,1.1568800265772055
2025-09-15,1.0855411011023675,1.15971028895761,1.1565636929708099,1.1405646775475424,1.1041422062813264,1.1574414965625885
2025-09-16,1.0855411011023675,1.15971028895761,1.1565636929708099,1.1405646775475424,1.1041422062813264,1.158415784277528
2025-09-17,1.0855411011023675,1.15971028895761,1.1565636929708099,1.1405646775475424,1.1041422062813264,1.1598133048482282
2025-09-18,1.0855411011023675,1.15971028895761,1.1565636929708099,1.1405646775475424,1.1041422062813264,1.1589299127801638
2025-09-19,1.0855411011023675,1.15971028895761,1.1565636929708099,1.1405646775475424,1.1041422062813264,1.1571943740226474
2025-09-22,1.0855411011023675,1.15971028895761,1.1565636929708099,1.1405646775475424,1.1041422062813264,1.1574613799853424
2025-09-23,1.0855411011023675,1.15971028895761,1.1565636929708099,1.1405646775475424,1.1041422062813264,1.156906537807544
2025-09-24,1.0855411011023675,1.15971028895761,1.1565636929708099,1.1405646775475424,1.1041422062813264,1.1550024633714475
2025-09-25,1.0855411011023675,1.15971028895761,1.1565636929708099,1.1405646775475424,1.1041422062813264,1.1546852754370405
2025-09-26,1.0855411011023675,1.15971028895761,1.1565636929708099,1.1405646775475424,1.1041422062813264,1.1550838907217729
2025-09-28,1.0855411011023675,1.15971028895761,1.1565636929708099,1.1405646775475424,1.1041422062813264,1.1557201602498965
2025-09-29,1.0855411011023675,1.15971028895761,1.1565636929708099,1.1405646775475424,1.1041422062813264,1.155342375217573
2025-09-30,1.0855411011023675,1.15971028895761,1.1565636929708099,1.1405646775475424,1.1041422062813264,1.156715278217245
2025-10-09,1.0855411011023675,1.15971028895761,1.1565636929708099,1.1405646775475424,1.1041422062813264,1.157995391910732
2025-10-10,1.0855411011023675,1.15971028895761,1.1565636929708099,1.1405646775475424,1.1041422062813264,1.1586288209498907
2025-10-11,1.0855411011023675,1.15971028895761,1.1565636929708099,1.1405646775475424,1.1041422062813264,1.1605631939349457
2025-10-13,1.0855411011023675,1.15971028895761,1.1565636929708099,1.1405646775475424,1.1041422062813264,1.159839816078567
2025-10-14,1.0855411011023675,1.15971028895761,1.1565636929708099,1.1405646775475424,1.1041422062813264,1.1595519798634633
2025-10-15,1.0855411011023675,1.15971028895761,1.1565636929708099,1.1405646775475424,1.1041422062813264,1.1599146156213074
2025-10-16,1.0855411011023675,1.15971028895761,1.1565636929708099,1.1405646775475424,1.1041422062813264,1.1596940043117052
2025-10-17,1.0855411011023675,1.15971028895761,1.1565636929708099,1.1405646775475424,1.1041422062813264,1.1606881754493985
2025-10-20,1.0855411011023675,1.15971028895761,1.1565636929708099,1.1405646775475424,1.1041422062813264,1.1598596995013208
2025-10-21,1.0855411011023675,1.15971028895761,1.1565636929708099,1.1405646775475424,1.1041422062813264,1.15943457298625
2025-10-22,1.0855411011023675,1.15971028895761,1.1565636929708099,1.1405646775475424,1.1041422062813264,1.1598596995013208
2025-10-23,1.0855411011023675,1.15971028895761,1.1565636929708099,1.1405646775475424,1.1041422062813264,1.1595368305889842
2025-10-24,1.0855411011023675,1.15971028895761,1.1565636929708099,1.1405646775475424,1.1041422062813264,1.1586524916912646
2025-10-27,1.0855411011023675,1.15971028895761,1.1565636929708099,1.1405646775475424,1.1041422062813264,1.1585909477636929
2025-10-28,1.0855411011023675,1.15971028895761,1.1565636929708099,1.1405646775475424,1.1041422062813264,1.1613822015864739
2025-10-29,1.0855411011023675,1.15971028895761,1.1565636929708099,1.1405646775475424,1.1041422062813264,1.1611985166334142
2025-10-30,1.0855411011023675,1.15971028895761,1.1565636929708099,1.1405646775475424,1.1041422062813264,1.1617732422339666
2025-10-31,1.0855411011023675,1.15971028895761,1.1565636929708099,1.1405646775475424,1.1041422062813264,1.1631082720474406
2025-11-03,1.0855411011023675,1.15971028895761,1.1565636929708099,1.1405646775475424,1.1041422062813264,1.163363916054276
2025-11-04,1.0855411011023675,1.15971028895761,1.1565636929708099,1.1405646775475424,1.1041422062813264,1.1632569243032669
2025-11-05,1.0855411011023675,1.15971028895761,1.1565636929708099,1.1405646775475424,1.1041422062813264,1.1637293923010852
2025-11-06,1.0855411011023675,1.15971028895761,1.1565636929708099,1.1405646775475424,1.1041422062813264,1.1628270636399216
2025-11-07,1.0855411011023675,1.15971028895761,1.1565636929708099,1.1405646775475424,1.1041422062813264,1.1622476038910945
2025-11-10,1.0855411011023675,1.15971028895761,1.1565636929708099,1.1405646775475424,1.1041422062813264,1.1617637739374174
2025-11-11,1.0855411011023675,1.15971028895761,1.1565636929708099,1.1405646775475424,1.1041422062813264,1.1620232052628725
2025-11-12,1.0855411011023675,1.15971028895761,1.1565636929708099,1.1405646775475424,1.1041422062813264,1.162222039490411
2025-11-13,1.0855411011023675,1.15971028895761,1.1565636929708099,1.1405646775475424,1.1041422062813264,1.1617344222181138
2025-11-14,1.0855411011023675,1.15971028895761,1.1565636929708099,1.1405646775475424,1.1041422062813264,1.1617173792843247
2025-11-17,1.0855411011023675,1.15971028895761,1.1565636929708099,1.1405646775475424,1.1041422062813264,1.1617969129753403
2025-11-18,1.0855411011023675,1.15971028895761,1.1565636929708099,1.1405646775475424,1.1041422062813264,1.1619076920449691
2025-11-19,1.0855411011023675,1.15971028895761,1.1565636929708099,1.1405646775475424,1.1041422062813264,1.161469309914729
2025-11-20,1.0855411011023675,1.15971028895761,1.1565636929708099,1.1405646775475424,1.1041422062813264,1.1614636289367992
2025-11-21,1.0855411011023675,1.15971028895761,1.1565636929708099,1.1405646775475424,1.1041422062813264,1.1616198558298654
2025-11-24,1.0855411011023675,1.15971028895761,1.1565636929708099,1.1405646775475424,1.1041422062813264,1.1614210216023266
2025-11-25,1.0855411011023675,1.15971028895761,1.1565636929708099,1.1405646775475424,1.1041422062813264,1.1611208766017087
2025-11-26,1.0855411011023675,1.15971028895761,1.1565636929708099,1.1405646775475424,1.1041422062813264,1.1597460799427273
2025-11-27,1.0855411011023675,1.15971028895761,1.1565636929708099,1.1405646775475424,1.1041422062813264,1.1588513259188031
2025-11-28,1.0855411011023675,1.15971028895761,1.1565636929708099,1.1405646775475424,1.1041422062813264,1.1585369784733612
2025-12-01,1.0855411011023675,1.15971028895761,1.1565636929708099,1.1405646775475424,1.1041422062813264,1.1589876693891155
2025-12-02,1.0855411011023675,1.15971028895761,1.1565636929708099,1.1405646775475424,1.1041422062813264,1.1589318064394736
2025-12-03,1.0855411011023675,1.15971028895761,1.1565636929708099,1.1405646775475424,1.1041422062813264,1.1585511809181852
2025-12-04,1.0855411011023675,1.15971028895761,1.1565636929708099,1.1405646775475424,1.1041422062813264,1.1565457957090095
2025-12-05,1.0855411011023675,1.15971028895761,1.1565636929708099,1.1405646775475424,1.1041422062813264,1.157047615426131
2025-12-08,1.0855411011023675,1.15971028895761,1.1565636929708099,1.1405646775475424,1.1041422062813264,1.157168809621964
2025-12-09,1.0855411011023675,1.15971028895761,1.1565636929708099,1.1405646775475424,1.1041422062813264,1.1578751445445539
2025-12-10,1.0855411011023675,1.15971028895761,1.1565636929708099,1.1405646775475424,1.1041422062813264,1.1576876722728744
2025-12-11,1.0855411011023675,1.15971028895761,1.1565636929708099,1.1405646775475424,1.1041422062813264,1.158592841423003
2025-12-12,1.0855411011023675,1.15971028895761,1.1565636929708099,1.1405646775475424,1.1041422062813264,1.1582169500499893
2025-12-15,1.0855411011023675,1.15971028895761,1.1565636929708099,1.1405646775475424,1.1041422062813264,1.1569500919716713
2025-12-16,1.0855411011023675,1.15971028895761,1.1565636929708099,1.1405646775475424,1.1041422062813264,1.156610180125546
2025-12-17,1.0855411011023675,1.15971028895761,1.1565636929708099,1.1405646775475424,1.1041422062813264,1.1575447009949777
2025-12-18,1.0855411011023675,1.15971028895761,1.1565636929708099,1.1405646775475424,1.1041422062813264,1.158190438819651
2025-12-19,1.0855411011023675,1.15971028895761,1.1565636929708099,1.1405646775475424,1.1041422062813264,1.1587235039153854
2025-12-22,1.0855411011023675,1.15971028895761,1.1565636929708099,1.1405646775475424,1.1041422062813264,1.1583532935203016
2025-12-23,1.0855411011023675,1.15971028895761,1.1565636929708099,1.1405646775475424,1.1041422062813264,1.1585994692305874
2025-12-24,1.0855411011023675,1.15971028895761,1.1565636929708099,1.1405646775475424,1.1041422062813264,1.1592821334118035
2025-12-25,1.0855411011023675,1.15971028895761,1.1565636929708099,1.1405646775475424,1.1041422062813264,1.1590596284428913
2025-12-26,1.0855411011023675,1.15971028895761,1.1565636929708099,1.1405646775475424,1.1041422062813264,1.158995244026355
2025-12-29,1.0855411011023675,1.15971028895761,1.1565636929708099,1.1405646775475424,1.1041422062813264,1.1568838138958253
2025-12-30,1.0855411011023675,1.15971028895761,1.1565636929708099,1.1405646775475424,1.1041422062813264,1.1563062478063082
2025-12-31,1.0855411011023675,1.15971028895761,1.1565636929708099,1.1405646775475424,1.1041422062813264,1.1564094522386974
2026-01-04,1.0855411011023675,1.15971028895761,1.1565636929708099,1.1405646775475424,1.1041422062813264,1.1570021676026936
2026-01-05,1.0855411011023675,1.15971028895761,1.1565636929708099,1.1405646775475424,1.1041422062813264,1.1562522785159763
2026-01-06,1.0855411011023675,1.15971028895761,1.1565636929708099,1.1405646775475424,1.1041422062813264,1.1546303593170537
2026-01-07,1.0855411011023675,1.15971028895761,1.1565636929708099,1.1405646775475424,1.1041422062813264,1.1535083661759427
2026-01-08,1.0855411011023675,1.15971028895761,1.1565636929708099,1.1405646775475424,1.1041422062813264,1.1544372060674448
2026-01-09,1.0855411011023675,1.15971028895761,1.1565636929708099,1.1405646775475424,1.1041422062813264,1.154797948165979
2026-01-12,1.0855411011023675,1.15971028895761,1.1565636929708099,1.1405646775475424,1.1041422062813264,1.1557561397767846
2026-01-13,1.0855411011023675,1.15971028895761,1.1565636929708099,1.1405646775475424,1.1041422062813264,1.1564567937214445
2026-01-14,1.0855411011023675,1.15971028895761,1.1565636929708099,1.1405646775475424,1.1041422062813264,1.1572180447640212
2026-01-15,1.0855411011023675,1.15971028895761,1.1565636929708099,1.1405646775475424,1.1041422062813264,1.1583068988672092
2026-01-16,1.0855411011023675,1.15971028895761,1.1565636929708099,1.1405646775475424,1.1041422062813264,1.1587064609815962
2026-01-19,1.0855411011023675,1.15971028895761,1.1565636929708099,1.1405646775475424,1.1041422062813264,1.1593796568662629
2026-01-20,1.0855411011023675,1.15971028895761,1.1565636929708099,1.1405646775475424,1.1041422062813264,1.1597915277661646
2026-01-21,1.0855411011023675,1.15971028895761,1.1565636929708099,1.1405646775475424,1.1041422062813264,1.160204345495721
2026-01-22,1.0855411011023675,1.15971028895761,1.1565636929708099,1.1405646775475424,1.1041422062813264,1.1602687299122576
2026-01-23,1.0855411011023675,1.15971028895761,1.1565636929708099,1.1405646775475424,1.1041422062813264,1.1603586787294773
2026-01-26,1.0855411011023675,1.15971028895761,1.1565636929708099,1.1405646775475424,1.1041422062813264,1.1608765945507329
2026-01-27,1.0855411011023675,1.15971028895761,1.1565636929708099,1.1405646775475424,1.1041422062813264,1.1609210955445153
2026-01-28,1.0855411011023675,1.15971028895761,1.1565636929708099,1.1405646775475424,1.1041422062813264,1.1613689459713046
2026-01-29,1.0855411011023675,1.15971028895761,1.1565636929708099,1.1405646775475424,1.1041422062813264,1.1620913769980283
2026-01-30,1.0855411011023675,1.15971028895761,1.1565636929708099,1.1405646775475424,1.1041422062813264,1.1621046326131979
2026-02-02,1.0855411011023675,1.15971028895761,1.1565636929708099,1.1405646775475424,1.1041422062813264,1.1624142459103652
2026-02-03,1.0855411011023675,1.15971028895761,1.1565636929708099,1.1405646775475424,1.1041422062813264,1.1615687270284982
2026-02-04,1.0855411011023675,1.15971028895761,1.1565636929708099,1.1405646775475424,1.1041422062813264,1.161696549031916
2026-02-05,1.0855411011023675,1.15971028895761,1.1565636929708099,1.1405646775475424,1.1041422062813264,1.1619711296318505
2026-02-06,1.0855411011023675,1.15971028895761,1.1565636929708099,1.1405646775475424,1.1041422062813264,1.162872511463359
2026-02-09,1.0855411011023675,1.15971028895761,1.1565636929708099,1.1405646775475424,1.1041422062813264,1.1632285194136187
2026-02-10,1.0855411011023675,1.15971028895761,1.1565636929708099,1.1405646775475424,1.1041422062813264,1.1635362390514763
2026-02-11,1.0855411011023675,1.15971028895761,1.1565636929708099,1.1405646775475424,1.1041422062813264,1.1641147519706483
2026-02-12,1.0855411011023675,1.15971028895761,1.1565636929708099,1.1405646775475424,1.1041422062813264,1.1647481810098073
2026-02-13,1.0855411011023675,1.15971028895761,1.1565636929708099,1.1403366102254973,1.1041422062813264,1.1650398045435304
2026-02-14,1.0855411011023675,1.15971028895761,1.1565636929708099,1.1410214809368362,1.1041422062813264,1.1643400974285254
2026-02-24,1.0855411011023675,1.15971028895761,1.1565636929708099,1.141069672110029,1.1041422062813264,1.164290862286468
2026-02-25,1.0855411011023675,1.15971028895761,1.1565636929708099,1.1417267402214486,1.1041422062813264,1.1636195600611114
2026-02-26,1.0855411011023675,1.15971028895761,1.1565636929708099,1.1431493065839722,1.1041422062813264,1.1621661765407694
2026-02-27,1.0855411011023675,1.15971028895761,1.1565636929708099,1.1431233574907145,1.1041422062813264,1.1621926877711077
2026-02-28,1.0855411011023675,1.15971028895761,1.1565636929708099,1.1419408202408252,1.1041422062813264,1.1634008424108189
2026-03-02,1.0855411011023675,1.15971028895761,1.1565636929708099,1.1420066197273002,1.1041422062813264,1.1633336175053177
2026-03-03,1.0855411011023675,1.15971028895761,1.1565636929708099,1.1415738259218942,1.1041422062813264,1.1637757869541774
2026-03-04,1.0855411011023675,1.15971028895761,1.1565636929708099,1.1416007017684824,1.1041422062813264,1.1637483288941841
2026-03-05,1.0855411011023675,1.15971028895761,1.1565636929708099,1.140935292877087,1.1041422062813264,1.1644281525864355
2026-03-06,1.0855411011023675,1.15971028895761,1.1565636929708099,1.141229073682898,1.1041422062813264,1.1641280075858176
2026-03-09,1.0855411011023675,1.15971028895761,1.1565636929708099,1.1428536722715,1.1041422062813264,1.162468215200697
2026-03-10,1.0855411011023675,1.15971028895761,1.1565636929708099,1.1430779465775134,1.1041422062813264,1.1622390824242002
2026-03-11,1.0855411011023675,1.15971028895761,1.1565636929708099,1.143327243223454,1.1041422062813264,1.1619843852470195
2026-03-12,1.0855411011023675,1.15971028895761,1.1565636929708099,1.143625657795918,1.1041422062813264,1.161679506098127
2026-03-13,1.0855411011023675,1.15971028895761,1.1565636929708099,1.1433513388100505,1.1041422062813264,1.161959767675991
2026-03-16,1.0855411011023675,1.15971028895761,1.1565636929708099,1.144500512940037,1.1041422062813264,1.1607856989038579
2026-03-17,1.0855411011023675,1.15971028895761,1.1565636929708099,1.1445042199533595,1.1041422062813264,1.160781911585238
2026-03-18,1.0855411011023675,1.15971028895761,1.1565636929708099,1.144044550301365,1.1041422062813264,1.1612515390940914
2026-03-19,1.0855411011023675,1.15971028895761,1.1565636929708099,1.1437822791087955,1.1041422062813264,1.161519491886441
2026-03-20,1.0855411011023675,1.15971028895761,1.1565636929708099,1.1434699632363716,1.1041422062813264,1.161838573480158
2026-03-23,1.0855411011023675,1.15971028895761,1.1565636929708099,1.1440362095213892,1.1041422062813264,1.161260060560986
2026-03-24,1.0855411011023675,1.15971028895761,1.1565636929708099,1.143872174181867,1.1041422062813264,1.1614276494099114
2026-03-25,1.0855411011023675,1.15971028895761,1.1565636929708099,1.143606195975975,1.1041422062813264,1.161699389520881
2026-03-26,1.0855411011023675,1.15971028895761,1.1565636929708099,1.1434857180429925,1.1041422062813264,1.1618224773760237
2026-03-27,1.0855411011023675,1.15971028895761,1.1565636929708099,1.1430445834576106,1.1041422062813264,1.1622731682917782
2026-03-30,1.0855411011023675,1.15971028895761,1.1565636929708099,1.1423448846929818,1.1041422062813264,1.1629880246812625
2026-03-31,1.0855411011023675,1.15971028895761,1.1565636929708099,1.142063151680469,1.1041422062813264,1.163275860896366
2026-04-01,1.0855411011023675,1.15971028895761,1.1565636929708099,1.1425737927656483,1.1041422062813264,1.1627541577564908
2026-04-02,1.0855411011023675,1.15971028895761,1.1565636929708099,1.143213252563786,1.1041422062813264,1.162100845294578
2026-04-03,1.0855411011023675,1.15971028895761,1.1565636929708099,1.1430047330643933,1.1041422062813264,1.1623138819669407
2026-04-07,1.0855411011023675,1.15971028895761,1.1565636929708099,1.1427044649852678,1.1041422062813264,1.1626206547751432
2026-04-08,1.0855411011023675,1.15971028895761,1.1565636929708099,1.142744315378485,1.1041422062813264,1.1625799410999809
2026-04-09,1.0855411011023675,1.15971028895761,1.1565636929708099,1.142305961053095,1.1041422062813264,1.1630277915267702
2026-04-10,1.0855411011023675,1.15971028895761,1.1565636929708099,1.1422624036465552,1.1041422062813264,1.1630722925205526
2026-04-13,1.0855411011023675,1.15971028895761,1.1565636929708099,1.1414088638290412,1.1041422062813264,1.163944322632758
2026-04-14,1.0855411011023675,1.15971028895761,1.1565636929708099,1.1406146362246876,1.1041422062813264,1.1647557556470467
2026-04-15,1.0855411011023675,1.15971028895761,1.1565636929708099,1.1402532024257404,1.1041422062813264,1.1651250192124758
2026-04-16,1.0855411011023675,1.15971028895761,1.1565636929708099,1.1396311694825827,1.1041422062813264,1.1655274218158276
2026-04-17,1.0855411011023675,1.15971028895761,1.1565636929708099,1.1396311694825827,1.1041422062813264,1.1661277118170634
2026-04-20,1.0855411011023675,1.15971028895761,1.1565636929708099,1.1396311694825827,1.1041422062813264,1.1668520365030972
2026-04-21,1.0855411011023675,1.15971028895761,1.1565636929708099,1.1396311694825827,1.1041422062813264,1.1669164209196337
2026-04-22,1.0855411011023675,1.15971028895761,1.1565636929708099,1.1396311694825827,1.1041422062813264,1.1680346267421249
2026-04-23,1.0855411011023675,1.15971028895761,1.1565636929708099,1.1396311694825827,1.1041422062813264,1.1676199153532585
2026-04-24,1.0855411011023675,1.15971028895761,1.1565636929708099,1.1396311694825827,1.1041422062813264,1.166785758427251
2026-04-27,1.0855411011023675,1.15971028895761,1.1565636929708099,1.1396311694825827,1.1041422062813264,1.165556773535131
2026-04-28,1.0855411011023675,1.15971028895761,1.1565636929708099,1.1396311694825827,1.1041422062813264,1.165647669182006
2026-04-29,1.0855411011023675,1.15971028895761,1.1565636929708099,1.1396311694825827,1.1041422062813264,1.1667725028120817
2026-04-30,1.0855411011023675,1.15971028895761,1.1565636929708099,1.1396311694825827,1.1041422062813264,1.166700543758306
2026-05-06,1.0855411011023675,1.15971028895761,1.1565636929708099,1.1396311694825827,1.1041422062813264,1.1659998898136457
2026-05-07,1.0855411011023675,1.15971028895761,1.1565636929708099,1.1396311694825827,1.1041422062813264,1.165769810207494
2026-05-08,1.0855411011023675,1.15971028895761,1.1565636929708099,1.1396311694825827,1.1041422062813264,1.1662129264860086
2026-05-09,1.0855411011023675,1.15971028895761,1.1565636929708099,1.1396311694825827,1.1041422062813264,1.1662167138046284
2026-05-11,1.0855411011023675,1.15971028895761,1.1565636929708099,1.1396311694825827,1.1041422062813264,1.166256480650136
2026-05-12,1.0855411011023675,1.15971028895761,1.1565636929708099,1.1396311694825827,1.1041422062813264,1.1669031653044644
2026-05-13,1.0855411011023675,1.15971028895761,1.1565636929708099,1.1396311694825827,1.1041422062813264,1.167142713207166
2026-05-14,1.0855411011023675,1.15971028895761,1.1565636929708099,1.1396311694825827,1.1041422062813264,1.1674296025926143
2026-05-15,1.0855411011023675,1.15971028895761,1.1565636929708099,1.1396311694825827,1.1041422062813264,1.1671133614878624
2026-05-18,1.0855411011023675,1.15971028895761,1.1565636929708099,1.1396311694825827,1.1041422062813264,1.1672260342168008
2026-05-19,1.0855411011023675,1.15971028895761,1.1565636929708099,1.1396311694825827,1.1041422062813264,1.1682334609696636
2026-05-20,1.0855411011023675,1.15971028895761,1.1565636929708099,1.1396311694825827,1.1041422062813264,1.1688328041412444
2026-05-21,1.0855411011023675,1.15971028895761,1.1565636929708099,1.1396311694825827,1.1041422062813264,1.1689369554032882
2026-05-22,1.0855411011023675,1.15971028895761,1.1565636929708099,1.1396311694825827,1.1041422062813264,1.1683395058910178
2026-05-25,1.0855411011023675,1.15971028895761,1.1565636929708099,1.1396311694825827,1.1041422062813264,1.1683177288089537
2026-05-26,1.0855411011023675,1.15971028895761,1.1565636929708099,1.1396311694825827,1.1041422062813264,1.1687390680054048
2026-05-27,1.0855411011023675,1.15971028895761,1.1565636929708099,1.1396311694825827,1.1041422062813264,1.1699623719195948
2026-05-28,1.0855411011023675,1.15971028895761,1.1565636929708099,1.1396311694825827,1.1041422062813264,1.1709887352655566
2026-05-29,1.0855411011023675,1.15971028895761,1.1565636929708099,1.1396311694825827,1.1041422062813264,1.1712339641461875
2026-06-01,1.0855411011023675,1.15971028895761,1.1565636929708099,1.1396311694825827,1.1041422062813264,1.1723995114514263
2026-06-02,1.0855411011023675,1.15971028895761,1.1565636929708099,1.1396311694825827,1.1041422062813264,1.1726523149692967
2026-06-03,1.0855411011023675,1.15971028895761,1.1565636929708099,1.1396311694825827,1.1041422062813264,1.1726608364361912
2026-06-04,1.0855411011023675,1.15971028895761,1.1565636929708099,1.1396311694825827,1.1041422062813264,1.1723720533914326
2026-06-05,1.0855411011023675,1.15971028895761,1.1565636929708099,1.1396311694825827,1.1041422062813264,1.1725528978555273
2026-06-08,1.0855411011023675,1.15971028895761,1.1565636929708099,1.1396311694825827,1.1041422062813264,1.1715823974592077
2026-06-09,1.0855411011023675,1.15971028895761,1.1565636929708099,1.1396311694825827,1.1041422062813264,1.170925297678675
2026-06-10,1.0855411011023675,1.15971028895761,1.1565636929708099,1.1396311694825827,1.1041422062813264,1.1697067279127595
2026-06-11,1.0855411011023675,1.15971028895761,1.1565636929708099,1.1396311694825827,1.1041422062813264,1.16882238901504
2026-06-12,1.0855411011023675,1.15971028895761,1.1565636929708099,1.1396311694825827,1.1041422062813264,1.1686907796930026
2026-06-15,1.0855411011023675,1.15971028895761,1.1565636929708099,1.1396311694825827,1.1041422062813264,1.1688507939046884
2026-06-16,1.0855411011023675,1.15971028895761,1.1565636929708099,1.1396311694825827,1.1041422062813264,1.169559022486588
2026-06-17,1.0855411011023675,1.15971028895761,1.1565636929708099,1.1396311694825827,1.1041422062813264,1.1703534125670876
2026-06-18,1.0853240362951084,1.15971028895761,1.1565636929708099,1.1396311694825827,1.1041422062813264,1.1708353488614553
2026-06-22,1.0854302353905139,1.15971028895761,1.1565636929708099,1.1396311694825827,1.1041422062813264,1.1707207824732069
2026-06-23,1.0856944166113154,1.15971028895761,1.1565636929708099,1.1396311694825827,1.1041422062813264,1.170435786747068
2026-06-24,1.0859199799792423,1.15971028895761,1.1565636929708099,1.1396311694825827,1.1041422062813264,1.1701924515257467
2026-06-25,1.0855346791289702,1.15971028895761,1.1565636929708099,1.1396311694825827,1.1041422062813264,1.1706081097442682
2026-06-26,1.0851239256029401,1.15971028895761,1.1565636929708099,1.1396311694825827,1.1041422062813264,1.171051226022783
2026-06-29,1.084059301613464,1.15971028895761,1.1565636929708099,1.1396311694825827,1.1041422062813264,1.1721997303942326
2026-06-30,1.084125127499046,1.15971028895761,1.1565636929708099,1.1396311694825827,1.1041422062813264,1.1721287181701117
2026-07-01,1.0854039050362811,1.15971028895761,1.1565636929708099,1.1396311694825827,1.1041422062813264,1.1707491873628553
2026-07-02,1.085583829123538,1.15971028895761,1.1565636929708099,1.1396311694825827,1.1041422062813264,1.1705550872835913
2026-07-03,1.0854978166330445,1.1594783932789543,1.1565636929708099,1.1396311694825827,1.1041422062813264,1.170647876589776
2026-07-06,1.0850300140061768,1.1589785481789834,1.1565636929708099,1.1396311694825827,1.1041422062813264,1.1711525367958622
2026-07-07,1.0847868970687613,1.158718778774308,1.1565636929708099,1.1396311694825827,1.1041422062813264,1.1714148086102822
2026-07-08,1.0848228818862127,1.1587572283973828,1.1565636929708099,1.1396311694825827,1.1041422062813264,1.1713759885944293
2026-07-09,1.0842611676625815,1.1581570391591438,1.1565636929708099,1.1396311694825827,1.1041422062813264,1.171981959573595
2026-07-10,1.0844533792484803,1.1583624164141038,1.1565636929708099,1.1396311694825827,1.1041422062813264,1.1717746038791619
2026-07-13,1.084392819433745,1.158297708511856,1.1565636929708099,1.1396311694825827,1.1041422062813264,1.171839935125353
2026-07-14,1.0847754872485937,1.1587065874304063,1.1565636929708099,1.1396311694825827,1.1041422062813264,1.1714271173957966
2026-07-15,1.0843261158696889,1.1582264360398153,1.1565636929708099,1.1396311694825827,1.1041422062813264,1.1719118941791289
2026-07-16,1.0844393363928897,1.1583474116831478,1.1565636929708099,1.1396311694825827,1.1041422062813264,1.1717897531536408
2026-07-17,1.0845446578098203,1.1584599471653176,1.1565636929708099,1.1396311694825827,1.1041422062813264,1.1716761335950474
2026-07-20,1.0843638560440891,1.1582667612542594,1.1565636929708099,1.1396311694825827,1.1041422062813264,1.171871180503966
2026-07-21,1.0845174497771133,1.1584308754990904,1.1565636929708099,1.1396311694825827,1.1041422062813264,1.1717054853143507
2026-07-22,1.0836959427250528,1.157553098738166,1.1565636929708099,1.1396311694825827,1.1041422062813264,1.17259171787138
2026-07-23,1.0831254517166773,1.1569435315430794,1.1565636929708099,1.1396311694825827,1.1041422062813264,1.1732071571470952
2026-07-24,1.083416840970186,1.1572548797104159,1.1565636929708099,1.1396311694825827,1.1041422062813264,1.172892809701653
2026-07-27,1.08311404189651,1.1569313401991776,1.1565636929708099,1.1396311694825827,1.1041422062813264,1.1732194659326096
2026-07-28,1.08325095973852,1.1570776363259985,1.1565636929708099,1.1396311694825827,1.1041422062813264,1.1730717605064378
2026-07-29,1.0832395499183525,1.1570654449820967,1.1565636929708099,1.1396311694825827,1.1041422062813264,1.1730840692919522
2026-07-30,1.0826901231933632,1.1564783848834443,1.1565636929708099,1.1396311694825827,1.1041422062813264,1.1736767846559484
2026-07-31,1.0819616500595917,1.155700014465103,1.1565636929708099,1.1396311694825827,1.1041422062813264,1.1744626532695535
2026-08-03,1.0813894036942675,1.1550885716786472,1.1565636929708099,1.1396311694825827,1.1041422062813264,1.1750799862045784
2026-08-04,1.0815157893945846,1.155223614257251,1.1565636929708099,1.1396311694825827,1.1041422062813264,1.174943642734266
2026-08-05,1.081114690331773,1.1547950416293211,1.1565636929708099,1.1396311694825827,1.1041422062813264,1.1753763438865765
2026-08-06,1.0813314769149556,1.1550266771634539,1.1565636929708099,1.1396311694825827,1.1041422062813264,1.1751424769618048
2026-08-07,1.0812700394217458,1.1549610314655214,1.1565636929708099,1.1396311694825827,1.1041422062813264,1.175208755037651
2026-08-10,1.0808057475087758,1.1544649375482896,1.1565636929708099,1.1396311694825827,1.1041422062813264,1.1757096279251174
2026-08-11,1.080688138593203,1.1543392729265334,1.1565636929708099,1.1396311694825827,1.1041422062813264,1.1758365030988802
2026-08-12,1.081125222473466,1.154806295177538,1.1565636929708099,1.1396311694825827,1.1041422062813264,1.1753649819307173
2026-08-13,1.0804687189745972,1.1541048240053462,1.1565636929708099,1.1396311694825827,1.1041422062813264,1.1760732105126166
2026-08-14,1.0798332797591146,1.1534258599295886,1.1565636929708099,1.1396311694825827,1.1041422062813264,1.1767587151827978
2026-08-17,1.0791978405436318,1.1527468958538307,1.1565636929708099,1.1396311694825827,1.1041422062813264,1.1774442198529786
2026-08-18,1.0788757325435185,1.1524027248375281,1.1565636929708099,1.1396311694825827,1.1041422062813264,1.177791706336344
2026-08-19,1.0787502245216758,1.152268620054609,1.1565636929708099,1.1396311694825827,1.1041422062813264,1.177927102977001
2026-08-20,1.0792575226798926,1.1528106659603936,1.1565636929708099,1.1396311694825827,1.1041422062813264,1.1773798354364422
2026-08-21,1.079515560151373,1.1530863778917095,1.1565636929708099,1.1396311694825827,1.1041422062813264,1.1771014675178881
2026-08-24,1.0788116620148855,1.1523342657525415,1.1565636929708099,1.1396311694825827,1.1041422062813264,1.1778608249011548
2026-08-25,1.0790100173501052,1.1525462075772945,1.1565636929708099,1.1396311694825827,1.1041422062813264,1.177646841399137
2026-08-26,1.0795989396064434,1.1531754684817606,1.1565636929708099,1.1396311694825827,1.1041422062813264,1.1770115187006682
2026-08-27,1.080545077001872,1.1541864122299192,1.1565636929708099,1.1396311694825827,1.1041422062813264,1.1759908363326363
2026-08-28,1.0803783180917317,1.1540082310498172,1.1565636929708099,1.1396311694825827,1.1041422062813264,1.1761707339670762
2026-08-31,1.0801150145494045,1.1537268923443926,1.1565636929708099,1.1396311694825827,1.1041422062813264,1.17645478286356
2026-09-01,1.0795840190723782,1.15315952595512,1.1565636929708099,1.1396311694825827,1.1041422062813264,1.1770276148048024
2026-09-02,1.0797674538735327,1.1533555252532324,1.1565636929708099,1.1396311694825827,1.1041422062813264,1.1768297274069186
2026-09-03,1.079115338767036,1.1526587430594644,1.1565636929708099,1.1396311694825827,1.1041422062813264,1.1775332218405437
2026-09-04,1.0792145164346458,1.1527647139718409,1.1565636929708099,1.1396311694825827,1.1041422062813264,1.1774262300895348
2026-09-07,1.079034592347389,1.1525724658564673,1.1565636929708099,1.1396311694825827,1.1041422062813264,1.1776203301687986
2026-09-08,1.0793031619605626,1.1528594313360006,1.1565636929708099,1.1396311694825827,1.1041422062813264,1.177330600294385
2026-09-09,1.0791662441185526,1.1527131352091797,1.1565636929708099,1.1396311694825827,1.1041422062813264,1.1774783057205567
2026-09-10,1.0792241708978645,1.152775029724373,1.1565636929708099,1.1396311694825827,1.1041422062813264,1.1774158149633303
2026-09-11,1.0797560440533651,1.1533433339093306,1.1565636929708099,1.1396311694825827,1.1041422062813264,1.176842036192433
2026-09-14,1.0796516003149088,1.1532317362228455,1.1565636929708099,1.1396311694825827,1.1041422062813264,1.1769547089213714
2026-09-15,1.079311938745307,1.1528688092928479,1.1565636929708099,1.1396311694825827,1.1041422062813264,1.1773211319978358
2026-09-16,1.079034592347389,1.1525724658564673,1.1565636929708099,1.1396311694825827,1.1041422062813264,1.1776203301687986
