date,composite_signal_equity,benchmark_equity,composite_signal_position,score,n_long,n_short,equal_weight_equity,equal_weight_position
2011-06-27,1.0,0.9998000399920016,0,-1.0,0.0,5.0,1.0,0.0
2011-06-28,0.9998000399920016,0.9998218170740656,-1,-1.0,0.0,5.0,0.9998000399920016,-1.0
2011-06-29,0.9998559017248946,0.9997659541244236,-1,-1.0,0.0,5.0,0.9998559017248946,-1.0
2011-06-30,1.0002923806886854,0.9993294656534935,-1,-1.0,0.0,5.0,1.0002923806886854,-1.0
2011-07-01,0.9986979542786556,1.0009239267924226,-1,-1.0,0.0,5.0,0.9986979542786557,-1.0
2011-07-04,0.9990170289224678,1.000604845198706,-1,-1.0,0.0,5.0,0.9990170289224679,-1.0
2011-07-05,0.9986686031986609,1.0009532785117259,-1,-1.0,0.0,5.0,0.9986686031986609,-1.0
2011-07-06,0.9988191458347622,1.0008027325965894,-1,-1.0,0.0,5.0,0.9988191458347622,-1.0
2011-07-07,0.9992849758785478,1.000336892406356,-1,-1.0,0.0,5.0,0.9992849758785478,-1.0
2011-07-08,0.9989498054811898,1.000672070104207,-1,-1.0,0.0,5.0,0.9989498054811898,-1.0
2011-07-11,0.9998966145132742,0.9997252404492609,-1,-1.0,0.0,5.0,0.999896614513274,-1.0
2011-07-12,0.9991136034437405,1.0005082685739013,-1,-1.0,0.0,5.0,0.9991136034437405,-1.0
2011-07-13,1.0001749763687071,0.9994468725307067,-1,-1.0,0.0,5.0,1.0001749763687071,-1.0
2011-07-14,1.0014900941142721,0.9981317261399868,-1,-1.0,0.0,5.0,1.0014900941142721,-1.0
2011-07-15,1.0023176052083138,0.9973041970215639,-1,-1.0,0.0,5.0,1.0023176052083138,-1.0
2011-07-18,1.0041004466157286,0.9955213167813005,-1,-1.0,0.0,5.0,1.0041004466157286,-1.0
2011-07-19,1.0089443216238718,0.9906773362665965,-1,-1.0,0.0,5.0,1.0089443216238718,-1.0
2011-07-20,1.0131642494798716,0.986457316494502,-1,-1.0,0.0,5.0,1.0131642494798716,-1.0
2011-07-21,1.014931941942773,0.9846895855287177,-1,-1.0,0.0,5.0,1.014931941942773,-1.0
2011-07-22,1.013943473313277,0.9856780756884813,-1,-1.0,0.0,5.0,1.013943473313277,-1.0
2011-07-25,1.0128139301380004,0.9868076434668321,-1,-1.0,0.0,5.0,1.0128139301380004,-1.0
2011-07-26,1.0135211964849673,0.9861003617145873,-1,-1.0,0.0,5.0,1.0135211964849673,-1.0
2011-07-27,1.0134691219882028,0.9861524373456093,-1,-1.0,0.0,5.0,1.0134691219882028,-1.0
2011-07-28,1.013335621914679,0.9862859403269567,-1,-1.0,0.0,5.0,1.013335621914679,-1.0
2011-07-29,1.0126614938838348,0.9869600830412782,-1,-1.0,0.0,5.0,1.0126614938838348,-1.0
2011-08-01,1.011799897664638,0.9878216980272794,-1,-1.0,0.0,5.0,1.011799897664638,-1.0
2011-08-02,1.0120640573845896,0.9875575325535493,-1,-1.0,0.0,5.0,1.0120640573845896,-1.0
2011-08-03,1.0154877188446065,0.9841337965212643,-1,-1.0,0.0,5.0,1.0154877188446065,-1.0
2011-08-04,1.014292845846116,0.9853286955458064,-1,-1.0,0.0,5.0,1.014292845846116,-1.0
2011-08-05,1.0108322588338479,0.9887893579346341,-1,-1.0,0.0,5.0,1.0108322588338479,-1.0
2011-08-08,1.0090986514961018,0.9905230030328404,-1,-1.0,0.0,5.0,1.0090986514961018,-1.0
2011-08-09,1.0067865438397516,0.9928351610502186,-1,-1.0,0.0,5.0,1.0067865438397516,-1.0
2011-08-10,1.0065659373352762,0.9930557723598209,-1,-1.0,0.0,5.0,1.0065659373352762,-1.0
2011-08-11,1.0038997231009268,0.995722044668149,-1,-1.0,0.0,5.0,1.0038997231009268,-1.0
2011-08-12,1.0041695636750707,0.9954521982164894,-1,-1.0,0.0,5.0,1.0041695636750707,-1.0
2011-08-15,1.0038646911667395,0.995757077365382,-1,-1.0,0.0,5.0,1.0038646911667395,-1.0
2011-08-16,1.0056475325741543,0.9939741971251187,-1,-1.0,0.0,5.0,1.0056475325741543,-1.0
2011-08-17,1.0049620428349253,0.9946597017952995,-1,-1.0,0.0,5.0,1.0049620428349253,-1.0
2011-08-18,1.0058946497315282,0.9937270745851777,-1,-1.0,0.0,5.0,1.0058946497315282,-1.0
2011-08-19,1.003489754790034,0.9961320219087406,-1,-1.0,0.0,5.0,1.003489754790034,-1.0
2011-08-22,1.0040104997576806,0.9956112655985204,-1,-1.0,0.0,5.0,1.0040104997576806,-1.0
2011-08-23,1.0048654683136526,0.9947562784201041,-1,-0.6,1.0,4.0,1.0048654683136526,-1.0
2011-08-24,1.005396628180652,0.9942251069836794,-1,-0.6,1.0,4.0,1.0053166601710544,-0.6
2011-08-25,1.0073811399119008,0.9922405520269124,-1,1.0,5.0,0.0,1.006503058332677,-0.6
2011-08-26,1.0075787363631588,0.9916431025146415,1,1.0,5.0,0.0,1.0065403510080198,1.0
2011-08-29,1.001486104492222,0.9856468303098681,1,1.0,5.0,0.0,1.0004539980505622,1.0
2011-08-30,0.9981227946831596,0.9823367138361768,1,1.0,5.0,0.0,0.9970941543841688,1.0
2011-08-31,0.9989847871285028,0.9831850732070084,1,1.0,5.0,0.0,0.9979552584817342,1.0
2011-09-01,1.000766494727583,0.9849386017279685,1,1.0,5.0,0.0,0.9997351298976842,1.0
2011-09-02,1.0010695389466489,0.9852368530692764,1,1.0,5.0,0.0,1.0000378618069843,1.0
2011-09-05,1.0022239931145194,0.9863730486552118,1,1.0,5.0,0.0,1.0011911262233668,1.0
2011-09-06,1.0044097596723542,0.9885242456312492,1,1.0,5.0,0.0,1.0033746401850503,1.0
2011-09-07,1.0023952371494202,0.9865415843337921,1,1.0,5.0,0.0,1.0013621937784634,1.0
2011-09-08,1.001630411263206,0.9857888547581101,1,1.0,5.0,0.0,1.00059815610261,1.0
2011-09-09,1.0036141483416634,0.9877412175066088,1,0.2,3.0,2.0,1.0025798487914268,1.0
2011-09-13,1.004767640464394,0.988876466262889,1,0.2,3.0,2.0,1.0035714214777898,0.2
2011-09-14,1.0043780121827377,0.988493000252636,1,0.2,3.0,2.0,1.0034938350345264,0.2
2011-09-15,1.0029387926534592,0.9870765430888366,1,0.2,3.0,2.0,1.003207244123114,0.2
2011-09-16,1.0014918767630616,0.9856525112877979,1,0.2,3.0,2.0,1.0029191206399823,0.2
2011-09-19,1.0010272089604937,0.985195192564459,1,1.0,5.0,0.0,1.0028265916224608,0.2
2011-09-20,1.000713582244889,0.9848865260969465,1,1.0,5.0,0.0,1.002603472927996,1.0
2011-09-21,1.0013062020510624,0.9854697731643933,1,1.0,5.0,0.0,1.003197211922187,1.0
2011-09-22,1.002165308360986,0.98631529204626,1,1.0,5.0,0.0,1.0040579406913634,1.0
2011-09-23,1.0086369860170399,0.9926846151350822,1,1.0,5.0,0.0,1.0105418403892916,1.0
2011-09-26,1.014260139859709,0.9982188344682417,1,1.0,5.0,0.0,1.0161756138000826,1.0
2011-09-27,1.0129103905284405,0.9968904324623525,1,1.0,5.0,0.0,1.014823315409092,1.0
2011-09-28,1.012051284218517,0.9960449135804856,1,1.0,5.0,0.0,1.0139625866399156,1.0
2011-09-29,1.0143621166445376,0.9983191984116662,1,1.0,5.0,0.0,1.0162777831724594,1.0
2011-09-30,1.0161524826498767,1.0000812483995207,1,1.0,5.0,0.0,1.018071530361079,1.0
2011-10-08,1.0172145804843176,1.001126548338581,1,1.0,5.0,0.0,1.0191356340130062,1.0
2011-10-09,1.0210569887730465,1.0049081859804354,1,1.0,5.0,0.0,1.0229852988552128,1.0
2011-10-10,1.0225202594308225,1.0063483138856086,1,1.0,5.0,0.0,1.0244513329626233,1.0
2011-10-11,1.0236294974771178,1.0074400084777613,1,1.0,5.0,0.0,1.0255626658527244,1.0
2011-10-12,1.0229916615493695,1.006812260416532,1,1.0,5.0,0.0,1.024923625344366,1.0
2011-10-13,1.0214918331762777,1.0053361529844713,1,1.0,5.0,0.0,1.0234209644808205,1.0
2011-10-14,1.0231686778551097,1.0069864770730421,1,1.0,5.0,0.0,1.0251009759530203,1.0
2011-10-17,1.0223470913056418,1.0061778845477183,1,1.0,5.0,0.0,1.0242778378019828,1.0
2011-10-18,1.0259759255733147,1.0097493260061747,1,1.0,5.0,0.0,1.0279135252793998,1.0
2011-10-19,1.0268071325741814,1.0105673868280483,1,1.0,5.0,0.0,1.0287463020504732,1.0
2011-10-20,1.027550793467318,1.0112992861513215,1,1.0,5.0,0.0,1.0294913673792228,1.0
2011-10-21,1.0267869296262437,1.0105475034052942,1,1.0,5.0,0.0,1.0287260609483986,1.0
2011-10-24,1.0260807884935628,1.009852530438564,1,1.0,5.0,0.0,1.0280185862377877,1.0
2011-10-25,1.0238825153489095,1.007689024677012,1,1.0,5.0,0.0,1.02581616155966,1.0
2011-10-26,1.0233312634837515,1.007146491284728,1,1.0,5.0,0.0,1.0252638686316218,1.0
2011-10-27,1.0226559077955473,1.006481816866956,1,1.0,5.0,0.0,1.0245872375051248,1.0
2011-10-28,1.0229214322541573,1.006743141851721,1,1.0,5.0,0.0,1.0248532634181065,1.0
2011-10-31,1.023681447914672,1.0074911372791284,1,1.0,5.0,0.0,1.0256147144009164,1.0
2011-11-01,1.0265541147023898,1.0103183706287973,1,1.0,5.0,0.0,1.0284928063435377,1.0
2011-11-02,1.0279846758254094,1.011726306325702,1,1.0,5.0,0.0,1.0299260691428271,1.0
2011-11-03,1.028050094894922,1.0117906907422383,1,1.0,5.0,0.0,1.0299916117590688,1.0
2011-11-04,1.028379114332765,1.0121145064842298,1,1.0,5.0,0.0,1.0303212525642853,1.0
2011-11-07,1.0282290352909418,1.0119668010580583,1,1.0,5.0,0.0,1.0301708900917306,1.0
2011-11-08,1.029751952747391,1.013465632401838,1,1.0,5.0,0.0,1.0316966836433612,1.0
2011-11-09,1.0328247249242064,1.0164898063197358,1,1.0,5.0,0.0,1.0347752588827226,1.0
2011-11-10,1.0400362152928373,1.0235872414132112,1,1.0,5.0,0.0,1.0420003684613859,1.0
2011-11-11,1.0389693072326969,1.022537207325876,1,1.0,5.0,0.0,1.040931445499441,1.0
2011-11-14,1.0387047448192266,1.022276829170766,1,1.0,5.0,0.0,1.0406663834484629,1.0
2011-11-15,1.0354588045172308,1.0190822259149779,1,1.0,5.0,0.0,1.0374143130484614,1.0
2011-11-16,1.0359754227573528,1.0195906734396838,1,1.0,5.0,0.0,1.0379319069443715,1.0
2011-11-17,1.034602584342727,1.0182395475220758,1,1.0,5.0,0.0,1.0365564758652959,1.0
2011-11-18,1.0345900777559083,1.0182272387365616,1,1.0,5.0,0.0,1.0365439456592496,1.0
2011-11-21,1.033140275730091,1.016800366446558,1,1.0,5.0,0.0,1.035091405619889,1.0
2011-11-22,1.0336520837445136,1.017304079822989,1,1.0,5.0,0.0,1.0356041802057814,1.0
2011-11-23,1.0367296661470282,1.0203329878891616,1,1.0,5.0,0.0,1.0386875747551603,1.0
2011-11-24,1.03671234933451,1.0203159449553727,1,1.0,5.0,0.0,1.038670225239096,1.0
2011-11-25,1.0360466140977047,1.0196607388341499,1,1.0,5.0,0.0,1.038003232732635,1.0
2011-11-28,1.0361283879345955,1.0197412193548203,1,1.0,5.0,0.0,1.0380851610029371,1.0
2011-11-29,1.03546553883321,1.0190888537225624,1,1.0,5.0,0.0,1.0374210600824862,1.0
2011-11-30,1.036259226073621,1.019869988187893,1,1.0,5.0,0.0,1.0382162462354212,1.0
2011-12-01,1.044718488988692,1.0281954613438338,1,1.0,5.0,0.0,1.046691484832698,1.0
2011-12-02,1.046705112202569,1.030150664581297,1,1.0,5.0,0.0,1.0486818598700431,1.0
2011-12-05,1.0484416036800743,1.0318596921084746,1,1.0,5.0,0.0,1.0504216307864636,1.0
2011-12-06,1.0479759738323664,1.031401426555481,1,1.0,5.0,0.0,1.049955121576742,1.0
2011-12-07,1.0467301253762062,1.0301752821523258,1,1.0,5.0,0.0,1.0487069202821355,1.0
2011-12-08,1.0464607527370364,1.029910169848941,1,1.0,5.0,0.0,1.0484370389211395,1.0
2011-12-09,1.0469129139527857,1.0303551797867656,1,1.0,5.0,0.0,1.0488900540628117,1.0
2011-12-12,1.0464251570668603,1.0298751371517079,1,1.0,5.0,0.0,1.0484013760270081,1.0
2011-12-13,1.0459624133545724,1.029419712087679,1,1.0,5.0,0.0,1.0479377584032972,1.0
2011-12-14,1.0463260664174514,1.0297776136972483,1,1.0,5.0,0.0,1.0483020982406415,1.0
2011-12-15,1.046178873511048,1.0296327487600416,1,1.0,5.0,0.0,1.0481546273540974,1.0
2011-12-16,1.0468330642061747,1.030276592925405,1,1.0,5.0,0.0,1.0488100535165161,1.0
2011-12-19,1.0474574315019647,1.030891085371465,1,1.0,5.0,0.0,1.0494355999568248,1.0
2011-12-20,1.0473429481303174,1.0307784126425261,1,1.0,5.0,0.0,1.0493209003784014,1.0
2011-12-21,1.0470639550397487,1.030503832042592,1,1.0,5.0,0.0,1.04904138039737,1.0
2011-12-22,1.046259685302799,1.0297122824510572,1,1.0,5.0,0.0,1.048235591762396,1.0
2011-12-23,1.0463116357403532,1.0297634112524243,1,1.0,5.0,0.0,1.0482876403105883,1.0
2011-12-26,1.0470485623175105,1.0304886827681128,1,1.0,5.0,0.0,1.0490259586053132,1.0
2011-12-27,1.0483858050619606,1.0318047759884879,1,1.0,5.0,0.0,1.050365726790257,1.0
2011-12-28,1.0479249854399522,1.0313512445837687,1,1.0,5.0,0.0,1.0499040368905532,1.0
2011-12-29,1.0489611080556158,1.0323709801221457,1,1.0,5.0,0.0,1.0509421162683843,1.0
2011-12-30,1.0499395079628862,1.0333339058812259,1,1.0,5.0,0.0,1.051922363926002,1.0
2011-12-31,1.0515961496937805,1.0349643465470428,1,1.0,5.0,0.0,1.0535821342961271,1.0
2012-01-04,1.0499260393309275,1.0333206502660566,1,1.0,5.0,0.0,1.051908869857952,1.0
2012-01-05,1.0498375311780577,1.0332335419378016,1,1.0,5.0,0.0,1.0518201945536247,1.0
2012-01-06,1.0513287011448904,1.0347011279029679,1,0.2,3.0,2.0,1.0533141806591384,1.0
2012-01-09,1.0527910097575262,1.0361403089784857,1,-0.2,2.0,3.0,1.0546096089829136,0.2
2012-01-10,1.052683478850066,1.0364489754459982,-1,-0.2,2.0,3.0,1.0545873486430724,-0.2
2012-01-11,1.0542404070356979,1.0349160582346404,-1,-0.2,2.0,3.0,1.0549014254477653,-0.2
2012-01-12,1.0537643851382996,1.035384738913839,-1,-0.2,2.0,3.0,1.0548053982591779,-0.2
2012-01-13,1.053897094273332,1.0352540764214564,-1,-1.0,0.0,5.0,1.05483216947539,-0.2
2012-01-16,1.0543481130003618,1.0348100133132867,-1,-1.0,0.0,5.0,1.054754956157165,-1.0
2012-01-17,1.0537422669491276,1.0354065159959025,-1,-1.0,0.0,5.0,1.0541479659395798,-1.0
2012-01-18,1.0536364843052612,1.0355106672579468,-1,-1.0,0.0,5.0,1.0540419835206365,-1.0
2012-01-19,1.0516602721857595,1.0374564021988608,-1,-1.0,0.0,5.0,1.0520620392394666,-1.0
2012-01-20,1.0518276010951482,1.0372916538389,-1,-1.0,0.0,5.0,1.0522296841567043,-1.0
2012-01-21,1.0513890839533024,1.0377234081615556,-1,-1.0,0.0,5.0,1.0517903388563572,-1.0
2012-01-29,1.0513361926313691,1.0377754837925777,-1,-1.0,0.0,5.0,1.0517373476468854,-1.0
2012-01-30,1.0523218945401231,1.0368049833962578,-1,-1.0,0.0,5.0,1.052724911096131,-1.0
2012-01-31,1.0525661562814144,1.0365644886639018,-1,-1.0,0.0,5.0,1.0529696341362365,-1.0
2012-02-01,1.054556793306898,1.0346045512781634,-1,-1.0,0.0,5.0,1.0549640305654442,-1.0
2012-02-02,1.0560646768121917,1.033119922379208,-1,-1.0,0.0,5.0,1.0564747617736554,-1.0
2012-02-03,1.0562031559096168,1.0329835789088957,-1,-1.0,0.0,5.0,1.056613502394818,-1.0
2012-02-06,1.0578649050787161,1.0313474572651489,-1,-1.0,0.0,5.0,1.058278389848765,-1.0
2012-02-07,1.0586159618501667,1.030607983304636,-1,-1.0,0.0,5.0,1.0590308650232634,-1.0
2012-02-08,1.0601430785634363,1.0291044178125817,-1,-1.0,0.0,5.0,1.0605608657621919,-1.0
2012-02-09,1.0624587568037087,1.0268244520034717,-1,-1.0,0.0,5.0,1.0628809172605167,-1.0
2012-02-10,1.0621240989849319,1.0271539487233932,-1,-1.0,0.0,5.0,1.0625456274260412,-1.0
2012-02-13,1.061816367657321,1.0274569342129756,-1,-1.0,0.0,5.0,1.0622373149345692,-1.0
2012-02-14,1.0605373593269378,1.0287162176540539,-1,-1.0,0.0,5.0,1.0609558911418902,-1.0
2012-02-15,1.0628222644344494,1.026466550393902,-1,-1.0,0.0,5.0,1.0632451113910677,-1.0
2012-02-16,1.0629626668526717,1.02632831326428,-1,-1.0,0.0,5.0,1.0633857789653016,-1.0
2012-02-17,1.0633877207489346,1.0259098145567938,-1,-1.0,0.0,5.0,1.063811635594147,-1.0
2012-02-20,1.0616384604835456,1.0276320976991407,-1,-0.2,2.0,3.0,1.0620590717754372,-1.0
2012-02-21,1.0611374354157792,1.0281253959493677,-1,-0.2,2.0,3.0,1.0613889711109856,-0.2
2012-02-22,1.061441320101795,1.0278261977784047,-1,-0.2,2.0,3.0,1.0614487902488587,-0.2
2012-02-23,1.0617423198066145,1.0275298400964066,-1,-0.2,2.0,3.0,1.0615080414835245,-0.2
2012-02-24,1.0618269459217076,1.0274465190867712,-1,-0.2,2.0,3.0,1.0615246999776156,-0.2
2012-02-27,1.063059794552949,1.0262326834691304,-1,-0.2,2.0,3.0,1.0617673839483543,-0.2
2012-02-28,1.0633463693517868,1.0259505282319565,-1,-0.2,2.0,3.0,1.0618237956669816,-0.2
2012-02-29,1.0626030058635265,1.0266824275552298,-1,-0.2,2.0,3.0,1.0616774659404753,-0.2
2012-03-01,1.0631117242144834,1.0261815546677633,-1,-0.2,2.0,3.0,1.0617776062060922,-0.2
2012-03-02,1.064258985070233,1.0250519868894126,-1,-0.2,2.0,3.0,1.0620034423816702,-0.2
2012-03-05,1.064892719273032,1.0244280261468033,-1,-0.2,2.0,3.0,1.0621281917862857,-0.2
2012-03-06,1.063617557584244,1.0256835222692617,-1,-0.2,2.0,3.0,1.0618771785685013,-0.2
2012-03-07,1.0628126478304614,1.0264760186904516,-1,0.6,4.0,1.0,1.061718733573565,-0.2
2012-03-08,1.0620137261000377,1.0268481227448454,1,1.0,5.0,0.0,1.0614747641749305,0.6
2012-03-09,1.0619794521773762,1.0268149837069223,1,1.0,5.0,0.0,1.0613702627696682,1.0
2012-03-12,1.0624328472114417,1.027253365837162,1,1.0,5.0,0.0,1.0618233977201212,1.0
2012-03-13,1.0620254771592361,1.0268594847007046,1,1.0,5.0,0.0,1.0614162613499518,1.0
2012-03-14,1.0616024390280994,1.0264504542897679,1,1.0,5.0,0.0,1.0609934658886222,1.0
2012-03-15,1.0609512344975303,1.0258208125692287,1,1.0,5.0,0.0,1.0603426349122693,1.0
2012-03-16,1.0611108530516398,1.0259751458029849,1,1.0,5.0,0.0,1.0605021619034658,1.0
2012-03-19,1.0604909846789328,1.0253758026314042,1,1.0,5.0,0.0,1.0598826491094337,1.0
2012-03-20,1.0606114330357148,1.0254922626789627,1,1.0,5.0,0.0,1.0600030283727293,1.0
2012-03-21,1.0602207103173733,1.0251144776466392,1,1.0,5.0,0.0,1.059612529786918,1.0
2012-03-22,1.0607573420207594,1.0256333402975497,1,1.0,5.0,0.0,1.0601488536591601,1.0
2012-03-23,1.0620274356691024,1.0268613783600145,1,1.0,5.0,0.0,1.0614182187363468,1.0
2012-03-26,1.0622115355965416,1.0270393823351445,1,1.0,5.0,0.0,1.0616022130574811,1.0
2012-03-27,1.062161593594949,1.026991094022742,1,1.0,5.0,0.0,1.0615522997044073,1.0
2012-03-28,1.0624338264663749,1.0272543126668172,1,1.0,5.0,0.0,1.0618243764133188,1.0
2012-03-29,1.0631310559788036,1.0279284553811385,1,1.0,5.0,0.0,1.0625212059699547,1.0
2012-03-30,1.0639536301226804,1.0287237922912933,1,1.0,5.0,0.0,1.0633433082558734,1.0
2012-03-31,1.064260136916768,1.0290201499732916,1,1.0,5.0,0.0,1.063649639226698,1.0
2012-04-01,1.0631036368406745,1.0279019441508004,1,1.0,5.0,0.0,1.062493802560424,1.0
2012-04-05,1.0629871055036253,1.0277892714218617,1,1.0,5.0,0.0,1.062377338069919,1.0
2012-04-06,1.0629822092289594,1.027784537273587,1,1.0,5.0,0.0,1.0623724446039313,1.0
2012-04-09,1.0623310046983903,1.0271548955530478,1,1.0,5.0,0.0,1.0617216136275789,1.0
2012-04-10,1.0623476520322543,1.0271709916571818,1,1.0,5.0,0.0,1.0617382514119367,1.0
2012-04-11,1.0625072705863639,1.0273253248909382,1,1.0,5.0,0.0,1.0618977784031327,1.0
2012-04-12,1.062219369636007,1.0270469569723841,1,1.0,5.0,0.0,1.061610042603061,1.0
2012-04-13,1.062886242245507,1.0276917479674024,1,1.0,5.0,0.0,1.0622765326705743,1.0
2012-04-16,1.062786358242322,1.027595171342598,1,1.0,5.0,0.0,1.062176705964427,1.0
2012-04-17,1.0631163671548058,1.0279142529363148,1,1.0,5.0,0.0,1.0625065255719919,1.0
2012-04-18,1.0627608976140592,1.0275705537715694,1,1.0,5.0,0.0,1.0621512599412912,1.0
2012-04-19,1.0621204648877551,1.0269513271772344,1,1.0,5.0,0.0,1.0615111945901117,1.0
2012-04-20,1.0623682163858512,1.0271908750799357,1,1.0,5.0,0.0,1.0617588039690846,1.0
2012-04-23,1.0622536435586685,1.0270800960103073,1,1.0,5.0,0.0,1.0616442968649744,1.0
2012-04-24,1.0629038688343044,1.0277087909011915,1,1.0,5.0,0.0,1.0622941491481295,1.0
2012-04-25,1.0627432710252618,1.0275535108377802,1,1.0,5.0,0.0,1.0621336434637358,1.0
2012-04-26,1.0628460927932464,1.0276529279515494,1,1.0,5.0,0.0,1.0622364062494758,1.0
2012-04-27,1.0632260437073229,1.0280202978576687,1,1.0,5.0,0.0,1.0626161392101143,1.0
2012-04-28,1.063086010251877,1.0278849012170113,1,1.0,5.0,0.0,1.0624761860828686,1.0
2012-05-02,1.062896034794839,1.0277012162639518,1,1.0,5.0,0.0,1.0622863196025494,1.0
2012-05-03,1.0632142926481247,1.0280089359018092,1,1.0,5.0,0.0,1.062604394891744,1.0
2012-05-04,1.062780482712723,1.027589490364668,1,1.0,5.0,0.0,1.0621708338052416,1.0
2012-05-07,1.0631310559788036,1.0279284553811385,1,1.0,5.0,0.0,1.0625212059699547,1.0
2012-05-08,1.063158475116933,1.0279549666114773,1,1.0,5.0,0.0,1.0625486093794854,1.0
2012-05-09,1.063159454371866,1.0279559134411322,1,1.0,5.0,0.0,1.0625495880726832,1.0
2012-05-10,1.0639692982016113,1.0287389415657726,1,1.0,5.0,0.0,1.063358967347034,1.0
2012-05-11,1.0650347275689183,1.029769092230354,1,1.0,5.0,0.0,1.0644237855459386,1.0
2012-05-14,1.069750819327145,1.034329023848574,1,1.0,5.0,0.0,1.0691371719852072,1.0
2012-05-15,1.073240883909022,1.0377035247388018,1,1.0,5.0,0.0,1.0726252345411775,1.0
2012-05-16,1.0752610868361858,1.0396568343169554,1,1.0,5.0,0.0,1.0746442786076666,1.0
2012-05-17,1.0738969847142568,1.0383379006076157,1,1.0,5.0,0.0,1.0732809589835177,1.0
2012-05-18,1.0754373527241594,1.0398272636548458,1,1.0,5.0,0.0,1.0748204433832207,1.0
2012-05-21,1.0736316066273635,1.0380813097711252,1,1.0,5.0,0.0,1.0730157331269892,1.0
2012-05-22,1.0738538974971967,1.0382962401027982,1,1.0,5.0,0.0,1.0732378964828269,1.0
2012-05-23,1.0739361549115845,1.0383757737938133,1,1.0,5.0,0.0,1.0733201067114186,1.0
2012-05-24,1.0758623493651622,1.0402381877250921,1,1.0,5.0,0.0,1.0752451962309455,1.0
2012-05-25,1.0801984902093125,1.0444307494371934,1,1.0,5.0,0.0,1.079578849709575,1.0
2012-05-28,1.0774732237302542,1.0417957225074785,1,1.0,5.0,0.0,1.07685514654087,1.0
2012-05-29,1.076375478950152,1.040734326464284,1,1.0,5.0,0.0,1.0757580314664472,1.0
2012-05-30,1.0756772701827901,1.0400592369203077,1,1.0,5.0,0.0,1.0750602232166138,1.0
2012-05-31,1.0765860187607872,1.0409378948400976,1,1.0,5.0,0.0,1.0759684505039147,1.0
2012-06-01,1.0771011068556433,1.0414359272385991,1,1.0,5.0,0.0,1.0764832431258113,1.0
2012-06-04,1.0770668329329818,1.0414027882006758,1,1.0,5.0,0.0,1.0764489888638982,1.0
2012-06-05,1.076244258789105,1.0406074512905212,1,1.0,5.0,0.0,1.0756268865779792,1.0
2012-06-06,1.0758897685032915,1.040264698955431,1,1.0,5.0,0.0,1.0752725996404762,1.0
2012-06-07,1.0754412697438922,1.0398310509734656,1,1.0,5.0,0.0,1.0748243581560109,1.0
2012-06-08,1.0796471696819285,1.0438976843414587,1,1.0,5.0,0.0,1.0790278454393705,1.0
2012-06-11,1.077346899843873,1.0416735814819904,1,1.0,5.0,0.0,1.0767288951183898,1.0
2012-06-12,1.0765458693085266,1.0408990748242446,1,1.0,5.0,0.0,1.0759283240828161,1.0
2012-06-13,1.0755871787289368,1.0399721285920525,1,1.0,5.0,0.0,1.0749701834424417,1.0
2012-06-14,1.0744629940656387,1.0388851681481746,1,1.0,5.0,0.0,1.0738466436516856,1.0
2012-06-15,1.0743660478272532,1.0387914320123348,1,1.0,5.0,0.0,1.073749753025131,1.0
2012-06-18,1.0730509084519837,1.0375198397857421,1,1.0,5.0,0.0,1.0724353680608583,1.0
2012-06-19,1.072779654835491,1.0372575679713223,1,1.0,5.0,0.0,1.0721642700451444,1.0
2012-06-20,1.0727071899704352,1.037187502576856,1,1.0,5.0,0.0,1.0720918467485276,1.0
2012-06-21,1.072863870759745,1.0373389953216476,1,1.0,5.0,0.0,1.0722484376601316,1.0
2012-06-25,1.0753639086041704,1.0397562514307246,1,1.0,5.0,0.0,1.0747470413934064,1.0
2012-06-26,1.0760533040771338,1.0404228195078067,1,1.0,5.0,0.0,1.0754360414044624,1.0
2012-06-27,1.0780010421392419,1.0423060636914945,1,1.0,5.0,0.0,1.0773826621743345,1.0
2012-06-28,1.078805010439388,1.0430834108382052,1,1.0,5.0,0.0,1.0781861692895007,1.0
2012-06-29,1.0799213610632208,1.0441627966448435,1,1.0,5.0,0.0,1.0793018795346765,1.0
2012-07-02,1.0795345553646118,1.0437887989311398,1,1.0,5.0,0.0,1.078915295721655,1.0
2012-07-03,1.0800848966370629,1.0443209171972196,1,1.0,5.0,0.0,1.0794653212986627,1.0
2012-07-04,1.0795649122675408,1.0438181506504434,1,1.0,5.0,0.0,1.078945635210778,1.0
2012-07-05,1.079949759456283,1.0441902547048372,1,0.2,3.0,2.0,1.0793302616374045,1.0
2012-07-06,1.0816771651584243,1.0458604622161618,1,0.2,3.0,2.0,1.0808846104215377,0.2
2012-07-09,1.0840244392332723,1.0481300128990674,1,0.2,3.0,2.0,1.081363594198446,0.2
2012-07-10,1.0849625654592652,1.049037075708506,1,0.2,3.0,2.0,1.0815550278481243,0.2
2012-07-11,1.085905587959924,1.0499488726662192,1,0.2,3.0,2.0,1.0817474606295856,0.2
2012-07-12,1.0866057552371524,1.0506258558695054,1,-1.0,0.0,5.0,1.0818903364745962,0.2
2012-07-13,1.0858364285942737,1.0503020401275136,-1,-1.0,0.0,5.0,1.0815606203537464,-1.0
2012-07-16,1.0869435229973612,1.0492311757877697,-1,-1.0,0.0,5.0,1.0826670796878763,-1.0
2012-07-17,1.0884147545515968,1.047808090816386,-1,-1.0,0.0,5.0,1.0841374672910569,-1.0
2012-07-18,1.0893515267388247,1.0469019748366026,-1,-1.0,0.0,5.0,1.0850737021122439,-1.0
2012-07-19,1.0896588898180197,1.0466046703249494,-1,-1.0,0.0,5.0,1.08538088887698,-1.0
2012-07-20,1.088780849429364,1.0474539765254363,-1,-1.0,0.0,5.0,1.0845033521637046,-1.0
2012-07-23,1.0888581796308174,1.0473791769826954,-1,-1.0,0.0,5.0,1.0845806380057879,-1.0
2012-07-24,1.0887377794437443,1.0474956370302537,-1,-1.0,0.0,5.0,1.0844603068845697,-1.0
2012-07-25,1.0886858996883388,1.047545819001966,-1,-1.0,0.0,5.0,1.0844084568892478,-1.0
2012-07-26,1.0894200471704925,1.0468356967607564,-1,-1.0,0.0,5.0,1.0851421832381403,-1.0
2012-07-27,1.0888885243934132,1.0473498252633922,-1,-1.0,0.0,5.0,1.0846109653615423,-1.0
2012-07-30,1.0891146418179165,1.0471311076130996,-1,-0.2,2.0,3.0,1.084836953077001,-1.0
2012-07-31,1.0896843402640677,1.0465800527539209,-1,-0.2,2.0,3.0,1.0852343275200886,-0.2
2012-08-01,1.0897479663791876,1.0465185088263496,-1,-0.2,2.0,3.0,1.0852473458337453,-0.2
2012-08-02,1.0898644511130227,1.046405836097411,-1,-0.2,2.0,3.0,1.0852711793618242,-0.2
2012-08-03,1.090423382062769,1.0458651963644368,-1,-0.2,2.0,3.0,1.0853855402402535,-0.2
2012-08-06,1.0904468747821978,1.045842472452718,-1,-0.2,2.0,3.0,1.0853903470022188,-0.2
2012-08-07,1.091182001127661,1.0451314033818533,-1,-0.2,2.0,3.0,1.0855407585953891,-0.2
2012-08-08,1.0922714759911767,1.0440775819758985,-1,0.6,4.0,1.0,1.085763672181539,-0.2
2012-08-09,1.0923902860391723,1.043542623220854,1,0.6,4.0,1.0,1.085701967938387,0.6
2012-08-10,1.0927312417204604,1.0438683326221554,1,0.6,4.0,1.0,1.085905961947172,0.6
2012-08-13,1.0933239495617693,1.0444345367558132,1,-0.2,2.0,3.0,1.086260579439187,0.6
2012-08-14,1.0927697984754237,1.0443228108565297,-1,-0.2,2.0,3.0,1.0860191652283842,-0.2
2012-08-15,1.0934554001434187,1.0436676047353068,-1,-0.2,2.0,3.0,1.0861466093170695,-0.2
2012-08-16,1.0941013716571941,1.043050271800282,-1,-0.2,2.0,3.0,1.086266686695426,-0.2
2012-08-17,1.0942935779051581,1.0428665868472227,-1,-0.2,2.0,3.0,1.0863024152405198,-0.2
2012-08-20,1.0957678196421181,1.041457704320663,-1,-0.2,2.0,3.0,1.0865764568647447,-0.2
2012-08-21,1.0966594981120537,1.0406055576312114,-1,-1.0,0.0,5.0,1.086742207847139,-0.2
2012-08-22,1.098594440391814,1.0387563993151017,-1,-1.0,0.0,5.0,1.086926775467155,-1.0
2012-08-23,1.0988044802091763,1.0385556714282533,-1,-1.0,0.0,5.0,1.0871350110778344,-1.0
2012-08-24,1.0967001190201286,1.0405667376153585,-1,-1.0,0.0,5.0,1.0850487259972543,-1.0
2012-08-27,1.0958817563354988,1.0413488189103441,-1,-1.0,0.0,5.0,1.084237392910362,-1.0
2012-08-28,1.0960997221837052,1.041140516386256,-1,-1.0,0.0,5.0,1.084453486468614,-1.0
2012-08-29,1.0965534874495169,1.0407068684042906,-1,-1.0,0.0,5.0,1.084903353967157,-1.0
2012-08-30,1.0971221801625648,1.0401633881823518,-1,-1.0,0.0,5.0,1.085467161705506,-1.0
2012-08-31,1.096768481036157,1.0405014063691673,-1,-1.0,0.0,5.0,1.0851165007950696,-1.0
2012-09-03,1.096885389991104,1.0403896804698836,-1,-1.0,0.0,5.0,1.0852324055217686,-1.0
2012-09-04,1.0968130649596537,1.0404587990346947,-1,-1.0,0.0,5.0,1.0851607017501668,-1.0
2012-09-05,1.0974283231039093,1.0398708178189733,-1,-1.0,0.0,5.0,1.0857706749305058,-1.0
2012-09-06,1.0975373060280125,1.0397666665569292,-1,-1.0,0.0,5.0,1.0858787217096317,-1.0
2012-09-07,1.0999527639276825,1.0374582958581706,-1,-1.0,0.0,5.0,1.088273431232445,-1.0
2012-09-10,1.1037929258715382,1.0337883841156,-1,-1.0,0.0,5.0,1.0920806068314697,-1.0
2012-09-11,1.104146624997946,1.0334503659287841,-1,-1.0,0.0,5.0,1.0924312677419064,-1.0
2012-09-12,1.106640352452199,1.031067195687285,-1,-1.0,0.0,5.0,1.0949035744970006,-1.0
2012-09-13,1.10655019385135,1.0311533571858849,-1,-0.2,2.0,3.0,1.0948141903433597,-1.0
2012-09-14,1.1108887049845142,1.0270071901268765,-1,-0.2,2.0,3.0,1.0989440634363783,-0.2
2012-09-17,1.1112453763724883,1.0266663314510958,-1,-0.2,2.0,3.0,1.0990132851500942,-0.2
2012-09-18,1.1101416765774792,1.0277210996867057,-1,-0.2,2.0,3.0,1.098799082402651,-0.2
2012-09-19,1.1097037633733555,1.028139598394192,-1,-0.2,2.0,3.0,1.0987140935208113,-0.2
2012-09-20,1.10850495120822,1.0292852622766766,-1,-0.2,2.0,3.0,1.0984814316497107,-0.2
2012-09-21,1.1076588474156366,1.0300938548020004,-1,-0.2,2.0,3.0,1.0983172223621738,-0.2
2012-09-24,1.1078460998943231,1.0299149039972155,-1,-0.2,2.0,3.0,1.0983535637618747,-0.2
2012-09-25,1.1069108282547462,1.0308087111914848,-1,-1.0,0.0,5.0,1.0981720490459086,-0.2
2012-09-26,1.1062490046792828,1.0314411934009886,-1,-1.0,0.0,5.0,1.0978687085829537,-1.0
2012-09-27,1.104760892388346,1.0328633315427176,-1,-1.0,0.0,5.0,1.0963741800664246,-1.0
2012-09-28,1.1042149870139744,1.0333850346825928,-1,-1.0,0.0,5.0,1.095825920936859,-1.0
2012-09-29,1.1043219884303668,1.0332827770798585,-1,-1.0,0.0,5.0,1.0959333837063565,-1.0
2012-10-08,1.1060171682770996,1.031662751540246,-1,-1.0,0.0,5.0,1.0976358725823758,-1.0
2012-10-09,1.106855346038839,1.0308617336521617,-1,-1.0,0.0,5.0,1.0984776642767722,-1.0
2012-10-10,1.1075151881065914,1.0302311451019674,-1,-1.0,0.0,5.0,1.0991403513553397,-1.0
2012-10-11,1.1070772749024675,1.0306496438094537,-1,-1.0,0.0,5.0,1.098700550020915,-1.0
2012-10-12,1.1063976177576054,1.0312991689527466,-1,-1.0,0.0,5.0,1.0980179624294777,-1.0
2012-10-15,1.1061073268779487,1.0315765900416458,-1,-1.0,0.0,5.0,1.097726419915934,-1.0
2012-10-16,1.1075944484150302,1.030155398729572,-1,-1.0,0.0,5.0,1.0992199534068194,-1.0
2012-10-17,1.108245373698083,1.0295333316462725,-1,-1.0,0.0,5.0,1.0998736852545952,-1.0
2012-10-18,1.109324304646705,1.0285022341520362,-1,-1.0,0.0,5.0,1.100957268180361,-1.0
2012-10-19,1.1098048202666149,1.0280430217693872,-1,-1.0,0.0,5.0,1.1014398556174558,-1.0
2012-10-22,1.1096225215572058,1.0282172384258972,-1,-1.0,0.0,5.0,1.1012567708990528,-1.0
2012-10-23,1.11037846674894,1.0274948073991732,-1,-1.0,0.0,5.0,1.1020159754650394,-1.0
2012-10-24,1.1107073970289607,1.0271804599537313,-1,-1.0,0.0,5.0,1.1023463239786795,-1.0
2012-10-25,1.1111700790794716,1.0267382905048716,-1,-1.0,0.0,5.0,1.1028110009541916,-1.0
2012-10-26,1.111731836515531,1.0262014380905173,-1,-1.0,0.0,5.0,1.1033751804940528,-1.0
2012-10-29,1.1118309119010794,1.0261067551250225,-1,-1.0,0.0,5.0,1.1034746830584024,-1.0
2012-10-30,1.1115723251447982,1.0263538776649637,-1,-0.6,1.0,4.0,1.1032149813654502,-1.0
2012-10-31,1.1119071999479517,1.0260338492415917,-1,0.2,3.0,2.0,1.103464892486465,-0.6
2012-11-01,1.1128067063837126,1.0247565760370696,1,0.2,3.0,2.0,1.1040943116249793,0.2
2012-11-02,1.1126452814843064,1.024607923781243,1,0.2,3.0,2.0,1.1040609779656774,0.2
2012-11-05,1.113075062426675,1.0250036985770103,1,0.2,3.0,2.0,1.1041497261796147,0.2
2012-11-06,1.113119274341799,1.0250444122521731,1,0.2,3.0,2.0,1.1041588557805697,0.2
2012-11-07,1.1131963881472478,1.025115424476294,1,0.2,3.0,2.0,1.1041747795031662,0.2
2012-11-08,1.1139192015503223,1.025781045723721,1,0.2,3.0,2.0,1.1043240378629697,0.2
2012-11-09,1.1144754491336273,1.0262932805670468,1,0.2,3.0,2.0,1.104438900981965,0.2
2012-11-12,1.1146204230878711,1.0264267835483945,1,0.2,3.0,2.0,1.1044688375804466,0.2
2012-11-13,1.1151221769153254,1.0268888364200082,1,0.2,3.0,2.0,1.1045724479354735,0.2
2012-11-14,1.1162727148926235,1.0279483388038926,1,0.2,3.0,2.0,1.1048100298766121,0.2
2012-11-15,1.116864948918471,1.0284937126851417,1,0.2,3.0,2.0,1.1049323240661522,0.2
2012-11-16,1.118215982789936,1.0297378468517406,1,0.2,3.0,2.0,1.1052113076860413,0.2
2012-11-19,1.1191865885545198,1.0306316540460099,1,0.2,3.0,2.0,1.1054117342744545,0.2
2012-11-20,1.1187783994776768,1.030255762672996,1,0.2,3.0,2.0,1.1053274447028443,0.2
2012-11-21,1.1183856331619237,1.0298940737448068,1,0.2,3.0,2.0,1.105246339875753,0.2
2012-11-22,1.1176083260029985,1.0291782705256676,1,1.0,5.0,0.0,1.1050858287519816,0.2
2012-11-23,1.1174510138398828,1.029033405588461,1,1.0,5.0,0.0,1.1048785185746826,1.0
2012-11-26,1.1165667755374018,1.0282191320852072,1,1.0,5.0,0.0,1.1040042288800005,1.0
2012-11-27,1.116054739869221,1.027747610917044,1,1.0,5.0,0.0,1.1034979541498244,1.0
2012-11-28,1.1161678401172128,1.0278517621790881,1,1.0,5.0,0.0,1.1036097819014696,1.0
2012-11-29,1.1168968226247233,1.0285230644044447,1,1.0,5.0,0.0,1.1043305625916204,1.0
2012-11-30,1.1171086285436895,1.0287181113133639,1,1.0,5.0,0.0,1.1045399854719744,1.0
2012-12-03,1.1167014676509193,1.0283431667700051,1,1.0,5.0,0.0,1.1041374055660511,1.0
2012-12-04,1.116179150142012,1.0278621773052925,1,1.0,5.0,0.0,1.1036209646766342,1.0
2012-12-05,1.11579460929884,1.0275080630143427,1,1.0,5.0,0.0,1.10324075032104,1.0
2012-12-06,1.1148291444546197,1.0266189899683487,1,1.0,5.0,0.0,1.1022861479683583,1.0
2012-12-07,1.1147438051765894,1.0265404031069878,1,1.0,5.0,0.0,1.1022017688466623,1.0
2012-12-10,1.1145093792080247,1.0263245259456601,1,1.0,5.0,0.0,1.101969980415979,1.0
2012-12-11,1.1146677195552133,1.0264703377125217,1,1.0,5.0,0.0,1.1021265392682824,1.0
2012-12-12,1.1145936903019822,1.0264021659773659,1,1.0,5.0,0.0,1.1020533429217512,1.0
2012-12-13,1.1145649011479482,1.0263756547470273,1,1.0,5.0,0.0,1.1020248776758776,1.0
2012-12-14,1.1139222861025404,1.025783886212686,1,1.0,5.0,0.0,1.1013894927233472,1.0
2012-12-17,1.1140148226690791,1.0258691008816312,1,1.0,5.0,0.0,1.1014809881565115,1.0
2012-12-18,1.1138688205307625,1.0257346510706289,1,1.0,5.0,0.0,1.1013366286952968,1.0
2012-12-19,1.113358841230727,1.0252650235617755,1,1.0,5.0,0.0,1.1008323871969685,1.0
2012-12-20,1.1127162261853194,1.0246732550274342,1,1.0,5.0,0.0,1.100197002244438,1.0
2012-12-21,1.112673042454268,1.0246334881819266,1,1.0,5.0,0.0,1.1001543043756281,1.0
2012-12-24,1.1127182825534645,1.0246751486867443,1,1.0,5.0,0.0,1.1001990354762863,1.0
2012-12-25,1.113010286830098,1.0249440483087489,1,1.0,5.0,0.0,1.100487754398716,1.0
2012-12-26,1.1130606678496577,1.0249904429618413,1,1.0,5.0,0.0,1.1005375685789942,1.0
2012-12-27,1.1140014562761347,1.0258567920961168,1,1.0,5.0,0.0,1.101467772149499,1.0
2012-12-28,1.114145402046306,1.0259893482478093,1,1.0,5.0,0.0,1.1016100983788657,1.0
2012-12-31,1.1141166128922715,1.025962837017471,1,1.0,5.0,0.0,1.1015816331329922,1.0
2013-01-04,1.1126031259373275,1.0245691037653901,1,1.0,5.0,0.0,1.1000851744927926,1.0
2013-01-05,1.1129311166565037,1.024871142425318,1,1.0,5.0,0.0,1.1004094749725641,1.0
2013-01-06,1.11304216053635,1.0249734000280522,1,0.6,4.0,1.0,1.1005192694923616,1.0
2013-01-07,1.11329406563415,1.025205373293514,1,0.6,4.0,1.0,1.1006800422322383,0.6
2013-01-08,1.1136703810047406,1.0255519129472241,1,0.6,4.0,1.0,1.1009028910524585,0.6
2013-01-09,1.114065203688639,1.0259154955347234,1,0.6,4.0,1.0,1.1011366996507221,0.6
2013-01-10,1.1131161897895812,1.0250415717632084,1,0.6,4.0,1.0,1.100574706587708,0.6
2013-01-11,1.1124242219086862,1.0244043554054296,1,0.6,4.0,1.0,1.1001649326641885,0.6
2013-01-14,1.1123974891227972,1.024379737834401,1,-0.2,2.0,3.0,1.100149101873681,0.6
2013-01-15,1.1120841740299539,1.024500932030234,-1,-0.2,2.0,3.0,1.1000497512077687,-0.2
2013-01-16,1.111915619277427,1.0246562120936453,-1,-0.2,2.0,3.0,1.1000152531777885,-0.2
2013-01-17,1.1116103707316924,1.0249374205011643,-1,-0.2,2.0,3.0,1.0999527780869098,-0.2
2013-01-18,1.1106915417758445,1.025783886212686,-1,-0.2,2.0,3.0,1.099764721752749,-0.2
2013-01-21,1.1105661534843307,1.0258993994305894,-1,-0.2,2.0,3.0,1.0997390585841056,-0.2
2013-01-22,1.1106422086775443,1.0258293340361233,-1,-0.2,2.0,3.0,1.0997546247683647,-0.2
2013-01-23,1.110154016558945,1.0262790781222226,-1,-0.2,2.0,3.0,1.0996547066937272,-0.2
2013-01-24,1.110858040982609,1.0256304998085848,-1,-0.2,2.0,3.0,1.0997987990750469,-0.2
2013-01-25,1.1109073740809094,1.0255850519851475,-1,1.0,5.0,0.0,1.0998088960594312,-0.2
2013-01-28,1.1108429053263085,1.0252347250128173,1,1.0,5.0,0.0,1.0996212481666474,1.0
2013-01-29,1.110576173684702,1.0249885493025315,1,1.0,5.0,0.0,1.0993572110293863,1.0
2013-01-30,1.110604898630721,1.0250150605328698,1,1.0,5.0,0.0,1.0993856457980145,1.0
2013-01-31,1.1102314743324717,1.0246704145384693,1,1.0,5.0,0.0,1.099015993805849,1.0
2013-02-01,1.1111106628588445,1.025481847552758,1,1.0,5.0,0.0,1.0998863008313593,1.0
2013-02-04,1.1111055334041982,1.0254771134044833,1,1.0,5.0,0.0,1.0998812231941042,1.0
2013-02-05,1.1114420256289943,1.0257876735313058,1,1.0,5.0,0.0,1.1002143161980338,1.0
2013-02-06,1.1115415370491322,1.0258795160078356,1,1.0,5.0,0.0,1.100312822360781,1.0
2013-02-07,1.111416378355763,1.025764002789932,1,1.0,5.0,0.0,1.1001889280117585,1.0
2013-02-08,1.1115938574865243,1.0259278043202378,1,1.0,5.0,0.0,1.1003646142607821,1.0
2013-02-16,1.1114994755210328,1.0258406959919828,1,1.0,5.0,0.0,1.10027118573529,1.0
2013-02-17,1.1118913658560086,1.026202384920172,1,1.0,5.0,0.0,1.1006591172215732,1.0
2013-02-18,1.1117456893440543,1.0260679351091697,1,1.0,5.0,0.0,1.1005149123235305,1.0
2013-02-19,1.111656436833209,1.0259855609291895,1,1.0,5.0,0.0,1.1004265614352935,1.0
2013-02-20,1.1130454931514222,1.0272675682819865,1,1.0,5.0,0.0,1.101801585603953,1.0
2013-02-21,1.1129059719850432,1.0271387994489138,1,1.0,5.0,0.0,1.1016634738706164,1.0
2013-02-22,1.1123745604836883,1.0266483416876517,1,1.0,5.0,0.0,1.1011374306509962,1.0
2013-02-25,1.111449206865499,1.0257943013388904,1,1.0,5.0,0.0,1.1002214248901905,1.0
2013-02-26,1.111656436833209,1.0259855609291895,1,1.0,5.0,0.0,1.1004265614352935,1.0
2013-02-27,1.11166874752436,1.0259969228850487,1,0.2,3.0,2.0,1.1004387477647053,1.0
2013-02-28,1.1112019671515483,1.0255661153920483,1,-1.0,0.0,5.0,1.0998021090043415,0.2
2013-03-01,1.111124697317538,1.025905080408519,-1,-1.0,0.0,5.0,1.0996117549388713,-1.0
2013-03-04,1.1109575439707828,1.0260594136422754,-1,-1.0,0.0,5.0,1.099446290163508,-1.0
2013-03-05,1.1104612113337922,1.026517679195269,-1,-1.0,0.0,5.0,1.0989549714440232,-1.0
2013-03-06,1.110600676702864,1.0263889103621964,-1,-1.0,0.0,5.0,1.0990930279437132,-1.0
2013-03-07,1.1110672704008613,1.025958102869196,-1,-1.0,0.0,5.0,1.0995549081448814,-1.0
2013-03-08,1.1113656852714489,1.0256825754396068,-1,-1.0,0.0,5.0,1.0998503084493652,-1.0
2013-03-11,1.1114415708399144,1.0256125100451408,-1,-1.0,0.0,5.0,1.0999254274271375,-1.0
2013-03-12,1.1114877174693867,1.0255699027106682,-1,-1.0,0.0,5.0,1.099971107886594,-1.0
2013-03-13,1.1113256915259062,1.0257195017961496,-1,-1.0,0.0,5.0,1.0998107187178365,-1.0
2013-03-14,1.1116866607164448,1.0253862177576085,-1,-1.0,0.0,5.0,1.1001680414229162,-1.0
2013-03-15,1.1118497121405804,1.0252356718424722,-1,-1.0,0.0,5.0,1.1003294457129948,-1.0
2013-03-18,1.112090700094491,1.02501316687356,-1,-1.0,0.0,5.0,1.1005679992234885,-1.0
2013-03-19,1.1118497121405804,1.0252356718424722,-1,-1.0,0.0,5.0,1.1003294457129948,-1.0
2013-03-20,1.1115297621762392,1.0255310826948154,-1,-1.0,0.0,5.0,1.100012727860765,-1.0
2013-03-21,1.1117102467715085,1.0253644406755449,-1,-1.0,0.0,5.0,1.100191389213305,-1.0
2013-03-22,1.1117799794560446,1.0253000562590087,-1,-1.0,0.0,5.0,1.1002604174631498,-1.0
2013-03-25,1.1116630746613814,1.0254079948396724,-1,-1.0,0.0,5.0,1.1001446936325276,-1.0
2013-03-26,1.1117851068593192,1.025295322110734,-1,-1.0,0.0,5.0,1.1002654930697564,-1.0
2013-03-27,1.111699991964959,1.0253739089720944,-1,0.6,4.0,1.0,1.1001812380000924,-1.0
2013-03-28,1.1106762343881926,1.0259088677271389,1,1.0,5.0,0.0,1.0992561274314379,0.6
2013-03-29,1.1105952544131883,1.025834068184398,1,1.0,5.0,0.0,1.099119909949918,1.0
2013-04-01,1.1123122348958745,1.0274200078564328,1,1.0,5.0,0.0,1.1008191495477975,1.0
2013-04-02,1.1140466414491315,1.0290220436326014,1,1.0,5.0,0.0,1.1025356351595061,1.0
2013-04-03,1.1147303584532817,1.0296535790124506,1,1.0,5.0,0.0,1.1032122875844528,1.0
2013-04-07,1.116208499262854,1.0310189073748826,1,1.0,5.0,0.0,1.1046751553457317,1.0
2013-04-08,1.1155709100925668,1.0304299793295062,1,1.0,5.0,0.0,1.1040441541338626,1.0
2013-04-09,1.115890729740685,1.0307253901818492,1,1.0,5.0,0.0,1.1043606692111987,1.0
2013-04-10,1.1163499579533678,1.0311495698672652,1,1.0,5.0,0.0,1.104815152399169,1.0
2013-04-11,1.1161408451065211,1.0309564166176561,1,1.0,5.0,0.0,1.1046082002332183,1.0
2013-04-12,1.1160824165169612,1.0309024473273243,1,1.0,5.0,0.0,1.1045503753633201,1.0
2013-04-15,1.118598946119943,1.0332269141302168,1,1.0,5.0,0.0,1.1070409026545405,1.0
2013-04-16,1.1214947490235783,1.0359017079054393,1,1.0,5.0,0.0,1.1099067843643968,1.0
2013-04-17,1.1206993001551815,1.0351669680932014,1,1.0,5.0,0.0,1.109119554556663,1.0
2013-04-18,1.1191494049373776,1.0337353616549227,1,1.0,5.0,0.0,1.107585673797264,1.0
2013-04-19,1.1182094221895427,1.0328671188613374,1,1.0,5.0,0.0,1.1066554035218872,1.0
2013-04-22,1.1163981359131805,1.0311940708610476,1,1.0,5.0,0.0,1.1048628325550498,1.0
2013-04-23,1.1182001966227701,1.0328585973944429,1,1.0,5.0,0.0,1.106646273279272,1.0
2013-04-24,1.1189413171535056,1.033543155234969,1,1.0,5.0,0.0,1.107379736102715,1.0
2013-04-25,1.120031984158627,1.0345505819878316,1,-0.2,2.0,3.0,1.108459133674144,1.0
2013-04-26,1.1197633752301244,1.034716277177447,-1,-0.2,2.0,3.0,1.1083691730361083,-0.2
2013-04-27,1.1193197004674689,1.0351262544180386,-1,-0.2,2.0,3.0,1.1082785059766767,-0.2
2013-04-28,1.119764399883156,1.0347153303477918,-1,-1.0,0.0,5.0,1.108369382428855,-0.2
2013-05-02,1.1177171431261455,1.0366070959983742,-1,-1.0,0.0,5.0,1.107774821474131,-1.0
2013-05-03,1.1174425361136935,1.0368608463458997,-1,-1.0,0.0,5.0,1.1075030518680584,-1.0
2013-05-06,1.1187633138713444,1.0356403829206744,-1,-1.0,0.0,5.0,1.108810182548011,-1.0
2013-05-07,1.1180419581371426,1.0363069509977563,-1,-1.0,0.0,5.0,1.108096280299224,-1.0
2013-05-08,1.1184928054710188,1.03589034594958,-1,-1.0,0.0,5.0,1.1085424692047159,-1.0
2013-05-09,1.1181556946236433,1.0362018529060573,-1,-1.0,0.0,5.0,1.1082088415912914,-1.0
2013-05-10,1.1178319042656777,1.03650105107702,-1,-1.0,0.0,5.0,1.1078883968318927,-1.0
2013-05-13,1.1178206330823306,1.0365114662032247,-1,-1.0,0.0,5.0,1.107877242109255,-1.0
2013-05-14,1.1177417347989023,1.0365843720866557,-1,-1.0,0.0,5.0,1.107799159050794,-1.0
2013-05-15,1.1176525899851586,1.036666746266636,-1,-1.0,0.0,5.0,1.1077109353353898,-1.0
2013-05-16,1.1173451940756975,1.0369507951631194,-1,-1.0,0.0,5.0,1.1074067156271001,-1.0
2013-05-17,1.11778681953229,1.0365427115818378,-1,-1.0,0.0,5.0,1.1078437779413435,-1.0
2013-05-20,1.1182386915191977,1.0361251597040066,-1,-1.0,0.0,5.0,1.1082909809125296,-1.0
2013-05-21,1.1181331522569493,1.036222683158466,-1,-1.0,0.0,5.0,1.1081865321460167,-1.0
2013-05-22,1.1178616192035922,1.0364735930170268,-1,-1.0,0.0,5.0,1.1079178047370273,-1.0
2013-05-23,1.1182427901313239,1.0361213723853868,-1,-1.0,0.0,5.0,1.1082950371753069,-1.0
2013-05-24,1.117817559123236,1.0365143066921894,-1,-1.0,0.0,5.0,1.1078741999121722,-1.0
2013-05-27,1.1178083372459522,1.036522828159084,-1,-1.0,0.0,5.0,1.1078650733209237,-1.0
2013-05-28,1.1178103865520153,1.0365209344997741,-1,-1.0,0.0,5.0,1.107867101452312,-1.0
2013-05-29,1.1182940227829006,1.0360740309026397,-1,-1.0,0.0,5.0,1.1083457404600217,-1.0
2013-05-30,1.1188114725638267,1.035595881926892,-1,-1.0,0.0,5.0,1.108857843635643,-1.0
2013-05-31,1.1187428208107137,1.035659319513773,-1,-1.0,0.0,5.0,1.108789901234125,-1.0
2013-06-03,1.1197592766179982,1.0347200644960668,-1,-1.0,0.0,5.0,1.1097958544028703,-1.0
2013-06-04,1.12053391430984,1.0340042612769276,-1,-1.0,0.0,5.0,1.1105624880677614,-1.0
2013-06-05,1.1210400929074193,1.0335365274273842,-1,-1.0,0.0,5.0,1.1110634365207452,-1.0
2013-06-06,1.121312650613808,1.0332846707391685,-1,-1.0,0.0,5.0,1.111333177995429,-1.0
2013-06-07,1.122381363725701,1.0322971274090598,-1,-1.0,0.0,5.0,1.112390848514584,-1.0
2013-06-08,1.1227871263261895,1.031922182865701,-1,-1.0,0.0,5.0,1.1127924185295268,-1.0
2013-06-09,1.1192479747552615,1.0351925324938849,-1,-1.0,0.0,5.0,1.109289835621415,-1.0
2013-06-13,1.120701957407012,1.0338489812135163,-1,-1.0,0.0,5.0,1.1107287948416265,-1.0
2013-06-14,1.1221170032435646,1.0325414094600358,-1,-1.0,0.0,5.0,1.1121292195654546,-1.0
2013-06-17,1.122713351307919,1.0319903546008573,-1,-1.0,0.0,5.0,1.1127194057995369,-1.0
2013-06-18,1.1236980428712258,1.031080451302454,-1,-1.0,0.0,5.0,1.113693922931759,-1.0
2013-06-19,1.1289483650048204,1.0262288961505106,-1,-1.0,0.0,5.0,1.1188899955493516,-1.0
2013-06-20,1.138061629067309,1.0178077931994205,-1,-1.0,0.0,5.0,1.127909095834455,-1.0
2013-06-21,1.1348155282634003,1.0208073495462895,-1,-1.0,0.0,5.0,1.124696535714913,-1.0
2013-06-24,1.1347356053269404,1.0208812022593754,-1,-1.0,0.0,5.0,1.1246174385907577,-1.0
2013-06-25,1.1336474238074483,1.021886735352928,-1,-1.0,0.0,5.0,1.123540500823411,-1.0
2013-06-26,1.1279380571157251,1.0271624701902875,-1,-1.0,0.0,5.0,1.1178901267747723,-1.0
2013-06-27,1.126418496669956,1.0285666185685725,-1,-1.0,0.0,5.0,1.1163862673501255,-1.0
2013-06-28,1.1255219252673612,1.0293950945166503,-1,-1.0,0.0,5.0,1.115498959867613,-1.0
2013-07-01,1.1259205152966292,1.029026777780876,-1,-1.0,0.0,5.0,1.1158934314226956,-1.0
2013-07-02,1.1260496215786027,1.028907477244353,-1,-1.0,0.0,5.0,1.1160212037001773,-1.0
2013-07-03,1.126389806385073,1.0285931297989108,-1,-1.0,0.0,5.0,1.116357873510685,-1.0
2013-07-04,1.1262268865530587,1.0287436757140473,-1,-1.0,0.0,5.0,1.1161966370652912,-1.0
2013-07-05,1.1260936816589588,1.0288667635691902,-1,-1.0,0.0,5.0,1.1160648085250324,-1.0
2013-07-08,1.1271347291390004,1.027904784639765,-1,-1.0,0.0,5.0,1.117095099270441,-1.0
2013-07-09,1.1273673253771592,1.0276898543080923,-1,-1.0,0.0,5.0,1.1173252921830472,-1.0
2013-07-10,1.1315018003594102,1.0238693966503851,-1,-1.0,0.0,5.0,1.121417047259547,-1.0
2013-07-11,1.1329783253778547,1.0225050151176078,-1,-1.0,0.0,5.0,1.122878315925033,-1.0
2013-07-12,1.1338462064955666,1.0217030503998683,-1,-1.0,0.0,5.0,1.1237372295681052,-1.0
2013-07-15,1.134362631623461,1.0212258482537757,-1,-1.0,0.0,5.0,1.1242483186780323,-1.0
2013-07-16,1.1355563524052015,1.0201227917057634,-1,-1.0,0.0,5.0,1.1254297052118916,-1.0
2013-07-17,1.1389243869198629,1.017010562629956,-1,-1.0,0.0,5.0,1.1287629391490555,-1.0
2013-07-18,1.1392922373581846,1.0166706507838301,-1,-1.0,0.0,5.0,1.129126988733309,-1.0
2013-07-19,1.1402308195350723,1.0158033548198997,-1,-1.0,0.0,5.0,1.1300558729092878,-1.0
2013-07-22,1.142914385824667,1.013323607953596,-1,-1.0,0.0,5.0,1.132711710962659,-1.0
2013-07-23,1.144235163582318,1.0121031445283706,-1,-1.0,0.0,5.0,1.1340188416426116,-1.0
2013-07-24,1.1484393149707137,1.008218302454127,-1,-1.0,0.0,5.0,1.138179553186324,-1.0
2013-07-25,1.1426367048531207,1.0135801987900863,-1,-1.0,0.0,5.0,1.132436899159504,-1.0
2013-07-26,1.1425270669787464,1.0136815095631655,-1,-1.0,0.0,5.0,1.1323283941302136,-1.0
2013-07-29,1.143339616832755,1.0129306736467936,-1,-0.6,1.0,4.0,1.1331325482257935,-1.0
2013-07-30,1.142921558395888,1.0133169801460113,-1,-0.6,1.0,4.0,1.1326298629474743,-0.6
2013-07-31,1.1422350408647584,1.0139513560148252,-1,-0.6,1.0,4.0,1.1322288587085836,-0.6
2013-08-01,1.141238053465073,1.0148726212690877,-1,-0.6,1.0,4.0,1.1316465047915076,-0.6
2013-08-02,1.1408681537206882,1.0152144267745233,-1,-0.6,1.0,4.0,1.1314304413135383,-0.6
2013-08-05,1.1416171750867417,1.0145222942967576,-1,-0.6,1.0,4.0,1.131867954893582,-0.6
2013-08-06,1.1423006186587765,1.0138907589169088,-1,-0.6,1.0,4.0,1.1322671635911044,-0.6
2013-08-07,1.1459207178191961,1.0105456097459844,-1,-0.6,1.0,4.0,1.134381712809016,-0.6
2013-08-08,1.1498728045618338,1.0068936877668573,-1,-0.6,1.0,4.0,1.1366901804946896,-0.6
2013-08-09,1.1505675193172158,1.006251737260804,-1,-0.6,1.0,4.0,1.1370959728438954,-0.6
2013-08-12,1.1521844218009807,1.004757640065299,-1,-0.6,1.0,4.0,1.1380404276035514,-0.6
2013-08-13,1.1573476484268947,0.999986565434026,-1,-0.6,1.0,4.0,1.141056338588283,-0.6
2013-08-14,1.1600506831240889,0.9974888288042784,-1,-0.6,1.0,4.0,1.1426352179646913,-0.6
2013-08-15,1.1612146889679147,0.9964132303162596,-1,-0.6,1.0,4.0,1.1433151296294373,-0.6
2013-08-16,1.1604380019700098,0.9971309271947089,-1,-0.6,1.0,4.0,1.1428614561770805,-0.6
2013-08-19,1.1640007205606633,0.9938388004844614,-1,-0.6,1.0,4.0,1.1449424886227861,-0.6
2013-08-20,1.1676013513134837,0.990511641076981,-1,-1.0,0.0,5.0,1.1470456660786994,-0.6
2013-08-21,1.1661504426208276,0.9918523518683846,-1,-1.0,0.0,5.0,1.1461093424437327,-1.0
2013-08-22,1.1661012592753137,0.991897799691822,-1,-1.0,0.0,5.0,1.1460602627476624,-1.0
2013-08-23,1.1634156436796557,0.9943794402174356,-1,-1.0,0.0,5.0,1.1433803068434865,-1.0
2013-08-26,1.1617618536867553,0.9959076232805185,-1,-1.0,0.0,5.0,1.14173000206312,-1.0
2013-08-27,1.162475012196705,0.9952486298406761,-1,0.2,3.0,2.0,1.1424416576561405,-1.0
2013-08-28,1.1651687826044623,0.9923456501186113,1,1.0,5.0,0.0,1.1453093909751497,0.2
2013-08-29,1.1646396010782698,0.9918949592028572,1,1.0,5.0,0.0,1.1450131334303084,1.0
2013-08-30,1.1650420458523911,0.9922377115379476,1,1.0,5.0,0.0,1.1454087962185415,1.0
2013-09-02,1.1644350435135231,0.9917207425463471,1,1.0,5.0,0.0,1.144812023062809,1.0
2013-09-03,1.1644884063565004,0.9917661903697844,1,1.0,5.0,0.0,1.1448644866369388,1.0
2013-09-04,1.1629575597985862,0.9904624059349237,1,1.0,5.0,0.0,1.1433594378540748,1.0
2013-09-05,1.1631510001043792,0.9906271542948843,1,1.0,5.0,0.0,1.1435496183102971,1.0
2013-09-06,1.163852499144353,0.9912246038071554,1,1.0,5.0,0.0,1.1442392957118859,1.0
2013-09-09,1.1622293793371237,0.9898422325109341,1,1.0,5.0,0.0,1.142643528665421,1.0
2013-09-10,1.1604117074982059,0.9882941660250973,1,1.0,5.0,0.0,1.1408564881716061,1.0
2013-09-11,1.1574578517942276,0.9857784396319057,1,1.0,5.0,0.0,1.137952410745266,1.0
2013-09-12,1.1561248924456877,0.9846431908756254,1,1.0,5.0,0.0,1.136641914383135,1.0
2013-09-13,1.1554734210710054,0.984088348697827,1,1.0,5.0,0.0,1.1360014215822938,1.0
2013-09-16,1.1561549090448624,0.9846687552763088,1,1.0,5.0,0.0,1.136671425143583,1.0
2013-09-17,1.1593411154609718,0.9873823690673843,1,1.0,5.0,0.0,1.1398039377156164,1.0
2013-09-18,1.1599992571910265,0.9879428922231124,1,1.0,5.0,0.0,1.1404509884632237,1.0
2013-09-22,1.1653989098648025,0.9925416438571852,1,1.0,5.0,0.0,1.145759646370538,1.0
2013-09-23,1.1645717857986528,0.9918372025939055,1,1.0,5.0,0.0,1.1449464609715176,1.0
2013-09-24,1.1635834614776752,0.9909954710306583,1,1.0,5.0,0.0,1.1439747918589787,1.0
2013-09-25,1.16424160320773,0.9915559941863864,1,1.0,5.0,0.0,1.1446218426065862,1.0
2013-09-26,1.1661193082449974,0.9931551894735903,1,1.0,5.0,0.0,1.1464679046212978,1.0
2013-09-27,1.1653900160576396,0.9925340692199458,1,1.0,5.0,0.0,1.1457509024415162,1.0
2013-09-29,1.1650031354460533,0.9922045725000245,1,1.0,5.0,0.0,1.1453705415290714,1.0
2013-09-30,1.1654289264639772,0.9925672082578688,1,1.0,5.0,0.0,1.1457891571309864,1.0
2013-10-08,1.1652977428083244,0.992455482358585,1,1.0,5.0,0.0,1.1456601841779162,1.0
2013-10-09,1.164538434021792,0.9918087977042571,1,1.0,5.0,0.0,1.1449136712376862,1.0
2013-10-10,1.1651498832642413,0.9923295540144773,1,1.0,5.0,0.0,1.1455148163579296,1.0
2013-10-11,1.164888627678831,0.992107049045565,1,1.0,5.0,0.0,1.1452579634429167,1.0
2013-10-12,1.164918644278006,0.9921326134462486,1,1.0,5.0,0.0,1.145287474203365,1.0
2013-10-14,1.1619925817214116,0.9896405577944306,1,1.0,5.0,0.0,1.1424107215552177,1.0
2013-10-15,1.1608853027296302,0.9886975154581042,1,1.0,5.0,0.0,1.1413221023920128,1.0
2013-10-16,1.1597724651083723,0.9877497389735034,1,1.0,5.0,0.0,1.1402280182731697,1.0
2013-10-17,1.1589164361689432,0.9870206801391949,1,1.0,5.0,0.0,1.1393864151048285,1.0
2013-10-18,1.1578113806289527,0.9860795314621785,1,1.0,5.0,0.0,1.1382999819238795,1.0
2013-10-21,1.1570164966137686,0.9854025482588921,1,1.0,5.0,0.0,1.1375184932675626,1.0
2013-10-22,1.1562138305173169,0.9847189372480211,1,1.0,5.0,0.0,1.1367293536733523,1.0
2013-10-23,1.1548097207114738,0.9835230913938242,1,1.0,5.0,0.0,1.1353489058790474,1.0
2013-10-24,1.152838630698996,0.9818443624156048,1,1.0,5.0,0.0,1.1334110326096076,1.0
2013-10-25,1.152348359579141,0.9814268105377736,1,1.0,5.0,0.0,1.1329290235222849,1.0
2013-10-28,1.1522171759234883,0.98131508463849,1,1.0,5.0,0.0,1.1328000505692146,1.0
2013-10-29,1.1512221812471388,0.9804676720973133,1,1.0,5.0,0.0,1.1318218235099093,1.0
2013-10-30,1.1499325792085182,0.9793693496975759,1,1.0,5.0,0.0,1.1305539538017593,1.0
2013-10-31,1.1517858262760874,0.980947714732371,1,1.0,5.0,0.0,1.1323759700116611,1.0
2013-11-01,1.1534033874538403,0.9823253518803174,1,1.0,5.0,0.0,1.1339662721024875,1.0
2013-11-04,1.15255958749926,0.9816067081722134,1,1.0,5.0,0.0,1.133136691836551,1.0
2013-11-05,1.151085438962009,0.980351212049755,1,1.0,5.0,0.0,1.1316873856012004,1.0
2013-11-06,1.1494089563118024,0.9789233929300962,1,1.0,5.0,0.0,1.1300391549806053,1.0
2013-11-07,1.1443528269396932,0.9746172116594016,1,1.0,5.0,0.0,1.1250682313317548,1.0
2013-11-08,1.1420081970263736,0.9726203479171205,1,1.0,5.0,0.0,1.1227631130434026,1.0
2013-11-11,1.1351755296734751,0.9668011328578221,1,1.0,5.0,0.0,1.116045589572463,1.0
2013-11-12,1.1350065473373798,0.9666572147502702,1,1.0,5.0,0.0,1.1158794549210502,1.0
2013-11-13,1.1302528074088094,0.962608571145721,1,1.0,5.0,0.0,1.1112058248589385,1.0
2013-11-14,1.127368990436239,0.9601524950207909,1,0.2,3.0,2.0,1.1083706058736442,1.0
2013-11-15,1.1222317050737682,0.9557771951852853,1,0.2,3.0,2.0,1.1031429309824536,0.2
2013-11-18,1.120188352878092,0.9540369222794944,1,-0.6,1.0,4.0,1.1027450776903829,0.2
2013-11-19,1.1168877080525845,0.9516064105552479,-1,-0.6,1.0,4.0,1.102011372495006,-0.6
2013-11-20,1.1207105157036856,0.9483493165422336,-1,-0.6,1.0,4.0,1.1043138830337464,-0.6
2013-11-21,1.1209072124927104,0.9481817276933081,-1,-0.6,1.0,4.0,1.1044323552329782,-0.6
2013-11-22,1.1152174522678158,0.9530294955266317,-1,-0.6,1.0,4.0,1.1010053628032248,-0.6
2013-11-25,1.1154452649330702,0.9528353954473678,-1,-0.6,1.0,4.0,1.1011425763673066,-0.6
2013-11-26,1.1151474415462983,0.9530891457948935,-1,-0.6,1.0,4.0,1.1009631947323117,-0.6
2013-11-27,1.1120925292692991,0.9556919805163402,-1,-0.6,1.0,4.0,1.099123194304696,-0.6
2013-11-28,1.106311643978303,0.9606173883813695,-1,-0.6,1.0,4.0,1.09564131644931,-0.6
2013-11-29,1.1006496657857563,0.9654414854733195,-1,-0.6,1.0,4.0,1.0922310573810299,-0.6
2013-12-02,1.106428328514165,0.9605179712676002,-1,-0.6,1.0,4.0,1.0957115965674982,-0.6
2013-12-03,1.1033145183285877,0.963170987960759,-1,-0.6,1.0,4.0,1.0938361214135588,-0.6
2013-12-04,1.1044591380613302,0.9621957534161645,-1,-1.0,0.0,5.0,1.0945255359062631,-0.6
2013-12-05,1.107106210103459,0.959940405178083,-1,-1.0,0.0,5.0,1.0960340746112505,-1.0
2013-12-06,1.107285126391781,0.9597879656036367,-1,-1.0,0.0,5.0,1.096209975808259,-1.0
2013-12-09,1.110338927387486,0.9571860777118449,-1,-1.0,0.0,5.0,1.0992123142516088,-1.0
2013-12-10,1.1153019096461538,0.952957536472856,-1,-1.0,0.0,5.0,1.1040916604990618,-1.0
2013-12-11,1.1184568372396062,0.9502694870824642,-1,-1.0,0.0,5.0,1.107193421358112,-1.0
2013-12-12,1.117188865283238,0.9513498197187575,-1,-1.0,0.0,5.0,1.1059468172227909,-1.0
2013-12-13,1.1122903373396178,0.9555234448377598,-1,-1.0,0.0,5.0,1.1011308391084218,-1.0
2013-12-16,1.113174917249582,0.9547697684324227,-1,-1.0,0.0,5.0,1.1020005121072962,-1.0
2013-12-17,1.1132538182214506,0.9547025435269215,-1,-1.0,0.0,5.0,1.102078083442623,-1.0
2013-12-18,1.1140239361581403,0.954046390576044,-1,-1.0,0.0,5.0,1.1028352233775724,-1.0
2013-12-19,1.1156019555955137,0.9527018924660204,-1,-1.0,0.0,5.0,1.1043866500841069,-1.0
2013-12-20,1.115996460454857,0.9523657679385147,-1,-1.0,0.0,5.0,1.1047745067607406,-1.0
2013-12-23,1.1167532430160196,0.9517209769434964,-1,-1.0,0.0,5.0,1.105518536047466,-1.0
2013-12-24,1.1154852710596515,0.9528013095797899,-1,-1.0,0.0,5.0,1.1042719319121448,-1.0
2013-12-25,1.1151318836081834,0.9531024014100626,-1,-1.0,0.0,5.0,1.1039244997342028,-1.0
2013-12-26,1.1147284884984887,0.9534461005748083,-1,-1.0,0.0,5.0,1.1035279026254197,-1.0
2013-12-27,1.1151652220470012,0.9530739965204142,-1,-1.0,0.0,5.0,1.1039572763547634,-1.0
2013-12-30,1.1148362827839995,0.9533542580982783,-1,-1.0,0.0,5.0,1.1036338803652324,-1.0
2013-12-31,1.115255235831809,0.9529973033183636,-1,-1.0,0.0,5.0,1.104045773230277,-1.0
2014-01-02,1.1167643558289588,0.9517115086469471,-1,-1.0,0.0,5.0,1.1055294615876528,-1.0
2014-01-03,1.118091225693905,0.9505809940389413,-1,-1.0,0.0,5.0,1.1068339710859643,-1.0
2014-01-06,1.1186390873718097,0.950114207019053,-1,-1.0,0.0,5.0,1.1073726002171767,-1.0
2014-01-07,1.119462546810608,0.949412606244738,-1,-1.0,0.0,5.0,1.1081821827450231,-1.0
2014-01-08,1.1179634283451036,0.9506898794492602,-1,-1.0,0.0,5.0,1.1067083273738152,-1.0
2014-01-09,1.1169432721172807,0.9515590690725007,-1,-1.0,0.0,5.0,1.1057053627846614,-1.0
2014-01-10,1.115892000013228,0.9524547699260796,-1,-1.0,0.0,5.0,1.1046718066829844,-1.0
2014-01-13,1.1159608994534511,0.952396066487473,-1,-1.0,0.0,5.0,1.1047395450321427,-1.0
2014-01-14,1.1162198279949358,0.9521754551778705,-1,-1.0,0.0,5.0,1.1049941101184966,-1.0
2014-01-15,1.1149429657882162,0.9532633624514035,-1,-1.0,0.0,5.0,1.103738765551026,-1.0
2014-01-16,1.1155419464056415,0.9527530212673877,-1,-1.0,0.0,5.0,1.104327652167098,-1.0
2014-01-17,1.1158719969499373,0.9524718128598687,-1,-0.2,2.0,3.0,1.1046521407106478,-1.0
2014-01-20,1.1159253384520458,0.9524263650364312,-1,-0.2,2.0,3.0,1.1045276911845296,-0.2
2014-01-21,1.1140706099724853,0.9540066237305361,-1,-0.2,2.0,3.0,1.1041717089247851,-0.2
2014-01-22,1.1118058186954667,0.9559362625673162,-1,-0.2,2.0,3.0,1.1037370223787344,-0.2
2014-01-23,1.1101833480063366,0.9573186338635374,-1,-0.2,2.0,3.0,1.1034256178854887,-0.2
2014-01-24,1.1115446675913945,0.9561587675362285,-1,-0.2,2.0,3.0,1.1036868990527666,-0.2
2014-01-26,1.1090220590541853,0.958308070852956,-1,-0.2,2.0,3.0,1.1032027290529944,-0.2
2014-01-27,1.1083786271850027,0.9588562852231699,-1,-0.2,2.0,3.0,1.1030792337094402,-0.2
2014-01-28,1.106928405096431,0.9600918979228744,-1,-0.2,2.0,3.0,1.1028008892822583,-0.2
2014-01-29,1.1074084786154066,0.9596828675119378,-1,-0.2,2.0,3.0,1.1028930308857394,-0.2
2014-01-30,1.1080852489234068,0.9591062482520755,-1,-0.2,2.0,3.0,1.1030229249517574,-0.2
2014-02-07,1.1059804821527133,0.9608995436185435,-1,-0.2,2.0,3.0,1.1026189522735335,-0.2
2014-02-08,1.105631539826421,0.9611968481301965,-1,-0.2,2.0,3.0,1.1025519789784108,-0.2
2014-02-10,1.106442775170986,0.9605056624820859,-1,-1.0,0.0,5.0,1.1027076812250336,-0.2
2014-02-11,1.1065361227996755,0.9604261287910705,-1,-1.0,0.0,5.0,1.1025466657170975,-1.0
2014-02-12,1.1068328349051535,0.9601733252731999,-1,-1.0,0.0,5.0,1.1028391068030234,-1.0
2014-02-13,1.1065205648615606,0.9604393844062397,-1,-1.0,0.0,5.0,1.1025313317275736,-1.0
2014-02-14,1.1063972126379351,0.9605444824979386,-1,-1.0,0.0,5.0,1.1024097550963456,-1.0
2014-02-17,1.10688284256338,0.9601307179387272,-1,-1.0,0.0,5.0,1.1028883946264942,-1.0
2014-02-18,1.1079285582609633,0.959239751233423,-1,-1.0,0.0,5.0,1.103919057779514,-1.0
2014-02-19,1.108834252515512,0.958468085064642,-1,-1.0,0.0,5.0,1.1048117150268157,-1.0
2014-02-20,1.108965383708195,0.9583563591653583,-1,-1.0,0.0,5.0,1.1049409586528056,-1.0
2014-02-21,1.1085553209107368,0.9587057393080334,-1,-0.2,2.0,3.0,1.1045367985003463,-1.0
2014-02-24,1.1074684878052785,0.9596317387105705,-1,-0.2,2.0,3.0,1.1032867494312093,-0.2
2014-02-25,1.0985793487351745,0.967205429120484,-1,-0.2,2.0,3.0,1.1015836531708556,-0.2
2014-02-26,1.0998862155368299,0.9660919574462675,-1,0.6,4.0,1.0,1.1018340396194337,-0.2
2014-02-27,1.094303207646239,0.9704682041114282,1,1.0,5.0,0.0,1.100671971313125,0.6
2014-02-28,1.0924817996461251,0.9688529127200901,1,1.0,5.0,0.0,1.0994682184182456,1.0
2014-03-03,1.0905632356506947,0.967151459830152,1,1.0,5.0,0.0,1.0975373852101682,1.0
2014-03-04,1.0864485191017863,0.9635023783399901,1,1.0,5.0,0.0,1.0933963550577301,1.0
2014-03-05,1.0862179070689466,0.9632978631345217,1,1.0,5.0,0.0,1.0931642682614335,1.0
2014-03-06,1.085378735505002,0.9625536550257342,1,1.0,5.0,0.0,1.0923197301971324,1.0
2014-03-07,1.0859093567101934,0.9630242293642424,1,1.0,5.0,0.0,1.0928537447237963,1.0
2014-03-10,1.0875962410244837,0.964520220219057,1,1.0,5.0,0.0,1.0945514166596684,1.0
2014-03-11,1.0868275342483515,0.963838502867496,1,1.0,5.0,0.0,1.093777794005347,1.0
2014-03-12,1.088595559833456,0.9654064527760866,1,1.0,5.0,0.0,1.0955571261102868,1.0
2014-03-13,1.0895585786002218,0.9662604931248479,1,1.0,5.0,0.0,1.0965263033800061,1.0
2014-03-14,1.0900336820938035,0.9666818323212989,1,1.0,5.0,0.0,1.0970044451594132,1.0
2014-03-17,1.0916084633365748,0.9680784060623444,1,1.0,5.0,0.0,1.0985892971248639,1.0
2014-03-18,1.0908184035944386,0.9673777521176842,1,1.0,5.0,0.0,1.0977941849523665,1.0
2014-03-19,1.0900635762462088,0.9667083435516374,1,1.0,5.0,0.0,1.0970345304848592,1.0
2014-03-20,1.089768905315358,0.9664470185668723,1,1.0,5.0,0.0,1.096737975134036,1.0
2014-03-21,1.0900432909285052,0.9666903537881935,1,1.0,5.0,0.0,1.0970141154425925,1.0
2014-03-24,1.0901265674959195,0.9667642065012791,1,1.0,5.0,0.0,1.0970979245634773,1.0
2014-03-25,1.089942931988288,0.9666013518006284,1,1.0,5.0,0.0,1.096913114707167,1.0
2014-03-26,1.090036885038704,0.9666846728102637,1,1.0,5.0,0.0,1.0970076685871395,1.0
2014-03-27,1.0898404377514703,0.9665104561537536,1,1.0,5.0,0.0,1.096809965019924,1.0
2014-03-28,1.0887631806165847,0.9655551050319131,1,1.0,5.0,0.0,1.0957258188279648,1.0
2014-03-31,1.0899418643399876,0.9666004049709735,1,1.0,5.0,0.0,1.096912040231258,1.0
2014-04-01,1.0899343908018866,0.966593777163389,1,1.0,5.0,0.0,1.096904518899897,1.0
2014-04-02,1.08920091641966,0.965943305190441,1,1.0,5.0,0.0,1.0961663539505646,1.0
2014-04-03,1.0881973270174874,0.9650532853147917,1,1.0,5.0,0.0,1.0951563465963114,1.0
2014-04-04,1.0874446349658577,0.9643857704080548,1,1.0,5.0,0.0,1.0943988410806216,1.0
2014-04-08,1.0873795084195466,0.964328013799103,1,1.0,5.0,0.0,1.094333298050186,1.0
2014-04-09,1.0870133050525834,0.9640032512274564,1,1.0,5.0,0.0,1.0939647528134746,1.0
2014-04-10,1.0876304057700898,0.9645505187680153,1,1.0,5.0,0.0,1.0945857998887496,1.0
2014-04-11,1.0885133509143419,0.9653335468926558,1,1.0,5.0,0.0,1.0954743914653107,1.0
2014-04-14,1.090384938384564,0.9669933392777761,1,1.0,5.0,0.0,1.097357947733402,1.0
2014-04-15,1.091110939228689,0.9676371834431393,1,1.0,5.0,0.0,1.0980885913513723,1.0
2014-04-16,1.0919864108348398,0.9684135837601953,1,1.0,5.0,0.0,1.098969661596572,1.0
2014-04-17,1.0965100366827187,0.9724253010082016,1,1.0,5.0,0.0,1.103522216022073,1.0
2014-04-18,1.0963765806451957,0.9723069473013334,1,1.0,5.0,0.0,1.1033879065334755,1.0
2014-04-21,1.0969381636510924,0.9728049796998349,1,1.0,5.0,0.0,1.1039530808614937,1.0
2014-04-22,1.0969616519136964,0.9728258099522437,1,1.0,5.0,0.0,1.1039767193314869,1.0
2014-04-23,1.0955608973438553,0.9715835694449546,1,1.0,5.0,0.0,1.1025670069391675,1.0
2014-04-24,1.0957712240589916,0.971770094886979,1,1.0,5.0,0.0,1.102778678693197,1.0
2014-04-25,1.095319608828014,0.9713695859429369,1,1.0,5.0,0.0,1.1023241753837831,1.0
2014-04-28,1.095360179463421,0.9714055654698247,1,1.0,5.0,0.0,1.1023650054683167,1.0
2014-04-29,1.0960829773626453,0.9720465691462232,1,1.0,5.0,0.0,1.103092425658561,1.0
2014-04-30,1.0968260605795732,0.9727055625860657,1,1.0,5.0,0.0,1.1038402608910718,1.0
2014-05-04,1.0987232716089999,0.9743880788829048,1,1.0,5.0,0.0,1.1057496045809738,1.0
2014-05-05,1.0988140217145155,0.9744685594035752,1,1.0,5.0,0.0,1.1058409350332201,1.0
2014-05-06,1.1002638881061653,0.9757543540749919,1,1.0,5.0,0.0,1.1073000733173435,1.0
2014-05-07,1.1018504134802385,0.9771613429422418,1,1.0,5.0,0.0,1.1088967445177906,1.0
2014-05-08,1.1047298609458343,0.9797149425216313,1,1.0,5.0,0.0,1.1117946060437705,1.0
2014-05-09,1.11463656952324,0.9885005748898755,1,1.0,5.0,0.0,1.12176466800134,1.0
2014-05-12,1.1134301269440325,0.9874306573797865,1,1.0,5.0,0.0,1.1205505102244189,1.0
2014-05-13,1.1119845311455834,0.9861486500269896,1,1.0,5.0,0.0,1.1190956698439307,1.0
2014-05-14,1.1113321980341713,0.9855701371078176,1,1.0,5.0,0.0,1.118439165063666,1.0
2014-05-15,1.1103179321489964,0.9846706489356188,1,1.0,5.0,0.0,1.1174184129503248,1.0
2014-05-16,1.109769160922702,0.9841839784929766,1,1.0,5.0,0.0,1.116866132333212,1.0
2014-05-19,1.1098812639942213,0.9842833956067458,1,1.0,5.0,0.0,1.116978952303634,1.0
2014-05-20,1.1106894737574606,0.9850001456555402,1,1.0,5.0,0.0,1.1177923305665804,1.0
2014-05-21,1.1106414295839522,0.9849575383210675,1,1.0,5.0,0.0,1.1177439791506854,1.0
2014-05-22,1.1106595796050553,0.9849736344252015,1,1.0,5.0,0.0,1.1177622452411344,1.0
2014-05-23,1.1121137165899058,0.986263216415238,1,1.0,5.0,0.0,1.119225681428893,1.0
2014-05-26,1.1114912776308985,0.9857112147264044,1,1.0,5.0,0.0,1.1185992619740743,1.0
2014-05-27,1.1118254515488561,0.9860075724084026,1,1.0,5.0,0.0,1.1189355729335224,1.0
2014-05-28,1.1132165972839958,0.9872412914487974,1,1.0,5.0,0.0,1.1203356150426627,1.0
2014-05-29,1.1154394410449784,0.9892125907903949,1,1.0,5.0,0.0,1.1225726738847428,1.0
2014-05-30,1.1178512585550937,0.9913514789809182,1,1.0,5.0,0.0,1.1249999149626768,1.0
2014-06-03,1.1219948016081072,0.9950261248717637,1,1.0,5.0,0.0,1.129169955964652,1.0
2014-06-04,1.1236325741005893,0.996478561562451,1,1.0,5.0,0.0,1.1308182020087207,1.0
2014-06-05,1.1223855608859745,0.995372664525474,1,1.0,5.0,0.0,1.1295632141472656,1.0
2014-06-06,1.1216862512493542,0.9947524911014843,1,1.0,5.0,0.0,1.1288594324270147,1.0
2014-06-09,1.120582302906964,0.99377346923827,1,1.0,5.0,0.0,1.1277484243373361,1.0
2014-06-10,1.1215015480934223,0.9945886895711786,1,1.0,5.0,0.0,1.1286735480947958,1.0
2014-06-11,1.121273071357183,0.9943860680250202,1,1.0,5.0,0.0,1.1284436102503168,1.0
2014-06-12,1.121186591844868,0.9943093748229695,1,1.0,5.0,0.0,1.1283565777017057,1.0
2014-06-13,1.1201445671038888,0.9933852690797422,1,1.0,5.0,0.0,1.1273078892147363,1.0
2014-06-16,1.121053135807345,0.9941910211161012,1,1.0,5.0,0.0,1.1282222682131082,1.0
2014-06-17,1.1216328688343449,0.994705149618737,1,1.0,5.0,0.0,1.1288057086315757,1.0
2014-06-18,1.1217076042153578,0.9947714276945833,1,1.0,5.0,0.0,1.1288809219451903,1.0
2014-06-19,1.1214866010172198,0.9945754339560093,1,1.0,5.0,0.0,1.1286585054320728,1.0
2014-06-20,1.122207263619844,0.995214543973098,1,1.0,5.0,0.0,1.1293837766704993,1.0
2014-06-23,1.122005478091109,0.9950355931683132,1,1.0,5.0,0.0,1.1291807007237398,1.0
2014-06-24,1.1225627905038051,0.9955298382481951,1,1.0,5.0,0.0,1.129741577148123,1.0
2014-06-25,1.1224581609703872,0.9954370489420103,1,0.2,3.0,2.0,1.1296362785090628,1.0
2014-06-26,1.1226962465413282,0.9956481919550634,1,0.2,3.0,2.0,1.1296902340824548,0.2
2014-06-27,1.1221709635776378,0.9951823517648299,1,0.2,3.0,2.0,1.1295959040844221,0.2
2014-06-30,1.121470586292717,0.9945612315111853,1,0.2,3.0,2.0,1.1294701307537118,0.2
2014-07-01,1.1202011524637985,0.9934354510514544,1,0.2,3.0,2.0,1.1292421665917995,0.2
2014-07-02,1.1170900253170626,0.9906763894369416,1,0.2,3.0,2.0,1.1286834722538577,0.2
2014-07-03,1.1148778580390817,0.9887145583918933,1,0.2,3.0,2.0,1.1282862125873458,0.2
2014-07-04,1.1138902833614117,0.9878387409610682,1,0.2,3.0,2.0,1.1281088645219388,0.2
2014-07-07,1.1151266200930245,0.9889351697014959,1,0.2,3.0,2.0,1.1283308851270646,0.2
2014-07-08,1.1155622205994995,0.9893214762007136,1,0.2,3.0,2.0,1.1284091100034819,0.2
2014-07-09,1.1158184561915436,0.9895487153179008,1,0.2,3.0,2.0,1.1284551246366685,0.2
2014-07-10,1.1152429937577446,0.9890383741338848,1,0.2,3.0,2.0,1.1283517834396368,0.2
2014-07-11,1.115373246850367,0.9891538873517883,1,0.2,3.0,2.0,1.1283751742115065,0.2
2014-07-14,1.1146504489511426,0.9885128836753899,1,0.2,3.0,2.0,1.1282453746003926,0.2
2014-07-15,1.11347283287604,0.9874685305659844,1,-0.6,1.0,4.0,1.1280338990153722,0.2
2014-07-16,1.108355237836544,0.9833233103366305,-1,-0.6,1.0,4.0,1.127017823011322,-0.6
2014-07-17,1.1115814479058235,0.9804610442897287,-1,-1.0,0.0,5.0,1.1290098192901692,-0.6
2014-07-18,1.1127575258073605,0.979417638009978,-1,-1.0,0.0,5.0,1.1296501014489952,-1.0
2014-07-21,1.1125291404435411,0.9796202595561366,-1,-1.0,0.0,5.0,1.1294202555612625,-1.0
2014-07-22,1.111703111137017,0.9803531057090648,-1,-1.0,0.0,5.0,1.1285889437990901,-1.0
2014-07-23,1.111843984352083,0.980228124194612,-1,-1.0,0.0,5.0,1.128730717898065,-1.0
2014-07-24,1.1120040675510219,0.9800860997463701,-1,-1.0,0.0,5.0,1.1288918248287185,-1.0
2014-07-25,1.111557969036646,0.9804818745421375,-1,-1.0,0.0,5.0,1.1284428735152974,-1.0
2014-07-28,1.1106124109415807,0.9813207656164197,-1,-1.0,0.0,5.0,1.1274912685782368,-1.0
2014-07-29,1.110993408955055,0.980982747429604,-1,-1.0,0.0,5.0,1.1278747030731922,-1.0
2014-07-30,1.1114181630429059,0.9806059092269355,-1,-1.0,0.0,5.0,1.1283021734625265,-1.0
2014-07-31,1.1107169986315542,0.981227976310235,-1,-1.0,0.0,5.0,1.1275965251062636,-1.0
2014-08-01,1.110918703462217,0.9810490255054501,-1,-1.0,0.0,5.0,1.1277995198388873,-1.0
2014-08-04,1.1088643024091691,0.9828716725912213,-1,-1.0,0.0,5.0,1.1257319808954993,-1.0
2014-08-05,1.1095505257219536,0.982262861123091,-1,-1.0,0.0,5.0,1.1264225926049012,-1.0
2014-08-06,1.1096700545104945,0.982156816201737,-1,-1.0,0.0,5.0,1.1265428857797892,-1.0
2014-08-07,1.1100926741556927,0.9817818716583784,-1,-1.0,0.0,5.0,1.1269682080767145,-1.0
2014-08-08,1.1104597982919258,0.981456162257077,-1,-1.0,0.0,5.0,1.1273376799710135,-1.0
2014-08-11,1.1117799510725075,0.9802849339739087,-1,-1.0,0.0,5.0,1.1286662751258034,-1.0
2014-08-12,1.1118194382615791,0.9802499012766758,-1,-1.0,0.0,5.0,1.1287060148353647,-1.0
2014-08-13,1.1113968186163807,0.9806248458200343,-1,-1.0,0.0,5.0,1.1282806925384392,-1.0
2014-08-14,1.1084982454942625,0.9831964351628679,-1,-1.0,0.0,5.0,1.1253635830474047,-1.0
2014-08-15,1.1075825695963326,0.9840088150068115,-1,-1.0,0.0,5.0,1.1244420514040658,-1.0
2014-08-18,1.1081097769315043,0.9835410811572682,-1,-1.0,0.0,5.0,1.1249726302290184,-1.0
2014-08-19,1.1084523549772334,0.9832371488380306,-1,-1.0,0.0,5.0,1.1253173990606171,-1.0
2014-08-20,1.1089219323607873,0.9828205437898542,-1,-1.0,0.0,5.0,1.1257899793905346,-1.0
2014-08-21,1.1095089040902293,0.9822997874796339,-1,-1.0,0.0,5.0,1.126380704802931,-1.0
2014-08-22,1.110386160020414,0.9815214935032682,-1,-1.0,0.0,5.0,1.1272635707829128,-1.0
2014-08-25,1.1092741153984527,0.982508090003722,-1,-1.0,0.0,5.0,1.1261444146379724,-1.0
2014-08-26,1.1087447736206282,0.9829777175125753,-1,-1.0,0.0,5.0,1.1256116877206113,-1.0
2014-08-27,1.107992382585616,0.9836452324193122,-1,-1.0,0.0,5.0,1.1248544851465394,-1.0
2014-08-28,1.1074000747495425,0.9841707228778073,-1,-1.0,0.0,5.0,1.124258389503121,-1.0
2014-08-29,1.1076551406465183,0.9839444305902751,-1,-1.0,0.0,5.0,1.1245150865459623,-1.0
2014-09-01,1.1080019875775522,0.9836367109524177,-1,-1.0,0.0,5.0,1.1248641515623785,-1.0
2014-09-02,1.1083904561403104,0.9832920649580174,-1,-0.6,1.0,4.0,1.1252551043807646,-1.0
2014-09-03,1.108847226867949,0.9828868218657004,-1,-0.6,1.0,4.0,1.1256289532481412,-0.6
2014-09-04,1.1095708029271525,0.9822448713596469,-1,-0.6,1.0,4.0,1.1260768247141888,-0.6
2014-09-05,1.110316790634207,0.9815830374308399,-1,-0.6,1.0,4.0,1.1265385683052904,-0.6
2014-09-09,1.1104640671772308,0.9814523749384572,-1,0.2,3.0,2.0,1.1266297279842203,-0.6
2014-09-10,1.1103783328770818,0.9811351870040503,1,0.2,3.0,2.0,1.1266743996668693,0.2
2014-09-11,1.1104597709655586,0.9812071460578261,1,0.2,3.0,2.0,1.1266889653175614,0.2
2014-09-12,1.1109998340786165,0.981684348203919,1,0.2,3.0,2.0,1.1267855585800446,0.2
2014-09-15,1.11132665798632,0.9819731312486774,1,0.2,3.0,2.0,1.126844012836111,0.2
2014-09-16,1.1115656144827721,0.9821842742617304,1,0.2,3.0,2.0,1.1268867515216936,0.2
2014-09-17,1.1143838009655933,0.9846744362542386,1,0.2,3.0,2.0,1.1273907996969534,0.2
2014-09-18,1.1206909666073748,0.990247475603251,1,0.2,3.0,2.0,1.1285188710123824,0.2
2014-09-19,1.1267838214900063,0.9956311490212743,1,0.2,3.0,2.0,1.1296086116680961,0.2
2014-09-22,1.128650468202202,0.9972805262801901,1,0.2,3.0,2.0,1.1299424717142184,0.2
2014-09-23,1.1296545141088192,0.9981677056668746,1,0.2,3.0,2.0,1.130122050854986,0.2
2014-09-24,1.1288144159329516,0.997425391217397,1,0.2,3.0,2.0,1.1299717946689007,0.2
2014-09-25,1.1293555505998052,0.9979035401931448,1,0.2,3.0,2.0,1.1300685795846828,0.2
2014-09-26,1.1287822693190792,0.9973969863277486,1,0.2,3.0,2.0,1.1299660450699434,0.2
2014-09-28,1.1289601472491735,0.9975541600504696,1,0.2,3.0,2.0,1.1299978595175073,0.2
2014-09-29,1.1299845526779102,0.998459329200598,1,0.2,3.0,2.0,1.130181080070948,0.2
2014-09-30,1.1310786091033704,0.9994260422782981,1,0.2,3.0,2.0,1.1303767580887958,0.2
2014-10-08,1.130424961287963,0.9988484761887809,1,0.2,3.0,2.0,1.1302598495766634,0.2
2014-10-09,1.129800245425041,0.9982964744999473,1,1.0,5.0,0.0,1.1301481157035926,0.2
2014-10-10,1.129425201596529,0.9979650841207162,1,1.0,5.0,0.0,1.129895458740997,1.0
2014-10-11,1.1296738020771429,0.9981847486006638,1,1.0,5.0,0.0,1.130144162731035,1.0
2014-10-13,1.1308675130056078,0.9992395168362737,1,1.0,5.0,0.0,1.1313383706831999,1.0
2014-10-14,1.137654734747885,1.005236735870702,1,1.0,5.0,0.0,1.1381284184112181,1.0
2014-10-15,1.1432182420554162,1.0101526754391816,1,1.0,5.0,0.0,1.143694242188274,1.0
2014-10-16,1.1440454815857348,1.0108836279328,1,1.0,5.0,0.0,1.1445218261551244,1.0
2014-10-17,1.145135251796012,1.0118465536918804,1,1.0,5.0,0.0,1.1456120501114544,1.0
2014-10-20,1.1500418966267492,1.0161820866818783,1,1.0,5.0,0.0,1.1505207379148326,1.0
2014-10-21,1.1511981031723626,1.0172037158795648,1,1.0,5.0,0.0,1.1516774258685003,1.0
2014-10-22,1.1483852744585203,1.0147182880353316,1,1.0,5.0,0.0,1.1488634259812176,1.0
2014-10-23,1.1462003762689872,1.0127877023688965,1,1.0,5.0,0.0,1.146677618068772,1.0
2014-10-24,1.145156682871927,1.011865490284979,1,1.0,5.0,0.0,1.1456334901105953,1.0
2014-10-27,1.1473544397070092,1.0138074379072735,1,1.0,5.0,0.0,1.1478321620225258,1.0
2014-10-28,1.148706740597245,1.0150023369318155,1,1.0,5.0,0.0,1.1491850259683356,1.0
2014-10-29,1.1514349165612234,1.0174129652333082,1,1.0,5.0,0.0,1.1519143378590104,1.0
2014-10-30,1.1497611495322626,1.0159340173122824,1,1.0,5.0,0.0,1.1502398739260826,1.0
2014-10-31,1.149524336143402,1.015724767958539,1,1.0,5.0,0.0,1.1500029619355723,1.0
2014-11-03,1.153254414906406,1.0190206819874064,1,1.0,5.0,0.0,1.1537345937860983,1.0
2014-11-04,1.159251901501216,1.0243200875661393,1,1.0,5.0,0.0,1.1597345775457637,1.0
2014-11-05,1.1623626221702767,1.0270687340544478,1,1.0,5.0,0.0,1.162846593421109,1.0
2014-11-06,1.1599773434209384,1.0249610912425378,1,1.0,5.0,0.0,1.1604603215166933,1.0
2014-11-07,1.1661773536831448,1.0304394476260557,1,1.0,5.0,0.0,1.1666629132682427,1.0
2014-11-10,1.170158176034354,1.0339569197941803,1,1.0,5.0,0.0,1.1706453931087206,1.0
2014-11-11,1.1706607347645606,1.03440098290235,1,1.0,5.0,0.0,1.171148161088582,1.0
2014-11-12,1.1678436198355353,1.0319117677394969,1,1.0,5.0,0.0,1.168329873201471,1.0
2014-11-13,1.163669917801091,1.0282238662334822,1,1.0,5.0,0.0,1.1641544333687222,1.0
2014-11-14,1.160470258166983,1.025396632883813,1,1.0,5.0,0.0,1.160953441496941,1.0
2014-11-17,1.1575974224405785,1.0228581825789027,1,1.0,5.0,0.0,1.1580794096120628,1.0
2014-11-18,1.1607252879703713,1.0256219783416904,1,1.0,5.0,0.0,1.1612085774867211,1.0
2014-11-19,1.1603448863728802,1.0252858538141842,1,1.0,5.0,0.0,1.1608280175019647,1.0
2014-11-20,1.1585296742428806,1.0236819243787059,1,1.0,5.0,0.0,1.1590120495747052,1.0
2014-11-21,1.1572738131942624,1.022572240023109,1,1.0,5.0,0.0,1.1577556656250307,1.0
2014-11-24,1.1723516466542534,1.0358950800978548,1,1.0,5.0,0.0,1.172839777020823,1.0
2014-11-25,1.1690576902861194,1.0329845257385506,1,1.0,5.0,0.0,1.1695444491528202,1.0
2014-11-26,1.169075906700647,1.0330006218426846,1,1.0,5.0,0.0,1.16956267315209,1.0
2014-11-27,1.1690062557039234,1.032939077915113,1,1.0,5.0,0.0,1.1694929931548814,1.0
2014-11-28,1.1694820255892362,1.0333594702819093,1,1.0,5.0,0.0,1.169968961135816,1.0
2014-12-01,1.1700145878257235,1.0338300446204174,1,1.0,5.0,0.0,1.1705017451144748,1.0
2014-12-02,1.1686676447044666,1.0326398797441503,1,1.0,5.0,0.0,1.1691542411684503,1.0
2014-12-03,1.1620336551549815,1.0267780573503793,1,1.0,5.0,0.0,1.1625174894342911,1.0
2014-12-04,1.1579381765476269,1.0231592744091755,1,1.0,5.0,0.0,1.158420305598408,1.0
2014-12-05,1.1476544747698192,1.0140725502106582,1,1.0,5.0,0.0,1.1481323220105026,1.0
2014-12-08,1.147449807994831,1.0138917057465637,1,1.0,5.0,0.0,1.1479275700187042,1.0
2014-12-09,1.1479620107091992,1.014344290321628,1,1.0,5.0,0.0,1.1484399859981789,1.0
2014-12-10,1.1514477752067722,1.0174243271891674,1,1.0,5.0,0.0,1.1519272018584952,1.0
2014-12-11,1.1503730067496356,1.0164746570452565,1,0.2,3.0,2.0,1.1508519859015638,1.0
2014-12-12,1.149554339649683,1.0157512791888776,1,0.2,3.0,2.0,1.149849790918395,0.2
2014-12-15,1.1476523316622276,1.0140706565513484,1,0.2,3.0,2.0,1.1494624616233844,0.2
2014-12-16,1.1490892853023276,1.015340355118631,1,0.2,3.0,2.0,1.1497550861780936,0.2
2014-12-17,1.1500408250729532,1.0161811398522231,1,0.2,3.0,2.0,1.1499488599324426,0.2
2014-12-18,1.1499058092946888,1.0160618393157002,1,-0.2,2.0,3.0,1.1499213650078388,0.2
2014-12-19,1.1524536586749476,1.0187205369867884,-1,-0.6,1.0,4.0,1.1504454872360612,-0.2
2014-12-22,1.151913811543939,1.0191977391328813,-1,-1.0,0.0,5.0,1.1502533951995537,-0.6
2014-12-23,1.14876684553024,1.0219795246591128,-1,-1.0,0.0,5.0,1.1483000587141579,-1.0
2014-12-24,1.1444502107326884,1.0257952481685453,-1,-1.0,0.0,5.0,1.1439816266055929,-1.0
2014-12-25,1.1452846173101803,1.0250576678673424,-1,-1.0,0.0,5.0,1.1448163806037497,-1.0
2014-12-26,1.1435601056416795,1.0265820636118057,-1,-1.0,0.0,5.0,1.1430911509028094,-1.0
2014-12-29,1.1446451555299972,1.0256229251713451,-1,-1.0,0.0,5.0,1.1441766525717862,-1.0
2014-12-30,1.145066107757153,1.0252508211169513,-1,-1.0,0.0,5.0,1.1445977800702145,-1.0
2014-12-31,1.146213282910547,1.024236766556504,-1,-1.0,0.0,5.0,1.145745432871275,-1.0
2015-01-04,1.145375662957275,1.0249771873466722,-1,-1.0,0.0,5.0,1.1449074641593895,-1.0
2015-01-05,1.1462497011693848,1.024204574348236,-1,-1.0,0.0,5.0,1.1457818662935308,-1.0
2015-01-06,1.1469341502104855,1.0235995501987254,-1,-1.0,0.0,5.0,1.1464666003176929,-1.0
2015-01-07,1.1469298657094456,1.0236033375173452,-1,-1.0,0.0,5.0,1.1464623140327215,-1.0
2015-01-08,1.1463525291943388,1.0241136787013612,-1,-1.0,0.0,5.0,1.1458847371328413,-1.0
2015-01-09,1.1467574145425956,1.0237557770917916,-1,-1.0,0.0,5.0,1.1462897910626273,-1.0
2015-01-12,1.1466663688955008,1.023836257612462,-1,-1.0,0.0,5.0,1.1461987075069877,-1.0
2015-01-13,1.1438568073386826,1.0263197917973854,-1,-1.0,0.0,5.0,1.1433879761370709,-1.0
2015-01-14,1.1404709803920174,1.0293127203366699,-1,-1.0,0.0,5.0,1.1400007394385163,-1.0
2015-01-15,1.1388000249865136,1.0307897745983856,-1,-1.0,0.0,5.0,1.138329088299717,-1.0
2015-01-16,1.1360911492041295,1.0331843067957442,-1,-1.0,0.0,5.0,1.135619084626625,-1.0
2015-01-19,1.1343709220366684,1.0347049152215877,-1,-1.0,0.0,5.0,1.133898141210656,-1.0
2015-01-20,1.1336886152460877,1.0353080457117882,-1,-1.0,0.0,5.0,1.1332155503289798,-1.0
2015-01-21,1.1331252033593602,1.0358060781102898,-1,-1.0,0.0,5.0,1.132651903855256,-1.0
2015-01-22,1.1321001364855992,1.0367121940900732,-1,-1.0,0.0,5.0,1.1316264101758775,-1.0
2015-01-23,1.13087048468719,1.037799154533951,-1,-1.0,0.0,5.0,1.13039624638912,-1.0
2015-01-26,1.1302652989153248,1.0383341132889958,-1,-1.0,0.0,5.0,1.1297908086369268,-1.0
2015-01-27,1.130904760695508,1.0377688559849931,-1,-1.0,0.0,5.0,1.13043053666889,-1.0
2015-01-28,1.131984454957526,1.0368144516928075,-1,-1.0,0.0,5.0,1.1315106804816528,-1.0
2015-01-29,1.1345240929488396,1.0345695185809303,-1,-0.6,1.0,4.0,1.1340513758983792,-1.0
2015-01-30,1.1348207946458426,1.0343072467665102,-1,-0.6,1.0,4.0,1.134253734009437,-0.6
2015-02-02,1.1335011683255984,1.0354737409014039,-1,-0.6,1.0,4.0,1.1334662594520735,-0.6
2015-02-03,1.1317787989076178,1.036996242986557,-1,-0.6,1.0,4.0,1.1324384517505794,-0.6
2015-02-04,1.1321065632371587,1.0367065131121436,-1,-0.6,1.0,4.0,1.1326340420221324,-0.6
2015-02-05,1.1304677415894533,1.038155162484211,-1,-0.6,1.0,4.0,1.1316560906643676,-0.6
2015-02-06,1.131062216108719,1.0376296720257159,-1,-0.6,1.0,4.0,1.1320108377255176,-0.6
2015-02-09,1.1292927171793008,1.0391938346156868,-1,-0.6,1.0,4.0,1.1309549059326893,-0.6
2015-02-10,1.1285011556122064,1.0398935417306918,-1,-0.6,1.0,4.0,1.1304825490350499,-0.6
2015-02-11,1.1272447256822988,1.0410041729159436,-1,-0.6,1.0,4.0,1.1297327863274302,-0.6
2015-02-12,1.1253584740995473,1.0426715399383037,-1,-0.6,1.0,4.0,1.1286071834901599,-0.6
2015-02-13,1.1230244921581416,1.044734681756431,-1,-0.6,1.0,4.0,1.1272144017852122,-0.6
2015-02-15,1.121468147155451,1.0461104252450677,-1,-0.6,1.0,4.0,1.1262856675872825,-0.6
2015-02-16,1.1207515643565524,1.0467438542842267,-1,-0.6,1.0,4.0,1.125858053562221,-0.6
2015-02-17,1.1200349815576536,1.0473772833233854,-1,-1.0,0.0,5.0,1.1254304395371588,-0.6
2015-02-25,1.1190399061911709,1.0482568880728302,-1,-1.0,0.0,5.0,1.124742354146663,-1.0
2015-02-26,1.1211435962016898,1.0463973146305163,-1,-1.0,0.0,5.0,1.1268339910145804,-1.0
2015-02-27,1.1212324995982648,1.046318727769156,-1,-1.0,0.0,5.0,1.1269223850370025,-1.0
2015-02-28,1.1205266280519655,1.0469426885117652,-1,-1.0,0.0,5.0,1.126220557798735,-1.0
2015-03-02,1.1226185356846248,1.0450935301956557,-1,-1.0,0.0,5.0,1.1283004797962106,-1.0
2015-03-03,1.1250585590267645,1.0429366522416885,-1,-1.0,0.0,5.0,1.1307265229658214,-1.0
2015-03-04,1.1259218859862747,1.042173507539802,-1,-1.0,0.0,5.0,1.1315849034727161,-1.0
2015-03-05,1.129668682145539,1.0388614974068007,-1,-1.0,0.0,5.0,1.1353102322731106,-1.0
2015-03-06,1.130090705497955,1.038488446522752,-1,-1.0,0.0,5.0,1.1357298376325606,-1.0
2015-03-09,1.134121349851103,1.03492552653119,-1,-1.0,0.0,5.0,1.1397373883117727,-1.0
2015-03-10,1.133527946457097,1.03545007016003,-1,-1.0,0.0,5.0,1.13914738483681,-1.0
2015-03-11,1.1278359868257848,1.0404815229464135,-1,-1.0,0.0,5.0,1.1334880374253478,-1.0
2015-03-12,1.1280469985019925,1.0402949975043891,-1,-1.0,0.0,5.0,1.1336978401050728,-1.0
2015-03-13,1.1296451173898205,1.0388823276592096,-1,-1.0,0.0,5.0,1.1352868025322276,-1.0
2015-03-16,1.1337967988973416,1.0352124159166387,-1,-1.0,0.0,5.0,1.1394146968805205,-1.0
2015-03-17,1.1347972298901239,1.0343280770189192,-1,-1.0,0.0,5.0,1.1404093958798254,-1.0
2015-03-18,1.1359519029203375,1.033307394650887,-1,-1.0,0.0,5.0,1.1415574531830917,-1.0
2015-03-19,1.1356552012233345,1.0335696664653073,-1,-1.0,0.0,5.0,1.1412624514456104,-1.0
2015-03-20,1.1343859177903075,1.0346916596064184,-1,-1.0,0.0,5.0,1.1400004404025952,-1.0
2015-03-23,1.1340367309555677,1.0350003260739309,-1,-1.0,0.0,5.0,1.1396532542422384,-1.0
2015-03-24,1.1338728487907972,1.0351451910111376,-1,-1.0,0.0,5.0,1.1394903110442793,-1.0
2015-03-25,1.134378419913488,1.034698287414003,-1,-1.0,0.0,5.0,1.1399929854850415,-1.0
2015-03-26,1.139886146000091,1.0298296893282703,-1,-1.0,0.0,5.0,1.1454691549223281,-1.0
2015-03-27,1.1401003710520787,1.0296403233972813,-1,-1.0,0.0,5.0,1.1456821525667187,-1.0
2015-03-30,1.1427396236925669,1.0273073351274942,-1,-1.0,0.0,5.0,1.1483062835456128,-1.0
2015-03-31,1.1487057913904235,1.0220334939494446,-1,-1.0,0.0,5.0,1.1542382679418954,-1.0
2015-04-01,1.1453799474583148,1.0249734000280522,-1,-1.0,0.0,5.0,1.1509314795127288,-1.0
2015-04-02,1.1418687988562368,1.0280771076369655,-1,-1.0,0.0,5.0,1.1474404481211644,-1.0
2015-04-03,1.143133797788224,1.026958901814474,-1,-1.0,0.0,5.0,1.148698199211292,-1.0
2015-04-07,1.144525189500884,1.0257289700926993,-1,-1.0,0.0,5.0,1.1500816189116099,-1.0
2015-04-08,1.1526518168480364,1.0185453735006236,-1,-1.0,0.0,5.0,1.1581616845515734,-1.0
2015-04-09,1.152776067378189,1.0184355412606498,-1,-1.0,0.0,5.0,1.15828522318532,-1.0
2015-04-10,1.1510869028432664,1.0199286916264996,-1,-0.6,1.0,4.0,1.156605736759299,-1.0
2015-04-13,1.1495755451014933,1.0212646682696285,-1,0.2,3.0,2.0,1.1550114815002117,-0.6
2015-04-14,1.1469477694150252,1.0231801046615845,1,0.2,3.0,2.0,1.1535354661404527,0.2
2015-04-15,1.1494472761850745,1.0254098884989824,1,0.2,3.0,2.0,1.1539898271158637,0.2
2015-04-16,1.150696498889256,1.0265243070028538,1,0.6,4.0,1.0,1.154216911136271,0.2
2015-04-17,1.15154877232295,1.0272846112157754,1,1.0,5.0,0.0,1.15427759177036,0.6
2015-04-20,1.1606064329495318,1.035364855491085,1,1.0,5.0,0.0,1.15953588713121,1.0
2015-04-21,1.1644761576559433,1.0388169964130183,1,1.0,5.0,0.0,1.163402042395402,1.0
2015-04-22,1.1631186760598105,1.0376060012843424,1,1.0,5.0,0.0,1.1620458129431523,1.0
2015-04-23,1.1609397005188715,1.035662160002738,1,1.0,5.0,0.0,1.159868847293842,1.0
2015-04-24,1.160724244096655,1.035469953582784,1,1.0,5.0,0.0,1.1596535896090832,1.0
2015-04-27,1.162169818712709,1.0367595355728205,1,1.0,5.0,0.0,1.1610978308240665,1.0
2015-04-28,1.164945279521065,1.0392354951205045,1,1.0,5.0,0.0,1.1638707315415269,1.0
2015-04-29,1.1644124759547956,1.0387601866337215,1,1.0,5.0,0.0,1.1633384194343892,1.0
2015-04-30,1.165756159849013,1.0399588729768832,1,1.0,5.0,0.0,1.1646808639117525,1.0
2015-05-04,1.1667071399194862,1.0408072323477149,1,1.0,5.0,0.0,1.1656309667962055,1.0
2015-05-05,1.1650821951785326,1.0393576361459926,1,1.0,5.0,0.0,1.1640075209077039,1.0
2015-05-06,1.1608165825633192,1.0355523277627643,1,1.0,5.0,0.0,1.1597458429025511,1.0
2015-05-07,1.1605809602690724,1.0353421315793663,1,1.0,5.0,0.0,1.1595104379468049,1.0
2015-05-08,1.1631282283149826,1.037614522751237,1,1.0,5.0,0.0,1.1620553563873044,1.0
2015-05-11,1.1621390392238207,1.036732077512827,1,1.0,5.0,0.0,1.1610670797262437,1.0
2015-05-12,1.1628268015962164,1.037345623129232,1,1.0,5.0,0.0,1.1617542077051786,1.0
2015-05-13,1.1637586771563453,1.0381769395662748,1,1.0,5.0,0.0,1.1626852237013279,1.0
2015-05-14,1.1646502209724139,1.0389722764764295,1,1.0,5.0,0.0,1.1635759451555026,1.0
2015-05-15,1.165194699517227,1.0394580000894167,1,1.0,5.0,0.0,1.1641199214721591,1.0
2015-05-18,1.1649792430950103,1.0392657936694625,1,1.0,5.0,0.0,1.1639046637874002,1.0
2015-05-19,1.1636652773279954,1.0380936185566396,1,1.0,5.0,0.0,1.162591910025176,1.0
2015-05-20,1.163011478529545,1.0375103714891927,1,1.0,5.0,0.0,1.161938714292115,1.0
2015-05-21,1.1626909473004348,1.037224428933399,1,1.0,5.0,0.0,1.1616184787216852,1.0
2015-05-22,1.1632205667816466,1.0376968969312172,1,1.0,5.0,0.0,1.1621476096807721,1.0
2015-05-25,1.1629064037226513,1.0374166353533532,1,1.0,5.0,0.0,1.1618337364064442,1.0
2015-05-26,1.1565934244155376,1.031784892565734,1,1.0,5.0,0.0,1.1555265802047403,1.0
2015-05-27,1.1565223131825895,1.0317214549788527,1,1.0,5.0,0.0,1.1554555345649429,1.0
2015-05-28,1.150941673438675,1.0267430246531462,1,1.0,5.0,0.0,1.149880042414883,1.0
2015-05-29,1.1503250222992276,1.0261929166236228,1,1.0,5.0,0.0,1.1492639600757455,1.0
2015-06-01,1.1449545321691008,1.0214019585695957,1,1.0,5.0,0.0,1.1438984236970264,1.0
2015-06-02,1.1474306889820625,1.0236109121545849,1,1.0,5.0,0.0,1.1463722964977283,1.0
2015-06-03,1.1487616365360502,1.024798236541887,1,1.0,5.0,0.0,1.147702016382889,1.0
2015-06-04,1.1493475081866096,1.0253208865114174,1,1.0,5.0,0.0,1.148287347624204,1.0
2015-06-05,1.1496234622249164,1.0255670622217032,1,1.0,5.0,0.0,1.1485630471219246,1.0
2015-06-08,1.1517918241489975,1.0275014352067582,1,1.0,5.0,0.0,1.1507294089443996,1.0
2015-06-09,1.1523203822685235,1.0279729563749211,1,1.0,5.0,0.0,1.1512574795208028,1.0
2015-06-10,1.1518968989558913,1.027595171342598,1,1.0,5.0,0.0,1.1508343868300703,1.0
2015-06-11,1.1505786877421327,1.0264192089111548,1,1.0,5.0,0.0,1.149517391537112,1.0
2015-06-12,1.1494462148233886,1.0254089416693273,1,1.0,5.0,0.0,1.1483859632137734,1.0
2015-06-15,1.147718317998913,1.0238675029910753,1,1.0,5.0,0.0,1.1466596602049681,1.0
2015-06-16,1.147042230605061,1.0232643725008745,1,1.0,5.0,0.0,1.1459841964355522,1.0
2015-06-17,1.1481683353536905,1.0242689587647722,1,1.0,5.0,0.0,1.1471092624627894,1.0
2015-06-18,1.1502454201727927,1.0261219043995016,1,1.0,5.0,0.0,1.14918443137448,1.0
2015-06-19,1.1514850906218024,1.0272278014364786,1,1.0,5.0,0.0,1.1504229583488559,1.0
2015-06-23,1.1502072111521042,1.0260878185319238,1,1.0,5.0,0.0,1.1491462575978724,1.0
2015-06-24,1.1495735782256842,1.0255225612279208,1,1.0,5.0,0.0,1.1485132091357984,1.0
2015-06-25,1.1490513882762725,1.0250567210376873,1,1.0,5.0,0.0,1.1479915008554957,1.0
2015-06-26,1.1497699301375564,1.025697724714086,1,1.0,5.0,0.0,1.1487093799322534,1.0
2015-06-29,1.1494037603559568,1.0253710684831294,1,1.0,5.0,0.0,1.1483435479064314,1.0
2015-06-30,1.1497911573712722,1.0257166613071849,1,1.0,5.0,0.0,1.1487305875859242,1.0
2015-07-01,1.1484771916042569,1.0245444861943616,1,1.0,5.0,0.0,1.1474178338237,1.0
2015-07-02,1.1482076057360648,1.0243039914620053,1,1.0,5.0,0.0,1.1471484966220804,1.0
2015-07-03,1.1505553377850453,1.026398378658746,1,1.0,5.0,0.0,1.149494063118074,1.0
2015-07-06,1.1562622795695694,1.0314894817133908,1,1.0,5.0,0.0,1.1551957408074756,1.0
2015-07-07,1.1603177425709952,1.0351073178249397,1,1.0,5.0,0.0,1.1592474630412868,1.0
2015-07-08,1.160392037889001,1.035173595900786,1,1.0,5.0,0.0,1.159321689829135,1.0
2015-07-09,1.1621135665433617,1.0367093536011083,1,1.0,5.0,0.0,1.1610416305418387,1.0
2015-07-10,1.1577025473771942,1.0327743295551528,1,1.0,5.0,0.0,1.156634680109041,1.0
2015-07-13,1.1579562128200995,1.0330006218426846,1,1.0,5.0,0.0,1.1568881115704075,1.0
2015-07-14,1.1553293426477549,1.0306572184466931,1,1.0,5.0,0.0,1.1542636644286426,1.0
2015-07-15,1.1541830720270954,1.0296346424193517,1,1.0,5.0,0.0,1.153118451130418,1.0
2015-07-16,1.154081181305259,1.0295437467724768,1,1.0,5.0,0.0,1.153016654392798,1.0
2015-07-17,1.1550777999282213,1.0304328198184711,1,1.0,5.0,0.0,1.1540123537326434,1.0
2015-07-20,1.1564374042477257,1.0316457086064568,1,1.0,5.0,0.0,1.1553707039502599,1.0
2015-07-21,1.156191168336621,1.0314260441265095,1,1.0,5.0,0.0,1.1551246951676784,1.0
2015-07-22,1.1554089447741895,1.0307282306708143,1,1.0,5.0,0.0,1.1543431931299082,1.0
2015-07-23,1.1566029766707098,1.0317934140326286,1,1.0,5.0,0.0,1.1555361236488921,1.0
2015-07-24,1.1588573088913403,1.033804480219734,1,1.0,5.0,0.0,1.157788376468734,1.0
2015-07-27,1.1599855363633411,1.0348109601429414,1,1.0,5.0,0.0,1.1589155632613384,1.0
2015-07-28,1.1612326363441512,1.0359234849875032,1,1.0,5.0,0.0,1.1601615129144995,1.0
2015-07-29,1.1615128358292013,1.036173448016409,1,1.0,5.0,0.0,1.1604414539429544,1.0
2015-07-30,1.1618163852713388,1.0364442412977233,1,1.0,5.0,0.0,1.160744723390447,1.0
2015-07-31,1.15855694353426,1.0335365274273842,1,1.0,5.0,0.0,1.1574882881692918,1.0
2015-08-03,1.1576250679741311,1.0327052109903416,1,1.0,5.0,0.0,1.1565572721731425,1.0
2015-08-04,1.1587267614039871,1.0336880201721754,1,1.0,5.0,0.0,1.1576579493986583,1.0
2015-08-05,1.159372069308951,1.0342636926023827,1,1.0,5.0,0.0,1.1583026620702515,1.0
2015-08-06,1.1597393004522365,1.0345912956629941,1,1.0,5.0,0.0,1.1586695544787569,1.0
2015-08-07,1.1599823522782837,1.0348081196539767,1,1.0,5.0,0.0,1.1589123821132878,1.0
2015-08-10,1.1598677252162177,1.0347058620512426,1,1.0,5.0,0.0,1.1587978607834653,1.0
2015-08-11,1.1564469565028979,1.0316542300733513,1,1.0,5.0,0.0,1.1553802473944115,1.0
2015-08-12,1.1556275852814635,1.0309232775797332,1,1.0,5.0,0.0,1.1545616319627179,1.0
2015-08-13,1.1550777999282213,1.0304328198184711,1,1.0,5.0,0.0,1.1540123537326434,1.0
2015-08-14,1.1561826774431345,1.0314184694892699,1,1.0,5.0,0.0,1.15511621210621,1.0
2015-08-17,1.15567640791901,1.0309668317438607,1,1.0,5.0,0.0,1.1546104095661607,1.0
2015-08-18,1.1554057606891321,1.0307253901818492,1,1.0,5.0,0.0,1.1543400119818576,1.0
2015-08-19,1.154626721211758,1.030030417215119,1,1.0,5.0,0.0,1.1535616910921385,1.0
2015-08-20,1.1546458257221024,1.030047460148908,1,1.0,5.0,0.0,1.1535807779804421,1.0
2015-08-21,1.1551489111611695,1.0304962574053524,1,1.0,5.0,0.0,1.1540833993724406,1.0
2015-08-24,1.1563142862921734,1.031535876366483,1,1.0,5.0,0.0,1.1552476995589689,1.0
2015-08-25,1.157615515718959,1.032696689523447,1,1.0,5.0,0.0,1.1565477287289907,1.0
2015-08-26,1.1581058648177966,1.0331341248240322,1,1.0,5.0,0.0,1.1570376255287866,1.0
2015-08-27,1.1642086945111227,1.0385783953399719,1,1.0,5.0,0.0,1.1631348259591492,1.0
2015-08-28,1.164706473141761,1.0390224584481416,1,1.0,5.0,0.0,1.16363214543773,1.0
2015-08-31,1.1684254844887896,1.0423401495590727,1,1.0,5.0,0.0,1.167347726360859,1.0
2015-09-01,1.1702807447155608,1.0439952077959183,1,1.0,5.0,0.0,1.1692012752916894,1.0
2015-09-02,1.170778523346199,1.044439270904088,1,1.0,5.0,0.0,1.1696985947702698,1.0
2015-09-06,1.1704558693937168,1.0441514346889842,1,0.6,4.0,1.0,1.1693762384344735,1.0
2015-09-07,1.1693138442198006,1.0431326459802623,1,0.2,3.0,2.0,1.168137690503355,0.6
2015-09-08,1.1688659495883948,1.042733083865875,1,0.2,3.0,2.0,1.1677829757147626,0.2
2015-09-09,1.168195169002972,1.0421346875239494,1,0.2,3.0,2.0,1.1676627282919274,0.2
2015-09-10,1.1681643895140836,1.0421072294639557,1,0.2,3.0,2.0,1.1676572106095506,0.2
2015-09-11,1.1684042572550737,1.0423212129659736,1,0.2,3.0,2.0,1.1677002104791088,0.2
2015-09-14,1.1684732457646503,1.0423827568935449,1,0.2,3.0,2.0,1.1677125776982293,0.2
2015-09-15,1.1692416716251663,1.043068261563726,1,0.2,3.0,2.0,1.1678503294927434,0.2
2015-09-16,1.1695791846412495,1.043369353393999,1,0.2,3.0,2.0,1.1679108337339803,0.2
2015-09-17,1.1695155029401019,1.0433125436147022,1,0.2,3.0,2.0,1.1678994178394073,0.2
2015-09-18,1.170262701566902,1.0439791116917843,1,0.2,3.0,2.0,1.1680333643357304,0.2
2015-09-21,1.1697543093194058,1.043525580287065,1,0.2,3.0,2.0,1.167942227444056,0.2
2015-09-22,1.1693647895807189,1.0431780938036999,1,0.2,3.0,2.0,1.1678724002222514,0.2
2015-09-23,1.1686069773370606,1.0425020574300683,1,0.2,3.0,2.0,1.1677365510768325,0.2
2015-09-24,1.1699071454021606,1.0436619237573772,1,0.2,3.0,2.0,1.1679696255910312,0.2
2015-09-25,1.1697129162136597,1.0434886539305221,1,0.2,3.0,2.0,1.1679348071125835,0.2
2015-09-28,1.1715013106542258,1.0450840618991062,1,0.2,3.0,2.0,1.1682554034851749,0.2
2015-09-29,1.1733799208380844,1.0467599503883607,1,0.2,3.0,2.0,1.168592172375078,0.2
2015-09-30,1.1750536882165843,1.0482531007542106,1,0.2,3.0,2.0,1.168892220137438,0.2
2015-10-08,1.175705364291663,1.0488344541623473,1,0.2,3.0,2.0,1.1690090427919015,0.2
2015-10-09,1.1835371521711504,1.0558211101861943,1,0.2,3.0,2.0,1.1704130075594692,0.2
2015-10-10,1.183752608593367,1.0560133166061483,1,0.2,3.0,2.0,1.1704516313361077,0.2
2015-10-12,1.1827199036730878,1.0550920513518858,1,0.2,3.0,2.0,1.1702665035791158,0.2
2015-10-13,1.1874896630890541,1.0593471038212134,1,0.2,3.0,2.0,1.1711215540826323,0.2
2015-10-14,1.193691199419159,1.064879429495063,1,0.2,3.0,2.0,1.1722332719491315,0.2
2015-10-15,1.1897015408422524,1.061320296822121,1,0.2,3.0,2.0,1.171518066154134,0.2
2015-10-16,1.1859931431120818,1.0580120740077394,1,0.2,3.0,2.0,1.1708532805601672,0.2
2015-10-19,1.1859050500921609,1.057933487146379,1,0.2,3.0,2.0,1.1708374885726747,0.2
2015-10-20,1.1900082743694476,1.0615939305924003,1,0.2,3.0,2.0,1.171573052712994,0.2
2015-10-21,1.1896314909709902,1.0612578060648947,1,0.2,3.0,2.0,1.1715055086701038,0.2
2015-10-22,1.1898129838192613,1.0614197139358903,1,0.2,3.0,2.0,1.1715380439696368,0.2
2015-10-23,1.19156529196251,1.0629829296962063,1,0.2,3.0,2.0,1.1718521713353034,0.2
2015-10-26,1.1950359446750622,1.0660790626678798,1,0.2,3.0,2.0,1.1724743375895312,0.2
2015-10-27,1.1978623508443367,1.068600470039001,1,0.2,3.0,2.0,1.1729810130436622,0.2
2015-10-28,1.1969113707738634,1.0677521106681693,1,0.2,3.0,2.0,1.1728105356847056,0.2
2015-10-29,1.1940584305624444,1.0652070325556744,1,0.2,3.0,2.0,1.1722991036078358,0.2
2015-10-30,1.1921490408896975,1.0635036860064264,1,0.2,3.0,2.0,1.1719568170355559,0.2
2015-11-02,1.1927847965394893,1.0640708369697391,1,0.2,3.0,2.0,1.172070785716376,0.2
2015-11-03,1.1902226694299782,1.0617851901826993,1,0.2,3.0,2.0,1.171611486224723,0.2
2015-11-04,1.187526810748057,1.0593802428591366,1,0.2,3.0,2.0,1.1711282133544665,0.2
2015-11-05,1.1859942044737677,1.0580130208373943,1,0.2,3.0,2.0,1.1708534708250766,0.2
2015-11-06,1.1860228612392842,1.058038585238078,1,0.2,3.0,2.0,1.1708586079776349,0.2
2015-11-09,1.1782176074019417,1.0510755999556047,1,0.2,3.0,2.0,1.1694593998328058,0.2
2015-11-10,1.1800070632041935,1.052671954753844,1,0.2,3.0,2.0,1.1697801864703066,0.2
2015-11-11,1.183596588425555,1.0558741326468712,1,0.2,3.0,2.0,1.1704236623944038,0.2
2015-11-12,1.1838576834002608,1.056107052741988,1,0.2,3.0,2.0,1.1704704675621531,0.2
2015-11-13,1.1844785799864515,1.0566609480901314,1,0.2,3.0,2.0,1.17058177253424,0.2
2015-11-16,1.1841729078209422,1.056388261149507,1,0.2,3.0,2.0,1.1705269762402895,0.2
2015-11-17,1.1841930736929722,1.0564062509129508,1,0.2,3.0,2.0,1.1705305912735708,0.2
2015-11-18,1.1829013965213588,1.0552539592228818,1,0.2,3.0,2.0,1.170299038878649,0.2
2015-11-19,1.1817264691351828,1.0542058187948564,1,0.2,3.0,2.0,1.1700884156237774,0.2
2015-11-20,1.182952341882277,1.055299407046319,1,0.2,3.0,2.0,1.1703081715943073,0.2
2015-11-23,1.1828971510746156,1.055250171904262,1,0.2,3.0,2.0,1.1702982778190107,0.2
2015-11-24,1.18416335556577,1.0563797396826125,1,0.2,3.0,2.0,1.1705252638561034,0.2
2015-11-25,1.1857936071151522,1.0578340700326094,1,0.2,3.0,2.0,1.170817510757172,0.2
2015-11-26,1.188528736179448,1.0602740500534056,1,0.2,3.0,2.0,1.1713078234290815,0.2
2015-11-27,1.1881148051219876,1.0599047864879765,1,0.2,3.0,2.0,1.1712336201143574,0.2
2015-11-30,1.1901133491763412,1.06168766672824,1,0.2,3.0,2.0,1.1715918889390395,0.2
2015-12-01,1.1899944766675323,1.0615816218068863,1,0.2,3.0,2.0,1.1715705792691697,0.2
2015-12-02,1.1904965007449135,1.0620294722336754,1,0.2,3.0,2.0,1.1716605745713866,0.2
2015-12-03,1.1912914606475746,1.06273864764523,1,0.2,3.0,2.0,1.1718030829886394,0.2
2015-12-04,1.1921564704214984,1.0635103138140112,1,0.2,3.0,2.0,1.1719581488899227,0.2
2015-12-07,1.1919940820835715,1.0633654488768045,1,0.2,3.0,2.0,1.1719290383587615,0.2
2015-12-08,1.1930607505777964,1.0643170126800252,1,0.2,3.0,2.0,1.172120254592859,0.2
2015-12-09,1.1944521957478746,1.0655583063576592,1,0.2,3.0,2.0,1.172369691889279,0.2
2015-12-10,1.1942749483463468,1.0654001858052835,1,0.2,3.0,2.0,1.1723379176493842,0.2
2015-12-11,1.1953140214367408,1.0663271320374756,1,0.2,3.0,2.0,1.1725241869958332,0.2
2015-12-14,1.193441779422997,1.0646569245261508,1,0.2,3.0,2.0,1.1721885596953874,0.2
2015-12-15,1.1927625079440876,1.0640509535469853,1,0.2,3.0,2.0,1.1720667901532758,0.2
2015-12-16,1.1944638707264184,1.0655687214838638,1,0.2,3.0,2.0,1.1723717848032837,0.2
2015-12-17,1.1946103386390583,1.0656993839762463,1,0.2,3.0,2.0,1.1723980413608017,0.2
2015-12-18,1.1990967144849172,1.0697016329277034,1,0.2,3.0,2.0,1.1732022911334685,0.2
2015-12-21,1.2049395105652232,1.0749139301781814,1,0.2,3.0,2.0,1.17424969946054,0.2
2015-12-22,1.207077093000416,1.0768208451032428,1,0.2,3.0,2.0,1.1746328929883731,0.2
2015-12-23,1.2064869759031136,1.0762944078150927,1,0.2,3.0,2.0,1.1745271056986635,0.2
2015-12-24,1.2110497697903497,1.0803648285017056,1,0.2,3.0,2.0,1.175345054544818,0.2
2015-12-25,1.2094354386662542,1.0789247005965328,1,0.2,3.0,2.0,1.1750556616173926,0.2
2015-12-28,1.2116505005045102,1.0809007340864052,1,0.2,3.0,2.0,1.1754527444836231,0.2
2015-12-29,1.2103365347374948,1.0797285589735819,1,0.2,3.0,2.0,1.1752171965256006,0.2
2015-12-30,1.2102749757597187,1.0796736428535951,1,0.2,3.0,2.0,1.1752061611608464,0.2
2015-12-31,1.210221907675429,1.0796263013708478,1,0.2,3.0,2.0,1.175196647915369,0.2
2016-01-04,1.2059923813575326,1.0758531851958877,1,0.2,3.0,2.0,1.1744384422508134,0.2
2016-01-05,1.204357884361407,1.0743950675272709,1,0.2,3.0,2.0,1.1741454342901068,0.2
2016-01-06,1.2046571883568014,1.0746620734899655,1,0.2,3.0,2.0,1.1741990889945997,0.2
2016-01-07,1.2063617352241895,1.076182681915809,1,0.2,3.0,2.0,1.1745046544393367,0.2
2016-01-08,1.2080312571559464,1.077672044963039,1,0.2,3.0,2.0,1.1748039411420583,0.2
2016-01-11,1.2079739436249133,1.077620916161672,1,0.2,3.0,2.0,1.1747936668369428,0.2
2016-01-12,1.210543500266225,1.0799131907562964,1,0.2,3.0,2.0,1.1752542981829628,0.2
2016-01-13,1.2156560795067035,1.0844740692041717,1,0.2,3.0,2.0,1.1761708042522638,0.2
2016-01-14,1.21332426788301,1.0823938844522552,1,0.2,3.0,2.0,1.175752792245983,0.2
2016-01-15,1.2135450311136555,1.0825908250204839,1,0.2,3.0,2.0,1.1757923673471695,0.2
2016-01-18,1.2115167689320998,1.080781433549882,1,-0.2,2.0,3.0,1.1754287711050198,0.2
2016-01-19,1.2093315767531887,1.0792636656130035,-1,-0.2,2.0,3.0,1.1750275838174395,-0.2
2016-01-20,1.2108996419732367,1.077864251382993,-1,-0.6,1.0,4.0,1.1753700074044462,-0.2
2016-01-21,1.2094917782743169,1.0791206943351066,-1,-0.6,1.0,4.0,1.1749667498026568,-0.6
2016-01-22,1.2086759175475124,1.07984880633976,-1,-0.6,1.0,4.0,1.1744653334204296,-0.6
2016-01-25,1.2121674619583227,1.0767327899453327,-1,-0.6,1.0,4.0,1.1766111868845512,-0.6
2016-01-26,1.2130756242237901,1.0759223037606989,-1,-0.6,1.0,4.0,1.1771693304777715,-0.6
2016-01-27,1.2148166222116783,1.0743685562969325,-1,-0.6,1.0,4.0,1.1782393230437465,-0.6
2016-01-28,1.2155338157764635,1.073728499450189,-1,-0.6,1.0,4.0,1.178680099993533,-0.6
2016-01-29,1.212989688308483,1.0759989969627497,-1,-0.6,1.0,4.0,1.1771165154882264,-0.6
2016-02-01,1.2126554930822888,1.0762972483040576,-1,-0.6,1.0,4.0,1.1769111238622165,-0.6
2016-02-02,1.213696272501008,1.0753684084125554,-1,-0.6,1.0,4.0,1.1775507720689327,-0.6
2016-02-03,1.2148972534408553,1.0742965972431564,-1,-0.6,1.0,4.0,1.1782888778487521,-0.6
2016-02-04,1.2160833812595384,1.073238041688927,-1,-0.6,1.0,4.0,1.17901785511186,-0.6
2016-02-05,1.215196437738591,1.0740295912804616,-1,-0.6,1.0,4.0,1.1784727522567988,-0.6
2016-02-06,1.2148707300102048,1.0743202679845303,-1,-0.6,1.0,4.0,1.178272576926053,-0.6
2016-02-14,1.21085614354697,1.077903071398846,-1,-0.6,1.0,4.0,1.1758052692663032,-0.6
2016-02-15,1.2125387899874274,1.0764013995661015,-1,-0.6,1.0,4.0,1.17683939980234,-0.6
2016-02-16,1.2131912663814257,1.0758190993283097,-1,-0.6,1.0,4.0,1.1772404025007401,-0.6
2016-02-17,1.213597605338989,1.0754564635704653,-1,-0.6,1.0,4.0,1.1774901326364917,-0.6
2016-02-18,1.2136655053214538,1.075395866472549,-1,-0.6,1.0,4.0,1.1775318629986016,-0.6
2016-02-19,1.2129377023844086,1.0760453916158417,-1,-0.6,1.0,4.0,1.177084565679736,-0.6
2016-02-22,1.2133238835346773,1.0757007456214416,-1,-0.2,2.0,3.0,1.177321907114236,-0.6
2016-02-23,1.2131170007756047,1.075885377404156,-1,-0.2,2.0,3.0,1.1770986057489718,-0.2
2016-02-24,1.214237350486275,1.074885525288533,-1,-0.2,2.0,3.0,1.1773403621556542,-0.2
2016-02-25,1.2144325629358614,1.0747113086320228,-1,-0.2,2.0,3.0,1.1773824863780304,-0.2
2016-02-26,1.2140601739695307,1.075043645840909,-1,-0.2,2.0,3.0,1.1773021298451276,-0.2
2016-02-29,1.2139169474440188,1.0751714678443265,-1,-0.2,2.0,3.0,1.1772712234863187,-0.2
2016-03-01,1.2131138179639267,1.0758882178931208,-1,-0.2,2.0,3.0,1.1770979189409982,-0.2
2016-03-02,1.2140516864717226,1.0750512204781484,-1,-0.2,2.0,3.0,1.177300298357198,-0.2
2016-03-03,1.2144707566759978,1.0746772227644448,-1,-0.2,2.0,3.0,1.1773907280737128,-0.2
2016-03-04,1.2155741313910517,1.073692519923301,-1,-0.2,2.0,3.0,1.1776288215045363,-0.2
2016-03-07,1.2176620558518465,1.071829159162367,-1,-0.2,2.0,3.0,1.1780793675351713,-0.2
2016-03-08,1.2171103684943194,1.0723215105829391,-1,-0.2,2.0,3.0,1.1779603208197595,-0.2
2016-03-09,1.2158001110201928,1.0734908452067973,-1,0.2,3.0,2.0,1.1776775848706569,-0.2
2016-03-10,1.2140942754323047,1.0745815929692952,1,0.2,3.0,2.0,1.1773180711775901,0.2
2016-03-11,1.2149693361122995,1.075356099627041,1,0.2,3.0,2.0,1.177475967542113,0.2
2016-03-14,1.21547212158858,1.0758011095648656,1,0.2,3.0,2.0,1.1775666903921445,0.2
2016-03-15,1.2166392257473506,1.076834100718412,1,0.2,3.0,2.0,1.1777772832206224,0.2
2016-03-16,1.2173516834648033,1.077464689268606,1,0.2,3.0,2.0,1.1779058394293902,0.2
2016-03-17,1.2181550704705197,1.0781757583394707,1,0.2,3.0,2.0,1.1780508029621,0.2
2016-03-18,1.2178812128493968,1.0779333699478042,1,0.2,3.0,2.0,1.178001387962934,0.2
2016-03-21,1.217635168892919,1.0777155991271667,1,0.2,3.0,2.0,1.1779569916746209,0.2
2016-03-22,1.2177720977034805,1.0778367933229998,1,-0.2,2.0,3.0,1.1779816991742038,0.2
2016-03-23,1.2168691174741404,1.0774684765872258,-1,-0.2,2.0,3.0,1.177810209242296,-0.2
2016-03-24,1.2167247581245422,1.0775962985906435,-1,-0.2,2.0,3.0,1.1777790860530737,-0.2
2016-03-25,1.215870364640624,1.0783528154849453,-1,-0.2,2.0,3.0,1.1775948828813059,-0.2
2016-03-28,1.2169450397987438,1.0774012516817246,-1,-0.2,2.0,3.0,1.1778265777344055,-0.2
2016-03-29,1.2168381069471896,1.077495934647219,-1,-0.2,2.0,3.0,1.1778035235201672,-0.2
2016-03-30,1.2169931595819432,1.077358644347252,-1,-0.2,2.0,3.0,1.1778369521308132,-0.2
2016-03-31,1.216213619094113,1.0780488831657078,-1,-0.2,2.0,3.0,1.1776688869090122,-0.2
2016-04-01,1.2165226550351047,1.0777752493954282,-1,-0.2,2.0,3.0,1.1777355135881624,-0.2
2016-04-05,1.2163397998589471,1.0779371572664238,-1,-0.6,1.0,4.0,1.1776960908818144,-0.2
2016-04-06,1.2165771907893974,1.077726961083026,-1,-0.6,1.0,4.0,1.177650689507835,-0.6
2016-04-07,1.217773769398289,1.0766674586991414,-1,-0.6,1.0,4.0,1.1783834087318588,-0.6
2016-04-08,1.2182506899162209,1.0762451726730353,-1,-0.6,1.0,4.0,1.1786754487442939,-0.6
2016-04-11,1.218736165062277,1.07581531200969,-1,-0.6,1.0,4.0,1.178972727142602,-0.6
2016-04-12,1.218117023851778,1.0763635263799036,-1,-0.6,1.0,4.0,1.178593598965024,-0.6
2016-04-13,1.2192761759626258,1.0753371630339423,-1,-0.6,1.0,4.0,1.1793034002508525,-0.6
2016-04-14,1.2206962442312659,1.0740797732521739,-1,-0.6,1.0,4.0,1.1801729723058159,-0.6
2016-04-15,1.221242671102708,1.0735959432984963,-1,-0.6,1.0,4.0,1.1805075742034712,-0.6
2016-04-18,1.220481309199642,1.074270086012818,-1,-0.6,1.0,4.0,1.1800413578607498,-0.6
2016-04-19,1.2200247059235054,1.0746743822754798,-1,-0.6,1.0,4.0,1.179761759014764,-0.6
2016-04-20,1.2213089694706716,1.07353723985989,-1,-0.6,1.0,4.0,1.1805481716939892,-0.6
2016-04-21,1.2217302849057952,1.073164188975841,-1,-0.6,1.0,4.0,1.1808061621982477,-0.6
2016-04-22,1.224940409109453,1.070321806351693,-1,-0.6,1.0,4.0,1.1827718664971936,-0.6
2016-04-25,1.2278564679713366,1.0677398018826552,-1,-0.6,1.0,4.0,1.1845575012817455,-0.6
2016-04-26,1.2267935554268876,1.0686809505596715,-1,-0.6,1.0,4.0,1.1839066318369915,-0.6
2016-04-27,1.2251382348848283,1.070146642865528,-1,-0.6,1.0,4.0,1.182893004170513,-0.6
2016-04-28,1.2245255096454226,1.0706891762578121,-1,-0.6,1.0,4.0,1.1825178047823397,-0.6
2016-04-29,1.2244602806059746,1.0707469328667638,-1,-0.6,1.0,4.0,1.1824778620900562,-0.6
2016-05-03,1.2240849462970191,1.0710792700756497,-1,-0.6,1.0,4.0,1.1822480279098662,-0.6
2016-05-04,1.2231407292177954,1.0719153206609673,-1,-0.6,1.0,4.0,1.1816698410691036,-0.6
2016-05-05,1.2225547371912784,1.0724341833118778,-1,-0.6,1.0,4.0,1.1813110116367844,-0.6
2016-05-06,1.2239138537345324,1.0712307628204412,-1,-0.6,1.0,4.0,1.1821432601924007,-0.6
2016-05-09,1.223113996004907,1.0719389914023407,-1,-0.6,1.0,4.0,1.1816534711132498,-0.6
2016-05-10,1.2232989898380957,1.0717751898720353,-1,-0.6,1.0,4.0,1.1817667512077592,-0.6
2016-05-11,1.2229610820271843,1.0720743880429981,-1,-0.6,1.0,4.0,1.181559834965765,-0.6
2016-05-12,1.2231246892900622,1.0719295231057915,-1,-0.6,1.0,4.0,1.1816600190955913,-0.6
2016-05-13,1.2222114827377892,1.0727381156311153,-1,-0.6,1.0,4.0,1.1811008214036194,-0.6
2016-05-16,1.2238315154388357,1.071303668703872,-1,-0.6,1.0,4.0,1.1820928407283706,-0.6
2016-05-17,1.223924547019688,1.0712212945238917,-1,-0.6,1.0,4.0,1.1821498081747426,-0.6
2016-05-18,1.2253446152883278,1.0699639047421234,-1,-0.6,1.0,4.0,1.1830193802297058,-0.6
2016-05-19,1.226932568133908,1.0685578627045285,-1,-0.6,1.0,4.0,1.183991755607432,-0.6
2016-05-20,1.2258942501453165,1.0694772342994812,-1,-0.6,1.0,4.0,1.1833559465220636,-0.6
2016-05-23,1.225977657769529,1.0694033815863955,-1,-0.6,1.0,4.0,1.183407020784328,-0.6
2016-05-24,1.22509225375866,1.0701873565406905,-1,-0.2,2.0,3.0,1.1828648478464443,-0.6
2016-05-25,1.2254900439664418,1.0698351359090508,-1,0.2,3.0,2.0,1.183012069046303,-0.2
2016-05-26,1.2254022531858124,1.069481968447756,1,0.2,3.0,2.0,1.183000710622006,0.2
2016-05-27,1.2251744308216919,1.0692831342202174,1,0.2,3.0,2.0,1.1829589250975934,0.2
2016-05-30,1.2236241538772696,1.0679301146432991,1,0.2,3.0,2.0,1.1826745845529008,0.2
2016-05-31,1.2240939018947188,1.0683400918838908,1,0.2,3.0,2.0,1.1827607423246655,0.2
2016-06-01,1.2234386413807712,1.0677682067723036,1,0.2,3.0,2.0,1.1826405591973077,0.2
2016-06-02,1.221723464439462,1.0662712690878338,1,0.2,3.0,2.0,1.1823259738920882,0.2
2016-06-03,1.2206733118277049,1.0653547379818462,1,0.2,3.0,2.0,1.182133362522415,0.2
2016-06-06,1.2223960828478184,1.0668583034739005,1,0.2,3.0,2.0,1.1824493406784486,0.2
2016-06-07,1.2220001058816083,1.0665127106498449,1,0.2,3.0,2.0,1.182376713457446,0.2
2016-06-08,1.2226683848163629,1.0670959577172918,1,0.2,3.0,2.0,1.1824992843290558,0.2
2016-06-12,1.2225338611346914,1.0669785508400784,1,0.2,3.0,2.0,1.1824746109717839,0.2
2016-06-13,1.2222496256137407,1.0667304814704825,1,0.2,3.0,2.0,1.1824224785556123,0.2
2016-06-14,1.223462508485584,1.0677890370247123,1,0.2,3.0,2.0,1.1826449367284368,0.2
2016-06-15,1.2252134860841124,1.0693172200877952,1,0.2,3.0,2.0,1.1829660883303499,0.2
2016-06-16,1.2257157801535787,1.0697556022180352,1,0.6,4.0,1.0,1.183058215462745,0.2
2016-06-17,1.2251527334536803,1.0692641976271182,1,0.6,4.0,1.0,1.1828608717222473,0.6
2016-06-20,1.225704931469573,1.0697461339214858,1,0.6,4.0,1.0,1.1831741555092858,0.6
2016-06-21,1.2250648591132336,1.0691875044250678,1,0.6,4.0,1.0,1.1828110171313824,0.6
2016-06-22,1.2259967610693276,1.0700008310986664,1,0.6,4.0,1.0,1.1833397219900585,0.6
2016-06-23,1.2262495354066618,1.0702214424082686,1,0.6,4.0,1.0,1.1834831308748917,0.6
2016-06-24,1.2274689274889083,1.071285678940428,1,0.6,4.0,1.0,1.1841749402592359,0.6
2016-06-27,1.2320741938493507,1.0753049708256741,1,0.6,4.0,1.0,1.186787690113811,0.6
2016-06-28,1.2323031010818721,1.0755047518828678,1,0.6,4.0,1.0,1.1869175582455698,0.6
2016-06-29,1.2328173287037447,1.0759535491393122,1,0.6,4.0,1.0,1.1872092999254447,0.6
2016-06-30,1.2319168879312672,1.0751676805257069,1,0.6,4.0,1.0,1.1866984442412756,0.6
2016-07-01,1.2350966372133534,1.0779428382443537,1,0.6,4.0,1.0,1.188502441844046,0.6
2016-07-04,1.235301677341062,1.0781217890491386,1,0.6,4.0,1.0,1.1886187692227301,0.6
2016-07-05,1.2341810082832678,1.0771437140155793,1,0.6,4.0,1.0,1.1879829693170114,0.6
2016-07-06,1.2344023214369853,1.0773368672651884,1,0.6,4.0,1.0,1.1881085290273372,0.6
2016-07-07,1.2349230582692612,1.0777913454995622,1,0.6,4.0,1.0,1.1884039636398689,0.6
2016-07-08,1.2351888510274023,1.078023318765024,1,0.6,4.0,1.0,1.188554758390015,0.6
2016-07-11,1.2352767253678487,1.0781000119670745,1,0.6,4.0,1.0,1.1886046129808796,0.6
2016-07-12,1.2345303359082531,1.077448593164472,1,0.2,3.0,2.0,1.188181156702918,0.6
2016-07-13,1.2343035984125328,1.077250705766588,1,0.2,3.0,2.0,1.1879601924727183,0.2
2016-07-14,1.2342981740705299,1.0772459716183134,1,0.2,3.0,2.0,1.1879591437583858,0.2
2016-07-15,1.2345498635394634,1.077465636098261,1,-0.2,2.0,3.0,1.1880078041034055,0.2
2016-07-18,1.2340062583494484,1.0774220819341334,-1,-0.2,2.0,3.0,1.1879004600852372,-0.2
2016-07-19,1.2339715564441687,1.0774523804830916,-1,-0.2,2.0,3.0,1.187893435168102,-0.2
2016-07-20,1.2332265499151975,1.0781028524560397,-1,-0.2,2.0,3.0,1.1877426189783615,-0.2
2016-07-21,1.2313960244116993,1.0797011009135884,-1,-0.2,2.0,3.0,1.187372054599493,-0.2
2016-07-22,1.2308516382726256,1.0801764094003714,-1,-0.2,2.0,3.0,1.1872618512119386,-0.2
2016-07-25,1.2319501704616327,1.0792172709599113,-1,-0.2,2.0,3.0,1.1874842337449916,-0.2
2016-07-26,1.231399277715319,1.0796982604246237,-1,-0.2,2.0,3.0,1.1873727131854745,-0.2
2016-07-27,1.232267909781849,1.0789398498710119,-1,-0.2,2.0,3.0,1.1875485556425085,-0.2
2016-07-28,1.231595560367057,1.0795268842570784,-1,-0.2,2.0,3.0,1.1874124478730188,-0.2
2016-07-29,1.2314112064952591,1.0796878452984193,-1,-0.2,2.0,3.0,1.1873751280007396,-0.2
2016-08-01,1.2307236749969073,1.080288135299655,-1,-0.2,2.0,3.0,1.1872359468300036,-0.2
2016-08-02,1.2303462917769916,1.0806176320195762,-1,-0.2,2.0,3.0,1.1871595508561612,-0.2
2016-08-03,1.2307659679439669,1.0802512089431122,-1,-0.2,2.0,3.0,1.1872445084477616,-0.2
2016-08-04,1.2302747190973524,1.0806801227768028,-1,-0.2,2.0,3.0,1.1871450619645703,-0.2
2016-08-05,1.2281644094825375,1.0825226532853278,-1,-0.2,2.0,3.0,1.186717859191301,-0.2
2016-08-08,1.2283585232651952,1.0823531707770924,-1,-0.2,2.0,3.0,1.186757154821525,-0.2
2016-08-09,1.2267893464858337,1.0837232332877995,-1,-0.2,2.0,3.0,1.1864394968498289,-0.2
2016-08-10,1.2263056886809993,1.0841455193139053,-1,-0.2,2.0,3.0,1.1863415870672607,-0.2
2016-08-11,1.2251399215505132,1.0851633611929723,-1,-0.6,1.0,4.0,1.1861055937572587,-0.2
2016-08-12,1.2238386001025285,1.0862995567789075,-1,-0.6,1.0,4.0,1.1857433871346053,-0.6
2016-08-15,1.221856253763432,1.0880303613881488,-1,-0.6,1.0,4.0,1.184555218169482,-0.6
2016-08-16,1.2208043522596443,1.0889487861534466,-1,-0.6,1.0,4.0,1.1839247346376607,-0.6
2016-08-17,1.2216708154570943,1.0881922692591448,-1,-0.6,1.0,4.0,1.1844440710726354,-0.6
2016-08-18,1.2230827492281575,1.0869594970484047,-1,-0.6,1.0,4.0,1.1852903489679254,-0.6
2016-08-19,1.2234829055734127,1.0866101169057298,-1,-0.6,1.0,4.0,1.1855301927032265,-0.6
2016-08-22,1.2242441786204838,1.0859454424879575,-1,-0.6,1.0,4.0,1.1859864807850187,-0.6
2016-08-23,1.2258513106087447,1.0845422409393277,-1,-0.6,1.0,4.0,1.1869497556243584,-0.6
2016-08-24,1.228034277337739,1.0826362728439214,-1,-0.6,1.0,4.0,1.1882581714486435,-0.6
2016-08-25,1.2272415556890084,1.0833284053216867,-1,-0.6,1.0,4.0,1.1877830338591988,-0.6
2016-08-26,1.227597250218124,1.0830178451948644,-1,-0.6,1.0,4.0,1.1879962282905772,-0.6
2016-08-29,1.227197093872869,1.0833672253375397,-1,-0.6,1.0,4.0,1.187756384555276,-0.6
2016-08-30,1.2290796722342867,1.0817235290565532,-1,-0.6,1.0,4.0,1.18888475508233,-0.6
2016-08-31,1.2302118218940332,1.0807350388967896,-1,-0.6,1.0,4.0,1.1895633373578163,-0.6
2016-09-01,1.230234595019373,1.0807151554740357,-1,-0.6,1.0,4.0,1.1895769870012884,-0.6
2016-09-02,1.230237848322993,1.080712314985071,-1,-0.6,1.0,4.0,1.189578936950356,-0.6
2016-09-05,1.2308744113979653,1.0801565259776176,-1,-0.6,1.0,4.0,1.1899604769845613,-0.6
2016-09-06,1.231336380512,1.0797531765446104,-1,-0.6,1.0,4.0,1.1902373697521447,-0.6
2016-09-07,1.23134939372648,1.079741814588751,-1,-0.6,1.0,4.0,1.1902451695484146,-0.6
2016-09-08,1.231762563286215,1.0793810724902169,-1,-0.6,1.0,4.0,1.1904928130799857,-0.6
2016-09-09,1.2314426550969186,1.0796603872384256,-1,-0.6,1.0,4.0,1.1903010680883495,-0.6
2016-09-12,1.2325563693694856,1.0786879931827964,-1,-0.6,1.0,4.0,1.1909686006524531,-0.6
2016-09-13,1.2323264692470082,1.0788887210696447,-1,-0.6,1.0,4.0,1.1908308042516837,-0.6
2016-09-14,1.231746296768115,1.079395274935041,-1,-0.6,1.0,4.0,1.1904830633346484,-0.6
2016-09-18,1.2307551235985668,1.0802606772396615,-1,-0.6,1.0,4.0,1.1898889788520868,-0.6
2016-09-19,1.2307811500275265,1.080237953327943,-1,-0.6,1.0,4.0,1.1899045784446265,-0.6
2016-09-20,1.229822509894178,1.0810749507429152,-1,-0.6,1.0,4.0,1.18932999345274,-0.6
2016-09-21,1.2299320377827165,1.0809793209477656,-1,-0.6,1.0,4.0,1.189395641738012,-0.6
2016-09-22,1.2297563593872387,1.081132707351867,-1,-0.6,1.0,4.0,1.1892903444883676,-0.6
2016-09-23,1.2301619379051938,1.080778593060917,-1,-0.6,1.0,4.0,1.1895334381387812,-0.6
2016-09-26,1.2290232816382074,1.0817727641986103,-1,-0.6,1.0,4.0,1.1888509559651603,-0.6
2016-09-27,1.2296186362006603,1.0812529547180452,-1,-0.6,1.0,4.0,1.1892077966445107,-0.6
2016-09-28,1.229306319053144,1.0815256416586696,-1,-0.6,1.0,4.0,1.1890206015340317,-0.6
2016-09-29,1.2300014415932756,1.0809187238498492,-1,-1.0,0.0,5.0,1.1894372406514517,-0.6
2016-09-30,1.2289105004460485,1.0818712344827248,-1,-1.0,0.0,5.0,1.1886901374226566,-1.0
2016-10-08,1.228702289014371,1.0820530257764747,-1,-1.0,0.0,5.0,1.188487019714533,-1.0
2016-10-09,1.2265681218396765,1.0839163865374082,-1,-1.0,0.0,5.0,1.1864050632062666,-1.0
2016-10-10,1.2257179251603263,1.084658700986886,-1,-1.0,0.0,5.0,1.1855756658980954,-1.0
2016-10-11,1.2257960044472054,1.08459052925173,-1,-1.0,0.0,5.0,1.185651835038642,-1.0
2016-10-12,1.2263956967478185,1.084066932452545,-1,-1.0,0.0,5.0,1.186236856354227,-1.0
2016-10-13,1.225837212959725,1.0845545497248419,-1,-1.0,0.0,5.0,1.1856920354183746,-1.0
2016-10-14,1.2250087049711749,1.0852779275812205,-1,-1.0,0.0,5.0,1.1848837962047998,-1.0
2016-10-17,1.2253719905420704,1.0849607396468137,-1,-1.0,0.0,5.0,1.1852381942892858,-1.0
2016-10-18,1.2248709817845964,1.0853981749473989,-1,-1.0,0.0,5.0,1.1847494423041136,-1.0
2016-10-19,1.223549056080352,1.0865523602967782,-1,-1.0,0.0,5.0,1.183459856438475,-1.0
2016-10-20,1.221948430699331,1.0879498808674786,-1,-1.0,0.0,5.0,1.1818983890572752,-1.0
2016-10-21,1.2198522187335357,1.0897801025904894,-1,-1.0,0.0,5.0,1.179853459214552,-1.0
2016-10-24,1.2191386608062242,1.0904031165034436,-1,-1.0,0.0,5.0,1.179157357902337,-1.0
2016-10-25,1.2196906379870776,1.0899211802090762,-1,-1.0,0.0,5.0,1.1796958314098105,-1.0
2016-10-26,1.2215135724487962,1.0883295595591118,-1,-1.0,0.0,5.0,1.1814741692606217,-1.0
2016-10-27,1.2234894121806528,1.0866044359278,-1,-1.0,0.0,5.0,1.1834016716783355,-1.0
2016-10-28,1.2224364262423253,1.0875238075227527,-1,-1.0,0.0,5.0,1.1823744461856898,-1.0
2016-10-31,1.224395999456082,1.085812886336265,-1,-1.0,0.0,5.0,1.1842860800324568,-1.0
2016-11-01,1.2245239627318005,1.0857011604369815,-1,-1.0,0.0,5.0,1.1844109127905744,-1.0
2016-11-02,1.2250011139293948,1.0852845553888053,-1,-1.0,0.0,5.0,1.1848763908716908,-1.0
2016-11-03,1.225071602174494,1.0852230114612338,-1,-1.0,0.0,5.0,1.1849451546791285,-1.0
2016-11-04,1.2250260559238146,1.0852627783067417,-1,-1.0,0.0,5.0,1.1849007226804766,-1.0
2016-11-07,1.2256094817063277,1.0847533839523806,-1,-1.0,0.0,5.0,1.1854698754251143,-1.0
2016-11-08,1.2269476739286718,1.0835849961581772,-1,-1.0,0.0,5.0,1.1867753298617003,-1.0
2016-11-09,1.227512664324005,1.0830916979079503,-1,-1.0,0.0,5.0,1.187326498225931,-1.0
2016-11-10,1.2288194079446897,1.0819507681737404,-1,-1.0,0.0,5.0,1.1886012734253526,-1.0
2016-11-11,1.230152177994334,1.0807871145278116,-1,-1.0,0.0,5.0,1.1899014383382895,-1.0
2016-11-14,1.2333035447675367,1.0780356275505383,-1,-1.0,0.0,5.0,1.1929757094831177,-1.0
2016-11-15,1.2342470028173256,1.0772118857507353,-1,-1.0,0.0,5.0,1.1938960865980526,-1.0
2016-11-16,1.2356621898920088,1.0759762730510307,-1,-1.0,0.0,5.0,1.1952766522704548,-1.0
2016-11-17,1.2370687014903723,1.0747482349885658,-1,-1.0,0.0,5.0,1.1966487547050186,-1.0
2016-11-18,1.2374493380139078,1.0744158977796796,-1,-1.0,0.0,5.0,1.197020079265182,-1.0
2016-11-21,1.2388059656234316,1.0732314138813421,-1,-1.0,0.0,5.0,1.1983435180821744,-1.0
2016-11-22,1.2377226155179843,1.0741772967066334,-1,-1.0,0.0,5.0,1.1972866712570942,-1.0
2016-11-23,1.2357489446552077,1.0759005266786352,-1,-1.0,0.0,5.0,1.1953612846488397,-1.0
2016-11-24,1.2355016935800907,1.0761164038399629,-1,-1.0,0.0,5.0,1.1951200823704426,-1.0
2016-11-25,1.2380783100471002,1.0738667365798111,-1,-1.0,0.0,5.0,1.1976336640084717,-1.0
2016-11-28,1.236911458482074,1.074885525288533,-1,-1.0,0.0,5.0,1.196495358519196,-1.0
2016-11-29,1.2409162752382468,1.0713888833728173,-1,-1.0,0.0,5.0,1.2004022006863853,-1.0
2016-11-30,1.2442118718052677,1.0685114680514363,-1,-1.0,0.0,5.0,1.203617173160278,-1.0
2016-12-01,1.247068272383594,1.0660175187403083,-1,-1.0,0.0,5.0,1.2064036942185983,-1.0
2016-12-02,1.2477221864112062,1.0654465804583757,-1,-1.0,0.0,5.0,1.2070416107706738,-1.0
2016-12-05,1.2509950098528875,1.0625890485597487,-1,-1.0,0.0,5.0,1.210234367245241,-1.0
2016-12-06,1.258314942997801,1.0561979483888628,-1,-1.0,0.0,5.0,1.21737522417146,-1.0
2016-12-07,1.2559985908203883,1.0582203765318277,-1,-1.0,0.0,5.0,1.215115539668585,-1.0
2016-12-08,1.254495564547966,1.0595326824335827,-1,-1.0,0.0,5.0,1.2136492837130681,-1.0
2016-12-09,1.2549564492274607,1.0591302798302307,-1,-1.0,0.0,5.0,1.2140988932232377,-1.0
2016-12-12,1.2596585573928452,1.0550248264463846,-1,-1.0,0.0,5.0,1.2186859681316946,-1.0
2016-12-13,1.2626103882106903,1.0524475561256215,-1,-1.0,0.0,5.0,1.221565584806238,-1.0
2016-12-14,1.2638206171573159,1.0513908942307018,-1,-1.0,0.0,5.0,1.222746206484706,-1.0
2016-12-15,1.274811361220086,1.0417947756778234,-1,-1.0,0.0,5.0,1.2334680709213324,-1.0
2016-12-16,1.2718736280512606,1.0443597372130724,-1,-1.0,0.0,5.0,1.2306022070082765,-1.0
2016-12-19,1.2756756555484556,1.0410401524428317,-1,-1.0,0.0,5.0,1.2343112209909908,-1.0
2016-12-20,1.2774530437594946,1.0394882986383749,-1,-1.0,0.0,5.0,1.2360451268431496,-1.0
2016-12-21,1.2720623196612184,1.044194988853112,-1,-1.0,0.0,5.0,1.2307862824312634,-1.0
2016-12-22,1.2651143475635205,1.0502613264523513,-1,-1.0,0.0,5.0,1.2240082868273694,-1.0
2016-12-23,1.26260496603799,1.0524522902738964,-1,-1.0,0.0,5.0,1.2215602952825888,-1.0
2016-12-26,1.2584277241899595,1.0560994781047484,-1,-1.0,0.0,5.0,1.2174852462633599,-1.0
2016-12-27,1.260834084434191,1.053998463100423,-1,-1.0,0.0,5.0,1.2198327368588084,-1.0
2016-12-28,1.258310605259641,1.0562017357074827,-1,-1.0,0.0,5.0,1.2173709925525404,-1.0
2016-12-29,1.252724682944167,1.0610788552601098,-1,-1.0,0.0,5.0,1.211921725289288,-1.0
2016-12-30,1.2502554254966163,1.0632347863844218,-1,-1.0,0.0,5.0,1.2095128762195104,-1.0
2016-12-31,1.2502998873127558,1.063195966368569,-1,-1.0,0.0,5.0,1.2095562503134327,-1.0
2017-01-03,1.2560658257618675,1.0581616730932208,-1,-1.0,0.0,5.0,1.2151811297618333,-1.0
2017-01-04,1.2606399706515334,1.0541679456086586,-1,-1.0,0.0,5.0,1.2196433719121726,-1.0
2017-01-05,1.2646252675859864,1.0506883466267318,-1,-1.0,0.0,5.0,1.223531171794225,-1.0
2017-01-06,1.2636969916197573,1.0514988328113655,-1,-1.0,0.0,5.0,1.2226256053455078,-1.0
2017-01-09,1.261340515364365,1.0535562936515634,-1,-1.0,0.0,5.0,1.22032677836763,-1.0
2017-01-10,1.2611355572363077,1.0537352444563481,-1,-0.6,1.0,4.0,1.2201268343736964,-1.0
2017-01-11,1.263651445369078,1.0515385996568734,-1,-0.6,1.0,4.0,1.2224836362058886,-0.6
2017-01-12,1.2620161180827771,1.052966418776532,-1,-0.6,1.0,4.0,1.2215505140788745,-0.6
2017-01-13,1.262204809692735,1.0528016704165712,-1,-0.2,2.0,3.0,1.2216581820166066,-0.6
2017-01-16,1.2645591170790471,1.0507461032356835,-1,-0.2,2.0,3.0,1.2229028233841552,-0.2
2017-01-17,1.266603276186923,1.0489613293361102,-1,-0.2,2.0,3.0,1.223230699983246,-0.2
2017-01-18,1.2672485147382153,1.0483979656914173,-1,-0.2,2.0,3.0,1.2233341941882643,-0.2
2017-01-19,1.268694065980018,1.0471358417613743,-1,-0.2,2.0,3.0,1.2235660559954726,-0.2
2017-01-20,1.2672051373566158,1.0484358388776152,-1,-0.2,2.0,3.0,1.2233272365946495,-0.2
2017-01-22,1.2676269823926707,1.0480675221418412,-1,-0.2,2.0,3.0,1.223394899192552,-0.2
2017-01-23,1.2677375947157494,1.0479709455170367,-1,-0.2,2.0,3.0,1.2234126410562696,-0.2
2017-01-24,1.2705885731213757,1.0454817303541835,-1,-0.2,2.0,3.0,1.223869928896593,-0.2
2017-01-25,1.2748612452089254,1.0417512215136961,-1,-0.6,1.0,4.0,1.224555251867637,-0.2
2017-01-26,1.275733130579075,1.0409899704711194,-1,-0.6,1.0,4.0,1.2245941212021059,-0.6
2017-02-03,1.279697823257268,1.0375283612526367,-1,-0.6,1.0,4.0,1.2269089634724992,-0.6
2017-02-04,1.2789061860430775,1.0382195469007474,-1,-0.6,1.0,4.0,1.2264467548134765,-0.6
2017-02-06,1.2830129396460088,1.0346339029974665,-1,-0.2,2.0,3.0,1.2288445413774753,-0.6
2017-02-07,1.2837384263532603,1.0340004739583077,-1,-0.2,2.0,3.0,1.2291704703453683,-0.2
2017-02-08,1.2816205256966653,1.0358496322744175,-1,-0.6,1.0,4.0,1.228807128051884,-0.2
2017-02-09,1.278348786689524,1.0387062173433894,-1,-0.6,1.0,4.0,1.2281503039122728,-0.6
2017-02-10,1.280715022855776,1.0366402350362973,-1,-0.6,1.0,4.0,1.2295063130571962,-0.6
2017-02-13,1.2802541381762815,1.0370426376396495,-1,-0.6,1.0,4.0,1.2292421957856141,-0.6
2017-02-14,1.2795113005163903,1.0376912159532876,-1,-0.6,1.0,4.0,1.2288165008890637,-0.6
2017-02-15,1.2792532050958734,1.0379165614111647,-1,-1.0,0.0,5.0,1.2286685952169776,-0.6
2017-02-16,1.2766017626456048,1.0402315599175076,-1,-1.0,0.0,5.0,1.227046978684647,-1.0
2017-02-17,1.2745239860669892,1.0420456855363842,-1,-1.0,0.0,5.0,1.2249654123150353,-1.0
2017-02-20,1.2727129803852106,1.0436268910601443,-1,-1.0,0.0,5.0,1.2231511034229416,-1.0
2017-02-21,1.2737399398945786,1.0427302433769103,-1,-1.0,0.0,5.0,1.2241799360701346,-1.0
2017-02-22,1.2731641051538454,1.0432330099236868,-1,-1.0,0.0,5.0,1.2236030510271996,-1.0
2017-02-23,1.272512359995313,1.0438020545463091,-1,-1.0,0.0,5.0,1.222950117108548,-1.0
2017-02-24,1.2736369186132799,1.04282019219413,-1,-1.0,0.0,5.0,1.2240767268816624,-1.0
2017-02-27,1.2726240567529317,1.0437045310918498,-1,-1.0,0.0,5.0,1.2230620175971023,-1.0
2017-02-28,1.2725806793713321,1.0437424042780477,-1,-1.0,0.0,5.0,1.2230185610966928,-1.0
2017-03-01,1.2733029127749638,1.0431118157278536,-1,-1.0,0.0,5.0,1.22374211182851,-1.0
2017-03-02,1.273770304061698,1.0427037321465717,-1,-1.0,0.0,5.0,1.2242103556204214,-1.0
2017-03-03,1.2741737137105733,1.042351511514932,-1,-1.0,0.0,5.0,1.2246145010742293,-1.0
2017-03-06,1.274552181365029,1.0420210679653559,-1,-1.0,0.0,5.0,1.2249936590403014,-1.0
2017-03-07,1.2745662790140486,1.0420087591798415,-1,-1.0,0.0,5.0,1.2250077824029344,-1.0
2017-03-08,1.2762948676707884,1.0404995127098573,-1,-1.0,0.0,5.0,1.2267395239442505,-1.0
2017-03-09,1.2770116789017198,1.039873658307938,-1,-1.0,0.0,5.0,1.227457642613516,-1.0
2017-03-10,1.2764770526735063,1.0403404453278264,-1,-1.0,0.0,5.0,1.2269220412459698,-1.0
2017-03-13,1.2763827068685272,1.0404228195078067,-1,-1.0,0.0,5.0,1.2268275233575792,-1.0
2017-03-14,1.274980533008324,1.041647070251652,-1,-1.0,0.0,5.0,1.2254227919818443,-1.0
2017-03-15,1.2750705410751428,1.0415684833902916,-1,-1.0,0.0,5.0,1.225512964220194,-1.0
2017-03-16,1.2718964011766005,1.0443398537903184,-1,-1.0,0.0,5.0,1.2223330348027341,-1.0
2017-03-17,1.2721403989480975,1.0441268171179556,-1,-1.0,0.0,5.0,1.222577477617537,-1.0
2017-03-20,1.2739991197496356,1.042503951089378,-1,-1.0,0.0,5.0,1.2244395886600812,-1.0
2017-03-21,1.2760280967739515,1.040732432804974,-1,-1.0,0.0,5.0,1.2264722664667322,-1.0
2017-03-22,1.275227784083441,1.0414311930903242,-1,-1.0,0.0,5.0,1.2256704940341785,-1.0
2017-03-23,1.2744979596380295,1.042068409448103,-1,-1.0,0.0,5.0,1.2249393384147893,-1.0
2017-03-24,1.2712273050654284,1.0449240476874202,-1,-1.0,0.0,5.0,1.2216627182839186,-1.0
2017-03-27,1.2704508499347975,1.0456019777203616,-1,-1.0,0.0,5.0,1.2208848469265898,-1.0
2017-03-28,1.2717163850429625,1.0444970275130396,-1,-1.0,0.0,5.0,1.2221526903260347,-1.0
2017-03-29,1.272697798301651,1.0436401466753134,-1,-1.0,0.0,5.0,1.223135893647798,-1.0
2017-03-30,1.273191216017345,1.043209339182313,-1,-1.0,0.0,5.0,1.2236302113399558,-1.0
2017-03-31,1.2733896675381626,1.0430360693554577,-1,-1.0,0.0,5.0,1.2238290248293286,-1.0
2017-04-01,1.2725687505913925,1.043752819404252,-1,-1.0,0.0,5.0,1.2230066105590802,-1.0
2017-04-05,1.274022977309515,1.0424831208369694,-1,-1.0,0.0,5.0,1.2244634897353062,-1.0
2017-04-06,1.2732747174769241,1.0431364332988822,-1,-1.0,0.0,5.0,1.2237138651032438,-1.0
2017-04-07,1.2737627130199183,1.0427103599541563,-1,-1.0,0.0,5.0,1.22420275073285,-1.0
2017-04-10,1.2746226696101282,1.0419595240377844,-1,-1.0,0.0,5.0,1.2250642758534667,-1.0
2017-04-11,1.2743125213316917,1.0422303173190988,-1,-1.0,0.0,5.0,1.2247535618755392,-1.0
2017-04-12,1.2747907569638262,1.0418127654412677,-1,-1.0,0.0,5.0,1.2252326697925533,-1.0
2017-04-13,1.2757689169188946,1.0409587250925063,-1,-1.0,0.0,5.0,1.2262126138767857,-1.0
2017-04-14,1.2800090559702444,1.0372566211416672,-1,-1.0,0.0,5.0,1.2304604867918076,-1.0
2017-04-17,1.2849714284252258,1.032923928640634,-1,-1.0,0.0,5.0,1.2354319104386462,-1.0
2017-04-18,1.2854843659626398,1.0324760782138447,-1,-1.0,0.0,5.0,1.235945783555988,-1.0
2017-04-19,1.2854377352774202,1.0325167918890072,-1,-1.0,0.0,5.0,1.235899067818048,-1.0
2017-04-20,1.287568649148495,1.0306562716170382,-1,-1.0,0.0,5.0,1.238033868400661,-1.0
2017-04-21,1.2910605283672536,1.027607480128112,-1,-1.0,0.0,5.0,1.24153211668362,-1.0
2017-04-24,1.2931285450350094,1.02580187597613,-1,-1.0,0.0,5.0,1.2436039053406396,-1.0
2017-04-25,1.2899912759108265,1.0285410541678888,-1,-1.0,0.0,5.0,1.2404609139485276,-1.0
2017-04-26,1.2898058376044885,1.0287029620388846,-1,-1.0,0.0,5.0,1.2402751374092773,-1.0
2017-04-27,1.2897104073649697,1.02878628304852,-1,-1.0,0.0,5.0,1.2401795331083765,-1.0
2017-04-28,1.29052807100812,1.0280723734886905,-1,-1.0,0.0,5.0,1.2409986881410942,-1.0
2017-05-02,1.292311965826399,1.0265148387063043,-1,-1.0,0.0,5.0,1.2427858367204323,-1.0
2017-05-03,1.2950870338142262,1.0240919016192973,-1,-1.0,0.0,5.0,1.2455659663341254,-1.0
2017-05-04,1.297717872008235,1.0217948928763985,-1,-1.0,0.0,5.0,1.2482016030839573,-1.0
2017-05-05,1.2985149313951256,1.0210989730800129,-1,-1.0,0.0,5.0,1.2490001162789806,-1.0
2017-05-08,1.3017693194496271,1.0182575372855198,-1,-1.0,0.0,5.0,1.2522604402221984,-1.0
2017-05-09,1.3040336187691204,1.0162805569659925,-1,-1.0,0.0,5.0,1.2545288695435701,-1.0
2017-05-10,1.3089808091405417,1.0119611200801286,-1,-1.0,0.0,5.0,1.259485083415266,-1.0
2017-05-11,1.3058554687962987,1.0146898831456832,-1,-1.0,0.0,5.0,1.2563540425607662,-1.0
2017-05-12,1.3061385062112354,1.0144427606057425,-1,-1.0,0.0,5.0,1.256637596225938,-1.0
2017-05-15,1.304407748685416,1.0159539007350362,-1,-1.0,0.0,5.0,1.2549036818596015,-1.0
2017-05-16,1.3051169688745674,1.0153346741407014,-1,-1.0,0.0,5.0,1.2556141956412958,-1.0
2017-05-17,1.3079039656423346,1.01290132192749,-1,-1.0,0.0,5.0,1.2584062757926018,-1.0
2017-05-18,1.307533089029659,1.0132251376694816,-1,-1.0,0.0,5.0,1.2580347227141009,-1.0
2017-05-19,1.3091217856307402,1.0118380322249858,-1,-1.0,0.0,5.0,1.2596263170415964,-1.0
2017-05-22,1.3120540966268655,1.0092778048380115,-1,-1.0,0.0,5.0,1.262563976469274,-1.0
2017-05-23,1.3110531635464573,1.0101517286095267,-1,-1.0,0.0,5.0,1.2615612177223263,-1.0
2017-05-24,1.309656411858954,1.0113712452050971,-1,-1.0,0.0,5.0,1.2601619184091426,-1.0
2017-05-25,1.3082672512132303,1.0125841339930832,-1,-1.0,0.0,5.0,1.2587702239835308,-1.0
2017-05-26,1.3084440140432483,1.0124298007593269,-1,-1.0,0.0,5.0,1.258947309222699,-1.0
2017-05-27,1.3078063665337356,1.0129865365964352,-1,-1.0,0.0,5.0,1.2583084986666804,-1.0
2017-05-31,1.304576920473654,1.0158061953088644,-1,-0.6,1.0,4.0,1.2550731622111981,-1.0
2017-06-01,1.3051917948578267,1.01526934289451,-1,-0.6,1.0,4.0,1.2555870335572645,-0.6
2017-06-02,1.3056613550136411,1.0148593656539187,-1,-0.6,1.0,4.0,1.255851254939572,-0.6
2017-06-05,1.3050443117603883,1.0153981117275828,-1,-0.6,1.0,4.0,1.2555040448552002,-0.6
2017-06-06,1.3056797904008208,1.0148432695497844,-1,-0.6,1.0,4.0,1.2558616285273299,-0.6
2017-06-07,1.3071166661663038,1.0135887202569809,-1,-0.6,1.0,4.0,1.2566701581614113,-0.6
2017-06-08,1.3070342491412648,1.0136606793107568,-1,-0.6,1.0,4.0,1.2566237821220223,-0.6
2017-06-09,1.3055117030471228,1.0149900281463011,-1,-0.6,1.0,4.0,1.2557670458154184,-0.6
2017-06-12,1.3012878305138729,1.018677929652316,-1,-1.0,0.0,5.0,1.253390273796742,-0.6
2017-06-13,1.3006642806533801,1.0192223567039098,-1,-1.0,0.0,5.0,1.2529344610683222,-1.0
2017-06-14,1.298552886604025,1.02106583404209,-1,-1.0,0.0,5.0,1.2507973377376804,-1.0
2017-06-15,1.2994432073613547,1.0202884868953792,-1,-1.0,0.0,5.0,1.2516985078735083,-1.0
2017-06-16,1.3004734201743424,1.0193889987231803,-1,-1.0,0.0,5.0,1.2527412747785465,-1.0
2017-06-19,1.295172704142885,1.0240171020765567,-1,-1.0,0.0,5.0,1.2473759646397808,-1.0
2017-06-20,1.295012207830967,1.0241572328654887,-1,-1.0,0.0,5.0,1.2472135125324695,-1.0
2017-06-21,1.2991319746483783,1.0205602270063485,-1,-1.0,0.0,5.0,1.2513834825032493,-1.0
2017-06-22,1.3003161771660443,1.0195262890231473,-1,-1.0,0.0,5.0,1.2525821156193566,-1.0
2017-06-23,1.2996004503696528,1.0201511965954118,-1,-1.0,0.0,5.0,1.2518576670326982,-1.0
2017-06-26,1.2973231378356795,1.0221395388707986,-1,-1.0,0.0,5.0,1.2495526033478765,-1.0
2017-06-27,1.2964360703819702,1.0229140455285446,-1,-1.0,0.0,5.0,1.2486547261601697,-1.0
2017-06-28,1.2980757354064307,1.0214824390902661,-1,-1.0,0.0,5.0,1.2503143720132415,-1.0
2017-06-29,1.2988727947933212,1.020786519293881,-1,-1.0,0.0,5.0,1.2511211443029289,-1.0
2017-06-30,1.3007098269040596,1.019182589858402,-1,-1.0,0.0,5.0,1.2529805623420185,-1.0
2017-07-03,1.3036085204294452,1.0166517141907314,-1,-1.0,0.0,5.0,1.2559145791179842,-1.0
2017-07-04,1.3033439184016884,1.0168827406265382,-1,-1.0,0.0,5.0,1.2556467526707955,-1.0
2017-07-05,1.3007987505363385,1.0191049498266966,-1,-1.0,0.0,5.0,1.253070569590664,-1.0
2017-07-06,1.2998639679628696,1.0199211169892601,-1,-0.6,1.0,4.0,1.2521243958305133,-1.0
2017-07-07,1.3009820199735964,1.0189449356150109,-1,-0.6,1.0,4.0,1.2531551344208796,-0.6
2017-07-10,1.3015654457561094,1.0184355412606498,-1,-0.6,1.0,4.0,1.2534933636891448,-0.6
2017-07-11,1.3009505713719367,1.0189723936750041,-1,-0.6,1.0,4.0,1.253136902731698,-0.6
2017-07-12,1.3002088181465856,1.019620025158987,-1,-0.6,1.0,4.0,1.2527068863385875,-0.6
2017-07-13,1.29898557598548,1.0206880490097665,-1,-0.2,2.0,3.0,1.2519977364973172,-0.6
2017-07-14,1.2992621067931769,1.020446607447755,-1,-0.2,2.0,3.0,1.2520531502167045,-0.2
2017-07-17,1.2988825547041811,1.0207779978269864,-1,-0.2,2.0,3.0,1.2520034431815623,-0.2
2017-07-18,1.301343136675412,1.0186296413399138,-1,-0.2,2.0,3.0,1.2523256867893848,-0.2
2017-07-19,1.3014656777784308,1.0185226495889048,-1,-0.2,2.0,3.0,1.2523417350607307,-0.2
2017-07-20,1.3010481704805357,1.018887179006059,-1,-0.2,2.0,3.0,1.2522870573220743,-0.2
2017-07-21,1.3014472423912509,1.0185387456930388,-1,-0.2,2.0,3.0,1.2523393207190239,-0.2
2017-07-24,1.30152423724359,1.0184715207875377,-1,-0.2,2.0,3.0,1.2523494041461527,-0.2
2017-07-25,1.302209599872862,1.0178731244456116,-1,-0.2,2.0,3.0,1.2524391608496097,-0.2
2017-07-26,1.3042570122843578,1.0160855100570736,-1,-0.2,2.0,3.0,1.2527072947991773,-0.2
2017-07-27,1.3032951188473891,1.0169253479610108,-1,-0.2,2.0,3.0,1.2525813229701166,-0.2
2017-07-28,1.3032680079838894,1.0169490187023844,-1,-0.2,2.0,3.0,1.2525777724676064,-0.2
2017-07-31,1.3042797854096975,1.0160656266343198,-1,-0.2,2.0,3.0,1.252710277221286,-0.2
2017-08-01,1.3056212309356616,1.0148943983511514,-1,-0.2,2.0,3.0,1.2528859560854888,-0.2
2017-08-02,1.3048393536323308,1.0155770625323677,-1,-0.2,2.0,3.0,1.2527835595930956,-0.2
2017-08-03,1.3045075166630948,1.015866792406781,-1,-0.2,2.0,3.0,1.2527401014423714,-0.2
2017-08-04,1.3040910937997396,1.0162303749942805,-1,-0.6,1.0,4.0,1.2526855657238152,-0.2
2017-08-07,1.3068694150911868,1.0138045974183085,-1,-0.6,1.0,4.0,1.2529469059008995,-0.6
2017-08-08,1.3065646889854505,1.0140706565513484,-1,-0.6,1.0,4.0,1.2527724795432917,-0.6
2017-08-09,1.3071535369406635,1.0135565280487127,-1,-0.6,1.0,4.0,1.253109538305502,-0.6
2017-08-10,1.3056884658771408,1.014835694912545,-1,-0.6,1.0,4.0,1.252270926173373,-0.6
2017-08-11,1.30405639189446,1.0162606735432387,-1,-0.6,1.0,4.0,1.2513367209484632,-0.6
2017-08-14,1.3028548384241543,1.0173097608009187,-1,-0.6,1.0,4.0,1.2506489472679312,-0.6
2017-08-15,1.303135706970011,1.017064531920288,-1,-0.6,1.0,4.0,1.2508097174694275,-0.6
2017-08-16,1.304556316217394,1.0158241850723086,-1,-0.6,1.0,4.0,1.2516228794924387,-0.6
2017-08-17,1.3043752156492163,1.0159823056246846,-1,-0.6,1.0,4.0,1.2515192168528642,-0.6
2017-08-18,1.3045075166630948,1.015866792406781,-1,-0.6,1.0,4.0,1.251594946445847,-0.6
2017-08-21,1.3062241765398945,1.0143679610630014,-1,-0.6,1.0,4.0,1.2525775689515164,-0.6
2017-08-22,1.3063879261554325,1.0142249897851046,-1,-0.6,1.0,4.0,1.2526712998411917,-0.6
2017-08-23,1.3057676295985599,1.0147665763477338,-1,-1.0,0.0,5.0,1.2523162397822891,-0.6
2017-08-24,1.3067034966065687,1.0139494623555154,-1,-1.0,0.0,5.0,1.2527478689066187,-1.0
2017-08-25,1.3070602755702245,1.013637955399038,-1,-1.0,0.0,5.0,1.2531119449208732,-1.0
2017-08-28,1.3084006366616487,1.0124676739455247,-1,-1.0,0.0,5.0,1.2544797198558841,-1.0
2017-08-29,1.3075688753694785,1.0131938922908685,-1,-1.0,0.0,5.0,1.2536309468986402,-1.0
2017-08-30,1.3074072946230204,1.0133349699094554,-1,-1.0,0.0,5.0,1.253466061408902,-1.0
2017-08-31,1.306949663247146,1.0137345320238424,-1,-1.0,0.0,5.0,1.2529990702903142,-1.0
2017-09-01,1.3072793313473021,1.013446695808739,-1,-1.0,0.0,5.0,1.2533354809539414,-1.0
2017-09-04,1.3079364986785342,1.0128729170378417,-1,-1.0,0.0,5.0,1.2540060890531457,-1.0
2017-09-05,1.3095230264105353,1.0114877052526556,-1,-1.0,0.0,5.0,1.2556250653718521,-1.0
2017-09-06,1.3088268194358637,1.012095569891131,-1,-1.0,0.0,5.0,1.2549146191677445,-1.0
2017-09-07,1.306166701509275,1.0144181430347137,-1,-1.0,0.0,5.0,1.2522000949641992,-1.0
2017-09-08,1.305073591492968,1.015372547326899,-1,-1.0,0.0,5.0,1.2510846280269088,-1.0
2017-09-11,1.3055854445958421,1.0149256437297647,-1,-1.0,0.0,5.0,1.2516069498467512,-1.0
2017-09-12,1.3054043440276641,1.0150837642821406,-1,-1.0,0.0,5.0,1.251422145304561,-1.0
2017-09-13,1.3062274298435144,1.0143651205740367,-1,-1.0,0.0,5.0,1.2522620653496042,-1.0
2017-09-14,1.3040271121618803,1.0162862379439221,-1,-1.0,0.0,5.0,1.250016745492697,-1.0
2017-09-15,1.30406181406716,1.016255939394964,-1,-1.0,0.0,5.0,1.2500521571415,-1.0
2017-09-18,1.3056993102225407,1.0148262266159953,-1,-1.0,0.0,5.0,1.2517231443193855,-1.0
2017-09-19,1.3052655364065457,1.0152049584779739,-1,-0.6,1.0,4.0,1.2512804987093495,-1.0
2017-09-20,1.3058012470692995,1.0147372246284305,-1,-0.6,1.0,4.0,1.2517316723200778,-0.6
2017-09-21,1.307109075124524,1.0135953480645654,-1,-0.6,1.0,4.0,1.2525289568362075,-0.6
2017-09-22,1.3057730517712598,1.014761842199459,-1,-0.6,1.0,4.0,1.2517144837650036,-0.6
2017-09-25,1.3043394293093968,1.0160135510032977,-1,-0.6,1.0,4.0,1.2508405118493129,-0.6
2017-09-26,1.3050226230695887,1.0154170483206817,-1,-0.6,1.0,4.0,1.2512570037607236,-0.6
2017-09-27,1.3050443117603883,1.0153981117275828,-1,-0.6,1.0,4.0,1.2512702257261654,-0.6
2017-09-28,1.3047818786017116,1.0156272445040797,-1,-0.6,1.0,4.0,1.2511102399443217,-0.6
2017-09-29,1.3048426069359509,1.0155742220434028,-1,-0.6,1.0,4.0,1.2511472614475585,-0.6
2017-09-30,1.3045378808302144,1.0158402811764426,-1,-0.6,1.0,4.0,1.2509614928331036,-0.6
2017-10-09,1.3066590347904292,1.0139882823713682,-1,-0.6,1.0,4.0,1.252254601053294,-0.6
2017-10-10,1.3063966016317525,1.0142174151478651,-1,-0.6,1.0,4.0,1.2520946152714505,-0.6
2017-10-11,1.3066265017542296,1.0140166872610166,-1,-0.6,1.0,4.0,1.2522347681051316,-0.6
2017-10-12,1.3080568709124727,1.0127678189461427,-1,-0.6,1.0,4.0,1.2531067567260061,-0.6
2017-10-13,1.307697923079737,1.0130812195619299,-1,-0.6,1.0,4.0,1.2528879331979474,-0.6
2017-10-16,1.3107310864880812,1.010432937017046,-1,-0.6,1.0,4.0,1.2547370250649579,-0.6
2017-10-17,1.313624357840767,1.0079067954976497,-1,-0.6,1.0,4.0,1.2565008352548699,-0.6
2017-10-18,1.3138065428434849,1.0077477281156186,-1,-0.6,1.0,4.0,1.2566118997645794,-0.6
2017-10-19,1.3128077786321566,1.008619758227824,-1,-0.2,2.0,3.0,1.256003028255993,-0.6
2017-10-20,1.313026834409234,1.008428498637525,-1,-0.2,2.0,3.0,1.2560442799544058,-0.2
2017-10-23,1.3131754019412123,1.0082987829747971,-1,-0.2,2.0,3.0,1.256075493317415,-0.2
2017-10-24,1.3136807484368462,1.0078575603555924,-1,-0.2,2.0,3.0,1.2561816643185992,-0.2
2017-10-25,1.317854736981257,1.0042132130137051,-1,-0.2,2.0,3.0,1.2570586003348176,-0.2
2017-10-26,1.3174600028087016,1.0045578590081055,-1,-0.2,2.0,3.0,1.2569756684798155,-0.2
2017-10-27,1.3213542072417956,1.0011577937171943,-1,-0.2,2.0,3.0,1.25779382312628,-0.2
2017-10-30,1.328661127172229,0.9947780555021678,-1,-0.2,2.0,3.0,1.2593289737828868,-0.2
2017-10-31,1.3278900942142984,0.9954512513868344,-1,-0.2,2.0,3.0,1.2591669832639127,-0.2
2017-11-01,1.3254685518865068,0.9975655220063291,-1,-0.2,2.0,3.0,1.2586582282303413,-0.2
2017-11-02,1.3258209931120029,0.9972578023684715,-1,-0.2,2.0,3.0,1.2587322745294505,-0.2
2017-11-03,1.3265345510393143,0.996634788455517,-1,-0.2,2.0,3.0,1.258882189805801,-0.2
2017-11-06,1.326212473980938,0.996915996863036,-1,0.2,3.0,2.0,1.2588145228801533,-0.2
2017-11-07,1.326879315136145,0.9959028891322438,1,0.6,4.0,1.0,1.2589542830619602,0.2
2017-11-08,1.3271707209842407,0.9961216067825364,1,0.6,4.0,1.0,1.258913405257422,0.6
2017-11-09,1.3262750579879299,0.9954493577275246,1,0.6,4.0,1.0,1.2583783002157234,0.6
2017-11-10,1.3245934822497856,0.9941872337974814,1,0.6,4.0,1.0,1.2573736593416605,0.6
2017-11-13,1.3199650491040609,0.9907133157934844,1,0.6,4.0,1.0,1.254608447513501,0.6
2017-11-14,1.3198124079455344,0.990598749405236,1,0.6,4.0,1.0,1.2545172535556905,0.6
2017-11-15,1.320264023935224,0.9909377144217066,1,0.6,4.0,1.0,1.2547870670837582,0.6
2017-11-16,1.3226091471889447,0.9926978707502513,1,0.6,4.0,1.0,1.2561881378901218,0.6
2017-11-17,1.3226141931776565,0.9927016580688712,1,0.6,4.0,1.0,1.2561911525664133,0.6
2017-11-20,1.3209805543322723,0.991475513665716,1,0.2,3.0,2.0,1.2552151511171172,0.6
2017-11-21,1.3201618426638138,0.9908610212196561,1,0.2,3.0,2.0,1.254620722829325,0.2
2017-11-22,1.3161994800280215,0.9878870292734705,1,0.2,3.0,2.0,1.2538336527619982,0.2
2017-11-23,1.3180917257948754,0.9893072737558896,1,0.2,3.0,2.0,1.2542095219441027,0.2
2017-11-24,1.3210322757165665,0.9915143336815687,1,0.2,3.0,2.0,1.2547936226530925,0.2
2017-11-27,1.3206172431450365,0.9912028267250915,1,0.2,3.0,2.0,1.2547111820124843,0.2
2017-11-28,1.3206702260265084,0.9912425935705994,1,0.2,3.0,2.0,1.2547217063495835,0.2
2017-11-29,1.3241002368532255,0.9938170234023975,1,0.2,3.0,2.0,1.2554030318870109,0.2
2017-11-30,1.3259130082978718,0.9951776176165551,1,0.2,3.0,2.0,1.2557631145634667,0.2
2017-12-01,1.3261325088068268,0.9953423659765157,1,0.2,3.0,2.0,1.255806715388591,0.2
2017-12-04,1.3269285135260833,0.9959398154887867,1,-0.2,2.0,3.0,1.2559648310245293,0.2
2017-12-05,1.3272477573200008,0.9965779786762202,-1,-0.2,2.0,3.0,1.25602945310929,-0.2
2017-12-06,1.3270510424619315,0.9967256841023919,-1,-0.2,2.0,3.0,1.255991273994004,-0.2
2017-12-07,1.3280409217156774,0.9959824228232591,-1,-0.2,2.0,3.0,1.256183393260025,-0.2
2017-12-08,1.3296247285216707,0.994793204776647,-1,-0.2,2.0,3.0,1.2564907840856585,-0.2
2017-12-11,1.3330407576916041,0.9922282432413981,-1,-0.2,2.0,3.0,1.2571537791068699,-0.2
2017-12-12,1.3339108426407564,0.9915749307794854,-1,-0.2,2.0,3.0,1.2573226482706334,-0.2
2017-12-13,1.333809963226362,0.991650677151881,-1,-0.2,2.0,3.0,1.2573030692371536,-0.2
2017-12-14,1.3325754513927095,0.9925776233840733,-1,-0.2,2.0,3.0,1.2570634708149444,-0.2
2017-12-15,1.330831498516365,0.9938870887968636,-1,-0.2,2.0,3.0,1.2567249982736612,-0.2
2017-12-18,1.3305528191341003,0.9940963381506066,-1,-0.2,2.0,3.0,1.2566709111936734,-0.2
2017-12-19,1.3303800631369496,0.9942260538133343,-1,-0.2,2.0,3.0,1.256637382098839,-0.2
2017-12-20,1.3299929383842106,0.9945167305174027,-1,-0.2,2.0,3.0,1.2565622475578602,-0.2
2017-12-21,1.3294154037368022,0.994950378499368,-1,0.2,3.0,2.0,1.256450157591188,-0.2
2017-12-22,1.3277963741096828,0.9957674924915865,1,0.6,4.0,1.0,1.25613369381839,0.2
2017-12-25,1.3271714164653057,0.9952988118123882,1,0.6,4.0,1.0,1.2559029091084168,0.6
2017-12-26,1.3268002295007666,0.995020443893834,1,0.6,4.0,1.0,1.2556819892098945,0.6
2017-12-27,1.3264290425362275,0.9947420759752799,1,0.6,4.0,1.0,1.2554610693113721,0.6
2017-12-28,1.3264239923734447,0.99473828865666,1,0.2,3.0,2.0,1.2554580635984671,0.6
2017-12-29,1.3274087741160994,0.9954768157875181,1,0.2,3.0,2.0,1.2559395165137188,0.2
2017-12-30,1.327397411249838,0.9954682943206236,1,0.2,3.0,2.0,1.2559372332522516,0.2
2017-12-31,1.3274138242788822,0.9954806031061378,1,0.2,3.0,2.0,1.2559405312965934,0.2
2018-01-02,1.3267408900880682,0.9949759429000514,1,0.2,3.0,2.0,1.2558053114785808,0.2
2018-01-03,1.3253596705669601,0.9939401112575406,1,0.2,3.0,2.0,1.2555277683624344,0.2
2018-01-04,1.3241779324757745,0.9930538787005111,1,0.2,3.0,2.0,1.2552903091698269,0.2
2018-01-05,1.324581945498402,0.9933568641900938,1,0.2,3.0,2.0,1.2553714917997785,0.2
2018-01-08,1.32477385168415,0.9935007822976456,1,0.2,3.0,2.0,1.2554100535490051,0.2
2018-01-09,1.326138658176214,0.9945243051546423,1,0.2,3.0,2.0,1.2556842986208092,0.2
2018-01-10,1.3251122125906007,0.9937545326451712,1,0.2,3.0,2.0,1.2554780440015891,0.2
2018-01-11,1.3239696132609822,0.9928976518074449,1,0.2,3.0,2.0,1.2552484493762581,0.2
2018-01-12,1.3243837266091756,0.9932082119342673,1,0.2,3.0,2.0,1.2553316615719583,0.2
2018-01-15,1.322895191128932,0.9920918997710859,1,0.2,3.0,2.0,1.2550325543197314,0.2
2018-01-16,1.3223497735483847,0.9916828693601492,1,0.2,3.0,2.0,1.254922957769297,0.2
2018-01-17,1.3224204758273446,0.9917358918208262,1,0.2,3.0,2.0,1.2549371647295384,0.2
2018-01-18,1.3199761970404478,0.9899028296088506,1,-0.2,2.0,3.0,1.2544460098183328,0.2
2018-01-19,1.3198736181966122,0.9902219112025674,-1,-0.2,2.0,3.0,1.2544351279296075,-0.2
2018-01-22,1.3213274834156514,0.9891311634400695,-1,-0.6,1.0,4.0,1.254673677613184,-0.2
2018-01-23,1.3212934084495802,0.9891567278407531,-1,-0.6,1.0,4.0,1.25456441149912,-0.6
2018-01-24,1.3209324662163813,0.9894275211220677,-1,0.2,3.0,2.0,1.2543632768325839,-0.6
2018-01-25,1.3198102034853025,0.9898734778895473,1,0.2,3.0,2.0,1.253823784684786,0.2
2018-01-26,1.3197331959045202,0.9898157212805956,1,0.2,3.0,2.0,1.2538059288950096,0.2
2018-01-29,1.3201106592922907,0.9900988233474245,1,0.2,3.0,2.0,1.2538934515367004,0.2
2018-01-30,1.3202141776795724,0.9901764633791301,1,0.2,3.0,2.0,1.2539174544016454,0.2
2018-01-31,1.3216937331660847,0.9912861477347269,1,0.2,3.0,2.0,1.2542605197396433,0.2
2018-02-01,1.3224701210706966,0.9918684479725186,1,0.6,4.0,1.0,1.254440541226733,0.2
2018-02-02,1.322557228006336,0.99193377921871,1,0.6,4.0,1.0,1.2543643999567675,0.6
2018-02-05,1.3216798465531567,0.9912757326085223,1,0.6,4.0,1.0,1.2538414063289989,0.6
2018-02-06,1.3248169586555316,0.9936286043010634,1,0.6,4.0,1.0,1.2557113907390778,0.6
2018-02-07,1.3257801846249933,0.9943510353277872,1,0.6,4.0,1.0,1.2562855549663978,0.6
2018-02-08,1.3253863097855803,0.9940556244754439,1,0.6,4.0,1.0,1.2560507722155148,0.6
2018-02-09,1.3252865786563701,0.9939808249327032,1,0.6,4.0,1.0,1.2559913240189768,0.6
2018-02-11,1.3250492438172368,0.9938028209575733,1,0.6,4.0,1.0,1.2558498523613935,0.6
2018-02-12,1.3257864967217785,0.9943557694760619,1,0.6,4.0,1.0,1.2562893175104823,0.6
2018-02-13,1.325964497851129,0.9944892724574094,1,0.6,4.0,1.0,1.25639542125367,0.6
2018-02-14,1.3265780336586757,0.9949494316697131,1,0.6,4.0,1.0,1.2567611405386998,0.6
2018-02-22,1.3261942581741195,0.9946615954546095,1,0.6,4.0,1.0,1.256532377858352,0.6
2018-02-23,1.3261702722063347,0.9946436056911654,1,0.6,4.0,1.0,1.2565180801908302,0.6
2018-02-24,1.3261778467224774,0.9946492866690951,1,0.6,4.0,1.0,1.2565225952437318,0.6
2018-02-26,1.32826083866168,0.9962115555997563,1,0.6,4.0,1.0,1.2577642347916715,0.6
2018-02-27,1.3306165131820147,0.9979783397358856,1,0.6,4.0,1.0,1.2591684162440688,0.6
2018-02-28,1.3304120012461658,0.9978249533317843,1,0.6,4.0,1.0,1.2590465098157257,0.6
2018-03-01,1.3300358002777521,0.9975427980946102,1,0.6,4.0,1.0,1.2588222621882796,0.6
2018-03-02,1.3292329015666413,0.9969406144340647,1,0.6,4.0,1.0,1.2583436665807102,0.6
2018-03-05,1.328600429468738,0.9964662527769367,1,0.6,4.0,1.0,1.2579666596634265,0.6
2018-03-06,1.3293667180184932,0.997040978377489,1,0.6,4.0,1.0,1.258423432515305,0.6
2018-03-07,1.3306278749562286,0.99798686120278,1,0.6,4.0,1.0,1.2591751888234213,0.6
2018-03-08,1.3309245435051453,0.9982093661716923,1,0.6,4.0,1.0,1.2593520283954005,0.6
2018-03-09,1.3308588976985765,0.9981601310296352,1,0.6,4.0,1.0,1.2593128979369201,0.6
2018-03-12,1.3316403352806168,0.9987462185860466,1,0.6,4.0,1.0,1.2597787008946015,0.6
2018-03-13,1.3314231991511967,0.9985833638853959,1,0.6,4.0,1.0,1.259649269378089,0.6
2018-03-14,1.3311644031829928,0.998389263806132,1,0.6,4.0,1.0,1.2594950050706177,0.6
2018-03-15,1.3318183364099667,0.9988797215673941,1,0.6,4.0,1.0,1.259884804637789,0.6
2018-03-16,1.3320228483458156,0.9990331079714954,1,0.6,4.0,1.0,1.2600067110661322,0.6
2018-03-19,1.3323573894754452,0.9992840178300562,1,0.6,4.0,1.0,1.2602061259026196,0.6
2018-03-20,1.3348582422218456,1.0011596873765043,1,0.6,4.0,1.0,1.2616968458689641,0.6
2018-03-21,1.3358113688364504,1.0018745437659884,1,0.6,4.0,1.0,1.262264990025749,0.6
2018-03-22,1.3371924556131096,1.0029103754084994,1,0.6,4.0,1.0,1.2630882346714736,0.6
2018-03-23,1.340782776264681,1.0056031589471661,1,0.6,4.0,1.0,1.2652283697468316,0.6
2018-03-26,1.3406527470709002,1.0055056354927066,1,0.6,4.0,1.0,1.2651508613386875,0.6
2018-03-27,1.339625137714227,1.0047349161535806,1,0.6,4.0,1.0,1.264538319161704,0.6
2018-03-28,1.3395216193269452,1.004657276121875,1,0.6,4.0,1.0,1.2644766134387153,0.6
2018-03-29,1.3384775985186297,1.0038742479972345,1,0.6,4.0,1.0,1.2638542886471114,0.6
2018-03-30,1.339312057713668,1.0045001023991538,1,0.6,4.0,1.0,1.2643516969751043,0.6
2018-04-02,1.339722344004723,1.0048078220370114,1,0.6,4.0,1.0,1.2645962623406075,0.6
2018-04-03,1.3382150152923546,1.0036773074290057,1,0.6,4.0,1.0,1.2636977668131895,0.6
2018-04-04,1.33987130948886,1.004919547936295,1,0.6,4.0,1.0,1.2646850583810056,0.6
2018-04-08,1.340949415619817,1.0057281404616187,1,0.6,4.0,1.0,1.265327700910667,0.6
2018-04-09,1.3429377261072377,1.007219397168159,1,0.6,4.0,1.0,1.2665129022973365,0.6
2018-04-10,1.341497305620795,1.0061390645318653,1,0.6,4.0,1.0,1.2656542897372158,0.6
2018-04-11,1.3427862357843865,1.0071057776095653,1,0.6,4.0,1.0,1.2664226012393045,0.6
2018-04-12,1.3433063525595088,1.0074958714274034,1,0.6,4.0,1.0,1.266732634871881,0.6
2018-04-13,1.3441042015931912,1.008094267769329,1,0.6,4.0,1.0,1.2672082204441826,0.6
2018-04-16,1.348782727730576,1.011603218470559,1,0.6,4.0,1.0,1.2699970181197369,0.6
2018-04-17,1.3494985195060476,1.0121400708849135,1,0.6,4.0,1.0,1.2704236906189381,0.6
2018-04-18,1.3626541916263086,1.022006982719106,1,0.6,4.0,1.0,1.2782655850001985,0.6
2018-04-19,1.3625607725938838,1.0219369173246402,1,0.6,4.0,1.0,1.2782098993477455,0.6
2018-04-20,1.3618121579151279,1.0213754473392573,1,0.2,3.0,2.0,1.2777636616193042,0.6
2018-04-23,1.3573027959715935,1.01799337181179,1,-0.6,1.0,4.0,1.2749770408205787,0.2
2018-04-24,1.357565084860542,1.0185974491316454,-1,-0.6,1.0,4.0,1.2749496803342582,-0.6
2018-04-25,1.360227724435124,1.0165996385597094,-1,-0.6,1.0,4.0,1.2764358550854797,-0.6
2018-04-26,1.36259633793346,1.0148224392973757,-1,-0.6,1.0,4.0,1.2777579167006663,-0.6
2018-04-27,1.3634973448795507,1.0141464029237441,-1,-1.0,0.0,5.0,1.2782608213321223,-0.6
2018-04-28,1.3629345310168666,1.0145686889498502,-1,-1.0,0.0,5.0,1.2778490391213284,-1.0
2018-05-02,1.366857823167281,1.0116249955526229,-1,-1.0,0.0,5.0,1.281455374798377,-1.0
2018-05-03,1.3652185962443515,1.0128549272743976,-1,-1.0,0.0,5.0,1.2799485783865128,-1.0
2018-05-04,1.362971126537086,1.0145412308898567,-1,-1.0,0.0,5.0,1.2778826781482293,-1.0
2018-05-07,1.3639617294119897,1.0137979696107242,-1,-1.0,0.0,5.0,1.2787932518074392,-1.0
2018-05-08,1.3670660390581844,1.0114687686595567,-1,-1.0,0.0,5.0,1.2816467692617781,-1.0
2018-05-09,1.3681500236053719,1.0106554419859581,-1,-1.0,0.0,5.0,1.282643180437907,-1.0
2018-05-10,1.3670433245973586,1.0114858115933458,-1,-1.0,0.0,5.0,1.2816258898657706,-1.0
2018-05-11,1.3659076015560678,1.0123379582827972,-1,-1.0,0.0,5.0,1.2805819200654027,-1.0
2018-05-14,1.3663126761074615,1.0120340259635596,-1,-1.0,0.0,5.0,1.2809542692942004,-1.0
2018-05-15,1.3674433514907909,1.0111856665927277,-1,-1.0,0.0,5.0,1.2819935992287892,-1.0
2018-05-16,1.367662924612107,1.0110209182327674,-1,-1.0,0.0,5.0,1.2821954333901935,-1.0
2018-05-17,1.3673752081083135,1.011236795394095,-1,-1.0,0.0,5.0,1.2819309610407668,-1.0
2018-05-18,1.3673007551533845,1.0112926583437367,-1,-1.0,0.0,5.0,1.2818625230205205,-1.0
2018-05-21,1.3662571518698872,1.012075686468377,-1,-1.0,0.0,5.0,1.280903230770627,-1.0
2018-05-22,1.3646810206714737,1.0132582767074048,-1,-0.6,1.0,4.0,1.2794544326810056,-1.0
2018-05-23,1.3631831281714601,1.0143821635078258,-1,-0.2,2.0,3.0,1.277971074164752,-0.6
2018-05-24,1.3629471501617698,1.0145592206533005,-1,0.6,4.0,1.0,1.2777389130002659,-0.2
2018-05-25,1.359544734476244,1.0167047366514084,1,1.0,5.0,0.0,1.2771840650916166,0.6
2018-05-28,1.3602866733441354,1.0172595788292067,1,1.0,5.0,0.0,1.2775335617335215,1.0
2018-05-29,1.3604234129307091,1.0173618364319408,1,1.0,5.0,0.0,1.2776619827601248,1.0
2018-05-30,1.361279301454079,1.0180018932786845,1,1.0,5.0,0.0,1.2784658032599758,1.0
2018-05-31,1.3602727461640212,1.0172491637030023,1,1.0,5.0,0.0,1.2775204818141455,1.0
2018-06-01,1.359768835465351,1.0168723255003338,1,1.0,5.0,0.0,1.2770472265494406,1.0
2018-06-04,1.3568770464307702,1.014709766568437,1,1.0,5.0,0.0,1.274331359653496,1.0
2018-06-05,1.356333886406324,1.0143035766464652,1,1.0,5.0,0.0,1.2738212427978215,1.0
2018-06-06,1.3562566538620553,1.0142458200375133,1,1.0,5.0,0.0,1.2737487086994626,1.0
2018-06-07,1.3555083844577485,1.0136862437114402,1,1.0,5.0,0.0,1.2730459603038828,1.0
2018-06-08,1.3574759151756723,1.0151576169952266,1,1.0,5.0,0.0,1.274893796186675,1.0
2018-06-11,1.356168026352239,1.0141795419616673,1,1.0,5.0,0.0,1.273665472848886,1.0
2018-06-12,1.3539004282082223,1.0124837700496587,1,1.0,5.0,0.0,1.2715358241577142,1.0
2018-06-13,1.3552108492462218,1.013463738742528,1,1.0,5.0,0.0,1.272766525662663,1.0
2018-06-14,1.3579025933300743,1.0154766985889434,1,1.0,5.0,0.0,1.275294517353021,1.0
2018-06-15,1.3605563541954337,1.0174612535457104,1,1.0,5.0,0.0,1.2777868365359892,1.0
2018-06-19,1.3638216448785263,1.0199031272258159,1,1.0,5.0,0.0,1.2808534830879337,1.0
2018-06-20,1.361335010174535,1.018043553783502,1,1.0,5.0,0.0,1.2785181229374805,1.0
2018-06-21,1.3633253308235547,1.0195319700010772,1,1.0,5.0,0.0,1.2803873623247068,1.0
2018-06-22,1.3641407039138655,1.0201417282988625,1,1.0,5.0,0.0,1.2811531321500083,1.0
2018-06-25,1.3633569835056318,1.0195556407424509,1,1.0,5.0,0.0,1.2804170894141982,1.0
2018-06-26,1.3634709331611101,1.019640855411396,1,0.6,4.0,1.0,1.2805241069363678,1.0
2018-06-27,1.365118138736412,1.0208726807924808,1,0.6,4.0,1.0,1.281961868816309,0.6
2018-06-28,1.3676693449118413,1.0227805425471972,1,0.6,4.0,1.0,1.2833371430134735,0.6
2018-06-29,1.3723032975679557,1.0262459390842997,1,0.6,4.0,1.0,1.285835159669365,0.6
2018-07-02,1.3726869280747322,1.0265328284697484,1,0.6,4.0,1.0,1.2860419626875985,0.6
2018-07-03,1.3711410110820776,1.0253767494610593,1,0.6,4.0,1.0,1.285208607950756,0.6
2018-07-04,1.3702977836315389,1.0247461609108652,1,0.6,4.0,1.0,1.2847540508215691,0.6
2018-07-05,1.3704737725438885,1.0248777702329026,1,0.6,4.0,1.0,1.2848489208530363,0.6
2018-07-06,1.3694330323571875,1.024099476256537,1,0.6,4.0,1.0,1.2842878908827786,0.6
2018-07-09,1.3674009301678258,1.0225798146603486,1,0.6,4.0,1.0,1.283192449152531,0.6
2018-07-10,1.367071742274222,1.0223336389500626,1,0.6,4.0,1.0,1.2830149944174132,0.6
2018-07-11,1.3699204836611776,1.0244640056736911,1,0.6,4.0,1.0,1.2845506603943955,0.6
2018-07-12,1.3692798333759333,1.0239849098682885,1,1.0,5.0,0.0,1.2842053061791274,0.6
2018-07-13,1.3714474090445858,1.025605882237556,1,1.0,5.0,0.0,1.2852645851864668,1.0
2018-07-16,1.3724159811161507,1.0263302069235898,1,1.0,5.0,0.0,1.2861722914343139,1.0
2018-07-17,1.3727451690097545,1.0265763826338759,1,1.0,5.0,0.0,1.2864807929041702,1.0
2018-07-18,1.3737555226216616,1.0273319526985227,1,1.0,5.0,0.0,1.2874276551078065,1.0
2018-07-19,1.375595176503993,1.0287076961871593,1,1.0,5.0,0.0,1.289151703706658,1.0
2018-07-20,1.3706966074257128,1.0250444122521731,1,1.0,5.0,0.0,1.2845609645263714,1.0
2018-07-23,1.3702927192024066,1.0247423735922454,1,1.0,5.0,0.0,1.2841824569537397,1.0
2018-07-24,1.3668539718215302,1.0221707842494119,1,1.0,5.0,0.0,1.2809598031378548,1.0
2018-07-25,1.3663614560884079,1.021802467513638,1,1.0,5.0,0.0,1.2804982374771852,1.0
2018-07-26,1.3683973565996186,1.023324969598791,1,1.0,5.0,0.0,1.2824062004138357,1.0
2018-07-27,1.3697103098521846,1.0243068319509703,1,1.0,5.0,0.0,1.2836366466609168,1.0
2018-07-30,1.3694912732922095,1.0241430304206645,1,1.0,5.0,0.0,1.2834313745290509,1.0
2018-07-31,1.3729249562439536,1.0267108324448782,1,1.0,5.0,0.0,1.2866492821684765,1.0
2018-08-01,1.3736896850429408,1.0272827175564656,1,1.0,5.0,0.0,1.2873659548138352,1.0
2018-08-02,1.374082178300699,1.0275762347494988,1,1.0,5.0,0.0,1.2877337834894331,1.0
2018-08-03,1.375967412045222,1.0289860641057136,1,1.0,5.0,0.0,1.2895005476764188,1.0
2018-08-06,1.375731916090567,1.0288099537898934,1,1.0,5.0,0.0,1.2892798504710599,1.0
2018-08-07,1.3742176517799898,1.0276775455225782,1,1.0,5.0,0.0,1.2878607437097203,1.0
2018-08-08,1.3707915654719445,1.025115424476294,1,1.0,5.0,0.0,1.2846499553349837,1.0
2018-08-09,1.3686442475198215,1.0235096013815057,1,1.0,5.0,0.0,1.2826375765162281,1.0
2018-08-10,1.367666812697275,1.0227786488878872,1,1.0,5.0,0.0,1.2817215644595774,1.0
2018-08-13,1.3649332870730806,1.0207344436628587,1,1.0,5.0,0.0,1.2791598157156543,1.0
2018-08-14,1.366809658066622,1.0221376452114888,1,1.0,5.0,0.0,1.2809182740938359,1.0
2018-08-15,1.3652776682540815,1.020991981329004,1,1.0,5.0,0.0,1.2794825557148886,1.0
2018-08-16,1.3630189328610467,1.0193028372245805,1,1.0,5.0,0.0,1.2773657610140277,1.0
2018-08-17,1.3603955585704812,1.017341006179532,1,1.0,5.0,0.0,1.2749072416080949,1.0
2018-08-20,1.3600575079258959,1.0170882026616614,1,1.0,5.0,0.0,1.2745904343294345,1.0
2018-08-21,1.3594409136790304,1.0166270966197029,1,1.0,5.0,0.0,1.2740125873455113,1.0
2018-08-22,1.3614122427188036,1.0181013103924537,1,1.0,5.0,0.0,1.2758600365323052,1.0
2018-08-23,1.3617388983978411,1.01834559244343,1,1.0,5.0,0.0,1.2761661649139322,1.0
2018-08-24,1.3611780128714317,1.0179261469062888,1,1.0,5.0,0.0,1.275640525871061,1.0
2018-08-27,1.3603563092447053,1.0173116544602288,1,1.0,5.0,0.0,1.2748704587405353,1.0
2018-08-28,1.360808309544769,1.0176496726470445,1,1.0,5.0,0.0,1.2752940549895302,1.0
2018-08-29,1.3607601974680115,1.0176136931201565,1,1.0,5.0,0.0,1.2752489663131665,1.0
2018-08-30,1.3634633365174116,1.0196351744334664,1,1.0,5.0,0.0,1.277782237998334,1.0
2018-08-31,1.3633671123638966,1.0195632153796903,1,1.0,5.0,0.0,1.2776920606456066,1.0
2018-09-03,1.3619781926743455,1.0185245432482146,1,1.0,5.0,0.0,1.2763904217516355,1.0
2018-09-04,1.360561418624566,1.01746504086433,1,1.0,5.0,0.0,1.275062678887138,1.0
2018-09-05,1.3602664156276059,1.0172444295547276,1,1.0,5.0,0.0,1.2747862141083819,1.0
2018-09-06,1.3598650596188657,1.0169442845541097,1,1.0,5.0,0.0,1.27441007962398,1.0
2018-09-07,1.35909273417618,1.0163667184645926,1,1.0,5.0,0.0,1.2736862877139323,1.0
2018-09-10,1.3566871303383066,1.014567742120195,1,1.0,5.0,0.0,1.2714318538957508,1.0
2018-09-11,1.355031062012023,1.0133292889315257,1,1.0,5.0,0.0,1.2698798541935497,1.0
2018-09-12,1.355876821677128,1.0139617711410296,1,1.0,5.0,0.0,1.2706724656622579,1.0
2018-09-13,1.3565301330352033,1.014450335242982,1,1.0,5.0,0.0,1.2712847224255115,1.0
2018-09-14,1.3575442849689594,1.0152087457965937,1,1.0,5.0,0.0,1.2722351442614923,1.0
2018-09-17,1.3578405540732028,1.015430303935851,1,1.0,5.0,0.0,1.2725127955843631,1.0
2018-09-18,1.3574278030989149,1.0151216374683385,1,1.0,5.0,0.0,1.2721259822029276,1.0
2018-09-19,1.3551234878436886,1.0133984074963367,1,1.0,5.0,0.0,1.2699664719139327,1.0
2018-09-20,1.3532066014170883,1.0119649073987484,1,1.0,5.0,0.0,1.2681700441240764,1.0
2018-09-21,1.354822154310313,1.0131730620384596,1,1.0,5.0,0.0,1.2696840744146027,1.0
2018-09-25,1.3551766643495784,1.0134381743418444,1,1.0,5.0,0.0,1.2700163067667556,1.0
2018-09-26,1.356707388054836,1.0145828913946744,1,1.0,5.0,0.0,1.2714508386015881,1.0
2018-09-27,1.3592193449044894,1.0164614014300872,1,1.0,5.0,0.0,1.2738049421254156,1.0
2018-09-28,1.3597017317793472,1.0168221435286218,1,1.0,5.0,0.0,1.2742570154331667,1.0
2018-09-29,1.3601347404701645,1.0171459592706134,1,1.0,5.0,0.0,1.2746628135204394,1.0
2018-09-30,1.3600081297418551,1.0170512763051185,1,1.0,5.0,0.0,1.2745441591089561,1.0
2018-10-08,1.3599106394810572,1.0169783704216877,1,1.0,5.0,0.0,1.2744527952121139,1.0
2018-10-09,1.359839737473204,1.0169253479610108,1,1.0,5.0,0.0,1.2743863487416836,1.0
2018-10-10,1.360334785420893,1.0172955583560945,1,1.0,5.0,0.0,1.274850287490583,1.0
2018-10-11,1.3639900371471776,1.0200290555699238,1,1.0,5.0,0.0,1.278275840350104,1.0
2018-10-12,1.36366338146814,1.0197847735189478,1,1.0,5.0,0.0,1.2779697119684772,1.0
2018-10-15,1.363719090188596,1.0198264340237655,1,0.6,4.0,1.0,1.27802191990953,1.0
2018-10-16,1.3644863512021495,1.0204002127946628,1,0.6,4.0,1.0,1.2786432524381044,0.6
2018-10-17,1.364176154917792,1.0201682395292009,1,0.6,4.0,1.0,1.2784636175664605,0.6
2018-10-18,1.3672249412554762,1.0224482053383113,1,0.6,4.0,1.0,1.2802291717334726,0.6
2018-10-19,1.366319674548066,1.0217712221350246,1,0.6,4.0,1.0,1.2797049311896962,0.6
2018-10-22,1.3647205810495213,1.0205753762808278,1,0.6,4.0,1.0,1.2787788950962842,0.6
2018-10-23,1.365754990699807,1.0213489361089187,1,0.6,4.0,1.0,1.279377922402949,0.6
2018-10-24,1.3679288969048748,1.0229746426264612,1,0.6,4.0,1.0,1.2806368329115698,0.6
2018-10-25,1.368387227741354,1.0233173949615515,1,0.6,4.0,1.0,1.2809022525994678,0.6
2018-10-26,1.3688670824016458,1.0236762434007762,1,0.6,4.0,1.0,1.2811801367478473,0.6
2018-10-29,1.3718437006241935,1.025902239919554,1,0.6,4.0,1.0,1.2829038983120684,0.6
2018-10-30,1.3715259076961375,1.0256645856761626,1,1.0,5.0,0.0,1.2827198642190785,0.6
2018-10-31,1.3719703113525026,1.0259969228850487,1,1.0,5.0,0.0,1.2828795445402936,1.0
2018-11-01,1.3729806649644096,1.0267524929496958,1,1.0,5.0,0.0,1.2838242894598757,1.0
2018-11-02,1.3691861414369846,1.0239148444738226,1,1.0,5.0,0.0,1.280276168502498,1.0
2018-11-05,1.3703585567811272,1.0247916087343023,1,1.0,5.0,0.0,1.2813724514542935,1.0
2018-11-06,1.3724463676909449,1.0263529308353085,1,1.0,5.0,0.0,1.2833246875099211,1.0
2018-11-07,1.374662055436355,1.028009882731464,1,1.0,5.0,0.0,1.2853964965440927,1.0
2018-11-08,1.3747076352985461,1.0280439685990421,1,1.0,5.0,0.0,1.285439116615653,1.0
2018-11-09,1.375010234939205,1.0282702608865741,1,1.0,5.0,0.0,1.2857220665351767,1.0
2018-11-12,1.3748798258890464,1.0281727374321148,1,1.0,5.0,0.0,1.2856001257748795,1.0
2018-11-13,1.3754153892697942,1.028573246376157,1,1.0,5.0,0.0,1.2861009116157107,1.0
2018-11-14,1.380660871743642,1.0324959616365985,1,1.0,5.0,0.0,1.2910057715177519,1.0
2018-11-15,1.3823207383917746,1.0337372553142328,1,1.0,5.0,0.0,1.2925578524570653,1.0
2018-11-16,1.3860874075589715,1.036554073537697,1,1.0,5.0,0.0,1.296079927815157,1.0
2018-11-19,1.3853239448672674,1.0359831352557647,1,1.0,5.0,0.0,1.2953660416165251,1.0
2018-11-20,1.3842566164276213,1.0351849578566454,1,1.0,5.0,0.0,1.2943680216074926,1.0
2018-11-21,1.3847250761223653,1.0355352848289754,1,1.0,5.0,0.0,1.2948060612318604,1.0
2018-11-22,1.3839084369247712,1.034924579701535,1,1.0,5.0,0.0,1.2940424516164089,1.0
2018-11-23,1.3838286721659365,1.0348649294332735,1,1.0,5.0,0.0,1.2939678664911785,1.0
2018-11-26,1.3825587665609957,1.0339152592893623,1,1.0,5.0,0.0,1.2927804239418792,1.0
2018-11-27,1.3831221843019714,1.0343365984858135,1,1.0,5.0,0.0,1.293307255381997,1.0
2018-11-28,1.3844376697691034,1.0353203544973024,1,1.0,5.0,0.0,1.2945373180028565,1.0
2018-11-29,1.3860253683021,1.036507678884605,1,1.0,5.0,0.0,1.2960219171621998,1.0
2018-11-30,1.3851049083072926,1.035819333725459,1,1.0,5.0,0.0,1.2951612284948613,1.0
2018-12-03,1.3849010650347149,1.0356668941510128,1,1.0,5.0,0.0,1.2949706220637176,1.0
2018-12-04,1.3895755331238884,1.0391625892370737,1,1.0,5.0,0.0,1.2993415471803809,1.0
2018-12-05,1.3910746041470685,1.0402836355485297,1,1.0,5.0,0.0,1.3007432739783573,1.0
2018-12-06,1.3928370254851317,1.0416016224282145,1,1.0,5.0,0.0,1.302391250078681,1.0
2018-12-07,1.3931472217694891,1.0418335956936764,1,0.6,4.0,1.0,1.302681303343465,1.0
2018-12-10,1.3951071558437145,1.0432992879995329,1,0.2,3.0,2.0,1.3044152296008773,0.6
2018-12-11,1.3951210830238285,1.0433097031257372,1,0.2,3.0,2.0,1.3043220358633827,0.2
2018-12-12,1.3952717497905165,1.043422375854676,1,0.2,3.0,2.0,1.3043549093851976,0.2
2018-12-13,1.3911011924000134,1.0403035189712835,1,0.2,3.0,2.0,1.303444948201513,0.2
2018-12-14,1.3905706934483981,1.0399067973458611,1,0.2,3.0,2.0,1.3033292002549544,0.2
2018-12-17,1.3855163931742973,1.0361270533633167,1,0.2,3.0,2.0,1.3022264179096994,0.2
2018-12-18,1.3861431162794275,1.036595734042515,1,0.2,3.0,2.0,1.3023631607105266,0.2
2018-12-19,1.3878359017169208,1.0378616452911777,1,0.2,3.0,2.0,1.3027325043968006,0.2
2018-12-20,1.3903276008500445,1.0397250060521115,1,0.2,3.0,2.0,1.3032761606231185,0.2
2018-12-21,1.3912835118487785,1.0404398624415958,1,-0.2,2.0,3.0,1.3034847279253898,0.2
2018-12-24,1.3897007073609509,1.0396719835914345,-1,-0.2,2.0,3.0,1.3031505584690308,-0.2
2018-12-25,1.389091953308115,1.0401274086554635,-1,-0.6,1.0,4.0,1.3030422183315238,-0.2
2018-12-26,1.387909882028804,1.0410117475531833,-1,-0.6,1.0,4.0,1.302722162631818,-0.6
2018-12-27,1.3849357198164047,1.0432367972423064,-1,-0.6,1.0,4.0,1.3010206818640309,-0.6
2018-12-28,1.380639004620194,1.0464512839208484,-1,-0.6,1.0,4.0,1.2985625851803555,-0.6
2018-12-29,1.3800935306144306,1.04685936750213,-1,-0.6,1.0,4.0,1.2982505263671995,-0.6
2018-12-30,1.3801327642436154,1.0468300157828265,-1,-0.6,1.0,4.0,1.298272971432647,-0.6
2018-12-31,1.3801264362389083,1.0468347499311013,-1,-1.0,0.0,5.0,1.2982693512608008,-0.6
2019-01-02,1.3743578271477952,1.0511503994983455,-1,-1.0,0.0,5.0,1.2948672031235957,-1.0
2019-01-03,1.3734086264417102,1.0518605217395551,-1,-0.6,1.0,4.0,1.2939796400623376,-1.0
2019-01-04,1.373354205601228,1.0519012354147177,-1,-0.6,1.0,4.0,1.293830055780651,-0.6
2019-01-07,1.3745590576974853,1.050999853583209,-1,-0.6,1.0,4.0,1.294533796842235,-0.6
2019-01-08,1.3708369253286912,1.0537844795984053,-1,-0.2,2.0,3.0,1.2923597396341266,-0.6
2019-01-09,1.3711254823433408,1.0535686024370776,-1,-0.2,2.0,3.0,1.2924270350180618,-0.2
2019-01-10,1.3715532554615497,1.053248574013706,-1,-0.2,2.0,3.0,1.292523119460981,-0.2
2019-01-11,1.3711052327282778,1.053583751711557,-1,0.2,3.0,2.0,1.292422486642066,-0.2
2019-01-14,1.3724453338094462,1.0521654008884476,1,0.2,3.0,2.0,1.2927386900817013,0.2
2019-01-15,1.3722860129646852,1.0520432598629597,1,0.2,3.0,2.0,1.2927117243633943,0.2
2019-01-16,1.3764592310611747,1.0552425972670225,1,0.2,3.0,2.0,1.293418058953782,0.2
2019-01-17,1.377627583922755,1.0561382981206013,1,0.2,3.0,2.0,1.2936158075547013,0.2
2019-01-18,1.3771236854369995,1.0557519916213833,1,0.2,3.0,2.0,1.2935305206316832,0.2
2019-01-21,1.3758466485882954,1.054772969758169,1,0.2,3.0,2.0,1.2933143768120738,0.2
2019-01-22,1.3760121446595976,1.0548998449319318,1,0.2,3.0,2.0,1.293342387713261,0.2
2019-01-23,1.375468724723979,1.0544832398837556,1,0.6,4.0,1.0,1.29325041161981,0.2
2019-01-24,1.3741608117425694,1.0534805472791675,1,0.6,4.0,1.0,1.2929189536684267,0.6
2019-01-25,1.374389295124591,1.0536557107653326,1,0.6,4.0,1.0,1.2930491479409862,0.6
2019-01-28,1.373507472774519,1.0529796743917013,1,0.6,4.0,1.0,1.292546668424189,0.6
2019-01-29,1.3740879440693843,1.0534246843295259,1,1.0,5.0,0.0,1.2928774322517724,0.6
2019-01-30,1.3758589990413777,1.0547824380547184,1,1.0,5.0,0.0,1.2937846551118821,1.0
2019-01-31,1.3766123766793945,1.0553600041442357,1,1.0,5.0,0.0,1.2944930913893273,1.0
2019-02-01,1.3766086715434698,1.0553571636552708,1,1.0,5.0,0.0,1.2944896072764873,1.0
2019-02-02,1.376901377281519,1.055581562283493,1,1.0,5.0,0.0,1.294764852190839,1.0
2019-02-03,1.3774065108125826,1.0559688156123659,1,1.0,5.0,0.0,1.2952398529080114,1.0
2019-02-11,1.3788972104996091,1.0571116390058857,1,1.0,5.0,0.0,1.2966416276405959,1.0
2019-02-12,1.3787835863312528,1.0570245306776307,1,1.0,5.0,0.0,1.296534781513506,1.0
2019-02-13,1.3784217180559428,1.0567471095887313,1,1.0,5.0,0.0,1.2961944998261425,1.0
2019-02-14,1.3777967851299817,1.056268013783329,1,1.0,5.0,0.0,1.295606846127147,1.0
2019-02-15,1.3779412854310438,1.0563787928529575,1,1.0,5.0,0.0,1.295742726527903,1.0
2019-02-18,1.3750426340926416,1.054156583652799,1,1.0,5.0,0.0,1.2930169889161587,1.0
2019-02-19,1.3746091331894548,1.053824246443913,1,1.0,5.0,0.0,1.2926093477138907,1.0
2019-02-20,1.3751686087140804,1.0542531602776037,1,1.0,5.0,0.0,1.293135448752715,1.0
2019-02-21,1.3741373458817132,1.0534625575157237,1,1.0,5.0,0.0,1.2921657040122774,1.0
2019-02-22,1.3730616214182498,1.0526378688862656,1,1.0,5.0,0.0,1.2911541499177612,1.0
2019-02-25,1.3695318619273453,1.04993182973243,1,1.0,5.0,0.0,1.287834951752288,1.0
2019-02-26,1.367426109676823,1.0483174851707469,1,1.0,5.0,0.0,1.2858548142882809,1.0
2019-02-27,1.3696269604160785,1.0500047356158608,1,1.0,5.0,0.0,1.2879243773151787,1.0
2019-02-28,1.3691045362506997,1.0496042266718186,1,1.0,5.0,0.0,1.2874331174047533,1.0
2019-03-01,1.3671482244824726,1.0481044484983841,1,1.0,5.0,0.0,1.285593505825289,1.0
2019-03-04,1.366109551378256,1.0473081647585742,1,1.0,5.0,0.0,1.2846167928591714,1.0
2019-03-05,1.3652907163389034,1.0466804166973451,1,1.0,5.0,0.0,1.283846803921555,1.0
2019-03-06,1.3656896359734598,1.046986242675893,1,1.0,5.0,0.0,1.284221926737317,1.0
2019-03-07,1.3691131815678572,1.0496108544794034,1,1.0,5.0,0.0,1.2874412470013796,1.0
2019-03-08,1.370081457089505,1.050353168928881,1,1.0,5.0,0.0,1.2883517618235392,1.0
2019-03-11,1.3699715380570732,1.0502689010895907,1,1.0,5.0,0.0,1.2882483998092888,1.0
2019-03-12,1.369624490325462,1.0500028419565508,1,1.0,5.0,0.0,1.2879220545732852,1.0
2019-03-13,1.369734409357894,1.050087109795841,1,1.0,5.0,0.0,1.2880254165875358,1.0
2019-03-14,1.3695726184225165,1.0499630751110431,1,1.0,5.0,0.0,1.2878732769935266,1.0
2019-03-15,1.3694009471246735,1.0498314657890055,1,1.0,5.0,0.0,1.2877118464319453,1.0
2019-03-18,1.369794926577997,1.0501335044489335,1,0.6,4.0,1.0,1.2880823237639203,1.0
2019-03-19,1.3697430546750515,1.0500937376034256,1,0.2,3.0,2.0,1.2879336651195739,0.6
2019-03-20,1.3694281181214543,1.0498522960414145,1,0.2,3.0,2.0,1.2876546871845784,0.2
2019-03-21,1.3703383465136156,1.0505501094971097,1,0.2,3.0,2.0,1.2878542096755163,0.2
2019-03-22,1.3719241446893755,1.0517658387740603,1,0.2,3.0,2.0,1.288201817380217,0.2
2019-03-25,1.3733456818391414,1.052855639706903,1,0.2,3.0,2.0,1.2885134189908949,0.2
2019-03-26,1.3751537881703817,1.0542417983217443,1,0.2,3.0,2.0,1.2889097567476562,0.2
2019-03-27,1.3746251887784617,1.0538365552294273,1,-0.2,2.0,3.0,1.288793887512756,0.2
2019-03-28,1.374655687803752,1.0542815651672521,-1,-0.2,2.0,3.0,1.2888124624951123,-0.2
2019-03-29,1.3747544519148627,1.0542058187948564,-1,-0.6,1.0,4.0,1.2888298405143233,-0.2
2019-04-01,1.380227218221789,1.0500085229344804,-1,-0.6,1.0,4.0,1.2896846025325732,-0.6
2019-04-02,1.3832074252745568,1.0477228761474409,-1,-0.6,1.0,4.0,1.2913865994777942,-0.6
2019-04-03,1.3889950021856485,1.0432841387250535,-1,-0.6,1.0,4.0,1.2946918860060448,-0.6
2019-04-04,1.390927075109253,1.0418023503150633,-1,-0.6,1.0,4.0,1.2957952933048313,-0.6
2019-04-08,1.3893579602939805,1.0430057708064997,-1,-0.6,1.0,4.0,1.2948991714666473,-0.6
2019-04-09,1.39253569556897,1.0405686312746685,-1,-0.6,1.0,4.0,1.2967139768258016,-0.6
2019-04-10,1.3925677939050811,1.0405440137036397,-1,-0.6,1.0,4.0,1.2967323081930662,-0.6
2019-04-11,1.3912591694328633,1.0415476531378827,-1,-0.6,1.0,4.0,1.2959849524507567,-0.6
2019-04-12,1.3946825804342406,1.0389220945047173,-1,-0.6,1.0,4.0,1.297940063274741,-0.6
2019-04-15,1.3984603076842281,1.0360247957605824,-1,-0.6,1.0,4.0,1.3000975241912185,-0.6
2019-04-16,1.4009639779008864,1.0341046252203518,-1,-0.6,1.0,4.0,1.3015273708378252,-0.6
2019-04-17,1.400752869613387,1.0342665330913476,-1,-0.6,1.0,4.0,1.3014068068454336,-0.6
2019-04-18,1.398538084421728,1.0359651454923207,-1,-0.6,1.0,4.0,1.300141942504205,-0.6
2019-04-19,1.3993812830203363,1.0353184608379926,-1,-0.6,1.0,4.0,1.3006234934211833,-0.6
2019-04-22,1.4032269105967121,1.0323690864628359,-1,-0.6,1.0,4.0,1.3028197322299504,-0.6
2019-04-23,1.402887408964769,1.032629464617946,-1,-0.6,1.0,4.0,1.3026258427685025,-0.6
2019-04-24,1.4050466393439285,1.0309734595514453,-1,-0.6,1.0,4.0,1.3038589797433124,-0.6
2019-04-25,1.4044355364064303,1.0314421402306437,-1,-0.6,1.0,4.0,1.3035099787127058,-0.6
2019-04-26,1.4041268985592092,1.0316788476443801,-1,-0.6,1.0,4.0,1.3033337155659346,-0.6
2019-04-28,1.4042762792772643,1.0315642812561314,-1,-0.6,1.0,4.0,1.303419026928972,-0.6
2019-04-29,1.4045293623119857,1.0313701811768676,-1,-0.6,1.0,4.0,1.3035635627093243,-0.6
2019-04-30,1.4027874103022693,1.0327061578199965,-1,-0.6,1.0,4.0,1.3025687335089482,-0.6
2019-05-05,1.4024553159786592,1.032960854997177,-1,-1.0,0.0,5.0,1.3023790743630228,-0.6
2019-05-06,1.3992207913397812,1.0354415486931356,-1,-1.0,0.0,5.0,1.3004321333130158,-1.0
2019-05-07,1.399555354766169,1.0351849578566454,-1,-1.0,0.0,5.0,1.3007467389721157,-1.0
2019-05-08,1.398417098385617,1.0360579347985057,-1,-1.0,0.0,5.0,1.2996763831872808,-1.0
2019-05-09,1.395280103306461,1.0384638289517234,-1,-1.0,0.0,5.0,1.2967265197932836,-1.0
2019-05-10,1.3947393697981294,1.0388785403405898,-1,-1.0,0.0,5.0,1.2962180427501626,-1.0
2019-05-13,1.392128293610638,1.0408810850608008,-1,-1.0,0.0,5.0,1.2937627255213928,-1.0
2019-05-14,1.3935319785398002,1.039804539743127,-1,-1.0,0.0,5.0,1.2950826762018237,-1.0
2019-05-15,1.392933221116191,1.0402637521257758,-1,-1.0,0.0,5.0,1.2945196365536187,-1.0
2019-05-16,1.3915863255509178,1.0412967432793219,-1,0.2,3.0,2.0,1.2932530875717805,-1.0
2019-05-17,1.391046449637372,1.0412891686420824,1,0.2,3.0,2.0,1.2929562980938085,0.2
2019-05-20,1.3906366353047677,1.04098239583388,1,0.2,3.0,2.0,1.292881567518385,0.2
2019-05-21,1.3887836167946883,1.039595290389384,1,0.2,3.0,2.0,1.2925436653795095,0.2
2019-05-22,1.3870988245384253,1.0383341132889958,1,0.2,3.0,2.0,1.2922364396805457,0.2
2019-05-23,1.387932366653198,1.0389580740316053,1,0.2,3.0,2.0,1.2923884379805586,0.2
2019-05-24,1.38834977014011,1.0392705278177374,1,0.2,3.0,2.0,1.292464552455527,0.2
2019-05-27,1.385225568283526,1.0369318585700207,1,0.2,3.0,2.0,1.291894847142884,0.2
2019-05-28,1.3868610310367904,1.0381561093138658,1,0.2,3.0,2.0,1.2921930774948058,0.2
2019-05-29,1.3896917855934847,1.040275114081635,1,0.2,3.0,2.0,1.292709272025047,0.2
2019-05-30,1.3906594027676902,1.040999438767669,1,0.2,3.0,2.0,1.2928857192170198,0.2
2019-05-31,1.3912399730722131,1.041434033579289,1,0.2,3.0,2.0,1.292991587532203,0.2
2019-06-03,1.3942288350103136,1.0436713920539267,1,0.2,3.0,2.0,1.2935366133029624,0.2
2019-06-04,1.3964170411689736,1.0453094073569833,1,0.2,3.0,2.0,1.2939356376717366,0.2
2019-06-05,1.396290555263849,1.0452147243914889,1,0.2,3.0,2.0,1.2939125726793221,0.2
2019-06-06,1.3976869596564274,1.0462600243305493,1,-0.6,1.0,4.0,1.2941672101955803,0.2
2019-06-10,1.3962530642446758,1.0456048182093263,-1,-1.0,0.0,5.0,1.2937984492801429,-0.6
2019-06-11,1.3996933693258113,1.0430284947182182,-1,-1.0,0.0,5.0,1.2956467400205658,-1.0
2019-06-12,1.3990321125976106,1.043523686627755,-1,-1.0,0.0,5.0,1.2950328104369189,-1.0
2019-06-13,1.3979321253059576,1.0443474284275582,-1,-1.0,0.0,5.0,1.2940115509000678,-1.0
2019-06-14,1.3965135210056878,1.0454097713004078,-1,-1.0,0.0,5.0,1.2926944782559915,-1.0
2019-06-17,1.3956562895301237,1.046051721806461,-1,-1.0,0.0,5.0,1.2918986001341695,-1.0
2019-06-18,1.396612140555974,1.0453359185873219,-1,-1.0,0.0,5.0,1.2927860394558468,-1.0
2019-06-19,1.3975174174534724,1.0446579885543803,-1,-0.2,2.0,3.0,1.2936265243160596,-1.0
2019-06-20,1.3968827121426564,1.0451332970411635,-1,0.2,3.0,2.0,1.292837739898205,-0.2
2019-06-21,1.3964052412002308,1.0450726999432467,1,0.2,3.0,2.0,1.2927468758104266,0.2
2019-06-24,1.3959194294181214,1.0447091173557475,1,0.2,3.0,2.0,1.2926624813279874,0.2
2019-06-25,1.3961648655788745,1.044892802308807,1,0.2,3.0,2.0,1.292705118123803,0.2
2019-06-26,1.3959928072393777,1.0447640334757344,1,0.6,4.0,1.0,1.2926752284112726,0.2
2019-06-27,1.3953716260283995,1.044299140115156,1,0.6,4.0,1.0,1.2924676543594327,0.6
2019-06-28,1.39705805078244,1.045561264045199,1,0.6,4.0,1.0,1.2933628757749425,0.6
2019-07-01,1.3967215249125413,1.0453094073569833,1,0.6,4.0,1.0,1.293184234442215,0.6
2019-07-02,1.4012646241561721,1.0487094726478945,1,0.6,4.0,1.0,1.2955958924340343,0.6
2019-07-03,1.403634221728804,1.0504828845916085,1,0.6,4.0,1.0,1.2968537691866597,0.6
2019-07-04,1.4038315827652859,1.05063059001778,1,0.6,4.0,1.0,1.2969585362840488,0.6
2019-07-05,1.402753687873731,1.049823891151766,1,0.6,4.0,1.0,1.2963863467521548,0.6
2019-07-08,1.4023880639022999,1.0495502573814866,1,0.6,4.0,1.0,1.2961922589884023,0.6
2019-07-09,1.402539880084209,1.0496638769400803,1,0.6,4.0,1.0,1.296272849063317,0.6
2019-07-10,1.402466502262953,1.0496089608200931,1,0.6,4.0,1.0,1.2962338971937748,0.6
2019-07-11,1.4033166728816442,1.050245230348217,1,0.6,4.0,1.0,1.2966852016132966,0.6
2019-07-12,1.4041212986457625,1.0508474140087627,1,0.6,4.0,1.0,1.297112329010344,0.6
2019-07-15,1.403129432923956,1.050105099559285,1,0.6,4.0,1.0,1.2965858071875684,0.6
2019-07-16,1.4036898876621708,1.0505245450964262,1,0.6,4.0,1.0,1.296883318880795,0.6
2019-07-17,1.4030256918663182,1.0500274595275796,1,0.6,4.0,1.0,1.2965307373030437,0.6
2019-07-18,1.4043237202216414,1.0509989067535543,1,0.6,4.0,1.0,1.2972197824435636,0.6
2019-07-19,1.404982855478097,1.0514922050037812,1,0.6,4.0,1.0,1.2975696776854844,0.6
2019-07-22,1.4052675108191766,1.0517052416761439,1,0.6,4.0,1.0,1.2977207840759493,0.6
2019-07-23,1.4055698780481454,1.051931533963676,1,0.6,4.0,1.0,1.2978812926418206,0.6
2019-07-24,1.4043262504913399,1.051000800412864,1,0.6,4.0,1.0,1.2972211256114787,0.6
2019-07-25,1.4049297198144288,1.0514524381582735,1,0.6,4.0,1.0,1.297541471159264,0.6
2019-07-26,1.4045021042353847,1.0511324097349015,1,0.6,4.0,1.0,1.297314475781588,0.6
2019-07-29,1.4034381258271715,1.0503361259950919,1,0.6,4.0,1.0,1.2967496736732282,0.6
2019-07-30,1.4038404387092307,1.0506372178253647,1,0.2,3.0,2.0,1.296963237371752,0.6
2019-07-31,1.4051346716600062,1.0516058245623745,1,-0.2,2.0,3.0,1.297550911368775,0.2
2019-08-01,1.4054162376535995,1.0522373599422234,-1,-0.6,1.0,4.0,1.297591154522937,-0.2
2019-08-02,1.4009027771220137,1.055616594980726,-1,-1.0,0.0,5.0,1.2965340459791717,-0.6
2019-08-05,1.3975072485349282,1.0581588326042561,-1,-1.0,0.0,5.0,1.2944924911001185,-1.0
2019-08-06,1.397530011855065,1.058141789670467,-1,-1.0,0.0,5.0,1.294513566260408,-1.0
2019-08-07,1.3970304834409502,1.0585157873841706,-1,-1.0,0.0,5.0,1.2940510835762806,-1.0
2019-08-08,1.397327671231626,1.0582932824152584,-1,-1.0,0.0,5.0,1.2943262315022803,-1.0
2019-08-09,1.3949210824415987,1.0600950992486207,-1,-1.0,0.0,5.0,1.2920981187228011,-1.0
2019-08-12,1.396211003916022,1.0591293330005758,-1,-1.0,0.0,5.0,1.2932923778058638,-1.0
2019-08-13,1.393648865771726,1.0610476098814965,-1,-1.0,0.0,5.0,1.2909202514310743,-1.0
2019-08-14,1.3940750457098445,1.0607285282877796,-1,-1.0,0.0,5.0,1.29131482526538,-1.0
2019-08-15,1.3935679295223506,1.061108206979413,-1,-1.0,0.0,5.0,1.2908453175278232,-1.0
2019-08-16,1.3937980919815123,1.060935883982213,-1,-1.0,0.0,5.0,1.2910584108151935,-1.0
2019-08-19,1.393761417743514,1.0609633420422062,-1,-1.0,0.0,5.0,1.2910244563902826,-1.0
2019-08-20,1.3945138719369277,1.0603999783975133,-1,-1.0,0.0,5.0,1.2917211075220696,-1.0
2019-08-21,1.3965347489135247,1.0588869446089095,-1,-1.0,0.0,5.0,1.293592113418868,-1.0
2019-08-22,1.3966928275255863,1.0587685909020415,-1,-1.0,0.0,5.0,1.293738468698655,-1.0
2019-08-23,1.396948282562678,1.0585773313117421,-1,-1.0,0.0,5.0,1.2939749788307913,-1.0
2019-08-26,1.3956115698190843,1.0595781302570202,-1,-1.0,0.0,5.0,1.2927373985849113,-1.0
2019-08-27,1.3960921287997516,1.0592183349881408,-1,-1.0,0.0,5.0,1.293182318635464,-1.0
2019-08-28,1.396433578601805,1.0589626909813055,-1,-1.0,0.0,5.0,1.2934984460398042,-1.0
2019-08-29,1.3944746684411364,1.0604293301168168,-1,-1.0,0.0,5.0,1.2916848114126822,-1.0
2019-08-30,1.3966612118031738,1.0587922616434151,-1,-1.0,0.0,5.0,1.2937091976426978,-1.0
2019-09-02,1.397922046812978,1.0578482724774338,-1,-1.0,0.0,5.0,1.2948765273542797,-1.0
2019-09-03,1.3975805970109247,1.0581039164842694,-1,-1.0,0.0,5.0,1.2945603999499398,-1.0
2019-09-04,1.396748471197032,1.0587269303972238,-1,-1.0,0.0,5.0,1.2937899857571402,-1.0
2019-09-05,1.3929798770854809,1.061548482768963,-1,-1.0,0.0,5.0,1.290300875887015,-1.0
2019-09-06,1.39313163255306,1.0614348632103696,-1,-1.0,0.0,5.0,1.2904413769556107,-1.0
2019-09-09,1.393758888485721,1.060965235701516,-1,-1.0,0.0,5.0,1.291022114705806,-1.0
2019-09-10,1.395767119173353,1.059461670209462,-1,-1.0,0.0,5.0,1.2928814121802217,-1.0
2019-09-11,1.396458871179735,1.0589437543882063,-1,-1.0,0.0,5.0,1.2935218628845702,-1.0
2019-09-12,1.3999024556648871,1.0563655372377885,-1,-1.0,0.0,5.0,1.296710066299453,-1.0
2019-09-16,1.4000415648435016,1.0562613859757441,-1,-1.0,0.0,5.0,1.2968388589456659,-1.0
2019-09-17,1.4011949063971036,1.0553978773304336,-1,-1.0,0.0,5.0,1.2979066670669925,-1.0
2019-09-18,1.4044867354146766,1.0529332797386088,-1,-1.0,0.0,5.0,1.3009543694132801,-1.0
2019-09-19,1.4032246357759761,1.053878215734245,-1,-1.0,0.0,5.0,1.2997858688594595,-1.0
2019-09-20,1.402674522206001,1.0542900866341467,-1,-1.0,0.0,5.0,1.2992765524858005,-1.0
2019-09-23,1.402432978086771,1.0544709310982414,-1,-1.0,0.0,5.0,1.2990529216182858,-1.0
2019-09-24,1.403826599130707,1.0534275248184906,-1,-0.6,1.0,4.0,1.3003431897648892,-1.0
2019-09-25,1.4036217292494748,1.053580911222592,-1,-0.6,1.0,4.0,1.3000431856219472,-0.6
2019-09-26,1.4050191441801003,1.0525346644538767,-1,-0.6,1.0,4.0,1.3007891678359897,-0.6
2019-09-27,1.4064734674110682,1.0514458103506885,-1,-0.6,1.0,4.0,1.301565529416215,-0.6
2019-09-29,1.4059701451102637,1.051822648553357,-1,-0.6,1.0,4.0,1.3012968407997545,-0.6
2019-09-30,1.406383678759417,1.0515130352561899,-1,-0.6,1.0,4.0,1.301517597527349,-0.6
2019-10-08,1.403301778138662,1.0538204591252933,-1,-0.6,1.0,4.0,1.2998723860742978,-0.6
2019-10-09,1.4034004191925886,1.0537466064122076,-1,-0.6,1.0,4.0,1.2999250436423477,-0.6
2019-10-10,1.404638490882256,1.0528196601800153,-1,-0.6,1.0,4.0,1.3005859636310788,-0.6
2019-10-11,1.4071968351398625,1.0509042237880595,-1,-0.6,1.0,4.0,1.3019516849152486,-0.6
2019-10-12,1.408558840461386,1.0498844882496825,-1,-0.6,1.0,4.0,1.3026787644125553,-0.6
2019-10-14,1.4080479303872029,1.050267007430281,-1,-0.6,1.0,4.0,1.3024060252139371,-0.6
2019-10-15,1.4086410413396582,1.049822944322111,-1,-0.6,1.0,4.0,1.3027226457192636,-0.6
2019-10-16,1.408381792415877,1.050017044401375,-1,-0.6,1.0,4.0,1.3025842508288756,-0.6
2019-10-17,1.407523109395158,1.0506599417370834,-1,-0.6,1.0,4.0,1.3021258599480297,-0.6
2019-10-18,1.409590777640925,1.0491118752512467,-1,-0.6,1.0,4.0,1.303229643586002,-0.6
2019-10-21,1.4127864948623645,1.0467192367131979,-1,-0.6,1.0,4.0,1.3049356137714188,-0.6
2019-10-22,1.4125968005278906,1.0468612611614398,-1,-0.6,1.0,4.0,1.3048343492174763,-0.6
2019-10-23,1.413084947281937,1.0464957849146308,-1,-0.6,1.0,4.0,1.3050949366696212,-0.6
2019-10-24,1.4130381560127667,1.0465308176118637,-1,-0.6,1.0,4.0,1.3050699580796488,-0.6
2019-10-25,1.4145215657083539,1.0454201864266122,-1,-0.6,1.0,4.0,1.3058618468914787,-0.6
2019-10-28,1.419558582603088,1.0416489639109618,-1,-0.6,1.0,4.0,1.308550758347163,-0.6
2019-10-29,1.4195977860988793,1.0416196121916586,-1,-0.6,1.0,4.0,1.308571686354978,-0.6
2019-10-30,1.4213012412224564,1.040344232646446,-1,-0.6,1.0,4.0,1.3094810420493808,-0.6
2019-10-31,1.4182092235705293,1.0426592311527894,-1,-0.6,1.0,4.0,1.3078304298201193,-0.6
2019-11-01,1.4171203780906483,1.043474451485698,-1,-0.6,1.0,4.0,1.30724917128049,-0.6
2019-11-04,1.4192259852033102,1.0418979801102128,-1,-0.6,1.0,4.0,1.3083732078292507,-0.6
2019-11-05,1.414895895861716,1.0451399248487478,-1,-0.6,1.0,4.0,1.3060616756112584,-0.6
2019-11-06,1.4153018417374903,1.0448359925295103,-1,-0.6,1.0,4.0,1.3062783817566952,-0.6
2019-11-07,1.4158127518116739,1.044453473348912,-1,-0.6,1.0,4.0,1.3065511209553133,-0.6
2019-11-08,1.4160656775909726,1.0442641074179229,-1,-0.6,1.0,4.0,1.30668614036057,-0.6
2019-11-11,1.413966393622793,1.0458358446451332,-1,-0.6,1.0,4.0,1.3055654792969407,-0.6
2019-11-12,1.4138652233110736,1.045911591017529,-1,-0.6,1.0,4.0,1.3055114715348377,-0.6
2019-11-13,1.4122591446125266,1.0471140646793105,-1,-0.6,1.0,4.0,1.3046540983114587,-0.6
2019-11-14,1.413607239016189,1.046104744267138,-1,-0.6,1.0,4.0,1.305373751741476,-0.6
2019-11-15,1.412642327168164,1.0468271752938618,-1,-0.6,1.0,4.0,1.3048586527104225,-0.6
2019-11-18,1.4085740160081441,1.049873126293823,-1,-0.6,1.0,4.0,1.3026868655768706,-0.6
2019-11-19,1.4060561398752254,1.0517582641368208,-1,-0.6,1.0,4.0,1.3013427473975416,-0.6
2019-11-20,1.4064329992863804,1.051476108899647,-1,-0.6,1.0,4.0,1.3015439263113742,-0.6
2019-11-21,1.4062534219830782,1.0516105587106492,-1,-0.6,1.0,4.0,1.3014480625336418,-0.6
2019-11-22,1.4060814324531552,1.051739327543722,-1,-0.2,2.0,3.0,1.3013562493380673,-0.6
2019-11-25,1.408202215112575,1.0501514942123775,-1,-0.2,2.0,3.0,1.3023790667776578,-0.2
2019-11-26,1.4072233923466888,1.0508843403653056,-1,0.2,3.0,2.0,1.3022379863675462,-0.2
2019-11-27,1.4066006360754129,1.050929788188743,1,0.2,3.0,2.0,1.3021277470388934,0.2
2019-11-28,1.4068300118424588,1.0511011643562882,1,0.6,4.0,1.0,1.302177505870947,0.2
2019-11-29,1.4074953282938354,1.051598249925135,1,0.6,4.0,1.0,1.302222517317956,0.6
2019-12-02,1.4045476595968795,1.0493959241477304,1,0.6,4.0,1.0,1.3005430979219326,0.6
2019-12-03,1.4058009890643297,1.050332338676472,1,0.6,4.0,1.0,1.301257176074412,0.6
2019-12-04,1.4059771395152658,1.0504639479985096,1,0.6,4.0,1.0,1.3013575369067625,0.6
2019-12-05,1.4063699930389355,1.0507574651915428,1,0.6,4.0,1.0,1.3015813632235154,0.6
2019-12-06,1.4062242570543484,1.050648579781224,1,0.6,4.0,1.0,1.3014983308802037,0.6
2019-12-09,1.4062863532564769,1.0506949744343166,1,0.6,4.0,1.0,1.3015337098786584,0.6
2019-12-10,1.4061799026242565,1.050615440743301,1,0.6,4.0,1.0,1.301473060167022,0.6
2019-12-11,1.407159501894569,1.0513473400665743,1,1.0,5.0,0.0,1.3020311819181511,0.6
2019-12-12,1.4072925651848445,1.0514467571803436,1,1.0,5.0,0.0,1.3020069522376638,1.0
2019-12-13,1.407093603884147,1.051298104924517,1,1.0,5.0,0.0,1.3018228760880821,1.0
2019-12-16,1.40705431853178,1.0512687532052138,1,1.0,5.0,0.0,1.3017865298419866,1.0
2019-12-17,1.4058314035306783,1.0503550625881906,1,1.0,5.0,0.0,1.300655106374812,1.0
2019-12-18,1.405781980022862,1.0503181362316478,1,1.0,5.0,0.0,1.3006093804523047,1.0
2019-12-19,1.40613047911644,1.050578514386758,1,1.0,5.0,0.0,1.3009318068289606,1.0
2019-12-20,1.4088094866939829,1.052580112277314,1,1.0,5.0,0.0,1.3034103863207807,1.0
2019-12-23,1.409558442927818,1.053139688603387,1,1.0,5.0,0.0,1.304103309915703,1.0
2019-12-24,1.4109308957218007,1.0541651051196936,1,1.0,5.0,0.0,1.3053730836099515,1.0
2019-12-25,1.4114707524994892,1.0545684545527008,1,1.0,5.0,0.0,1.30587255137888,1.0
2019-12-26,1.414399412154977,1.056756577885281,1,1.0,5.0,0.0,1.3085821054023412,1.0
2019-12-27,1.414123147418977,1.0565501690205028,1,1.0,5.0,0.0,1.3083265092201195,1.0
2019-12-30,1.4138671589938758,1.0563589094302035,1,1.0,5.0,0.0,1.3080896723907212,1.0
2019-12-31,1.4149937615182067,1.0572006409934505,1,1.0,5.0,0.0,1.3091319889319835,1.0
2020-01-02,1.4127836436302055,1.055549370075225,1,1.0,5.0,0.0,1.3070872194742094,1.0
2020-01-03,1.4119763930025353,1.0549462395850242,1,1.0,5.0,0.0,1.306340362739919,1.0
2020-01-06,1.4130966591797103,1.0557832369999964,1,1.0,5.0,0.0,1.3073768169834241,1.0
2020-01-07,1.4123983937231228,1.0552615338601212,1,1.0,5.0,0.0,1.3067307917705606,1.0
2020-01-08,1.4126607184953799,1.055457527598695,1,1.0,5.0,0.0,1.3069734908977162,1.0
2020-01-09,1.413514858092004,1.0560956907861287,1,1.0,5.0,0.0,1.307763728635411,1.0
2020-01-10,1.4158580392702806,1.0578463788181238,1,1.0,5.0,0.0,1.30993160634609,1.0
2020-01-13,1.4157883394515651,1.0577943031871018,1,1.0,5.0,0.0,1.3098671210707589,1.0
2020-01-14,1.414793532948078,1.057051041907969,1,1.0,5.0,0.0,1.3089467403228503,1.0
2020-01-15,1.4150292450622803,1.0572271522237893,1,1.0,5.0,0.0,1.3091648177994248,1.0
2020-01-16,1.4151559720053997,1.0573218351892837,1,1.0,5.0,0.0,1.3092820637545723,1.0
2020-01-17,1.4160455951460975,1.057986509607056,1,1.0,5.0,0.0,1.3101051303597084,1.0
2020-01-19,1.416500544871896,1.0583264214531818,1,1.0,5.0,0.0,1.3105260433386885,1.0
2020-01-20,1.4182645839201171,1.0596444083328664,1,1.0,5.0,0.0,1.3121581070343429,1.0
2020-01-21,1.422359131452303,1.0627036149479971,1,1.0,5.0,0.0,1.315946323845162,1.0
2020-01-22,1.4229395408517895,1.0631372629299625,1,1.0,5.0,0.0,1.3164833103197378,1.0
2020-01-23,1.4262813303418467,1.065634052730055,1,1.0,5.0,0.0,1.3195750861569802,1.0
2020-02-03,1.4416862575474338,1.0771437140155793,1,1.0,5.0,0.0,1.3338275044647223,1.0
2020-02-04,1.4408637996865894,1.0765292215695192,1,1.0,5.0,0.0,1.3330665782158142,1.0
2020-02-05,1.4398829331468457,1.0757963754165911,1,1.0,5.0,0.0,1.332159094522972,1.0
2020-02-06,1.4412401787076536,1.076810429977038,1,1.0,5.0,0.0,1.3334147987026026,1.0
2020-02-07,1.443915384476903,1.0788091873786294,1,1.0,5.0,0.0,1.3358898608157683,1.0
2020-02-10,1.4449710199130872,1.0795978964811996,1,1.0,5.0,0.0,1.3368665196221479,1.0
2020-02-11,1.4415291161379657,1.077026307138366,1,1.0,5.0,0.0,1.333682119480339,1.0
2020-02-12,1.4410310792515069,1.076654203083972,1,1.0,5.0,0.0,1.333221342876609,1.0
2020-02-13,1.4410817700287546,1.07669207627017,1,1.0,5.0,0.0,1.333268241258668,1.0
2020-02-14,1.4384471168813033,1.0747236174175372,1,1.0,5.0,0.0,1.3308306978511495,1.0
2020-02-17,1.4361330828999443,1.0729947064676058,1,1.0,5.0,0.0,1.3286897867101544,1.0
2020-02-18,1.4371861837972661,1.073781521910866,1,1.0,5.0,0.0,1.329664100597431,1.0
2020-02-19,1.4362990951954306,1.0731187411524035,1,1.0,5.0,0.0,1.3288433789113976,1.0
2020-02-20,1.435305555961375,1.0723764267029259,1,1.0,5.0,0.0,1.3279241706230407,1.0
2020-02-21,1.4380796087462573,1.0744490368176027,1,1.0,5.0,0.0,1.3304906845812217,1.0
2020-02-24,1.4404785497795065,1.0762413853544157,1,1.0,5.0,0.0,1.3327101505121655,1.0
2020-02-25,1.440383504572167,1.0761703731302947,1,1.0,5.0,0.0,1.3326222160458046,1.0
2020-02-26,1.4410995118007912,1.0767053318853392,1,1.0,5.0,0.0,1.3332846556923887,1.0
2020-02-27,1.4437481049119856,1.0786842058641763,1,1.0,5.0,0.0,1.3357350961549734,1.0
2020-02-28,1.448369836527548,1.0821372936157647,1,1.0,5.0,0.0,1.3400110561392062,1.0
2020-03-02,1.447892075951988,1.08178033883585,1,1.0,5.0,0.0,1.3395690388883001,1.0
2020-03-03,1.447307864744208,1.08134385036492,1,1.0,5.0,0.0,1.3390285350350695,1.0
2020-03-04,1.4530714061172756,1.0856500316356146,1,1.0,5.0,0.0,1.3443608810751821,1.0
2020-03-05,1.4525999818888715,1.0852978110039744,1,1.0,5.0,0.0,1.343924726122033,1.0
2020-03-06,1.4574422183854616,1.0889156471155235,1,1.0,5.0,0.0,1.348404694068223,1.0
2020-03-09,1.4671076823371738,1.0961371168937968,1,1.0,5.0,0.0,1.3573470430673302,1.0
2020-03-10,1.4582659435157375,1.0895310863912384,1,1.0,5.0,0.0,1.3491667927766824,1.0
2020-03-11,1.45792884984704,1.0892792297030227,1,1.0,5.0,0.0,1.3488549185359897,1.0
2020-03-12,1.456816187286452,1.0884479132659801,1,1.0,5.0,0.0,1.3478254990497938,1.0
2020-03-13,1.4521272903910365,1.0849446435426797,1,1.0,5.0,0.0,1.343487398709333,1.0
2020-03-16,1.4519308636292014,1.084797884946163,1,1.0,5.0,0.0,1.343305667478854,1.0
2020-03-17,1.4486435667246857,1.082341808821233,1,1.0,5.0,0.0,1.3402643074023253,1.0
2020-03-18,1.4483140766725753,1.082095633110947,1,1.0,5.0,0.0,1.3399594679189413,1.0
2020-03-19,1.4470455399719508,1.081147856626346,1,1.0,5.0,0.0,1.338785835907914,1.0
2020-03-20,1.4492113034298604,1.082765988506649,1,1.0,5.0,0.0,1.3407895692813867,1.0
2020-03-23,1.4534427160606151,1.0859274527245137,1,1.0,5.0,0.0,1.344704411723765,1.0
2020-03-24,1.454168861444689,1.0864699861167977,1,1.0,5.0,0.0,1.3453762310467605,1.0
2020-03-25,1.4550749590879923,1.0871469693200841,1,1.0,5.0,0.0,1.3462145396260659,1.0
2020-03-26,1.4584382921583796,1.0896598552243109,1,1.0,5.0,0.0,1.3493262472756828,1.0
2020-03-27,1.4573142241729111,1.088820017320374,1,1.0,5.0,0.0,1.3482862756535237,1.0
2020-03-30,1.4564841626954794,1.0881998438963842,1,1.0,5.0,0.0,1.3475183146473069,1.0
2020-03-31,1.459102341340325,1.0901559939635028,1,1.0,5.0,0.0,1.3499406160806564,1.0
2020-04-01,1.462582263198382,1.0927559881959845,1,1.0,5.0,0.0,1.3531601900090096,1.0
2020-04-02,1.4599666190923988,1.090801731788176,1,1.0,5.0,0.0,1.3507402334947631,1.0
2020-04-03,1.4578997026501224,1.0892574526209589,1,1.0,5.0,0.0,1.3488279519663056,1.0
2020-04-07,1.4670645951765133,1.0961049246855288,1,1.0,5.0,0.0,1.35730717944258,1.0
2020-04-08,1.4705166371070841,1.098684088665602,1,1.0,5.0,0.0,1.3605009592608008,1.0
2020-04-09,1.4675816411044402,1.0964912311847468,1,1.0,5.0,0.0,1.3577855429395824,1.0
2020-04-10,1.466263680895999,1.095506528343603,1,1.0,5.0,0.0,1.3565661850060473,1.0
2020-04-13,1.4646200324437413,1.0942784902811378,1,1.0,5.0,0.0,1.355045504967783,1.0
2020-04-14,1.465077516708402,1.0946202957865734,1,1.0,5.0,0.0,1.3554687628658657,1.0
2020-04-15,1.4670024989743848,1.0960585300324364,1,1.0,5.0,0.0,1.3572497289245578,1.0
2020-04-16,1.470090834578203,1.09836595390154,1,1.0,5.0,0.0,1.3601070128515047,1.0
2020-04-17,1.4675816411044402,1.0964912311847468,1,1.0,5.0,0.0,1.3577855429395824,1.0
2020-04-20,1.4648037865112642,1.094415780581105,1,1.0,5.0,0.0,1.355215511602747,1.0
2020-04-21,1.4658188693256502,1.0951741911347168,1,1.0,5.0,0.0,1.3561546517034793,1.0
2020-04-22,1.4679567528560735,1.0967714927626109,1,1.0,5.0,0.0,1.3581325909668192,1.0
2020-04-23,1.4741537003746092,1.101401489775297,1,1.0,5.0,0.0,1.3638659181735366,1.0
2020-04-24,1.476430983542464,1.103102942665235,1,1.0,5.0,0.0,1.365972827987539,1.0
2020-04-26,1.4756452764951238,1.1025159082791685,1,1.0,5.0,0.0,1.3652459030656239,1.0
2020-04-27,1.4740586551672699,1.101330477551176,1,1.0,5.0,0.0,1.363777983707176,1.0
2020-04-28,1.4757618652827937,1.1026030166074234,1,1.0,5.0,0.0,1.3653537693443598,1.0
2020-04-29,1.4791391383169241,1.1051263176378547,1,1.0,5.0,0.0,1.368478374049043,1.0
2020-04-30,1.475540093132335,1.102437321417808,1,1.0,5.0,0.0,1.3651485889228516,1.0
2020-05-06,1.4712085662165157,1.0992010576572022,1,1.0,5.0,0.0,1.3611411221759064,1.0
2020-05-07,1.4639978031530252,1.0938135969205591,1,1.0,5.0,0.0,1.354469827328008,1.0
2020-05-08,1.4648101228584203,1.0944205147293797,1,1.0,5.0,0.0,1.3552213739005041,1.0
2020-05-09,1.4631918197947862,1.0932114132600137,1,1.0,5.0,0.0,1.3537241430532696,1.0
2020-05-11,1.4591720411590408,1.0902080695945249,1,1.0,5.0,0.0,1.3500051013559875,1.0
2020-05-12,1.4598183485689493,1.0906909527185473,1,1.0,5.0,0.0,1.3506030557272404,1.0
2020-05-13,1.458034033209829,1.0893578165643834,1,1.0,5.0,0.0,1.3489522326787622,1.0
2020-05-14,1.4578363391785627,1.0892101111382115,1,1.0,5.0,0.0,1.3487693289887317,1.0
2020-05-15,1.459784132294307,1.0906653883178636,1,1.0,5.0,0.0,1.3505713993193504,1.0
2020-05-18,1.4555261070054972,1.087484040677245,1,1.0,5.0,0.0,1.3466319352263914,1.0
2020-05-19,1.4543538827816433,1.0866082232464198,1,1.0,5.0,0.0,1.3455474101412759,1.0
2020-05-20,1.4562408469646901,1.0880180526026344,1,1.0,5.0,0.0,1.3472932024134237,1.0
2020-05-21,1.4564271355710758,1.0881572365619117,1,1.0,5.0,0.0,1.3474655539674907,1.0
2020-05-22,1.4636531058677407,1.093556059254414,1,1.0,5.0,0.0,1.354150918330007,1.0
2020-05-25,1.4584763102413154,1.0896882601139593,1,1.0,5.0,0.0,1.3493614210622273,1.0
2020-05-26,1.4526785525936057,1.0853565144425814,1,1.0,5.0,0.0,1.343997418614225,1.0
2020-05-27,1.4508815645401734,1.0840139099918678,1,1.0,5.0,0.0,1.3423348709702316,1.0
2020-05-28,1.452137428546486,1.0849522181799194,1,1.0,5.0,0.0,1.3434967783857446,1.0
2020-05-29,1.4541663269058267,1.0864680924574879,1,1.0,5.0,0.0,1.3453738861276576,1.0
2020-06-01,1.4513187724939351,1.084340566222824,1,1.0,5.0,0.0,1.3427393695154912,1.0
2020-06-02,1.4446275898972338,1.079341305644709,1,1.0,5.0,0.0,1.336548783083698,1.0
2020-06-03,1.4406711747330478,1.0763853034619673,1,1.0,5.0,0.0,1.3328883643639897,1.0
2020-06-04,1.4377450496164224,1.074199073788697,1,1.0,5.0,0.0,1.3301811552596319,1.0
2020-06-05,1.4360063559568248,1.072900023502111,1,1.0,5.0,0.0,1.3285725407550069,1.0
2020-06-08,1.4390009136227349,1.0751373819767487,1,1.0,5.0,0.0,1.3313430626751444,1.0
2020-06-09,1.4388323667883862,1.0750114536326407,1,1.0,5.0,0.0,1.3311871255547982,1.0
2020-06-10,1.4389654300786616,1.07511087074641,1,0.2,3.0,2.0,1.331310233807703,1.0
2020-06-11,1.4425074481388471,1.0777572596319842,1,0.2,3.0,2.0,1.3343810096063913,0.2
2020-06-12,1.444158700207692,1.0789909786723788,1,0.2,3.0,2.0,1.3347282504063893,0.2
2020-06-15,1.442853412693563,1.0780157441277844,1,0.2,3.0,2.0,1.3344537622835972,0.2
2020-06-16,1.4355957606611183,1.0725932506939087,1,0.2,3.0,2.0,1.3329275550222088,0.2
2020-06-17,1.4320651480258135,1.0699553832752289,1,0.2,3.0,2.0,1.3321851046240547,0.2
2020-06-18,1.4346047559659252,1.0718528299037409,1,0.2,3.0,2.0,1.3327191572435453,0.2
2020-06-19,1.4335313787577042,1.0710508651860013,1,-0.2,2.0,3.0,1.3324934373988804,0.2
2020-06-22,1.430133200212515,1.0689394350554717,-1,-0.2,2.0,3.0,1.3317877051164273,-0.2
2020-06-23,1.430686775479545,1.0685256704962605,-1,-0.2,2.0,3.0,1.3318869517981249,-0.2
2020-06-24,1.427875829215153,1.0706266855005855,-1,-0.2,2.0,3.0,1.3313829966798487,-0.2
2020-06-28,1.4262252375150617,1.0718604045409803,-1,-0.2,2.0,3.0,1.3310870735076477,-0.2
2020-06-29,1.4269016887566957,1.071354797505239,-1,-0.2,2.0,3.0,1.3312083497731546,-0.2
2020-06-30,1.424607581643215,1.0730695060103463,-1,-0.6,1.0,4.0,1.3307970551723445,-0.2
2020-07-01,1.4258667436922483,1.07212835733333,-1,-0.6,1.0,4.0,1.330911433015772,-0.6
2020-07-02,1.425963017651732,1.0720563982795541,-1,-0.6,1.0,4.0,1.3309660674714254,-0.6
2020-07-03,1.4294782839355025,1.069428945987079,-1,-0.6,1.0,4.0,1.3329609439771815,-0.6
2020-07-06,1.4391360821868422,1.0622103166977703,-1,-0.6,1.0,4.0,1.3384416425284915,-0.6
2020-07-07,1.4417228114666476,1.0602768905423705,-1,-0.6,1.0,4.0,1.3399095840869615,-0.6
2020-07-08,1.4455294331541182,1.0574316674292574,-1,-0.6,1.0,4.0,1.3420698017085102,-0.6
2020-07-09,1.4496046085180425,1.054385716429296,-1,-1.0,0.0,5.0,1.3443824207063542,-0.6
2020-07-10,1.4456801779064674,1.0573189947003188,-1,-1.0,0.0,5.0,1.342054149325666,-1.0
2020-07-13,1.446601114334684,1.0566306495411733,-1,-1.0,0.0,5.0,1.342906186536528,-1.0
2020-07-14,1.4437648328177966,1.0587506011385974,-1,-1.0,0.0,5.0,1.3402820994455786,-1.0
2020-07-15,1.4388624614598893,1.0624148319032387,-1,-1.0,0.0,5.0,1.335746495585831,-1.0
2020-07-16,1.4367558352148764,1.0639894096194138,-1,-1.0,0.0,5.0,1.3337974751158674,-1.0
2020-07-17,1.4376463693400983,1.0633237883719868,-1,-1.0,0.0,5.0,1.334621384550855,-1.0
2020-07-20,1.4365987566494034,1.0641068164966272,-1,-1.0,0.0,5.0,1.3336521482738495,-1.0
2020-07-21,1.4335762610266731,1.0663659520533284,-1,-1.0,0.0,5.0,1.3308557785556696,-1.0
2020-07-22,1.4311757458527108,1.0681601942494512,-1,-1.0,0.0,5.0,1.3286348562522532,-1.0
2020-07-23,1.4327237297801947,1.067003168411107,-1,-1.0,0.0,5.0,1.330067028840525,-1.0
2020-07-24,1.4284370050579316,1.0702072399634446,-1,-1.0,0.0,5.0,1.326101012442234,-1.0
2020-07-27,1.430029325677283,1.0690170750871772,-1,-1.0,0.0,5.0,1.3275742047036563,-1.0
2020-07-28,1.4345326668083835,1.065651095663844,-1,-1.0,0.0,5.0,1.331740631505052,-1.0
2020-07-29,1.4369053132046008,1.0638776837201303,-1,-1.0,0.0,5.0,1.3339357700139165,-1.0
2020-07-30,1.4373258783960285,1.0635633362746881,-1,-1.0,0.0,5.0,1.3343248709135125,-1.0
2020-07-31,1.4403699089833801,1.061288104613853,-1,-1.0,0.0,5.0,1.337141164472937,-1.0
2020-08-03,1.4398898059485878,1.0616469530530772,-1,-1.0,0.0,5.0,1.336696980012254,-1.0
2020-08-04,1.439474307807659,1.0619575131798997,-1,-1.0,0.0,5.0,1.3363125670753035,-1.0
2020-08-05,1.4406131274073384,1.061106313320103,-1,-1.0,0.0,5.0,1.337366186679932,-1.0
2020-08-06,1.4424220644355275,1.05975424057284,-1,-1.0,0.0,5.0,1.3390397893444592,-1.0
2020-08-07,1.443360735540491,1.0590526397985254,-1,-1.0,0.0,5.0,1.3399082344245812,-1.0
2020-08-10,1.4408652131696702,1.0609178942187687,-1,-1.0,0.0,5.0,1.3375994128215574,-1.0
2020-08-11,1.4410552275633874,1.060775869770527,-1,-1.0,0.0,5.0,1.3377752114207724,-1.0
2020-08-12,1.4412452419571047,1.060633845322285,-1,-1.0,0.0,5.0,1.3379510100199874,-1.0
2020-08-13,1.4404547820792406,1.0612246670269714,-1,-1.0,0.0,5.0,1.3372196878472529,-1.0
2020-08-14,1.4383823584250968,1.0627736803424632,-1,-1.0,0.0,5.0,1.3353023111251479,-1.0
2020-08-17,1.4379845949609154,1.0630709848541162,-1,-1.0,0.0,5.0,1.3349343060574579,-1.0
2020-08-18,1.4403154381905146,1.0613288182890155,-1,-1.0,0.0,5.0,1.337090768874495,-1.0
2020-08-19,1.4423321242891678,1.0598214654783416,-1,-1.0,0.0,5.0,1.338956578007497,-1.0
2020-08-20,1.444576827660282,1.0581436833297768,-1,-1.0,0.0,5.0,1.3410333454595573,-1.0
2020-08-21,1.4427349548038486,1.0595203736480685,-1,-1.0,0.0,5.0,1.339329271037833,-1.0
2020-08-24,1.4440498544083724,1.0585375644662347,-1,-1.0,0.0,5.0,1.3405457973444008,-1.0
2020-08-25,1.448625401009086,1.0551176157525692,-1,-1.0,0.0,5.0,1.3447790276134983,-1.0
2020-08-26,1.4492169791548593,1.0546754463037096,-1,-1.0,0.0,5.0,1.345326347252388,-1.0
2020-08-27,1.4497034160027757,1.0543118637162103,-1,-1.0,0.0,5.0,1.3457763916663783,-1.0
2020-08-28,1.4518911150557745,1.0526766889021186,-1,-1.0,0.0,5.0,1.3478004195386735,-1.0
2020-08-31,1.4477044645808692,1.0558059609117154,-1,-1.0,0.0,5.0,1.3439269904026363,-1.0
2020-09-01,1.4488774867714176,1.054929196651235,-1,-1.0,0.0,5.0,1.3450122537551237,-1.0
2020-09-02,1.4535885769729826,1.0514079371644907,-1,-1.0,0.0,5.0,1.3493708870249945,-1.0
2020-09-03,1.4535657752457367,1.0514249800982798,-1,-1.0,0.0,5.0,1.3493497911930887,-1.0
2020-09-04,1.4545449827546932,1.0506930807750066,-1,-1.0,0.0,5.0,1.3502557399743769,-1.0
2020-09-07,1.456612339358338,1.0491478547781345,-1,-1.0,0.0,5.0,1.352168428733836,-1.0
2020-09-08,1.4547653994514054,1.050528332415046,-1,-1.0,0.0,5.0,1.350459666349466,-1.0
2020-09-09,1.4513400733139943,1.05308855980202,-1,-1.0,0.0,5.0,1.3472906036009502,-1.0
2020-09-10,1.4511348577687795,1.0532419462061213,-1,-1.0,0.0,5.0,1.3471007411137979,-1.0
2020-09-11,1.455077023057102,1.0502954123199293,-1,-1.0,0.0,5.0,1.3507479760521786,-1.0
2020-09-14,1.4566490754744565,1.0491203967181413,-1,-1.0,0.0,5.0,1.3522024164630175,-1.0
2020-09-15,1.4534973700639984,1.051476108899647,-1,-1.0,0.0,5.0,1.3492865036973714,-1.0
2020-09-16,1.454430974118463,1.0507782954439517,-1,-1.0,0.0,5.0,1.3501502608148477,-1.0
2020-09-17,1.4553278420568088,1.0501079400482498,-1,-1.0,0.0,5.0,1.3509800302031425,-1.0
2020-09-18,1.4544765775729551,1.0507442095763735,-1,-1.0,0.0,5.0,1.3501924524786593,-1.0
2020-09-21,1.4523281481613244,1.0523500326711621,-1,-1.0,0.0,5.0,1.348204756316868,-1.0
2020-09-22,1.4501201809063289,1.0540003567597331,-1,-1.0,0.0,5.0,1.3461619765939898,-1.0
2020-09-23,1.4505635478250027,1.053668966380502,-1,-1.0,0.0,5.0,1.3465721733254914,-1.0
2020-09-24,1.4505572140118788,1.0536737005287768,-1,-1.0,0.0,5.0,1.3465663133721844,-1.0
2020-09-25,1.4532858207056598,1.051634229452023,-1,-1.0,0.0,5.0,1.3490907812569117,-1.0
2020-09-27,1.4535328394174925,1.0514495976693083,-1,-1.0,0.0,5.0,1.3493193194358917,-1.0
2020-09-28,1.4521102649898618,1.0525128873718128,-1,-1.0,0.0,5.0,1.3480031739231015,-1.0
2020-09-29,1.4536671162557193,1.051349233725884,-1,-1.0,0.0,5.0,1.3494435504460034,-1.0
2020-09-30,1.456199374742659,1.0494565212456468,-1,-1.0,0.0,5.0,1.3517863597782085,-1.0
2020-10-09,1.4610130727168313,1.045858568556852,-1,-1.0,0.0,5.0,1.3562399242916556,-1.0
2020-10-10,1.4614361714335085,1.0455423274521,-1,-1.0,0.0,5.0,1.3566313691725742,-1.0
2020-10-12,1.461114413726814,1.0457828221844563,-1,-0.6,1.0,4.0,1.3563336835445703,-1.0
2020-10-13,1.461056142646074,1.045826376348584,-1,-0.6,1.0,4.0,1.3561780654320896,-0.6
2020-10-14,1.4631893709062072,1.0442319152096549,-1,-0.6,1.0,4.0,1.3573763915339623,-0.6
2020-10-15,1.4635326635775232,1.0439753243731642,-1,-0.6,1.0,4.0,1.3575692337985745,-0.6
2020-10-16,1.4632818445778164,1.0441627966448435,-1,-0.6,1.0,4.0,1.3574283379742451,-0.6
2020-10-19,1.4613386307114002,1.045615233335531,-1,-0.6,1.0,4.0,1.3563367511332283,-0.6
2020-10-20,1.4608243250857387,1.045999646175439,-1,-0.6,1.0,4.0,1.356047843533846,-0.6
2020-10-21,1.4596449690820665,1.0468811445841937,-1,-0.6,1.0,4.0,1.3553853485214689,-0.6
2020-10-22,1.4572406536202298,1.0486782272692814,-1,-0.6,1.0,4.0,1.354034741074109,-0.6
2020-10-23,1.4592966093602515,1.047141522739304,-1,-0.6,1.0,4.0,1.3551896598765667,-0.6
2020-10-26,1.45991605628377,1.0466785230380353,-1,-0.6,1.0,4.0,1.355537629866956,-0.6
2020-10-27,1.4575459434128024,1.0484500413224394,-1,-0.6,1.0,4.0,1.3542062354865503,-0.6
2020-10-28,1.4591167290675324,1.0472759725503062,-1,-0.6,1.0,4.0,1.35508861337629,-0.6
2020-10-29,1.458572021138876,1.047683109301933,-1,-1.0,0.0,5.0,1.3547826274951706,-0.6
2020-10-30,1.4582325287554343,1.0479368596494585,-1,-1.0,0.0,5.0,1.3544870296294587,-1.0
2020-11-02,1.457752425720642,1.0482957080886832,-1,-1.0,0.0,5.0,1.3540377453103323,-1.0
2020-11-03,1.457344528155462,1.0486005872375757,-1,-1.0,0.0,5.0,1.353656031456088,-1.0
2020-11-04,1.455984025096446,1.0496174822869877,-1,-1.0,0.0,5.0,1.3523828616441045,-1.0
2020-11-05,1.456361520358631,1.0493353270498138,-1,-1.0,0.0,5.0,1.3527361247762937,-1.0
2020-11-06,1.4587379670427225,1.047559074617135,-1,-1.0,0.0,5.0,1.3549600228836312,-1.0
2020-11-09,1.46067104680814,1.0461142125636873,-1,-1.0,0.0,5.0,1.3567690146276594,-1.0
2020-11-10,1.460410093707435,1.0463092594726064,-1,-1.0,0.0,5.0,1.356524812596683,-1.0
2020-11-11,1.4602492148540875,1.0464295068387843,-1,-1.0,0.0,5.0,1.3563742608591394,-1.0
2020-11-12,1.4628144091692716,1.0445121767875187,-1,-1.0,0.0,5.0,1.3587747905325716,-1.0
2020-11-13,1.4640723044556805,1.0435719749401573,-1,-1.0,0.0,5.0,1.3599519391576176,-1.0
2020-11-16,1.4642293830211535,1.0434545680629441,-1,-1.0,0.0,5.0,1.360098934554904,-1.0
2020-11-17,1.4654049387369512,1.0425759101431542,-1,-1.0,0.0,5.0,1.3611990291410498,-1.0
2020-11-18,1.4684945727787952,1.0402665926147405,-1,-1.0,0.0,5.0,1.3640903337699393,-1.0
2020-11-19,1.4706290678015532,1.0386711846461567,-1,-1.0,0.0,5.0,1.3660878115475852,-1.0
2020-11-20,1.4692204277627954,1.0397240592224566,-1,-1.0,0.0,5.0,1.364769594759014,-1.0
2020-11-23,1.4663512104176637,1.0418686283909093,-1,-1.0,0.0,5.0,1.362084557865027,-1.0
2020-11-24,1.4675951713151998,1.0409388416697525,-1,-1.0,0.0,5.0,1.3632486665757972,-1.0
2020-11-25,1.4668490481292031,1.0414965243365155,-1,-1.0,0.0,5.0,1.3625504384386857,-1.0
2020-11-26,1.467320283825622,1.0411443037048755,-1,-1.0,0.0,5.0,1.3629914246305457,-1.0
2020-11-27,1.4679371972238908,1.040683197662917,-1,-1.0,0.0,5.0,1.3635687371989218,-1.0
2020-11-30,1.4638088178297257,1.043768915508386,-1,-0.6,1.0,4.0,1.3597053662331366,-1.0
2020-12-01,1.4649970411717714,1.0428807892920466,-1,-0.2,2.0,3.0,1.360712855664135,-0.6
2020-12-02,1.4665310907103828,1.041734178579907,-1,-0.2,2.0,3.0,1.3614693348550433,-0.2
2020-12-03,1.46651715632151,1.0417445937061114,-1,-0.2,2.0,3.0,1.3614667523767632,-0.2
2020-12-04,1.4653530014693352,1.0426147301590067,-1,-0.2,2.0,3.0,1.3612509980550034,-0.2
2020-12-07,1.4657989019132587,1.0422814461204657,-1,-0.2,2.0,3.0,1.3613336373599647,-0.2
2020-12-08,1.4640799050314293,1.0435662939622277,-1,-0.2,2.0,3.0,1.361015053448509,-0.2
2020-12-09,1.4650249099495165,1.042859959039638,-1,-0.2,2.0,3.0,1.3611901924300462,-0.2
2020-12-10,1.4641255084859213,1.0435322080946496,-1,0.2,3.0,2.0,1.3610235051956072,-0.2
2020-12-11,1.467006764508771,1.0409511504552669,1,-0.2,2.0,3.0,1.3615521661927499,0.2
2020-12-14,1.4665494604771407,1.0410429929317964,-1,0.2,3.0,2.0,1.361463976769004,-0.2
2020-12-15,1.4646558063402764,1.0419708859936436,1,0.2,3.0,2.0,1.3611082638936356,0.2
2020-12-16,1.464995190857104,1.0422123275556547,1,0.2,3.0,2.0,1.361173769407279,0.2
2020-12-17,1.4645945840352799,1.0419273318295161,1,0.6,4.0,1.0,1.3610964472127427,0.2
2020-12-18,1.4638639091343446,1.0414075223489507,1,0.6,4.0,1.0,1.3608542597280084,0.6
2020-12-21,1.4658602886450967,1.0428277668313697,1,0.6,4.0,1.0,1.3619293692964487,0.6
2020-12-22,1.469888982497794,1.0456938201968915,1,0.6,4.0,1.0,1.3640989404055601,0.6
2020-12-23,1.4702350216129914,1.0459399959071773,1,0.6,4.0,1.0,1.3642852927307563,0.6
2020-12-24,1.4685913358158054,1.044770661283319,1,0.6,4.0,1.0,1.3634001191860743,0.6
2020-12-25,1.4714741078293312,1.0468214943159322,1,0.6,4.0,1.0,1.3649525774029012,0.6
2020-12-28,1.4729234793541373,1.0478525918101684,1,0.6,4.0,1.0,1.3657331069495886,0.6
2020-12-29,1.473714045640395,1.0484150086252062,1,0.6,4.0,1.0,1.366158850338691,0.6
2020-12-30,1.4767951246853224,1.0506069192764065,1,0.6,4.0,1.0,1.3678181027726497,0.6
2020-12-31,1.474890578632065,1.0492520060401787,1,0.6,4.0,1.0,1.366792448244358,0.6
2021-01-04,1.4723352128583023,1.0474340931026822,1,0.6,4.0,1.0,1.3654163079967552,0.6
2021-01-05,1.474882593114022,1.049246325062249,1,0.6,4.0,1.0,1.3667881478060842,0.6
2021-01-06,1.4756997777937564,1.049827678470386,1,0.6,4.0,1.0,1.3672282259894324,0.6
2021-01-07,1.476989438957702,1.0507451564060286,1,0.6,4.0,1.0,1.3679227467706443,0.6
2021-01-08,1.4748679529976099,1.0492359099360447,1,0.6,4.0,1.0,1.3667802636692492,0.6
2021-01-11,1.472972723382069,1.0478876245074014,1,0.6,4.0,1.0,1.3657596263189433,0.6
2021-01-12,1.4739256618685348,1.0485655545403427,1,0.6,4.0,1.0,1.3662728119529455,0.6
2021-01-13,1.4772596156514906,1.0509373628259828,1,0.6,4.0,1.0,1.36806824493224,0.6
2021-01-14,1.4791854564195295,1.0523074253366895,1,0.6,4.0,1.0,1.3691053672959281,0.6
2021-01-15,1.4749770884108642,1.04931354996775,1,0.6,4.0,1.0,1.3668390363256573,0.6
2021-01-18,1.4736168885042051,1.0483458900603952,1,0.6,4.0,1.0,1.3661065283396936,0.6
2021-01-19,1.4738418139290832,1.0485059042720812,1,0.6,4.0,1.0,1.3662276573510712,0.6
2021-01-20,1.4749890666879286,1.0493220714346445,1,0.6,4.0,1.0,1.3668454869830677,0.6
2021-01-21,1.4774712318796304,1.0510879087411191,1,1.0,5.0,0.0,1.3681822065464946,0.6
2021-01-22,1.4786677286664078,1.0519391086009156,1,1.0,5.0,0.0,1.3687120744172099,1.0
2021-01-25,1.4780821240099205,1.0515225035527394,1,1.0,5.0,0.0,1.3681700160841368,1.0
2021-01-26,1.4742264497148214,1.0487795380423606,1,0.6,4.0,1.0,1.3646010547411573,1.0
2021-01-27,1.4745951144644736,1.0490418098567806,1,0.6,4.0,1.0,1.3648273565286306,0.6
2021-01-28,1.4708978196105609,1.0464115170753405,1,-0.2,2.0,3.0,1.362846066675316,0.6
2021-01-29,1.4708736623938776,1.0468129728490376,-1,-0.6,1.0,4.0,1.3629343208376858,-0.2
2021-02-01,1.469682965659764,1.0476603853902142,-1,-1.0,0.0,5.0,1.3626026125861173,-0.6
2021-02-02,1.4705876291002078,1.047016541224851,-1,-1.0,0.0,5.0,1.3629807603286217,-1.0
2021-02-03,1.4736807798340783,1.0448151622771016,-1,-1.0,0.0,5.0,1.3658439003535003,-1.0
2021-02-04,1.475126910951376,1.0437859584421751,-1,-1.0,0.0,5.0,1.3671824952812606,-1.0
2021-02-05,1.474807617972396,1.044013197559362,-1,-1.0,0.0,5.0,1.3668869453432086,-1.0
2021-02-07,1.474731785889888,1.0440671668496941,-1,-1.0,0.0,5.0,1.3668167522329213,-1.0
2021-02-08,1.4755353398869882,1.0434952817381067,-1,-1.0,0.0,5.0,1.367560552910352,-1.0
2021-02-09,1.4740985214815774,1.0445178577654484,-1,-1.0,0.0,5.0,1.3662305781891182,-1.0
2021-02-10,1.475999645093922,1.0431648381885306,-1,-1.0,0.0,5.0,1.367990331778603,-1.0
2021-02-18,1.4799801642318748,1.0403319238609319,-1,-1.0,0.0,5.0,1.3716748543396506,-1.0
2021-02-19,1.4772515396490067,1.0422738714832263,-1,-1.0,0.0,5.0,1.3691491338273813,-1.0
2021-02-20,1.4771943329902728,1.042314585158389,-1,-0.6,1.0,4.0,1.3690961811301472,-1.0
2021-02-22,1.4784887999425549,1.0413933199041265,-1,-0.6,1.0,4.0,1.3701817276800365,-0.6
2021-02-23,1.4783690650754373,1.0414785345730717,-1,-0.6,1.0,4.0,1.3701169907975133,-0.6
2021-02-24,1.4780165124111466,1.0417294444316323,-1,-0.6,1.0,4.0,1.3699263766434167,-0.6
2021-02-25,1.4786111955844974,1.0413062115758716,-1,-0.6,1.0,4.0,1.3702479031599493,-0.6
2021-02-26,1.479712756361979,1.040522236621576,-1,-0.6,1.0,4.0,1.3708434824791644,-0.6
2021-03-01,1.4771331351693016,1.0423581393225163,-1,-0.6,1.0,4.0,1.369448762310133,-0.6
2021-03-02,1.4765743724560862,1.0427558077775938,-1,-0.6,1.0,4.0,1.3691466568583575,-0.6
2021-03-03,1.4769428897693258,1.0424935359631737,-1,-0.6,1.0,4.0,1.3693459025967905,-0.6
2021-03-04,1.4771930026028603,1.042315531988044,-1,-0.2,2.0,3.0,1.3694811307513945,-0.6
2021-03-05,1.475553965310762,1.0434820261229374,-1,-0.2,2.0,3.0,1.3684867933951537,-0.2
2021-03-08,1.4746439803206686,1.0441296576069206,-1,-0.2,2.0,3.0,1.3683304419212101,-0.2
2021-03-09,1.4751242501765511,1.043787852101485,-1,-0.2,2.0,3.0,1.3684129607546802,-0.2
2021-03-10,1.4747996356479214,1.0440188785372917,-1,-0.2,2.0,3.0,1.3683571862522794,-0.2
2021-03-11,1.4750524092562807,1.043838980902852,-1,0.6,4.0,1.0,1.3684006172172636,-0.2
2021-03-12,1.4752318109746516,1.043292660191948,1,0.6,4.0,1.0,1.368314392791541,0.6
2021-03-15,1.4745075030556973,1.0427804253486224,1,0.6,4.0,1.0,1.3679026013544413,0.6
2021-03-16,1.4747940130273354,1.0429830468947807,1,0.6,4.0,1.0,1.3680654911280814,0.6
2021-03-17,1.4749841271206654,1.0431174967057832,1,0.6,4.0,1.0,1.3681735768657306,0.6
2021-03-18,1.4750818618306167,1.0431866152705942,1,0.6,4.0,1.0,1.3682291420688881,0.6
2021-03-19,1.4762774384879662,1.0440321341524612,1,0.6,4.0,1.0,1.3689088643486107,0.6
2021-03-22,1.4770927869586559,1.0446087534123232,1,0.6,4.0,1.0,1.369372415153035,0.6
2021-03-23,1.4778960859445571,1.0451768512052908,1,0.6,4.0,1.0,1.3698291154529607,0.6
2021-03-24,1.4799779691496844,1.046649171318732,1,0.6,4.0,1.0,1.3710127303969342,0.6
2021-03-25,1.480134612451935,1.0467599503883607,1,0.6,4.0,1.0,1.3711017869554196,0.6
2021-03-26,1.4793848667317606,1.0462297257815907,1,0.6,4.0,1.0,1.3706755333421556,0.6
2021-03-29,1.4791853808169286,1.0460886481630038,1,0.6,4.0,1.0,1.3705621194343411,0.6
2021-03-30,1.4789805395755238,1.0459437832257972,1,0.6,4.0,1.0,1.37044566085786,0.6
2021-03-31,1.4796044351212403,1.046385005845002,1,0.6,4.0,1.0,1.370800364757469,0.6
2021-04-01,1.4793125698230296,1.0461785969802238,1,0.6,4.0,1.0,1.3706344303151625,0.6
2021-04-02,1.4793112309913865,1.0461776501505688,1,0.6,4.0,1.0,1.370633669147996,0.6
2021-04-06,1.4785360474699918,1.0456294357803548,1,0.6,4.0,1.0,1.370192953358568,0.6
2021-04-07,1.4774127677213733,1.0448350456998554,1,0.6,4.0,1.0,1.369554334105839,0.6
2021-04-08,1.476877235064106,1.0444563138378768,1,0.6,4.0,1.0,1.369249867239222,0.6
2021-04-09,1.4784650893929039,1.0455792538086428,1,0.6,4.0,1.0,1.370152611498741,0.6
2021-04-12,1.4800516048900587,1.046701246949754,1,0.6,4.0,1.0,1.3710545945910941,0.6
2021-04-13,1.4834589314219229,1.0491109284215916,1,0.6,4.0,1.0,1.3729917650299448,0.6
2021-04-14,1.4832942551298132,1.0489944683740333,1,0.6,4.0,1.0,1.37289814146846,0.6
2021-04-15,1.4830452324441838,1.0488183580582133,1,0.6,4.0,1.0,1.372756564375483,0.6
2021-04-16,1.484135041401723,1.0495890773973393,1,0.6,4.0,1.0,1.3733761544490484,0.6
2021-04-19,1.4850615128987958,1.0502442835185621,1,0.6,4.0,1.0,1.3739028821282964,0.6
2021-04-20,1.4855287651422615,1.0505747270681383,1,0.6,4.0,1.0,1.3741685294694195,0.6
2021-04-21,1.4855689300915567,1.0506031319577867,1,0.6,4.0,1.0,1.3741913644844157,0.6
2021-04-22,1.4848888036168268,1.050122142493074,1,0.6,4.0,1.0,1.373804691563812,0.6
2021-04-23,1.4848406056776728,1.050088056625496,1,0.6,4.0,1.0,1.3737772895458167,0.6
2021-04-25,1.483404039324553,1.0490721084057388,1,0.6,4.0,1.0,1.3729605571761168,0.6
2021-04-26,1.4812913629916329,1.0475780112102342,1,0.6,4.0,1.0,1.3717594353873126,0.6
2021-04-27,1.4807705574824401,1.04720969447446,1,0.6,4.0,1.0,1.3714633413595272,0.6
2021-04-28,1.4819393575069264,1.0480362767632279,1,0.6,4.0,1.0,1.372127840295919,0.6
2021-04-29,1.4829702578721664,1.0487653355975364,1,0.6,4.0,1.0,1.372713939014157,0.6
2021-04-30,1.485007959633069,1.0502064103323643,1,0.6,4.0,1.0,1.3738724354416345,0.6
2021-05-06,1.4860107445338022,1.0509155857439187,1,0.6,4.0,1.0,1.3744425496493746,0.6
2021-05-07,1.4859478194465734,1.0508710847501364,1,0.6,4.0,1.0,1.3744067747925472,0.6
2021-05-08,1.4861847926474143,1.051038673599062,1,0.6,4.0,1.0,1.3745415013810254,0.6
2021-05-10,1.4869358771992318,1.0515698450354867,1,0.6,4.0,1.0,1.3749685161614558,0.6
2021-05-11,1.4876642016131156,1.0520849203677773,1,0.6,4.0,1.0,1.3753825911000548,0.6
2021-05-12,1.4885464916659636,1.0527088811103866,1,0.6,4.0,1.0,1.3758842002628062,0.6
2021-05-13,1.487826200241939,1.0521994867560256,1,0.6,4.0,1.0,1.3754746923272063,0.6
2021-05-14,1.489112817451024,1.0531093900544288,1,0.6,4.0,1.0,1.376206173974254,0.6
2021-05-17,1.4876708957713312,1.0520896545160519,1,0.2,3.0,2.0,1.3753863969358873,0.6
2021-05-18,1.4883483445827745,1.0525687503214545,1,0.2,3.0,2.0,1.3756621407473786,0.2
2021-05-19,1.4906738951469585,1.0542133934320959,1,0.2,3.0,2.0,1.3761295453810718,0.2
2021-05-20,1.4931587666766797,1.0559707092716757,1,0.2,3.0,2.0,1.3766289714030264,0.2
2021-05-21,1.4953892601941985,1.057548127476816,1,0.2,3.0,2.0,1.3770772708386816,0.2
2021-05-24,1.4947385880156185,1.057087968264512,1,0.2,3.0,2.0,1.3769464944126741,0.2
2021-05-25,1.4947774141332706,1.0571154263245057,1,0.2,3.0,2.0,1.3769542979442675,0.2
2021-05-26,1.4964322100442269,1.058285707778019,1,0.2,3.0,2.0,1.3772868898425084,0.2
2021-05-27,1.4951683529730757,1.0573919005837498,1,0.2,3.0,2.0,1.3770328714347901,0.2
2021-05-28,1.4934666979546083,1.0561884800923134,1,0.2,3.0,2.0,1.3766908614811781,0.2
2021-05-31,1.4946917289081076,1.0570548292265889,1,0.2,3.0,2.0,1.376937076357303,0.2
2021-06-01,1.4953249962753263,1.0575026796533784,1,0.2,3.0,2.0,1.3770643546484587,0.2
2021-06-02,1.49353497836841,1.0562367684047156,1,0.2,3.0,2.0,1.37670458493329,0.2
2021-06-03,1.4938978017437086,1.0564933592412058,1,0.2,3.0,2.0,1.3767775075905901,0.2
2021-06-04,1.4904744092321265,1.0540723158135088,1,0.2,3.0,2.0,1.3760894513739212,0.2
2021-06-07,1.4883858318687835,1.0525952615517933,1,-0.2,2.0,3.0,1.3756696751916753,0.2
2021-06-08,1.4877651689549587,1.052577271788349,-1,-0.2,2.0,3.0,1.3755480484209017,-0.2
2021-06-09,1.4878093327301394,1.052546026409736,-1,-0.2,2.0,3.0,1.3755564619381724,-0.2
2021-06-10,1.4867079149430573,1.0533252672157567,-1,-0.2,2.0,3.0,1.3753466339165392,-0.2
2021-06-11,1.4883259150701316,1.0521805501629267,-1,-0.2,2.0,3.0,1.3756548745947348,-0.2
2021-06-15,1.4889468845150964,1.0517412212030317,-1,-0.2,2.0,3.0,1.3757731737466639,-0.2
2021-06-16,1.489004431252453,1.0517005075278691,-1,-0.2,2.0,3.0,1.375784136814623,-0.2
2021-06-17,1.4900563320794837,1.0509562994190815,-1,-0.2,2.0,3.0,1.3759845314987103,-0.2
2021-06-18,1.4888839845928694,1.051785722196814,-1,-0.6,1.0,4.0,1.3757611908584297,-0.2
2021-06-21,1.485761739517217,1.0539946757818033,-1,-0.6,1.0,4.0,1.375051788463418,-0.6
2021-06-22,1.4851300637025113,1.054441579378938,-1,-0.6,1.0,4.0,1.3746885088086098,-0.6
2021-06-23,1.484162475537189,1.0551261372194638,-1,-0.6,1.0,4.0,1.3741320444221132,-0.6
2021-06-24,1.4842574945686382,1.0550589123139629,-1,-0.6,1.0,4.0,1.3741866903023916,-0.6
2021-06-25,1.4845264921083752,1.0548685995533185,-1,-0.6,1.0,4.0,1.3743413920197993,-0.6
2021-06-28,1.485465976053128,1.0542039251355466,-1,-0.6,1.0,4.0,1.374881693540298,-0.6
2021-06-29,1.4853642655405905,1.0542758841893223,-1,-0.6,1.0,4.0,1.3748231993585915,-0.6
2021-06-30,1.4846295409171302,1.0547956936698877,-1,-0.6,1.0,4.0,1.3744006558617916,-0.6
2021-07-01,1.4849467171207005,1.0545712950416655,-1,-0.6,1.0,4.0,1.3745830653494813,-0.6
2021-07-02,1.485087238223548,1.054471877927896,-1,-0.6,1.0,4.0,1.3746638796794701,-0.6
2021-07-05,1.4842963051589486,1.0550314542539694,-1,-0.2,2.0,3.0,1.3742090104506741,-0.6
2021-07-06,1.4848557129779039,1.0546356794582017,-1,0.2,3.0,2.0,1.374421365429239,-0.2
2021-07-07,1.4816416802098995,1.0564886250929313,1,0.2,3.0,2.0,1.3737699701272788,0.2
2021-07-08,1.4880631804787563,1.0610674933042503,1,0.2,3.0,2.0,1.3747168262043465,0.2
2021-07-09,1.4869570783852994,1.0602787842016803,1,0.6,4.0,1.0,1.374553730440865,0.2
2021-07-12,1.4925738993400688,1.064283873642102,1,0.6,4.0,1.0,1.3752673894267016,0.6
2021-07-13,1.4939495557252085,1.0652647891646263,1,0.6,4.0,1.0,1.3759980994691055,0.6
2021-07-14,1.49560538923126,1.066445485744344,1,0.6,4.0,1.0,1.37687763173057,0.6
2021-07-15,1.4926097513887162,1.0643094380427858,1,0.6,4.0,1.0,1.375286433028193,0.6
2021-07-16,1.493310858117822,1.0648093641005971,1,0.6,4.0,1.0,1.3756588412351323,0.6
2021-07-19,1.493397168605307,1.0648709080281684,1,0.6,4.0,1.0,1.3757046869424259,0.6
2021-07-20,1.4953544248907278,1.0662665349395593,1,0.6,4.0,1.0,1.3767443265201318,0.6
2021-07-21,1.4964684941061064,1.067060925020059,1,0.6,4.0,1.0,1.3773360888035069,0.6
2021-07-22,1.4959161069862046,1.0666670438836015,1,0.6,4.0,1.0,1.3770426762768273,0.6
2021-07-23,1.4968788008850717,1.0673534953834372,1,0.6,4.0,1.0,1.377554032242795,0.6
2021-07-26,1.5008185426753318,1.070162738969662,1,0.2,3.0,2.0,1.3796467124511078,0.6
2021-07-27,1.498534634391123,1.068534191963155,1,0.2,3.0,2.0,1.3783230221424199,0.2
2021-07-28,1.497360811761332,1.0676971945481826,1,0.2,3.0,2.0,1.3781324672262933,0.2
2021-07-29,1.5007521499926513,1.0701153974869146,1,0.2,3.0,2.0,1.3786830071084053,0.2
2021-07-30,1.5047157931486765,1.0729416840069286,1,-0.2,2.0,3.0,1.3793264532901215,0.2
2021-08-02,1.5068138013903447,1.074867535525089,-1,-0.2,2.0,3.0,1.3796582000174495,-0.2
2021-08-03,1.5084264983716464,1.0737171374943295,-1,-0.2,2.0,3.0,1.3799672944617627,-0.2
2021-08-04,1.5090649405510754,1.0732617124303006,-1,-0.2,2.0,3.0,1.38008966024589,-0.2
2021-08-05,1.506156776694259,1.0753362162042872,-1,-0.2,2.0,3.0,1.3795322726512478,-0.2
2021-08-06,1.5074071146007497,1.0744443026693282,-1,-0.2,2.0,3.0,1.3797719162451103,-0.2
2021-08-09,1.5122266230279982,1.071006364192219,-1,-0.2,2.0,3.0,1.3806956379959758,-0.2
2021-08-10,1.5133455559952718,1.0702081867930995,-1,-0.2,2.0,3.0,1.3809100961165979,-0.2
2021-08-11,1.5149250699111145,1.0690814595037137,-1,-0.2,2.0,3.0,1.3812128305929214,-0.2
2021-08-12,1.5122996257720076,1.070954288561197,-1,-0.2,2.0,3.0,1.3807096299255537,-0.2
2021-08-13,1.5137437527807782,1.0699241378966156,-1,-0.2,2.0,3.0,1.380986415732478,-0.2
2021-08-16,1.5147193349052694,1.0692282181002304,-1,-0.2,2.0,3.0,1.3811733987913837,-0.2
2021-08-17,1.5149250699111145,1.0690814595037137,-1,-0.2,2.0,3.0,1.3812128305929214,-0.2
2021-08-18,1.511823116952018,1.0712942004073225,-1,-0.2,2.0,3.0,1.3806183007852177,-0.2
2021-08-19,1.5101121980969578,1.072514663832548,-1,-0.2,2.0,3.0,1.380290380835654,-0.2
2021-08-20,1.5100458319660401,1.0725620053152953,-1,-0.2,2.0,3.0,1.380277660899674,-0.2
2021-08-23,1.5116996759485108,1.0713822555652326,-1,-0.2,2.0,3.0,1.380594641704295,-0.2
2021-08-24,1.51145013929626,1.0715602595403624,-1,-0.2,2.0,3.0,1.3805468147450104,-0.2
2021-08-25,1.5100418499981851,1.0725648458042603,-1,-0.2,2.0,3.0,1.3802768977035151,-0.2
2021-08-26,1.5135539456463534,1.070059534537273,-1,-0.2,2.0,3.0,1.3809500367155751,-0.2
2021-08-27,1.5130601816323253,1.070411755168913,-1,-0.2,2.0,3.0,1.380855400391884,-0.2
2021-08-30,1.5116864027223273,1.071391723861782,-1,-0.2,2.0,3.0,1.380592097717099,-0.2
2021-08-31,1.5106404724990634,1.0721378256298795,-1,-0.2,2.0,3.0,1.3803916315260545,-0.2
2021-09-01,1.5079420256159468,1.0740627303183847,-1,-0.2,2.0,3.0,1.379874438929109,-0.2
2021-09-02,1.507920788454053,1.074077879592864,-1,-0.2,2.0,3.0,1.3798703685495952,-0.2
2021-09-03,1.5085605579561006,1.07362150769918,-1,-0.2,2.0,3.0,1.3799929887324422,-0.2
2021-09-06,1.5083362404335983,1.073781521910866,-1,-0.2,2.0,3.0,1.3799499953488301,-0.2
2021-09-07,1.5110253960583864,1.071863245029945,-1,-0.2,2.0,3.0,1.3804654071547384,-0.2
2021-09-08,1.5126500389432533,1.0707043255322912,-1,-0.2,2.0,3.0,1.3807767911875282,-0.2
2021-09-09,1.513052217696615,1.0704174361468426,-1,-0.2,2.0,3.0,1.3808538739995666,-0.2
2021-09-10,1.51264472965278,1.070708112850911,-1,-0.2,2.0,3.0,1.3807757735926498,-0.2
2021-09-13,1.5147777371004771,1.0691865575954127,-1,-0.2,2.0,3.0,1.3811845923350459,-0.2
2021-09-14,1.5151905344347856,1.0688920935727244,-1,-0.2,2.0,3.0,1.3812637103368413,-0.2
2021-09-15,1.515809066774939,1.0684508709535196,-1,-0.2,2.0,3.0,1.3813822601401748,-0.2
2021-09-16,1.515416179279906,1.0687311325313837,-1,-0.2,2.0,3.0,1.3813069581191733,-0.2
2021-09-17,1.5142295528590963,1.0695775982429054,-1,-0.2,2.0,3.0,1.3810795256638515,-0.2
2021-09-18,1.5134411232237932,1.0701400150579432,-1,-0.2,2.0,3.0,1.3809284128244095,-0.2
2021-09-22,1.512420412130278,1.0708681270625968,-1,-0.2,2.0,3.0,1.3807327802090374,-0.2
2021-09-23,1.511568271009294,1.071475991701072,-1,-0.2,2.0,3.0,1.3805694562310546,-0.2
2021-09-24,1.5121469836708967,1.0710631739715155,-1,-0.2,2.0,3.0,1.3806803740728,-0.2
2021-09-26,1.5126513662658718,1.070703378702636,-1,-0.2,2.0,3.0,1.3807770455862476,-0.2
2021-09-27,1.5125717269087704,1.0707601884819329,-1,-0.2,2.0,3.0,1.3807617816630717,-0.2
2021-09-28,1.5135313811618414,1.070075630641407,-1,-0.2,2.0,3.0,1.380945711937342,-0.2
2021-09-29,1.5130163799859195,1.070443000547526,-1,-0.2,2.0,3.0,1.3808470052341375,-0.2
2021-09-30,1.5129314313383448,1.0705035976454425,-1,-0.2,2.0,3.0,1.380830723716083,-0.2
2021-10-08,1.5165444035055082,1.0679263273246793,-1,0.2,3.0,2.0,1.3815231970308326,-0.2
2021-10-09,1.5169943653423077,1.0671754914083074,1,0.6,4.0,1.0,1.3816144370617383,0.2
2021-10-11,1.5124653369302208,1.0639894096194138,1,0.6,4.0,1.0,1.3807143530082153,0.6
2021-10-12,1.5118987036578615,1.0635907943346816,1,0.6,4.0,1.0,1.3804152910472118,0.6
2021-10-13,1.5116281732831722,1.0634004815740374,1,0.6,4.0,1.0,1.3802725084957592,0.6
2021-10-14,1.5120319499618131,1.0636845304705214,1,0.6,4.0,1.0,1.3804856167815098,0.6
2021-10-15,1.510951174385318,1.0629242262575995,1,0.6,4.0,1.0,1.3799151969366505,0.6
2021-10-18,1.5041044678378332,1.058107703802889,1,0.6,4.0,1.0,1.3763015907712721,0.6
2021-10-19,1.5059820293935127,1.0594285311715388,1,0.6,4.0,1.0,1.3772925443000126,0.6
2021-10-20,1.507552720673425,1.0605334813788607,1,0.6,4.0,1.0,1.3781215355315823,0.6
2021-10-21,1.5101597720951823,1.0623674904204912,1,0.6,4.0,1.0,1.379497504696579,0.6
2021-10-22,1.5094598925188714,1.0618751389999193,1,1.0,5.0,0.0,1.3791281170012781,0.6
2021-10-25,1.5093239543703958,1.0617795092047697,1,1.0,5.0,0.0,1.378939903029258,1.0
2021-10-26,1.5098798202646577,1.0621705498522624,1,1.0,5.0,0.0,1.379447750042559,1.0
2021-10-27,1.5107210216784928,1.0627623183866037,1,1.0,5.0,0.0,1.3802162836583296,1.0
2021-10-28,1.511088458456056,1.063020802882404,1,1.0,5.0,0.0,1.3805519791416985,1.0
2021-10-29,1.5112903467953762,1.063162827330646,1,1.0,5.0,0.0,1.3807364272094833,1.0
2021-11-01,1.5132527014535702,1.0645433049675574,1,1.0,5.0,0.0,1.382529262428353,1.0
2021-11-02,1.515669977836366,1.0662438110278403,1,1.0,5.0,0.0,1.3847377206266314,1.0
2021-11-03,1.5157641923947156,1.0663100891036865,1,1.0,5.0,0.0,1.3848237963915977,1.0
2021-11-04,1.5161302832500165,1.0665676267698319,1,1.0,5.0,0.0,1.385158262221181,1.0
2021-11-05,1.5200724895558122,1.0693408908291688,1,1.0,5.0,0.0,1.388759918158129,1.0
2021-11-08,1.5197252416121814,1.069096608778193,1,1.0,5.0,0.0,1.3884426674815387,1.0
2021-11-09,1.5190765070818317,1.068640236884509,1,1.0,5.0,0.0,1.3878499743570565,1.0
2021-11-10,1.5194412520148706,1.0688968277209994,1,1.0,5.0,0.0,1.3881832105328547,1.0
2021-11-11,1.5174089093990457,1.0674671149420307,1,1.0,5.0,0.0,1.3863264333171526,1.0
2021-11-12,1.5175717659927639,1.0675816813302792,1,1.0,5.0,0.0,1.3864752214251657,1.0
2021-11-15,1.518345671293492,1.068126108381873,1,1.0,5.0,0.0,1.3871822723516747,1.0
2021-11-16,1.5187588694279677,1.0684167850859414,1,1.0,5.0,0.0,1.3875597760637413,1.0
2021-11-17,1.5187306050604628,1.0683969016631876,1,1.0,5.0,0.0,1.3875339533342514,1.0
2021-11-18,1.519466824537851,1.068914817484443,1,1.0,5.0,0.0,1.3882065739547738,1.0
2021-11-19,1.5180536061626086,1.0679206463467499,1,1.0,5.0,0.0,1.3869154374802792,1.0
2021-11-22,1.5199782749974629,1.0692746127533228,1,1.0,5.0,0.0,1.3886738423931626,1.0
2021-11-23,1.5194816296827347,1.0689252326106478,1,1.0,5.0,0.0,1.3882201001464114,1.0
2021-11-24,1.5214587894858123,1.0703161253737634,1,1.0,5.0,0.0,1.390026461556919,1.0
2021-11-25,1.522151939450812,1.0708037426460606,1,1.0,5.0,0.0,1.390659733256314,1.0
2021-11-26,1.5257522815020252,1.0733365119730411,1,1.0,5.0,0.0,1.3939490571318118,1.0
2021-11-29,1.5249339607666468,1.072760839542834,1,1.0,5.0,0.0,1.3932014276303903,1.0
2021-11-30,1.5241963953669964,1.0722419768919236,1,1.0,5.0,0.0,1.3925275773560828,1.0
2021-12-01,1.5234440248224623,1.0717126991148087,1,1.0,5.0,0.0,1.3918402008901374,1.0
2021-12-02,1.5219285163552976,1.0706465689233393,1,1.0,5.0,0.0,1.3904556107279649,1.0
2021-12-03,1.5199029033507832,1.0692215902926456,1,1.0,5.0,0.0,1.3886049817811896,1.0
2021-12-06,1.524668814081006,1.0725743141008097,1,1.0,5.0,0.0,1.3929591858346995,1.0
2021-12-07,1.5228720078610547,1.0713102965114567,1,1.0,5.0,0.0,1.3913175980314132,1.0
2021-12-08,1.5209015776692878,1.0699241378966156,1,1.0,5.0,0.0,1.3895173848898321,1.0
2021-12-09,1.520503184679696,1.0696438763187517,1,1.0,5.0,0.0,1.3891534073694036,1.0
2021-12-10,1.5222286570197539,1.0708577119363925,1,1.0,5.0,0.0,1.3907298235220722,1.0
2021-12-13,1.520804671266414,1.0698559661614595,1,1.0,5.0,0.0,1.3894288498172955,1.0
2021-12-14,1.5222555754649965,1.0708766485294914,1,1.0,5.0,0.0,1.3907544165977768,1.0
2021-12-15,1.522329601189414,1.0709287241605134,1,1.0,5.0,0.0,1.3908220475559645,1.0
2021-12-16,1.5212488256129189,1.0701684199475916,1,1.0,5.0,0.0,1.3898346355664224,1.0
2021-12-17,1.5216001113233364,1.0704155424875326,1,1.0,5.0,0.0,1.3901555752043682,1.0
2021-12-20,1.5212865114362588,1.0701949311779304,1,1.0,5.0,0.0,1.3898690658724089,1.0
2021-12-21,1.5210173269838316,1.070005565246941,1,1.0,5.0,0.0,1.3896231351153623,1.0
2021-12-22,1.522725302334482,1.0712070920790675,1,1.0,5.0,0.0,1.3911835657688232,1.0
2021-12-23,1.5250039487242777,1.0728100746848912,1,1.0,5.0,0.0,1.3932653696272226,1.0
2021-12-24,1.5249420363002195,1.0727665205207637,1,1.0,5.0,0.0,1.393208805553102,1.0
2021-12-27,1.5260685732336274,1.0735590169419535,1,1.0,5.0,0.0,1.394238025771342,1.0
2021-12-28,1.52728663288086,1.0744158977796796,1,0.6,4.0,1.0,1.395350862446978,1.0
2021-12-29,1.5284104779697436,1.0752065005415596,1,0.2,3.0,2.0,1.3962630773576048,0.6
2021-12-30,1.5300363520624036,1.0763502707647346,1,0.2,3.0,2.0,1.397022260928366,0.2
2021-12-31,1.5302072841896948,1.0764705181309124,1,0.2,3.0,2.0,1.3970490275817373,0.2
2022-01-04,1.5288465567826754,1.075513273349762,1,0.2,3.0,2.0,1.3968359481600159,0.2
2022-01-05,1.5289932623092484,1.075616477782151,1,0.2,3.0,2.0,1.3968589211144846,0.2
2022-01-06,1.5265383001031128,1.0738894604915297,1,0.2,3.0,2.0,1.396474492958975,0.2
2022-01-07,1.5265342623363263,1.073886620002565,1,0.2,3.0,2.0,1.3964738606758247,0.2
2022-01-10,1.5275463958774524,1.0745986359030844,1,0.2,3.0,2.0,1.3966323529855522,0.2
2022-01-11,1.5288573241607728,1.0755208479870018,1,0.2,3.0,2.0,1.3968376342484174,0.2
2022-01-12,1.529971747793821,1.076304822941297,1,0.2,3.0,2.0,1.3970121443979577,0.2
2022-01-13,1.530139988076588,1.0764231766481653,1,0.2,3.0,2.0,1.397038489529229,0.2
2022-01-14,1.5307644960062192,1.0768625056080603,1,0.2,3.0,2.0,1.3971362826565077,0.2
2022-01-17,1.5312436443315394,1.077199576965221,1,0.2,3.0,2.0,1.397211313590368,0.2
2022-01-18,1.5356919174078982,1.0803288489748177,1,0.2,3.0,2.0,1.3979078788611787,0.2
2022-01-19,1.5389328982151214,1.0826088147839277,1,-0.2,2.0,3.0,1.398415391469987,0.2
2022-01-20,1.5383080304578427,1.0826021869763431,-1,-0.2,2.0,3.0,1.39830172296192,-0.2
2022-01-21,1.5365200151206688,1.0838605235877665,-1,-0.2,2.0,3.0,1.3979297991728845,-0.2
2022-01-24,1.5330368159423824,1.0863118655644217,-1,-0.2,2.0,3.0,1.3972052614077888,-0.2
2022-01-25,1.5337619779188583,1.085801524380406,-1,-0.2,2.0,3.0,1.3973561018308813,-0.2
2022-01-26,1.536678770432773,1.0837487976884828,-1,-0.2,2.0,3.0,1.397962821751595,-0.2
2022-01-27,1.5387452802581296,1.0822944673384858,-1,0.2,3.0,2.0,1.3983926749795543,-0.2
2022-01-28,1.5360433895006111,1.083763000133307,1,0.2,3.0,2.0,1.3978416843721948,0.2
2022-01-29,1.5369935003403956,1.0844333555290089,1,0.2,3.0,2.0,1.398005210479908,0.2
2022-01-30,1.5372471316238974,1.0846123063337938,1,0.2,3.0,2.0,1.3980488636357806,0.2
2022-02-07,1.5346021196673791,1.0827461050838951,1,0.2,3.0,2.0,1.397593623581681,0.2
2022-02-08,1.5353603295889584,1.0832810638389396,1,0.2,3.0,2.0,1.3977241211111413,0.2
2022-02-09,1.5339177177912633,1.0822632219598725,1,0.2,3.0,2.0,1.3974758293515483,0.2
2022-02-10,1.5341794008615428,1.082447853742587,1,0.2,3.0,2.0,1.3975208683218932,0.2
2022-02-11,1.5274118740747742,1.0776729917926942,1,0.2,3.0,2.0,1.3963560912580553,0.2
2022-02-14,1.5267489436300659,1.0772052579431506,1,0.2,3.0,2.0,1.396241992533182,0.2
2022-02-15,1.5269193731168633,1.077325505309329,1,0.6,4.0,1.0,1.3962713256061756,0.2
2022-02-16,1.5269220570457893,1.077327398968639,1,0.6,4.0,1.0,1.3961572873535286,0.6
2022-02-17,1.5284612902848185,1.078413412582862,1,0.6,4.0,1.0,1.3969993257695656,0.6
2022-02-18,1.5271045642127534,1.0774561678017114,1,0.6,4.0,1.0,1.3962571280026836,0.6
2022-02-21,1.5224197662725176,1.0741507854762948,1,1.0,5.0,0.0,1.3936943066335592,0.6
2022-02-22,1.5220735394410707,1.0739065034253188,1,1.0,5.0,0.0,1.3933927547367149,1.0
2022-02-23,1.5236691351875447,1.0750322838850497,1,1.0,5.0,0.0,1.3948534539046684,1.0
2022-02-24,1.5252808345075743,1.0761694263006398,1,1.0,5.0,0.0,1.396328895200473,1.0
2022-02-25,1.5256700042018363,1.0764440069005743,1,1.0,5.0,0.0,1.396685163290218,1.0
2022-02-28,1.5268066481019738,1.0772459716183134,1,1.0,5.0,0.0,1.3977257118144035,1.0
2022-03-01,1.5245830129868287,1.075677074880068,1,1.0,5.0,0.0,1.395690069660241,1.0
2022-03-02,1.5227069466675938,1.0743534070224534,1,1.0,5.0,0.0,1.3939726117655407,1.0
2022-03-03,1.5208295383838955,1.0730287923351836,1,0.2,3.0,2.0,1.3922539253601858,1.0
2022-03-04,1.521479049183974,1.0734870578881777,1,0.2,3.0,2.0,1.3926269069102628,0.2
2022-03-07,1.5215421215137337,1.07353155888196,1,0.2,3.0,2.0,1.3926387115470953,0.2
2022-03-08,1.5219661822840331,1.073830757052923,1,0.2,3.0,2.0,1.392718078892605,0.2
2022-03-09,1.5200243597061123,1.0724606945422162,1,0.2,3.0,2.0,1.3923546467756658,0.2
2022-03-10,1.5199143186201485,1.0723830545105106,1,0.2,3.0,2.0,1.3923340514518308,0.2
2022-03-11,1.5249413174984423,1.0759298783979385,1,0.2,3.0,2.0,1.3932749061236032,0.2
2022-03-14,1.5285820670864858,1.0784986272518071,1,0.2,3.0,2.0,1.3939563099475538,0.2
2022-03-15,1.5228532207940575,1.0744566114548422,1,0.2,3.0,2.0,1.3928840972957128,0.2
2022-03-16,1.5236932905478782,1.0750493268188386,1,0.2,3.0,2.0,1.3930413250118179,0.2
2022-03-17,1.5239053209330278,1.0751989259043202,1,0.2,3.0,2.0,1.3930810086845726,0.2
2022-03-18,1.524623271920718,1.0757054797697163,1,0.2,3.0,2.0,1.393215380614471,0.2
2022-03-21,1.523505415523062,1.0749167706671463,1,0.2,3.0,2.0,1.3930061622638072,0.2
2022-03-22,1.520432316902856,1.0727485307573197,1,0.2,3.0,2.0,1.3924310001713462,0.2
2022-03-23,1.5208805330334885,1.0730647718620718,1,0.2,3.0,2.0,1.3925148884416,0.2
2022-03-24,1.522211761780757,1.0740040268797781,1,0.2,3.0,2.0,1.3927640416275047,0.2
2022-03-25,1.5228988475857985,1.0744888036631106,1,0.2,3.0,2.0,1.3928926368202297,0.2
2022-03-28,1.523944237902454,1.0752263839643135,1,0.6,4.0,1.0,1.3930882923966608,0.2
2022-03-29,1.5237402593040823,1.0750824658567617,1,0.6,4.0,1.0,1.3929372007505614,0.6
2022-03-30,1.5251815291373143,1.0760993609061738,1,0.6,4.0,1.0,1.3937409671404914,0.6
2022-03-31,1.524329381703327,1.0754981240752828,1,0.6,4.0,1.0,1.3932657421334098,0.6
2022-04-01,1.525538491684465,1.0763512175943895,1,0.6,4.0,1.0,1.3939400377733793,0.6
2022-04-02,1.5263181730374518,1.076901325623913,1,0.6,4.0,1.0,1.394374849945213,0.6
2022-04-06,1.5266147471837686,1.0771105749776562,1,1.0,5.0,0.0,1.3945402432153942,0.6
2022-04-07,1.5291322725163043,1.078886827410335,1,1.0,5.0,0.0,1.3958356010183153,1.0
2022-04-08,1.5287323671063389,1.078604672173161,1,1.0,5.0,0.0,1.395470555941246,1.0
2022-04-11,1.5274507910442003,1.0777004498526874,1,1.0,5.0,0.0,1.3943006967177518,1.0
2022-04-12,1.5268898498986778,1.07730467505692,1,1.0,5.0,0.0,1.3937886536230706,1.0
2022-04-13,1.5269502382995117,1.0773472823913928,1,1.0,5.0,0.0,1.393843777879675,1.0
2022-04-14,1.5279191366417775,1.0780308934022635,1,1.0,5.0,0.0,1.3947282159523062,1.0
2022-04-15,1.527860090205407,1.077989232897446,1,1.0,5.0,0.0,1.394674316679182,1.0
2022-04-18,1.523312172640394,1.0747804271968338,1,1.0,5.0,0.0,1.3905228476651277,1.0
2022-04-19,1.5230786708238369,1.0746156788368733,1,1.0,5.0,0.0,1.3903097005395908,1.0
2022-04-20,1.5223660876939986,1.074112912290097,1,1.0,5.0,0.0,1.3896592343116585,1.0
2022-04-21,1.522882744012243,1.0744774417072511,1,1.0,5.0,0.0,1.3901308529514964,1.0
2022-04-22,1.5229042154436505,1.0744925909817304,1,1.0,5.0,0.0,1.390150452687178,1.0
2022-04-24,1.5227713609618163,1.0743988548458907,1,1.0,5.0,0.0,1.3900291793226482,1.0
2022-04-25,1.5244139254644942,1.0755577743435445,1,1.0,5.0,0.0,1.3915285591022886,1.0
2022-04-26,1.5243199879520861,1.0754914962676985,1,1.0,5.0,0.0,1.391442810258682,1.0
2022-04-27,1.5235161512387658,1.0749243453043857,1,1.0,5.0,0.0,1.3907090451541029,1.0
2022-04-28,1.522154057308849,1.0739633132046156,1,1.0,5.0,0.0,1.389465686921803,1.0
2022-04-29,1.5231739503007078,1.0746829037423744,1,1.0,5.0,0.0,1.3903966743666776,1.0
2022-05-05,1.5238811655726943,1.075181882970531,1,1.0,5.0,0.0,1.3910422406606897,1.0
2022-05-06,1.5237402593040823,1.0750824658567617,1,1.0,5.0,0.0,1.3909136173952796,1.0
2022-05-07,1.5238798236082312,1.075180936140876,1,1.0,5.0,0.0,1.3910410156772095,1.0
2022-05-09,1.5247400228289965,1.0757878539496966,1,1.0,5.0,0.0,1.3918262300879527,1.0
2022-05-10,1.5256834238464658,1.0764534751971235,1,1.0,5.0,0.0,1.392687393474462,1.0
2022-05-11,1.5246286397785698,1.0757092670883361,1,1.0,5.0,0.0,1.3917245564591048,1.0
2022-05-12,1.525627061339021,1.0764137083516157,1,1.0,5.0,0.0,1.3926359441682978,1.0
2022-05-13,1.5250661201934987,1.0760179335558484,1,1.0,5.0,0.0,1.3921239010736168,1.0
2022-05-16,1.52446626207855,1.0755947007000874,1,1.0,5.0,0.0,1.3915763334580127,1.0
2022-05-17,1.5256941595621698,1.0764610498343634,1,1.0,5.0,0.0,1.3926971933423027,1.0
2022-05-18,1.5268066481019738,1.0772459716183134,1,1.0,5.0,0.0,1.3937127046473043,1.0
2022-05-19,1.5271877660094577,1.0775148712403182,1,1.0,5.0,0.0,1.3940605999556523,1.0
2022-05-20,1.5260886971142835,1.0767394177529173,1,1.0,5.0,0.0,1.3930573384854517,1.0
2022-05-23,1.5274870240847007,1.0777260142533711,1,1.0,5.0,0.0,1.3943337712717143,1.0
2022-05-24,1.5283069643715765,1.078304527172543,1,1.0,5.0,0.0,1.3950822361780546,1.0
2022-05-25,1.5296811359816602,1.079274080739208,1,1.0,5.0,0.0,1.3963366192616755,1.0
2022-05-26,1.5335258641680753,1.0819867477006282,1,1.0,5.0,0.0,1.3998461969321574,1.0
2022-05-27,1.5339190597557262,1.0822641687895276,1,1.0,5.0,0.0,1.4002051170918268,1.0
2022-05-30,1.5321208273753435,1.0809954170518996,1,1.0,5.0,0.0,1.3985636392284948,1.0
2022-05-31,1.5296905297329009,1.0792807085467924,1,1.0,5.0,0.0,1.3963451941460363,1.0
2022-06-01,1.5289390296336365,1.0787504839400228,1,1.0,5.0,0.0,1.395659203397181,1.0
2022-06-02,1.5284612902848185,1.078413412582862,1,1.0,5.0,0.0,1.395223109278266,1.0
2022-06-06,1.5275460705210713,1.0777676747581888,1,1.0,5.0,0.0,1.3943876705448386,1.0
2022-06-07,1.5279218205707035,1.0780327870615736,1,1.0,5.0,0.0,1.3947306659192662,1.0
2022-06-08,1.528192897392224,1.0782240466518727,1,1.0,5.0,0.0,1.3949781125822465,1.0
2022-06-09,1.5286639269187272,1.0785563838607588,1,1.0,5.0,0.0,1.3954080817837609,1.0
2022-06-10,1.5289376876691734,1.0787495371103677,1,1.0,5.0,0.0,1.3956579784137009,1.0
2022-06-13,1.528242550077354,1.0782590793491056,1,1.0,5.0,0.0,1.39502343697101,1.0
2022-06-14,1.527218631192106,1.0775366483223818,1,1.0,5.0,0.0,1.3940887745756947,1.0
2022-06-15,1.5267314980920472,1.0771929491576364,1,1.0,5.0,0.0,1.393644105572419,1.0
2022-06-16,1.5271649526135873,1.077498775136184,1,1.0,5.0,0.0,1.3940397752364908,1.0
2022-06-17,1.5275407026632195,1.077763887439569,1,1.0,5.0,0.0,1.3943827706109184,1.0
2022-06-20,1.5262644944589328,1.0768634524377152,1,1.0,5.0,0.0,1.3932178113213447,1.0
2022-06-21,1.5259987854952646,1.076675980166036,1,1.0,5.0,0.0,1.3929752645922853,1.0
2022-06-22,1.5263181730374518,1.076901325623913,1,1.0,5.0,0.0,1.3932668106605486,1.0
2022-06-23,1.5262322873118215,1.0768407285259967,1,1.0,5.0,0.0,1.3931884117178224,1.0
2022-06-24,1.5250325710819244,1.0759942628144747,1,1.0,5.0,0.0,1.3920932764866143,1.0
2022-06-27,1.5212697027277504,1.073339352462006,1,1.0,5.0,0.0,1.3886584228084178,1.0
2022-06-28,1.5205450419177455,1.0728280644483352,1,1.0,5.0,0.0,1.3879969317291647,1.0
2022-06-29,1.5204886794103007,1.0727882976028276,1,1.0,5.0,0.0,1.3879454824230004,1.0
2022-06-30,1.5221621090956268,1.0739689941825452,1,1.0,5.0,0.0,1.3894730368226835,1.0
2022-07-01,1.52278209667752,1.0744064294831304,1,1.0,5.0,0.0,1.390038979190489,1.0
2022-07-04,1.521093905383101,1.073215317777208,1,1.0,5.0,0.0,1.3884979499725247,1.0
2022-07-05,1.520801357130173,1.0730089089124297,1,1.0,5.0,0.0,1.3882309035738634,1.0
2022-07-06,1.5222708082171277,1.0740456873845958,1,1.0,5.0,0.0,1.3895722604845715,1.0
2022-07-07,1.5223405903692022,1.074094922526653,1,1.0,5.0,0.0,1.3896359596255365,1.0
2022-07-08,1.522154057308849,1.0739633132046156,1,1.0,5.0,0.0,1.389465686921803,1.0
2022-07-11,1.5234906539139694,1.0749063555409417,1,1.0,5.0,0.0,1.390685770467981,1.0
2022-07-12,1.5250312291174615,1.0759933159848198,1,1.0,5.0,0.0,1.392092051503134,1.0
2022-07-13,1.5258592211911153,1.0765775098819215,1,1.0,5.0,0.0,1.3928478663103552,1.0
2022-07-14,1.526840197213548,1.077269642359687,1,1.0,5.0,0.0,1.3937433292343069,1.0
2022-07-15,1.5275876714194234,1.077797026477492,1,1.0,5.0,0.0,1.394425645032722,1.0
2022-07-18,1.527905716997148,1.078021425105714,1,1.0,5.0,0.0,1.3947159661175053,1.0
2022-07-19,1.5277232098301836,1.0778926562726414,1,1.0,5.0,0.0,1.3945493683642116,1.0
2022-07-20,1.5289940501766184,1.0787893039558756,1,1.0,5.0,0.0,1.395709427719865,1.0
2022-07-21,1.5304943664462212,1.079847859510105,1,1.0,5.0,0.0,1.397078959250615,1.0
2022-07-22,1.5292248680642495,1.0789521586565263,1,1.0,5.0,0.0,1.395920124878442,1.0
2022-07-25,1.5294825252411401,1.0791339499502757,1,1.0,5.0,0.0,1.3961553217066212,1.0
2022-07-26,1.5304916825172952,1.079845965850795,1,1.0,5.0,0.0,1.397076509283655,1.0
2022-07-27,1.5310029709776876,1.0802067079493296,1,1.0,5.0,0.0,1.3975432279895723,1.0
2022-07-28,1.5298032547477904,1.079360242237808,1,1.0,5.0,0.0,1.3964480927583645,1.0
2022-07-29,1.5325891729729206,1.081325860601476,1,1.0,5.0,0.0,1.398991158463049,1.0
2022-08-01,1.5348718545244364,1.082936417844539,1,1.0,5.0,0.0,1.4010748553626966,1.0
2022-08-02,1.535852830546869,1.0836285503223047,1,1.0,5.0,0.0,1.4019703182866485,1.0
2022-08-03,1.535667639450979,1.0834978878299222,1,1.0,5.0,0.0,1.401801270566395,1.0
2022-08-04,1.5372672610908418,1.084626508778618,1,1.0,5.0,0.0,1.4032614508746726,1.0
2022-08-05,1.5360407055716854,1.0837611064739971,1,1.0,5.0,0.0,1.4021418159738626,1.0
2022-08-08,1.5352892054724208,1.0832308818672272,1,1.0,5.0,0.0,1.401455825225007,1.0
2022-08-09,1.534612855383083,1.0827536797211346,1,1.0,5.0,0.0,1.4008384335510378,1.0
2022-08-10,1.5353415420864767,1.0832678082237701,1,1.0,5.0,0.0,1.401503599580731,1.0
2022-08-11,1.5353375161930878,1.0832649677348054,1,1.0,5.0,0.0,1.4014999246302908,1.0
2022-08-12,1.5355871215832007,1.0834410780506254,1,1.0,5.0,0.0,1.401727771557589,1.0
2022-08-15,1.5430242886369925,1.0886884079983363,1,1.0,5.0,0.0,1.408516630004295,1.0
2022-08-16,1.545317705904212,1.0903065398786393,1,1.0,5.0,0.0,1.4106101267717837,1.0
2022-08-17,1.544497765617336,1.0897280269594671,1,1.0,5.0,0.0,1.4098616618654434,1.0
2022-08-18,1.5465630489258502,1.0911851977984293,1,1.0,5.0,0.0,1.4117469114413148,1.0
2022-08-19,1.5466234373266838,1.0912278051329016,1,1.0,5.0,0.0,1.4118020356979195,1.0
2022-08-22,1.5464315364084789,1.0910924084922444,1,1.0,5.0,0.0,1.4116268630602655,1.0
2022-08-23,1.5453324675133047,1.0903169550048435,1,1.0,5.0,0.0,1.4106236015900648,1.0
2022-08-24,1.5451808255289887,1.0902099632538347,1,1.0,5.0,0.0,1.4104851784568135,1.0
2022-08-25,1.5431410395452712,1.0887707821783168,1,1.0,5.0,0.0,1.4086232035670638,1.0
2022-08-26,1.5423546483699693,1.0882159400005182,1,1.0,5.0,0.0,1.407905363247726,1.0
2022-08-29,1.5432967074229758,1.0888806144182903,1,1.0,5.0,0.0,1.4087653016507553,1.0
2022-08-30,1.5447903138702639,1.0899344358242453,1,1.0,5.0,0.0,1.410128708264105,1.0
2022-08-31,1.5441931396842412,1.0895130966277942,1,1.0,5.0,0.0,1.409583590615461,1.0
2022-09-01,1.544931220138876,1.090033852938015,1,1.0,5.0,0.0,1.4102573315295153,1.0
2022-09-02,1.5457538443546779,1.0906142595164965,1,1.0,5.0,0.0,1.4110082464028157,1.0
2022-09-05,1.5460061336737168,1.0907922634916265,1,1.0,5.0,0.0,1.4112385432970742,1.0
2022-09-06,1.5464556917688124,1.0911094514260335,1,1.0,5.0,0.0,1.411648912762907,1.0
2022-09-07,1.5463657801497932,1.091046013839152,1,1.0,5.0,0.0,1.4115668388697407,1.0
2022-09-08,1.5452814728637116,1.0902809754779557,1,1.0,5.0,0.0,1.4105770522178207,1.0
2022-09-09,1.544492397759484,1.0897242396408473,1,1.0,5.0,0.0,1.409856761931523,1.0
2022-09-13,1.543047102032863,1.0887045041024705,1,1.0,5.0,0.0,1.4085374547234568,1.0
2022-09-14,1.5415776509459085,1.0876677256303047,1,1.0,5.0,0.0,1.407196097812749,1.0
2022-09-15,1.541937297421985,1.0879214759778302,1,1.0,5.0,0.0,1.4075243933854154,1.0
2022-09-16,1.5400276819911758,1.0865741373788418,1,1.0,5.0,0.0,1.4057812418932354,1.0
2022-09-19,1.5401430909349911,1.0866555647291671,1,1.0,5.0,0.0,1.4058865904725235,1.0
2022-09-20,1.54121263661198,1.0874101879641591,1,1.0,5.0,0.0,1.4068629023061623,1.0
2022-09-21,1.5421466438782088,1.0880691814040016,1,1.0,5.0,0.0,1.4077154908083107,1.0
2022-09-22,1.5422982858625245,1.0881761731550106,1,1.0,5.0,0.0,1.407853913941562,1.0
2022-09-23,1.5406610892176984,1.0870210409759762,1,1.0,5.0,0.0,1.4063594340958416,1.0
2022-09-26,1.537406825394991,1.0847249790627322,1,1.0,5.0,0.0,1.403388849156603,1.0
2022-09-27,1.5366969261940786,1.0842241061752658,1,1.0,5.0,0.0,1.4027408328956308,1.0
2022-09-28,1.5343511723128034,1.08256904793842,1,1.0,5.0,0.0,1.4005995617724185,1.0
2022-09-29,1.5325408622522538,1.081291774733898,1,1.0,5.0,0.0,1.3989470590577655,1.0
2022-09-30,1.5313532237025234,1.0804538304892706,1,1.0,5.0,0.0,1.3978629486778782,1.0
2022-10-08,1.5307144486181488,1.0800031395735163,1,1.0,5.0,0.0,1.3972798565413513,1.0
2022-10-09,1.5332011087680362,1.0817576149241315,1,1.0,5.0,0.0,1.3995497509299741,1.0
2022-10-10,1.533351408787889,1.0818636598454854,1,1.0,5.0,0.0,1.399686949079745,1.0
2022-10-11,1.5340814374557459,1.082378735177776,1,1.0,5.0,0.0,1.4003533400929187,1.0
2022-10-12,1.5334507141581488,1.0819337252399512,1,1.0,5.0,0.0,1.3997775978572722,1.0
2022-10-13,1.5346235910987867,1.082761254358374,1,1.0,5.0,0.0,1.4008482334188783,1.0
2022-10-14,1.5367747601329311,1.0842790222952525,1,1.0,5.0,0.0,1.4028118819374762,1.0
2022-10-17,1.5376201977446036,1.0848755249778685,1,1.0,5.0,0.0,1.4035836215299387,1.0
2022-10-18,1.5377020575768447,1.0849332815868205,1,1.0,5.0,0.0,1.4036583455222247,1.0
2022-10-19,1.5379409272512539,1.0851018172654008,1,1.0,5.0,0.0,1.403876392581682,1.0
2022-10-20,1.536592252965967,1.08415025346218,1,1.0,5.0,0.0,1.402645284184183,1.0
2022-10-21,1.5360662028964818,1.0837790962374412,1,1.0,5.0,0.0,1.4021650906599845,1.0
2022-10-24,1.5365466261742258,1.0841180612539116,1,1.0,5.0,0.0,1.4026036347458595,1.0
2022-10-25,1.5361749020179825,1.0838557894394916,1,0.6,4.0,1.0,1.402264314321872,1.0
2022-10-26,1.5372659191263789,1.0846255619489629,1,-0.2,2.0,3.0,1.4031440460229052,0.6
2022-10-27,1.5385921817196149,1.0859956244596698,-1,-0.2,2.0,3.0,1.4039598325495106,-0.2
2022-10-28,1.536585405753969,1.0874120816234691,-1,-0.2,2.0,3.0,1.4035795518119507,-0.2
2022-10-31,1.534201688580872,1.0890945979203082,-1,-0.6,1.0,4.0,1.403127841336921,-0.2
2022-11-01,1.5357403062497197,1.0880085843060852,-1,-0.6,1.0,4.0,1.4033053498129118,-0.6
2022-11-02,1.5373459953077933,1.0868752292091146,-1,-0.6,1.0,4.0,1.4042036790258134,-0.6
2022-11-03,1.5374251395470802,1.086819366259473,-1,-0.6,1.0,4.0,1.4042479575751545,-0.6
2022-11-04,1.5391770442336667,1.0855828067301132,-1,-0.6,1.0,4.0,1.4052280895317542,-0.6
2022-11-07,1.5389449772269443,1.085746608260419,-1,-1.0,0.0,5.0,1.4050982558192795,-0.6
2022-11-08,1.5391824099448048,1.0855790194114936,-1,-1.0,0.0,5.0,1.4051223971567748,-1.0
2022-11-09,1.5388229072985529,1.0858327697590189,-1,-1.0,0.0,5.0,1.404794232876079,-1.0
2022-11-10,1.5389583915047895,1.0857371399638696,-1,-1.0,0.0,5.0,1.4049179067281323,-1.0
2022-11-11,1.5431516947592074,1.082777350462508,-1,-1.0,0.0,5.0,1.4087456736738593,-1.0
2022-11-14,1.5528394862190305,1.075939346694488,-1,-1.0,0.0,5.0,1.4175889663424586,-1.0
2022-11-15,1.5522291365770726,1.0763701541874884,-1,-1.0,0.0,5.0,1.4170318217614266,-1.0
2022-11-16,1.553593368633932,1.0754072284284084,-1,-1.0,0.0,5.0,1.4182771317370517,-1.0
2022-11-17,1.5517046383133242,1.0767403645825722,-1,-1.0,0.0,5.0,1.4165530447698145,-1.0
2022-11-18,1.5520037767092727,1.0765292215695192,-1,-1.0,0.0,5.0,1.4168261068391994,-1.0
2022-11-21,1.5509909987319581,1.0772440779590033,-1,-1.0,0.0,5.0,1.4159016141827618,-1.0
2022-11-22,1.5516053726572696,1.076810429977038,-1,-1.0,0.0,5.0,1.416462432244548,-1.0
2022-11-23,1.5495918895527008,1.0782316212891123,-1,-1.0,0.0,5.0,1.4146244673739345,-1.0
2022-11-24,1.5478762034162965,1.0794426164177884,-1,-1.0,0.0,5.0,1.4130583400791221,-1.0
2022-11-25,1.5502317506059182,1.077779983543703,-1,-1.0,0.0,5.0,1.41520855081383,-1.0
2022-11-28,1.5525094949840377,1.0761722667896045,-1,-1.0,0.0,5.0,1.4172877409206257,-1.0
2022-11-29,1.5565243883431141,1.073338405632351,-1,-1.0,0.0,5.0,1.4209526502195897,-1.0
2022-11-30,1.5559475743957694,1.073745542383978,-1,-1.0,0.0,5.0,1.4204261179781748,-1.0
2022-12-01,1.554729557967423,1.074605263710669,-1,-1.0,0.0,5.0,1.4193142778032803,-1.0
2022-12-02,1.554394201021292,1.0748419711244053,-1,-1.0,0.0,5.0,1.4190081544071091,-1.0
2022-12-05,1.5561206185799727,1.0736234013584898,-1,-1.0,0.0,5.0,1.4205840776505994,-1.0
2022-12-06,1.558079103145376,1.0722410300622687,-1,-1.0,0.0,5.0,1.4223718382842403,-1.0
2022-12-07,1.5558187973284552,1.0738364380308527,-1,-1.0,0.0,5.0,1.4203085665940454,-1.0
2022-12-08,1.5555867303217328,1.0740002395611583,-1,-1.0,0.0,5.0,1.4200967292038946,-1.0
2022-12-09,1.5560978143076358,1.073639497462624,-1,-1.0,0.0,5.0,1.4205632612596597,-1.0
2022-12-12,1.555923428695648,1.0737625853177668,-1,-1.0,0.0,5.0,1.4204040770936508,-1.0
2022-12-13,1.5576243591264227,1.0725620053152953,-1,-0.6,1.0,4.0,1.4219567349590319,-1.0
2022-12-14,1.5546383408780753,1.0746696481272053,-1,-0.6,1.0,4.0,1.4191223613980246,-0.6
2022-12-15,1.5546021223278932,1.0746952125278888,-1,-0.6,1.0,4.0,1.419102223082749,-0.6
2022-12-16,1.5556685574165887,1.0739424829522066,-1,-0.6,1.0,4.0,1.4196951845880854,-0.6
2022-12-19,1.5529736289974825,1.0758446637289931,-1,-0.6,1.0,4.0,1.418196744758877,-0.6
2022-12-20,1.5533760573328395,1.0755606148325094,-1,-0.6,1.0,4.0,1.4184205038174942,-0.6
2022-12-21,1.553531662955844,1.0754507825925357,-1,-0.6,1.0,4.0,1.4185070239868263,-0.6
2022-12-22,1.5523109636719286,1.0763123975785365,-1,-0.6,1.0,4.0,1.4178282881756867,-0.6
2022-12-23,1.5513934270673149,1.0769600290625196,-1,-0.6,1.0,4.0,1.4173181175220388,-0.6
2022-12-26,1.5520440195428082,1.0765008166798709,-1,-0.6,1.0,4.0,1.4176798613334705,-0.6
2022-12-27,1.5539287255800627,1.0751705210146718,-1,-0.6,1.0,4.0,1.4187277995913292,-0.6
2022-12-28,1.5539756755525211,1.0751373819767487,-1,-0.2,2.0,3.0,1.4187539048148345,-0.6
2022-12-29,1.5529374104473006,1.0758702281296766,-1,0.2,3.0,2.0,1.418060473037969,-0.2
2022-12-30,1.5513227329379053,1.0765756162226117,1,0.2,3.0,2.0,1.417771504265543,0.2
2022-12-31,1.5512954457070633,1.0765566796295127,1,-0.2,2.0,3.0,1.4177661739995342,0.2
2023-01-03,1.5514769753606876,1.077113415466621,-1,-0.2,2.0,3.0,1.4178057241806772,-0.2
2023-01-04,1.5496671916526148,1.0783698584187345,-1,-0.2,2.0,3.0,1.417476059088273,-0.2
2023-01-05,1.550585039757764,1.0777326420609556,-1,-0.2,2.0,3.0,1.4176432517086108,-0.2
2023-01-06,1.5519202155303362,1.0768056958287635,-1,-0.2,2.0,3.0,1.417886463558998,-0.2
2023-01-09,1.5519761319825074,1.0767668758129108,-1,-0.2,2.0,3.0,1.417896649142109,-0.2
2023-01-10,1.5536945400248372,1.0755738704476787,-1,-0.2,2.0,3.0,1.4182096695011366,-0.2
2023-01-11,1.5541800584875907,1.0752367990905178,-1,-0.2,2.0,3.0,1.4182981101740046,-0.2
2023-01-12,1.553635895940853,1.0756145841228413,-1,-0.2,2.0,3.0,1.4181989870603124,-0.2
2023-01-13,1.5552342881834011,1.0745048997672446,-1,-0.2,2.0,3.0,1.4184901456799794,-0.2
2023-01-16,1.5574000278430993,1.0730013342751903,-1,-0.2,2.0,3.0,1.4188846507038966,-0.2
2023-01-17,1.5565571896128136,1.0735864750019468,-1,-0.2,2.0,3.0,1.4187311216706593,-0.2
2023-01-18,1.5563471619631954,1.0737322867688088,-1,-0.2,2.0,3.0,1.418692863626778,-0.2
2023-01-19,1.556745396207926,1.0734558125095643,-1,-0.2,2.0,3.0,1.4187654048528384,-0.2
2023-01-20,1.5576591528653554,1.0728214366407507,-1,-0.6,1.0,4.0,1.418931852186607,-0.2
2023-01-28,1.557734162740219,1.0727693610097286,-1,-1.0,0.0,5.0,1.4188307590608278,-0.6
2023-01-29,1.5562898816951178,1.0737720536143163,-1,-1.0,0.0,5.0,1.4179217630944887,-1.0
2023-01-30,1.556790402132844,1.0734245671309512,-1,-1.0,0.0,5.0,1.4183761460236757,-1.0
2023-01-31,1.5553938546444743,1.0743941206976162,-1,-1.0,0.0,5.0,1.4171083309842007,-1.0
2023-02-01,1.5560662158864336,1.0739273336777275,-1,-1.0,0.0,5.0,1.4177187145920729,-1.0
2023-02-02,1.5558984665299205,1.0740437937252858,-1,-1.0,0.0,5.0,1.417566428215261,-1.0
2023-02-03,1.555318844769611,1.074446196328638,-1,-1.0,0.0,5.0,1.4170402354498541,-1.0
2023-02-06,1.5557593573074462,1.0741403703500905,-1,-1.0,0.0,5.0,1.4174401419515634,-1.0
2023-02-07,1.5556420691394777,1.0742217977004158,-1,-1.0,0.0,5.0,1.4173336652978574,-1.0
2023-02-08,1.5554415882012058,1.0743609816596928,-1,-1.0,0.0,5.0,1.4171516645060578,-1.0
2023-02-09,1.5552683835810663,1.074481229025871,-1,-1.0,0.0,5.0,1.4169944257267482,-1.0
2023-02-10,1.555185190810763,1.0745389856348226,-1,-1.0,0.0,5.0,1.416918901588654,-1.0
2023-02-13,1.5549519782907324,1.0747008935058187,-1,-1.0,0.0,5.0,1.4167071863818668,-1.0
2023-02-14,1.5549451592111994,1.0747056276540932,-1,-1.0,0.0,5.0,1.4167009958787447,-1.0
2023-02-15,1.554870149336336,1.0747577032851152,-1,-1.0,0.0,5.0,1.416632900344398,-1.0
2023-02-16,1.5543028019191856,1.0751515844215729,-1,-1.0,0.0,5.0,1.416117850484611,-1.0
2023-02-17,1.5542114262534428,1.0752150220084542,-1,-1.0,0.0,5.0,1.4160348977427706,-1.0
2023-02-20,1.5554579539920852,1.0743496197038334,-1,-1.0,0.0,5.0,1.4171665217135516,-1.0
2023-02-21,1.5564521757880045,1.0736593808853778,-1,-1.0,0.0,5.0,1.4180690970688028,-1.0
2023-02-22,1.5556147928213455,1.0742407342935145,-1,-1.0,0.0,5.0,1.4173089032853678,-1.0
2023-02-23,1.5557866336255783,1.0741214337569913,-1,-1.0,0.0,5.0,1.4174649039640532,-1.0
2023-02-24,1.555515234260163,1.0743098528583255,-1,-1.0,0.0,5.0,1.4172185219397804,-1.0
2023-02-27,1.5555943355827462,1.074254936738339,-1,-1.0,0.0,5.0,1.4172903317760004,-1.0
2023-02-28,1.5556816198007695,1.0741943396404223,-1,-1.0,0.0,5.0,1.4173695702159677,-1.0
2023-03-01,1.5552711112128794,1.0744793353665612,-1,-1.0,0.0,5.0,1.4169969019279969,-1.0
2023-03-02,1.5558166375755238,1.0741006035045828,-1,-1.0,0.0,5.0,1.417492142177792,-1.0
2023-03-03,1.5564589948675376,1.073654646737103,-1,-1.0,0.0,5.0,1.4180752875719251,-1.0
2023-03-06,1.5542318834920419,1.07520081956363,-1,-1.0,0.0,5.0,1.4160534692521376,-1.0
2023-03-07,1.5537490926611015,1.0755359972614809,-1,-1.0,0.0,5.0,1.4156151816310694,-1.0
2023-03-08,1.5535240630365108,1.075692224154547,-1,-1.0,0.0,5.0,1.415410895028029,-1.0
2023-03-09,1.553333128809585,1.0758247803062393,-1,-1.0,0.0,5.0,1.4152375609406007,-1.0
2023-03-10,1.5526621313835325,1.0762906204964728,-1,-1.0,0.0,5.0,1.414628415433353,-1.0
2023-03-13,1.552653948488093,1.0762963014744025,-1,-1.0,0.0,5.0,1.4146209868296065,-1.0
2023-03-14,1.5523934596499303,1.0764771459384974,-1,-1.0,0.0,5.0,1.4143845096103291,-1.0
2023-03-15,1.5527535070492757,1.0762271829095915,-1,-1.0,0.0,5.0,1.414711368175194,-1.0
2023-03-16,1.5519052135553635,1.0768161109549679,-1,-1.0,0.0,5.0,1.4139412695867628,-1.0
2023-03-17,1.5516079016877222,1.077022519819746,-1,-1.0,0.0,5.0,1.4136713636506246,-1.0
2023-03-20,1.5511632977021672,1.0773311862872588,-1,-1.0,0.0,5.0,1.413267742847042,-1.0
2023-03-21,1.5514810668084076,1.0771105749776562,-1,-1.0,0.0,5.0,1.4135562202925476,-1.0
2023-03-22,1.552064780016437,1.0767053318853392,-1,-1.0,0.0,5.0,1.414086127359828,-1.0
2023-03-23,1.552167066209433,1.0766343196612183,-1,-1.0,0.0,5.0,1.4141789849066644,-1.0
2023-03-24,1.5530139958874383,1.0760463384454968,-1,-1.0,0.0,5.0,1.4149478453944708,-1.0
2023-03-27,1.5522407122683899,1.076583190859851,-1,-0.6,1.0,4.0,1.4142458423403867,-1.0
2023-03-28,1.5523048116160005,1.0765386898660687,-1,-0.6,1.0,4.0,1.4141889314889542,-0.6
2023-03-29,1.552299356352374,1.0765424771846888,-1,-0.6,1.0,4.0,1.4141860037529366,-0.6
2023-03-30,1.552057960936904,1.076710066033614,-1,-1.0,0.0,5.0,1.4140564514341647,-0.6
2023-03-31,1.552299356352374,1.0765424771846888,-1,-1.0,0.0,5.0,1.4140699454817394,-1.0
2023-04-03,1.5526416741449336,1.076304822941297,-1,-1.0,0.0,5.0,1.4143817642718581,-1.0
2023-04-04,1.5527425965220227,1.076234757546831,-1,-1.0,0.0,5.0,1.414473694911176,-1.0
2023-04-06,1.5527057734925442,1.0762603219475146,-1,-1.0,0.0,5.0,1.4144401526508843,-1.0
2023-04-07,1.5523702747795178,1.0764932420426314,-1,-1.0,0.0,5.0,1.4141345453904492,-1.0
2023-04-10,1.551672001035333,1.0769780188259637,-1,-1.0,0.0,5.0,1.4134984847508445,-1.0
2023-04-11,1.5498267581136884,1.0782590793491056,-1,-1.0,0.0,5.0,1.4118176448184518,-1.0
2023-04-12,1.5489771008038697,1.078848954224137,-1,-1.0,0.0,5.0,1.4110436882198707,-1.0
2023-04-13,1.5493357843873083,1.0785999380248863,-1,-0.6,1.0,4.0,1.41137041468123,-1.0
2023-04-14,1.5494230686053314,1.0785393409269697,-1,-0.6,1.0,4.0,1.4113403584584343,-0.6
2023-04-17,1.5505864035736707,1.0777316952313007,-1,-0.6,1.0,4.0,1.411989820545488,-0.6
2023-04-18,1.550426837112597,1.0778424743009294,-1,-0.2,2.0,3.0,1.4119007384069353,-0.6
2023-04-19,1.5495921817777512,1.0784219340497565,-1,-0.2,2.0,3.0,1.4113200594782107,-0.2
2023-04-20,1.5496371877026693,1.0783906886711432,-1,-0.2,2.0,3.0,1.4113285674885123,-0.2
2023-04-21,1.549109390946811,1.0787571117476074,-1,-0.2,2.0,3.0,1.4112287917313366,-0.2
2023-04-23,1.5486211448522442,1.079096076764078,-1,-0.2,2.0,3.0,1.411136492710487,-0.2
2023-04-24,1.547941964530752,1.079567597932241,-1,-0.2,2.0,3.0,1.4110080991004779,-0.2
2023-04-25,1.547783761885585,1.0796774301722147,-1,-0.2,2.0,3.0,1.4109781921551745,-0.2
2023-04-26,1.5472218697320612,1.0800675239900528,-1,-0.2,2.0,3.0,1.410871970935649,-0.2
2023-04-27,1.5448392833432119,1.0817216353972434,-1,0.2,3.0,2.0,1.4104215620266412,-0.2
2023-04-28,1.5438874093811006,1.0819517150033953,1,0.2,3.0,2.0,1.4102429002754289,0.2
2023-05-04,1.5460464279249053,1.083464748791999,1,0.2,3.0,2.0,1.4106420786569154,0.2
2023-05-05,1.5477177082369744,1.0846359770751672,1,0.2,3.0,2.0,1.4109510796943987,0.2
2023-05-06,1.5483743308979812,1.0850961362874711,1,0.2,3.0,2.0,1.4110724818805076,0.2
2023-05-08,1.547161065158096,1.0842458832573296,1,0.2,3.0,2.0,1.4108481626148166,0.2
2023-05-09,1.5474204716414568,1.084427674551079,1,0.2,3.0,2.0,1.4108961239722917,0.2
2023-05-10,1.5487107486810896,1.0853318968715526,1,-0.2,2.0,3.0,1.4111346817659833,0.2
2023-05-11,1.550496691288284,1.0870182004870115,-1,-0.2,2.0,3.0,1.4114696826076014,-0.2
2023-05-12,1.551814813557656,1.0860940947437843,-1,-0.2,2.0,3.0,1.4116929854559592,-0.2
2023-05-15,1.5522051182050416,1.0858204609735047,-1,-0.2,2.0,3.0,1.411759106893639,-0.2
2023-05-16,1.5525292466319363,1.0855932218563178,-1,-0.2,2.0,3.0,1.4118140174301206,-0.2
2023-05-17,1.5524711736221177,1.0856339355314804,-1,0.2,3.0,2.0,1.4118041792923344,-0.2
2023-05-18,1.5529652904279854,1.0848528010661498,1,0.6,4.0,1.0,1.411883087500272,0.2
2023-05-19,1.553716173910153,1.0853773446949901,1,0.6,4.0,1.0,1.4119047861970861,0.6
2023-05-22,1.554261038819596,1.0857579702162783,1,0.6,4.0,1.0,1.4122108606855934,0.6
2023-05-23,1.55612740444224,1.087061754651139,1,0.6,4.0,1.0,1.4132592800156307,0.6
2023-05-24,1.5562710752890085,1.0871621185945632,1,1.0,5.0,0.0,1.413339986224043,0.6
2023-05-25,1.555829219665928,1.086853452127051,1,1.0,5.0,0.0,1.4129839752549238,1.0
2023-05-26,1.555211163947754,1.0864216978043955,1,1.0,5.0,0.0,1.4124226650451936,1.0
2023-05-29,1.5551095100467385,1.0863506855802747,1,1.0,5.0,0.0,1.4123303442870143,1.0
2023-05-30,1.5557180780674844,1.0867758120953455,1,1.0,5.0,0.0,1.4128830378926476,1.0
2023-05-31,1.5560447259360806,1.0870039980421875,1,1.0,5.0,0.0,1.4131796952622635,1.0
2023-06-01,1.5575397159736817,1.088048351151593,1,1.0,5.0,0.0,1.4145374258792198,1.0
2023-06-02,1.5568037417303298,1.087534222648957,1,1.0,5.0,0.0,1.413869023590002,1.0
2023-06-05,1.5564581184668769,1.087292781086946,1,1.0,5.0,0.0,1.4135551330121925,1.0
2023-06-06,1.5572225558025132,1.0878267930123353,1,1.0,5.0,0.0,1.4142493851137004,1.0
2023-06-07,1.5582662025196055,1.0885558518466438,1,1.0,5.0,0.0,1.415197211564341,1.0
2023-06-08,1.5580967793512464,1.0884374981397755,1,1.0,5.0,0.0,1.4150433436340424,1.0
2023-06-09,1.5595538185991349,1.0894553400188427,1,1.0,5.0,0.0,1.4163666078346115,1.0
2023-06-12,1.560533762204924,1.0901398978593688,1,1.0,5.0,0.0,1.41725657994346,1.0
2023-06-13,1.564074028730956,1.0926130169180879,1,1.0,5.0,0.0,1.420471804214983,1.0
2023-06-14,1.5653074293966103,1.0934746319040887,1,1.0,5.0,0.0,1.421591962747558,1.0
2023-06-15,1.561993512223506,1.0911596333977456,1,1.0,5.0,0.0,1.418582306030914,1.0
2023-06-16,1.5589777798267137,1.0890529374154907,1,1.0,5.0,0.0,1.4158434568715959,1.0
2023-06-19,1.5569528341184855,1.0876383739110012,1,1.0,5.0,0.0,1.414004427368665,1.0
2023-06-20,1.557641369874697,1.0881193633757136,1,1.0,5.0,0.0,1.4146297466373992,1.0
2023-06-21,1.5588408859066796,1.0889573076203412,1,1.0,5.0,0.0,1.4157191315839146,1.0
2023-06-25,1.559796432576225,1.0896248225270782,1,1.0,5.0,0.0,1.4165869467107997,1.0
2023-06-26,1.5594521646981192,1.0893843277947217,1,1.0,5.0,0.0,1.4162742870764322,1.0
2023-06-27,1.5581984332522618,1.0885085103638965,1,1.0,5.0,0.0,1.4151356643922213,1.0
2023-06-28,1.5585196595794708,1.088732908992119,1,1.0,5.0,0.0,1.415427397988068,1.0
2023-06-29,1.558815133585089,1.0889393178568971,1,1.0,5.0,0.0,1.415695743658509,1.0
2023-06-30,1.5608590546881735,1.0903671369765557,1,1.0,5.0,0.0,1.4175520063696336,1.0
2023-07-03,1.5607180946120986,1.0902686666924413,1,1.0,5.0,0.0,1.4174239882516249,1.0
2023-07-04,1.5607817977234015,1.0903131676862237,1,1.0,5.0,0.0,1.4174818425934173,1.0
2023-07-05,1.5605920437748395,1.0901806115345314,1,1.0,5.0,0.0,1.4173095105114826,1.0
2023-07-06,1.5611233548308137,1.0905517687592703,1,1.0,5.0,0.0,1.4177920403408995,1.0
2023-07-07,1.561258893365501,1.090646451724765,1,1.0,5.0,0.0,1.4179151346851386,1.0
2023-07-10,1.5610745609583263,1.0905176828916923,1,0.6,4.0,1.0,1.4177477263769735,1.0
2023-07-11,1.562272721604962,1.0913546803066643,1,0.6,4.0,1.0,1.4187194950759507,0.6
2023-07-12,1.5618796598543687,1.09108009970673,1,0.6,4.0,1.0,1.418508931930642,0.6
2023-07-13,1.5620016445355873,1.0911653143756752,1,0.6,4.0,1.0,1.418574279113669,0.6
2023-07-14,1.561256182594807,1.090644558065455,1,0.6,4.0,1.0,1.4181749352173938,0.6
2023-07-17,1.5622700108342682,1.0913527866473545,1,0.6,4.0,1.0,1.418718042916328,0.6
2023-07-18,1.5636945208338315,1.0923479046147029,1,0.6,4.0,1.0,1.4194811527981195,0.6
2023-07-19,1.5640387887119374,1.092588399347059,1,0.6,4.0,1.0,1.4196655770702176,0.6
2023-07-20,1.5639317132695343,1.0925135998043185,1,0.6,4.0,1.0,1.4196082167651158,0.6
2023-07-21,1.565419926380401,1.0935532187654493,1,0.6,4.0,1.0,1.4204054523980436,0.6
2023-07-24,1.5664757715656148,1.0942907990666522,1,0.6,4.0,1.0,1.4209710685711316,0.6
2023-07-25,1.5613984980562288,1.0907439751792243,1,0.6,4.0,1.0,1.4182511735975918,0.6
2023-07-26,1.5624163924517303,1.0914550442500888,1,0.6,4.0,1.0,1.4187964595359603,0.6
2023-07-27,1.5643383288735961,1.0927976487008022,1,1.0,5.0,0.0,1.4198260407085388,0.6
2023-07-28,1.5635372961335943,1.0922380723747291,1,1.0,5.0,0.0,1.4192805887807132,1.0
2023-07-31,1.5618159567430656,1.0910355987129476,1,1.0,5.0,0.0,1.4177180653988135,1.0
2023-08-01,1.5628934880938297,1.0917883282886296,1,1.0,5.0,0.0,1.418696180429215,1.0
2023-08-02,1.56309272973982,1.0919275122479069,1,1.0,5.0,0.0,1.4188770394348367,1.0
2023-08-03,1.5640591194921403,1.0926026017918833,1,1.0,5.0,0.0,1.4197542671287695,1.0
2023-08-04,1.5638761424703125,1.0924747797884657,1,1.0,5.0,0.0,1.419588172123607,1.0
2023-08-07,1.5641756826319715,1.0926840291422086,1,1.0,5.0,0.0,1.419860075798725,1.0
2023-08-08,1.5645077520419552,1.0929160024076705,1,1.0,5.0,0.0,1.4201615074747607,1.0
2023-08-09,1.564841176837286,1.093148922502787,1,1.0,5.0,0.0,1.4204641694841678,1.0
2023-08-10,1.5644779335643242,1.0928951721552616,1,1.0,5.0,0.0,1.4201344401405858,1.0
2023-08-11,1.5649279214994858,1.0932095196007037,1,1.0,5.0,0.0,1.4205429108199483,1.0
2023-08-14,1.566933891812858,1.094610827490024,1,1.0,5.0,0.0,1.4223638042098792,1.0
2023-08-15,1.5699008303371627,1.0966834376047008,1,1.0,5.0,0.0,1.4250570039602555,1.0
2023-08-16,1.5719650822204503,1.0981254591691836,1,1.0,5.0,0.0,1.4269308016851636,1.0
2023-08-17,1.5715869297086726,1.0978612936954537,1,0.6,4.0,1.0,1.4265875386744944,1.0
2023-08-18,1.5720369176438345,1.0981756411408956,1,0.6,4.0,1.0,1.4268846365499759,0.6
2023-08-21,1.574345138889559,1.099788092043269,1,0.6,4.0,1.0,1.4281622510406013,0.6
2023-08-22,1.5738693986328065,1.0994557548343828,1,0.6,4.0,1.0,1.427898925916579,0.6
2023-08-23,1.573514287671926,1.099207685464787,1,0.6,4.0,1.0,1.4277023698410982,0.6
2023-08-24,1.5735874784806572,1.0992588142661541,1,0.6,4.0,1.0,1.4277428813986401,0.6
2023-08-25,1.5725573856170338,1.098539223728395,1,0.6,4.0,1.0,1.42717271873694,0.6
2023-08-28,1.5697137871592943,1.0965527751123183,1,0.6,4.0,1.0,1.425598769705036,0.6
2023-08-29,1.569107929909242,1.0961295422565573,1,0.6,4.0,1.0,1.4252634240342728,0.6
2023-08-30,1.5694982808891416,1.0964022291971818,1,0.6,4.0,1.0,1.425479485674496,0.6
2023-08-31,1.570419942925015,1.0970460733625451,1,-0.2,2.0,3.0,1.4259896312139122,0.6
2023-09-01,1.5672786662326978,1.0952897043526202,-1,-0.2,2.0,3.0,1.4243649112944645,-0.2
2023-09-04,1.5712808733442754,1.0924927695519095,-1,-0.2,2.0,3.0,1.42512465700076,-0.2
2023-09-05,1.5707159036876985,1.0928875975180221,-1,-0.2,2.0,3.0,1.4250174078607718,-0.2
2023-09-06,1.5729364918582724,1.0913357437135656,-1,-0.2,2.0,3.0,1.4254389458474404,-0.2
2023-09-07,1.5741558508293014,1.090483597024114,-1,-0.2,2.0,3.0,1.4256704188114437,-0.2
2023-09-08,1.5739932696331642,1.0905972165827076,-1,-0.2,2.0,3.0,1.4256395557495767,-0.2
2023-09-11,1.5744119162132175,1.090304646219329,-1,-0.2,2.0,3.0,1.4257190281338845,-0.2
2023-09-12,1.5728904271860336,1.0913679359218338,-1,-0.2,2.0,3.0,1.4254302013132445,-0.2
2023-09-13,1.5721059729146716,1.0919161502920476,-1,-0.2,2.0,3.0,1.4252812870397356,-0.2
2023-09-14,1.5710383563933707,1.0926622520601448,-1,-0.2,2.0,3.0,1.4250786196001417,-0.2
2023-09-15,1.5726831361609586,1.0915128008590405,-1,-0.2,2.0,3.0,1.425390850909364,-0.2
2023-09-18,1.5749714664965897,1.0899136055718366,-1,-0.2,2.0,3.0,1.4258252485051437,-0.2
2023-09-19,1.574738433448793,1.090076460272487,-1,-0.2,2.0,3.0,1.4257810114498009,-0.2
2023-09-20,1.5751597897154486,1.089781996249799,-1,-0.2,2.0,3.0,1.4258609982184733,-0.2
2023-09-21,1.5746828848734462,1.0901152802883403,-1,-0.2,2.0,3.0,1.4257704665703297,-0.2
2023-09-22,1.5758114693432987,1.08932657118577,-1,-0.2,2.0,3.0,1.425984707658124,-0.2
2023-09-25,1.5778965731837582,1.0878694003468081,-1,-0.2,2.0,3.0,1.4263805264265697,-0.2
2023-09-26,1.5792785133509244,1.086903634098763,-1,-0.2,2.0,3.0,1.4266428624524403,-0.2
2023-09-27,1.5792432874250946,1.0869282516697916,-1,-0.6,1.0,4.0,1.4266361754557024,-0.2
2023-09-28,1.5779737992519234,1.087815431056476,-1,-0.6,1.0,4.0,1.426279458821726,-0.6
2023-10-07,1.5769156666337303,1.0885549050169891,-1,-0.6,1.0,4.0,1.4256852459716778,-0.6
2023-10-08,1.5764238585154153,1.0888986041817346,-1,-0.6,1.0,4.0,1.4254090625343312,-0.6
2023-10-09,1.5764428263216315,1.088885348566565,-1,-0.6,1.0,4.0,1.425419714237149,-0.6
2023-10-10,1.5772570871456184,1.0883163039439425,-1,-0.6,1.0,4.0,1.4258769766223973,-0.6
2023-10-11,1.5789601251751557,1.0871261390676754,-1,-0.6,1.0,4.0,1.4268333473682504,-0.6
2023-10-12,1.579663288848449,1.0866347344767586,-1,-0.6,1.0,4.0,1.427228221208423,-0.6
2023-10-13,1.5770484412772423,1.0884621157108043,-1,-0.6,1.0,4.0,1.425759807891402,-0.6
2023-10-16,1.5762517934161702,1.0890188515479124,-1,-0.6,1.0,4.0,1.4253124363730558,-0.6
2023-10-17,1.5770931511061803,1.088430870332191,-1,-0.6,1.0,4.0,1.4257849154766153,-0.6
2023-10-18,1.5774833459769093,1.0881581833915668,-1,-0.6,1.0,4.0,1.426004036220295,-0.6
2023-10-19,1.579040060929923,1.0870702761180335,-1,-0.6,1.0,4.0,1.4268782366872679,-0.6
2023-10-20,1.5785116720424772,1.0874395396834626,-1,-0.6,1.0,4.0,1.4265815106802013,-0.6
2023-10-23,1.5770633445535551,1.0884517005845997,-1,-0.6,1.0,4.0,1.4257681770864732,-0.6
2023-10-24,1.5786850919850235,1.0873183454876294,-1,-1.0,0.0,5.0,1.4266788976773923,-0.6
2023-10-25,1.5775727656347849,1.0880956926343401,-1,-1.0,0.0,5.0,1.4259464552785424,-1.0
2023-10-26,1.5770321831576286,1.0884734776666638,-1,-1.0,0.0,5.0,1.4254557485852257,-1.0
2023-10-27,1.5773627649231077,1.0882424512308568,-1,-1.0,0.0,5.0,1.425755829871364,-1.0
2023-10-30,1.5767151498251613,1.0886950358059209,-1,-1.0,0.0,5.0,1.4251679657124536,-1.0
2023-10-31,1.5754619197716035,1.089570853236746,-1,-1.0,0.0,5.0,1.4240303624760684,-1.0
2023-11-01,1.5746381750445084,1.0901465256669534,-1,-1.0,0.0,5.0,1.4232826189433954,-1.0
2023-11-02,1.5729351370149711,1.0913366905432205,-1,-1.0,0.0,5.0,1.4217367083832477,-1.0
2023-11-03,1.572894491715937,1.0913650954328689,-1,-1.0,0.0,5.0,1.421699813143149,-1.0
2023-11-06,1.5723796512615025,1.0917248907017483,-1,-1.0,0.0,5.0,1.4212324734352286,-1.0
2023-11-07,1.5722739734840132,1.0917987434148342,-1,-1.0,0.0,5.0,1.4211365458109708,-1.0
2023-11-08,1.5725124259050145,1.0916321013955637,-1,-1.0,0.0,5.0,1.4213529978862183,-1.0
2023-11-09,1.5718553269039601,1.0920913137782124,-1,-1.0,0.0,5.0,1.4207565248379512,-1.0
2023-11-10,1.5720192629433982,1.0919767473899642,-1,-1.0,0.0,5.0,1.420905335639684,-1.0
2023-11-13,1.5716222938561635,1.0922541684788631,-1,-1.0,0.0,5.0,1.4205449921280506,-1.0
2023-11-14,1.5722482314612916,1.091816733178278,-1,-1.0,0.0,5.0,1.4211131788255753,-1.0
2023-11-15,1.5727292008331974,1.0914806086507722,-1,-1.0,0.0,5.0,1.4215497725000799,-1.0
2023-11-16,1.5721059729146716,1.0919161502920476,-1,-1.0,0.0,5.0,1.4209840454852285,-1.0
2023-11-17,1.5716710682150046,1.0922200826112851,-1,-1.0,0.0,5.0,1.4205892664161692,-1.0
2023-11-20,1.5719149400092103,1.092049653273395,-1,-1.0,0.0,5.0,1.4208106378567633,-1.0
2023-11-21,1.5721642311766206,1.091875436616885,-1,-1.0,0.0,5.0,1.4210369286627036,-1.0
2023-11-22,1.572913459522153,1.0913518398176996,-1,-1.0,0.0,5.0,1.421717030921862,-1.0
2023-11-23,1.574737078605492,1.0900774071021422,-1,-1.0,0.0,5.0,1.4233723973609698,-1.0
2023-11-24,1.574728949545685,1.0900830880800718,-1,-1.0,0.0,5.0,1.4233650183129498,-1.0
2023-11-27,1.5756366945574511,1.089448712211258,-1,-1.0,0.0,5.0,1.424189012008494,-1.0
2023-11-28,1.574844111226282,1.0900026075594016,-1,-1.0,0.0,5.0,1.4234695548265637,-1.0
2023-11-29,1.5746774655002416,1.0901190676069599,-1,-1.0,0.0,5.0,1.423318284342158,-1.0
2023-11-30,1.5737588817420662,1.0907610181130132,-1,-1.0,0.0,5.0,1.4224844519159208,-1.0
2023-12-01,1.574028495558994,1.090572599011679,-1,-1.0,0.0,5.0,1.4227291903419108,-1.0
2023-12-04,1.574378045130689,1.090328316960703,-1,-1.0,0.0,5.0,1.423046489406762,-1.0
2023-12-05,1.5746300459847016,1.0901522066448832,-1,-1.0,0.0,5.0,1.4232752398953756,-1.0
2023-12-06,1.5746828848734462,1.0901152802883403,-1,-1.0,0.0,5.0,1.4233232037075045,-1.0
2023-12-07,1.5748197240468618,1.0900196504931905,-1,-1.0,0.0,5.0,1.4234474176825043,-1.0
2023-12-08,1.5742317220541655,1.090430574563437,-1,-1.0,0.0,5.0,1.4229136665424056,-1.0
2023-12-11,1.5725476518308443,1.091607483824535,-1,-1.0,0.0,5.0,1.421384973760971,-1.0
2023-12-12,1.5726059100927934,1.0915667701493723,-1,-1.0,0.0,5.0,1.421437856938446,-1.0
2023-12-13,1.57091913018287,1.0927455730697804,-1,-1.0,0.0,5.0,1.419906704474338,-1.0
2023-12-14,1.5709001623766539,1.0927588286849494,-1,-1.0,0.0,5.0,1.419889486695625,-1.0
2023-12-15,1.5702146116662756,1.093237924490352,-1,-1.0,0.0,5.0,1.419267186979289,-1.0
2023-12-18,1.569313640871015,1.0938675662108912,-1,-1.0,0.0,5.0,1.4184493424904283,-1.0
2023-12-19,1.5695453190755106,1.0937056583398956,-1,-1.0,0.0,5.0,1.4186596453589924,-1.0
2023-12-20,1.5696929969953355,1.0936024539075062,-1,-0.6,1.0,4.0,1.4187936980646856,-1.0
2023-12-21,1.5677637001345073,1.0949507393361495,-1,-0.6,1.0,4.0,1.4169266057743175,-0.6
2023-12-22,1.5670456331849012,1.0954525590532709,-1,-0.6,1.0,4.0,1.4165401435089022,-0.6
2023-12-25,1.565833048430378,1.0962999715944475,-1,-0.6,1.0,4.0,1.415887532702211,-0.6
2023-12-26,1.5648142062679182,1.0970119874949669,-1,0.2,3.0,2.0,1.4153391937897728,-0.6
2023-12-27,1.5635411599040017,1.0974636252403762,1,0.6,4.0,1.0,1.4147628680282687,0.2
2023-12-28,1.564413920873534,1.0980762240271265,1,0.6,4.0,1.0,1.4148211043972725,0.6
2023-12-29,1.564459784664823,1.0981084162353947,1,0.6,4.0,1.0,1.4148456221057395,0.6
2023-12-31,1.5650883883924922,1.0985496388545994,1,0.6,4.0,1.0,1.4151816589335495,0.6
2024-01-02,1.5645892824284628,1.0981993118822695,1,0.6,4.0,1.0,1.4149148485767047,0.6
2024-01-03,1.563551951384305,1.0974711998776159,1,0.6,4.0,1.0,1.4143603156999105,0.6
2024-01-04,1.5650870394574543,1.0985486920249445,1,0.6,4.0,1.0,1.4151809378244768,0.6
2024-01-05,1.5668500975520114,1.099786198383959,1,0.6,4.0,1.0,1.416123427382305,0.6
2024-01-08,1.567132024974936,1.0999840857818426,1,0.6,4.0,1.0,1.4162741391784688,0.6
2024-01-09,1.568980065976882,1.1012812424091187,1,0.6,4.0,1.0,1.4172620586078675,0.6
2024-01-10,1.5686212492567961,1.1010293857209033,1,0.6,4.0,1.0,1.4170702435945681,0.6
2024-01-11,1.568201730460004,1.100734921698215,1,0.6,4.0,1.0,1.4168459786730039,0.6
2024-01-12,1.566645059426248,1.099642280276407,1,0.6,4.0,1.0,1.4160138188032767,0.6
2024-01-15,1.5657979282224364,1.0990476712531012,1,0.6,4.0,1.0,1.4155609623057128,0.6
2024-01-16,1.566046132269413,1.0992218879096112,1,0.6,4.0,1.0,1.4156936463750627,0.6
2024-01-17,1.5670295059120545,1.099912126728067,1,0.6,4.0,1.0,1.4162193348889545,0.6
2024-01-18,1.5680479518656814,1.100626983117551,1,0.6,4.0,1.0,1.4167637722387327,0.6
2024-01-19,1.5686279939319856,1.1010341198691778,1,0.6,4.0,1.0,1.4170738491399308,0.6
2024-01-22,1.5699836736450918,1.1019856836723985,1,0.6,4.0,1.0,1.4177985637578476,0.6
2024-01-23,1.5695236867971625,1.101662814760062,1,0.6,4.0,1.0,1.4175526655641069,0.6
2024-01-24,1.569319997606437,1.1015198434821651,1,0.6,4.0,1.0,1.4174437780941511,0.6
2024-01-25,1.5700592140072154,1.1020387061330754,1,0.6,4.0,1.0,1.4178389458659106,0.6
2024-01-26,1.5705421327507894,1.1023776711495463,1,0.2,3.0,2.0,1.4180971029138847,0.6
2024-01-29,1.5707040049553394,1.10249129070814,1,0.6,4.0,1.0,1.4180717699400425,0.2
2024-01-30,1.5754131371727067,1.1057966730335564,1,0.6,4.0,1.0,1.4187965506074849,0.6
2024-01-31,1.578260739037749,1.1077954304351476,1,0.6,4.0,1.0,1.4203502612844698,0.6
2024-02-01,1.5780867264178577,1.1076732894096595,1,0.6,4.0,1.0,1.4202553163875815,0.6
2024-02-02,1.5777926585795918,1.1074668805448813,1,0.6,4.0,1.0,1.42009486687191,0.6
2024-02-04,1.5800952906893158,1.1090831187658743,1,0.6,4.0,1.0,1.4213512307400358,0.6
2024-02-05,1.5799833290811687,1.1090045319045139,1,0.6,4.0,1.0,1.4212901421629682,0.6
2024-02-06,1.5745875889295018,1.1052172132847295,1,0.6,4.0,1.0,1.41834611435248,0.6
2024-02-07,1.5776658586860277,1.1073778785573163,1,0.6,4.0,1.0,1.4200256822183632,0.6
2024-02-08,1.5770359060233206,1.1069357091084564,1,0.6,4.0,1.0,1.4196819669714889,0.6
2024-02-09,1.5764572128920542,1.1065295191864848,1,0.6,4.0,1.0,1.4193662199888142,0.6
2024-02-18,1.5768241232223676,1.1067870568526301,1,0.6,4.0,1.0,1.4195664138799275,0.6
2024-02-19,1.576946876310818,1.1068732183512302,1,0.6,4.0,1.0,1.419633390512616,0.6
2024-02-20,1.5785736919665456,1.108015094915095,1,0.6,4.0,1.0,1.4205210148974783,0.6
2024-02-21,1.5791550829678878,1.1084231784963767,1,0.6,4.0,1.0,1.4208382338940582,0.6
2024-02-22,1.5800669630535193,1.1090632353431205,1,0.6,4.0,1.0,1.421335774594031,0.6
2024-02-23,1.5822967526711957,1.110628344762746,1,0.6,4.0,1.0,1.422552394086715,0.6
2024-02-26,1.5836632238646053,1.1115874832032064,1,0.6,4.0,1.0,1.423297969129721,0.6
2024-02-27,1.5846277124167159,1.112264466406493,1,0.6,4.0,1.0,1.4238242141008457,0.6
2024-02-28,1.5853399501167358,1.1127643924643043,1,0.6,4.0,1.0,1.42421282577183,0.6
2024-02-29,1.587395727114521,1.1142073608584422,1,0.6,4.0,1.0,1.4253345003676263,0.6
2024-03-01,1.5840355299350704,1.1118488081879716,1,0.6,4.0,1.0,1.4235011070486447,0.6
2024-03-04,1.584817912257062,1.1123979693878403,1,0.6,4.0,1.0,1.4239279910811655,0.6
2024-03-05,1.5868386169438613,1.1138163202109495,1,0.6,4.0,1.0,1.4250305294961934,0.6
2024-03-06,1.5928009098114533,1.118001307285811,1,0.6,4.0,1.0,1.4282836802267826,0.6
2024-03-07,1.5923503655087892,1.1176850661810591,1,0.6,4.0,1.0,1.4280378539046068,0.6
2024-03-08,1.5917757191826365,1.117281716748052,1,0.6,4.0,1.0,1.42772431494279,0.6
2024-03-11,1.5891695766893814,1.1154524418546963,1,0.6,4.0,1.0,1.426302349510324,0.6
2024-03-12,1.5840706022460562,1.1118734257590002,1,0.6,4.0,1.0,1.423520243229413,0.6
2024-03-13,1.584252708476175,1.1120012477624177,1,0.6,4.0,1.0,1.423619604168017,0.6
2024-03-14,1.5838979385612029,1.1117522315631672,1,0.6,4.0,1.0,1.4234260343394773,0.6
2024-03-15,1.5845170997436067,1.1121868263747874,1,0.6,4.0,1.0,1.4237638615307306,0.6
2024-03-18,1.5870638890951934,1.1139744407633254,1,0.6,4.0,1.0,1.4251534426572812,0.6
2024-03-19,1.588219926422688,1.1147858737776144,1,0.6,4.0,1.0,1.4257842006156782,0.6
2024-03-20,1.5875036419175543,1.114283107230838,1,0.6,4.0,1.0,1.4253933809238357,0.6
2024-03-21,1.5874955483073268,1.1142774262529083,1,0.6,4.0,1.0,1.4253889648821203,0.6
2024-03-22,1.5869640679023878,1.1139043753688596,1,0.6,4.0,1.0,1.4250989781427872,0.6
2024-03-25,1.5851956140676788,1.112663081691225,1,0.6,4.0,1.0,1.4241340730278997,0.6
2024-03-26,1.5849042440994887,1.1124585664857567,1,0.6,4.0,1.0,1.4239750955261334,0.6
2024-03-27,1.586504081054458,1.1135815064565227,1,0.6,4.0,1.0,1.424847999771943,0.6
2024-03-28,1.5869033658256813,1.113861768034387,1,0.6,4.0,1.0,1.4250658578299191,0.6
2024-03-29,1.587522527008085,1.114296362846007,1,0.6,4.0,1.0,1.4254036850211727,0.6
2024-04-01,1.5858795241319024,1.1131431243262828,1,0.6,4.0,1.0,1.4245072285528788,0.6
2024-04-02,1.5870652380302313,1.1139753875929803,1,0.6,4.0,1.0,1.4251541786642339,0.6
2024-04-03,1.5888080620992198,1.1151986915071708,1,0.6,4.0,1.0,1.4261050996470215,0.6
2024-04-07,1.5883386327060247,1.1148691947872496,1,0.6,4.0,1.0,1.4258489692275091,0.6
2024-04-08,1.589385406295448,1.1156039345994875,1,0.6,4.0,1.0,1.4264201106227437,0.6
2024-04-09,1.5905819116740803,1.1164437725034249,1,0.6,4.0,1.0,1.4270729487897194,0.6
2024-04-10,1.5893867552304861,1.1156048814291426,1,0.6,4.0,1.0,1.4264208466296964,0.6
2024-04-11,1.5897199421848514,1.1158387483539143,1,0.6,4.0,1.0,1.4266026403469936,0.6
2024-04-12,1.5920697870209022,1.1174881256128302,1,0.6,4.0,1.0,1.4278847644584614,0.6
2024-04-15,1.5935239389917766,1.118508807980862,1,0.6,4.0,1.0,1.428678179953388,0.6
2024-04-16,1.5935374283421557,1.1185182762774115,1,0.6,4.0,1.0,1.4286855400229144,0.6
2024-04-17,1.5945059636993801,1.119198099969663,1,0.6,4.0,1.0,1.429213993014897,0.6
2024-04-18,1.595964162475368,1.1202216228266595,1,0.6,4.0,1.0,1.4300096165306813,0.6
2024-04-19,1.596916510612137,1.1208900845630514,1,0.6,4.0,1.0,1.4305292374392324,0.6
2024-04-22,1.5981764159375513,1.121774423460771,1,0.6,4.0,1.0,1.4312166679329816,0.6
2024-04-23,1.6004089034253035,1.1233414265397066,1,0.6,4.0,1.0,1.432434759439571,0.6
2024-04-24,1.595562179834069,1.1199394675894856,1,0.6,4.0,1.0,1.4297902864588,0.6
2024-04-25,1.5955527372888032,1.1199328397819008,1,0.6,4.0,1.0,1.4297851344101316,0.6
2024-04-26,1.591234796232432,1.1169020380564185,1,0.6,4.0,1.0,1.4274291761547886,0.6
2024-04-28,1.5889443045380494,1.1152943213023203,1,0.6,4.0,1.0,1.4261794363492364,0.6
2024-04-29,1.5851200737055555,1.1126100592305481,1,0.6,4.0,1.0,1.4240928566385527,0.6
2024-04-30,1.590554932973322,1.116424835910326,1,0.6,4.0,1.0,1.427058228650667,0.6
2024-05-06,1.5908233710458672,1.11661325501166,1,0.6,4.0,1.0,1.4272046940342384,0.6
2024-05-07,1.5932393136987761,1.1183090269236684,1,0.6,4.0,1.0,1.428522882486385,0.6
2024-05-08,1.5939906705148958,1.1188364110414735,1,0.6,4.0,1.0,1.4289328383589954,0.6
2024-05-09,1.5921803996940116,1.1175657656445357,1,0.6,4.0,1.0,1.4279451170285766,0.6
2024-05-10,1.591588217212366,1.1171501074260146,1,0.6,4.0,1.0,1.4276220099763755,0.6
2024-05-11,1.5891196660929785,1.1154174091574631,1,0.6,4.0,1.0,1.4262751172530772,0.6
2024-05-13,1.5928022587464912,1.118002254115466,1,0.6,4.0,1.0,1.4282844162337356,0.6
2024-05-14,1.5942672021976687,1.1190305111207373,1,0.6,4.0,1.0,1.4290837197842827,0.6
2024-05-15,1.593615666574355,1.1185731923973985,1,0.6,4.0,1.0,1.4287282284261664,0.6
2024-05-16,1.5921547699282912,1.1175477758810919,1,0.6,4.0,1.0,1.4279311328964766,0.6
2024-05-17,1.5913656429311098,1.1169938805329482,1,0.6,4.0,1.0,1.4275005688291929,0.6
2024-05-20,1.5922910123671208,1.1176434056762414,1,0.6,4.0,1.0,1.4280054695986917,0.6
2024-05-21,1.5914722087991053,1.1170686800756893,1,0.6,4.0,1.0,1.42755871337845,0.6
2024-05-22,1.5921008125267744,1.117509902694894,1,0.6,4.0,1.0,1.4279016926183719,0.6
2024-05-23,1.5937370707277674,1.1186584070663435,1,0.6,4.0,1.0,1.4287944690519025,0.6
2024-05-24,1.5935064028362838,1.1184964991953479,1,0.6,4.0,1.0,1.428668611863004,0.6
2024-05-27,1.5929425479904344,1.1181007243995802,1,0.6,4.0,1.0,1.4283609609568082,0.6
2024-05-28,1.594018998150692,1.1188562944642273,1,0.6,4.0,1.0,1.4289482945050005,0.6
2024-05-29,1.5953031843067889,1.119757676295736,1,0.6,4.0,1.0,1.4296489731238968,0.6
2024-05-30,1.5947811464471149,1.1193912532192718,1,0.6,4.0,1.0,1.429364138433232,0.6
2024-05-31,1.592966828821117,1.1181177673333693,1,0.6,4.0,1.0,1.4283742090819553,0.6
2024-06-03,1.5942618064575171,1.1190267238021177,1,0.6,4.0,1.0,1.4290807757564725,0.6
2024-06-04,1.5949875335079162,1.1195361181564787,1,0.6,4.0,1.0,1.429476747496983,0.6
2024-06-05,1.596237996288065,1.1204138292466135,1,0.6,4.0,1.0,1.4301590259420638,0.6
2024-06-06,1.596791059653611,1.1208020294051413,1,0.6,4.0,1.0,1.4304607887926386,0.6
2024-06-07,1.5968166894193312,1.1208200191685853,1,0.6,4.0,1.0,1.4304747729247385,0.6
2024-06-11,1.5972712805271092,1.1211391007623022,1,0.6,4.0,1.0,1.430722807267772,0.6
2024-06-12,1.5972942124227538,1.1211551968664364,1,0.6,4.0,1.0,1.4307353193859667,0.6
2024-06-13,1.5976759610384843,1.121423149658786,1,0.6,4.0,1.0,1.4309436093535588,0.6
2024-06-14,1.5983396370771394,1.1218889898490194,1,0.6,4.0,1.0,1.4313057247742487,0.6
2024-06-17,1.5982303733390681,1.1218122966469688,1,0.6,4.0,1.0,1.4312461082110863,0.6
2024-06-18,1.5993594319658042,1.1226047930681586,1,0.6,4.0,1.0,1.4318621460304308,0.6
2024-06-19,1.6003954140749244,1.1233319582431573,1,0.6,4.0,1.0,1.4324273993700447,0.6
2024-06-20,1.6012654771743806,1.1239426633705976,1,0.6,4.0,1.0,1.4329021238544861,0.6
2024-06-21,1.5998517932546439,1.1229503858922139,1,0.6,4.0,1.0,1.4321307885681382,0.6
2024-06-24,1.6007366946395174,1.1235715061458587,1,0.6,4.0,1.0,1.4326136091290582,0.6
2024-06-25,1.6026886036393828,1.1249415686565656,1,0.6,4.0,1.0,1.4336786111895023,0.6
2024-06-26,1.6032659478356113,1.1253468117488825,1,0.6,4.0,1.0,1.4339936221652245,0.6
2024-06-27,1.6053851247801785,1.1268342811368026,1,0.6,4.0,1.0,1.4351498890877938,0.6
2024-06-28,1.6063024006059616,1.127478125302166,1,0.6,4.0,1.0,1.4356503738155766,0.6
2024-07-01,1.6023648592302828,1.1247143295393784,1,0.6,4.0,1.0,1.433501969520873,0.6
2024-07-02,1.603462892351147,1.1254850488785044,1,0.6,4.0,1.0,1.4341010791803073,0.6
2024-07-03,1.6052353929909697,1.1267291830451036,1,0.6,4.0,1.0,1.4350681923160526,0.6
2024-07-04,1.6054660608824534,1.1268910909160996,1,0.6,4.0,1.0,1.4351940495049509,0.6
2024-07-05,1.6033819562488718,1.1254282390992076,1,0.6,4.0,1.0,1.43405691876315,0.6
2024-07-08,1.5991638363853065,1.1224675027681916,1,0.6,4.0,1.0,1.4317554250223008,0.6
2024-07-09,1.6018171916048884,1.1243299166994702,1,0.6,4.0,1.0,1.4332031506981084,0.6
2024-07-10,1.6020586509766757,1.1244993992077057,1,0.6,4.0,1.0,1.4333348959426278,0.6
2024-07-11,1.6024646804230884,1.1247843949338445,1,0.6,4.0,1.0,1.4335564340353666,0.6
2024-07-12,1.6038095686558915,1.1257283840998258,1,0.6,4.0,1.0,1.4342902329671312,0.6
2024-07-15,1.6045541807968218,1.126251034069356,1,0.2,3.0,2.0,1.4346965088049786,0.6
2024-07-16,1.6049602102432345,1.1265360297954947,1,0.2,3.0,2.0,1.434802191171847,0.2
2024-07-17,1.6053041886779034,1.1267774713575058,1,0.2,3.0,2.0,1.434865720735327,0.2
2024-07-18,1.6043896107221958,1.1261355208514525,1,0.2,3.0,2.0,1.4346968068371324,0.2
2024-07-19,1.6047362870269404,1.1263788560727737,1,0.2,3.0,2.0,1.434760834671699,0.2
2024-07-22,1.608107275686694,1.1287449833804837,1,0.2,3.0,2.0,1.4353834243938057,0.2
2024-07-23,1.6107080224397976,1.1305704709552198,1,0.2,3.0,2.0,1.4358637577208255,0.2
2024-07-24,1.6114877068917135,1.1311177384957787,1,0.2,3.0,2.0,1.436007758064714,0.2
2024-07-25,1.6125290847409852,1.1318486909893968,1,0.2,3.0,2.0,1.4362000907039563,0.2
2024-07-26,1.6144688533255096,1.1332102320332094,1,0.2,3.0,2.0,1.4365583476148767,0.2
2024-07-29,1.615967520152635,1.1342621597798543,1,0.2,3.0,2.0,1.4368351372032162,0.2
2024-07-30,1.6173865998125232,1.1352582245768574,1,0.2,3.0,2.0,1.4370972277945155,0.2
2024-07-31,1.6193196237218581,1.1366150314723955,1,0.2,3.0,2.0,1.4374542390277205,0.2
2024-08-01,1.6213875411349843,1.1380665213334276,1,0.2,3.0,2.0,1.4378361638152313,0.2
2024-08-02,1.6221483404963695,1.1386005332588172,1,0.2,3.0,2.0,1.4379766762615174,0.2
2024-08-05,1.6227648038086973,1.1390332344111276,1,0.2,3.0,2.0,1.4380905312046957,0.2
2024-08-06,1.6218745066836722,1.1384083268388632,1,0.6,4.0,1.0,1.4379261017462759,0.2
2024-08-07,1.6231384588142002,1.1392955062255476,1,0.6,4.0,1.0,1.4380437323572761,0.6
2024-08-08,1.6183200628587617,1.1359134306980805,1,0.6,4.0,1.0,1.4354348802417711,0.6
2024-08-09,1.6152323505569703,1.1337461376179085,1,0.6,4.0,1.0,1.433763082231583,0.6
2024-08-12,1.6076000761124376,1.128388975430224,1,0.6,4.0,1.0,1.4296306955379863,0.6
2024-08-13,1.6093361555062362,1.1296075451961396,1,0.6,4.0,1.0,1.4305706710902413,0.6
2024-08-14,1.6138523900131814,1.132777530880899,1,0.6,4.0,1.0,1.4330159221772263,0.6
2024-08-15,1.6128959950712987,1.1321062286555423,1,0.6,4.0,1.0,1.4324980957074915,0.6
2024-08-16,1.6134922243580578,1.1325247273630283,1,0.6,4.0,1.0,1.4328209155941245,0.6
2024-08-19,1.614525508597102,1.1332499988787172,1,0.6,4.0,1.0,1.433380372682724,0.6
2024-08-20,1.6151514144546952,1.133689327838612,1,0.6,4.0,1.0,1.4337192605275153,0.6
2024-08-21,1.614510670311685,1.1332395837525124,1,0.6,4.0,1.0,1.4333723387036446,0.6
2024-08-22,1.6165070941678017,1.134640891641833,1,0.6,4.0,1.0,1.4344532740706515,0.6
2024-08-23,1.6167566471498163,1.1348160551279978,1,0.6,4.0,1.0,1.4345883909915274,0.6
2024-08-26,1.616952242730314,1.134953345427965,1,0.6,4.0,1.0,1.4346942934430245,0.6
2024-08-27,1.613391054230214,1.1324537151389074,1,0.6,4.0,1.0,1.4327661384640398,0.6
2024-08-28,1.6141235259558027,1.1329678436415431,1,0.6,4.0,1.0,1.4331627248858536,0.6
2024-08-29,1.6144216405991825,1.1331770929952862,1,0.6,4.0,1.0,1.43332413482917,0.6
2024-08-30,1.6131927607796404,1.1323145311796305,1,0.6,4.0,1.0,1.4326587752890736,0.6
2024-09-02,1.616740459929361,1.1348046931721383,1,0.6,4.0,1.0,1.4345796266507136,0.6
2024-09-03,1.6178250036998463,1.135565944214715,1,0.6,4.0,1.0,1.4351668374852227,0.6
2024-09-04,1.6191307728165496,1.1364824753207028,1,0.6,4.0,1.0,1.4358738276441836,0.6
2024-09-05,1.6206429289940543,1.1375438713638975,1,0.6,4.0,1.0,1.4366925631485177,0.6
2024-09-06,1.6198767338925175,1.137006072119888,1,0.6,4.0,1.0,1.4362777176833423,0.6
2024-09-09,1.6212027370347897,1.1379368056706998,1,0.6,4.0,1.0,1.4369956632683203,0.6
2024-09-10,1.6230588716469632,1.1392396432759055,1,0.6,4.0,1.0,1.4380006410149426,0.6
2024-09-11,1.6251793975265683,1.140728059493481,1,0.6,4.0,1.0,1.43914876966152,0.6
2024-09-12,1.6254127632881277,1.1408918610237866,1,0.6,4.0,1.0,1.4392751222415825,0.6
2024-09-13,1.6279595526397146,1.1426794754123246,1,0.6,4.0,1.0,1.4406540451962502,0.6
2024-09-14,1.6306358397549414,1.1445579854477377,1,1.0,5.0,0.0,1.4421030828774266,0.6
2024-09-18,1.630691146091496,1.1445968054635904,1,1.0,5.0,0.0,1.4420212063834683,1.0
2024-09-19,1.6308503204259701,1.144708531362874,1,1.0,5.0,0.0,1.442161964347583,1.0
2024-09-20,1.6300139807024618,1.1441214969768077,1,1.0,5.0,0.0,1.4414223886039292,1.0
2024-09-23,1.6308004098295672,1.144673498665641,1,1.0,5.0,0.0,1.442117828375784,1.0
2024-09-24,1.6266969494442245,1.1417932428552953,1,1.0,5.0,0.0,1.438489135775471,1.0
2024-09-25,1.6307302652075955,1.1446242635235837,1,1.0,5.0,0.0,1.4420557994424457,1.0
2024-09-26,1.6266807622237696,1.141781880899436,1,1.0,5.0,0.0,1.438474821406239,1.0
2024-09-27,1.6138308070525749,1.1327623816064198,1,1.0,5.0,0.0,1.4271115979642324,1.0
2024-09-29,1.6040078621064653,1.1258675680591026,1,1.0,5.0,0.0,1.4184251615686105,1.0
2024-09-30,1.6124306124832175,1.131779572424586,1,1.0,5.0,0.0,1.4258734050256638,1.0
2024-10-08,1.6089382196700508,1.1293282304479304,1,0.6,4.0,1.0,1.4227850798638588,1.0
2024-10-09,1.6103734865503945,1.130335657200793,1,0.6,4.0,1.0,1.4239347576666024,0.6
2024-10-10,1.6155709332514876,1.1339837918613003,1,0.6,4.0,1.0,1.4266019666107266,0.6
2024-10-11,1.6167472046045508,1.1348094273204132,1,0.6,4.0,1.0,1.427205601751987,0.6
2024-10-12,1.616666268502276,1.1347526175411164,1,0.6,4.0,1.0,1.4271640672239185,0.6
2024-10-14,1.6166784089176172,1.134761139008011,1,0.6,4.0,1.0,1.4271702974031288,0.6
2024-10-15,1.6175956847434003,1.1354049831733741,1,0.6,4.0,1.0,1.4276410220545706,0.6
2024-10-16,1.6185669179707005,1.1360867005249353,1,0.6,4.0,1.0,1.428139436391391,0.6
2024-10-17,1.6199077593983897,1.1370278492019519,1,0.6,4.0,1.0,1.428827525073057,0.6
2024-10-18,1.6202827633389305,1.1372910678460266,1,0.6,4.0,1.0,1.4290199683864406,0.6
2024-10-21,1.6190201601434404,1.1364048352889973,1,0.6,4.0,1.0,1.4283720297485738,0.6
2024-10-22,1.616632545126328,1.1347289467997428,1,0.6,4.0,1.0,1.4271467611705568,0.6
2024-10-23,1.6148276700455952,1.1334620887214248,1,0.6,4.0,1.0,1.4262205411946318,0.6
2024-10-24,1.6150394528465484,1.1336107409772513,1,0.6,4.0,1.0,1.4263292232097444,0.6
2024-10-25,1.6141019429951962,1.132952694367064,1,1.0,5.0,0.0,1.4258481149262854,0.6
2024-10-28,1.6136729816531385,1.132651602536791,1,1.0,5.0,0.0,1.4255085001273093,1.0
2024-10-29,1.6139953771272009,1.1328778948243234,1,1.0,5.0,0.0,1.425793302248869,1.0
2024-10-30,1.6143177726012627,1.1331041871118552,1,1.0,5.0,0.0,1.426078104370428,1.0
2024-10-31,1.6149854954450316,1.1335728677910537,1,1.0,5.0,0.0,1.426667966505039,1.0
2024-11-01,1.6167890215907263,1.1348387790397165,1,1.0,5.0,0.0,1.428261190088826,1.0
2024-11-04,1.6176644804303342,1.1354532714857763,1,1.0,5.0,0.0,1.4290345648875378,1.0
2024-11-05,1.6185628711655868,1.1360838600359706,1,1.0,5.0,0.0,1.4298281975777416,1.0
2024-11-06,1.6195003810169388,1.136741906646158,1,1.0,5.0,0.0,1.4306563878475482,1.0
2024-11-07,1.619919899813731,1.1370363706688464,1,1.0,5.0,0.0,1.4310269880977786,1.0
2024-11-08,1.6210071414542917,1.1377995153707328,1,1.0,5.0,0.0,1.431987450482619,1.0
2024-11-11,1.6216155111563924,1.1382265355451133,1,1.0,5.0,0.0,1.432524880427487,1.0
2024-11-12,1.6237535731914903,1.139727260548203,1,1.0,5.0,0.0,1.4344136308989173,1.0
2024-11-13,1.6241204835218035,1.1399847982143483,1,1.0,5.0,0.0,1.4347377571627842,1.0
2024-11-14,1.6238817220200923,1.1398172093654226,1,1.0,5.0,0.0,1.4345268367631356,1.0
2024-11-15,1.6244132024250315,1.1401902602494716,1,1.0,5.0,0.0,1.4349963431894721,1.0
2024-11-18,1.6226609358107777,1.1389603285276968,1,1.0,5.0,0.0,1.4334484019513725,1.0
2024-11-19,1.6230804546075697,1.1392547925503849,1,1.0,5.0,0.0,1.4338190022016026,1.0
2024-11-20,1.6235903520519024,1.1396126941599545,1,1.0,5.0,0.0,1.4342694423771234,1.0
2024-11-21,1.6249284956095156,1.1405519491776608,1,1.0,5.0,0.0,1.435451549927697,1.0
2024-11-22,1.6258754480061333,1.1412166235954329,1,1.0,5.0,0.0,1.4362880816822359,1.0
2024-11-25,1.6271353533315474,1.1421009624931526,1,1.0,5.0,0.0,1.4374010740736023,1.0
2024-11-26,1.6282684587633975,1.1428962994033074,1,1.0,5.0,0.0,1.4384020522414265,1.0
2024-11-27,1.6286299733535592,1.143150049750833,1,1.0,5.0,0.0,1.4387214119425895,1.0
2024-11-28,1.629570181074987,1.1438099900203302,1,1.0,5.0,0.0,1.4395519854937482,1.0
2024-11-29,1.6314721794784497,1.1451450198338042,1,1.0,5.0,0.0,1.441232198846882,1.0
2024-12-02,1.6363067626543433,1.148538457317131,1,1.0,5.0,0.0,1.4455030390295989,1.0
2024-12-03,1.6361017245285798,1.148394539209579,1,1.0,5.0,0.0,1.4453219096468497,1.0
2024-12-04,1.638790152059148,1.1502815707118865,1,1.0,5.0,0.0,1.4476968495140805,1.0
2024-12-05,1.6395846747964808,1.1508392533786496,1,1.0,5.0,0.0,1.4483987258722333,1.0
2024-12-06,1.640079733955396,1.1511867398620148,1,1.0,5.0,0.0,1.4488360580003186,1.0
2024-12-09,1.6434979353414771,1.1535860062076482,1,1.0,5.0,0.0,1.4518556754732548,1.0
2024-12-10,1.6514323712345034,1.1591552582380407,1,1.0,5.0,0.0,1.4588649059293766,1.0
2024-12-11,1.6538591053677154,1.1608586047872886,1,1.0,5.0,0.0,1.4610086675054668,1.0
2024-12-12,1.6554764784781777,1.161993853543569,1,1.0,5.0,0.0,1.4624374446759685,1.0
2024-12-13,1.6604945168192278,1.1655160598599683,1,1.0,5.0,0.0,1.4668703479906187,1.0
2024-12-16,1.6655570700165292,1.1690695115549807,1,1.0,5.0,0.0,1.4713425754475764,1.0
2024-12-17,1.6643268412619492,1.1682060029096701,1,1.0,5.0,0.0,1.4702557991510814,1.0
2024-12-18,1.6626878851908804,1.1670556048789105,1,1.0,5.0,0.0,1.4688079557297642,1.0
2024-12-19,1.6624909406753445,1.1669173677492886,1,1.0,5.0,0.0,1.468633976191071,1.0
2024-12-20,1.6680957657578885,1.1708514449655893,1,1.0,5.0,0.0,1.473585243199773,1.0
2024-12-23,1.667572378963177,1.1704840750594703,1,1.0,5.0,0.0,1.4731228866174924,1.0
2024-12-24,1.6649878194305285,1.1686699494405937,1,1.0,5.0,0.0,1.4708397030823124,1.0
2024-12-25,1.6627998467990275,1.1671341917402713,1,1.0,5.0,0.0,1.4689068619058705,1.0
2024-12-26,1.6644576879606272,1.1682978453861999,1,1.0,5.0,0.0,1.4703713882966518,1.0
2024-12-27,1.667507630081357,1.170438627236033,1,1.0,5.0,0.0,1.4730656878650454,1.0
2024-12-30,1.6662005120296155,1.16952114930039,1,1.0,5.0,0.0,1.4719109880500194,1.0
2024-12-31,1.6697023473880475,1.17197911908463,1,1.0,5.0,0.0,1.4750044872448667,1.0
2025-01-02,1.6769272434511293,1.177050338716521,1,1.0,5.0,0.0,1.4813869147054226,1.0
2025-01-03,1.6789263651773219,1.1784535402651513,1,1.0,5.0,0.0,1.4831529261872265,1.0
2025-01-06,1.6797303304599203,1.1790178507394988,1,1.0,5.0,0.0,1.4838631440301113,1.0
2025-01-07,1.6787402121420893,1.1783228777727686,1,1.0,5.0,0.0,1.482988479773941,1.0
2025-01-08,1.678841382269933,1.1783938899968895,1,1.0,5.0,0.0,1.4830778528246398,1.0
2025-01-09,1.6748350452073206,1.1755818059216998,1,1.0,5.0,0.0,1.4795386800169754,1.0
2025-01-10,1.6759007038872746,1.176329801349107,1,1.0,5.0,0.0,1.4804800761510006,1.0
2025-01-13,1.67309357007337,1.1743594488371645,1,1.0,5.0,0.0,1.4780002719042833,1.0
2025-01-14,1.6751533938762688,1.1758052577202671,1,1.0,5.0,0.0,1.479819907216507,1.0
2025-01-15,1.676641269223091,1.1768496108296724,1,0.2,3.0,2.0,1.4811342868821145,1.0
2025-01-16,1.6752410746537334,1.1758668016478384,1,-0.2,2.0,3.0,1.479655501835766,0.2
2025-01-17,1.673063605967093,1.174808246093609,-1,-0.2,2.0,3.0,1.479286769160065,-0.2
2025-01-20,1.6748353977484314,1.1735641119270097,-1,-0.6,1.0,4.0,1.4796630993534567,-0.2
2025-01-21,1.6729665214859237,1.174876417828765,-1,-0.6,1.0,4.0,1.4791519626023344,-0.6
2025-01-22,1.672722461887429,1.17504779399631,-1,-1.0,0.0,5.0,1.4790168442467349,-0.6
2025-01-23,1.6741382772378135,1.174053622858617,-1,-1.0,0.0,5.0,1.4796904072761086,-1.0
2025-01-24,1.6752547487712597,1.1732696479043216,-1,-1.0,0.0,5.0,1.4806766911633475,-1.0
2025-01-26,1.6744591953839008,1.1738282774007396,-1,-1.0,0.0,5.0,1.479973904335484,-1.0
2025-01-27,1.6717340879333034,1.1757418201333856,-1,-1.0,0.0,5.0,1.4775665616590226,-1.0
2025-02-05,1.670600087257424,1.1765381038731952,-1,-1.0,0.0,5.0,1.4765647926382879,-1.0
2025-02-06,1.6688013275646498,1.1778011746328931,-1,-1.0,0.0,5.0,1.4749757797088472,-1.0
2025-02-07,1.668288937247368,1.1781609699017728,-1,-1.0,0.0,5.0,1.4745231373451386,-1.0
2025-02-08,1.6689145927926805,1.177721640941878,-1,-1.0,0.0,5.0,1.475075837494509,-1.0
2025-02-10,1.671192032913442,1.176122445654674,-1,-1.0,0.0,5.0,1.477087713684783,-1.0
2025-02-11,1.6712675430654624,1.1760694231939968,-1,-1.0,0.0,5.0,1.4771544188752244,-1.0
2025-02-12,1.6713646275466316,1.176001251458841,-1,-1.0,0.0,5.0,1.477240182691506,-1.0
2025-02-13,1.6720617480572495,1.1755117405272337,-1,-1.0,0.0,5.0,1.477856014538973,-1.0
2025-02-14,1.6743742464628775,1.1738879276690013,-1,-1.0,0.0,5.0,1.4798988609962376,-1.0
2025-02-17,1.6783317874660952,1.1711089826317347,-1,-1.0,0.0,5.0,1.4833949276738303,-1.0
2025-02-18,1.6810110494672514,1.1692276321073567,-1,-1.0,0.0,5.0,1.485761770770381,-1.0
2025-02-19,1.680113018016436,1.169858220657551,-1,-1.0,0.0,5.0,1.4849684554697755,-1.0
2025-02-20,1.68236214183019,1.168278908793101,-1,-1.0,0.0,5.0,1.4869553172136343,-1.0
2025-02-21,1.6865947555300536,1.1653068105062252,-1,-1.0,0.0,5.0,1.4906943813706914,-1.0
2025-02-24,1.6916997811648686,1.1617221134325995,-1,-1.0,0.0,5.0,1.495204128710169,-1.0
2025-02-25,1.689391327945956,1.1633430858018672,-1,-1.0,0.0,5.0,1.4931648557452495,-1.0
2025-02-26,1.687993041738005,1.1643249481540463,-1,-1.0,0.0,5.0,1.4919296185579705,-1.0
2025-02-27,1.69124267506603,1.1620430886856263,-1,-1.0,0.0,5.0,1.4948003240751757,-1.0
2025-02-28,1.688727917324633,1.1638089259921005,-1,-1.0,0.0,5.0,1.492578803000658,-1.0
2025-03-03,1.6862954117131153,1.1655170066896234,-1,-1.0,0.0,5.0,1.4904299429371561,-1.0
2025-03-04,1.6858962866238638,1.1657972682674873,-1,-1.0,0.0,5.0,1.4900773583591096,-1.0
2025-03-05,1.6857924601648357,1.165870174150918,-1,-1.0,0.0,5.0,1.4899856387222525,-1.0
2025-03-06,1.689754046354769,1.1630883886246866,-1,-1.0,0.0,5.0,1.4934852788921904,-1.0
2025-03-07,1.6969032396764245,1.1580682977941628,-1,-1.0,0.0,5.0,1.4998008310300428,-1.0
2025-03-10,1.6986669410843322,1.1568298446054934,-1,-1.0,0.0,5.0,1.501358873692493,-1.0
2025-03-11,1.7068341730626932,1.151094897385485,-1,-1.0,0.0,5.0,1.5085737547371878,-1.0
2025-03-12,1.702314351106037,1.1542686703888643,-1,-1.0,0.0,5.0,1.50458097262363,-1.0
2025-03-13,1.7034348678261986,1.153481854945604,-1,-1.0,0.0,5.0,1.5055708300032145,-1.0
2025-03-14,1.702485597343655,1.1541484230226862,-1,-1.0,0.0,5.0,1.5047322504662382,-1.0
2025-03-17,1.7094015182313904,1.149292133722468,-1,-0.6,1.0,4.0,1.5108417312121913,-1.0
2025-03-18,1.7083066210270932,1.1500609594022841,-1,-0.6,1.0,4.0,1.509756427923682,-0.6
2025-03-19,1.7080072772101547,1.1502711555856822,-1,-0.6,1.0,4.0,1.509599894860027,-0.6
2025-03-20,1.7027525796668703,1.153960950751007,-1,-0.6,1.0,4.0,1.5068521049993842,-0.6
2025-03-21,1.7030802397908165,1.1537308711448548,-1,-0.6,1.0,4.0,1.5070234452447362,-0.6
2025-03-24,1.703464532528778,1.1534610246931953,-1,-0.6,1.0,4.0,1.5072243998534822,-0.6
2025-03-25,1.7004306424922397,1.155591391416824,-1,-0.6,1.0,4.0,1.5056379161002242,-0.6
2025-03-26,1.6981181440866118,1.1572152042750563,-1,-0.2,2.0,3.0,1.5044286629282966,-0.6
2025-03-27,1.698371642454109,1.1570372002999265,-1,-0.2,2.0,3.0,1.5044375351875758,-0.2
2025-03-28,1.6987087413470578,1.15680049288619,-1,-0.2,2.0,3.0,1.5044872910522311,-0.2
2025-03-31,1.6991577570724656,1.156485198611093,-1,-0.2,2.0,3.0,1.504553565863952,-0.2
2025-04-01,1.698746496423068,1.1567739816558515,-1,-0.2,2.0,3.0,1.5044928637090724,-0.2
2025-04-02,1.696756264559099,1.1581715022265517,-1,-0.2,2.0,3.0,1.504199105084147,-0.2
2025-04-03,1.6871368105499152,1.164926184984937,-1,-0.2,2.0,3.0,1.502779271730341,-0.2
2025-04-07,1.6782845936210824,1.1711421216696578,-1,-0.2,2.0,3.0,1.5014726827244904,-0.2
2025-04-08,1.6821976375704308,1.1683944220110043,-1,-0.2,2.0,3.0,1.5020502488014102,-0.2
2025-04-09,1.6807602478908976,1.169403742423177,-1,-0.2,2.0,3.0,1.5018380897945196,-0.2
2025-04-10,1.68136298071149,1.168980509567416,-1,-0.2,2.0,3.0,1.5019270532805233,-0.2
2025-04-11,1.6804056198555155,1.1696527586224277,-1,-0.2,2.0,3.0,1.501785746624902,-0.2
2025-04-14,1.6820236945416693,1.1685165630364924,-1,-0.2,2.0,3.0,1.5020245747752479,-0.2
2025-04-15,1.6811499342111464,1.1691301086528973,-1,-0.2,2.0,3.0,1.501895607574061,-0.2
2025-04-16,1.6787673192357848,1.1708031566531871,-1,-0.2,2.0,3.0,1.501543933122677,-0.2
2025-04-17,1.6792163349611926,1.17048786237809,-1,-0.2,2.0,3.0,1.5016102079343978,-0.2
2025-04-18,1.6796114148637284,1.170210441289191,-1,-0.2,2.0,3.0,1.5016685218077739,-0.2
2025-04-21,1.6810946499927026,1.1691689286687503,-1,-0.2,2.0,3.0,1.501887447612258,-0.2
2025-04-22,1.6805310206436925,1.1695647034645176,-1,-0.2,2.0,3.0,1.501804255806554,-0.2
2025-04-23,1.6822448314154437,1.1683612829730812,-1,-0.2,2.0,3.0,1.502057214622462,-0.2
2025-04-24,1.6820075137948078,1.168527924992352,-1,-0.2,2.0,3.0,1.5020221864937444,-0.2
2025-04-25,1.6821248242095541,1.1684455508123714,-1,0.2,3.0,2.0,1.5020395015346444,-0.2
2025-04-27,1.6816027077028177,1.1683423463799825,1,0.6,4.0,1.0,1.501936104360478,0.2
2025-04-28,1.6828196685067862,1.169187865261849,1,0.6,4.0,1.0,1.5020968715553562,0.6
2025-04-29,1.6852385995561079,1.1708684878993783,1,0.6,4.0,1.0,1.5034636399810462,0.6
2025-04-30,1.6857714457759867,1.1712386982944623,1,0.6,4.0,1.0,1.5037647140398882,0.6
2025-05-06,1.685978588040492,1.1713826164020142,1,0.6,4.0,1.0,1.50388175561775,0.6
2025-05-07,1.6852958362344581,1.1709082547448861,1,0.6,4.0,1.0,1.5034959804170343,0.6
2025-05-08,1.685978588040492,1.1713826164020142,1,0.6,4.0,1.0,1.50388175561775,0.6
2025-05-09,1.6867308415273796,1.1719052663715444,1,0.6,4.0,1.0,1.5043068013478802,0.6
2025-05-12,1.6801949579710154,1.1673642713464232,1,0.6,4.0,1.0,1.5006138315621853,0.6
2025-05-13,1.6815400199122439,1.1682987922158548,1,0.6,4.0,1.0,1.5013738318079068,0.6
2025-05-14,1.6811965998421428,1.1680601911428083,1,0.6,4.0,1.0,1.5011797891919778,0.6
2025-05-15,1.6804279930185837,1.1675261792174187,1,0.6,4.0,1.0,1.50074550333728,0.6
2025-05-16,1.6791020099701386,1.1666049139631565,1,0.6,4.0,1.0,1.4999962832368878,0.6
2025-05-19,1.6806433119514248,1.1676757783029001,1,0.6,4.0,1.0,1.5008671649774257,0.6
2025-05-20,1.6816040704808737,1.1683432932096374,1,0.6,4.0,1.0,1.5014100222957985,0.6
2025-05-21,1.6810208014729247,1.1679380501173204,1,0.6,4.0,1.0,1.5010804578528716,0.6
2025-05-22,1.6806746558467118,1.167697555384964,1,0.6,4.0,1.0,1.5008848752161812,0.6
2025-05-23,1.6800259734920768,1.1672468644692098,1,0.6,4.0,1.0,1.5005183502749821,0.6
2025-05-26,1.6811052937123938,1.167996753555927,1,1.0,5.0,0.0,1.501128198496473,0.6
2025-05-27,1.6805056713677733,1.1675801485077508,1,1.0,5.0,0.0,1.5006791652940978,1.0
2025-05-28,1.6796539350828008,1.1669883799734093,1,1.0,5.0,0.0,1.4999185710759644,1.0
2025-05-29,1.6774176162929773,1.165434632509643,1,1.0,5.0,0.0,1.4979215548968328,1.0
2025-05-30,1.6800341501604126,1.1672525454471396,1,1.0,5.0,0.0,1.5002581003349391,1.0
2025-06-03,1.6799619229234468,1.1672023634754272,1,1.0,5.0,0.0,1.500193601945241,1.0
2025-06-04,1.6802889896568762,1.1674296025926143,1,1.0,5.0,0.0,1.5004856701250044,1.0
2025-06-05,1.6808013942059157,1.1677856105428739,1,1.0,5.0,0.0,1.5009432436066337,1.0
2025-06-06,1.682207781159662,1.1687627387467783,1,1.0,5.0,0.0,1.502199136779616,1.0
2025-06-09,1.6832107858088456,1.1694596053728188,1,1.0,5.0,0.0,1.50309481253089,1.0
2025-06-10,1.6832680224871956,1.1694993722183264,1,1.0,5.0,0.0,1.5031459244623484,1.0
2025-06-11,1.6839235187321104,1.1699547972823554,1,1.0,5.0,0.0,1.5037312777726242,1.0
2025-06-12,1.6839276070662783,1.1699576377713203,1,1.0,5.0,0.0,1.5037349286248713,1.0
2025-06-13,1.6837068370212136,1.1698042513672189,1,1.0,5.0,0.0,1.5035377826035312,1.0
2025-06-16,1.6839548626273977,1.1699765743644193,1,1.0,5.0,0.0,1.5037592676398517,1.0
2025-06-17,1.6843977654955833,1.1702842940022766,1,1.0,5.0,0.0,1.5041547766332812,1.0
2025-06-18,1.6850028389524276,1.1707046863690729,1,1.0,5.0,0.0,1.5046951027658433,1.0
2025-06-19,1.6855057040550754,1.171054066511748,1,1.0,5.0,0.0,1.5051441575922295,1.0
2025-06-20,1.6855043412770192,1.1710531196820928,1,1.0,5.0,0.0,1.5051429406414802,1.0
2025-06-23,1.685545224618698,1.1710815245717412,1,1.0,5.0,0.0,1.505179449163951,1.0
2025-06-24,1.6844768066228286,1.1703392101222634,1,1.0,5.0,0.0,1.504225359776724,1.0
2025-06-25,1.6836523258989753,1.1697663781810212,1,1.0,5.0,0.0,1.5034891045735705,1.0
2025-06-26,1.683048615220187,1.1693469326438801,1,1.0,5.0,0.0,1.5029499953917576,1.0
2025-06-27,1.6836468747867515,1.1697625908624012,1,1.0,5.0,0.0,1.5034842367705743,1.0
2025-06-30,1.6830676941129703,1.1693601882590494,1,1.0,5.0,0.0,1.5029670327022437,1.0
2025-07-01,1.6838540170512568,1.1699065089699532,1,1.0,5.0,0.0,1.5036692132844247,1.0
2025-07-02,1.6856201774117756,1.1711336002027632,1,1.0,5.0,0.0,1.5052463814551464,1.0
2025-07-03,1.6860521780555136,1.1714337452033812,1,1.0,5.0,0.0,1.505632154842584,1.0
2025-07-04,1.6861652886341578,1.1715123320647418,1,1.0,5.0,0.0,1.505733161754752,1.0
2025-07-07,1.686286575881138,1.1715965999040319,1,1.0,5.0,0.0,1.5058414703714142,1.0
2025-07-08,1.685321729017521,1.1709262445083302,1,1.0,5.0,0.0,1.5049798692411125,1.0
2025-07-09,1.6850900567480087,1.1707652834669893,1,1.0,5.0,0.0,1.50477298761378,1.0
2025-07-10,1.6840584337596503,1.1700485334181951,1,1.0,5.0,0.0,1.5038517558967768,1.0
2025-07-11,1.6824489928755664,1.168930327595704,1,1.0,5.0,0.0,1.5024145370621915,1.0
2025-07-14,1.681407830440816,1.168206949739325,1,1.0,5.0,0.0,1.501484786689945,1.0
2025-07-15,1.6832257763674612,1.1694700204990232,1,1.0,5.0,0.0,1.5031081989891293,1.0
2025-07-16,1.6836373353403598,1.1697559630548167,1,1.0,5.0,0.0,1.5034757181153313,1.0
2025-07-17,1.683537852542275,1.1696868444900057,1,1.0,5.0,0.0,1.5033868807106532,1.0
2025-07-18,1.6828387473995696,1.1692011208770186,1,1.0,5.0,0.0,1.5027625849764097,1.0
2025-07-21,1.6812742781913323,1.1681141604331404,1,1.0,5.0,0.0,1.5013655255165417,1.0
2025-07-22,1.6804034630135765,1.1675091362836296,1,1.0,5.0,0.0,1.5005878939879218,1.0
2025-07-23,1.6770523917739812,1.1651808821621175,1,1.0,5.0,0.0,1.497595412096097,1.0
2025-07-24,1.674288677876503,1.163260711621887,1,1.0,5.0,0.0,1.4951274359770972,1.0
2025-07-25,1.6736999577563298,1.16285168121095,1,1.0,5.0,0.0,1.4946017132535228,1.0
2025-07-28,1.675392528101827,1.1640276436423933,1,1.0,5.0,0.0,1.496113166083798,1.0
2025-07-29,1.6723630724834373,1.1619228413194482,1,1.0,5.0,0.0,1.4934078845687406,1.0
2025-07-30,1.674652539617443,1.1635135151397573,1,1.0,5.0,0.0,1.4954523618270836,1.0
2025-07-31,1.6768507006216997,1.1650407513731853,1,1.0,5.0,0.0,1.4974153033852429,1.0
2025-08-01,1.6770046945420227,1.1651477431241943,1,1.0,5.0,0.0,1.4975528188198814,1.0
2025-08-04,1.6782570875754461,1.1660178795770897,1,1.0,5.0,0.0,1.4986711965582251,1.0
2025-08-05,1.6775620707669086,1.1655349964530672,1,1.0,5.0,0.0,1.498050551676228,1.0
2025-08-06,1.678417895386049,1.1661296054763735,1,1.0,5.0,0.0,1.4988147967466088,1.0
2025-08-07,1.6794863133819184,1.1668719199258513,1,1.0,5.0,0.0,1.4997688861338356,1.0
2025-08-08,1.6796130517411223,1.166959975083761,1,1.0,5.0,0.0,1.4998820625534939,1.0
2025-08-11,1.6776015913305315,1.1655624545130607,1,1.0,5.0,0.0,1.4980858432479498,1.0
2025-08-12,1.6754742947851842,1.16408445342169,1,1.0,5.0,0.0,1.4961861831287389,1.0
2025-08-13,1.6756855253838574,1.1642312120182066,1,1.0,5.0,0.0,1.496374810494836,1.0
2025-08-14,1.67504774525367,1.1637880957396918,1,1.0,5.0,0.0,1.4958052775442974,1.0
2025-08-15,1.6740174850433676,1.1630722925205526,1,1.0,5.0,0.0,1.4948852627780431,1.0
2025-08-18,1.6689343228946523,1.1595406179076038,1,1.0,5.0,0.0,1.4903460364842216,1.0
2025-08-19,1.668912518445757,1.159525468633125,1,1.0,5.0,0.0,1.4903265652722375,1.0
2025-08-20,1.6689166067799248,1.1595283091220896,1,1.0,5.0,0.0,1.4903302161244845,1.0
2025-08-21,1.6687735150840495,1.1594288920083202,1,1.0,5.0,0.0,1.4902024362958382,1.0
2025-08-22,1.668502322250914,1.159240472906986,1,1.0,5.0,0.0,1.4899602630967845,1.0
2025-08-25,1.669623888590966,1.1600197137130066,1,1.0,5.0,0.0,1.4909618135632225,1.0
2025-08-26,1.6700041036685775,1.1602838791867365,1,1.0,5.0,0.0,1.4913013428221977,1.0
2025-08-27,1.6698923558679892,1.160206239155031,1,1.0,5.0,0.0,1.4912015528607783,1.0
2025-08-28,1.6677827754373695,1.1587405468491745,1,1.0,5.0,0.0,1.4893177131013053,1.0
2025-08-29,1.667432541476989,1.1584972116278534,1,1.0,5.0,0.0,1.4890049567588086,1.0
2025-09-01,1.6682243155274992,1.159047319657377,1,1.0,5.0,0.0,1.4897120051439856,1.0
2025-09-02,1.6690883168149753,1.1596476096586128,1,1.0,5.0,0.0,1.4904835519188602,1.0
2025-09-03,1.6708803699585573,1.1608926906548669,1,1.0,5.0,0.0,1.4920838421538136,1.0
2025-09-04,1.6722267946778415,1.1618281583539536,1,1.0,5.0,0.0,1.4932861894938392,1.0
2025-09-05,1.6694467274436917,1.1598966258578638,1,1.0,5.0,0.0,1.490803609965851,1.0
2025-09-08,1.6669855502746354,1.158186651501031,1,1.0,5.0,0.0,1.488605796913132,1.0
2025-09-09,1.6658571700443041,1.1574026765467356,1,1.0,5.0,0.0,1.4875981616929486,1.0
2025-09-10,1.6626110327150172,1.1551473283086542,1,1.0,5.0,0.0,1.484699385008798,1.0
2025-09-11,1.6636917157133901,1.1558981642250266,1,1.0,5.0,0.0,1.4856644269527657,1.0
2025-09-12,1.6651049165574163,1.1568800265772055,1,1.0,5.0,0.0,1.486926404879493,1.0
2025-09-15,1.6659130439445982,1.1574414965625885,1,1.0,5.0,0.0,1.4876480566736583,1.0
2025-09-16,1.6673153425641767,1.158415784277528,1,1.0,5.0,0.0,1.4889002989943934,1.0
2025-09-17,1.6693268029747674,1.1598133048482282,1,1.0,5.0,0.0,1.4906965182999374,1.0
2025-09-18,1.6680553310485609,1.1589299127801638,1,1.0,5.0,0.0,1.4895611032511078,1.0
2025-09-19,1.6655573588719936,1.1571943740226474,1,1.0,5.0,0.0,1.4873304325281655,1.0
2025-09-22,1.6659416622837733,1.1574613799853424,1,1.0,5.0,0.0,1.4876736126393875,1.0
2025-09-23,1.6651430743429831,1.156906537807544,1,1.0,5.0,0.0,1.4869604795004654,1.0
2025-09-24,1.6624025276724559,1.1550024633714475,1,1.0,5.0,0.0,1.4845131915441987,1.0
2025-09-25,1.6619459970237107,1.1546852754370405,1,1.0,5.0,0.0,1.484105513043279,1.0
2025-09-26,1.6625197265852683,1.1550838907217729,1,1.0,5.0,0.0,1.484617849308614,1.0
2025-09-28,1.6634355134388705,1.1557201602498965,1,1.0,5.0,0.0,1.4854356402119513,1.0
2025-09-29,1.662891764994544,1.155342375217573,1,1.0,5.0,0.0,1.4849500768630948,1.0
2025-09-30,1.66486779317568,1.156715278217245,1,1.0,5.0,0.0,1.4867146554491646,1.0
2025-10-09,1.6667102691073323,1.157995391910732,1,1.0,5.0,0.0,1.4883599728618315,1.0
2025-10-10,1.6676219676267667,1.1586288209498907,1,1.0,5.0,0.0,1.4891741129129215,1.0
2025-10-11,1.6704061231950846,1.1605631939349457,1,1.0,5.0,0.0,1.4916603432931566,1.0
2025-10-13,1.6693649607603345,1.159839816078567,1,1.0,5.0,0.0,1.4907305929209103,1.0
2025-10-14,1.6689506762313238,1.1595519798634633,1,1.0,5.0,0.0,1.4903606398932099,1.0
2025-10-15,1.669472620226755,1.1599146156213074,1,1.0,5.0,0.0,1.490826732030082,1.0
2025-10-16,1.6691550929397172,1.1596940043117052,1,1.0,5.0,0.0,1.490543182505562,1.0
2025-10-17,1.6705860098984706,1.1606881754493985,1,1.0,5.0,0.0,1.4918209807920264,1.0
2025-10-20,1.6693935790995094,1.1598596995013208,1,1.0,5.0,0.0,1.4907561488866394,1.0
2025-10-21,1.6687816917523852,1.15943457298625,1,1.0,5.0,0.0,1.4902097380003325,1.0
2025-10-22,1.6693935790995094,1.1598596995013208,1,1.0,5.0,0.0,1.4907561488866394,1.0
2025-10-23,1.6689288717824284,1.1595368305889842,1,1.0,5.0,0.0,1.4903411686812258,1.0
2025-10-24,1.6676560370781657,1.1586524916912646,1,1.0,5.0,0.0,1.4892045366816467,1.0
2025-10-27,1.6675674565045286,1.1585909477636929,1,1.0,5.0,0.0,1.4891254348829608,1.0
2025-10-28,1.6715849262134863,1.1613822015864739,1,1.0,5.0,0.0,1.4927130056910536,1.0
2025-10-29,1.671320547270631,1.1611985166334142,1,1.0,5.0,0.0,1.4924769172457446,1.0
2025-10-30,1.6721477535505962,1.1617732422339666,1,1.0,5.0,0.0,1.4932156063503963,1.0
2025-10-31,1.6740692706094937,1.1631082720474406,1,1.0,5.0,0.0,1.4949315069065057,1.0
2025-11-03,1.6744372206846019,1.163363916054276,1,1.0,5.0,0.0,1.4952600836087393,1.0
2025-11-04,1.6742832267642789,1.1632569243032669,1,1.0,5.0,0.0,1.4951225681741005,1.0
2025-11-05,1.674963253014201,1.1637293923010852,1,1.0,5.0,0.0,1.4957298265978587,1.0
2025-11-06,1.6736645255268752,1.1628270636399216,1,1.0,5.0,0.0,1.4945700725340487,1.0
2025-11-07,1.67283050535663,1.1622476038910945,1,1.0,5.0,0.0,1.493825298675652,1.0
2025-11-10,1.6721341257700366,1.1617637739374174,1,1.0,5.0,0.0,1.4932034368429061,1.0
2025-11-11,1.6725075269573686,1.1620232052628725,1,1.0,5.0,0.0,1.493536881348136,1.0
2025-11-12,1.6727937103491193,1.162222039490411,1,1.0,5.0,0.0,1.4937924410054289,1.0
2025-11-13,1.672091879650302,1.1617344222181138,1,1.0,5.0,0.0,1.4931657113696868,1.0
2025-11-14,1.6720673496452947,1.1617173792843247,1,1.0,5.0,0.0,1.4931438062562044,1.0
2025-11-17,1.6721818230019951,1.1617969129753403,1,1.0,5.0,0.0,1.4932460301191215,1.0
2025-11-18,1.6723412680345418,1.1619076920449691,1,1.0,5.0,0.0,1.493388413356756,1.0
2025-11-19,1.6717103017946344,1.161469309914729,1,1.0,5.0,0.0,1.4928249651599628,1.0
2025-11-20,1.6717021251262987,1.1614636289367992,1,1.0,5.0,0.0,1.4928176634554688,1.0
2025-11-21,1.6719269835055313,1.1616198558298654,1,1.0,5.0,0.0,1.493018460329056,1.0
2025-11-24,1.6716408001137806,1.1614210216023266,1,1.0,5.0,0.0,1.492762900671763,1.0
2025-11-25,1.6712087994700424,1.1611208766017087,1,1.0,5.0,0.0,1.4923771272843258,1.0
2025-11-26,1.6692300457327947,1.1597460799427273,1,1.0,5.0,0.0,1.4906101147967576,1.0
2025-11-27,1.6679422204699164,1.1588513259188031,1,1.0,5.0,0.0,1.4894600963389393,1.0
2025-11-28,1.667489778155339,1.1585369784733612,1,1.0,5.0,0.0,1.489056068690267,1.0
2025-12-01,1.668138460509974,1.1589876693891155,1,1.0,5.0,0.0,1.4896353372467979,1.0
2025-12-02,1.6680580566046728,1.1589318064394736,1,1.0,5.0,0.0,1.489563537152606,1.0
2025-12-03,1.6675102198261784,1.1585511809181852,1,1.0,5.0,0.0,1.4890743229515022,1.0
2025-12-04,1.664623855903664,1.1565457957090095,1,1.0,5.0,0.0,1.486496821265091,1.0
2025-12-05,1.6653461282733204,1.157047615426131,1,1.0,5.0,0.0,1.4871418051620684,1.0
2025-12-08,1.665520563864483,1.157168809621964,1,1.0,5.0,0.0,1.4872975748579425,1.0
2025-12-09,1.666537196294226,1.1578751445445539,1,1.0,5.0,0.0,1.4882054201167063,1.0
2025-12-10,1.6662673662391467,1.1576876722728744,1,1.0,5.0,0.0,1.487964463868402,1.0
2025-12-11,1.6675701820606403,1.158592841423003,1,1.0,5.0,0.0,1.489127868784459,1.0
2025-12-12,1.667029159172426,1.1582169500499893,1,1.0,5.0,0.0,1.4886447393371003,1.0
2025-12-15,1.665205762133557,1.1569500919716713,1,1.0,5.0,0.0,1.4870164592349198,1.0
2025-12-16,1.6647165248114688,1.156610180125546,1,1.0,5.0,0.0,1.4865795739160241,1.0
2025-12-17,1.6660615867526973,1.1575447009949777,1,1.0,5.0,0.0,1.4877807043053006,1.0
2025-12-18,1.6669910013868592,1.158190438819651,1,1.0,5.0,0.0,1.4886106647161281,1.0
2025-12-19,1.6677582454323623,1.1587235039153854,1,1.0,5.0,0.0,1.489295807987823,1.0
2025-12-22,1.6672253992124837,1.1583532935203016,1,1.0,5.0,0.0,1.4888199802449584,1.0
2025-12-23,1.6675797215070323,1.1585994692305874,1,1.0,5.0,0.0,1.4891363874397023,1.0
2025-12-24,1.6685622844853762,1.1592821334118035,1,1.0,5.0,0.0,1.490013808929741,1.0
2025-12-25,1.6682420316422266,1.1590596284428913,1,1.0,5.0,0.0,1.4897278255037227,1.0
2025-12-26,1.6681493627344217,1.158995244026355,1,1.0,5.0,0.0,1.4896450728527897,1.0
2025-12-29,1.6651103676696402,1.1568838138958253,1,1.0,5.0,0.0,1.486931272682489,1.0
2025-12-30,1.664279073055507,1.1563062478063082,1,1.0,5.0,0.0,1.4861889327255906,1.0
2025-12-31,1.6644276158636064,1.1564094522386974,1,1.0,5.0,0.0,1.4863215803572332,1.0
2026-01-04,1.6652807149266347,1.1570021676026936,1,1.0,5.0,0.0,1.4870833915261157,1.0
2026-01-05,1.6642013947063177,1.1562522785159763,1,1.0,5.0,0.0,1.486119566532897,1.0
2026-01-06,1.6618669558964654,1.1546303593170537,1,1.0,5.0,0.0,1.4840349298998363,1.0
2026-01-07,1.6602520639001577,1.1535083661759427,1,1.0,5.0,0.0,1.482592843262255,1.0
2026-01-08,1.6615889491730502,1.1544372060674448,1,1.0,5.0,0.0,1.4837866719470374,1.0
2026-01-09,1.6621081676123695,1.154797948165979,1,1.0,5.0,0.0,1.4842503301824117,1.0
2026-01-12,1.6634872990049967,1.1557561397767846,1,1.0,5.0,0.0,1.4854818843404136,1.0
2026-01-13,1.664495754766404,1.1564567937214445,1,1.0,5.0,0.0,1.4863824278946836,1.0
2026-01-14,1.6655914283233926,1.1572180447640212,1,1.0,5.0,0.0,1.487360856296891,1.0
2026-01-15,1.6671586230877418,1.1583068988672092,1,1.0,5.0,0.0,1.4887603496582567,1.0
2026-01-16,1.667733715427355,1.1587064609815962,1,1.0,5.0,0.0,1.4892739028743407,1.0
2026-01-19,1.6687026506251397,1.1593796568662629,1,1.0,5.0,0.0,1.4901391548568892,1.0
2026-01-20,1.6692954590794804,1.1597915277661646,1,1.0,5.0,0.0,1.4906685284327104,1.0
2026-01-21,1.6698896303118773,1.160204345495721,1,1.0,5.0,0.0,1.4911991189592804,1.0
2026-01-22,1.6699822992196824,1.1602687299122576,1,1.0,5.0,0.0,1.4912818716102134,1.0
2026-01-23,1.6701117631349982,1.1603586787294773,1,1.0,5.0,0.0,1.4913974819313698,1.0
2026-01-26,1.670857202731606,1.1608765945507329,1,1.0,5.0,0.0,1.4920631539910805,1.0
2026-01-27,1.670921253300236,1.1609210955445153,1,1.0,5.0,0.0,1.492120350676284,1.0
2026-01-28,1.671565847320703,1.1613689459713046,1,1.0,5.0,0.0,1.4926959683805674,1.0
2026-01-29,1.6726056469773973,1.1620913769980283,1,1.0,5.0,0.0,1.4936245018020649,1.0
2026-01-30,1.6726247258701807,1.1621046326131979,1,1.0,5.0,0.0,1.493641539112551,1.0
2026-02-02,1.6730703542944783,1.1624142459103652,1,1.0,5.0,0.0,1.4940394820074787,1.0
2026-02-03,1.6718533934905098,1.1615687270284982,1,1.0,5.0,0.0,1.4929527449886093,1.0
2026-02-04,1.6720373685280636,1.161696549031916,1,1.0,5.0,0.0,1.493117033339726,1.0
2026-02-05,1.672432574164291,1.1619711296318505,1,1.0,5.0,0.0,1.4934699490569403,1.0
2026-02-06,1.6737299388735607,1.162872511463359,1,1.0,5.0,0.0,1.4946284861700012,1.0
2026-02-09,1.6742423434226001,1.1632285194136187,1,1.0,5.0,0.0,1.4950860596516304,1.0
2026-02-10,1.674685246290786,1.1635362390514763,1,1.0,5.0,0.0,1.4954815686450602,1.0
2026-02-11,1.675517903682975,1.1641147519706483,1,1.0,5.0,0.0,1.4962251255527075,1.0
2026-02-12,1.6764296022024094,1.1647481810098073,1,0.6,4.0,1.0,1.4970392656037976,1.0
2026-02-13,1.6768493378436438,1.1650398045435304,1,0.6,4.0,1.0,1.49729189323121,0.6
2026-02-14,1.6758422448602923,1.1643400974285254,1,0.6,4.0,1.0,1.4967595045357736,0.6
2026-02-24,1.6757713804013827,1.164290862286468,1,0.6,4.0,1.0,1.4967220428143082,0.6
2026-02-25,1.67480517075971,1.1636195600611114,1,0.6,4.0,1.0,1.4962112666504865,0.6
2026-02-26,1.672713306443818,1.1621661765407694,1,0.6,4.0,1.0,1.4951054254495457,0.6
2026-02-27,1.6727514642293846,1.1621926877711077,1,0.6,4.0,1.0,1.4951255971457194,0.6
2026-02-28,1.6744903690287842,1.1634008424108189,1,0.6,4.0,1.0,1.496044850157055,0.6
2026-03-02,1.6743936117868115,1.1633336175053177,1,0.6,4.0,1.0,1.4959937004989006,0.6
2026-03-03,1.6750300291389426,1.1637757869541774,1,0.6,4.0,1.0,1.496330135574366,0.6
2026-03-04,1.67499050857532,1.1637483288941841,1,0.6,4.0,1.0,1.496309243460472,0.6
2026-03-05,1.6759689832194964,1.1644281525864355,1,0.6,4.0,1.0,1.4968265033837782,0.6
2026-03-06,1.6755369825757584,1.1641280075858176,1,0.6,4.0,1.0,1.4965981309663854,0.6
2026-03-09,1.6731480326436676,1.162468215200697,1,0.6,4.0,1.0,1.4953352387023795,0.6
2026-03-10,1.6728182403541265,1.1622390824242002,1,0.6,4.0,1.0,1.495160897614023,0.6
2026-03-11,1.672451653057074,1.1619843852470195,1,0.6,4.0,1.0,1.494967105247213,0.6
2026-03-12,1.6720128385230566,1.161679506098127,1,0.6,4.0,1.0,1.4947351307412178,0.6
2026-03-13,1.6724162208276194,1.161959767675991,1,0.6,4.0,1.0,1.4949483743864804,0.6
2026-03-16,1.6707263760382343,1.1607856989038579,1,0.6,4.0,1.0,1.4940550564130821,0.6
2026-03-17,1.6707209249260104,1.160781911585238,1,0.6,4.0,1.0,1.4940521747422004,0.6
2026-03-18,1.6713968628417644,1.1612515390940914,1,0.6,4.0,1.0,1.4944095019315593,0.6
2026-03-19,1.6717825290316,1.161519491886441,1,0.6,4.0,1.0,1.494613380146456,0.6
2026-03-20,1.672241785236457,1.161838573480158,1,0.6,4.0,1.0,1.494856160918259,0.6
2026-03-23,1.671409127844268,1.161260060560986,1,0.6,4.0,1.0,1.494415985691044,0.6
2026-03-24,1.6716503395601723,1.1614276494099114,1,0.6,4.0,1.0,1.4945434996275693,0.6
2026-03-25,1.6720414568622317,1.161699389520881,1,0.6,4.0,1.0,1.494750259513348,0.6
2026-03-26,1.6722186180095058,1.1618224773760237,1,0.6,4.0,1.0,1.4948439138170104,0.6
2026-03-27,1.6728673003641408,1.1622731682917782,1,0.6,4.0,1.0,1.4951868326519602,0.6
2026-03-30,1.6738961977963875,1.1629880246812625,1,0.6,4.0,1.0,1.4957307480309248,0.6
2026-03-31,1.674310482325398,1.163275860896366,1,0.6,4.0,1.0,1.4959497550179512,0.6
2026-04-01,1.6735595916165664,1.1627541577564908,1,0.6,4.0,1.0,1.4955528048539652,0.6
2026-04-02,1.672619274757957,1.162100845294578,1,0.6,4.0,1.0,1.4950557166268326,0.6
2026-04-03,1.672925899820547,1.1623138819669407,1,0.6,4.0,1.0,1.495217810613941,0.6
2026-04-07,1.6733674399106766,1.1626206547751432,1,0.6,4.0,1.0,1.495451225955377,0.6
2026-04-08,1.6733088404542706,1.1625799410999809,1,0.6,4.0,1.0,1.4954202479933965,0.6
2026-04-09,1.6739534344747375,1.1630277915267702,1,0.6,4.0,1.0,1.4957610055751847,0.6
2026-04-10,1.6740174850433676,1.1630722925205526,1,0.6,4.0,1.0,1.4957948652080473,0.6
2026-04-13,1.6752726036329029,1.163944322632758,1,0.6,4.0,1.0,1.4964583699286116,0.6
2026-04-14,1.676440504426857,1.1647557556470467,1,0.6,4.0,1.0,1.4970757679150655,0.6
2026-04-15,1.67697198786868,1.1651250192124758,1,1.0,5.0,0.0,1.4973567308260534,0.6
2026-04-16,1.677551168542461,1.1655274218158276,1,1.0,5.0,0.0,1.4975407640214828,1.0
2026-04-17,1.678415169829937,1.1661277118170634,1,1.0,5.0,0.0,1.4983120532509413,1.0
2026-04-20,1.6794576950427431,1.1668520365030972,1,1.0,5.0,0.0,1.4992427098133005,1.0
2026-04-21,1.6795503639505482,1.1669164209196337,1,1.0,5.0,0.0,1.4993254348410658,1.0
2026-04-22,1.6811598048346321,1.1680346267421249,1,1.0,5.0,0.0,1.5007621739262242,1.0
2026-04-23,1.6805629080461235,1.1676199153532585,1,1.0,5.0,0.0,1.5002293274238538,1.0
2026-04-24,1.6793623005788263,1.166785758427251,1,1.0,5.0,0.0,1.4991575516964832,1.0
2026-04-27,1.6775934146621956,1.165556773535131,1,1.0,5.0,0.0,1.4975784769017877,1.0
2026-04-28,1.6777242413555675,1.165647669182006,1,1.0,5.0,0.0,1.4976952651762798,1.0
2026-04-29,1.6793432216860429,1.1667725028120817,1,1.0,5.0,0.0,1.4991405200731198,1.0
2026-04-30,1.6792396505537903,1.166700543758306,1,1.0,5.0,0.0,1.499048062689147,1.0
2026-05-06,1.6782311947923831,1.1659998898136457,1,1.0,5.0,0.0,1.4981478197399367,1.0
2026-05-07,1.6779000397247859,1.165769810207494,1,1.0,5.0,0.0,1.4978521994201288,1.0
2026-05-08,1.678537819854973,1.1662129264860086,1,1.0,5.0,0.0,1.4984215422582774,1.0
2026-05-09,1.6785432709671968,1.1662167138046284,1,1.0,5.0,0.0,1.4984264084363814,1.0
2026-05-11,1.678600507645547,1.166256480650136,1,1.0,5.0,0.0,1.498477503306472,1.0
2026-05-12,1.6795312850577648,1.1669031653044644,1,1.0,5.0,0.0,1.4993084032177024,1.0
2026-05-13,1.6798760679059217,1.167142713207166,1,1.0,5.0,0.0,1.4996161889827702,1.0
2026-05-14,1.6802889896568762,1.1674296025926143,1,1.0,5.0,0.0,1.4999848019741358,1.0
2026-05-15,1.679833821786187,1.1671133614878624,1,1.0,5.0,0.0,1.4995784761024655,1.0
2026-05-18,1.6799959923748458,1.1672260342168008,1,1.0,5.0,0.0,1.4997232449010547,1.0
2026-05-19,1.6814459882263828,1.1682334609696636,1,1.0,5.0,0.0,1.501017648276676,1.0
2026-05-20,1.682308626735803,1.1688328041412444,1,1.0,5.0,0.0,1.5017877209616084,1.0
2026-05-21,1.682458532321958,1.1689369554032882,1,1.0,5.0,0.0,1.501921540859464,1.0
2026-05-22,1.6815986193686498,1.1683395058910178,1,1.0,5.0,0.0,1.5011539012635835,1.0
2026-05-25,1.6815672754733628,1.1683177288089537,1,1.0,5.0,0.0,1.501125920739486,1.0
2026-05-26,1.6821737117082634,1.1687390680054048,1,1.0,5.0,0.0,1.5016672830535382,1.0
2026-05-27,1.683934420956558,1.1699623719195948,1,1.0,5.0,0.0,1.5032390585810784,1.0
2026-05-28,1.6854116723692143,1.1709887352655566,1,1.0,5.0,0.0,1.504557792847219,1.0
2026-05-29,1.6857646318857067,1.1712339641461875,1,1.0,5.0,0.0,1.5048728778794425,1.0
2026-06-01,1.6874422116725885,1.1723995114514263,1,1.0,5.0,0.0,1.5063704441908992,1.0
2026-06-02,1.6878060734135285,1.1726523149692967,1,1.0,5.0,0.0,1.50669526157933,1.0
2026-06-03,1.6878183384160323,1.1726608364361912,1,1.0,5.0,0.0,1.506706210480064,1.0
2026-06-04,1.687402691108966,1.1723720533914326,1,1.0,5.0,0.0,1.5063351643996463,1.0
2026-06-05,1.6876629817176534,1.1725528978555273,1,1.0,5.0,0.0,1.5065675244041046,1.0
2026-06-08,1.6862661342102985,1.1715823974592077,1,1.0,5.0,0.0,1.5053205662649956,1.0
2026-06-09,1.6853203662394654,1.170925297678675,1,1.0,5.0,0.0,1.5044762843639798,1.0
2026-06-10,1.68356647088145,1.1697067279127595,1,1.0,5.0,0.0,1.5029105915590693,1.0
2026-06-11,1.6822936361771872,1.16882238901504,1,1.0,5.0,0.0,1.5017743389718228,1.0
2026-06-12,1.6821042100274095,1.1686907796930026,1,1.0,5.0,0.0,1.5016052392827146,1.0
2026-06-15,1.682334519518866,1.1688507939046884,1,1.0,5.0,0.0,1.5018108353076016,1.0
2026-06-16,1.683353877504721,1.169559022486588,1,1.0,5.0,0.0,1.5027208106130197,1.0
2026-06-17,1.684497248293668,1.1703534125670876,1,0.6,4.0,1.0,1.5037414914703,1.0
2026-06-18,1.6851909023241496,1.1708353488614553,1,0.6,4.0,1.0,1.504249611417468,0.6
2026-06-22,1.6850260061793787,1.1707207824732069,1,0.6,4.0,1.0,1.5041567658708872,0.6
2026-06-23,1.684615809984536,1.170435786747068,1,0.6,4.0,1.0,1.5039258029822853,0.6
2026-06-24,1.6842655760241554,1.1701924515257467,1,0.6,4.0,1.0,1.5037286021106218,0.6
2026-06-25,1.6848638355907202,1.1706081097442682,1,0.6,4.0,1.0,1.5040654549614398,0.6
2026-06-26,1.6855016157209073,1.171051226022783,1,0.6,4.0,1.0,1.5044245600506945,0.6
2026-06-29,1.6871546655027818,1.1721997303942326,1,0.6,4.0,1.0,1.5053553174722032,0.6
2026-06-30,1.6870524571485852,1.1721287181701117,1,0.6,4.0,1.0,1.5052977685796944,0.6
2026-07-01,1.6850668895210574,1.1707491873628553,1,0.6,4.0,1.0,1.5041797854278909,0.6
2026-07-02,1.6847875200195865,1.1705550872835913,1,0.2,3.0,2.0,1.5040224851217001,0.6
2026-07-03,1.6849210722690702,1.170647876589776,1,0.2,3.0,2.0,1.503970586184396,0.2
2026-07-06,1.6856474329728945,1.1711525367958622,1,0.2,3.0,2.0,1.5041056145222378,0.2
2026-07-07,1.6860249224943944,1.1714148086102822,1,0.2,3.0,2.0,1.5041757887240808,0.2
2026-07-08,1.6859690485941001,1.1713759885944293,1,0.2,3.0,2.0,1.504165401928862,0.2
2026-07-09,1.686841226549912,1.171981959573595,1,0.2,3.0,2.0,1.5043275372688603,0.2
2026-07-10,1.6865427781556577,1.1717746038791619,1,0.2,3.0,2.0,1.5042720565822045,0.2
2026-07-13,1.6866368098415185,1.171839935125353,1,0.2,3.0,2.0,1.5042895367985483,0.2
2026-07-14,1.6860426386091218,1.1714271173957966,1,0.2,3.0,2.0,1.5041790820981746,0.2
2026-07-15,1.6867403809737713,1.1719118941791289,1,0.2,3.0,2.0,1.5043087903701728,0.2
2026-07-16,1.6865645826045528,1.1717897531536408,1,0.2,3.0,2.0,1.5042761099657047,0.2
2026-07-17,1.686401049237838,1.1716761335950474,1,0.2,3.0,2.0,1.5042457095894552,0.2
2026-07-20,1.6866817815173651,1.171871180503966,1,0.2,3.0,2.0,1.5042978969020169,0.2
2026-07-21,1.6864432953575728,1.1717054853143507,1,0.2,3.0,2.0,1.504253563019986,0.2
2026-07-22,1.6877188556179474,1.17259171787138,1,0.2,3.0,2.0,1.5044906859547333,0.2
2026-07-23,1.6886046613543189,1.1732071571470952,1,0.2,3.0,2.0,1.5046553546594192,0.2
2026-07-24,1.6881522190397416,1.172892809701653,1,0.2,3.0,2.0,1.504571246951795,0.2
2026-07-27,1.6886223774690463,1.1732194659326096,1,0.2,3.0,2.0,1.5046586480335127,0.2
2026-07-28,1.6884097840923171,1.1730717605064378,1,0.2,3.0,2.0,1.504619127544388,0.2
2026-07-29,1.6884275002070446,1.1730840692919522,1,0.2,3.0,2.0,1.504622420918482,0.2
2026-07-30,1.689280599270073,1.1736767846559484,1,0.2,3.0,2.0,1.5047810095479173,0.2
2026-07-31,1.6904117050565164,1.1744626532695535,1,0.2,3.0,2.0,1.5049912788169775,0.2
2026-08-03,1.6913002363489995,1.1750799862045784,1,0.2,3.0,2.0,1.5051564541946003,0.2
2026-08-04,1.6911039963089418,1.174943642734266,1,0.2,3.0,2.0,1.505119973743101,0.2
2026-08-05,1.6917267858805136,1.1753763438865765,1,0.2,3.0,2.0,1.5052357485093182,0.2
2026-08-06,1.6913901797006925,1.1751424769618048,1,0.2,3.0,2.0,1.5051731744015375,0.2
2026-08-07,1.6914855741646095,1.175208755037651,1,0.2,3.0,2.0,1.5051909079543502,0.2
2026-08-10,1.69220648375621,1.1757096279251174,1,0.2,3.0,2.0,1.5053249229463173,0.2
2026-08-11,1.6923890960157082,1.1758365030988802,1,0.2,3.0,2.0,1.5053588700331293,0.2
2026-08-12,1.6917104325438421,1.1753649819307173,1,0.2,3.0,2.0,1.5052327084716932,0.2
2026-08-13,1.692729790529697,1.1760732105126166,1,0.2,3.0,2.0,1.505422204150316,0.2
2026-08-14,1.693716441842209,1.1767587151827978,1,0.2,3.0,2.0,1.505605619753689,0.2
2026-08-17,1.6947030931547211,1.1774442198529786,1,0.2,3.0,2.0,1.5057890353570618,0.2
2026-08-18,1.695203232701257,1.177791706336344,1,0.2,3.0,2.0,1.5058820098410919,0.2
2026-08-19,1.6953981099632587,1.177927102977001,1,0.2,3.0,2.0,1.5059182369561228,0.2
2026-08-20,1.6946104242469162,1.1773798354364422,1,0.2,3.0,2.0,1.5057718084771872,0.2
2026-08-21,1.6942097674984653,1.1771014675178881,1,0.2,3.0,2.0,1.5056973275553756,0.2
2026-08-24,1.6953027154993416,1.1778608249011548,1,0.2,3.0,2.0,1.5059005034033106,0.2
2026-08-25,1.6949947276586956,1.177646841399137,1,0.2,3.0,2.0,1.5058432493613736,0.2
2026-08-26,1.6940803035831493,1.1770115187006682,1,0.2,3.0,2.0,1.5056732605908443,0.2
2026-08-27,1.692611228838829,1.1759908363326363,1,0.2,3.0,2.0,1.5054001638775352,0.2
2026-08-28,1.6928701566694606,1.1761707339670762,1,0.2,3.0,2.0,1.505448297806597,0.2
2026-08-31,1.6932789900862473,1.17645478286356,1,0.2,3.0,2.0,1.505524298747221,0.2
2026-09-01,1.6941034708101006,1.1770276148048024,1,0.2,3.0,2.0,1.5056775673108131,0.2
2026-09-02,1.6938186501964059,1.1768297274069186,1,0.2,3.0,2.0,1.505624619988845,0.2
2026-09-03,1.694831194291981,1.1775332218405437,1,0.2,3.0,2.0,1.5058128489851241,0.2
2026-09-04,1.6946772003716581,1.1774262300895348,1,0.2,3.0,2.0,1.5057842219641557,0.2
2026-09-07,1.694956569873129,1.1776203301687986,1,0.2,3.0,2.0,1.5058361559402489,0.2
2026-09-08,1.6945395597880064,1.177330600294385,1,0.2,3.0,2.0,1.505758634980812,0.2
2026-09-09,1.6947521531647356,1.1774783057205567,1,0.2,3.0,2.0,1.5057981554699367,0.2
2026-09-10,1.6946622098130424,1.1774158149633303,1,0.2,3.0,2.0,1.5057814352629992,0.2
2026-09-11,1.6938363663111333,1.176842036192433,1,0.2,3.0,2.0,1.5056279133629387,0.2
2026-09-14,1.693998536899792,1.1769547089213714,1,0.2,3.0,2.0,1.5056580604027197,0.2
2026-09-15,1.694525932007447,1.1773211319978358,1,0.2,3.0,2.0,1.5057561016161247,0.2
2026-09-16,1.694956569873129,1.1776203301687986,1,0.2,3.0,2.0,1.5058361559402489,0.2
